{"type": "FeatureCollection", "features": [{"type": "Feature", "properties": {"taluk": "Denkanikottai", "district": "Krishnagiri", "state": "Tamil Nadu"}, "geometry": {"type": "Polygon", "coordinates": [[[77.75821, 12.69714], [77.75995, 12.69698], [77.76033, 12.69699], [77.76078, 12.697], [77.7608, 12.697], [77.7608, 12.69701], [77.76085, 12.69701], [77.76085, 12.69701], [77.76112, 12.6962], [77.76177, 12.69489], [77.76255, 12.69363], [77.76316, 12.69334], [77.76553, 12.69242], [77.76732, 12.69195], [77.76746, 12.69062], [77.76766, 12.68811], [77.7677, 12.68679], [77.76767, 12.68488], [77.76754, 12.68259], [77.76754, 12.68194], [77.7673, 12.67988], [77.7673, 12.67987], [77.76715, 12.67899], [77.76712, 12.67879], [77.76807, 12.67854], [77.76958, 12.67822], [77.7725, 12.678], [77.77245, 12.67449], [77.7726, 12.67381], [77.77292, 12.67189], [77.77299, 12.67017], [77.77317, 12.6699], [77.77351, 12.66977], [77.77393, 12.66999], [77.77413, 12.67023], [77.77469, 12.67131], [77.77669, 12.67109], [77.77787, 12.6709], [77.77794, 12.67089], [77.77794, 12.67087], [77.77742, 12.66857], [77.77735, 12.66765], [77.77755, 12.66635], [77.77768, 12.66593], [77.77793, 12.66579], [77.77832, 12.66573], [77.77896, 12.6656], [77.77906, 12.6654], [77.7793, 12.66463], [77.7795, 12.66396], [77.78021, 12.66328], [77.78064, 12.66265], [77.78056, 12.66221], [77.78025, 12.66174], [77.77954, 12.66101], [77.77928, 12.6607], [77.77918, 12.66028], [77.77924, 12.65981], [77.77953, 12.65897], [77.78076, 12.65653], [77.78114, 12.65539], [77.78118, 12.65494], [77.78106, 12.65475], [77.78105, 12.65473], [77.78104, 12.65473], [77.78102, 12.6547], [77.78043, 12.6542], [77.77993, 12.65406], [77.77987, 12.65405], [77.77983, 12.65403], [77.7798, 12.65403], [77.77906, 12.65388], [77.77783, 12.65371], [77.77704, 12.65365], [77.77671, 12.65349], [77.77647, 12.65323], [77.77568, 12.65205], [77.77536, 12.65137], [77.77486, 12.6502], [77.77443, 12.64918], [77.77381, 12.64862], [77.77287, 12.64785], [77.77249, 12.64754], [77.77186, 12.64695], [77.77086, 12.64577], [77.77034, 12.64531], [77.76997, 12.64521], [77.76997, 12.64521], [77.76991, 12.64519], [77.76986, 12.64518], [77.7698, 12.64516], [77.76975, 12.64515], [77.7697, 12.64513], [77.76964, 12.64512], [77.76959, 12.6451], [77.76953, 12.64509], [77.76948, 12.64507], [77.76943, 12.64506], [77.76937, 12.64504], [77.76932, 12.64503], [77.76926, 12.64501], [77.76921, 12.645], [77.76916, 12.64498], [77.7691, 12.64497], [77.76905, 12.64495], [77.76899, 12.64494], [77.76894, 12.64493], [77.76889, 12.64491], [77.76883, 12.6449], [77.76878, 12.64488], [77.76872, 12.64487], [77.76867, 12.64485], [77.76862, 12.64484], [77.76856, 12.64482], [77.76851, 12.64481], [77.76846, 12.64479], [77.7684, 12.64478], [77.76835, 12.64476], [77.76829, 12.64475], [77.76824, 12.64473], [77.76819, 12.64472], [77.76813, 12.6447], [77.76808, 12.64469], [77.76802, 12.64467], [77.76797, 12.64466], [77.76792, 12.64464], [77.76791, 12.64464], [77.76766, 12.64458], [77.76398, 12.64394], [77.76366, 12.64388], [77.7636, 12.64387], [77.76355, 12.64386], [77.76349, 12.64385], [77.76343, 12.64384], [77.76338, 12.64383], [77.76332, 12.64383], [77.76327, 12.64382], [77.76321, 12.64381], [77.76315, 12.6438], [77.7631, 12.64379], [77.76304, 12.64378], [77.76299, 12.64377], [77.76293, 12.64376], [77.76288, 12.64375], [77.76282, 12.64374], [77.76276, 12.64373], [77.76271, 12.64372], [77.76265, 12.64371], [77.7626, 12.6437], [77.76254, 12.64369], [77.76248, 12.64368], [77.76243, 12.64367], [77.76237, 12.64366], [77.76232, 12.64366], [77.76226, 12.64365], [77.76221, 12.64364], [77.76215, 12.64363], [77.76209, 12.64362], [77.76204, 12.64361], [77.76198, 12.6436], [77.76193, 12.64359], [77.76187, 12.64358], [77.76181, 12.64357], [77.76176, 12.64356], [77.7617, 12.64355], [77.76165, 12.64354], [77.76159, 12.64353], [77.76153, 12.64352], [77.76148, 12.64352], [77.76142, 12.64351], [77.76137, 12.6435], [77.76131, 12.64349], [77.76126, 12.64348], [77.7612, 12.64347], [77.76114, 12.64346], [77.76109, 12.64345], [77.76103, 12.64344], [77.76098, 12.64343], [77.76092, 12.64342], [77.76086, 12.64341], [77.76081, 12.6434], [77.76075, 12.6434], [77.7607, 12.64339], [77.76064, 12.64338], [77.76058, 12.64337], [77.76053, 12.64336], [77.76047, 12.64335], [77.76042, 12.64334], [77.76036, 12.64333], [77.7565, 12.64207], [77.75641, 12.64198], [77.7564, 12.64193], [77.7564, 12.64192], [77.7564, 12.64192], [77.75631, 12.64164], [77.75619, 12.64069], [77.75591, 12.63802], [77.75591, 12.63716], [77.7571, 12.63692], [77.75719, 12.63452], [77.75731, 12.63348], [77.75754, 12.63323], [77.75822, 12.63299], [77.75959, 12.63282], [77.76204, 12.63293], [77.76232, 12.63193], [77.76387, 12.63189], [77.76397, 12.63082], [77.76514, 12.6307], [77.76519, 12.63021], [77.76511, 12.62681], [77.76498, 12.62541], [77.76448, 12.62273], [77.764, 12.62105], [77.76374, 12.62011], [77.76377, 12.61898], [77.76377, 12.61892], [77.76378, 12.61869], [77.76432, 12.61617], [77.76455, 12.61507], [77.76477, 12.61465], [77.76599, 12.61407], [77.76648, 12.61379], [77.76599, 12.6123], [77.76582, 12.6116], [77.76741, 12.61053], [77.76851, 12.60976], [77.76955, 12.60921], [77.76981, 12.60902], [77.76965, 12.60834], [77.76973, 12.60774], [77.77148, 12.60671], [77.77225, 12.60626], [77.77245, 12.60611], [77.77245, 12.60604], [77.77245, 12.60603], [77.77252, 12.60524], [77.77238, 12.60432], [77.77235, 12.6037], [77.77308, 12.60336], [77.77339, 12.60323], [77.77307, 12.60195], [77.77291, 12.60136], [77.77261, 12.60029], [77.77212, 12.60029], [77.77171, 12.59976], [77.77138, 12.59937], [77.77046, 12.59937], [77.76976, 12.5994], [77.76942, 12.59757], [77.76907, 12.5956], [77.76903, 12.5953], [77.76838, 12.59528], [77.7679, 12.59517], [77.76774, 12.59453], [77.76758, 12.59306], [77.76746, 12.59128], [77.76606, 12.59187], [77.76456, 12.59269], [77.76398, 12.59301], [77.76354, 12.5935], [77.76331, 12.59414], [77.76313, 12.59534], [77.76279, 12.59542], [77.7626, 12.59547], [77.76174, 12.59576], [77.76115, 12.59597], [77.76112, 12.59463], [77.7609, 12.59349], [77.76016, 12.59066], [77.75962, 12.58889], [77.75895, 12.58713], [77.75804, 12.58576], [77.75758, 12.58468], [77.75659, 12.5833], [77.75669, 12.58256], [77.75692, 12.58202], [77.75697, 12.58139], [77.75709, 12.58072], [77.75702, 12.58045], [77.75699, 12.58033], [77.75683, 12.57963], [77.75673, 12.57909], [77.75684, 12.57869], [77.75732, 12.57819], [77.75791, 12.57753], [77.75837, 12.57682], [77.75851, 12.57674], [77.75856, 12.57671], [77.75885, 12.57655], [77.75946, 12.57657], [77.7596, 12.57707], [77.75968, 12.57779], [77.76006, 12.57815], [77.76302, 12.5778], [77.76361, 12.57751], [77.76485, 12.5783], [77.76645, 12.57898], [77.76698, 12.57913], [77.76746, 12.57941], [77.76785, 12.58122], [77.76803, 12.58228], [77.76782, 12.58417], [77.76818, 12.58769], [77.76821, 12.58828], [77.77017, 12.58775], [77.77081, 12.58757], [77.77257, 12.58749], [77.77473, 12.58764], [77.77589, 12.5877], [77.77775, 12.58778], [77.77813, 12.58902], [77.77826, 12.59019], [77.77835, 12.59094], [77.77842, 12.59185], [77.77862, 12.59318], [77.77866, 12.59357], [77.77938, 12.59379], [77.78107, 12.59421], [77.78168, 12.59435], [77.78325, 12.59495], [77.7839, 12.59486], [77.78587, 12.5942], [77.78772, 12.59324], [77.78933, 12.5919], [77.79037, 12.59084], [77.79136, 12.58952], [77.79142, 12.58943], [77.79185, 12.58886], [77.7923, 12.58795], [77.79276, 12.58701], [77.79318, 12.58641], [77.79389, 12.58617], [77.79503, 12.58634], [77.79539, 12.58648], [77.79569, 12.58701], [77.79541, 12.58863], [77.79493, 12.59061], [77.79473, 12.59181], [77.79488, 12.59236], [77.79602, 12.59317], [77.79661, 12.59369], [77.79782, 12.5952], [77.7987, 12.59662], [77.7987, 12.59732], [77.79857, 12.59858], [77.79882, 12.59999], [77.799, 12.60061], [77.79995, 12.6018], [77.80041, 12.6035], [77.80068, 12.6044], [77.80104, 12.6056], [77.80122, 12.60678], [77.80282, 12.60628], [77.8031, 12.60625], [77.80317, 12.60624], [77.80439, 12.60612], [77.80586, 12.60639], [77.80754, 12.60727], [77.8076, 12.60733], [77.80784, 12.6076], [77.80748, 12.60824], [77.80718, 12.60937], [77.80718, 12.60999], [77.80774, 12.61104], [77.80875, 12.61245], [77.80952, 12.61321], [77.81027, 12.61353], [77.81206, 12.61363], [77.81305, 12.61384], [77.81362, 12.61408], [77.81413, 12.61431], [77.81712, 12.61394], [77.81779, 12.61385], [77.81862, 12.61374], [77.81847, 12.61499], [77.81834, 12.61945], [77.81812, 12.62152], [77.81799, 12.62235], [77.81783, 12.62292], [77.8171, 12.62405], [77.81636, 12.62515], [77.81569, 12.6247], [77.81518, 12.62436], [77.81489, 12.62419], [77.81347, 12.62512], [77.81206, 12.62643], [77.81117, 12.62737], [77.81081, 12.62773], [77.81036, 12.62823], [77.81009, 12.62865], [77.81118, 12.62956], [77.81319, 12.62867], [77.81343, 12.62903], [77.81363, 12.62932], [77.81364, 12.62933], [77.81372, 12.62944], [77.81458, 12.63076], [77.81509, 12.63148], [77.81566, 12.63238], [77.81634, 12.63334], [77.8169, 12.63407], [77.81718, 12.6341], [77.81769, 12.63402], [77.81814, 12.63398], [77.81831, 12.63435], [77.81854, 12.63555], [77.8185, 12.63621], [77.8185, 12.63622], [77.81818, 12.64031], [77.81818, 12.6404], [77.81818, 12.6404], [77.81817, 12.64045], [77.81817, 12.64051], [77.81816, 12.64056], [77.81816, 12.64061], [77.81815, 12.64067], [77.81815, 12.64072], [77.81814, 12.64078], [77.81814, 12.64083], [77.81813, 12.64089], [77.81813, 12.64094], [77.81812, 12.64099], [77.81812, 12.64105], [77.81811, 12.6411], [77.81811, 12.64116], [77.8181, 12.64121], [77.8181, 12.64127], [77.81809, 12.64132], [77.81808, 12.64137], [77.81808, 12.64143], [77.81807, 12.64148], [77.81807, 12.64154], [77.81806, 12.64159], [77.81806, 12.64165], [77.81805, 12.6417], [77.81805, 12.64175], [77.81804, 12.64181], [77.81804, 12.64186], [77.81803, 12.64192], [77.81803, 12.64197], [77.81802, 12.64203], [77.81802, 12.64208], [77.81801, 12.64213], [77.81801, 12.64219], [77.818, 12.64224], [77.818, 12.6423], [77.81799, 12.64235], [77.81799, 12.6424], [77.81798, 12.64246], [77.81797, 12.64251], [77.81797, 12.64257], [77.81796, 12.64262], [77.81796, 12.64268], [77.81795, 12.64273], [77.81795, 12.64278], [77.81794, 12.64284], [77.81794, 12.64284], [77.81794, 12.64289], [77.81794, 12.64289], [77.81793, 12.64295], [77.81793, 12.64295], [77.81793, 12.643], [77.81793, 12.643], [77.81792, 12.64306], [77.81792, 12.64306], [77.81792, 12.64311], [77.81792, 12.64311], [77.81791, 12.64316], [77.81791, 12.64316], [77.8179, 12.64322], [77.8179, 12.64322], [77.8179, 12.64327], [77.8179, 12.64327], [77.81789, 12.64333], [77.81789, 12.64333], [77.81789, 12.64338], [77.81789, 12.64338], [77.81788, 12.64343], [77.81788, 12.64343], [77.81788, 12.64349], [77.81788, 12.64349], [77.81787, 12.64354], [77.81787, 12.64354], [77.81787, 12.6436], [77.81787, 12.6436], [77.81786, 12.64365], [77.81786, 12.64365], [77.81786, 12.64371], [77.81786, 12.64371], [77.81785, 12.64376], [77.81785, 12.64376], [77.81784, 12.64381], [77.81784, 12.64381], [77.81784, 12.64387], [77.81784, 12.64387], [77.81783, 12.64392], [77.81783, 12.64392], [77.81783, 12.64398], [77.81783, 12.64398], [77.81782, 12.64403], [77.81782, 12.64403], [77.81782, 12.64409], [77.81782, 12.64409], [77.8178, 12.6442], [77.81771, 12.64505], [77.81748, 12.64676], [77.81739, 12.64749], [77.81729, 12.64883], [77.81729, 12.64887], [77.81731, 12.64886], [77.81902, 12.64856], [77.8202, 12.64832], [77.82123, 12.64827], [77.82179, 12.64831], [77.82307, 12.64839], [77.82363, 12.64839], [77.82446, 12.64863], [77.82493, 12.64888], [77.82559, 12.64904], [77.82579, 12.64907], [77.82629, 12.64897], [77.82698, 12.64876], [77.827, 12.64876], [77.827, 12.64876], [77.827, 12.64876], [77.82702, 12.64878], [77.82826, 12.65012], [77.82869, 12.65062], [77.82979, 12.65185], [77.83042, 12.65182], [77.8321, 12.65156], [77.83234, 12.65211], [77.83235, 12.65214], [77.83237, 12.65218], [77.83249, 12.6525], [77.83328, 12.65501], [77.83363, 12.65601], [77.83421, 12.65753], [77.83491, 12.65932], [77.83516, 12.65999], [77.8353, 12.66038], [77.83532, 12.66042], [77.83534, 12.66047], [77.83535, 12.66051], [77.83537, 12.66056], [77.83539, 12.66061], [77.8354, 12.66065], [77.83542, 12.6607], [77.83542, 12.6607], [77.8365, 12.66363], [77.8377, 12.66332], [77.83827, 12.66385], [77.83818, 12.66533], [77.83984, 12.66578], [77.83984, 12.66642], [77.83975, 12.66705], [77.83988, 12.66796], [77.84246, 12.66731], [77.84397, 12.66688], [77.84479, 12.66665], [77.84537, 12.66652], [77.84569, 12.66647], [77.84603, 12.66644], [77.84634, 12.66647], [77.84662, 12.66658], [77.84695, 12.66683], [77.84757, 12.66791], [77.84815, 12.66917], [77.84833, 12.66979], [77.84836, 12.67037], [77.84828, 12.67151], [77.84821, 12.67234], [77.84816, 12.67276], [77.84822, 12.67322], [77.84839, 12.67339], [77.84852, 12.67345], [77.84854, 12.67346], [77.8493, 12.67382], [77.85072, 12.67429], [77.85151, 12.67473], [77.85184, 12.67505], [77.85253, 12.6759], [77.85289, 12.67637], [77.85309, 12.67658], [77.85326, 12.67665], [77.85351, 12.67659], [77.85378, 12.67644], [77.85423, 12.67592], [77.85503, 12.67422], [77.85556, 12.67263], [77.85589, 12.67159], [77.85644, 12.66996], [77.85661, 12.66945], [77.85663, 12.6694], [77.85664, 12.66936], [77.85666, 12.66931], [77.85667, 12.66927], [77.85669, 12.66922], [77.8567, 12.66917], [77.85672, 12.66913], [77.85672, 12.66913], [77.85693, 12.66851], [77.85705, 12.66829], [77.85718, 12.6681], [77.85774, 12.66765], [77.85877, 12.66701], [77.8599, 12.66614], [77.86091, 12.66566], [77.86164, 12.66546], [77.86172, 12.66544], [77.8618, 12.66543], [77.86193, 12.6654], [77.86299, 12.6653], [77.86352, 12.66515], [77.86486, 12.66482], [77.86668, 12.66452], [77.86873, 12.66463], [77.86924, 12.66451], [77.86915, 12.66378], [77.87033, 12.66336], [77.87254, 12.66259], [77.87369, 12.6622], [77.87425, 12.66197], [77.87551, 12.66178], [77.87541, 12.66126], [77.87539, 12.66116], [77.87526, 12.66044], [77.87501, 12.65919], [77.87472, 12.65805], [77.87456, 12.65732], [77.87456, 12.65731], [77.87456, 12.65731], [77.87455, 12.65726], [77.87455, 12.65725], [77.87454, 12.65721], [77.87454, 12.6572], [77.87453, 12.65715], [77.87453, 12.65715], [77.87451, 12.6571], [77.87451, 12.65709], [77.8745, 12.65704], [77.8745, 12.65704], [77.87449, 12.65699], [77.87449, 12.65699], [77.87448, 12.65693], [77.87447, 12.65688], [77.87446, 12.65683], [77.87446, 12.65682], [77.87444, 12.65677], [77.87444, 12.65677], [77.87443, 12.65672], [77.87443, 12.65672], [77.87442, 12.65667], [77.87442, 12.65666], [77.87441, 12.65661], [77.87441, 12.65661], [77.8744, 12.65656], [77.8744, 12.65655], [77.87439, 12.6565], [77.87438, 12.6565], [77.87422, 12.65573], [77.87398, 12.65476], [77.87331, 12.6544], [77.87293, 12.65392], [77.87284, 12.65309], [77.87273, 12.65273], [77.87205, 12.65188], [77.8711, 12.65071], [77.87022, 12.64965], [77.87016, 12.64949], [77.87014, 12.64935], [77.87015, 12.64926], [77.87024, 12.64911], [77.87054, 12.64884], [77.87106, 12.64844], [77.87158, 12.64802], [77.87258, 12.64729], [77.87407, 12.6461], [77.87476, 12.64542], [77.87554, 12.64474], [77.87646, 12.64392], [77.87699, 12.64341], [77.8775, 12.64292], [77.87514, 12.6424], [77.87339, 12.64203], [77.87237, 12.6418], [77.87224, 12.64173], [77.87209, 12.64161], [77.8719, 12.64139], [77.87178, 12.64106], [77.8716, 12.63981], [77.87156, 12.63923], [77.87153, 12.63909], [77.87147, 12.63897], [77.87137, 12.63885], [77.87108, 12.63866], [77.87064, 12.63862], [77.86924, 12.63866], [77.86832, 12.63861], [77.86745, 12.63757], [77.86688, 12.63651], [77.86509, 12.63651], [77.86394, 12.63645], [77.86386, 12.63578], [77.86346, 12.63475], [77.86327, 12.63426], [77.86308, 12.63377], [77.86273, 12.63273], [77.8627, 12.63171], [77.86267, 12.63068], [77.86262, 12.62988], [77.86257, 12.62909], [77.8624, 12.6287], [77.86224, 12.62831], [77.86191, 12.62762], [77.86179, 12.62736], [77.86153, 12.62667], [77.86125, 12.62552], [77.86161, 12.62505], [77.86168, 12.62446], [77.86191, 12.62403], [77.86162, 12.6235], [77.86158, 12.62282], [77.86245, 12.62172], [77.86263, 12.62113], [77.86303, 12.62082], [77.86321, 12.6203], [77.86389, 12.62011], [77.8642, 12.6197], [77.86457, 12.61902], [77.86885, 12.61871], [77.87199, 12.61852], [77.87259, 12.61849], [77.87374, 12.61799], [77.87533, 12.61742], [77.87786, 12.61642], [77.87824, 12.61622], [77.87877, 12.61609], [77.87976, 12.61417], [77.8807, 12.61271], [77.88152, 12.61142], [77.88412, 12.60965], [77.88679, 12.60825], [77.88938, 12.60741], [77.89149, 12.60684], [77.89444, 12.60629], [77.89757, 12.60517], [77.90078, 12.60421], [77.90178, 12.60391], [77.9018, 12.6039], [77.90241, 12.60371], [77.90347, 12.60384], [77.90508, 12.60412], [77.9059, 12.6048], [77.9072, 12.60619], [77.90882, 12.60783], [77.90926, 12.60792], [77.91032, 12.60626], [77.91107, 12.60527], [77.91335, 12.60321], [77.91447, 12.60226], [77.91574, 12.60114], [77.91632, 12.60068], [77.91725, 12.6006], [77.91895, 12.60163], [77.92033, 12.60239], [77.92099, 12.60283], [77.92162, 12.60179], [77.92218, 12.60099], [77.92258, 12.60043], [77.92281, 12.60022], [77.92358, 12.60013], [77.92476, 12.60047], [77.92559, 12.60021], [77.92636, 12.60008], [77.92698, 12.60004], [77.92738, 12.60046], [77.92834, 12.60018], [77.92967, 12.59991], [77.93015, 12.59982], [77.93023, 12.59776], [77.92967, 12.59754], [77.92957, 12.59721], [77.93065, 12.59656], [77.93191, 12.59569], [77.9323, 12.59543], [77.93244, 12.59496], [77.93297, 12.59467], [77.93295, 12.59374], [77.93295, 12.5928], [77.93334, 12.59237], [77.93189, 12.59079], [77.93155, 12.59041], [77.93311, 12.58933], [77.93539, 12.58975], [77.93674, 12.58815], [77.93856, 12.58613], [77.93982, 12.58486], [77.94069, 12.5848], [77.94222, 12.58453], [77.94384, 12.58422], [77.94442, 12.58389], [77.94603, 12.58266], [77.94807, 12.58278], [77.95085, 12.58223], [77.95262, 12.58129], [77.95385, 12.5806], [77.95481, 12.58048], [77.95483, 12.58048], [77.95507, 12.58045], [77.95559, 12.57951], [77.95643, 12.57831], [77.95691, 12.57782], [77.95831, 12.57661], [77.95854, 12.57625], [77.95804, 12.57502], [77.95741, 12.57383], [77.9563, 12.57228], [77.95498, 12.57092], [77.95442, 12.57049], [77.95295, 12.57015], [77.95137, 12.56978], [77.95052, 12.56955], [77.95048, 12.56954], [77.95065, 12.56833], [77.95063, 12.56597], [77.95058, 12.56411], [77.95038, 12.56216], [77.95029, 12.56106], [77.95128, 12.55936], [77.95283, 12.55726], [77.9529, 12.55717], [77.95325, 12.55669], [77.95394, 12.55575], [77.95472, 12.5557], [77.95565, 12.55679], [77.95651, 12.55574], [77.95907, 12.55575], [77.96039, 12.55614], [77.96138, 12.5561], [77.96293, 12.55583], [77.96405, 12.55583], [77.96577, 12.55675], [77.96828, 12.55816], [77.96961, 12.5588], [77.97118, 12.55919], [77.97303, 12.55943], [77.97362, 12.55961], [77.9739, 12.55998], [77.97392, 12.56001], [77.97408, 12.56022], [77.97547, 12.56067], [77.97591, 12.56142], [77.97657, 12.56335], [77.97674, 12.56496], [77.97675, 12.56501], [77.97679, 12.56535], [77.97545, 12.56809], [77.97487, 12.56928], [77.97471, 12.56975], [77.97281, 12.57068], [77.97048, 12.57186], [77.97028, 12.57229], [77.97081, 12.57484], [77.97143, 12.57781], [77.97191, 12.5787], [77.9744, 12.58071], [77.97574, 12.58152], [77.97724, 12.58136], [77.97975, 12.58112], [77.98148, 12.58104], [77.98341, 12.58068], [77.98468, 12.58058], [77.98588, 12.58075], [77.98701, 12.57951], [77.98821, 12.57875], [77.99145, 12.57833], [77.99412, 12.57799], [77.99648, 12.5776], [77.99829, 12.57923], [77.99886, 12.57934], [77.99927, 12.57986], [77.99951, 12.58016], [77.99978, 12.58066], [78.00004, 12.58118], [78.00046, 12.58181], [78.00083, 12.58245], [78.00109, 12.58297], [78.00129, 12.58327], [78.00129, 12.58327], [78.00179, 12.58266], [78.00208, 12.58218], [78.00217, 12.58187], [78.00236, 12.5814], [78.00247, 12.58109], [78.0029, 12.58041], [78.00322, 12.5797], [78.00355, 12.57898], [78.00392, 12.57826], [78.00441, 12.57761], [78.00491, 12.57695], [78.00555, 12.57624], [78.00619, 12.57555], [78.00675, 12.57479], [78.00704, 12.5744], [78.0072, 12.57402], [78.00747, 12.57339], [78.00753, 12.57322], [78.00758, 12.57308], [78.00772, 12.57289], [78.00792, 12.5727], [78.00812, 12.57256], [78.00866, 12.57238], [78.00919, 12.57227], [78.00996, 12.57215], [78.01073, 12.57214], [78.01074, 12.57214], [78.01184, 12.57223], [78.01253, 12.57238], [78.01293, 12.57256], [78.01352, 12.57288], [78.01394, 12.57315], [78.0146, 12.57368], [78.01533, 12.5742], [78.01606, 12.57472], [78.0168, 12.57525], [78.01693, 12.5753], [78.01717, 12.57536], [78.01765, 12.57548], [78.01824, 12.57565], [78.01852, 12.57566], [78.01923, 12.57569], [78.01965, 12.57571], [78.02013, 12.57567], [78.02066, 12.57568], [78.02134, 12.57573], [78.02169, 12.5758], [78.02257, 12.57598], [78.02346, 12.57628], [78.02394, 12.57654], [78.02422, 12.57675], [78.02441, 12.57696], [78.02454, 12.57722], [78.02461, 12.57743], [78.02466, 12.57774], [78.02466, 12.57791], [78.02465, 12.57817], [78.02456, 12.57867], [78.0245, 12.57894], [78.02448, 12.57913], [78.02448, 12.57928], [78.02447, 12.57967], [78.02449, 12.57992], [78.02457, 12.58025], [78.02462, 12.58045], [78.02473, 12.58091], [78.02477, 12.58121], [78.02482, 12.58133], [78.02497, 12.58162], [78.02513, 12.58182], [78.02509, 12.58188], [78.02509, 12.58195], [78.02512, 12.58201], [78.02521, 12.58217], [78.02534, 12.58235], [78.02545, 12.58247], [78.02561, 12.58257], [78.02588, 12.58261], [78.02614, 12.58262], [78.02638, 12.5826], [78.02661, 12.58253], [78.02679, 12.58245], [78.02693, 12.58233], [78.02705, 12.58216], [78.02714, 12.58193], [78.02715, 12.58178], [78.0273, 12.58171], [78.02757, 12.58144], [78.02792, 12.58111], [78.0282, 12.58077], [78.02853, 12.58042], [78.02899, 12.58002], [78.02949, 12.5797], [78.03003, 12.57929], [78.03069, 12.57873], [78.03136, 12.57809], [78.03184, 12.5777], [78.03214, 12.57749], [78.03262, 12.57724], [78.03291, 12.5771], [78.03328, 12.57698], [78.03357, 12.5769], [78.03402, 12.57684], [78.03457, 12.5768], [78.03513, 12.5768], [78.03569, 12.57682], [78.03617, 12.5768], [78.03663, 12.57675], [78.03715, 12.57669], [78.03782, 12.57653], [78.03797, 12.57647], [78.03814, 12.57647], [78.03817, 12.57647], [78.03821, 12.57647], [78.03822, 12.57648], [78.03829, 12.57655], [78.03847, 12.57664], [78.03887, 12.57682], [78.03921, 12.57696], [78.03941, 12.57701], [78.03955, 12.57703], [78.03971, 12.57703], [78.03987, 12.57703], [78.04003, 12.57699], [78.0402, 12.57692], [78.04049, 12.5768], [78.04064, 12.5767], [78.04073, 12.57665], [78.04113, 12.57669], [78.04155, 12.57678], [78.04199, 12.5769], [78.04251, 12.57713], [78.04307, 12.57734], [78.04343, 12.57746], [78.04418, 12.57776], [78.04513, 12.57799], [78.04595, 12.57824], [78.04679, 12.57848], [78.04758, 12.57873], [78.04797, 12.5788], [78.04835, 12.5788], [78.04886, 12.57877], [78.04905, 12.57871], [78.04929, 12.57858], [78.04952, 12.57843], [78.04992, 12.57804], [78.05004, 12.57782], [78.05019, 12.57749], [78.05026, 12.57725], [78.05038, 12.57678], [78.05064, 12.57599], [78.05077, 12.57568], [78.05107, 12.575], [78.0515, 12.57427], [78.05152, 12.57422], [78.05211, 12.57347], [78.05257, 12.57288], [78.05318, 12.57219], [78.05368, 12.5718], [78.05398, 12.57158], [78.05431, 12.57116], [78.05446, 12.57101], [78.05457, 12.57098], [78.05491, 12.57097], [78.0554, 12.57093], [78.05573, 12.5709], [78.05599, 12.57086], [78.0562, 12.57075], [78.05664, 12.57054], [78.05691, 12.5704], [78.0576, 12.57012], [78.05829, 12.56979], [78.05877, 12.56967], [78.05938, 12.56963], [78.05987, 12.56964], [78.06034, 12.56968], [78.06133, 12.56977], [78.06232, 12.56987], [78.06299, 12.56987], [78.06325, 12.56986], [78.06373, 12.56979], [78.06432, 12.56974], [78.06477, 12.56981], [78.06513, 12.5699], [78.06612, 12.57008], [78.06656, 12.57012], [78.06721, 12.57014], [78.06781, 12.5701], [78.0682, 12.56999], [78.0689, 12.56978], [78.06931, 12.56962], [78.07002, 12.56943], [78.07034, 12.56935], [78.07102, 12.56907], [78.07141, 12.56891], [78.07201, 12.56853], [78.07214, 12.56846], [78.07234, 12.56841], [78.07243, 12.56842], [78.0726, 12.56847], [78.07273, 12.56857], [78.07284, 12.56876], [78.07302, 12.56914], [78.07312, 12.56946], [78.07326, 12.57], [78.07348, 12.57074], [78.07369, 12.5717], [78.0738, 12.57213], [78.074, 12.57256], [78.07417, 12.5728], [78.07429, 12.57289], [78.07446, 12.57292], [78.07478, 12.57293], [78.07506, 12.57292], [78.07538, 12.57281], [78.07577, 12.57262], [78.07608, 12.57246], [78.0764, 12.57229], [78.07675, 12.57212], [78.07677, 12.57211], [78.0768, 12.5721], [78.07705, 12.57202], [78.07746, 12.57191], [78.07796, 12.57178], [78.07831, 12.57166], [78.07843, 12.57161], [78.07878, 12.57155], [78.07892, 12.57107], [78.07898, 12.571], [78.07937, 12.57055], [78.07975, 12.57014], [78.08022, 12.56966], [78.08008, 12.56914], [78.07988, 12.56867], [78.07957, 12.56811], [78.07931, 12.56754], [78.07894, 12.56701], [78.07868, 12.56642], [78.07828, 12.56588], [78.07809, 12.56532], [78.07807, 12.56474], [78.07815, 12.56409], [78.07822, 12.56346], [78.07829, 12.56288], [78.07851, 12.5622], [78.07867, 12.56165], [78.07883, 12.56113], [78.07895, 12.56045], [78.07906, 12.55984], [78.07918, 12.5593], [78.07924, 12.55869], [78.07935, 12.55813], [78.07942, 12.55752], [78.07948, 12.55686], [78.07944, 12.55625], [78.07956, 12.55555], [78.07962, 12.55501], [78.07964, 12.55441], [78.07964, 12.55382], [78.07961, 12.55317], [78.07959, 12.55253], [78.07953, 12.55189], [78.07957, 12.55138], [78.07955, 12.55075], [78.07946, 12.55012], [78.07921, 12.54965], [78.07883, 12.54909], [78.07849, 12.54866], [78.07796, 12.54825], [78.07751, 12.54772], [78.07722, 12.54715], [78.07693, 12.54643], [78.0767, 12.54588], [78.07645, 12.54536], [78.07625, 12.5448], [78.07585, 12.54365], [78.0756, 12.54301], [78.07546, 12.54243], [78.07527, 12.54179], [78.0751, 12.54118], [78.075, 12.54061], [78.07484, 12.53992], [78.07469, 12.53928], [78.07465, 12.53871], [78.07462, 12.53812], [78.07444, 12.53741], [78.07404, 12.53686], [78.07371, 12.53642], [78.07325, 12.53597], [78.07277, 12.53545], [78.07236, 12.53502], [78.07189, 12.5345], [78.07149, 12.53402], [78.0711, 12.53357], [78.07059, 12.53308], [78.07018, 12.5326], [78.06974, 12.53217], [78.06971, 12.53214], [78.06921, 12.53235], [78.06871, 12.5326], [78.06826, 12.53285], [78.06759, 12.53319], [78.06709, 12.53348], [78.06658, 12.53382], [78.066, 12.5342], [78.06537, 12.53423], [78.06474, 12.5343], [78.06414, 12.53436], [78.06352, 12.5344], [78.06283, 12.53442], [78.06212, 12.53449], [78.06145, 12.53456], [78.06106, 12.53462], [78.0611, 12.53401], [78.06123, 12.53328], [78.06137, 12.53267], [78.06157, 12.53209], [78.06172, 12.5315], [78.06186, 12.5309], [78.06199, 12.53036], [78.06201, 12.52999], [78.06206, 12.52953], [78.06224, 12.52917], [78.0624, 12.52856], [78.06257, 12.52795], [78.06272, 12.5274], [78.06279, 12.52679], [78.06282, 12.52618], [78.06273, 12.52556], [78.06265, 12.52493], [78.06258, 12.5243], [78.06248, 12.52374], [78.06237, 12.52309], [78.0622, 12.52248], [78.0621, 12.52187], [78.06186, 12.52121], [78.06163, 12.52065], [78.06141, 12.52008], [78.06117, 12.51938], [78.06105, 12.51884], [78.06078, 12.51826], [78.06041, 12.51777], [78.05992, 12.51756], [78.05929, 12.5174], [78.05904, 12.51685], [78.05881, 12.51625], [78.05862, 12.51571], [78.05844, 12.5153], [78.05813, 12.51482], [78.05771, 12.51437], [78.05721, 12.51391], [78.05694, 12.51337], [78.05676, 12.51274], [78.05654, 12.51221], [78.05641, 12.51161], [78.05621, 12.51101], [78.05592, 12.5104], [78.05569, 12.50979], [78.05559, 12.50913], [78.0554, 12.50847], [78.05523, 12.50791], [78.05502, 12.50734], [78.05478, 12.50675], [78.05442, 12.50628], [78.05399, 12.50576], [78.05393, 12.5056], [78.05391, 12.50555], [78.0538, 12.50523], [78.05355, 12.5047], [78.05331, 12.50405], [78.05322, 12.50338], [78.05319, 12.50279], [78.05311, 12.50216], [78.0531, 12.50169], [78.05345, 12.50128], [78.05167, 12.49953], [78.05115, 12.49835], [78.05074, 12.49733], [78.05035, 12.49599], [78.0503, 12.49503], [78.05035, 12.49424], [78.05046, 12.49368], [78.05079, 12.49265], [78.05121, 12.49194], [78.05141, 12.49098], [78.05139, 12.49016], [78.05126, 12.48829], [78.05123, 12.48726], [78.05121, 12.48543], [78.05118, 12.48406], [78.05118, 12.48343], [78.05154, 12.48234], [78.0518, 12.48118], [78.05193, 12.48037], [78.05185, 12.47961], [78.05152, 12.47828], [78.05108, 12.47737], [78.05018, 12.47643], [78.04956, 12.47595], [78.04912, 12.47564], [78.04898, 12.47555], [78.0487, 12.47526], [78.04768, 12.47437], [78.0465, 12.47359], [78.04575, 12.47325], [78.04539, 12.47314], [78.04512, 12.47314], [78.04457, 12.47323], [78.04358, 12.47345], [78.04328, 12.47351], [78.04326, 12.47351], [78.04298, 12.47357], [78.04217, 12.47372], [78.04183, 12.47366], [78.0416, 12.47347], [78.04146, 12.47312], [78.04137, 12.47225], [78.04135, 12.47138], [78.04126, 12.47047], [78.04126, 12.46991], [78.04135, 12.46933], [78.04135, 12.46851], [78.04124, 12.46786], [78.04076, 12.46661], [78.0403, 12.46541], [78.04001, 12.46434], [78.03969, 12.46314], [78.03955, 12.46289], [78.03954, 12.46287], [78.03939, 12.4626], [78.03899, 12.46212], [78.03819, 12.46153], [78.03722, 12.46104], [78.03647, 12.46078], [78.03621, 12.46073], [78.03549, 12.46078], [78.03446, 12.46084], [78.03363, 12.46093], [78.03242, 12.46093], [78.03127, 12.4608], [78.03038, 12.46068], [78.02959, 12.46048], [78.02818, 12.46017], [78.02743, 12.45984], [78.02707, 12.45966], [78.02657, 12.46033], [78.02632, 12.46077], [78.02602, 12.46113], [78.02577, 12.46139], [78.02534, 12.46155], [78.02462, 12.4617], [78.02435, 12.46179], [78.02353, 12.46193], [78.02382, 12.46271], [78.02398, 12.46328], [78.02402, 12.46389], [78.024, 12.46436], [78.02389, 12.46476], [78.02364, 12.46522], [78.02332, 12.46569], [78.02309, 12.46591], [78.02219, 12.46614], [78.02178, 12.4662], [78.02112, 12.46629], [78.02134, 12.46687], [78.0218, 12.46745], [78.02248, 12.46808], [78.02328, 12.46861], [78.02366, 12.4689], [78.02393, 12.46943], [78.02411, 12.46997], [78.02417, 12.47044], [78.0241, 12.47077], [78.02394, 12.47106], [78.02349, 12.47139], [78.02312, 12.47161], [78.02256, 12.47184], [78.02201, 12.47202], [78.02124, 12.47217], [78.02062, 12.47226], [78.02033, 12.47244], [78.02019, 12.47257], [78.02006, 12.47284], [78.01997, 12.47324], [78.0199, 12.47367], [78.0199, 12.47386], [78.0201, 12.47487], [78.02026, 12.4756], [78.01845, 12.47549], [78.0184, 12.47564], [78.01838, 12.47597], [78.01838, 12.47635], [78.01845, 12.47685], [78.01853, 12.4774], [78.01872, 12.47832], [78.01904, 12.47927], [78.01729, 12.4793], [78.01708, 12.48128], [78.01691, 12.48152], [78.01655, 12.48188], [78.01616, 12.48212], [78.01548, 12.48239], [78.01471, 12.48266], [78.01401, 12.48297], [78.01346, 12.48339], [78.01303, 12.48386], [78.01274, 12.48448], [78.01253, 12.48515], [78.01237, 12.48595], [78.01235, 12.48657], [78.01237, 12.48681], [78.01238, 12.48685], [78.01239, 12.48704], [78.01242, 12.48726], [78.01253, 12.48764], [78.01276, 12.48799], [78.01301, 12.48839], [78.01332, 12.48879], [78.01405, 12.48944], [78.01444, 12.48977], [78.01466, 12.49024], [78.01471, 12.49051], [78.01471, 12.49073], [78.0146, 12.49091], [78.01428, 12.49149], [78.01405, 12.49185], [78.01332, 12.49269], [78.01273, 12.49331], [78.01244, 12.49388], [78.01247, 12.49412], [78.01245, 12.49436], [78.01242, 12.4946], [78.01241, 12.49481], [78.0124, 12.49526], [78.01241, 12.49539], [78.01232, 12.49586], [78.0123, 12.49604], [78.01222, 12.49634], [78.01219, 12.4966], [78.01213, 12.49672], [78.01203, 12.497], [78.01196, 12.49722], [78.01198, 12.49739], [78.01209, 12.49767], [78.01225, 12.49811], [78.01231, 12.49838], [78.01232, 12.49844], [78.01236, 12.49866], [78.01236, 12.49879], [78.01237, 12.49897], [78.01234, 12.49921], [78.01234, 12.49927], [78.01241, 12.49954], [78.01241, 12.49954], [78.0125, 12.49989], [78.0125, 12.49989], [78.01258, 12.5001], [78.01263, 12.50022], [78.01264, 12.50026], [78.01268, 12.50033], [78.01286, 12.50049], [78.01287, 12.5005], [78.01293, 12.50055], [78.01333, 12.50082], [78.01333, 12.50082], [78.01328, 12.50129], [78.01259, 12.50198], [78.01255, 12.50204], [78.0123, 12.50243], [78.0123, 12.50243], [78.01221, 12.5025], [78.01184, 12.50276], [78.0104, 12.50288], [78.00824, 12.50295], [78.00804, 12.50296], [78.00596, 12.50288], [78.00578, 12.50283], [78.00514, 12.50263], [78.00479, 12.50225], [78.0046, 12.50204], [78.00465, 12.50172], [78.00472, 12.5013], [78.00461, 12.50107], [78.00456, 12.50098], [78.00382, 12.50054], [78.00367, 12.5004], [78.00323, 12.50002], [78.00285, 12.49991], [78.00257, 12.49984], [78.00221, 12.49983], [78.00179, 12.49982], [78.00128, 12.49987], [78.00082, 12.50008], [78.00022, 12.50044], [78.0, 12.50057], [77.99989, 12.50064], [77.99944, 12.50096], [77.99899, 12.50129], [77.99896, 12.50131], [77.99886, 12.50139], [77.99883, 12.50141], [77.99843, 12.50169], [77.99815, 12.50128], [77.99815, 12.50128], [77.99794, 12.50097], [77.99787, 12.50088], [77.99742, 12.50035], [77.99713, 12.50025], [77.99667, 12.50011], [77.99598, 12.50005], [77.99566, 12.50003], [77.99497, 12.50027], [77.99489, 12.5003], [77.99482, 12.50031], [77.99377, 12.50043], [77.99371, 12.50046], [77.99226, 12.50129], [77.99225, 12.50129], [77.99215, 12.50136], [77.99261, 12.50231], [77.99263, 12.50234], [77.99322, 12.50355], [77.99283, 12.5041], [77.99273, 12.50425], [77.99273, 12.50425], [77.99252, 12.50462], [77.99201, 12.5057], [77.99198, 12.5058], [77.99183, 12.50623], [77.99143, 12.50704], [77.99124, 12.50742], [77.99079, 12.50813], [77.99079, 12.50814], [77.99038, 12.5087], [77.99014, 12.50904], [77.98962, 12.50941], [77.98931, 12.50879], [77.98917, 12.50849], [77.98856, 12.50833], [77.98795, 12.50817], [77.98784, 12.50876], [77.9867, 12.50855], [77.98669, 12.5086], [77.98643, 12.50981], [77.98582, 12.50978], [77.98566, 12.50888], [77.98538, 12.50841], [77.98487, 12.50803], [77.98407, 12.50764], [77.98306, 12.50715], [77.98316, 12.50661], [77.98328, 12.50606], [77.98323, 12.50507], [77.98322, 12.50492], [77.98262, 12.50344], [77.98159, 12.50203], [77.98105, 12.50129], [77.98195, 12.50031], [77.9818, 12.49914], [77.98061, 12.4984], [77.97862, 12.49694], [77.9774, 12.49698], [77.97598, 12.49704], [77.97493, 12.49745], [77.97424, 12.49772], [77.97424, 12.49772], [77.97413, 12.49706], [77.97409, 12.49679], [77.97434, 12.49586], [77.97387, 12.49579], [77.97279, 12.49562], [77.97259, 12.49572], [77.9712, 12.49645], [77.97025, 12.49649], [77.97021, 12.49647], [77.96832, 12.49528], [77.9675, 12.49428], [77.96703, 12.49371], [77.967, 12.49366], [77.96543, 12.49102], [77.96522, 12.49046], [77.96503, 12.48995], [77.96503, 12.48943], [77.96503, 12.48921], [77.96514, 12.48899], [77.96608, 12.48716], [77.96591, 12.48649], [77.96583, 12.48618], [77.96473, 12.48555], [77.96361, 12.48521], [77.96359, 12.4852], [77.96245, 12.4852], [77.96242, 12.4852], [77.96205, 12.4852], [77.96165, 12.48519], [77.96085, 12.48515], [77.95981, 12.48462], [77.9589, 12.4839], [77.95888, 12.48391], [77.95788, 12.48439], [77.95568, 12.48545], [77.95404, 12.48584], [77.95401, 12.48585], [77.95341, 12.48595], [77.95342, 12.48602], [77.95347, 12.48635], [77.95354, 12.48679], [77.95353, 12.48765], [77.95353, 12.48808], [77.95343, 12.48931], [77.9535, 12.49043], [77.95352, 12.49061], [77.95367, 12.49206], [77.95349, 12.49233], [77.95317, 12.49265], [77.95285, 12.49298], [77.95266, 12.49317], [77.95208, 12.49373], [77.95135, 12.49482], [77.9508, 12.49578], [77.95045, 12.49688], [77.95004, 12.49796], [77.94988, 12.49799], [77.94971, 12.49803], [77.94875, 12.4983], [77.9476, 12.49874], [77.94746, 12.49879], [77.94639, 12.49919], [77.94603, 12.49925], [77.94605, 12.49931], [77.94633, 12.50012], [77.94702, 12.50128], [77.95352, 12.50171], [77.95357, 12.50204], [77.95352, 12.50223], [77.95345, 12.5023], [77.95339, 12.50232], [77.95327, 12.50236], [77.95303, 12.50236], [77.95281, 12.50229], [77.95264, 12.50217], [77.95246, 12.50205], [77.95231, 12.50222], [77.95211, 12.50246], [77.95128, 12.50266], [77.95114, 12.50319], [77.95097, 12.50321], [77.95086, 12.50321], [77.95053, 12.50395], [77.95044, 12.50405], [77.95023, 12.50428], [77.95023, 12.50429], [77.95003, 12.5055], [77.94971, 12.50573], [77.94935, 12.50599], [77.94902, 12.50623], [77.94873, 12.50644], [77.94781, 12.50739], [77.94628, 12.50917], [77.94481, 12.51086], [77.94401, 12.51179], [77.94241, 12.51368], [77.94238, 12.51367], [77.9396, 12.51254], [77.93879, 12.51217], [77.9356, 12.51067], [77.93444, 12.51015], [77.93141, 12.50882], [77.93051, 12.50839], [77.92811, 12.50731], [77.92748, 12.50702], [77.92655, 12.50652], [77.92345, 12.50515], [77.9229, 12.50488], [77.92147, 12.50416], [77.91932, 12.50481], [77.91874, 12.50494], [77.91804, 12.5051], [77.9164, 12.50558], [77.91506, 12.5059], [77.91409, 12.50616], [77.91368, 12.5063], [77.91314, 12.50648], [77.91219, 12.50787], [77.91183, 12.50838], [77.91123, 12.50936], [77.9109, 12.50991], [77.91043, 12.5106], [77.90937, 12.51213], [77.90908, 12.51247], [77.90892, 12.51266], [77.90892, 12.51266], [77.90892, 12.51266], [77.90882, 12.51247], [77.90786, 12.51063], [77.90658, 12.50814], [77.90552, 12.50624], [77.90507, 12.50562], [77.90353, 12.50481], [77.90181, 12.50403], [77.90036, 12.50334], [77.9024, 12.50222], [77.9049, 12.50133], [77.90325, 12.50077], [77.90135, 12.50063], [77.90031, 12.50021], [77.89993, 12.49965], [77.90008, 12.499], [77.9016, 12.49806], [77.90307, 12.49682], [77.90522, 12.49423], [77.90577, 12.49307], [77.90579, 12.49302], [77.90576, 12.49248], [77.90573, 12.49181], [77.90572, 12.4905], [77.90576, 12.49], [77.9058, 12.48937], [77.90581, 12.48937], [77.9068, 12.48989], [77.90779, 12.49], [77.90796, 12.48996], [77.90868, 12.48982], [77.90954, 12.48996], [77.90979, 12.48996], [77.90998, 12.48996], [77.91055, 12.48997], [77.91156, 12.49], [77.91477, 12.49057], [77.91645, 12.49087], [77.91789, 12.4907], [77.91851, 12.4908], [77.92138, 12.49103], [77.92224, 12.4907], [77.92285, 12.48979], [77.92317, 12.48914], [77.92319, 12.48909], [77.92316, 12.48781], [77.9237, 12.48653], [77.92462, 12.48438], [77.92605, 12.48262], [77.92693, 12.48155], [77.9275, 12.48108], [77.92812, 12.48056], [77.92816, 12.48052], [77.92939, 12.47768], [77.92983, 12.47699], [77.92985, 12.47696], [77.93025, 12.47633], [77.93078, 12.47549], [77.93176, 12.47396], [77.93332, 12.47088], [77.93443, 12.46954], [77.93451, 12.46944], [77.93441, 12.46875], [77.93422, 12.46753], [77.93221, 12.46688], [77.93053, 12.46634], [77.92992, 12.46632], [77.92844, 12.46629], [77.92593, 12.46373], [77.92479, 12.46052], [77.92446, 12.45804], [77.9238, 12.45606], [77.92465, 12.45322], [77.9255, 12.45014], [77.9282, 12.4452], [77.92876, 12.44434], [77.93043, 12.44176], [77.93147, 12.4411], [77.93424, 12.44352], [77.93493, 12.44413], [77.93806, 12.44497], [77.93938, 12.44795], [77.93968, 12.44855], [77.94034, 12.4499], [77.94102, 12.44979], [77.94192, 12.44964], [77.94346, 12.44956], [77.94402, 12.44953], [77.94423, 12.44951], [77.94513, 12.44945], [77.94619, 12.44835], [77.94696, 12.4475], [77.94696, 12.44648], [77.94696, 12.44629], [77.94671, 12.4439], [77.94686, 12.44381], [77.94687, 12.44381], [77.94755, 12.4434], [77.95023, 12.44269], [77.95024, 12.44268], [77.95128, 12.44183], [77.95169, 12.44149], [77.95244, 12.44087], [77.95339, 12.43903], [77.95342, 12.43897], [77.95342, 12.43897], [77.95558, 12.43716], [77.95614, 12.4367], [77.95788, 12.43499], [77.95793, 12.43489], [77.95853, 12.43371], [77.95881, 12.43346], [77.95984, 12.43253], [77.96069, 12.43213], [77.9619, 12.43157], [77.96265, 12.43076], [77.9631, 12.43028], [77.96344, 12.42933], [77.96375, 12.42847], [77.96389, 12.4276], [77.96416, 12.42592], [77.96417, 12.42587], [77.96436, 12.42565], [77.96444, 12.42539], [77.96468, 12.42429], [77.9649, 12.42306], [77.96498, 12.42264], [77.96509, 12.42234], [77.96516, 12.42215], [77.96519, 12.42208], [77.96563, 12.42107], [77.96599, 12.41977], [77.9665, 12.41868], [77.96681, 12.41827], [77.96682, 12.41825], [77.96683, 12.41824], [77.96728, 12.41769], [77.96787, 12.4174], [77.96796, 12.41729], [77.96826, 12.41688], [77.96893, 12.41599], [77.96971, 12.41509], [77.97037, 12.4142], [77.9709, 12.4127], [77.97103, 12.41212], [77.97103, 12.41211], [77.97114, 12.41162], [77.97115, 12.41156], [77.97117, 12.41132], [77.9712, 12.41099], [77.9712, 12.41034], [77.97111, 12.40979], [77.97071, 12.40871], [77.97008, 12.4077], [77.96985, 12.40731], [77.96942, 12.40657], [77.96852, 12.40554], [77.96821, 12.40517], [77.96821, 12.4046], [77.96809, 12.4034], [77.96813, 12.40244], [77.96814, 12.40212], [77.96854, 12.40207], [77.96896, 12.40202], [77.96968, 12.4019], [77.97001, 12.40185], [77.96991, 12.40115], [77.96976, 12.40032], [77.96964, 12.39964], [77.96952, 12.39852], [77.96948, 12.39814], [77.96939, 12.39773], [77.96935, 12.39765], [77.96918, 12.39728], [77.96904, 12.39704], [77.96904, 12.39704], [77.96885, 12.39669], [77.9684, 12.39573], [77.9684, 12.39573], [77.9684, 12.39573], [77.96802, 12.39481], [77.96783, 12.3943], [77.96741, 12.39396], [77.96596, 12.3925], [77.96523, 12.39178], [77.96486, 12.39146], [77.96479, 12.3914], [77.96378, 12.39023], [77.96307, 12.3893], [77.96292, 12.38911], [77.96119, 12.38739], [77.96004, 12.38607], [77.9596, 12.38562], [77.95941, 12.38542], [77.95938, 12.3854], [77.95872, 12.38473], [77.9576, 12.38334], [77.95632, 12.38229], [77.95597, 12.3818], [77.95584, 12.38094], [77.95582, 12.38036], [77.9554, 12.37997], [77.95482, 12.37962], [77.95404, 12.37919], [77.95295, 12.37854], [77.95239, 12.37808], [77.95184, 12.37777], [77.95139, 12.37732], [77.95021, 12.37596], [77.9497, 12.37544], [77.94948, 12.37509], [77.94969, 12.37455], [77.94995, 12.37386], [77.95001, 12.37336], [77.94985, 12.37223], [77.94982, 12.37171], [77.94997, 12.37106], [77.95039, 12.36992], [77.95077, 12.36894], [77.95078, 12.36893], [77.9508, 12.36888], [77.9508, 12.36887], [77.95125, 12.36725], [77.95121, 12.36487], [77.95052, 12.36162], [77.95125, 12.36102], [77.95321, 12.35881], [77.95368, 12.35717], [77.95462, 12.3513], [77.94983, 12.34867], [77.94939, 12.34746], [77.94879, 12.34492], [77.94832, 12.34325], [77.9477, 12.34], [77.94791, 12.33922], [77.94808, 12.33803], [77.94851, 12.33663], [77.94853, 12.33657], [77.94723, 12.33589], [77.94391, 12.33396], [77.94288, 12.3333], [77.94179, 12.33288], [77.94002, 12.33221], [77.9395, 12.33196], [77.93826, 12.33157], [77.93663, 12.33093], [77.93546, 12.33056], [77.9348, 12.33035], [77.93432, 12.32982], [77.93348, 12.32905], [77.93311, 12.3287], [77.93277, 12.32752], [77.9326, 12.32698], [77.932, 12.32678], [77.93072, 12.32641], [77.93015, 12.3262], [77.92891, 12.3259], [77.92741, 12.32532], [77.92675, 12.3251], [77.92609, 12.32508], [77.9251, 12.32514], [77.92393, 12.32538], [77.9233, 12.32544], [77.92215, 12.32538], [77.92164, 12.32556], [77.92073, 12.32635], [77.91903, 12.32773], [77.91832, 12.32807], [77.91762, 12.32808], [77.91654, 12.32803], [77.91522, 12.32783], [77.91465, 12.32786], [77.91415, 12.32799], [77.91363, 12.32817], [77.91302, 12.32844], [77.91242, 12.32844], [77.91188, 12.32837], [77.91076, 12.328], [77.91009, 12.32776], [77.90979, 12.32752], [77.90931, 12.32676], [77.90882, 12.32694], [77.90605, 12.32801], [77.90483, 12.32841], [77.9043, 12.32868], [77.90389, 12.32898], [77.90347, 12.32949], [77.90301, 12.33041], [77.90269, 12.33079], [77.90195, 12.33101], [77.90028, 12.33126], [77.89916, 12.33135], [77.89852, 12.33136], [77.89794, 12.33151], [77.8968, 12.33186], [77.89623, 12.33215], [77.89566, 12.3325], [77.89528, 12.33291], [77.89478, 12.33352], [77.89421, 12.33353], [77.89171, 12.33321], [77.89008, 12.33308], [77.88893, 12.33304], [77.88774, 12.33316], [77.88591, 12.33333], [77.88476, 12.33351], [77.88303, 12.33365], [77.88176, 12.33378], [77.88064, 12.33417], [77.88003, 12.33446], [77.8797, 12.33495], [77.87924, 12.3356], [77.87924, 12.33585], [77.87876, 12.33587], [77.87808, 12.33572], [77.87751, 12.3349], [77.87702, 12.33433], [77.87535, 12.33345], [77.87317, 12.33248], [77.87149, 12.33168], [77.87087, 12.33145], [77.86951, 12.33127], [77.86834, 12.33082], [77.86725, 12.33026], [77.86721, 12.33024], [77.86714, 12.32987], [77.86715, 12.32983], [77.86714, 12.32979], [77.86714, 12.32925], [77.86744, 12.32803], [77.8677, 12.32637], [77.86807, 12.32523], [77.8684, 12.32479], [77.86891, 12.32457], [77.86947, 12.32479], [77.8701, 12.325], [77.87079, 12.3251], [77.87134, 12.325], [77.87167, 12.3247], [77.87188, 12.32444], [77.87161, 12.32398], [77.87147, 12.32329], [77.87132, 12.32268], [77.87123, 12.32208], [77.87108, 12.32136], [77.87109, 12.32064], [77.87122, 12.32021], [77.87105, 12.31975], [77.87088, 12.31899], [77.87092, 12.31846], [77.87091, 12.31776], [77.87099, 12.31713], [77.87132, 12.31662], [77.87176, 12.31599], [77.87183, 12.31539], [77.87182, 12.31476], [77.87179, 12.3141], [77.87193, 12.31347], [77.87222, 12.31286], [77.8726, 12.31173], [77.87293, 12.31061], [77.87314, 12.30977], [77.87315, 12.30971], [77.87337, 12.30882], [77.87368, 12.30765], [77.87414, 12.3065], [77.8743, 12.30548], [77.87489, 12.30382], [77.87501, 12.30325], [77.87469, 12.30214], [77.87486, 12.30038], [77.87491, 12.29926], [77.87475, 12.298], [77.8747, 12.29731], [77.87449, 12.29617], [77.87438, 12.29518], [77.8742, 12.29468], [77.87394, 12.29403], [77.87364, 12.29353], [77.873, 12.29248], [77.87292, 12.2917], [77.87298, 12.29117], [77.87327, 12.29048], [77.8737, 12.28952], [77.87376, 12.28894], [77.87371, 12.28829], [77.87345, 12.28718], [77.8729, 12.2862], [77.87261, 12.28569], [77.87232, 12.28531], [77.87223, 12.28519], [77.87187, 12.28477], [77.8715, 12.28435], [77.87117, 12.28385], [77.87086, 12.28336], [77.87065, 12.28275], [77.87055, 12.28213], [77.87041, 12.28153], [77.87024, 12.28099], [77.86994, 12.28048], [77.86975, 12.27933], [77.86958, 12.27818], [77.86973, 12.27655], [77.86979, 12.27492], [77.86974, 12.27433], [77.86932, 12.27385], [77.86882, 12.27296], [77.86864, 12.2724], [77.86836, 12.27125], [77.86807, 12.26961], [77.86781, 12.26849], [77.86775, 12.26633], [77.86775, 12.26633], [77.86773, 12.26576], [77.86631, 12.26354], [77.86601, 12.26282], [77.86601, 12.26282], [77.86558, 12.26179], [77.86281, 12.25702], [77.8622, 12.25538], [77.86212, 12.25516], [77.86168, 12.25448], [77.8611, 12.25445], [77.86085, 12.25444], [77.86057, 12.25472], [77.8603, 12.25498], [77.86014, 12.2555], [77.85997, 12.25606], [77.85953, 12.25691], [77.85949, 12.25697], [77.85826, 12.25853], [77.85688, 12.25942], [77.85604, 12.26021], [77.85524, 12.26096], [77.85457, 12.26141], [77.85378, 12.26193], [77.85241, 12.26236], [77.8524, 12.26236], [77.85047, 12.26272], [77.84882, 12.26297], [77.84755, 12.26289], [77.84719, 12.26286], [77.8467, 12.26269], [77.84525, 12.26218], [77.8444, 12.26152], [77.84438, 12.2615], [77.84343, 12.26024], [77.84256, 12.25888], [77.84129, 12.25713], [77.83969, 12.25537], [77.83944, 12.25497], [77.83889, 12.25405], [77.83728, 12.2514], [77.83724, 12.25134], [77.83669, 12.25047], [77.83665, 12.25041], [77.83593, 12.2494], [77.83576, 12.24918], [77.83544, 12.24877], [77.83438, 12.24736], [77.83382, 12.2468], [77.83355, 12.24653], [77.83351, 12.24649], [77.83199, 12.24536], [77.82966, 12.24382], [77.82945, 12.24368], [77.82942, 12.24366], [77.82847, 12.24292], [77.82805, 12.24283], [77.82733, 12.24268], [77.82588, 12.24175], [77.82588, 12.24175], [77.82588, 12.24175], [77.82391, 12.23982], [77.82279, 12.23925], [77.8197, 12.2382], [77.81942, 12.23809], [77.81849, 12.2377], [77.81758, 12.2368], [77.81614, 12.23544], [77.81516, 12.23479], [77.81494, 12.23465], [77.81485, 12.23456], [77.81452, 12.23421], [77.81348, 12.23235], [77.8125, 12.23068], [77.81193, 12.22978], [77.81155, 12.22918], [77.81118, 12.22861], [77.81113, 12.22853], [77.81088, 12.22771], [77.8106, 12.22677], [77.81048, 12.22471], [77.81048, 12.22467], [77.81009, 12.21828], [77.81007, 12.21765], [77.80971, 12.21314], [77.80948, 12.21254], [77.80937, 12.20753], [77.80934, 12.20506], [77.80931, 12.20128], [77.80922, 12.20047], [77.80893, 12.19894], [77.80802, 12.19546], [77.80619, 12.19012], [77.80537, 12.18715], [77.80504, 12.18391], [77.80429, 12.18147], [77.80329, 12.1794], [77.80373, 12.17902], [77.80376, 12.17826], [77.80344, 12.17768], [77.8035, 12.17622], [77.80326, 12.17564], [77.80262, 12.17556], [77.80204, 12.17515], [77.80142, 12.17498], [77.79981, 12.1731], [77.79827, 12.1723], [77.79637, 12.17296], [77.79509, 12.16922], [77.79477, 12.16879], [77.79518, 12.1676], [77.79526, 12.16705], [77.79477, 12.16567], [77.79459, 12.16386], [77.79483, 12.15937], [77.79509, 12.15755], [77.79491, 12.15522], [77.79454, 12.15147], [77.79433, 12.14827], [77.79392, 12.1477], [77.79068, 12.1481], [77.7813, 12.15426], [77.77684, 12.1574], [77.77619, 12.15922], [77.77496, 12.16376], [77.7747, 12.16623], [77.77245, 12.17196], [77.76447, 12.16984], [77.76185, 12.16958], [77.76103, 12.16932], [77.76024, 12.16877], [77.75945, 12.16799], [77.75854, 12.16661], [77.75642, 12.16458], [77.75572, 12.1645], [77.75508, 12.16355], [77.75464, 12.16306], [77.75317, 12.1615], [77.75198, 12.1602], [77.75017, 12.15894], [77.7489, 12.15846], [77.74858, 12.15828], [77.74802, 12.15768], [77.74723, 12.15646], [77.74672, 12.15585], [77.74672, 12.15585], [77.74672, 12.15585], [77.74664, 12.15602], [77.74656, 12.15619], [77.74614, 12.15737], [77.74575, 12.15821], [77.74521, 12.15929], [77.74461, 12.16035], [77.74413, 12.16109], [77.74366, 12.16169], [77.74274, 12.16288], [77.74174, 12.16385], [77.74079, 12.16457], [77.73976, 12.16525], [77.73881, 12.16583], [77.73802, 12.1665], [77.73713, 12.16751], [77.73661, 12.16813], [77.73611, 12.16874], [77.73543, 12.16959], [77.73527, 12.17019], [77.73514, 12.17117], [77.73509, 12.17258], [77.73509, 12.17258], [77.73509, 12.17259], [77.73496, 12.17411], [77.73477, 12.17495], [77.73427, 12.17645], [77.73383, 12.17738], [77.73334, 12.17808], [77.7328, 12.17872], [77.73197, 12.17956], [77.73193, 12.17959], [77.73189, 12.17962], [77.73161, 12.17984], [77.73157, 12.17987], [77.73131, 12.18007], [77.73062, 12.18039], [77.73004, 12.18063], [77.7286, 12.18118], [77.7277, 12.18153], [77.72721, 12.18164], [77.72717, 12.18165], [77.72674, 12.18175], [77.72538, 12.18197], [77.72505, 12.18208], [77.72376, 12.18239], [77.72285, 12.18271], [77.72203, 12.18294], [77.72086, 12.18312], [77.71967, 12.18308], [77.71867, 12.18295], [77.71829, 12.18289], [77.71715, 12.18271], [77.71567, 12.18266], [77.71441, 12.18263], [77.71419, 12.18262], [77.71267, 12.18243], [77.71135, 12.18243], [77.71097, 12.1825], [77.7094, 12.18276], [77.7082, 12.18294], [77.7078, 12.18299], [77.70608, 12.18331], [77.70497, 12.18356], [77.70336, 12.18388], [77.70228, 12.18413], [77.70104, 12.18453], [77.69959, 12.18493], [77.69864, 12.18513], [77.69829, 12.18528], [77.69731, 12.18553], [77.6966, 12.18585], [77.69518, 12.18644], [77.69373, 12.18707], [77.69169, 12.18801], [77.69092, 12.18832], [77.69001, 12.18868], [77.68879, 12.18904], [77.68792, 12.18925], [77.68711, 12.18941], [77.6855, 12.18985], [77.68454, 12.19026], [77.6828, 12.19092], [77.68189, 12.19142], [77.68161, 12.19153], [77.68041, 12.19186], [77.67958, 12.19198], [77.67851, 12.19223], [77.67722, 12.19254], [77.67697, 12.19267], [77.67585, 12.19315], [77.67545, 12.19331], [77.67446, 12.19377], [77.67382, 12.19402], [77.67292, 12.1944], [77.67208, 12.1947], [77.67111, 12.19499], [77.66995, 12.19534], [77.66958, 12.19557], [77.66849, 12.19616], [77.66822, 12.19642], [77.66709, 12.19731], [77.6659, 12.19797], [77.66574, 12.19803], [77.66574, 12.19803], [77.66571, 12.19804], [77.6657, 12.19804], [77.66524, 12.19821], [77.6644, 12.19831], [77.66384, 12.19836], [77.66356, 12.1984], [77.66234, 12.1985], [77.66193, 12.19863], [77.66072, 12.19879], [77.65986, 12.19901], [77.65912, 12.19918], [77.65888, 12.19928], [77.65752, 12.19945], [77.6568, 12.19953], [77.65608, 12.19955], [77.6551, 12.19942], [77.6551, 12.19942], [77.65466, 12.19931], [77.65431, 12.19924], [77.65307, 12.19898], [77.65265, 12.19889], [77.65149, 12.19867], [77.65149, 12.19867], [77.65103, 12.19865], [77.64977, 12.19861], [77.64872, 12.19866], [77.64786, 12.19867], [77.64786, 12.19867], [77.64622, 12.19841], [77.64622, 12.19841], [77.64569, 12.19836], [77.64569, 12.19836], [77.64474, 12.19804], [77.64442, 12.19791], [77.64319, 12.19736], [77.64243, 12.19703], [77.6417, 12.19677], [77.64134, 12.19664], [77.63999, 12.1964], [77.63999, 12.1964], [77.63961, 12.19647], [77.63763, 12.19669], [77.63666, 12.19685], [77.63644, 12.19691], [77.63537, 12.19744], [77.63481, 12.19789], [77.63395, 12.19872], [77.63375, 12.19902], [77.63297, 12.19981], [77.63228, 12.2005], [77.63156, 12.20108], [77.63052, 12.20195], [77.63007, 12.20212], [77.62984, 12.20224], [77.62898, 12.20222], [77.62898, 12.20222], [77.6285, 12.20215], [77.62814, 12.20205], [77.62717, 12.20164], [77.62678, 12.20146], [77.62588, 12.20101], [77.62499, 12.20063], [77.62438, 12.20032], [77.62351, 12.20024], [77.62263, 12.20007], [77.62175, 12.19999], [77.62096, 12.19988], [77.62096, 12.19988], [77.62058, 12.19998], [77.61946, 12.20033], [77.61887, 12.20062], [77.61799, 12.201], [77.61688, 12.20165], [77.61662, 12.20189], [77.61575, 12.20275], [77.61544, 12.20308], [77.61467, 12.20395], [77.61361, 12.20491], [77.61293, 12.20565], [77.61254, 12.2059], [77.61214, 12.20597], [77.61164, 12.20602], [77.61076, 12.20614], [77.61075, 12.20614], [77.61023, 12.20613], [77.60931, 12.20614], [77.60931, 12.20614], [77.60857, 12.20606], [77.60857, 12.20606], [77.60784, 12.20611], [77.60784, 12.20611], [77.607, 12.20599], [77.60659, 12.20595], [77.60659, 12.20595], [77.60583, 12.20571], [77.60534, 12.20553], [77.60503, 12.20538], [77.60393, 12.20462], [77.60321, 12.20405], [77.60278, 12.20376], [77.60233, 12.20336], [77.60174, 12.20274], [77.60106, 12.202], [77.60075, 12.2016], [77.6003, 12.20115], [77.59963, 12.20046], [77.59942, 12.20024], [77.59823, 12.19968], [77.59735, 12.19943], [77.59674, 12.19927], [77.59639, 12.1992], [77.59544, 12.19901], [77.5951, 12.19894], [77.5951, 12.19894], [77.59397, 12.19908], [77.59333, 12.19914], [77.59193, 12.1993], [77.59166, 12.19933], [77.59039, 12.19945], [77.59039, 12.19945], [77.58908, 12.19952], [77.58833, 12.19946], [77.58708, 12.19926], [77.58683, 12.19919], [77.5857, 12.19888], [77.58451, 12.19856], [77.58415, 12.19844], [77.58356, 12.19831], [77.58257, 12.19811], [77.58141, 12.1981], [77.58042, 12.1981], [77.58042, 12.1981], [77.58006, 12.19821], [77.57916, 12.19848], [77.57916, 12.19848], [77.57874, 12.19851], [77.57873, 12.19851], [77.57833, 12.19861], [77.57794, 12.19874], [77.57749, 12.19908], [77.57712, 12.19943], [77.57646, 12.20002], [77.57599, 12.20036], [77.57481, 12.20088], [77.57451, 12.20094], [77.57451, 12.20094], [77.57386, 12.20089], [77.57289, 12.20071], [77.57258, 12.20063], [77.57248, 12.2006], [77.57245, 12.20059], [77.57145, 12.20028], [77.57133, 12.20023], [77.57043, 12.20008], [77.56994, 12.19995], [77.56959, 12.1998], [77.56943, 12.19974], [77.569, 12.19939], [77.56868, 12.19902], [77.56846, 12.19877], [77.56772, 12.19769], [77.56752, 12.19744], [77.5665, 12.19669], [77.56611, 12.19645], [77.5658, 12.19633], [77.56531, 12.19631], [77.5648, 12.19635], [77.56433, 12.19641], [77.56362, 12.19655], [77.56361, 12.19655], [77.56328, 12.19659], [77.56328, 12.19659], [77.56311, 12.19678], [77.5627, 12.19719], [77.56206, 12.19772], [77.56129, 12.19837], [77.56089, 12.19858], [77.56055, 12.1988], [77.55985, 12.19913], [77.55946, 12.19926], [77.55838, 12.19963], [77.55782, 12.19979], [77.55692, 12.20012], [77.55627, 12.2003], [77.55518, 12.20073], [77.55518, 12.20073], [77.55466, 12.20081], [77.5544, 12.20084], [77.5544, 12.20084], [77.55362, 12.20126], [77.55328, 12.20137], [77.55295, 12.20147], [77.55238, 12.20178], [77.55182, 12.20214], [77.55135, 12.20246], [77.5506, 12.203], [77.54973, 12.20351], [77.54924, 12.20378], [77.54897, 12.20395], [77.5484, 12.20422], [77.54793, 12.20436], [77.54793, 12.20436], [77.54694, 12.20456], [77.54626, 12.20466], [77.54589, 12.20465], [77.54542, 12.20456], [77.54468, 12.20437], [77.54396, 12.20413], [77.54315, 12.20385], [77.54294, 12.20374], [77.54181, 12.2032], [77.54137, 12.20298], [77.54051, 12.20251], [77.54017, 12.20238], [77.53919, 12.20167], [77.53872, 12.20133], [77.53796, 12.20061], [77.53757, 12.20019], [77.53687, 12.19941], [77.53648, 12.19901], [77.53585, 12.19862], [77.53559, 12.19853], [77.53521, 12.19841], [77.5342, 12.19845], [77.53385, 12.19853], [77.53385, 12.19853], [77.53348, 12.19872], [77.53255, 12.19903], [77.53254, 12.19903], [77.53221, 12.19907], [77.53197, 12.19912], [77.53139, 12.19918], [77.53082, 12.19918], [77.53055, 12.1992], [77.52969, 12.19923], [77.52925, 12.19914], [77.52903, 12.19908], [77.52815, 12.19889], [77.52768, 12.19873], [77.52664, 12.19836], [77.52616, 12.19811], [77.52596, 12.19804], [77.52537, 12.19793], [77.52441, 12.19774], [77.52404, 12.19775], [77.52357, 12.19764], [77.52307, 12.19746], [77.52293, 12.19738], [77.52249, 12.19712], [77.52183, 12.19669], [77.52154, 12.1965], [77.52096, 12.19612], [77.52045, 12.19579], [77.52022, 12.19558], [77.51929, 12.19473], [77.51904, 12.19456], [77.5189, 12.19452], [77.51868, 12.19448], [77.51847, 12.1945], [77.51803, 12.19458], [77.51772, 12.19463], [77.51709, 12.19478], [77.5161, 12.19493], [77.51558, 12.19503], [77.51457, 12.19509], [77.51426, 12.19513], [77.5133, 12.19511], [77.5128, 12.19508], [77.51237, 12.19513], [77.511, 12.19515], [77.50954, 12.19526], [77.50923, 12.19532], [77.50797, 12.19544], [77.5077, 12.19548], [77.50618, 12.19568], [77.50546, 12.19575], [77.50451, 12.19583], [77.5041, 12.19588], [77.50291, 12.19599], [77.50252, 12.19608], [77.50169, 12.19621], [77.50118, 12.19628], [77.50021, 12.19655], [77.49945, 12.19675], [77.49945, 12.19675], [77.49892, 12.19707], [77.49892, 12.19707], [77.49777, 12.1975], [77.49697, 12.19765], [77.49633, 12.19765], [77.49561, 12.19756], [77.49399, 12.19733], [77.49298, 12.19728], [77.49271, 12.19733], [77.49271, 12.19733], [77.49218, 12.19764], [77.49127, 12.19851], [77.49081, 12.19896], [77.49039, 12.19956], [77.49008, 12.20015], [77.49005, 12.20053], [77.49002, 12.20081], [77.48977, 12.20103], [77.48977, 12.20103], [77.4894, 12.20117], [77.48877, 12.20135], [77.48877, 12.20135], [77.48813, 12.20166], [77.48813, 12.20166], [77.48786, 12.20191], [77.48737, 12.20274], [77.4869, 12.20341], [77.48645, 12.20381], [77.48645, 12.20381], [77.48576, 12.20409], [77.48505, 12.20425], [77.48429, 12.20434], [77.48303, 12.20438], [77.48156, 12.20446], [77.48043, 12.20467], [77.48002, 12.20477], [77.47878, 12.20506], [77.4767, 12.20529], [77.47544, 12.20559], [77.47544, 12.20559], [77.47486, 12.20597], [77.47384, 12.20659], [77.47383, 12.20659], [77.47277, 12.20715], [77.47277, 12.20715], [77.47277, 12.20715], [77.47229, 12.20753], [77.47204, 12.20789], [77.47191, 12.20842], [77.47192, 12.20895], [77.47225, 12.20989], [77.47268, 12.21075], [77.47347, 12.21224], [77.4743, 12.21381], [77.47509, 12.21511], [77.47615, 12.21694], [77.4771, 12.21899], [77.4782, 12.22137], [77.47872, 12.22236], [77.47983, 12.22426], [77.48052, 12.22577], [77.48115, 12.2268], [77.48218, 12.228], [77.48256, 12.2289], [77.48262, 12.22944], [77.48263, 12.2302], [77.48243, 12.23174], [77.48233, 12.2327], [77.48231, 12.2331], [77.48218, 12.23342], [77.48179, 12.23392], [77.48122, 12.23451], [77.48082, 12.23501], [77.48056, 12.23551], [77.48021, 12.23708], [77.47945, 12.2385], [77.47849, 12.24006], [77.47733, 12.24099], [77.47733, 12.241], [77.47646, 12.24128], [77.47547, 12.2418], [77.47463, 12.24233], [77.47463, 12.24233], [77.47344, 12.24301], [77.47201, 12.24334], [77.47112, 12.24351], [77.47112, 12.24351], [77.47141, 12.24497], [77.47181, 12.24806], [77.47202, 12.24987], [77.47241, 12.2513], [77.47309, 12.25237], [77.47315, 12.25409], [77.47352, 12.25561], [77.4782, 12.25921], [77.47762, 12.2602], [77.4773, 12.26241], [77.47703, 12.26446], [77.47783, 12.26689], [77.47831, 12.26863], [77.47887, 12.27024], [77.47906, 12.27127], [77.48092, 12.27233], [77.48297, 12.27373], [77.4851, 12.27505], [77.48568, 12.27718], [77.48616, 12.27866], [77.48725, 12.28005], [77.4876, 12.2805], [77.48837, 12.28003], [77.48954, 12.27969], [77.49145, 12.27922], [77.49246, 12.27905], [77.49328, 12.27887], [77.49373, 12.27902], [77.49527, 12.28054], [77.49623, 12.28187], [77.49674, 12.28218], [77.49817, 12.28245], [77.49892, 12.28268], [77.49908, 12.28267], [77.49998, 12.28257], [77.50051, 12.28246], [77.50086, 12.28234], [77.50111, 12.28219], [77.50111, 12.28219], [77.50133, 12.28193], [77.50164, 12.28152], [77.50206, 12.28101], [77.50225, 12.28077], [77.5026, 12.28035], [77.50327, 12.27982], [77.50328, 12.27982], [77.50363, 12.27958], [77.50424, 12.2791], [77.5045, 12.27892], [77.50496, 12.27852], [77.50544, 12.27815], [77.50571, 12.27794], [77.50608, 12.27763], [77.50667, 12.27722], [77.50721, 12.27681], [77.50767, 12.27643], [77.50768, 12.27643], [77.50838, 12.276], [77.50838, 12.276], [77.50852, 12.27594], [77.50912, 12.27591], [77.50912, 12.27591], [77.50949, 12.27593], [77.50949, 12.27593], [77.50997, 12.27593], [77.50997, 12.27593], [77.511, 12.27592], [77.511, 12.27592], [77.51197, 12.27592], [77.51197, 12.27592], [77.51251, 12.27594], [77.51251, 12.27594], [77.51294, 12.27594], [77.51294, 12.27594], [77.51337, 12.27575], [77.51337, 12.27575], [77.51337, 12.27575], [77.51337, 12.27575], [77.51337, 12.27575], [77.51337, 12.27575], [77.51376, 12.27553], [77.51376, 12.27553], [77.51376, 12.27553], [77.51376, 12.27553], [77.51402, 12.27538], [77.51402, 12.27538], [77.51419, 12.27538], [77.51419, 12.27538], [77.51464, 12.27554], [77.51464, 12.27554], [77.51536, 12.27584], [77.51536, 12.27584], [77.51626, 12.27612], [77.51626, 12.27612], [77.5173, 12.27651], [77.5173, 12.27651], [77.51784, 12.27669], [77.51784, 12.27669], [77.51843, 12.27691], [77.51843, 12.27691], [77.51944, 12.27722], [77.51944, 12.27722], [77.52056, 12.27767], [77.52056, 12.27767], [77.52136, 12.27789], [77.52136, 12.27789], [77.52188, 12.27795], [77.52188, 12.27795], [77.52228, 12.27792], [77.52228, 12.27792], [77.52273, 12.27788], [77.52273, 12.27788], [77.52302, 12.27796], [77.52302, 12.27796], [77.5237, 12.27823], [77.52456, 12.27854], [77.52456, 12.27854], [77.52507, 12.27862], [77.52507, 12.27862], [77.52558, 12.27871], [77.52558, 12.27871], [77.52611, 12.27871], [77.52611, 12.27871], [77.52661, 12.27871], [77.52661, 12.27871], [77.52688, 12.27869], [77.52688, 12.27869], [77.52712, 12.27871], [77.52722, 12.27877], [77.52737, 12.27896], [77.52757, 12.27948], [77.52785, 12.28003], [77.52808, 12.28057], [77.52817, 12.28084], [77.52848, 12.28139], [77.52878, 12.28201], [77.52907, 12.2827], [77.52943, 12.2834], [77.52974, 12.2839], [77.5302, 12.28469], [77.53066, 12.28557], [77.53097, 12.28609], [77.53121, 12.28655], [77.53145, 12.28723], [77.53161, 12.28782], [77.53189, 12.28853], [77.53213, 12.28939], [77.53246, 12.29033], [77.53272, 12.29123], [77.53279, 12.29141], [77.53284, 12.29146], [77.53293, 12.29149], [77.53293, 12.29149], [77.53317, 12.29146], [77.53317, 12.29146], [77.5336, 12.29138], [77.5336, 12.29138], [77.53421, 12.29134], [77.53421, 12.29134], [77.53456, 12.29132], [77.53457, 12.29132], [77.53457, 12.29132], [77.53458, 12.29132], [77.53458, 12.29132], [77.53527, 12.29126], [77.53527, 12.29126], [77.53617, 12.29123], [77.53617, 12.29123], [77.53677, 12.29116], [77.53677, 12.29116], [77.53723, 12.29108], [77.53723, 12.29108], [77.53819, 12.29104], [77.53819, 12.29104], [77.53908, 12.29094], [77.53908, 12.29094], [77.54012, 12.29087], [77.54012, 12.29087], [77.54085, 12.29083], [77.54085, 12.29083], [77.54121, 12.29083], [77.54121, 12.29083], [77.54177, 12.29082], [77.54177, 12.29082], [77.54243, 12.29076], [77.54243, 12.29076], [77.54317, 12.29077], [77.54317, 12.29077], [77.54407, 12.29072], [77.54407, 12.29072], [77.54515, 12.2907], [77.54515, 12.2907], [77.54654, 12.29066], [77.54654, 12.29066], [77.54758, 12.29066], [77.54758, 12.29066], [77.54844, 12.29063], [77.54844, 12.29063], [77.54902, 12.2907], [77.54903, 12.2907], [77.54951, 12.29079], [77.55025, 12.29096], [77.5507, 12.29105], [77.55108, 12.29115], [77.55134, 12.29121], [77.5514, 12.29141], [77.5515, 12.2919], [77.55153, 12.29232], [77.55162, 12.29319], [77.55169, 12.29368], [77.55183, 12.29475], [77.55199, 12.29606], [77.55208, 12.29646], [77.55227, 12.29702], [77.5524, 12.29745], [77.55264, 12.29791], [77.55293, 12.29832], [77.5533, 12.2989], [77.55359, 12.29937], [77.55411, 12.30017], [77.55428, 12.30049], [77.55462, 12.30102], [77.55504, 12.30159], [77.55539, 12.30185], [77.55583, 12.30212], [77.55638, 12.30249], [77.55715, 12.30285], [77.5578, 12.30316], [77.5579, 12.30321], [77.55793, 12.30341], [77.55793, 12.30395], [77.55794, 12.30471], [77.55791, 12.30538], [77.55789, 12.30568], [77.55791, 12.30573], [77.55791, 12.30573], [77.55806, 12.30576], [77.55848, 12.30576], [77.55919, 12.30579], [77.55994, 12.30581], [77.56073, 12.30585], [77.56175, 12.30588], [77.56267, 12.3059], [77.56401, 12.30594], [77.56475, 12.30597], [77.56537, 12.306], [77.56565, 12.306], [77.56583, 12.30606], [77.56584, 12.30606], [77.56587, 12.3061], [77.566, 12.30624], [77.56601, 12.30625], [77.56633, 12.30679], [77.56663, 12.30733], [77.56694, 12.30793], [77.56723, 12.30871], [77.56757, 12.30941], [77.56782, 12.31011], [77.56783, 12.31012], [77.56784, 12.31014], [77.56825, 12.31095], [77.56852, 12.31169], [77.56861, 12.31192], [77.56904, 12.31285], [77.56906, 12.3129], [77.5694, 12.31364], [77.56984, 12.31468], [77.57024, 12.31544], [77.57062, 12.31647], [77.57091, 12.31712], [77.57121, 12.31787], [77.5715, 12.31855], [77.57152, 12.31861], [77.57179, 12.31922], [77.57181, 12.31926], [77.57211, 12.31991], [77.57248, 12.32077], [77.57258, 12.32102], [77.5726, 12.32105], [77.57301, 12.32167], [77.57335, 12.32214], [77.57353, 12.32241], [77.57394, 12.323], [77.57401, 12.32311], [77.57426, 12.32363], [77.57472, 12.32458], [77.57519, 12.32543], [77.5754, 12.32608], [77.57543, 12.32616], [77.57578, 12.32696], [77.57612, 12.3279], [77.57625, 12.3286], [77.57649, 12.32916], [77.57664, 12.32982], [77.5767, 12.33011], [77.577, 12.33092], [77.57727, 12.33173], [77.5776, 12.33278], [77.57785, 12.33353], [77.57786, 12.33355], [77.57811, 12.33422], [77.57828, 12.33466], [77.57839, 12.335], [77.57846, 12.33534], [77.57846, 12.33535], [77.57852, 12.33555], [77.57858, 12.33567], [77.57866, 12.33569], [77.57912, 12.33579], [77.57972, 12.33592], [77.57973, 12.33592], [77.58005, 12.33598], [77.58026, 12.33599], [77.58046, 12.33611], [77.58046, 12.33611], [77.58084, 12.33664], [77.58101, 12.33682], [77.58123, 12.33704], [77.58169, 12.33738], [77.58171, 12.3374], [77.58222, 12.33777], [77.5826, 12.33786], [77.58331, 12.33789], [77.58332, 12.33789], [77.58402, 12.33794], [77.58467, 12.33798], [77.58468, 12.33798], [77.58554, 12.33804], [77.58581, 12.33813], [77.58595, 12.33819], [77.58649, 12.33842], [77.5873, 12.33874], [77.58816, 12.33903], [77.58894, 12.33929], [77.58917, 12.33936], [77.5892, 12.33937], [77.58978, 12.33956], [77.5907, 12.33988], [77.59121, 12.34005], [77.59124, 12.34006], [77.59154, 12.34014], [77.59175, 12.34042], [77.59201, 12.34089], [77.59215, 12.34129], [77.59226, 12.34161], [77.59256, 12.34221], [77.59291, 12.34298], [77.59341, 12.34383], [77.59396, 12.34464], [77.59435, 12.34523], [77.59476, 12.34583], [77.59528, 12.34654], [77.59566, 12.34713], [77.59597, 12.34745], [77.59654, 12.34809], [77.59692, 12.34853], [77.59729, 12.34887], [77.5979, 12.34929], [77.59829, 12.3495], [77.5983, 12.34951], [77.59854, 12.34978], [77.59869, 12.34999], [77.59882, 12.35035], [77.59882, 12.35035], [77.59882, 12.35036], [77.59886, 12.35058], [77.59883, 12.35089], [77.59882, 12.35105], [77.59884, 12.35158], [77.59887, 12.3522], [77.59897, 12.35298], [77.59916, 12.35361], [77.59939, 12.35443], [77.59951, 12.35508], [77.59988, 12.35623], [77.60026, 12.35714], [77.60043, 12.35769], [77.6006, 12.35795], [77.60074, 12.35822], [77.60076, 12.35825], [77.60082, 12.3584], [77.60084, 12.35843], [77.60091, 12.3585], [77.60133, 12.35861], [77.60195, 12.35874], [77.60196, 12.35874], [77.60254, 12.35886], [77.60325, 12.35908], [77.60325, 12.35908], [77.60325, 12.35908], [77.6037, 12.35921], [77.60422, 12.3595], [77.60471, 12.35973], [77.60472, 12.35974], [77.60521, 12.36001], [77.60547, 12.3601], [77.60565, 12.36017], [77.60639, 12.36055], [77.6064, 12.36055], [77.6064, 12.36055], [77.6069, 12.36073], [77.60761, 12.36105], [77.60762, 12.36105], [77.60838, 12.36108], [77.60839, 12.36108], [77.60913, 12.36104], [77.60986, 12.36103], [77.60986, 12.36103], [77.61097, 12.36103], [77.61208, 12.36107], [77.61233, 12.36108], [77.61302, 12.36112], [77.61303, 12.36112], [77.61341, 12.3614], [77.61382, 12.36182], [77.61382, 12.36182], [77.6141, 12.36208], [77.6141, 12.36208], [77.61435, 12.36224], [77.6145, 12.3625], [77.6145, 12.3625], [77.61456, 12.36279], [77.61471, 12.36316], [77.61492, 12.36374], [77.61493, 12.36376], [77.6151, 12.3643], [77.61516, 12.36458], [77.61529, 12.36514], [77.61551, 12.36583], [77.61566, 12.36626], [77.61566, 12.36626], [77.61568, 12.36633], [77.61584, 12.36687], [77.61609, 12.3675], [77.61626, 12.36806], [77.61633, 12.36824], [77.61633, 12.36824], [77.61652, 12.36823], [77.61652, 12.36823], [77.61681, 12.3682], [77.61681, 12.3682], [77.61685, 12.36838], [77.61688, 12.36878], [77.61695, 12.3692], [77.617, 12.3698], [77.61711, 12.37071], [77.61719, 12.37174], [77.61728, 12.37265], [77.61741, 12.3735], [77.61757, 12.3743], [77.61764, 12.37527], [77.61773, 12.37645], [77.6178, 12.37741], [77.61786, 12.37831], [77.61796, 12.37942], [77.61808, 12.38066], [77.61809, 12.3811], [77.61816, 12.3812], [77.61855, 12.38139], [77.61925, 12.38169], [77.61998, 12.38196], [77.62031, 12.38217], [77.62048, 12.38251], [77.62058, 12.38301], [77.62065, 12.38354], [77.6208, 12.38468], [77.62089, 12.38584], [77.62103, 12.38679], [77.62113, 12.38759], [77.62131, 12.38841], [77.62146, 12.38955], [77.62165, 12.39068], [77.62175, 12.39141], [77.62187, 12.39241], [77.62198, 12.3932], [77.62213, 12.39414], [77.62229, 12.39532], [77.62244, 12.39672], [77.62259, 12.39818], [77.62277, 12.39977], [77.62294, 12.40126], [77.62308, 12.40219], [77.62319, 12.4035], [77.62319, 12.40351], [77.62333, 12.40501], [77.62341, 12.40645], [77.62338, 12.40739], [77.62338, 12.40739], [77.62338, 12.40739], [77.62338, 12.40745], [77.62335, 12.40978], [77.62335, 12.41131], [77.62335, 12.41136], [77.62334, 12.41198], [77.62333, 12.41224], [77.62333, 12.41226], [77.62339, 12.41241], [77.6237, 12.41269], [77.62495, 12.41386], [77.62531, 12.41417], [77.62571, 12.4146], [77.62615, 12.41497], [77.62689, 12.4157], [77.6275, 12.41627], [77.62799, 12.41683], [77.62873, 12.41741], [77.62917, 12.41787], [77.62922, 12.41793], [77.62955, 12.4182], [77.62962, 12.41832], [77.62965, 12.41856], [77.62962, 12.41901], [77.62954, 12.4202], [77.6294, 12.42126], [77.62924, 12.4228], [77.62919, 12.4238], [77.62912, 12.42472], [77.62909, 12.42513], [77.62887, 12.42547], [77.62852, 12.42593], [77.62789, 12.42678], [77.6274, 12.4275], [77.62709, 12.42804], [77.62674, 12.42887], [77.62673, 12.42887], [77.62671, 12.42893], [77.62636, 12.42973], [77.62622, 12.43016], [77.62608, 12.43076], [77.6261, 12.43117], [77.62623, 12.43177], [77.62642, 12.43234], [77.62685, 12.43324], [77.62698, 12.43369], [77.627, 12.43457], [77.62704, 12.43531], [77.627, 12.43608], [77.62694, 12.43652], [77.62685, 12.43734], [77.6269, 12.43828], [77.62684, 12.43922], [77.6269, 12.44013], [77.62698, 12.44112], [77.62713, 12.44139], [77.62745, 12.44193], [77.62745, 12.44193], [77.62794, 12.44265], [77.62819, 12.44321], [77.62819, 12.44322], [77.62852, 12.44406], [77.629, 12.44525], [77.62915, 12.44635], [77.62915, 12.44759], [77.62914, 12.44847], [77.62902, 12.4494], [77.62894, 12.45007], [77.62877, 12.45059], [77.62847, 12.4515], [77.62807, 12.45242], [77.62777, 12.45304], [77.62759, 12.45333], [77.62734, 12.4542], [77.62734, 12.4542], [77.62734, 12.4542], [77.62725, 12.4554], [77.62725, 12.4554], [77.62719, 12.45633], [77.62712, 12.45712], [77.62714, 12.45755], [77.62717, 12.45796], [77.62717, 12.45845], [77.62745, 12.4587], [77.62783, 12.45898], [77.62811, 12.45914], [77.62811, 12.45914], [77.62811, 12.45914], [77.62822, 12.4592], [77.62833, 12.45927], [77.62881, 12.45972], [77.62923, 12.46024], [77.62942, 12.46065], [77.62948, 12.46118], [77.62972, 12.46234], [77.62989, 12.4631], [77.63012, 12.46405], [77.63014, 12.46451], [77.63028, 12.46461], [77.63048, 12.46476], [77.63058, 12.46487], [77.6306, 12.4649], [77.6306, 12.46511], [77.6306, 12.46511], [77.63047, 12.46522], [77.63025, 12.46531], [77.62987, 12.46547], [77.62968, 12.4656], [77.62968, 12.4656], [77.62968, 12.4656], [77.62956, 12.46575], [77.62956, 12.46575], [77.62944, 12.46588], [77.62932, 12.46618], [77.62923, 12.46649], [77.62924, 12.46677], [77.62933, 12.46691], [77.62934, 12.46692], [77.62947, 12.46717], [77.62964, 12.46738], [77.63004, 12.4677], [77.63028, 12.46792], [77.63044, 12.46812], [77.63059, 12.46848], [77.6307, 12.46895], [77.63071, 12.4692], [77.63072, 12.46926], [77.63072, 12.46944], [77.63071, 12.46968], [77.63071, 12.47008], [77.63076, 12.47027], [77.63187, 12.47034], [77.63249, 12.47039], [77.6327, 12.47043], [77.63295, 12.47044], [77.63314, 12.47045], [77.63315, 12.4706], [77.63315, 12.4706], [77.63313, 12.47062], [77.63307, 12.47067], [77.63298, 12.47075], [77.63298, 12.47075], [77.63291, 12.47082], [77.63263, 12.47108], [77.63263, 12.47108], [77.63253, 12.47121], [77.63248, 12.47126], [77.63235, 12.47167], [77.63238, 12.47501], [77.6326, 12.47531], [77.63278, 12.47571], [77.63276, 12.47605], [77.63266, 12.47639], [77.63261, 12.47665], [77.63259, 12.47686], [77.63253, 12.47713], [77.63246, 12.4774], [77.63237, 12.47792], [77.63237, 12.47801], [77.63236, 12.47855], [77.6324, 12.47912], [77.63257, 12.47983], [77.63274, 12.48021], [77.63288, 12.48071], [77.63292, 12.48135], [77.63295, 12.48169], [77.63326, 12.48311], [77.63331, 12.4834], [77.63339, 12.48348], [77.63341, 12.48367], [77.63375, 12.48451], [77.63394, 12.48493], [77.63404, 12.48526], [77.63407, 12.48537], [77.63422, 12.48579], [77.6344, 12.48614], [77.63459, 12.48641], [77.63472, 12.48666], [77.6348, 12.48684], [77.63463, 12.4876], [77.63443, 12.48817], [77.63406, 12.48861], [77.63406, 12.48861], [77.63334, 12.48888], [77.63334, 12.48888], [77.63297, 12.48901], [77.63279, 12.48917], [77.63257, 12.48943], [77.63236, 12.48992], [77.63205, 12.49066], [77.63184, 12.49097], [77.63147, 12.49159], [77.63096, 12.49236], [77.63054, 12.49299], [77.63007, 12.49371], [77.63004, 12.49375], [77.63004, 12.49375], [77.62999, 12.49381], [77.62953, 12.49443], [77.62948, 12.4945], [77.62889, 12.49493], [77.62889, 12.49493], [77.62866, 12.49502], [77.62857, 12.49506], [77.62827, 12.49527], [77.62769, 12.49557], [77.62707, 12.49588], [77.62681, 12.49606], [77.62643, 12.49624], [77.62643, 12.49624], [77.62609, 12.49631], [77.6259, 12.49611], [77.62554, 12.49573], [77.62518, 12.49534], [77.62472, 12.49478], [77.62417, 12.49404], [77.62367, 12.49335], [77.62325, 12.49272], [77.62286, 12.49213], [77.62218, 12.4911], [77.62166, 12.49033], [77.62118, 12.48959], [77.62089, 12.48921], [77.62033, 12.4884], [77.6195, 12.48744], [77.61899, 12.48668], [77.61831, 12.48575], [77.61767, 12.48454], [77.61738, 12.48405], [77.61688, 12.48332], [77.61649, 12.48284], [77.61615, 12.48256], [77.61563, 12.48218], [77.6149, 12.48164], [77.61436, 12.48121], [77.61353, 12.48056], [77.61269, 12.47979], [77.61216, 12.47933], [77.61138, 12.47858], [77.61085, 12.47807], [77.61026, 12.47757], [77.6099, 12.47721], [77.60906, 12.47646], [77.60855, 12.47602], [77.60799, 12.47559], [77.60742, 12.47512], [77.60742, 12.47512], [77.60742, 12.47512], [77.60711, 12.47503], [77.60679, 12.47493], [77.60678, 12.47492], [77.60678, 12.47492], [77.60676, 12.47492], [77.60598, 12.47472], [77.60598, 12.47472], [77.6056, 12.47464], [77.60519, 12.4746], [77.60466, 12.47465], [77.60415, 12.47472], [77.60342, 12.47486], [77.60234, 12.47513], [77.60149, 12.47531], [77.6005, 12.47559], [77.59965, 12.47576], [77.59877, 12.47605], [77.5984, 12.47618], [77.59804, 12.47606], [77.59804, 12.47606], [77.59779, 12.47587], [77.59763, 12.47575], [77.59736, 12.47553], [77.59736, 12.47553], [77.59691, 12.47522], [77.59691, 12.47522], [77.59664, 12.47505], [77.59619, 12.4749], [77.59592, 12.4748], [77.59569, 12.4748], [77.59524, 12.47489], [77.59477, 12.47508], [77.59416, 12.47536], [77.59405, 12.47551], [77.59391, 12.47593], [77.59379, 12.47617], [77.59349, 12.47635], [77.5928, 12.47658], [77.59107, 12.47683], [77.59023, 12.47689], [77.58973, 12.47713], [77.58921, 12.47733], [77.58869, 12.47768], [77.58816, 12.47758], [77.58748, 12.47739], [77.58702, 12.47726], [77.58664, 12.47715], [77.58637, 12.47711], [77.58603, 12.47734], [77.58562, 12.47773], [77.58494, 12.47825], [77.58445, 12.47856], [77.58394, 12.47871], [77.58368, 12.4788], [77.58368, 12.47895], [77.58368, 12.47895], [77.58396, 12.47932], [77.58397, 12.47932], [77.58397, 12.47932], [77.58404, 12.47947], [77.58433, 12.48001], [77.58433, 12.48001], [77.58478, 12.48074], [77.58478, 12.48074], [77.58505, 12.4813], [77.58511, 12.4814], [77.58524, 12.48159], [77.58524, 12.48159], [77.58552, 12.48178], [77.58597, 12.48195], [77.58622, 12.48201], [77.58639, 12.48215], [77.58648, 12.48228], [77.58666, 12.48253], [77.58673, 12.48264], [77.58673, 12.48264], [77.58725, 12.48336], [77.58725, 12.48336], [77.58766, 12.48403], [77.58811, 12.48466], [77.58875, 12.48563], [77.58875, 12.48563], [77.58887, 12.48572], [77.58928, 12.48564], [77.58977, 12.48561], [77.59035, 12.4855], [77.59084, 12.48545], [77.59123, 12.48535], [77.5917, 12.48519], [77.5918, 12.48518], [77.59187, 12.48524], [77.59187, 12.48524], [77.59193, 12.48529], [77.59193, 12.48529], [77.59232, 12.48592], [77.59262, 12.48664], [77.5929, 12.48727], [77.59314, 12.48766], [77.59348, 12.48798], [77.5935, 12.488], [77.5935, 12.488], [77.59402, 12.48851], [77.59402, 12.48851], [77.59462, 12.48889], [77.59542, 12.48941], [77.59588, 12.48975], [77.59617, 12.48996], [77.59617, 12.48996], [77.59658, 12.49037], [77.59658, 12.49037], [77.59729, 12.4912], [77.59767, 12.49161], [77.59803, 12.49207], [77.59854, 12.49257], [77.59883, 12.49298], [77.59923, 12.49341], [77.59966, 12.49382], [77.60017, 12.49426], [77.60062, 12.49468], [77.60089, 12.49496], [77.60127, 12.49548], [77.6016, 12.49592], [77.6018, 12.49633], [77.60225, 12.49693], [77.6024, 12.49715], [77.60247, 12.49718], [77.60272, 12.49731], [77.60272, 12.49731], [77.60309, 12.49744], [77.60309, 12.49744], [77.60462, 12.49816], [77.60462, 12.49816], [77.60541, 12.49852], [77.60541, 12.49852], [77.60641, 12.49893], [77.60641, 12.49893], [77.60667, 12.49904], [77.60729, 12.49931], [77.60729, 12.49931], [77.60869, 12.49993], [77.60869, 12.49993], [77.60975, 12.50041], [77.61031, 12.50071], [77.61089, 12.50106], [77.61123, 12.50132], [77.61185, 12.50185], [77.61319, 12.50305], [77.61402, 12.50363], [77.61484, 12.50402], [77.61507, 12.50416], [77.61515, 12.50444], [77.61509, 12.50592], [77.6152, 12.50719], [77.61544, 12.50788], [77.61572, 12.50837], [77.61623, 12.50896], [77.61633, 12.50918], [77.61629, 12.5093], [77.61485, 12.51074], [77.61424, 12.51153], [77.61306, 12.51321], [77.61249, 12.51462], [77.61252, 12.51468], [77.61253, 12.5148], [77.6125, 12.51486], [77.61248, 12.51492], [77.61242, 12.51494], [77.61242, 12.51494], [77.6122, 12.51492], [77.61196, 12.51479], [77.61177, 12.51468], [77.61169, 12.51455], [77.61171, 12.51447], [77.61116, 12.51426], [77.61116, 12.51426], [77.61116, 12.51426], [77.61089, 12.51426], [77.60945, 12.51422], [77.60945, 12.51421], [77.60677, 12.51413], [77.60572, 12.51441], [77.60235, 12.51537], [77.60128, 12.51567], [77.59795, 12.51578], [77.59501, 12.51606], [77.59393, 12.51608], [77.59358, 12.51601], [77.59358, 12.51601], [77.59278, 12.5156], [77.59269, 12.51556], [77.59215, 12.51519], [77.59215, 12.51519], [77.59177, 12.51516], [77.59083, 12.51527], [77.58968, 12.51558], [77.58924, 12.51558], [77.58924, 12.51558], [77.58758, 12.51491], [77.5872, 12.51475], [77.58779, 12.52019], [77.58779, 12.52019], [77.5878, 12.52028], [77.5885, 12.52662], [77.58845, 12.52683], [77.58691, 12.52952], [77.58662, 12.53021], [77.58604, 12.53246], [77.58546, 12.5368], [77.58542, 12.53873], [77.58553, 12.53977], [77.5855, 12.54084], [77.58555, 12.54172], [77.58575, 12.5429], [77.58638, 12.54566], [77.5864, 12.54572], [77.58628, 12.54585], [77.58267, 12.54942], [77.58035, 12.55159], [77.58035, 12.55159], [77.58035, 12.55165], [77.58056, 12.55945], [77.58071, 12.56537], [77.58075, 12.56571], [77.58066, 12.56591], [77.58011, 12.56657], [77.57974, 12.56722], [77.57965, 12.56748], [77.57968, 12.5679], [77.57983, 12.5683], [77.58016, 12.56886], [77.58031, 12.56918], [77.58032, 12.56928], [77.58027, 12.56961], [77.57934, 12.57309], [77.58004, 12.57353], [77.58327, 12.57534], [77.58358, 12.5756], [77.5838, 12.57588], [77.5839, 12.57623], [77.58397, 12.57683], [77.58407, 12.57848], [77.58425, 12.5788], [77.58703, 12.58444], [77.58806, 12.58664], [77.58852, 12.58761], [77.58917, 12.58933], [77.58908, 12.58991], [77.58915, 12.59026], [77.58925, 12.59041], [77.5895, 12.59083], [77.58953, 12.59118], [77.58941, 12.59142], [77.58941, 12.59144], [77.58928, 12.59259], [77.58932, 12.59268], [77.58932, 12.59268], [77.58932, 12.59268], [77.58948, 12.59268], [77.59118, 12.59192], [77.59132, 12.59193], [77.59132, 12.59193], [77.59142, 12.59209], [77.59156, 12.59354], [77.59157, 12.59402], [77.5916, 12.59501], [77.59163, 12.5961], [77.59169, 12.59876], [77.5917, 12.59928], [77.59176, 12.60229], [77.59181, 12.60539], [77.59173, 12.608], [77.59157, 12.60864], [77.59155, 12.60909], [77.59155, 12.60912], [77.59129, 12.61036], [77.59101, 12.61217], [77.591, 12.61221], [77.591, 12.61399], [77.591, 12.61399], [77.591, 12.61399], [77.59102, 12.61524], [77.59139, 12.61634], [77.59264, 12.61935], [77.59316, 12.62012], [77.59407, 12.62106], [77.59485, 12.62163], [77.5956, 12.6223], [77.59587, 12.62238], [77.59587, 12.62238], [77.59645, 12.62239], [77.59728, 12.62239], [77.59728, 12.62239], [77.59776, 12.6225], [77.59822, 12.62273], [77.59873, 12.6231], [77.59896, 12.62335], [77.59964, 12.62407], [77.59988, 12.62432], [77.60055, 12.62498], [77.60117, 12.62535], [77.60163, 12.6255], [77.6034, 12.62626], [77.60462, 12.62676], [77.60602, 12.628], [77.60623, 12.62891], [77.60604, 12.63061], [77.60512, 12.63228], [77.60388, 12.63404], [77.60333, 12.63532], [77.60474, 12.63759], [77.60385, 12.63896], [77.60073, 12.64303], [77.60073, 12.64303], [77.59964, 12.64269], [77.59956, 12.64284], [77.5995, 12.64295], [77.59949, 12.64297], [77.59933, 12.64327], [77.5993, 12.64332], [77.59832, 12.64515], [77.59668, 12.64888], [77.59668, 12.64889], [77.59612, 12.65028], [77.59726, 12.65744], [77.59727, 12.65748], [77.59816, 12.66318], [77.59887, 12.66716], [77.60429, 12.66858], [77.60693, 12.66932], [77.61888, 12.67265], [77.62391, 12.6739], [77.6291, 12.67457], [77.63284, 12.67505], [77.63708, 12.67562], [77.63788, 12.67571], [77.64159, 12.67768], [77.64398, 12.67895], [77.6462, 12.67922], [77.64836, 12.67937], [77.64836, 12.67937], [77.64909, 12.6796], [77.65013, 12.68008], [77.65256, 12.681], [77.65541, 12.68213], [77.6573, 12.68284], [77.65951, 12.6837], [77.65991, 12.68384], [77.65991, 12.68384], [77.66057, 12.68362], [77.66186, 12.68299], [77.66263, 12.68274], [77.66272, 12.68271], [77.66277, 12.6827], [77.66645, 12.68159], [77.6707, 12.68051], [77.6707, 12.68051], [77.67638, 12.67947], [77.67638, 12.67947], [77.67509, 12.67309], [77.67714, 12.67144], [77.67707, 12.67035], [77.6771, 12.66631], [77.67736, 12.66352], [77.67745, 12.66291], [77.6785, 12.66238], [77.67893, 12.6621], [77.67865, 12.66039], [77.67865, 12.66039], [77.68281, 12.66027], [77.68462, 12.66006], [77.68598, 12.65991], [77.68691, 12.65973], [77.68991, 12.65899], [77.68993, 12.65899], [77.68993, 12.65899], [77.69032, 12.65931], [77.69166, 12.66055], [77.69191, 12.66069], [77.69191, 12.66069], [77.69191, 12.66069], [77.69219, 12.66084], [77.69367, 12.66087], [77.69412, 12.66089], [77.70129, 12.66061], [77.70236, 12.66081], [77.70252, 12.66086], [77.70326, 12.66108], [77.70423, 12.6614], [77.705, 12.66201], [77.70564, 12.66257], [77.70624, 12.66327], [77.70685, 12.66431], [77.70708, 12.66455], [77.70708, 12.66455], [77.70713, 12.6646], [77.70754, 12.66511], [77.70807, 12.66557], [77.70837, 12.66575], [77.70976, 12.66636], [77.71093, 12.66703], [77.71101, 12.66712], [77.71114, 12.66772], [77.71148, 12.67004], [77.71171, 12.67078], [77.7119, 12.67228], [77.71214, 12.67433], [77.71186, 12.67558], [77.71191, 12.67686], [77.71175, 12.67883], [77.71159, 12.68314], [77.71314, 12.68268], [77.71778, 12.68145], [77.71919, 12.68106], [77.72265, 12.67969], [77.72276, 12.67965], [77.72277, 12.67965], [77.72305, 12.67547], [77.72329, 12.67401], [77.72349, 12.67331], [77.72386, 12.67198], [77.72417, 12.6715], [77.72443, 12.67128], [77.72462, 12.67119], [77.72462, 12.67119], [77.72519, 12.67124], [77.72808, 12.67206], [77.72932, 12.67242], [77.72996, 12.67258], [77.73006, 12.6726], [77.73051, 12.67252], [77.73353, 12.67253], [77.73581, 12.67239], [77.73695, 12.6723], [77.73699, 12.67229], [77.73701, 12.67229], [77.7381, 12.6722], [77.73851, 12.67224], [77.73916, 12.67247], [77.73993, 12.67299], [77.73993, 12.67299], [77.73996, 12.67303], [77.74047, 12.67365], [77.74094, 12.67449], [77.74114, 12.67498], [77.74118, 12.67546], [77.74122, 12.6764], [77.74097, 12.67722], [77.74062, 12.67821], [77.74058, 12.67829], [77.74073, 12.67919], [77.74083, 12.67993], [77.7409, 12.68026], [77.74114, 12.6818], [77.74123, 12.68241], [77.74118, 12.68367], [77.74113, 12.68456], [77.74112, 12.6849], [77.74107, 12.68544], [77.74101, 12.68577], [77.7408, 12.68629], [77.74035, 12.68709], [77.73977, 12.68783], [77.73932, 12.68846], [77.73796, 12.68957], [77.73719, 12.69011], [77.73575, 12.69117], [77.73502, 12.69185], [77.73495, 12.692], [77.73488, 12.69315], [77.73492, 12.69329], [77.73502, 12.69371], [77.73518, 12.69402], [77.73518, 12.69402], [77.73533, 12.69426], [77.73645, 12.69603], [77.73746, 12.69775], [77.73863, 12.6992], [77.73913, 12.69963], [77.73948, 12.69977], [77.73988, 12.69988], [77.74028, 12.69988], [77.74068, 12.69987], [77.74213, 12.69985], [77.74407, 12.69974], [77.74609, 12.69954], [77.74694, 12.69941], [77.74848, 12.69911], [77.74888, 12.699], [77.74924, 12.69872], [77.75055, 12.69806], [77.75116, 12.69786], [77.75149, 12.69779], [77.75235, 12.6976], [77.75399, 12.69738], [77.75429, 12.69734], [77.75539, 12.69724], [77.75673, 12.69715], [77.75821, 12.69714]]]}}, {"type": "Feature", "properties": {"taluk": "Hosur", "district": "Krishnagiri", "state": "Tamil Nadu"}, "geometry": {"type": "Polygon", "coordinates": [[[77.93607, 12.88451], [77.9361, 12.88361], [77.936, 12.88311], [77.93527, 12.88163], [77.93463, 12.88066], [77.93361, 12.88067], [77.93224, 12.88059], [77.93067, 12.88052], [77.92902, 12.88053], [77.92902, 12.88053], [77.92901, 12.88078], [77.92901, 12.88078], [77.92827, 12.88107], [77.92731, 12.88145], [77.92714, 12.88152], [77.92706, 12.88054], [77.92695, 12.87979], [77.92689, 12.87886], [77.927, 12.87824], [77.9273, 12.87684], [77.92738, 12.87642], [77.92772, 12.87492], [77.92772, 12.87492], [77.92774, 12.87491], [77.9304, 12.87422], [77.93204, 12.8738], [77.9354, 12.87327], [77.93887, 12.87255], [77.94162, 12.87273], [77.94163, 12.87274], [77.94178, 12.87164], [77.94167, 12.87085], [77.94133, 12.86874], [77.94121, 12.86822], [77.94036, 12.86778], [77.93982, 12.86747], [77.93974, 12.86721], [77.93944, 12.86705], [77.93865, 12.86684], [77.93795, 12.8668], [77.93692, 12.86682], [77.93662, 12.86684], [77.93642, 12.86667], [77.93612, 12.8659], [77.93592, 12.86484], [77.93587, 12.86396], [77.936, 12.86343], [77.93589, 12.86313], [77.93559, 12.86275], [77.93471, 12.86272], [77.93369, 12.86271], [77.9335, 12.86203], [77.93337, 12.86171], [77.93267, 12.86178], [77.9317, 12.86184], [77.93135, 12.86181], [77.93124, 12.86169], [77.93092, 12.86107], [77.93073, 12.86082], [77.93011, 12.86023], [77.92963, 12.85992], [77.92865, 12.85933], [77.92799, 12.85881], [77.92736, 12.85805], [77.92696, 12.85752], [77.92652, 12.85745], [77.92563, 12.85737], [77.92503, 12.85738], [77.92433, 12.85733], [77.92423, 12.85733], [77.92394, 12.85715], [77.92367, 12.85678], [77.92313, 12.85601], [77.92281, 12.85556], [77.92285, 12.85481], [77.92286, 12.85478], [77.92287, 12.85473], [77.92303, 12.85392], [77.92334, 12.85302], [77.92386, 12.85189], [77.92424, 12.85112], [77.92402, 12.85063], [77.92373, 12.84998], [77.92347, 12.84919], [77.92338, 12.84891], [77.92315, 12.8483], [77.92258, 12.84722], [77.92194, 12.84603], [77.92078, 12.84396], [77.9199, 12.8424], [77.91932, 12.84142], [77.91872, 12.84134], [77.91842, 12.84133], [77.91823, 12.84124], [77.9179, 12.84071], [77.91773, 12.84028], [77.91747, 12.83974], [77.91732, 12.83917], [77.91725, 12.83885], [77.91727, 12.83827], [77.91728, 12.83823], [77.91728, 12.83818], [77.91728, 12.83817], [77.91729, 12.83793], [77.91747, 12.83703], [77.91789, 12.8356], [77.91796, 12.83507], [77.91801, 12.83446], [77.91791, 12.83355], [77.91801, 12.83213], [77.91807, 12.83135], [77.91857, 12.83058], [77.91955, 12.8294], [77.92008, 12.82878], [77.92055, 12.82816], [77.92056, 12.82816], [77.92147, 12.82864], [77.92256, 12.8294], [77.92337, 12.82996], [77.92404, 12.83029], [77.92482, 12.83045], [77.92587, 12.83038], [77.92651, 12.83028], [77.92676, 12.83017], [77.92676, 12.83017], [77.92714, 12.82975], [77.9275, 12.82891], [77.92792, 12.82783], [77.92825, 12.82715], [77.92852, 12.82678], [77.92896, 12.82639], [77.92896, 12.82638], [77.92969, 12.82593], [77.93031, 12.82556], [77.93093, 12.82521], [77.93221, 12.82438], [77.93336, 12.82368], [77.93434, 12.8231], [77.9348, 12.82293], [77.93553, 12.82292], [77.93696, 12.82302], [77.93838, 12.82313], [77.93929, 12.82311], [77.94026, 12.82304], [77.94065, 12.82332], [77.94068, 12.82334], [77.94057, 12.82241], [77.94057, 12.8224], [77.94056, 12.82231], [77.94027, 12.82133], [77.93998, 12.82006], [77.93957, 12.81889], [77.93907, 12.81775], [77.93905, 12.81772], [77.94006, 12.81701], [77.94153, 12.81594], [77.94263, 12.81507], [77.94338, 12.81438], [77.94434, 12.81346], [77.94528, 12.81269], [77.94532, 12.81266], [77.94548, 12.81305], [77.94582, 12.81338], [77.94617, 12.81355], [77.94641, 12.81351], [77.94714, 12.8133], [77.94728, 12.81324], [77.9473, 12.81323], [77.94743, 12.81318], [77.94854, 12.81276], [77.94943, 12.81257], [77.94983, 12.81233], [77.95046, 12.81184], [77.95113, 12.81119], [77.9514, 12.81087], [77.95184, 12.81029], [77.95213, 12.80993], [77.95225, 12.80967], [77.95231, 12.80958], [77.95232, 12.80955], [77.95235, 12.80918], [77.95235, 12.80918], [77.95244, 12.80892], [77.95304, 12.80834], [77.95361, 12.80784], [77.95402, 12.80754], [77.9543, 12.80705], [77.95431, 12.80702], [77.95453, 12.80592], [77.95462, 12.8052], [77.95464, 12.80459], [77.95469, 12.8044], [77.9547, 12.80436], [77.95493, 12.80398], [77.95527, 12.80368], [77.95587, 12.80332], [77.95651, 12.80302], [77.95669, 12.80291], [77.9567, 12.8029], [77.95682, 12.80202], [77.95686, 12.80148], [77.95727, 12.80022], [77.95754, 12.79885], [77.95764, 12.79843], [77.95762, 12.79792], [77.9575, 12.7972], [77.95747, 12.79683], [77.95743, 12.79617], [77.95746, 12.79541], [77.95762, 12.79425], [77.95772, 12.79353], [77.95759, 12.79257], [77.95745, 12.79142], [77.95721, 12.79029], [77.9572, 12.7903], [77.95633, 12.79042], [77.95562, 12.78983], [77.95535, 12.7896], [77.95477, 12.78882], [77.95417, 12.78786], [77.95361, 12.78678], [77.95334, 12.78619], [77.95333, 12.78616], [77.95313, 12.78581], [77.95274, 12.78524], [77.95241, 12.78484], [77.9523, 12.78474], [77.95186, 12.78434], [77.95151, 12.78407], [77.95115, 12.78419], [77.95069, 12.78443], [77.95019, 12.78379], [77.95085, 12.78327], [77.95038, 12.78229], [77.94982, 12.78129], [77.9496, 12.78084], [77.94923, 12.78044], [77.94821, 12.77964], [77.94759, 12.77905], [77.94758, 12.77904], [77.94821, 12.77816], [77.94853, 12.77733], [77.94855, 12.77729], [77.94872, 12.77672], [77.94878, 12.77597], [77.94893, 12.7748], [77.94894, 12.77478], [77.94902, 12.7746], [77.94948, 12.77421], [77.94974, 12.77396], [77.94974, 12.77395], [77.94984, 12.77363], [77.94985, 12.77361], [77.94999, 12.77329], [77.95004, 12.77318], [77.95009, 12.77316], [77.9501, 12.77316], [77.9502, 12.77264], [77.95021, 12.77259], [77.95023, 12.77192], [77.95015, 12.77125], [77.95, 12.77036], [77.94973, 12.76941], [77.94944, 12.76837], [77.94909, 12.76733], [77.94873, 12.76641], [77.94871, 12.76636], [77.94928, 12.7662], [77.94957, 12.7662], [77.94993, 12.76634], [77.95017, 12.76637], [77.95042, 12.76629], [77.95071, 12.76619], [77.95147, 12.76591], [77.95196, 12.76584], [77.95218, 12.76587], [77.95252, 12.76613], [77.95279, 12.7664], [77.95344, 12.76591], [77.95429, 12.76543], [77.95486, 12.76516], [77.95536, 12.76508], [77.95583, 12.76504], [77.95643, 12.76511], [77.95688, 12.76488], [77.9574, 12.76461], [77.9583, 12.76444], [77.95996, 12.76469], [77.9607, 12.7648], [77.96124, 12.76489], [77.96178, 12.76478], [77.96271, 12.76466], [77.96319, 12.76472], [77.96413, 12.765], [77.96491, 12.7652], [77.96559, 12.76525], [77.96587, 12.7652], [77.96602, 12.76492], [77.96604, 12.76488], [77.96605, 12.76438], [77.96608, 12.76383], [77.96608, 12.7638], [77.96631, 12.7635], [77.96697, 12.76297], [77.96739, 12.76235], [77.9674, 12.76234], [77.96783, 12.76109], [77.96785, 12.76105], [77.96828, 12.76019], [77.96867, 12.75971], [77.96867, 12.7597], [77.96879, 12.75932], [77.96891, 12.75828], [77.96891, 12.75826], [77.96935, 12.75737], [77.96993, 12.75676], [77.97028, 12.75655], [77.97043, 12.75631], [77.97045, 12.75628], [77.97044, 12.75561], [77.97039, 12.75522], [77.97041, 12.75445], [77.97055, 12.75405], [77.97071, 12.75323], [77.97071, 12.75322], [77.97098, 12.75262], [77.971, 12.75257], [77.9708, 12.75237], [77.96989, 12.75169], [77.96972, 12.75158], [77.96956, 12.75152], [77.969, 12.75149], [77.96854, 12.7516], [77.96825, 12.75172], [77.96781, 12.752], [77.96725, 12.75232], [77.967, 12.75234], [77.96642, 12.75217], [77.96586, 12.75214], [77.96529, 12.75213], [77.96492, 12.75206], [77.9644, 12.75204], [77.96403, 12.75205], [77.96366, 12.75221], [77.9633, 12.75228], [77.96279, 12.752], [77.96248, 12.75188], [77.96196, 12.75188], [77.96145, 12.75185], [77.96102, 12.75169], [77.9604, 12.75133], [77.96033, 12.75129], [77.95978, 12.75071], [77.95928, 12.75051], [77.95864, 12.75013], [77.95826, 12.74978], [77.9577, 12.7496], [77.95705, 12.74949], [77.9561, 12.74945], [77.95559, 12.74944], [77.9554, 12.74934], [77.95525, 12.74923], [77.95507, 12.74884], [77.95501, 12.74865], [77.9549, 12.74799], [77.95458, 12.74701], [77.9543, 12.74607], [77.95404, 12.74552], [77.95359, 12.74536], [77.95297, 12.74517], [77.95173, 12.74491], [77.9509, 12.74467], [77.95029, 12.74435], [77.94956, 12.74397], [77.9492, 12.74376], [77.94856, 12.74335], [77.94827, 12.74296], [77.94803, 12.74247], [77.94765, 12.74209], [77.94718, 12.74194], [77.94664, 12.74191], [77.94609, 12.74194], [77.94552, 12.74201], [77.94495, 12.74201], [77.94457, 12.742], [77.94381, 12.74179], [77.94318, 12.74154], [77.9425, 12.74106], [77.94183, 12.74034], [77.94123, 12.73954], [77.94084, 12.73904], [77.94079, 12.73865], [77.94077, 12.73835], [77.94102, 12.73758], [77.94113, 12.73701], [77.9411, 12.7368], [77.94088, 12.73629], [77.94045, 12.73553], [77.94027, 12.73473], [77.94027, 12.73393], [77.94037, 12.73334], [77.94037, 12.73329], [77.94091, 12.73321], [77.94139, 12.73293], [77.94237, 12.73247], [77.94292, 12.73242], [77.94434, 12.7323], [77.94549, 12.73217], [77.94597, 12.73226], [77.94622, 12.73243], [77.94644, 12.73304], [77.94691, 12.73415], [77.94754, 12.73396], [77.94892, 12.73368], [77.94961, 12.73323], [77.94983, 12.73311], [77.95045, 12.73277], [77.9506, 12.7325], [77.95061, 12.73247], [77.95072, 12.732], [77.95067, 12.73169], [77.95057, 12.73132], [77.95043, 12.7308], [77.95044, 12.73043], [77.95044, 12.73041], [77.95061, 12.73011], [77.95095, 12.72972], [77.95096, 12.72971], [77.95107, 12.72919], [77.95093, 12.72842], [77.95081, 12.72766], [77.95063, 12.72638], [77.95061, 12.72495], [77.95061, 12.72445], [77.95061, 12.72442], [77.95097, 12.72416], [77.9514, 12.72406], [77.95212, 12.72404], [77.95277, 12.72406], [77.95359, 12.72419], [77.95466, 12.7241], [77.95523, 12.72401], [77.95577, 12.72378], [77.95635, 12.72347], [77.95686, 12.72341], [77.95715, 12.72349], [77.9574, 12.72356], [77.95765, 12.72351], [77.95781, 12.72335], [77.95781, 12.72334], [77.95795, 12.72296], [77.95811, 12.7223], [77.95815, 12.72139], [77.95799, 12.7205], [77.95801, 12.71998], [77.9582, 12.71903], [77.95851, 12.71818], [77.95864, 12.7176], [77.95857, 12.71742], [77.95831, 12.71717], [77.9581, 12.71713], [77.95796, 12.71716], [77.95745, 12.71726], [77.95716, 12.71713], [77.95673, 12.71694], [77.95605, 12.71638], [77.95506, 12.71533], [77.95406, 12.71438], [77.95319, 12.71339], [77.95285, 12.71305], [77.95251, 12.71292], [77.95203, 12.71291], [77.95155, 12.71303], [77.95091, 12.71314], [77.95009, 12.71318], [77.94859, 12.7135], [77.94754, 12.71368], [77.94674, 12.71399], [77.9462, 12.71411], [77.94584, 12.71394], [77.94577, 12.71367], [77.94579, 12.71337], [77.94588, 12.71279], [77.94588, 12.71241], [77.94576, 12.71209], [77.94531, 12.7112], [77.94496, 12.71007], [77.94452, 12.70866], [77.94425, 12.70795], [77.94424, 12.70792], [77.94485, 12.70765], [77.94557, 12.7072], [77.94581, 12.7069], [77.94583, 12.70689], [77.94589, 12.70659], [77.94607, 12.70557], [77.94608, 12.7047], [77.94607, 12.70405], [77.94607, 12.70401], [77.94647, 12.70374], [77.94701, 12.70342], [77.94748, 12.70328], [77.94821, 12.70293], [77.94877, 12.70266], [77.94921, 12.70237], [77.94985, 12.70202], [77.95047, 12.70172], [77.95103, 12.7013], [77.95103, 12.70129], [77.95126, 12.70048], [77.95139, 12.69981], [77.95134, 12.69921], [77.95123, 12.69866], [77.95097, 12.69833], [77.95048, 12.69819], [77.94997, 12.69817], [77.94951, 12.69815], [77.94885, 12.69818], [77.94821, 12.69826], [77.9477, 12.6984], [77.9471, 12.69868], [77.94659, 12.69879], [77.94603, 12.69883], [77.94565, 12.69887], [77.94518, 12.69877], [77.94465, 12.69848], [77.94438, 12.69819], [77.94404, 12.69807], [77.94391, 12.69808], [77.94353, 12.69812], [77.94303, 12.6984], [77.94244, 12.69863], [77.94204, 12.69865], [77.94174, 12.69858], [77.9412, 12.69832], [77.94077, 12.69828], [77.94061, 12.69834], [77.94047, 12.69849], [77.94038, 12.69866], [77.94037, 12.69869], [77.94033, 12.69882], [77.94039, 12.6991], [77.94049, 12.69951], [77.94045, 12.69988], [77.94043, 12.69991], [77.94024, 12.7002], [77.93975, 12.70044], [77.93923, 12.70062], [77.93855, 12.70083], [77.9381, 12.70095], [77.93779, 12.70095], [77.93758, 12.70084], [77.93729, 12.70069], [77.93686, 12.70043], [77.93667, 12.70034], [77.93649, 12.70033], [77.93631, 12.70039], [77.93609, 12.70057], [77.93583, 12.70086], [77.93563, 12.70118], [77.93529, 12.70118], [77.93474, 12.70111], [77.9338, 12.70096], [77.9333, 12.70088], [77.93325, 12.70059], [77.93315, 12.69991], [77.93298, 12.69937], [77.93275, 12.699], [77.93236, 12.69875], [77.93194, 12.69855], [77.93153, 12.69851], [77.93125, 12.69856], [77.93102, 12.69869], [77.93083, 12.69888], [77.93056, 12.69924], [77.93029, 12.69952], [77.92992, 12.69952], [77.92929, 12.69951], [77.92856, 12.69951], [77.92814, 12.69955], [77.92769, 12.69966], [77.92732, 12.6998], [77.92644, 12.70008], [77.9259, 12.7003], [77.92565, 12.70035], [77.92506, 12.70049], [77.92458, 12.70058], [77.92416, 12.70057], [77.92365, 12.70051], [77.9233, 12.70041], [77.92273, 12.70031], [77.92169, 12.70025], [77.92108, 12.70022], [77.92079, 12.70024], [77.92059, 12.70026], [77.92055, 12.70021], [77.92055, 12.7002], [77.92025, 12.69972], [77.92016, 12.69928], [77.92005, 12.69867], [77.92036, 12.69686], [77.92043, 12.69644], [77.92042, 12.69602], [77.92027, 12.69061], [77.92018, 12.69007], [77.91951, 12.68596], [77.91768, 12.68351], [77.91519, 12.68281], [77.91469, 12.68146], [77.91538, 12.67917], [77.91548, 12.67885], [77.91575, 12.67869], [77.91755, 12.67766], [77.91897, 12.67617], [77.91903, 12.67378], [77.91799, 12.67222], [77.91457, 12.672], [77.91301, 12.67147], [77.91255, 12.67067], [77.91333, 12.66984], [77.91374, 12.6694], [77.91393, 12.66931], [77.91506, 12.66876], [77.91482, 12.66774], [77.91385, 12.6669], [77.91382, 12.66688], [77.91381, 12.66687], [77.91308, 12.66582], [77.913, 12.66453], [77.91456, 12.66349], [77.91463, 12.66344], [77.91566, 12.66314], [77.91631, 12.66292], [77.9164, 12.66289], [77.91718, 12.6626], [77.91762, 12.66236], [77.91821, 12.66224], [77.91854, 12.66222], [77.91924, 12.66236], [77.92008, 12.66276], [77.9207, 12.66319], [77.92126, 12.66361], [77.92181, 12.66403], [77.92258, 12.66445], [77.92327, 12.6648], [77.92423, 12.6652], [77.92453, 12.66523], [77.92516, 12.66538], [77.92564, 12.66545], [77.92586, 12.66547], [77.9263, 12.66545], [77.92672, 12.66544], [77.92701, 12.66543], [77.92742, 12.66542], [77.92782, 12.6655], [77.92839, 12.66571], [77.92917, 12.66599], [77.92991, 12.66634], [77.93062, 12.66672], [77.93134, 12.66696], [77.93214, 12.66729], [77.93282, 12.6675], [77.93337, 12.66776], [77.9338, 12.66801], [77.93404, 12.66817], [77.93419, 12.66833], [77.93421, 12.66835], [77.93421, 12.66829], [77.93428, 12.66754], [77.93431, 12.66686], [77.93439, 12.66649], [77.9344, 12.66646], [77.93466, 12.66602], [77.93493, 12.66559], [77.93518, 12.6653], [77.93557, 12.66501], [77.93607, 12.6647], [77.93667, 12.66455], [77.93736, 12.66438], [77.93779, 12.66422], [77.93837, 12.66386], [77.93964, 12.66317], [77.94025, 12.66287], [77.94085, 12.66253], [77.94126, 12.66233], [77.94196, 12.66195], [77.94256, 12.66168], [77.94257, 12.66169], [77.9426, 12.66168], [77.94261, 12.66167], [77.94289, 12.66145], [77.94293, 12.66141], [77.94383, 12.66081], [77.94388, 12.66078], [77.94427, 12.66042], [77.94444, 12.6602], [77.94445, 12.6602], [77.94476, 12.65997], [77.94519, 12.65974], [77.94523, 12.65972], [77.94566, 12.65927], [77.94652, 12.65825], [77.94708, 12.65777], [77.94713, 12.65773], [77.94782, 12.65732], [77.94829, 12.65697], [77.94882, 12.65669], [77.94887, 12.65666], [77.94916, 12.65631], [77.94931, 12.65595], [77.94951, 12.65528], [77.94961, 12.65478], [77.94982, 12.65422], [77.95009, 12.65394], [77.95012, 12.6539], [77.95039, 12.65376], [77.95103, 12.65364], [77.95176, 12.65339], [77.95207, 12.65322], [77.95212, 12.6532], [77.95237, 12.65292], [77.95248, 12.65253], [77.95261, 12.65213], [77.95272, 12.65128], [77.95273, 12.65028], [77.9527, 12.64958], [77.95264, 12.64867], [77.95269, 12.6478], [77.95281, 12.6472], [77.95308, 12.64653], [77.95331, 12.64608], [77.95361, 12.64552], [77.95364, 12.64547], [77.9536, 12.64546], [77.95345, 12.64509], [77.95316, 12.64464], [77.95277, 12.64409], [77.95244, 12.64363], [77.95215, 12.64332], [77.95185, 12.64304], [77.9516, 12.6429], [77.95115, 12.64265], [77.95056, 12.64224], [77.94992, 12.64182], [77.94963, 12.64161], [77.94948, 12.64148], [77.94924, 12.64118], [77.94893, 12.64078], [77.94856, 12.64039], [77.94805, 12.63969], [77.94778, 12.63948], [77.94758, 12.63942], [77.94731, 12.63941], [77.94698, 12.63943], [77.94651, 12.63947], [77.94605, 12.63949], [77.94563, 12.63954], [77.94484, 12.63957], [77.94438, 12.63956], [77.94409, 12.63956], [77.94397, 12.6396], [77.94381, 12.63972], [77.94349, 12.64002], [77.94294, 12.64058], [77.9426, 12.64103], [77.94227, 12.64137], [77.94188, 12.64173], [77.9412, 12.64222], [77.94071, 12.64256], [77.94023, 12.64283], [77.93979, 12.64303], [77.93944, 12.6433], [77.9388, 12.64374], [77.93804, 12.6443], [77.93745, 12.6448], [77.93696, 12.64505], [77.93643, 12.64523], [77.93617, 12.64526], [77.93573, 12.64519], [77.93509, 12.64496], [77.93419, 12.64481], [77.93327, 12.64472], [77.9327, 12.64472], [77.93176, 12.6447], [77.9315, 12.64471], [77.93107, 12.64478], [77.93051, 12.64485], [77.93006, 12.64488], [77.92963, 12.64496], [77.9292, 12.64498], [77.9287, 12.64498], [77.92865, 12.64498], [77.92863, 12.64504], [77.9285, 12.64534], [77.92824, 12.64554], [77.92778, 12.64584], [77.92718, 12.64609], [77.92669, 12.64636], [77.92616, 12.6466], [77.92535, 12.64687], [77.92487, 12.64704], [77.92418, 12.64718], [77.92373, 12.64719], [77.92317, 12.64713], [77.92245, 12.64698], [77.92165, 12.64664], [77.92043, 12.64598], [77.91952, 12.64541], [77.9184, 12.64446], [77.91756, 12.6436], [77.91682, 12.6423], [77.91638, 12.64135], [77.91613, 12.64057], [77.916, 12.63996], [77.91591, 12.63915], [77.91585, 12.63849], [77.91581, 12.63757], [77.9158, 12.63706], [77.91579, 12.6367], [77.91565, 12.63617], [77.91552, 12.63582], [77.91516, 12.63544], [77.91477, 12.63506], [77.91422, 12.63465], [77.91373, 12.63446], [77.91306, 12.63426], [77.91232, 12.63423], [77.91168, 12.63415], [77.91113, 12.63404], [77.91056, 12.63385], [77.91017, 12.63355], [77.90979, 12.63325], [77.90943, 12.63308], [77.90899, 12.6329], [77.90862, 12.63284], [77.90826, 12.63284], [77.90826, 12.63284], [77.90821, 12.63284], [77.90783, 12.6331], [77.90746, 12.63345], [77.90662, 12.63426], [77.90621, 12.63459], [77.90615, 12.63461], [77.90603, 12.63466], [77.90596, 12.63447], [77.90595, 12.63399], [77.90586, 12.6338], [77.90566, 12.63353], [77.90543, 12.63336], [77.9051, 12.63317], [77.90482, 12.63318], [77.90482, 12.63318], [77.90477, 12.63319], [77.9046, 12.63326], [77.90431, 12.63344], [77.90413, 12.63372], [77.90413, 12.63374], [77.90409, 12.63446], [77.90414, 12.6357], [77.90415, 12.63648], [77.90405, 12.63689], [77.90404, 12.63692], [77.90379, 12.63742], [77.90342, 12.63785], [77.90283, 12.63818], [77.90202, 12.6385], [77.90142, 12.6387], [77.90071, 12.63874], [77.90021, 12.63865], [77.89979, 12.63863], [77.89976, 12.63863], [77.89974, 12.63863], [77.89918, 12.63871], [77.89809, 12.63893], [77.89745, 12.63903], [77.8969, 12.63907], [77.89656, 12.63913], [77.89604, 12.63931], [77.89534, 12.63947], [77.89469, 12.63967], [77.89386, 12.63997], [77.89344, 12.63971], [77.89292, 12.63924], [77.89213, 12.63871], [77.89127, 12.63831], [77.89056, 12.63811], [77.88991, 12.63793], [77.88962, 12.6377], [77.88943, 12.63726], [77.8891, 12.63636], [77.88871, 12.63549], [77.88833, 12.6349], [77.88789, 12.63425], [77.88734, 12.63329], [77.8871, 12.63267], [77.88684, 12.63164], [77.88659, 12.63076], [77.88636, 12.6299], [77.88607, 12.62917], [77.88586, 12.62862], [77.88551, 12.62796], [77.88512, 12.6271], [77.88488, 12.62657], [77.88466, 12.62636], [77.88444, 12.62627], [77.88426, 12.62618], [77.88414, 12.62598], [77.88389, 12.6253], [77.88349, 12.62439], [77.88295, 12.62401], [77.88201, 12.62331], [77.88186, 12.62292], [77.88151, 12.6215], [77.88137, 12.62064], [77.88092, 12.61894], [77.88075, 12.61844], [77.88043, 12.61817], [77.8794, 12.61748], [77.87904, 12.61721], [77.87877, 12.61609], [77.87824, 12.61622], [77.87786, 12.61642], [77.87533, 12.61742], [77.87374, 12.61799], [77.87259, 12.61849], [77.87199, 12.61852], [77.86885, 12.61871], [77.86457, 12.61902], [77.8642, 12.6197], [77.86389, 12.62011], [77.86321, 12.6203], [77.86303, 12.62082], [77.86263, 12.62113], [77.86245, 12.62172], [77.86158, 12.62282], [77.86162, 12.6235], [77.86191, 12.62403], [77.86168, 12.62446], [77.86161, 12.62505], [77.86125, 12.62552], [77.86153, 12.62667], [77.86179, 12.62736], [77.86191, 12.62762], [77.86224, 12.62831], [77.8624, 12.6287], [77.86257, 12.62909], [77.86262, 12.62988], [77.86267, 12.63068], [77.8627, 12.63171], [77.86273, 12.63273], [77.86308, 12.63377], [77.86327, 12.63426], [77.86346, 12.63475], [77.86386, 12.63578], [77.86394, 12.63645], [77.86509, 12.63651], [77.86688, 12.63651], [77.86745, 12.63757], [77.86832, 12.63861], [77.86924, 12.63866], [77.87064, 12.63862], [77.87108, 12.63866], [77.87137, 12.63885], [77.87147, 12.63897], [77.87153, 12.63909], [77.87156, 12.63923], [77.8716, 12.63981], [77.87178, 12.64106], [77.8719, 12.64139], [77.87209, 12.64161], [77.87224, 12.64173], [77.87237, 12.6418], [77.87339, 12.64203], [77.87514, 12.6424], [77.8775, 12.64292], [77.87699, 12.64341], [77.87646, 12.64392], [77.87554, 12.64474], [77.87476, 12.64542], [77.87407, 12.6461], [77.87258, 12.64729], [77.87158, 12.64802], [77.87106, 12.64844], [77.87054, 12.64884], [77.87024, 12.64911], [77.87015, 12.64926], [77.87014, 12.64935], [77.87016, 12.64949], [77.87022, 12.64965], [77.8711, 12.65071], [77.87205, 12.65188], [77.87273, 12.65273], [77.87284, 12.65309], [77.87293, 12.65392], [77.87331, 12.6544], [77.87398, 12.65476], [77.87422, 12.65573], [77.87438, 12.6565], [77.87439, 12.6565], [77.8744, 12.65655], [77.8744, 12.65656], [77.87441, 12.65661], [77.87441, 12.65661], [77.87442, 12.65666], [77.87442, 12.65667], [77.87443, 12.65672], [77.87443, 12.65672], [77.87444, 12.65677], [77.87444, 12.65677], [77.87446, 12.65682], [77.87446, 12.65683], [77.87447, 12.65688], [77.87448, 12.65693], [77.87449, 12.65699], [77.87449, 12.65699], [77.8745, 12.65704], [77.8745, 12.65704], [77.87451, 12.65709], [77.87451, 12.6571], [77.87453, 12.65715], [77.87453, 12.65715], [77.87454, 12.6572], [77.87454, 12.65721], [77.87455, 12.65725], [77.87455, 12.65726], [77.87456, 12.65731], [77.87456, 12.65731], [77.87456, 12.65732], [77.87472, 12.65805], [77.87501, 12.65919], [77.87526, 12.66044], [77.87539, 12.66116], [77.87541, 12.66126], [77.87551, 12.66178], [77.87425, 12.66197], [77.87369, 12.6622], [77.87254, 12.66259], [77.87033, 12.66336], [77.86915, 12.66378], [77.86924, 12.66451], [77.86873, 12.66463], [77.86668, 12.66452], [77.86486, 12.66482], [77.86352, 12.66515], [77.86299, 12.6653], [77.86193, 12.6654], [77.8618, 12.66543], [77.86172, 12.66544], [77.86164, 12.66546], [77.86091, 12.66566], [77.8599, 12.66614], [77.85877, 12.66701], [77.85774, 12.66765], [77.85718, 12.6681], [77.85705, 12.66829], [77.85693, 12.66851], [77.85672, 12.66913], [77.85672, 12.66913], [77.8567, 12.66917], [77.85669, 12.66922], [77.85667, 12.66927], [77.85666, 12.66931], [77.85664, 12.66936], [77.85663, 12.6694], [77.85661, 12.66945], [77.85644, 12.66996], [77.85589, 12.67159], [77.85556, 12.67263], [77.85503, 12.67422], [77.85423, 12.67592], [77.85378, 12.67644], [77.85351, 12.67659], [77.85326, 12.67665], [77.85309, 12.67658], [77.85289, 12.67637], [77.85253, 12.6759], [77.85184, 12.67505], [77.85151, 12.67473], [77.85072, 12.67429], [77.8493, 12.67382], [77.84854, 12.67346], [77.84852, 12.67345], [77.84839, 12.67339], [77.84822, 12.67322], [77.84816, 12.67276], [77.84821, 12.67234], [77.84828, 12.67151], [77.84836, 12.67037], [77.84833, 12.66979], [77.84815, 12.66917], [77.84757, 12.66791], [77.84695, 12.66683], [77.84662, 12.66658], [77.84634, 12.66647], [77.84603, 12.66644], [77.84569, 12.66647], [77.84537, 12.66652], [77.84479, 12.66665], [77.84397, 12.66688], [77.84246, 12.66731], [77.83988, 12.66796], [77.83975, 12.66705], [77.83984, 12.66642], [77.83984, 12.66578], [77.83818, 12.66533], [77.83827, 12.66385], [77.8377, 12.66332], [77.8365, 12.66363], [77.83542, 12.6607], [77.83542, 12.6607], [77.8354, 12.66065], [77.83539, 12.66061], [77.83537, 12.66056], [77.83535, 12.66051], [77.83534, 12.66047], [77.83532, 12.66042], [77.8353, 12.66038], [77.83516, 12.65999], [77.83491, 12.65932], [77.83421, 12.65753], [77.83363, 12.65601], [77.83328, 12.65501], [77.83249, 12.6525], [77.83237, 12.65218], [77.83235, 12.65214], [77.83234, 12.65211], [77.8321, 12.65156], [77.83042, 12.65182], [77.82979, 12.65185], [77.82869, 12.65062], [77.82826, 12.65012], [77.82702, 12.64878], [77.827, 12.64876], [77.827, 12.64876], [77.827, 12.64876], [77.82698, 12.64876], [77.82629, 12.64897], [77.82579, 12.64907], [77.82559, 12.64904], [77.82493, 12.64888], [77.82446, 12.64863], [77.82363, 12.64839], [77.82307, 12.64839], [77.82179, 12.64831], [77.82123, 12.64827], [77.8202, 12.64832], [77.81902, 12.64856], [77.81731, 12.64886], [77.81729, 12.64887], [77.81729, 12.64883], [77.81739, 12.64749], [77.81748, 12.64676], [77.81771, 12.64505], [77.8178, 12.6442], [77.81782, 12.64409], [77.81782, 12.64409], [77.81782, 12.64403], [77.81782, 12.64403], [77.81783, 12.64398], [77.81783, 12.64398], [77.81783, 12.64392], [77.81783, 12.64392], [77.81784, 12.64387], [77.81784, 12.64387], [77.81784, 12.64381], [77.81784, 12.64381], [77.81785, 12.64376], [77.81785, 12.64376], [77.81786, 12.64371], [77.81786, 12.64371], [77.81786, 12.64365], [77.81786, 12.64365], [77.81787, 12.6436], [77.81787, 12.6436], [77.81787, 12.64354], [77.81787, 12.64354], [77.81788, 12.64349], [77.81788, 12.64349], [77.81788, 12.64343], [77.81788, 12.64343], [77.81789, 12.64338], [77.81789, 12.64338], [77.81789, 12.64333], [77.81789, 12.64333], [77.8179, 12.64327], [77.8179, 12.64327], [77.8179, 12.64322], [77.8179, 12.64322], [77.81791, 12.64316], [77.81791, 12.64316], [77.81792, 12.64311], [77.81792, 12.64311], [77.81792, 12.64306], [77.81792, 12.64306], [77.81793, 12.643], [77.81793, 12.643], [77.81793, 12.64295], [77.81793, 12.64295], [77.81794, 12.64289], [77.81794, 12.64289], [77.81794, 12.64284], [77.81794, 12.64284], [77.81795, 12.64278], [77.81795, 12.64273], [77.81796, 12.64268], [77.81796, 12.64262], [77.81797, 12.64257], [77.81797, 12.64251], [77.81798, 12.64246], [77.81799, 12.6424], [77.81799, 12.64235], [77.818, 12.6423], [77.818, 12.64224], [77.81801, 12.64219], [77.81801, 12.64213], [77.81802, 12.64208], [77.81802, 12.64203], [77.81803, 12.64197], [77.81803, 12.64192], [77.81804, 12.64186], [77.81804, 12.64181], [77.81805, 12.64175], [77.81805, 12.6417], [77.81806, 12.64165], [77.81806, 12.64159], [77.81807, 12.64154], [77.81807, 12.64148], [77.81808, 12.64143], [77.81808, 12.64137], [77.81809, 12.64132], [77.8181, 12.64127], [77.8181, 12.64121], [77.81811, 12.64116], [77.81811, 12.6411], [77.81812, 12.64105], [77.81812, 12.64099], [77.81813, 12.64094], [77.81813, 12.64089], [77.81814, 12.64083], [77.81814, 12.64078], [77.81815, 12.64072], [77.81815, 12.64067], [77.81816, 12.64061], [77.81816, 12.64056], [77.81817, 12.64051], [77.81817, 12.64045], [77.81818, 12.6404], [77.81818, 12.6404], [77.81818, 12.64031], [77.8185, 12.63622], [77.8185, 12.63621], [77.81854, 12.63555], [77.81831, 12.63435], [77.81814, 12.63398], [77.81769, 12.63402], [77.81718, 12.6341], [77.8169, 12.63407], [77.81634, 12.63334], [77.81566, 12.63238], [77.81509, 12.63148], [77.81458, 12.63076], [77.81372, 12.62944], [77.81364, 12.62933], [77.81363, 12.62932], [77.81343, 12.62903], [77.81319, 12.62867], [77.81118, 12.62956], [77.81009, 12.62865], [77.81036, 12.62823], [77.81081, 12.62773], [77.81117, 12.62737], [77.81206, 12.62643], [77.81347, 12.62512], [77.81489, 12.62419], [77.81518, 12.62436], [77.81569, 12.6247], [77.81636, 12.62515], [77.8171, 12.62405], [77.81783, 12.62292], [77.81799, 12.62235], [77.81812, 12.62152], [77.81834, 12.61945], [77.81847, 12.61499], [77.81862, 12.61374], [77.81779, 12.61385], [77.81712, 12.61394], [77.81413, 12.61431], [77.81362, 12.61408], [77.81305, 12.61384], [77.81206, 12.61363], [77.81027, 12.61353], [77.80952, 12.61321], [77.80875, 12.61245], [77.80774, 12.61104], [77.80718, 12.60999], [77.80718, 12.60937], [77.80748, 12.60824], [77.80784, 12.6076], [77.8076, 12.60733], [77.80754, 12.60727], [77.80586, 12.60639], [77.80439, 12.60612], [77.80317, 12.60624], [77.8031, 12.60625], [77.80282, 12.60628], [77.80122, 12.60678], [77.80104, 12.6056], [77.80068, 12.6044], [77.80041, 12.6035], [77.79995, 12.6018], [77.799, 12.60061], [77.79882, 12.59999], [77.79857, 12.59858], [77.7987, 12.59732], [77.7987, 12.59662], [77.79782, 12.5952], [77.79661, 12.59369], [77.79602, 12.59317], [77.79488, 12.59236], [77.79473, 12.59181], [77.79493, 12.59061], [77.79541, 12.58863], [77.79569, 12.58701], [77.79539, 12.58648], [77.79503, 12.58634], [77.79389, 12.58617], [77.79318, 12.58641], [77.79276, 12.58701], [77.7923, 12.58795], [77.79185, 12.58886], [77.79142, 12.58943], [77.79136, 12.58952], [77.79037, 12.59084], [77.78933, 12.5919], [77.78772, 12.59324], [77.78587, 12.5942], [77.7839, 12.59486], [77.78325, 12.59495], [77.78168, 12.59435], [77.78107, 12.59421], [77.77938, 12.59379], [77.77866, 12.59357], [77.77862, 12.59318], [77.77842, 12.59185], [77.77835, 12.59094], [77.77826, 12.59019], [77.77813, 12.58902], [77.77775, 12.58778], [77.77589, 12.5877], [77.77473, 12.58764], [77.77257, 12.58749], [77.77081, 12.58757], [77.77017, 12.58775], [77.76821, 12.58828], [77.76818, 12.58769], [77.76782, 12.58417], [77.76803, 12.58228], [77.76785, 12.58122], [77.76746, 12.57941], [77.76698, 12.57913], [77.76645, 12.57898], [77.76485, 12.5783], [77.76361, 12.57751], [77.76302, 12.5778], [77.76006, 12.57815], [77.75968, 12.57779], [77.7596, 12.57707], [77.75946, 12.57657], [77.75885, 12.57655], [77.75856, 12.57671], [77.75851, 12.57674], [77.75837, 12.57682], [77.75791, 12.57753], [77.75732, 12.57819], [77.75684, 12.57869], [77.75673, 12.57909], [77.75683, 12.57963], [77.75699, 12.58033], [77.75702, 12.58045], [77.75709, 12.58072], [77.75697, 12.58139], [77.75692, 12.58202], [77.75669, 12.58256], [77.75659, 12.5833], [77.75758, 12.58468], [77.75804, 12.58576], [77.75895, 12.58713], [77.75962, 12.58889], [77.76016, 12.59066], [77.7609, 12.59349], [77.76112, 12.59463], [77.76115, 12.59597], [77.76174, 12.59576], [77.7626, 12.59547], [77.76279, 12.59542], [77.76313, 12.59534], [77.76331, 12.59414], [77.76354, 12.5935], [77.76398, 12.59301], [77.76456, 12.59269], [77.76606, 12.59187], [77.76746, 12.59128], [77.76758, 12.59306], [77.76774, 12.59453], [77.7679, 12.59517], [77.76838, 12.59528], [77.76903, 12.5953], [77.76907, 12.5956], [77.76942, 12.59757], [77.76976, 12.5994], [77.77046, 12.59937], [77.77138, 12.59937], [77.77171, 12.59976], [77.77212, 12.60029], [77.77261, 12.60029], [77.77291, 12.60136], [77.77307, 12.60195], [77.77339, 12.60323], [77.77308, 12.60336], [77.77235, 12.6037], [77.77238, 12.60432], [77.77252, 12.60524], [77.77245, 12.60603], [77.77245, 12.60604], [77.77245, 12.60611], [77.77225, 12.60626], [77.77148, 12.60671], [77.76973, 12.60774], [77.76965, 12.60834], [77.76981, 12.60902], [77.76955, 12.60921], [77.76851, 12.60976], [77.76741, 12.61053], [77.76582, 12.6116], [77.76599, 12.6123], [77.76648, 12.61379], [77.76599, 12.61407], [77.76477, 12.61465], [77.76455, 12.61507], [77.76432, 12.61617], [77.76378, 12.61869], [77.76377, 12.61892], [77.76377, 12.61898], [77.76374, 12.62011], [77.764, 12.62105], [77.76448, 12.62273], [77.76498, 12.62541], [77.76511, 12.62681], [77.76519, 12.63021], [77.76514, 12.6307], [77.76397, 12.63082], [77.76387, 12.63189], [77.76232, 12.63193], [77.76204, 12.63293], [77.75959, 12.63282], [77.75822, 12.63299], [77.75754, 12.63323], [77.75731, 12.63348], [77.75719, 12.63452], [77.7571, 12.63692], [77.75591, 12.63716], [77.75591, 12.63802], [77.75619, 12.64069], [77.75631, 12.64164], [77.7564, 12.64192], [77.7564, 12.64192], [77.7564, 12.64193], [77.75641, 12.64198], [77.7565, 12.64207], [77.76036, 12.64333], [77.76042, 12.64334], [77.76047, 12.64335], [77.76053, 12.64336], [77.76058, 12.64337], [77.76064, 12.64338], [77.7607, 12.64339], [77.76075, 12.6434], [77.76081, 12.6434], [77.76086, 12.64341], [77.76092, 12.64342], [77.76098, 12.64343], [77.76103, 12.64344], [77.76109, 12.64345], [77.76114, 12.64346], [77.7612, 12.64347], [77.76126, 12.64348], [77.76131, 12.64349], [77.76137, 12.6435], [77.76142, 12.64351], [77.76148, 12.64352], [77.76153, 12.64352], [77.76159, 12.64353], [77.76165, 12.64354], [77.7617, 12.64355], [77.76176, 12.64356], [77.76181, 12.64357], [77.76187, 12.64358], [77.76193, 12.64359], [77.76198, 12.6436], [77.76204, 12.64361], [77.76209, 12.64362], [77.76215, 12.64363], [77.76221, 12.64364], [77.76226, 12.64365], [77.76232, 12.64366], [77.76237, 12.64366], [77.76243, 12.64367], [77.76248, 12.64368], [77.76254, 12.64369], [77.7626, 12.6437], [77.76265, 12.64371], [77.76271, 12.64372], [77.76276, 12.64373], [77.76282, 12.64374], [77.76288, 12.64375], [77.76293, 12.64376], [77.76299, 12.64377], [77.76304, 12.64378], [77.7631, 12.64379], [77.76315, 12.6438], [77.76321, 12.64381], [77.76327, 12.64382], [77.76332, 12.64383], [77.76338, 12.64383], [77.76343, 12.64384], [77.76349, 12.64385], [77.76355, 12.64386], [77.7636, 12.64387], [77.76366, 12.64388], [77.76398, 12.64394], [77.76766, 12.64458], [77.76791, 12.64464], [77.76792, 12.64464], [77.76797, 12.64466], [77.76802, 12.64467], [77.76808, 12.64469], [77.76813, 12.6447], [77.76819, 12.64472], [77.76824, 12.64473], [77.76829, 12.64475], [77.76835, 12.64476], [77.7684, 12.64478], [77.76846, 12.64479], [77.76851, 12.64481], [77.76856, 12.64482], [77.76862, 12.64484], [77.76867, 12.64485], [77.76872, 12.64487], [77.76878, 12.64488], [77.76883, 12.6449], [77.76889, 12.64491], [77.76894, 12.64493], [77.76899, 12.64494], [77.76905, 12.64495], [77.7691, 12.64497], [77.76916, 12.64498], [77.76921, 12.645], [77.76926, 12.64501], [77.76932, 12.64503], [77.76937, 12.64504], [77.76943, 12.64506], [77.76948, 12.64507], [77.76953, 12.64509], [77.76959, 12.6451], [77.76964, 12.64512], [77.7697, 12.64513], [77.76975, 12.64515], [77.7698, 12.64516], [77.76986, 12.64518], [77.76991, 12.64519], [77.76997, 12.64521], [77.76997, 12.64521], [77.77034, 12.64531], [77.77086, 12.64577], [77.77186, 12.64695], [77.77249, 12.64754], [77.77287, 12.64785], [77.77381, 12.64862], [77.77443, 12.64918], [77.77486, 12.6502], [77.77536, 12.65137], [77.77568, 12.65205], [77.77647, 12.65323], [77.77671, 12.65349], [77.77704, 12.65365], [77.77783, 12.65371], [77.77906, 12.65388], [77.7798, 12.65403], [77.77983, 12.65403], [77.77987, 12.65405], [77.77993, 12.65406], [77.78043, 12.6542], [77.78102, 12.6547], [77.78104, 12.65473], [77.78105, 12.65473], [77.78106, 12.65475], [77.78118, 12.65494], [77.78114, 12.65539], [77.78076, 12.65653], [77.77953, 12.65897], [77.77924, 12.65981], [77.77918, 12.66028], [77.77928, 12.6607], [77.77954, 12.66101], [77.78025, 12.66174], [77.78056, 12.66221], [77.78064, 12.66265], [77.78021, 12.66328], [77.7795, 12.66396], [77.7793, 12.66463], [77.77906, 12.6654], [77.77896, 12.6656], [77.77832, 12.66573], [77.77793, 12.66579], [77.77768, 12.66593], [77.77755, 12.66635], [77.77735, 12.66765], [77.77742, 12.66857], [77.77794, 12.67087], [77.77794, 12.67089], [77.77787, 12.6709], [77.77669, 12.67109], [77.77469, 12.67131], [77.77413, 12.67023], [77.77393, 12.66999], [77.77351, 12.66977], [77.77317, 12.6699], [77.77299, 12.67017], [77.77292, 12.67189], [77.7726, 12.67381], [77.77245, 12.67449], [77.7725, 12.678], [77.76958, 12.67822], [77.76807, 12.67854], [77.76712, 12.67879], [77.76715, 12.67899], [77.7673, 12.67987], [77.7673, 12.67988], [77.76754, 12.68194], [77.76754, 12.68259], [77.76767, 12.68488], [77.7677, 12.68679], [77.76766, 12.68811], [77.76746, 12.69062], [77.76732, 12.69195], [77.76553, 12.69242], [77.76316, 12.69334], [77.76255, 12.69363], [77.76177, 12.69489], [77.76112, 12.6962], [77.76085, 12.69701], [77.76085, 12.69701], [77.7608, 12.69701], [77.76175, 12.69758], [77.76186, 12.69767], [77.76247, 12.69817], [77.76267, 12.69837], [77.76341, 12.69908], [77.76392, 12.69964], [77.76449, 12.70058], [77.7647, 12.70108], [77.76481, 12.70184], [77.76492, 12.70255], [77.76507, 12.70337], [77.76508, 12.70341], [77.76519, 12.70416], [77.76542, 12.70504], [77.76581, 12.70652], [77.76612, 12.70799], [77.7662, 12.70883], [77.76616, 12.70937], [77.766, 12.71022], [77.76588, 12.71125], [77.76585, 12.71209], [77.76578, 12.71302], [77.76575, 12.71374], [77.76699, 12.71358], [77.76837, 12.71354], [77.7686, 12.71341], [77.76875, 12.71324], [77.76948, 12.71259], [77.76955, 12.71252], [77.76952, 12.71301], [77.7695, 12.71333], [77.76957, 12.71445], [77.76977, 12.71567], [77.77, 12.71666], [77.77006, 12.7169], [77.77011, 12.71706], [77.77032, 12.71787], [77.7707, 12.71868], [77.77163, 12.72019], [77.77234, 12.72124], [77.7732, 12.72248], [77.77401, 12.72361], [77.77445, 12.72421], [77.77351, 12.72439], [77.77261, 12.72452], [77.77163, 12.72466], [77.77114, 12.72477], [77.77068, 12.72491], [77.77031, 12.72498], [77.76994, 12.72506], [77.76956, 12.72516], [77.76905, 12.72541], [77.7689, 12.72549], [77.76812, 12.72589], [77.76724, 12.72611], [77.76643, 12.7263], [77.76457, 12.72663], [77.76273, 12.72702], [77.76158, 12.72721], [77.7612, 12.72737], [77.76109, 12.72749], [77.76108, 12.72757], [77.76104, 12.72841], [77.76109, 12.72951], [77.76115, 12.73041], [77.76124, 12.73087], [77.76129, 12.73113], [77.76143, 12.73203], [77.76146, 12.73224], [77.76153, 12.73262], [77.7617, 12.73333], [77.76207, 12.73443], [77.76242, 12.73531], [77.76281, 12.73607], [77.76296, 12.7363], [77.76333, 12.73689], [77.7641, 12.73763], [77.76429, 12.73782], [77.76444, 12.73795], [77.76495, 12.73834], [77.76497, 12.73835], [77.76557, 12.73871], [77.76568, 12.73878], [77.7659, 12.73889], [77.76642, 12.73914], [77.76765, 12.73966], [77.76793, 12.73981], [77.76835, 12.74003], [77.7689, 12.74015], [77.76945, 12.74029], [77.77013, 12.74039], [77.77047, 12.74041], [77.77097, 12.74045], [77.77194, 12.74051], [77.77314, 12.74053], [77.77396, 12.74046], [77.77481, 12.74049], [77.77559, 12.7405], [77.77637, 12.74052], [77.77682, 12.74059], [77.77707, 12.74071], [77.77737, 12.74097], [77.77747, 12.74106], [77.77775, 12.74131], [77.7782, 12.74164], [77.77878, 12.7418], [77.7794, 12.74194], [77.78006, 12.74202], [77.78085, 12.74194], [77.78148, 12.74179], [77.78216, 12.7417], [77.78287, 12.74149], [77.78296, 12.74146], [77.78355, 12.74121], [77.78356, 12.74121], [77.7836, 12.74124], [77.78362, 12.74125], [77.78369, 12.74129], [77.78423, 12.74163], [77.78491, 12.74209], [77.78587, 12.74271], [77.78603, 12.74285], [77.78636, 12.74313], [77.7876, 12.74398], [77.78876, 12.74476], [77.78951, 12.74538], [77.79063, 12.74611], [77.7909, 12.74627], [77.79162, 12.74669], [77.79203, 12.74704], [77.79206, 12.74707], [77.79212, 12.74714], [77.79242, 12.74744], [77.79274, 12.74786], [77.79296, 12.74818], [77.79315, 12.74865], [77.79342, 12.74944], [77.7936, 12.75], [77.79363, 12.75034], [77.79359, 12.75061], [77.79354, 12.75095], [77.79283, 12.75129], [77.79304, 12.7519], [77.79351, 12.75314], [77.7941, 12.75563], [77.79436, 12.75753], [77.79436, 12.75753], [77.79437, 12.75757], [77.79437, 12.75758], [77.79439, 12.75762], [77.79428, 12.75777], [77.79428, 12.75777], [77.79372, 12.75807], [77.79372, 12.75807], [77.79207, 12.7589], [77.78984, 12.75991], [77.78698, 12.76117], [77.78609, 12.76161], [77.78539, 12.76196], [77.7845, 12.76238], [77.7845, 12.76238], [77.78321, 12.76331], [77.78282, 12.76363], [77.78282, 12.76395], [77.78306, 12.76455], [77.78306, 12.76455], [77.78272, 12.76468], [77.78182, 12.76507], [77.78182, 12.76507], [77.78129, 12.7654], [77.78099, 12.76573], [77.78067, 12.76657], [77.77995, 12.76748], [77.77954, 12.76779], [77.77953, 12.76779], [77.77878, 12.76776], [77.77878, 12.76776], [77.77884, 12.76801], [77.77942, 12.76873], [77.78069, 12.77017], [77.78156, 12.77134], [77.78294, 12.77282], [77.78362, 12.7736], [77.78413, 12.77396], [77.78441, 12.77436], [77.78542, 12.77626], [77.78674, 12.77758], [77.78674, 12.77758], [77.78676, 12.77762], [77.78712, 12.7782], [77.78749, 12.77832], [77.78804, 12.7786], [77.78891, 12.7794], [77.78954, 12.78016], [77.78965, 12.78051], [77.78957, 12.78082], [77.78937, 12.7812], [77.78941, 12.78137], [77.79005, 12.78227], [77.79005, 12.78227], [77.79008, 12.7823], [77.79029, 12.78257], [77.79043, 12.78286], [77.7907, 12.78297], [77.79124, 12.78295], [77.79129, 12.78308], [77.79181, 12.78499], [77.79292, 12.78798], [77.79424, 12.78999], [77.7952, 12.79144], [77.79597, 12.79236], [77.79707, 12.79354], [77.79829, 12.79483], [77.79856, 12.79512], [77.79923, 12.79567], [77.79948, 12.79568], [77.79948, 12.79568], [77.79985, 12.79548], [77.80002, 12.79486], [77.80018, 12.79443], [77.80018, 12.79443], [77.80037, 12.79443], [77.80073, 12.79482], [77.80093, 12.79541], [77.80135, 12.7961], [77.80172, 12.79624], [77.80221, 12.79626], [77.8026, 12.79614], [77.80285, 12.79602], [77.80285, 12.79601], [77.80317, 12.7956], [77.8033, 12.79533], [77.80345, 12.79504], [77.80403, 12.79423], [77.80403, 12.79423], [77.80454, 12.79401], [77.80482, 12.79409], [77.80513, 12.79416], [77.80532, 12.7942], [77.80546, 12.79423], [77.80553, 12.79424], [77.80599, 12.79425], [77.80612, 12.79426], [77.80616, 12.79424], [77.80639, 12.79415], [77.80661, 12.79408], [77.80665, 12.79406], [77.80665, 12.79406], [77.80667, 12.79406], [77.8068, 12.79412], [77.80687, 12.79431], [77.80704, 12.7948], [77.80738, 12.79482], [77.80764, 12.79494], [77.80764, 12.79525], [77.80781, 12.796], [77.80786, 12.79634], [77.80838, 12.79643], [77.80854, 12.79673], [77.80807, 12.79706], [77.80765, 12.79753], [77.80732, 12.79805], [77.80729, 12.79874], [77.80728, 12.79939], [77.80728, 12.79939], [77.80617, 12.79945], [77.80534, 12.7995], [77.8051, 12.7996], [77.8051, 12.7996], [77.805, 12.79989], [77.80449, 12.8016], [77.80415, 12.80283], [77.80415, 12.80283], [77.80337, 12.80275], [77.80337, 12.80275], [77.8033, 12.8037], [77.8034, 12.80481], [77.80339, 12.80481], [77.80299, 12.80481], [77.8012, 12.80507], [77.79973, 12.80522], [77.79973, 12.80522], [77.80012, 12.80832], [77.8002, 12.80854], [77.80143, 12.81353], [77.8018, 12.81458], [77.80197, 12.81559], [77.80216, 12.817], [77.805, 12.81653], [77.80802, 12.81591], [77.8099, 12.81553], [77.80952, 12.81696], [77.80952, 12.81697], [77.80951, 12.81702], [77.80886, 12.81934], [77.80796, 12.82304], [77.8085, 12.82483], [77.80901, 12.82646], [77.80955, 12.82867], [77.80981, 12.8306], [77.80988, 12.83153], [77.80988, 12.83153], [77.80889, 12.83165], [77.80669, 12.83213], [77.80669, 12.83213], [77.80669, 12.83213], [77.80621, 12.8322], [77.80454, 12.8326], [77.80325, 12.83289], [77.80225, 12.83315], [77.8007, 12.83349], [77.79992, 12.83354], [77.79908, 12.83345], [77.79815, 12.83383], [77.79695, 12.83424], [77.7959, 12.83453], [77.7959, 12.83453], [77.79528, 12.83571], [77.79467, 12.83691], [77.79418, 12.83815], [77.79355, 12.83943], [77.79246, 12.84213], [77.79246, 12.8427], [77.79273, 12.84325], [77.79273, 12.84325], [77.7932, 12.84301], [77.7932, 12.84301], [77.79358, 12.84344], [77.79391, 12.844], [77.79431, 12.84467], [77.79489, 12.84562], [77.79489, 12.84562], [77.79556, 12.84517], [77.79556, 12.84517], [77.79675, 12.84478], [77.79755, 12.8469], [77.79871, 12.85053], [77.79911, 12.85154], [77.80132, 12.85076], [77.80226, 12.85045], [77.80348, 12.84999], [77.80348, 12.84999], [77.80656, 12.84829], [77.80792, 12.84767], [77.80792, 12.84767], [77.8094, 12.84872], [77.8094, 12.84872], [77.80942, 12.84876], [77.80984, 12.84952], [77.81053, 12.85123], [77.8112, 12.85207], [77.81279, 12.85347], [77.81476, 12.8552], [77.81555, 12.85579], [77.8161, 12.85608], [77.8164, 12.85612], [77.8177, 12.85603], [77.82066, 12.85595], [77.82148, 12.85588], [77.82308, 12.85584], [77.82308, 12.85584], [77.82309, 12.85586], [77.82344, 12.85646], [77.82415, 12.85786], [77.82507, 12.85915], [77.8257, 12.85955], [77.82579, 12.85994], [77.82638, 12.85989], [77.82669, 12.85999], [77.82733, 12.86042], [77.828, 12.86095], [77.82856, 12.86128], [77.8291, 12.86144], [77.82945, 12.86152], [77.83012, 12.86161], [77.83139, 12.86187], [77.83246, 12.86204], [77.83246, 12.86205], [77.83247, 12.86209], [77.83251, 12.86228], [77.83245, 12.86274], [77.83238, 12.86301], [77.83205, 12.86345], [77.83176, 12.86422], [77.83177, 12.86504], [77.83199, 12.86552], [77.83201, 12.86606], [77.8321, 12.86703], [77.83216, 12.86752], [77.83242, 12.86795], [77.83287, 12.86825], [77.83389, 12.86898], [77.83558, 12.86997], [77.83601, 12.87033], [77.83682, 12.87003], [77.83798, 12.86964], [77.83867, 12.86936], [77.84261, 12.86869], [77.84305, 12.86872], [77.84465, 12.86894], [77.84612, 12.86912], [77.84739, 12.86932], [77.84739, 12.86932], [77.84773, 12.86909], [77.84875, 12.86811], [77.85045, 12.8663], [77.85045, 12.8663], [77.85073, 12.86616], [77.85095, 12.86611], [77.8515, 12.86621], [77.85219, 12.86642], [77.85314, 12.86671], [77.85377, 12.86689], [77.85579, 12.86774], [77.85692, 12.86838], [77.85721, 12.86839], [77.85723, 12.86839], [77.85723, 12.86839], [77.85724, 12.86839], [77.85748, 12.86948], [77.85778, 12.86941], [77.85817, 12.86932], [77.85989, 12.86906], [77.86076, 12.86891], [77.86217, 12.86872], [77.86333, 12.86855], [77.8649, 12.86855], [77.86492, 12.86855], [77.86492, 12.86855], [77.86569, 12.86841], [77.86665, 12.86824], [77.86765, 12.86807], [77.8685, 12.86782], [77.86925, 12.86772], [77.87067, 12.86741], [77.87248, 12.86719], [77.87389, 12.86704], [77.87507, 12.86686], [77.87594, 12.8668], [77.8761, 12.86687], [77.87624, 12.86711], [77.87655, 12.86782], [77.87692, 12.86843], [77.87727, 12.86862], [77.87795, 12.86864], [77.8793, 12.86861], [77.88072, 12.86857], [77.88162, 12.86853], [77.88252, 12.86856], [77.88253, 12.86856], [77.88254, 12.86856], [77.88335, 12.86972], [77.88475, 12.87022], [77.88626, 12.87013], [77.88856, 12.86985], [77.88949, 12.86974], [77.89034, 12.86966], [77.89098, 12.8709], [77.89137, 12.8717], [77.89212, 12.8732], [77.89245, 12.87394], [77.89316, 12.87531], [77.89373, 12.87638], [77.89492, 12.87857], [77.89602, 12.87864], [77.89819, 12.87866], [77.90018, 12.8787], [77.90136, 12.87869], [77.90373, 12.87871], [77.90714, 12.87878], [77.90837, 12.87881], [77.90841, 12.87881], [77.90841, 12.87881], [77.90845, 12.87957], [77.90851, 12.8809], [77.90856, 12.88236], [77.90862, 12.88344], [77.90876, 12.88484], [77.90958, 12.88493], [77.91119, 12.88491], [77.91394, 12.88465], [77.91545, 12.88443], [77.91635, 12.88447], [77.91791, 12.88447], [77.92026, 12.88455], [77.92187, 12.88474], [77.92187, 12.88474], [77.92189, 12.88477], [77.92227, 12.8855], [77.92318, 12.88701], [77.92389, 12.88819], [77.92509, 12.89009], [77.92645, 12.89032], [77.92799, 12.89067], [77.92932, 12.89092], [77.92932, 12.89092], [77.93011, 12.89031], [77.93099, 12.88961], [77.93099, 12.88961], [77.93209, 12.88899], [77.93209, 12.88899], [77.93335, 12.88804], [77.93336, 12.88804], [77.93601, 12.88725], [77.93601, 12.88724], [77.93599, 12.88544], [77.93607, 12.88451]]]}}, {"type": "Feature", "properties": {"taluk": "Krishnagiri", "district": "Krishnagiri", "state": "Tamil Nadu"}, "geometry": {"type": "Polygon", "coordinates": [[[78.1345, 12.78189], [78.13462, 12.78189], [78.13473, 12.78191], [78.13483, 12.78195], [78.13491, 12.78201], [78.13504, 12.78214], [78.13514, 12.7823], [78.13526, 12.78267], [78.13536, 12.78288], [78.13544, 12.78299], [78.13553, 12.78305], [78.13562, 12.78309], [78.13572, 12.78309], [78.13583, 12.78307], [78.13595, 12.78304], [78.13606, 12.78293], [78.13606, 12.78293], [78.13613, 12.7828], [78.13615, 12.7826], [78.13617, 12.78233], [78.13617, 12.78191], [78.13617, 12.78191], [78.13618, 12.78191], [78.13625, 12.78191], [78.13629, 12.78187], [78.13629, 12.78187], [78.1363, 12.78187], [78.1363, 12.78186], [78.1363, 12.78186], [78.1363, 12.78185], [78.13677, 12.78231], [78.13701, 12.78227], [78.13721, 12.78225], [78.13739, 12.78221], [78.13765, 12.78208], [78.13799, 12.78192], [78.13869, 12.78179], [78.13909, 12.78178], [78.1396, 12.78174], [78.14031, 12.78173], [78.1404, 12.78173], [78.14058, 12.78173], [78.14071, 12.78172], [78.14102, 12.78169], [78.1418, 12.78156], [78.14212, 12.78155], [78.14252, 12.7815], [78.14326, 12.78134], [78.14358, 12.78133], [78.14394, 12.78123], [78.14479, 12.78106], [78.14515, 12.78093], [78.14555, 12.78078], [78.14628, 12.78045], [78.14662, 12.78038], [78.14693, 12.7802], [78.14767, 12.77986], [78.14797, 12.77975], [78.14837, 12.77963], [78.1488, 12.77946], [78.14885, 12.77945], [78.14889, 12.77943], [78.14922, 12.77931], [78.14953, 12.77914], [78.14977, 12.77901], [78.1499, 12.77895], [78.15053, 12.77865], [78.15084, 12.77849], [78.15115, 12.7782], [78.15176, 12.77779], [78.15203, 12.77761], [78.15233, 12.77735], [78.15294, 12.77684], [78.15315, 12.77669], [78.15351, 12.77645], [78.15373, 12.77627], [78.15382, 12.77622], [78.15399, 12.77613], [78.15423, 12.77603], [78.15454, 12.7759], [78.1548, 12.77576], [78.15554, 12.77542], [78.15591, 12.7753], [78.15619, 12.77516], [78.1569, 12.77481], [78.15724, 12.77466], [78.15769, 12.77443], [78.15833, 12.77414], [78.15866, 12.77402], [78.15902, 12.77386], [78.15971, 12.77356], [78.16007, 12.77344], [78.1604, 12.77329], [78.16109, 12.77294], [78.16144, 12.77282], [78.16181, 12.77264], [78.16249, 12.77226], [78.16273, 12.77212], [78.16302, 12.77196], [78.16375, 12.77157], [78.16404, 12.77145], [78.16439, 12.77128], [78.16514, 12.77098], [78.16553, 12.77087], [78.16587, 12.77072], [78.16648, 12.77047], [78.16693, 12.77033], [78.16727, 12.7702], [78.16755, 12.77011], [78.16766, 12.77008], [78.16774, 12.77008], [78.16783, 12.77008], [78.16785, 12.77009], [78.16785, 12.77009], [78.16796, 12.77011], [78.16805, 12.77015], [78.16834, 12.77039], [78.16854, 12.77061], [78.16908, 12.77124], [78.16928, 12.77147], [78.1695, 12.77175], [78.17013, 12.77242], [78.17036, 12.77265], [78.17065, 12.77295], [78.17129, 12.77357], [78.17163, 12.77379], [78.17198, 12.77393], [78.17234, 12.77409], [78.17279, 12.77422], [78.17296, 12.77428], [78.17312, 12.77433], [78.17354, 12.7745], [78.17428, 12.77477], [78.17456, 12.77487], [78.17487, 12.775], [78.17568, 12.77531], [78.17599, 12.77547], [78.17627, 12.77553], [78.17716, 12.77585], [78.1774, 12.77595], [78.17767, 12.77588], [78.17871, 12.77549], [78.17902, 12.77539], [78.17938, 12.77527], [78.18031, 12.77494], [78.18069, 12.77481], [78.18069, 12.77481], [78.18106, 12.77471], [78.18207, 12.77433], [78.18239, 12.77425], [78.18266, 12.77437], [78.18319, 12.77501], [78.18343, 12.77521], [78.18361, 12.77537], [78.18414, 12.77596], [78.18426, 12.77622], [78.18448, 12.77608], [78.18463, 12.77592], [78.18483, 12.77567], [78.18508, 12.77547], [78.18525, 12.77533], [78.18535, 12.77526], [78.18546, 12.77518], [78.1857, 12.77502], [78.18619, 12.77473], [78.18638, 12.7746], [78.18659, 12.77443], [78.18668, 12.77433], [78.18668, 12.77433], [78.18676, 12.7742], [78.18682, 12.77407], [78.18687, 12.77384], [78.18688, 12.77372], [78.1869, 12.77344], [78.187, 12.7732], [78.187, 12.7732], [78.18712, 12.77304], [78.18724, 12.77286], [78.18742, 12.77266], [78.18745, 12.77264], [78.18792, 12.77247], [78.18803, 12.77241], [78.18821, 12.77232], [78.18845, 12.77223], [78.18851, 12.77221], [78.18851, 12.77221], [78.18864, 12.77214], [78.18876, 12.77206], [78.18896, 12.77191], [78.18898, 12.77193], [78.18916, 12.77205], [78.18931, 12.77212], [78.18958, 12.77221], [78.18975, 12.77226], [78.19008, 12.77235], [78.19028, 12.77242], [78.19047, 12.77251], [78.19087, 12.77278], [78.19107, 12.77293], [78.19134, 12.77321], [78.19162, 12.7735], [78.1918, 12.77378], [78.19208, 12.77428], [78.19234, 12.77424], [78.19258, 12.77419], [78.19338, 12.77408], [78.19364, 12.7741], [78.19386, 12.77405], [78.19471, 12.77391], [78.1949, 12.77388], [78.19503, 12.77386], [78.19516, 12.77384], [78.19596, 12.77358], [78.19629, 12.77347], [78.19661, 12.7733], [78.19689, 12.77318], [78.1975, 12.77292], [78.19779, 12.77279], [78.19808, 12.77269], [78.1989, 12.77232], [78.19921, 12.77222], [78.1994, 12.77213], [78.19976, 12.772], [78.20029, 12.77183], [78.20058, 12.77176], [78.20083, 12.77171], [78.20125, 12.77158], [78.2015, 12.77143], [78.20208, 12.77126], [78.20237, 12.7712], [78.20264, 12.77113], [78.20289, 12.77101], [78.20302, 12.77093], [78.20312, 12.77086], [78.20322, 12.77073], [78.2033, 12.77062], [78.20345, 12.77043], [78.20367, 12.77024], [78.20446, 12.76985], [78.20476, 12.76972], [78.205, 12.76961], [78.20578, 12.76922], [78.20615, 12.76913], [78.20644, 12.76897], [78.20725, 12.7686], [78.20751, 12.76851], [78.20757, 12.76848], [78.20782, 12.76832], [78.20864, 12.76779], [78.20895, 12.76758], [78.20925, 12.76736], [78.20993, 12.7669], [78.21023, 12.76672], [78.2105, 12.76655], [78.21123, 12.76605], [78.21154, 12.76585], [78.21182, 12.76567], [78.21253, 12.76522], [78.21273, 12.7651], [78.21278, 12.76507], [78.21282, 12.76505], [78.21286, 12.76503], [78.21291, 12.76504], [78.21312, 12.76512], [78.21371, 12.76535], [78.21398, 12.76547], [78.21431, 12.76563], [78.21468, 12.76576], [78.21542, 12.76592], [78.21542, 12.76592], [78.21568, 12.76597], [78.21607, 12.76608], [78.21642, 12.76613], [78.21743, 12.76626], [78.21779, 12.76632], [78.21819, 12.76638], [78.21892, 12.76641], [78.21929, 12.76643], [78.21966, 12.76641], [78.22039, 12.76638], [78.22074, 12.76637], [78.22109, 12.76637], [78.22193, 12.76632], [78.22229, 12.76627], [78.22267, 12.76619], [78.2233, 12.76606], [78.22348, 12.76603], [78.22389, 12.76588], [78.2242, 12.76574], [78.22482, 12.7654], [78.22518, 12.76521], [78.22551, 12.76504], [78.22617, 12.76466], [78.22653, 12.76448], [78.22684, 12.76433], [78.2275, 12.76393], [78.22778, 12.76376], [78.22801, 12.76357], [78.22857, 12.76298], [78.22878, 12.76277], [78.22907, 12.7625], [78.22966, 12.7619], [78.22986, 12.76167], [78.23014, 12.7614], [78.23065, 12.76087], [78.23095, 12.76066], [78.23101, 12.76032], [78.23102, 12.76022], [78.23106, 12.75974], [78.23112, 12.75946], [78.2312, 12.75916], [78.23126, 12.75879], [78.23136, 12.75798], [78.23141, 12.75771], [78.23146, 12.75737], [78.2316, 12.75656], [78.23167, 12.75619], [78.23172, 12.75585], [78.23183, 12.75508], [78.23188, 12.75472], [78.23193, 12.75438], [78.23205, 12.75353], [78.23208, 12.75331], [78.23214, 12.75304], [78.23222, 12.75288], [78.23238, 12.75264], [78.23251, 12.7525], [78.23261, 12.75241], [78.23295, 12.75214], [78.23324, 12.75192], [78.23371, 12.75148], [78.23382, 12.75137], [78.23385, 12.75134], [78.23392, 12.75128], [78.23392, 12.75128], [78.23397, 12.751], [78.23408, 12.75053], [78.23417, 12.75001], [78.23424, 12.74975], [78.23428, 12.74954], [78.23446, 12.7491], [78.23466, 12.74865], [78.23478, 12.74837], [78.23486, 12.74808], [78.23505, 12.74768], [78.23527, 12.7472], [78.23534, 12.74694], [78.23542, 12.74674], [78.23559, 12.74638], [78.23579, 12.74585], [78.23586, 12.74548], [78.2356, 12.74509], [78.23534, 12.74468], [78.23511, 12.74424], [78.23498, 12.74386], [78.23498, 12.74354], [78.23509, 12.74305], [78.23517, 12.74259], [78.2352, 12.74234], [78.23533, 12.742], [78.23542, 12.74153], [78.23546, 12.74111], [78.23554, 12.74088], [78.2356, 12.74053], [78.23572, 12.74004], [78.23579, 12.73953], [78.23582, 12.73926], [78.23591, 12.73904], [78.23599, 12.7386], [78.23609, 12.7381], [78.23623, 12.7378], [78.23655, 12.73762], [78.23702, 12.73748], [78.23758, 12.73723], [78.238, 12.73713], [78.23829, 12.73696], [78.23857, 12.73646], [78.23879, 12.73605], [78.23891, 12.73583], [78.239, 12.73556], [78.23918, 12.73521], [78.23948, 12.73462], [78.23959, 12.7343], [78.23969, 12.7341], [78.23971, 12.73405], [78.23974, 12.73402], [78.24007, 12.73364], [78.24043, 12.73327], [78.24073, 12.73294], [78.24088, 12.73271], [78.24096, 12.73235], [78.24096, 12.73182], [78.24098, 12.73151], [78.24098, 12.73123], [78.24101, 12.73086], [78.24101, 12.73037], [78.24101, 12.72997], [78.24101, 12.72994], [78.24083, 12.72952], [78.24063, 12.72915], [78.24046, 12.72875], [78.2402, 12.72842], [78.24008, 12.72816], [78.23982, 12.72779], [78.23956, 12.7273], [78.23947, 12.72711], [78.23927, 12.72685], [78.23895, 12.72626], [78.23863, 12.72574], [78.23851, 12.72546], [78.23822, 12.725], [78.23803, 12.72462], [78.23789, 12.72439], [78.2378, 12.7242], [78.23756, 12.72377], [78.2373, 12.72335], [78.23717, 12.72307], [78.237, 12.72284], [78.23681, 12.72244], [78.23655, 12.72202], [78.23642, 12.7218], [78.23624, 12.72155], [78.23595, 12.72105], [78.23572, 12.72063], [78.23563, 12.72043], [78.23549, 12.72022], [78.23532, 12.71988], [78.23501, 12.71935], [78.23484, 12.71908], [78.2347, 12.71887], [78.23445, 12.71844], [78.23426, 12.718], [78.23413, 12.71778], [78.23395, 12.71747], [78.23373, 12.71702], [78.23349, 12.71665], [78.23334, 12.71639], [78.23319, 12.71619], [78.23297, 12.71576], [78.23278, 12.71531], [78.23262, 12.7151], [78.23252, 12.71492], [78.2323, 12.71451], [78.23201, 12.71402], [78.23188, 12.71382], [78.23172, 12.71359], [78.23151, 12.71319], [78.23131, 12.71276], [78.23117, 12.71256], [78.23112, 12.71258], [78.2309, 12.71271], [78.23064, 12.71288], [78.23014, 12.71313], [78.2299, 12.71326], [78.22958, 12.71345], [78.22925, 12.71364], [78.22882, 12.7139], [78.22854, 12.71409], [78.22829, 12.71423], [78.22789, 12.7144], [78.22751, 12.7146], [78.22712, 12.71483], [78.22707, 12.71481], [78.22687, 12.71473], [78.22654, 12.71456], [78.22614, 12.71436], [78.22592, 12.71426], [78.22571, 12.71414], [78.22534, 12.71392], [78.22493, 12.7137], [78.22467, 12.71356], [78.22436, 12.71343], [78.22406, 12.71329], [78.22359, 12.71303], [78.22336, 12.71288], [78.22311, 12.71266], [78.22274, 12.71231], [78.22249, 12.71196], [78.22229, 12.71172], [78.22203, 12.71153], [78.22158, 12.7113], [78.22112, 12.71108], [78.22084, 12.71091], [78.22057, 12.71083], [78.22012, 12.71059], [78.21969, 12.71031], [78.21934, 12.71005], [78.21914, 12.70989], [78.21873, 12.70945], [78.21839, 12.70902], [78.21807, 12.7088], [78.21802, 12.70881], [78.21768, 12.70886], [78.2172, 12.70911], [78.21674, 12.70935], [78.21647, 12.70943], [78.21618, 12.7096], [78.21572, 12.70985], [78.21527, 12.71005], [78.21497, 12.7102], [78.21475, 12.71033], [78.21425, 12.71062], [78.21384, 12.71082], [78.21351, 12.71096], [78.21346, 12.71098], [78.21345, 12.71097], [78.21344, 12.71095], [78.2133, 12.71069], [78.21325, 12.71044], [78.21308, 12.70996], [78.21298, 12.70966], [78.2129, 12.70946], [78.21276, 12.70906], [78.21264, 12.7087], [78.21257, 12.70842], [78.21246, 12.70825], [78.21235, 12.70796], [78.21217, 12.70763], [78.21189, 12.70755], [78.21187, 12.70756], [78.21164, 12.70762], [78.21129, 12.70769], [78.21072, 12.70778], [78.21044, 12.7078], [78.21012, 12.70782], [78.20968, 12.70793], [78.20924, 12.70804], [78.20889, 12.70811], [78.20863, 12.70817], [78.20824, 12.70823], [78.20772, 12.70831], [78.20742, 12.70836], [78.2074, 12.70836], [78.20738, 12.70834], [78.20738, 12.70834], [78.20718, 12.70817], [78.20698, 12.70783], [78.20665, 12.70738], [78.20639, 12.70717], [78.20612, 12.70684], [78.20575, 12.7064], [78.20547, 12.70599], [78.20544, 12.70572], [78.20565, 12.70555], [78.20602, 12.70523], [78.20632, 12.70503], [78.20659, 12.70481], [78.20684, 12.70483], [78.20735, 12.70485], [78.20772, 12.70483], [78.20767, 12.7046], [78.20765, 12.70436], [78.20764, 12.70436], [78.20757, 12.704], [78.20742, 12.70353], [78.20734, 12.70321], [78.20726, 12.70298], [78.20718, 12.70261], [78.20713, 12.70221], [78.20752, 12.70225], [78.20753, 12.70225], [78.20803, 12.70231], [78.20851, 12.70242], [78.20851, 12.70242], [78.20906, 12.70248], [78.20929, 12.70251], [78.20936, 12.70252], [78.2094, 12.70224], [78.20935, 12.70177], [78.20936, 12.70171], [78.20942, 12.70168], [78.20943, 12.70168], [78.20981, 12.70176], [78.21001, 12.70182], [78.21009, 12.70184], [78.21008, 12.70161], [78.21004, 12.7012], [78.20994, 12.7005], [78.20974, 12.70021], [78.20958, 12.69999], [78.20933, 12.6996], [78.20921, 12.69942], [78.20899, 12.69912], [78.20869, 12.69892], [78.20864, 12.69893], [78.20846, 12.69895], [78.20796, 12.69915], [78.20755, 12.69939], [78.20715, 12.69952], [78.20713, 12.6995], [78.20685, 12.69918], [78.20685, 12.69917], [78.20649, 12.69889], [78.20615, 12.69856], [78.20603, 12.69838], [78.2058, 12.69795], [78.20566, 12.69752], [78.20545, 12.6973], [78.20519, 12.69715], [78.2051, 12.69684], [78.20505, 12.69637], [78.2044, 12.69605], [78.20419, 12.6959], [78.20387, 12.69576], [78.20384, 12.69578], [78.20353, 12.6959], [78.20331, 12.69599], [78.20299, 12.69607], [78.20271, 12.69608], [78.2027, 12.69607], [78.20238, 12.69577], [78.20204, 12.69537], [78.20183, 12.69517], [78.20177, 12.69518], [78.20156, 12.69523], [78.20115, 12.69535], [78.20065, 12.69545], [78.20032, 12.69551], [78.20002, 12.69554], [78.19977, 12.69554], [78.19958, 12.69554], [78.19956, 12.69553], [78.19947, 12.6955], [78.19946, 12.6955], [78.19939, 12.69546], [78.19936, 12.69545], [78.19932, 12.69538], [78.19932, 12.69525], [78.19941, 12.69495], [78.19953, 12.69472], [78.19964, 12.69451], [78.19985, 12.69413], [78.20003, 12.69377], [78.20007, 12.69354], [78.19982, 12.69348], [78.19975, 12.69342], [78.19968, 12.69331], [78.19962, 12.6932], [78.19964, 12.69307], [78.19971, 12.69288], [78.19977, 12.69278], [78.19989, 12.69265], [78.20017, 12.69247], [78.20034, 12.69238], [78.20067, 12.6921], [78.20101, 12.69174], [78.20125, 12.69161], [78.20128, 12.6916], [78.20167, 12.69181], [78.20176, 12.69193], [78.20178, 12.69212], [78.20176, 12.69229], [78.20177, 12.69244], [78.20189, 12.69266], [78.20206, 12.69284], [78.20222, 12.69294], [78.20261, 12.69316], [78.20261, 12.69316], [78.20289, 12.69318], [78.20336, 12.69313], [78.20362, 12.69306], [78.20385, 12.69297], [78.20436, 12.69281], [78.20483, 12.69267], [78.20506, 12.69259], [78.20529, 12.69254], [78.20577, 12.69241], [78.20582, 12.69236], [78.20586, 12.69209], [78.20593, 12.69195], [78.20619, 12.6918], [78.20665, 12.69173], [78.20712, 12.6916], [78.20741, 12.69147], [78.20764, 12.69127], [78.20804, 12.69104], [78.20845, 12.69075], [78.20871, 12.69067], [78.20906, 12.69061], [78.20951, 12.69053], [78.20986, 12.69041], [78.21006, 12.69024], [78.21013, 12.69009], [78.21025, 12.6898], [78.21038, 12.68943], [78.21074, 12.68913], [78.21098, 12.68903], [78.21144, 12.68887], [78.21196, 12.68862], [78.21235, 12.68848], [78.21216, 12.68833], [78.21174, 12.68801], [78.21141, 12.68771], [78.21118, 12.6875], [78.21105, 12.68741], [78.21075, 12.68685], [78.21075, 12.68685], [78.21067, 12.68633], [78.21059, 12.68608], [78.21094, 12.68604], [78.21141, 12.68605], [78.21183, 12.68608], [78.21191, 12.68608], [78.21192, 12.68608], [78.21217, 12.68609], [78.21248, 12.6861], [78.213, 12.6861], [78.21341, 12.6861], [78.21343, 12.6861], [78.21366, 12.68613], [78.21372, 12.68614], [78.21397, 12.68613], [78.21458, 12.68618], [78.21501, 12.68619], [78.21503, 12.68619], [78.2152, 12.68622], [78.21526, 12.68623], [78.21558, 12.68622], [78.21608, 12.68628], [78.21656, 12.68627], [78.21679, 12.68629], [78.21705, 12.68626], [78.21758, 12.68628], [78.21808, 12.68625], [78.21838, 12.68624], [78.21861, 12.68624], [78.21884, 12.68624], [78.21913, 12.68624], [78.21963, 12.68624], [78.21993, 12.68624], [78.2201, 12.68625], [78.22076, 12.68628], [78.22155, 12.68626], [78.22184, 12.68625], [78.22234, 12.68628], [78.22236, 12.68628], [78.22285, 12.68628], [78.22312, 12.68628], [78.22339, 12.68629], [78.22396, 12.6863], [78.22437, 12.6863], [78.22465, 12.68632], [78.22488, 12.68633], [78.22489, 12.68633], [78.2255, 12.68642], [78.22589, 12.68646], [78.22611, 12.68651], [78.22614, 12.68651], [78.22634, 12.68653], [78.22637, 12.68653], [78.22692, 12.68662], [78.22732, 12.68672], [78.22758, 12.68679], [78.22779, 12.68688], [78.228, 12.68693], [78.22836, 12.68702], [78.22879, 12.68708], [78.22879, 12.68708], [78.22886, 12.68709], [78.22886, 12.68709], [78.22914, 12.68717], [78.22924, 12.68719], [78.2293, 12.6872], [78.22973, 12.68719], [78.23033, 12.68715], [78.23042, 12.68715], [78.23043, 12.68715], [78.23052, 12.68716], [78.23058, 12.68717], [78.23127, 12.68718], [78.23188, 12.68717], [78.23189, 12.68717], [78.23205, 12.68719], [78.23212, 12.6872], [78.23233, 12.6872], [78.23282, 12.68715], [78.23334, 12.68708], [78.2336, 12.68703], [78.23385, 12.68696], [78.23442, 12.68685], [78.23482, 12.68672], [78.2351, 12.68664], [78.23526, 12.68654], [78.23562, 12.68641], [78.23614, 12.68624], [78.23645, 12.68615], [78.23662, 12.68606], [78.23664, 12.68605], [78.23724, 12.68592], [78.23764, 12.68578], [78.23768, 12.68577], [78.23771, 12.68576], [78.23777, 12.68607], [78.23779, 12.68728], [78.2378, 12.68762], [78.2378, 12.68831], [78.2378, 12.68879], [78.2378, 12.6891], [78.23783, 12.68943], [78.23786, 12.68995], [78.23791, 12.69036], [78.23791, 12.69059], [78.23793, 12.69077], [78.23791, 12.69128], [78.23792, 12.69178], [78.23793, 12.69205], [78.23796, 12.69231], [78.23799, 12.69269], [78.238, 12.69327], [78.23811, 12.69388], [78.23801, 12.69414], [78.23796, 12.69445], [78.23796, 12.69476], [78.23797, 12.69495], [78.23803, 12.69526], [78.23808, 12.69576], [78.23811, 12.6962], [78.23818, 12.6964], [78.23823, 12.69662], [78.23831, 12.69691], [78.23835, 12.69725], [78.23839, 12.69758], [78.23848, 12.69783], [78.23858, 12.69807], [78.23863, 12.6986], [78.23872, 12.69908], [78.23876, 12.6993], [78.23888, 12.69963], [78.23906, 12.7001], [78.23918, 12.70053], [78.23929, 12.701], [78.23929, 12.70101], [78.23942, 12.70128], [78.23961, 12.70176], [78.2399, 12.70238], [78.24013, 12.70269], [78.24028, 12.70273], [78.24062, 12.70281], [78.24064, 12.70282], [78.24109, 12.70286], [78.24113, 12.70287], [78.24173, 12.70296], [78.24215, 12.70311], [78.24236, 12.70331], [78.24268, 12.70372], [78.24296, 12.70409], [78.24306, 12.70427], [78.24324, 12.70452], [78.24327, 12.70455], [78.24353, 12.70493], [78.24379, 12.70526], [78.24395, 12.70544], [78.24413, 12.70565], [78.24446, 12.70618], [78.24454, 12.70629], [78.24456, 12.70633], [78.24479, 12.70622], [78.24534, 12.70602], [78.24566, 12.70567], [78.24582, 12.70551], [78.24632, 12.70547], [78.24698, 12.70548], [78.24724, 12.70549], [78.24756, 12.7055], [78.24808, 12.70551], [78.24858, 12.70544], [78.24877, 12.7054], [78.24877, 12.7054], [78.24977, 12.70553], [78.25081, 12.70577], [78.25158, 12.70598], [78.25219, 12.70615], [78.2522, 12.70615], [78.25273, 12.70622], [78.25329, 12.70612], [78.25465, 12.70571], [78.25558, 12.70559], [78.25663, 12.70544], [78.25811, 12.7051], [78.26003, 12.70473], [78.26084, 12.70462], [78.26185, 12.70464], [78.26193, 12.70464], [78.2649, 12.70492], [78.26495, 12.70492], [78.26723, 12.7054], [78.26726, 12.70541], [78.26789, 12.70548], [78.26847, 12.70549], [78.26952, 12.70533], [78.27109, 12.70506], [78.27215, 12.70467], [78.27309, 12.70412], [78.27488, 12.70295], [78.27594, 12.70215], [78.2765, 12.70155], [78.27719, 12.70052], [78.27787, 12.69951], [78.27929, 12.69762], [78.28022, 12.69647], [78.28103, 12.69548], [78.28218, 12.69417], [78.28277, 12.69335], [78.28469, 12.69103], [78.28546, 12.69018], [78.28645, 12.68901], [78.28728, 12.68775], [78.28802, 12.68668], [78.28936, 12.68507], [78.29072, 12.68319], [78.2918, 12.68176], [78.2927, 12.67987], [78.2934, 12.67884], [78.29465, 12.67667], [78.29559, 12.67526], [78.29589, 12.67471], [78.29607, 12.67378], [78.29647, 12.67104], [78.29662, 12.67097], [78.29756, 12.6705], [78.29858, 12.66978], [78.29895, 12.66958], [78.29935, 12.66948], [78.30036, 12.66889], [78.30084, 12.66831], [78.30133, 12.66758], [78.30145, 12.66719], [78.30143, 12.66674], [78.30122, 12.66629], [78.301, 12.66588], [78.30099, 12.66587], [78.3009, 12.66398], [78.30055, 12.66299], [78.30013, 12.66148], [78.30018, 12.65989], [78.30019, 12.65844], [78.30019, 12.65677], [78.30107, 12.65528], [78.30222, 12.65319], [78.303, 12.65157], [78.30343, 12.65083], [78.30391, 12.64931], [78.30445, 12.64784], [78.30508, 12.64597], [78.30579, 12.64421], [78.30578, 12.64129], [78.30577, 12.64007], [78.30582, 12.63904], [78.30607, 12.63864], [78.30752, 12.63681], [78.30849, 12.63567], [78.30988, 12.63397], [78.31245, 12.63078], [78.31381, 12.62907], [78.31378, 12.62904], [78.31252, 12.62792], [78.3125, 12.6279], [78.31168, 12.62712], [78.31081, 12.62562], [78.3104, 12.62501], [78.30965, 12.62477], [78.30844, 12.62374], [78.30738, 12.62285], [78.30594, 12.62379], [78.30393, 12.62518], [78.30284, 12.6259], [78.30282, 12.62592], [78.30154, 12.62785], [78.30216, 12.62953], [78.30208, 12.62969], [78.30191, 12.62988], [78.30116, 12.63061], [78.30099, 12.63081], [78.30096, 12.63082], [78.30083, 12.63084], [78.3006, 12.63081], [78.3004, 12.63079], [78.30035, 12.63086], [78.30004, 12.63124], [78.3, 12.63126], [78.29972, 12.63141], [78.29776, 12.63231], [78.29772, 12.63236], [78.29727, 12.63291], [78.29721, 12.63295], [78.2969, 12.63316], [78.29691, 12.63317], [78.29753, 12.63438], [78.29782, 12.63472], [78.29801, 12.63497], [78.29793, 12.63502], [78.29701, 12.63564], [78.29616, 12.63525], [78.29503, 12.63493], [78.2946, 12.63514], [78.29382, 12.63554], [78.2926, 12.6353], [78.29228, 12.63518], [78.292, 12.63473], [78.292, 12.63414], [78.29206, 12.63348], [78.29215, 12.63315], [78.29251, 12.63281], [78.29324, 12.63205], [78.29327, 12.63203], [78.29367, 12.63174], [78.29483, 12.63137], [78.29511, 12.63126], [78.29517, 12.63124], [78.29537, 12.63083], [78.29549, 12.63045], [78.29561, 12.62977], [78.29553, 12.62931], [78.29551, 12.62871], [78.29529, 12.6283], [78.29475, 12.62793], [78.29402, 12.62754], [78.29283, 12.62681], [78.29194, 12.62631], [78.2924, 12.62549], [78.29244, 12.62541], [78.29331, 12.6259], [78.29454, 12.62662], [78.29455, 12.62663], [78.29502, 12.6261], [78.29539, 12.62557], [78.29577, 12.62478], [78.29588, 12.62341], [78.29588, 12.62337], [78.29711, 12.62299], [78.29873, 12.62259], [78.30017, 12.62222], [78.30123, 12.62192], [78.30211, 12.62275], [78.30213, 12.62277], [78.30297, 12.62159], [78.30377, 12.62029], [78.30412, 12.61974], [78.30324, 12.61889], [78.30249, 12.61804], [78.30124, 12.6167], [78.30022, 12.61561], [78.29922, 12.61438], [78.2976, 12.61302], [78.2964, 12.61236], [78.2956, 12.61204], [78.29527, 12.61183], [78.29506, 12.61191], [78.29305, 12.61202], [78.29189, 12.61197], [78.29019, 12.61192], [78.28897, 12.61194], [78.2878, 12.61226], [78.28662, 12.61245], [78.28599, 12.61271], [78.28534, 12.61291], [78.28421, 12.61309], [78.28422, 12.61314], [78.28439, 12.61439], [78.2843, 12.61436], [78.28363, 12.61412], [78.28345, 12.61393], [78.28292, 12.61325], [78.28292, 12.61325], [78.28282, 12.61312], [78.28219, 12.61249], [78.28103, 12.61157], [78.27986, 12.61084], [78.27833, 12.61047], [78.27651, 12.61043], [78.27498, 12.61043], [78.27492, 12.61049], [78.27451, 12.61098], [78.27316, 12.61258], [78.27265, 12.61368], [78.27218, 12.61523], [78.27211, 12.61528], [78.27046, 12.61646], [78.27027, 12.61495], [78.27013, 12.61374], [78.27013, 12.61113], [78.26967, 12.61022], [78.26874, 12.60862], [78.26776, 12.60729], [78.26637, 12.60626], [78.26418, 12.60402], [78.26376, 12.60329], [78.26325, 12.60205], [78.26176, 12.59981], [78.26041, 12.59684], [78.26046, 12.59537], [78.26102, 12.59405], [78.26185, 12.59258], [78.26358, 12.58984], [78.26478, 12.5881], [78.26482, 12.58803], [78.26642, 12.58526], [78.26645, 12.58521], [78.26645, 12.5852], [78.2672, 12.5852], [78.26874, 12.58566], [78.26976, 12.5862], [78.27061, 12.58612], [78.2719, 12.58544], [78.2726, 12.5848], [78.27299, 12.58412], [78.27302, 12.58407], [78.2733, 12.58283], [78.27366, 12.58147], [78.27367, 12.58142], [78.27371, 12.58142], [78.27372, 12.58141], [78.27428, 12.5815], [78.27516, 12.58177], [78.27646, 12.58209], [78.2778, 12.58223], [78.27837, 12.58197], [78.27837, 12.58197], [78.27875, 12.58123], [78.27921, 12.57977], [78.27912, 12.57766], [78.27912, 12.57761], [78.27991, 12.57738], [78.28029, 12.57722], [78.28033, 12.5772], [78.28075, 12.57702], [78.28149, 12.57569], [78.28219, 12.57524], [78.28294, 12.57514], [78.28405, 12.57432], [78.28557, 12.57324], [78.28559, 12.57322], [78.28568, 12.57263], [78.28522, 12.57181], [78.28359, 12.57098], [78.28294, 12.56988], [78.28187, 12.56892], [78.28112, 12.56755], [78.28159, 12.56486], [78.28159, 12.56485], [78.28226, 12.56374], [78.28229, 12.56369], [78.28029, 12.5625], [78.2781, 12.56094], [78.27568, 12.55929], [78.27354, 12.55678], [78.27057, 12.55234], [78.2686, 12.54969], [78.26858, 12.54965], [78.2669, 12.54946], [78.2648, 12.54974], [78.26304, 12.55001], [78.26183, 12.54955], [78.26039, 12.54857], [78.26038, 12.54857], [78.26141, 12.54724], [78.26231, 12.54591], [78.26234, 12.54587], [78.26216, 12.54528], [78.26159, 12.54477], [78.2602, 12.54418], [78.25941, 12.5439], [78.25899, 12.54363], [78.25876, 12.54263], [78.25769, 12.53801], [78.25714, 12.53477], [78.25713, 12.53472], [78.25718, 12.53472], [78.25718, 12.53471], [78.25915, 12.53467], [78.2603, 12.53408], [78.26132, 12.53326], [78.26219, 12.5325], [78.26221, 12.53248], [78.26245, 12.53154], [78.26247, 12.53149], [78.26233, 12.52989], [78.26249, 12.52902], [78.26233, 12.52808], [78.26181, 12.52673], [78.26135, 12.52605], [78.26016, 12.5246], [78.25993, 12.52329], [78.25989, 12.52219], [78.26028, 12.52144], [78.26031, 12.52139], [78.26085, 12.52097], [78.26089, 12.52094], [78.26054, 12.52021], [78.25989, 12.51898], [78.25903, 12.51686], [78.25829, 12.51523], [78.25784, 12.51404], [78.25782, 12.51401], [78.25666, 12.51186], [78.25559, 12.50991], [78.25522, 12.50895], [78.25466, 12.50783], [78.25417, 12.50704], [78.25415, 12.50701], [78.25336, 12.50482], [78.25315, 12.50384], [78.25314, 12.5038], [78.25314, 12.50379], [78.25314, 12.50379], [78.25306, 12.50354], [78.25226, 12.50128], [78.25245, 12.49962], [78.25286, 12.49696], [78.25337, 12.494], [78.25383, 12.49178], [78.25424, 12.4902], [78.25461, 12.4894], [78.25462, 12.48938], [78.25506, 12.48869], [78.25607, 12.48784], [78.25966, 12.48604], [78.26181, 12.48476], [78.26376, 12.48339], [78.26655, 12.48143], [78.26744, 12.48062], [78.26761, 12.48038], [78.26764, 12.48034], [78.26766, 12.47868], [78.26725, 12.47627], [78.26696, 12.47222], [78.26678, 12.46605], [78.26613, 12.46085], [78.26535, 12.45751], [78.26533, 12.45744], [78.26538, 12.45746], [78.26592, 12.45762], [78.26641, 12.45772], [78.26689, 12.45775], [78.26806, 12.45771], [78.2684, 12.45767], [78.26879, 12.4577], [78.27028, 12.45801], [78.27174, 12.45815], [78.2732, 12.45813], [78.27395, 12.45782], [78.27486, 12.45697], [78.2756, 12.4562], [78.27693, 12.45402], [78.27695, 12.45398], [78.2777, 12.45242], [78.27867, 12.45063], [78.2798, 12.44761], [78.28062, 12.44523], [78.28143, 12.44368], [78.28146, 12.44362], [78.28198, 12.44205], [78.28199, 12.44204], [78.28295, 12.44058], [78.28329, 12.4401], [78.28425, 12.43944], [78.28512, 12.43916], [78.28513, 12.43916], [78.28516, 12.43915], [78.28684, 12.4392], [78.28753, 12.4392], [78.28778, 12.43904], [78.28781, 12.43902], [78.28805, 12.43761], [78.28814, 12.43274], [78.28852, 12.43107], [78.28853, 12.43104], [78.28954, 12.43024], [78.29118, 12.42929], [78.29483, 12.42712], [78.29579, 12.4266], [78.29579, 12.42661], [78.29583, 12.42659], [78.2966, 12.42876], [78.29814, 12.4315], [78.29972, 12.43382], [78.30095, 12.43472], [78.30273, 12.43515], [78.30452, 12.43501], [78.30454, 12.43501], [78.30455, 12.43501], [78.3058, 12.43419], [78.30559, 12.43396], [78.30558, 12.43395], [78.30523, 12.43357], [78.30452, 12.43302], [78.30291, 12.43092], [78.30208, 12.42954], [78.30018, 12.42619], [78.29977, 12.42547], [78.29967, 12.42505], [78.29972, 12.42467], [78.29998, 12.42414], [78.30071, 12.42328], [78.30141, 12.42276], [78.3018, 12.42238], [78.30228, 12.42178], [78.3026, 12.42131], [78.30281, 12.42067], [78.30308, 12.4196], [78.30301, 12.41893], [78.30308, 12.41824], [78.3033, 12.41791], [78.30368, 12.4176], [78.30424, 12.41715], [78.30448, 12.4167], [78.30458, 12.41625], [78.30448, 12.41546], [78.30396, 12.41411], [78.30394, 12.41407], [78.30395, 12.41404], [78.30414, 12.41347], [78.30489, 12.41245], [78.30533, 12.41128], [78.3054, 12.40952], [78.30467, 12.40714], [78.30382, 12.4047], [78.30308, 12.40327], [78.30267, 12.40294], [78.30264, 12.40292], [78.30264, 12.40292], [78.29991, 12.40391], [78.29774, 12.4047], [78.29496, 12.40517], [78.29454, 12.40541], [78.29248, 12.40593], [78.29099, 12.40664], [78.28963, 12.40747], [78.28724, 12.40887], [78.28313, 12.40459], [78.2821, 12.40321], [78.28207, 12.40318], [78.28164, 12.40221], [78.28193, 12.3997], [78.28227, 12.39794], [78.28241, 12.39682], [78.28241, 12.39625], [78.28232, 12.39577], [78.28217, 12.39532], [78.28189, 12.39461], [78.28181, 12.39399], [78.28184, 12.39259], [78.2821, 12.39109], [78.28232, 12.38907], [78.28242, 12.38774], [78.28196, 12.38653], [78.28091, 12.38442], [78.28009, 12.38323], [78.27946, 12.38233], [78.27917, 12.38085], [78.27917, 12.38057], [78.27912, 12.37947], [78.27878, 12.378], [78.27849, 12.37729], [78.27777, 12.37614], [78.27709, 12.37447], [78.277, 12.3729], [78.27685, 12.37259], [78.27683, 12.37255], [78.27617, 12.37118], [78.27555, 12.37076], [78.27439, 12.37052], [78.2727, 12.37047], [78.2711, 12.37066], [78.26962, 12.37117], [78.26822, 12.37189], [78.26725, 12.37207], [78.26724, 12.37206], [78.26723, 12.37206], [78.26706, 12.37189], [78.26681, 12.37122], [78.26595, 12.36761], [78.26542, 12.363], [78.26571, 12.36077], [78.26663, 12.35901], [78.26789, 12.35768], [78.26997, 12.3557], [78.27355, 12.34352], [78.27353, 12.34345], [78.27353, 12.34344], [78.27307, 12.34157], [78.27195, 12.33868], [78.27065, 12.33758], [78.26906, 12.33682], [78.26664, 12.33563], [78.26406, 12.33427], [78.26406, 12.33426], [78.26402, 12.3342], [78.26349, 12.33347], [78.26286, 12.33244], [78.26133, 12.33], [78.26076, 12.32851], [78.25833, 12.32427], [78.25832, 12.32424], [78.2583, 12.32424], [78.25762, 12.32445], [78.25651, 12.32419], [78.25518, 12.32343], [78.2545, 12.32269], [78.25337, 12.32138], [78.25061, 12.3191], [78.24883, 12.31724], [78.24795, 12.31706], [78.24684, 12.3174], [78.24605, 12.31775], [78.24544, 12.31806], [78.24452, 12.31875], [78.24389, 12.319], [78.24207, 12.31916], [78.24093, 12.31931], [78.23981, 12.31984], [78.23883, 12.32012], [78.23823, 12.32019], [78.23673, 12.32036], [78.23689, 12.32075], [78.23704, 12.32119], [78.23731, 12.32198], [78.23766, 12.32271], [78.23779, 12.32284], [78.23788, 12.32292], [78.23826, 12.32306], [78.23834, 12.32309], [78.23857, 12.32317], [78.23925, 12.32338], [78.2407, 12.32378], [78.24115, 12.3241], [78.24135, 12.32444], [78.24156, 12.32479], [78.24156, 12.32479], [78.24193, 12.3255], [78.24229, 12.32615], [78.24251, 12.32629], [78.24274, 12.32644], [78.24274, 12.32644], [78.24333, 12.32673], [78.24378, 12.32686], [78.2442, 12.32697], [78.24467, 12.32718], [78.24501, 12.32733], [78.24524, 12.32749], [78.24561, 12.32776], [78.24612, 12.32813], [78.24615, 12.32841], [78.24615, 12.32841], [78.24617, 12.32867], [78.24608, 12.32905], [78.24604, 12.3292], [78.24565, 12.32956], [78.24553, 12.32971], [78.24538, 12.32989], [78.24529, 12.3303], [78.24529, 12.33037], [78.24529, 12.33043], [78.24535, 12.33073], [78.24538, 12.33083], [78.24571, 12.3315], [78.24572, 12.33152], [78.24589, 12.33164], [78.24636, 12.33195], [78.24644, 12.33201], [78.24717, 12.33255], [78.24728, 12.33271], [78.24733, 12.33279], [78.24731, 12.33319], [78.24727, 12.33334], [78.24719, 12.33359], [78.24704, 12.33377], [78.2469, 12.33381], [78.24633, 12.33395], [78.24567, 12.33396], [78.24518, 12.33397], [78.24436, 12.33393], [78.24349, 12.33389], [78.2419, 12.33361], [78.24125, 12.3336], [78.24125, 12.3336], [78.24066, 12.33377], [78.24022, 12.33385], [78.23991, 12.33391], [78.23975, 12.33404], [78.2397, 12.33409], [78.23967, 12.33415], [78.23952, 12.33442], [78.23952, 12.33474], [78.23952, 12.335], [78.23959, 12.33555], [78.23945, 12.33602], [78.23902, 12.33609], [78.2388, 12.33632], [78.23873, 12.3364], [78.23871, 12.33645], [78.23857, 12.33681], [78.23857, 12.3371], [78.23857, 12.33724], [78.23864, 12.33752], [78.23882, 12.33824], [78.239, 12.33969], [78.23898, 12.34009], [78.23839, 12.34033], [78.23777, 12.34045], [78.23748, 12.34051], [78.23686, 12.34056], [78.23637, 12.3406], [78.2358, 12.34078], [78.23567, 12.34095], [78.23548, 12.34118], [78.23537, 12.34165], [78.23528, 12.34213], [78.23526, 12.34223], [78.23532, 12.34272], [78.23533, 12.34281], [78.23558, 12.34354], [78.23563, 12.34375], [78.2358, 12.34437], [78.23599, 12.34559], [78.23599, 12.34559], [78.23599, 12.34559], [78.2361, 12.34649], [78.23617, 12.34704], [78.23617, 12.34706], [78.23624, 12.34789], [78.2358, 12.34798], [78.23392, 12.34804], [78.23278, 12.34818], [78.23237, 12.3482], [78.23195, 12.34822], [78.23167, 12.34827], [78.23145, 12.34831], [78.23079, 12.34858], [78.23018, 12.34881], [78.22997, 12.34889], [78.22997, 12.34889], [78.22986, 12.34892], [78.22884, 12.34915], [78.22872, 12.34914], [78.22787, 12.34909], [78.22761, 12.34907], [78.22761, 12.34907], [78.22711, 12.34892], [78.22656, 12.34838], [78.22636, 12.34808], [78.22597, 12.34753], [78.22527, 12.34591], [78.22468, 12.34468], [78.22437, 12.34427], [78.22425, 12.3441], [78.22425, 12.3441], [78.22372, 12.34372], [78.22337, 12.34359], [78.22325, 12.34355], [78.22303, 12.34351], [78.2227, 12.34346], [78.22223, 12.34351], [78.22207, 12.34353], [78.22127, 12.34348], [78.22084, 12.34339], [78.22082, 12.34339], [78.21987, 12.34253], [78.21944, 12.34196], [78.21896, 12.34132], [78.21846, 12.34021], [78.21817, 12.33926], [78.2178, 12.33838], [78.21759, 12.33782], [78.21744, 12.3374], [78.21734, 12.33697], [78.21716, 12.33611], [78.21692, 12.33566], [78.2166, 12.33505], [78.21598, 12.33409], [78.21494, 12.33315], [78.21372, 12.33228], [78.21348, 12.33211], [78.21344, 12.33208], [78.21334, 12.332], [78.21323, 12.33193], [78.21258, 12.33151], [78.21244, 12.33142], [78.21133, 12.33115], [78.21031, 12.331], [78.20951, 12.33092], [78.20899, 12.33086], [78.20742, 12.33075], [78.20647, 12.3304], [78.20602, 12.33009], [78.20602, 12.33009], [78.2055, 12.32937], [78.20518, 12.32913], [78.20438, 12.32922], [78.20438, 12.32922], [78.20421, 12.3293], [78.204, 12.3294], [78.20398, 12.32945], [78.20394, 12.32958], [78.20379, 12.33009], [78.20373, 12.33045], [78.20368, 12.33076], [78.20366, 12.33122], [78.20379, 12.33176], [78.20379, 12.33176], [78.20359, 12.33183], [78.20352, 12.33185], [78.2033, 12.33205], [78.20308, 12.33218], [78.203, 12.33223], [78.203, 12.33223], [78.20236, 12.33276], [78.20191, 12.33341], [78.20171, 12.33381], [78.20166, 12.33412], [78.20164, 12.33428], [78.20173, 12.33477], [78.20175, 12.3349], [78.20164, 12.33526], [78.20148, 12.33548], [78.20111, 12.33565], [78.2008, 12.33579], [78.19998, 12.33591], [78.19971, 12.33588], [78.19944, 12.33586], [78.199, 12.33548], [78.19876, 12.33501], [78.19872, 12.33494], [78.1987, 12.33489], [78.19844, 12.33439], [78.19824, 12.33402], [78.19801, 12.33358], [78.19705, 12.33267], [78.19705, 12.33267], [78.19659, 12.33252], [78.19632, 12.33243], [78.19619, 12.33243], [78.19576, 12.33243], [78.19516, 12.33243], [78.1948, 12.33243], [78.1938, 12.33256], [78.19237, 12.3326], [78.19122, 12.33283], [78.19107, 12.33289], [78.19079, 12.33301], [78.19019, 12.33334], [78.18992, 12.33392], [78.18963, 12.3343], [78.18963, 12.3343], [78.18832, 12.3355], [78.18827, 12.33553], [78.1879, 12.33573], [78.18787, 12.33572], [78.18754, 12.33568], [78.18722, 12.33548], [78.18513, 12.33368], [78.18482, 12.33355], [78.18482, 12.33355], [78.18448, 12.33363], [78.18411, 12.33377], [78.18095, 12.33605], [78.18078, 12.33617], [78.18044, 12.33606], [78.17987, 12.33553], [78.1793, 12.33477], [78.17907, 12.33446], [78.17882, 12.33437], [78.1785, 12.33426], [78.17838, 12.33427], [78.1781, 12.3343], [78.17782, 12.33448], [78.17764, 12.33458], [78.17741, 12.3347], [78.17664, 12.33535], [78.17566, 12.33586], [78.17526, 12.33599], [78.17523, 12.33601], [78.17453, 12.33633], [78.17358, 12.33715], [78.17265, 12.33813], [78.17251, 12.33826], [78.17248, 12.33831], [78.17246, 12.33833], [78.17246, 12.33833], [78.1724, 12.33843], [78.17143, 12.33972], [78.17128, 12.33992], [78.17096, 12.34033], [78.17076, 12.34059], [78.17076, 12.34059], [78.17036, 12.34159], [78.16972, 12.34261], [78.16923, 12.34313], [78.1689, 12.34348], [78.16811, 12.34439], [78.16784, 12.34466], [78.16679, 12.34531], [78.16679, 12.34531], [78.16637, 12.34578], [78.16618, 12.34606], [78.166, 12.34635], [78.16521, 12.3476], [78.16504, 12.34788], [78.16466, 12.34849], [78.16422, 12.34946], [78.16409, 12.34972], [78.16364, 12.3509], [78.16362, 12.35163], [78.16362, 12.35166], [78.16367, 12.3519], [78.16373, 12.35219], [78.16373, 12.35219], [78.16391, 12.35247], [78.16419, 12.3529], [78.16471, 12.35366], [78.16475, 12.35373], [78.16478, 12.35398], [78.1648, 12.35424], [78.1648, 12.35424], [78.1648, 12.35482], [78.16473, 12.35549], [78.16464, 12.35658], [78.16462, 12.35684], [78.16457, 12.35751], [78.16444, 12.35811], [78.16444, 12.35867], [78.16448, 12.35916], [78.1648, 12.35987], [78.16501, 12.36019], [78.16523, 12.36052], [78.16636, 12.36232], [78.1666, 12.36268], [78.16673, 12.36288], [78.16672, 12.36289], [78.16672, 12.36289], [78.16652, 12.36295], [78.1665, 12.36296], [78.16609, 12.36308], [78.16609, 12.36308], [78.16575, 12.36313], [78.16547, 12.36312], [78.1652, 12.3631], [78.16494, 12.3632], [78.16482, 12.36324], [78.16432, 12.36348], [78.16412, 12.36358], [78.16361, 12.36381], [78.16309, 12.3639], [78.16238, 12.36379], [78.16209, 12.36375], [78.16143, 12.36366], [78.16118, 12.36367], [78.161, 12.36368], [78.16067, 12.36376], [78.16035, 12.36384], [78.15976, 12.36406], [78.15925, 12.36419], [78.15889, 12.36428], [78.15731, 12.36466], [78.15644, 12.36484], [78.15587, 12.36509], [78.15519, 12.36532], [78.15497, 12.3654], [78.15497, 12.3654], [78.15486, 12.36542], [78.15401, 12.36557], [78.15326, 12.36584], [78.15249, 12.36617], [78.15167, 12.3666], [78.15016, 12.36729], [78.14929, 12.36771], [78.14929, 12.36771], [78.14809, 12.36827], [78.14786, 12.36839], [78.147, 12.36883], [78.14507, 12.3697], [78.1444, 12.37005], [78.14383, 12.37034], [78.14276, 12.37073], [78.14271, 12.37078], [78.14253, 12.37101], [78.1424, 12.37159], [78.1424, 12.37181], [78.1424, 12.37201], [78.14241, 12.37242], [78.14242, 12.37275], [78.14228, 12.37424], [78.14216, 12.3748], [78.14213, 12.37498], [78.14213, 12.37498], [78.1421, 12.37506], [78.14201, 12.37533], [78.14167, 12.37565], [78.14163, 12.37567], [78.14036, 12.37634], [78.13977, 12.37658], [78.13911, 12.37701], [78.13837, 12.37752], [78.13819, 12.37768], [78.13775, 12.37808], [78.13738, 12.37847], [78.13664, 12.37926], [78.13609, 12.3799], [78.13552, 12.38086], [78.13488, 12.38195], [78.1347, 12.38243], [78.13461, 12.38266], [78.13418, 12.38369], [78.13412, 12.38388], [78.13382, 12.38485], [78.13357, 12.38587], [78.13336, 12.38683], [78.1333, 12.38712], [78.1333, 12.38712], [78.13305, 12.38832], [78.13301, 12.38862], [78.13291, 12.38934], [78.13273, 12.39037], [78.13259, 12.39159], [78.13247, 12.3919], [78.13229, 12.39241], [78.13201, 12.39335], [78.13161, 12.39484], [78.13146, 12.39526], [78.13125, 12.39583], [78.13061, 12.39711], [78.12991, 12.39832], [78.12926, 12.39951], [78.12902, 12.39994], [78.12902, 12.39994], [78.1285, 12.40104], [78.12778, 12.40226], [78.12799, 12.40238], [78.12818, 12.40248], [78.12876, 12.40281], [78.12893, 12.40291], [78.12924, 12.40305], [78.12957, 12.4032], [78.12998, 12.40346], [78.13087, 12.40402], [78.13121, 12.40422], [78.13138, 12.40458], [78.13148, 12.40477], [78.13173, 12.40595], [78.1322, 12.40595], [78.13316, 12.40595], [78.13408, 12.40616], [78.13422, 12.40621], [78.13431, 12.40624], [78.13442, 12.4063], [78.13459, 12.40638], [78.13474, 12.40667], [78.1348, 12.40678], [78.13499, 12.40718], [78.13515, 12.40767], [78.13524, 12.40794], [78.13533, 12.40872], [78.13538, 12.40949], [78.13533, 12.40969], [78.13529, 12.4099], [78.13518, 12.41007], [78.1351, 12.41018], [78.13461, 12.41043], [78.1343, 12.4105], [78.13386, 12.41059], [78.13338, 12.41076], [78.1332, 12.41082], [78.13247, 12.41103], [78.13189, 12.41135], [78.13173, 12.41168], [78.1317, 12.41203], [78.13174, 12.4121], [78.13186, 12.4123], [78.13211, 12.41255], [78.13223, 12.41268], [78.13249, 12.41299], [78.13261, 12.41313], [78.13261, 12.41313], [78.13263, 12.41317], [78.13279, 12.41351], [78.13291, 12.41375], [78.13309, 12.41489], [78.13331, 12.41555], [78.13348, 12.41582], [78.1337, 12.41618], [78.13389, 12.41628], [78.13413, 12.4164], [78.13461, 12.41653], [78.13489, 12.41655], [78.13567, 12.41662], [78.13622, 12.41671], [78.13679, 12.41694], [78.13705, 12.41705], [78.1373, 12.41729], [78.13735, 12.41734], [78.13797, 12.41845], [78.13797, 12.41845], [78.13806, 12.41866], [78.13846, 12.41956], [78.13869, 12.42014], [78.13869, 12.42056], [78.13869, 12.42121], [78.13864, 12.42206], [78.13864, 12.42207], [78.1386, 12.42286], [78.13865, 12.42314], [78.13869, 12.42337], [78.13883, 12.42366], [78.13944, 12.42442], [78.14021, 12.42506], [78.14035, 12.42488], [78.1406, 12.42453], [78.14103, 12.42411], [78.14164, 12.42392], [78.14198, 12.42388], [78.14223, 12.42395], [78.1425, 12.4242], [78.1425, 12.4242], [78.14271, 12.42451], [78.1428, 12.42491], [78.14273, 12.4258], [78.14248, 12.42724], [78.14228, 12.42804], [78.14221, 12.42834], [78.14185, 12.42949], [78.14175, 12.42968], [78.14148, 12.43021], [78.14124, 12.43103], [78.14121, 12.43106], [78.1412, 12.43108], [78.14119, 12.43109], [78.14102, 12.43131], [78.14098, 12.43136], [78.14098, 12.43136], [78.14076, 12.43172], [78.1405, 12.43192], [78.14006, 12.43213], [78.14005, 12.43213], [78.14003, 12.43214], [78.13955, 12.43234], [78.13937, 12.43258], [78.13923, 12.43279], [78.13918, 12.43286], [78.13915, 12.43291], [78.13896, 12.43325], [78.13875, 12.43363], [78.1386, 12.4339], [78.13827, 12.43432], [78.13803, 12.43464], [78.1379, 12.43477], [78.13757, 12.43511], [78.13699, 12.43542], [78.13679, 12.4355], [78.13679, 12.4355], [78.13642, 12.43564], [78.13569, 12.43584], [78.13501, 12.436], [78.13442, 12.43616], [78.13437, 12.43617], [78.13437, 12.43617], [78.13424, 12.43622], [78.13358, 12.43644], [78.13234, 12.43702], [78.13224, 12.43707], [78.1315, 12.43744], [78.13102, 12.43775], [78.13098, 12.43778], [78.13041, 12.43827], [78.13017, 12.43845], [78.13016, 12.43847], [78.12989, 12.43884], [78.12984, 12.43891], [78.12984, 12.43891], [78.12983, 12.43893], [78.12945, 12.43949], [78.12921, 12.43994], [78.129, 12.44032], [78.1288, 12.44059], [78.1288, 12.44059], [78.12855, 12.44094], [78.12823, 12.44134], [78.12799, 12.44151], [78.12785, 12.44161], [78.12785, 12.44161], [78.12737, 12.44192], [78.12697, 12.4421], [78.12642, 12.44234], [78.12591, 12.44253], [78.12553, 12.44267], [78.12497, 12.44285], [78.12431, 12.44296], [78.12431, 12.44296], [78.12429, 12.44297], [78.12429, 12.44297], [78.12402, 12.44308], [78.12347, 12.44403], [78.1232, 12.44438], [78.12318, 12.44441], [78.1227, 12.44475], [78.1224, 12.44483], [78.12229, 12.44486], [78.12184, 12.44488], [78.12172, 12.44486], [78.12127, 12.44479], [78.12057, 12.44459], [78.12048, 12.44456], [78.11916, 12.4441], [78.1185, 12.44386], [78.11798, 12.44382], [78.11785, 12.44381], [78.11712, 12.44388], [78.11682, 12.44398], [78.1163, 12.44415], [78.11571, 12.44437], [78.11539, 12.44459], [78.11536, 12.44462], [78.11508, 12.44482], [78.1147, 12.44519], [78.11463, 12.44526], [78.11463, 12.44526], [78.11433, 12.44571], [78.11425, 12.44592], [78.11425, 12.44592], [78.11415, 12.44618], [78.1141, 12.44655], [78.11409, 12.44685], [78.11408, 12.4472], [78.11412, 12.44768], [78.11415, 12.44795], [78.11419, 12.44839], [78.11422, 12.44871], [78.11431, 12.44892], [78.11442, 12.44918], [78.11456, 12.44927], [78.11465, 12.44933], [78.11533, 12.44967], [78.11558, 12.4498], [78.11601, 12.45003], [78.11648, 12.45016], [78.11676, 12.45025], [78.1173, 12.4504], [78.1183, 12.45059], [78.11825, 12.45065], [78.11787, 12.45112], [78.11741, 12.45154], [78.11714, 12.45201], [78.11711, 12.45242], [78.1171, 12.45256], [78.1171, 12.45258], [78.11712, 12.45276], [78.11733, 12.45312], [78.11755, 12.45338], [78.11812, 12.45392], [78.11825, 12.4541], [78.11821, 12.45431], [78.11819, 12.45441], [78.11805, 12.4547], [78.11773, 12.45476], [78.1173, 12.45484], [78.11678, 12.45518], [78.11662, 12.45528], [78.11633, 12.45536], [78.1158, 12.4555], [78.11446, 12.4559], [78.11403, 12.45599], [78.1134, 12.45611], [78.1129, 12.45608], [78.11276, 12.45606], [78.11276, 12.45606], [78.1122, 12.45597], [78.1119, 12.45586], [78.11188, 12.45585], [78.11161, 12.45575], [78.11108, 12.45544], [78.11059, 12.45515], [78.11047, 12.45515], [78.11031, 12.45515], [78.10992, 12.45518], [78.10947, 12.45521], [78.10898, 12.4553], [78.10872, 12.45535], [78.10858, 12.45531], [78.10834, 12.45526], [78.10773, 12.45483], [78.10749, 12.45456], [78.10736, 12.45441], [78.10722, 12.45413], [78.10695, 12.45356], [78.10657, 12.45299], [78.10597, 12.45247], [78.10561, 12.45228], [78.10559, 12.45227], [78.10559, 12.45227], [78.1048, 12.45194], [78.10453, 12.45181], [78.10393, 12.45154], [78.10319, 12.45109], [78.10288, 12.45089], [78.10237, 12.45055], [78.10237, 12.45055], [78.10151, 12.44975], [78.10099, 12.44913], [78.10058, 12.44848], [78.10026, 12.44778], [78.10002, 12.44728], [78.09937, 12.44635], [78.09922, 12.44615], [78.09861, 12.44559], [78.09859, 12.44558], [78.09811, 12.44541], [78.09789, 12.4454], [78.09759, 12.44539], [78.09729, 12.44544], [78.09721, 12.44546], [78.09717, 12.44548], [78.09693, 12.44563], [78.09646, 12.44601], [78.09646, 12.44601], [78.09613, 12.44627], [78.09591, 12.44644], [78.09583, 12.4465], [78.0956, 12.44668], [78.09539, 12.44671], [78.09519, 12.44675], [78.09498, 12.44675], [78.09489, 12.44675], [78.09423, 12.44661], [78.09373, 12.4465], [78.09342, 12.44644], [78.0926, 12.44612], [78.09165, 12.44574], [78.09081, 12.44628], [78.09022, 12.44654], [78.0902, 12.44655], [78.08929, 12.44699], [78.08853, 12.44735], [78.08808, 12.44757], [78.08781, 12.4477], [78.08752, 12.44784], [78.08684, 12.44808], [78.08654, 12.44819], [78.0857, 12.44835], [78.08507, 12.44839], [78.08446, 12.44844], [78.08385, 12.4485], [78.08319, 12.44857], [78.08215, 12.44864], [78.08185, 12.44866], [78.08076, 12.44877], [78.08015, 12.44886], [78.0796, 12.44904], [78.07935, 12.4492], [78.0791, 12.44937], [78.07884, 12.44956], [78.07884, 12.44956], [78.0784, 12.44988], [78.07801, 12.45032], [78.07801, 12.45032], [78.0777, 12.45082], [78.07738, 12.45171], [78.07731, 12.45226], [78.07726, 12.45327], [78.07729, 12.45356], [78.07731, 12.45382], [78.07735, 12.45425], [78.07756, 12.4547], [78.07758, 12.45474], [78.07833, 12.45576], [78.07843, 12.45594], [78.07846, 12.456], [78.07853, 12.45611], [78.07853, 12.45658], [78.07854, 12.45679], [78.07855, 12.45732], [78.07867, 12.45823], [78.07871, 12.45859], [78.07894, 12.45997], [78.07894, 12.46004], [78.07896, 12.46084], [78.07898, 12.46125], [78.07899, 12.46151], [78.07892, 12.46186], [78.07892, 12.46186], [78.07892, 12.46191], [78.07891, 12.46194], [78.07889, 12.46206], [78.07883, 12.4622], [78.07866, 12.4626], [78.07834, 12.46304], [78.07827, 12.46311], [78.07784, 12.46355], [78.07783, 12.46356], [78.07753, 12.46373], [78.07703, 12.46402], [78.07676, 12.46412], [78.07655, 12.4642], [78.07645, 12.46424], [78.07589, 12.46444], [78.07526, 12.46467], [78.07467, 12.46489], [78.07333, 12.46545], [78.07303, 12.46558], [78.0707, 12.46665], [78.07066, 12.46666], [78.07038, 12.46675], [78.07034, 12.46677], [78.06908, 12.46718], [78.0684, 12.46736], [78.06785, 12.46734], [78.06753, 12.46724], [78.0674, 12.4672], [78.0669, 12.46691], [78.06645, 12.46652], [78.06588, 12.46596], [78.06574, 12.46582], [78.06559, 12.4658], [78.06543, 12.46578], [78.06497, 12.46591], [78.06418, 12.46614], [78.06401, 12.46616], [78.06359, 12.46622], [78.06325, 12.46618], [78.06263, 12.46578], [78.06237, 12.46558], [78.06234, 12.46555], [78.0623, 12.46552], [78.0623, 12.46552], [78.06197, 12.46526], [78.06104, 12.46453], [78.06063, 12.46442], [78.06013, 12.46448], [78.05968, 12.46466], [78.05941, 12.46484], [78.0592, 12.46502], [78.05909, 12.46535], [78.05906, 12.46551], [78.05954, 12.4662], [78.05972, 12.4666], [78.05972, 12.46684], [78.05963, 12.46727], [78.05936, 12.46763], [78.05911, 12.46785], [78.05861, 12.46823], [78.05809, 12.46847], [78.05759, 12.46876], [78.05726, 12.46903], [78.05608, 12.47009], [78.05524, 12.47083], [78.05483, 12.47123], [78.05404, 12.47177], [78.05342, 12.47241], [78.05283, 12.4733], [78.05261, 12.4737], [78.05214, 12.4741], [78.05173, 12.47437], [78.05114, 12.47463], [78.05016, 12.47513], [78.04957, 12.47546], [78.04912, 12.47564], [78.04956, 12.47595], [78.05018, 12.47643], [78.05108, 12.47737], [78.05152, 12.47828], [78.05185, 12.47961], [78.05193, 12.48037], [78.0518, 12.48118], [78.05154, 12.48234], [78.05118, 12.48343], [78.05118, 12.48406], [78.05121, 12.48543], [78.05123, 12.48726], [78.05126, 12.48829], [78.05139, 12.49016], [78.05141, 12.49098], [78.05121, 12.49194], [78.05079, 12.49265], [78.05046, 12.49368], [78.05035, 12.49424], [78.0503, 12.49503], [78.05035, 12.49599], [78.05074, 12.49733], [78.05115, 12.49835], [78.05167, 12.49953], [78.05345, 12.50128], [78.0531, 12.50169], [78.05311, 12.50216], [78.05319, 12.50279], [78.05322, 12.50338], [78.05331, 12.50405], [78.05355, 12.5047], [78.0538, 12.50523], [78.05391, 12.50555], [78.05393, 12.5056], [78.05399, 12.50576], [78.05442, 12.50628], [78.05478, 12.50675], [78.05502, 12.50734], [78.05523, 12.50791], [78.0554, 12.50847], [78.05559, 12.50913], [78.05569, 12.50979], [78.05592, 12.5104], [78.05621, 12.51101], [78.05641, 12.51161], [78.05654, 12.51221], [78.05676, 12.51274], [78.05694, 12.51337], [78.05721, 12.51391], [78.05771, 12.51437], [78.05813, 12.51482], [78.05844, 12.5153], [78.05862, 12.51571], [78.05881, 12.51625], [78.05904, 12.51685], [78.05929, 12.5174], [78.05992, 12.51756], [78.06041, 12.51777], [78.06078, 12.51826], [78.06105, 12.51884], [78.06117, 12.51938], [78.06141, 12.52008], [78.06163, 12.52065], [78.06186, 12.52121], [78.0621, 12.52187], [78.0622, 12.52248], [78.06237, 12.52309], [78.06248, 12.52374], [78.06258, 12.5243], [78.06265, 12.52493], [78.06273, 12.52556], [78.06282, 12.52618], [78.06279, 12.52679], [78.06272, 12.5274], [78.06257, 12.52795], [78.0624, 12.52856], [78.06224, 12.52917], [78.06206, 12.52953], [78.06201, 12.52999], [78.06199, 12.53036], [78.06186, 12.5309], [78.06172, 12.5315], [78.06157, 12.53209], [78.06137, 12.53267], [78.06123, 12.53328], [78.0611, 12.53401], [78.06106, 12.53462], [78.06145, 12.53456], [78.06212, 12.53449], [78.06283, 12.53442], [78.06352, 12.5344], [78.06414, 12.53436], [78.06474, 12.5343], [78.06537, 12.53423], [78.066, 12.5342], [78.06658, 12.53382], [78.06709, 12.53348], [78.06759, 12.53319], [78.06826, 12.53285], [78.06871, 12.5326], [78.06921, 12.53235], [78.06971, 12.53214], [78.06974, 12.53217], [78.07018, 12.5326], [78.07059, 12.53308], [78.0711, 12.53357], [78.07149, 12.53402], [78.07189, 12.5345], [78.07236, 12.53502], [78.07277, 12.53545], [78.07325, 12.53597], [78.07371, 12.53642], [78.07404, 12.53686], [78.07444, 12.53741], [78.07462, 12.53812], [78.07465, 12.53871], [78.07469, 12.53928], [78.07484, 12.53992], [78.075, 12.54061], [78.0751, 12.54118], [78.07527, 12.54179], [78.07546, 12.54243], [78.0756, 12.54301], [78.07585, 12.54365], [78.07625, 12.5448], [78.07645, 12.54536], [78.0767, 12.54588], [78.07693, 12.54643], [78.07722, 12.54715], [78.07751, 12.54772], [78.07796, 12.54825], [78.07849, 12.54866], [78.07883, 12.54909], [78.07921, 12.54965], [78.07946, 12.55012], [78.07955, 12.55075], [78.07957, 12.55138], [78.07953, 12.55189], [78.07959, 12.55253], [78.07961, 12.55317], [78.07964, 12.55382], [78.07964, 12.55441], [78.07962, 12.55501], [78.08008, 12.55536], [78.08054, 12.55582], [78.08097, 12.55623], [78.08143, 12.55667], [78.08186, 12.55709], [78.08234, 12.55752], [78.08271, 12.55795], [78.08307, 12.55838], [78.08346, 12.55886], [78.08381, 12.55928], [78.08413, 12.55984], [78.08439, 12.5603], [78.08475, 12.56084], [78.0852, 12.56117], [78.08583, 12.5614], [78.0865, 12.56154], [78.0871, 12.56163], [78.0878, 12.56165], [78.08841, 12.56169], [78.08912, 12.56174], [78.0897, 12.56168], [78.09036, 12.56168], [78.09097, 12.56174], [78.09152, 12.56203], [78.09199, 12.56243], [78.09246, 12.56293], [78.093, 12.56329], [78.09359, 12.56358], [78.09424, 12.56371], [78.09479, 12.56402], [78.09516, 12.56458], [78.0954, 12.56518], [78.09567, 12.56572], [78.09595, 12.56637], [78.09629, 12.56688], [78.09682, 12.5673], [78.09736, 12.56765], [78.09788, 12.568], [78.09839, 12.56834], [78.0987, 12.5688], [78.09871, 12.56942], [78.09878, 12.57002], [78.09879, 12.57062], [78.09884, 12.57124], [78.09887, 12.57183], [78.099, 12.57251], [78.09914, 12.57311], [78.09949, 12.57364], [78.09979, 12.57416], [78.1001, 12.57468], [78.10045, 12.5752], [78.10063, 12.57576], [78.10077, 12.57635], [78.10084, 12.57694], [78.10084, 12.57702], [78.10085, 12.57706], [78.10085, 12.57713], [78.1009, 12.57759], [78.10096, 12.57821], [78.10104, 12.57887], [78.10104, 12.57946], [78.10112, 12.58014], [78.10108, 12.58083], [78.10094, 12.58146], [78.1009, 12.58213], [78.10079, 12.58275], [78.10073, 12.58323], [78.10074, 12.5838], [78.10067, 12.58449], [78.10066, 12.58517], [78.10056, 12.58579], [78.10061, 12.58638], [78.10073, 12.58703], [78.10082, 12.58771], [78.10096, 12.58839], [78.10115, 12.58923], [78.10124, 12.58965], [78.10139, 12.59024], [78.10103, 12.59073], [78.10069, 12.59111], [78.10043, 12.59156], [78.10055, 12.5921], [78.10089, 12.59271], [78.10105, 12.59327], [78.10128, 12.59386], [78.10149, 12.59431], [78.10183, 12.59479], [78.10233, 12.5951], [78.10295, 12.59535], [78.10352, 12.59561], [78.10405, 12.59585], [78.10406, 12.59586], [78.10409, 12.59587], [78.10464, 12.59615], [78.10511, 12.59641], [78.10562, 12.5968], [78.1061, 12.59714], [78.10665, 12.59753], [78.10711, 12.59785], [78.10766, 12.59831], [78.10822, 12.59855], [78.1089, 12.59888], [78.10942, 12.59915], [78.10998, 12.59948], [78.11002, 12.60004], [78.11009, 12.60071], [78.11009, 12.60133], [78.11009, 12.60203], [78.11009, 12.60263], [78.11013, 12.60318], [78.11015, 12.60381], [78.11023, 12.60439], [78.11031, 12.60504], [78.11038, 12.60574], [78.11038, 12.60575], [78.11078, 12.60578], [78.11115, 12.6058], [78.11116, 12.6058], [78.11169, 12.6058], [78.11234, 12.60583], [78.11292, 12.60582], [78.11351, 12.60579], [78.11353, 12.60614], [78.11353, 12.60619], [78.11355, 12.60643], [78.11357, 12.60707], [78.11352, 12.60762], [78.11348, 12.60833], [78.11348, 12.60892], [78.11349, 12.60956], [78.11349, 12.61014], [78.11343, 12.61084], [78.11345, 12.61145], [78.11347, 12.61205], [78.11343, 12.61257], [78.11342, 12.61296], [78.11342, 12.61305], [78.1141, 12.61318], [78.11528, 12.61341], [78.11585, 12.61351], [78.11655, 12.61365], [78.11716, 12.61372], [78.1178, 12.61381], [78.11842, 12.61397], [78.1191, 12.61409], [78.11961, 12.61425], [78.11963, 12.61426], [78.11964, 12.61426], [78.12021, 12.61449], [78.12076, 12.61464], [78.12132, 12.61487], [78.1215, 12.6154], [78.12186, 12.61598], [78.12223, 12.61654], [78.1226, 12.61703], [78.12303, 12.61748], [78.12353, 12.618], [78.124, 12.61841], [78.12455, 12.61876], [78.12513, 12.61914], [78.12523, 12.61967], [78.12552, 12.62031], [78.12565, 12.62082], [78.12566, 12.62082], [78.12572, 12.62147], [78.12578, 12.62203], [78.12589, 12.62271], [78.12594, 12.62332], [78.12601, 12.62394], [78.12608, 12.6245], [78.12605, 12.62518], [78.12602, 12.62584], [78.12596, 12.62646], [78.12571, 12.62706], [78.12538, 12.62761], [78.12499, 12.62802], [78.12456, 12.62838], [78.12412, 12.62874], [78.12369, 12.629], [78.12302, 12.62892], [78.12246, 12.62886], [78.12178, 12.62879], [78.12114, 12.62867], [78.12064, 12.62918], [78.12027, 12.62966], [78.11975, 12.63022], [78.11936, 12.63065], [78.11896, 12.63112], [78.11848, 12.63162], [78.1181, 12.6321], [78.11761, 12.63257], [78.11718, 12.63311], [78.11671, 12.63354], [78.11627, 12.63401], [78.11622, 12.63464], [78.11617, 12.63527], [78.11605, 12.63598], [78.11555, 12.63648], [78.11511, 12.63684], [78.11467, 12.6373], [78.1142, 12.63774], [78.11432, 12.63775], [78.1149, 12.63778], [78.11542, 12.63776], [78.11616, 12.63768], [78.11683, 12.63764], [78.11742, 12.63757], [78.1181, 12.63756], [78.11871, 12.63749], [78.11936, 12.63743], [78.12004, 12.63734], [78.12064, 12.63735], [78.12126, 12.63734], [78.12187, 12.63737], [78.12252, 12.6374], [78.12316, 12.63736], [78.12373, 12.63737], [78.12373, 12.6374], [78.12373, 12.63741], [78.12382, 12.63788], [78.12388, 12.63838], [78.12345, 12.63868], [78.12313, 12.63911], [78.12299, 12.63966], [78.12286, 12.64033], [78.1227, 12.64095], [78.1226, 12.64158], [78.12242, 12.64222], [78.12225, 12.64287], [78.12191, 12.6434], [78.12159, 12.6439], [78.12124, 12.64441], [78.12091, 12.6449], [78.12046, 12.64534], [78.12004, 12.64581], [78.11985, 12.64631], [78.11913, 12.64639], [78.11853, 12.64657], [78.1185, 12.64725], [78.11854, 12.64794], [78.11858, 12.64857], [78.1185, 12.64897], [78.11849, 12.64902], [78.11847, 12.64913], [78.1183, 12.64975], [78.118, 12.65033], [78.11769, 12.65088], [78.11731, 12.65146], [78.11701, 12.65202], [78.11664, 12.65247], [78.116, 12.65276], [78.11529, 12.65294], [78.11508, 12.65351], [78.11475, 12.65402], [78.11447, 12.65451], [78.11414, 12.65501], [78.11346, 12.65516], [78.11272, 12.65531], [78.11238, 12.65586], [78.11212, 12.65639], [78.11174, 12.65696], [78.11142, 12.65749], [78.1114, 12.65814], [78.11141, 12.65872], [78.11139, 12.6592], [78.11145, 12.65987], [78.11144, 12.6605], [78.11104, 12.66096], [78.11073, 12.66136], [78.11034, 12.66191], [78.10988, 12.66236], [78.10954, 12.66285], [78.10916, 12.66334], [78.10878, 12.66383], [78.10845, 12.66423], [78.10777, 12.66421], [78.10715, 12.66418], [78.10646, 12.66416], [78.10581, 12.6641], [78.10507, 12.66397], [78.10439, 12.66391], [78.10415, 12.66439], [78.10403, 12.66493], [78.10391, 12.66548], [78.10397, 12.66553], [78.10434, 12.66585], [78.10453, 12.66638], [78.10436, 12.66705], [78.10408, 12.66759], [78.10374, 12.66813], [78.10351, 12.66847], [78.10345, 12.66856], [78.10342, 12.66861], [78.10305, 12.6692], [78.10264, 12.66964], [78.10227, 12.67018], [78.10192, 12.67062], [78.10155, 12.67125], [78.10193, 12.67171], [78.10238, 12.67213], [78.10274, 12.67262], [78.10317, 12.67311], [78.1036, 12.67358], [78.10371, 12.67419], [78.10385, 12.67471], [78.10396, 12.67535], [78.10417, 12.67592], [78.10436, 12.67658], [78.10457, 12.67721], [78.10471, 12.67777], [78.10498, 12.67836], [78.10515, 12.67908], [78.10516, 12.67908], [78.1046, 12.67947], [78.10405, 12.67981], [78.1035, 12.68013], [78.10301, 12.68042], [78.10241, 12.68074], [78.10184, 12.68105], [78.10134, 12.68135], [78.10078, 12.68161], [78.10075, 12.68162], [78.10075, 12.68166], [78.10075, 12.68176], [78.10075, 12.68184], [78.10074, 12.68227], [78.10087, 12.68282], [78.10099, 12.68355], [78.1011, 12.68413], [78.10124, 12.6848], [78.10136, 12.6854], [78.10149, 12.68594], [78.10168, 12.68664], [78.10178, 12.68716], [78.10186, 12.68779], [78.102, 12.68841], [78.10214, 12.68898], [78.10228, 12.68956], [78.10206, 12.69016], [78.10179, 12.69069], [78.10166, 12.69125], [78.10109, 12.69145], [78.10063, 12.6916], [78.1005, 12.69222], [78.09999, 12.69226], [78.09997, 12.69282], [78.09993, 12.6934], [78.09943, 12.69325], [78.0989, 12.6934], [78.09902, 12.69404], [78.09908, 12.69458], [78.0991, 12.6947], [78.09935, 12.69474], [78.09957, 12.69477], [78.1, 12.6949], [78.10012, 12.69543], [78.1001, 12.69595], [78.10012, 12.69642], [78.10054, 12.69645], [78.10043, 12.69716], [78.10041, 12.69778], [78.10042, 12.69852], [78.10042, 12.69871], [78.10042, 12.69878], [78.10042, 12.6991], [78.10041, 12.69965], [78.10039, 12.70018], [78.09987, 12.70041], [78.09936, 12.70081], [78.09883, 12.70121], [78.09831, 12.70163], [78.09794, 12.70204], [78.09753, 12.70253], [78.09725, 12.70303], [78.09713, 12.70331], [78.09709, 12.7034], [78.09701, 12.70361], [78.09709, 12.70426], [78.09723, 12.70481], [78.09736, 12.70541], [78.09746, 12.706], [78.09773, 12.70662], [78.09811, 12.70724], [78.09848, 12.70773], [78.09885, 12.70814], [78.09927, 12.70861], [78.09964, 12.70899], [78.09927, 12.70944], [78.09892, 12.70995], [78.09852, 12.71049], [78.09803, 12.71098], [78.0977, 12.71137], [78.09729, 12.71184], [78.09692, 12.71228], [78.09696, 12.71302], [78.09697, 12.71318], [78.09697, 12.71322], [78.097, 12.71362], [78.09645, 12.7139], [78.09584, 12.71411], [78.09536, 12.71448], [78.09489, 12.71489], [78.09494, 12.71533], [78.09496, 12.71547], [78.09497, 12.71557], [78.09501, 12.71622], [78.09504, 12.71679], [78.0944, 12.71682], [78.09449, 12.71785], [78.09398, 12.7182], [78.09345, 12.71856], [78.09291, 12.71889], [78.09237, 12.71919], [78.09178, 12.71949], [78.09117, 12.71975], [78.09112, 12.71978], [78.09109, 12.71975], [78.09063, 12.7194], [78.09025, 12.71902], [78.08973, 12.71855], [78.08921, 12.71809], [78.08872, 12.71767], [78.08835, 12.71731], [78.08785, 12.71685], [78.08734, 12.71636], [78.08689, 12.71595], [78.08642, 12.7155], [78.08594, 12.71504], [78.08549, 12.7147], [78.08496, 12.7145], [78.08437, 12.71465], [78.08371, 12.71477], [78.08327, 12.71485], [78.08322, 12.71486], [78.08319, 12.71487], [78.08268, 12.71497], [78.08185, 12.71533], [78.0813, 12.71548], [78.08058, 12.71549], [78.07993, 12.71547], [78.07923, 12.71547], [78.0786, 12.71546], [78.07798, 12.71548], [78.07741, 12.71562], [78.07682, 12.71588], [78.07624, 12.71608], [78.07572, 12.71648], [78.07526, 12.71684], [78.0748, 12.71721], [78.07426, 12.71764], [78.07385, 12.71799], [78.07333, 12.71843], [78.07284, 12.7188], [78.0724, 12.71927], [78.07198, 12.71968], [78.07199, 12.71968], [78.07145, 12.72014], [78.07102, 12.72054], [78.07048, 12.721], [78.06993, 12.72133], [78.06945, 12.7217], [78.06898, 12.72209], [78.06865, 12.72245], [78.06859, 12.72251], [78.06857, 12.72253], [78.06805, 12.72305], [78.0675, 12.72343], [78.06756, 12.7242], [78.06763, 12.72481], [78.06765, 12.72547], [78.06768, 12.72608], [78.06767, 12.72673], [78.06766, 12.72736], [78.06772, 12.72797], [78.06776, 12.72861], [78.06783, 12.72983], [78.06793, 12.73044], [78.06813, 12.73123], [78.06826, 12.73179], [78.06834, 12.73244], [78.06831, 12.73313], [78.06816, 12.73372], [78.06805, 12.73439], [78.06808, 12.73507], [78.06807, 12.73564], [78.06806, 12.73628], [78.06811, 12.73686], [78.06833, 12.7376], [78.06847, 12.73814], [78.06861, 12.73866], [78.0687, 12.73924], [78.06891, 12.73984], [78.06912, 12.74047], [78.06931, 12.74114], [78.06945, 12.74171], [78.06965, 12.74234], [78.06981, 12.74293], [78.06996, 12.74337], [78.06999, 12.74345], [78.07006, 12.74365], [78.07029, 12.74412], [78.07055, 12.74472], [78.07087, 12.74529], [78.07109, 12.74579], [78.07111, 12.74584], [78.07112, 12.74585], [78.07145, 12.74637], [78.0718, 12.74688], [78.07201, 12.7474], [78.07213, 12.74798], [78.07214, 12.74863], [78.07206, 12.74927], [78.0722, 12.74993], [78.07243, 12.75045], [78.07291, 12.7511], [78.07296, 12.75132], [78.07371, 12.75164], [78.07409, 12.75196], [78.07411, 12.75263], [78.07396, 12.75331], [78.07386, 12.75387], [78.07372, 12.7545], [78.07357, 12.75511], [78.07356, 12.75516], [78.07348, 12.75568], [78.07341, 12.75633], [78.0733, 12.75692], [78.07314, 12.75753], [78.07277, 12.75795], [78.0724, 12.75838], [78.07236, 12.7587], [78.07235, 12.75874], [78.07231, 12.75904], [78.07233, 12.75963], [78.0728, 12.76012], [78.07328, 12.76056], [78.07368, 12.76096], [78.07411, 12.76141], [78.07458, 12.76185], [78.07501, 12.76227], [78.07551, 12.76273], [78.07585, 12.7631], [78.07614, 12.76353], [78.07639, 12.76408], [78.07657, 12.76464], [78.07679, 12.76526], [78.07698, 12.76584], [78.07715, 12.76641], [78.0774, 12.76699], [78.07767, 12.76755], [78.07797, 12.76812], [78.07849, 12.76855], [78.07894, 12.76894], [78.07945, 12.76934], [78.07984, 12.76977], [78.08012, 12.77028], [78.08018, 12.77095], [78.08017, 12.7713], [78.08017, 12.77135], [78.08016, 12.77151], [78.08009, 12.7721], [78.08003, 12.77276], [78.08, 12.77336], [78.07998, 12.77401], [78.07995, 12.77466], [78.07995, 12.77523], [78.07995, 12.77584], [78.07991, 12.77648], [78.07986, 12.77711], [78.07984, 12.77767], [78.0798, 12.77828], [78.07973, 12.77891], [78.07927, 12.77946], [78.07887, 12.77993], [78.07851, 12.78035], [78.07811, 12.78086], [78.07772, 12.78132], [78.0773, 12.7817], [78.07682, 12.78225], [78.07635, 12.78263], [78.07636, 12.78265], [78.07648, 12.78276], [78.07665, 12.78294], [78.07745, 12.78391], [78.07781, 12.78439], [78.07814, 12.78491], [78.07856, 12.78539], [78.07899, 12.78586], [78.0794, 12.78628], [78.07983, 12.78675], [78.08025, 12.7874], [78.08054, 12.78779], [78.08082, 12.78841], [78.08116, 12.78892], [78.08119, 12.78898], [78.08119, 12.78898], [78.0815, 12.78946], [78.08172, 12.78994], [78.08204, 12.79049], [78.08204, 12.79049], [78.08205, 12.79052], [78.08235, 12.79108], [78.08262, 12.79164], [78.08289, 12.79221], [78.08306, 12.79281], [78.08324, 12.79333], [78.08342, 12.794], [78.08363, 12.79455], [78.0839, 12.79513], [78.0841, 12.79573], [78.0843, 12.79624], [78.08449, 12.79678], [78.08518, 12.79688], [78.08577, 12.797], [78.08633, 12.79713], [78.08687, 12.79735], [78.0872, 12.79764], [78.08732, 12.79812], [78.08716, 12.79861], [78.08715, 12.79861], [78.08713, 12.79866], [78.08691, 12.79909], [78.0867, 12.7996], [78.08645, 12.80019], [78.08615, 12.80074], [78.08589, 12.8013], [78.08568, 12.80188], [78.0855, 12.80242], [78.08515, 12.8031], [78.08483, 12.80358], [78.08453, 12.8041], [78.08424, 12.80467], [78.084, 12.8052], [78.08403, 12.80525], [78.08406, 12.80531], [78.08433, 12.80575], [78.0847, 12.80626], [78.08513, 12.80678], [78.08546, 12.80731], [78.08585, 12.80782], [78.08611, 12.80834], [78.08642, 12.80938], [78.08664, 12.80996], [78.08689, 12.81051], [78.08715, 12.8111], [78.08753, 12.81161], [78.08793, 12.81212], [78.08832, 12.81262], [78.08866, 12.81305], [78.08906, 12.81353], [78.08954, 12.81398], [78.08995, 12.81449], [78.09032, 12.81492], [78.09049, 12.8155], [78.09037, 12.8161], [78.09025, 12.81671], [78.09016, 12.81736], [78.09016, 12.81736], [78.09016, 12.81736], [78.09059, 12.81715], [78.09127, 12.81675], [78.09154, 12.81662], [78.09188, 12.81645], [78.09258, 12.81603], [78.09286, 12.81585], [78.09323, 12.81565], [78.09386, 12.81526], [78.09417, 12.81511], [78.09451, 12.81491], [78.09515, 12.81457], [78.09553, 12.81436], [78.09588, 12.81419], [78.09661, 12.81376], [78.09688, 12.81365], [78.09714, 12.81349], [78.09789, 12.81308], [78.09824, 12.81288], [78.09853, 12.81269], [78.09926, 12.81227], [78.09953, 12.81212], [78.0999, 12.81191], [78.10053, 12.81152], [78.10082, 12.81141], [78.10117, 12.81121], [78.10192, 12.81074], [78.10218, 12.81058], [78.10249, 12.81042], [78.10317, 12.81002], [78.10345, 12.80987], [78.10374, 12.8097], [78.10442, 12.80926], [78.10473, 12.80908], [78.10504, 12.80881], [78.10562, 12.80825], [78.10584, 12.80805], [78.10607, 12.80779], [78.10666, 12.80718], [78.10692, 12.80694], [78.10717, 12.80667], [78.10783, 12.806], [78.10813, 12.80568], [78.10833, 12.8055], [78.10911, 12.80477], [78.10936, 12.80449], [78.10961, 12.80442], [78.11055, 12.80414], [78.11093, 12.80406], [78.11134, 12.80388], [78.11209, 12.80367], [78.11242, 12.80358], [78.11285, 12.80345], [78.11371, 12.80321], [78.11402, 12.80311], [78.11443, 12.80299], [78.11513, 12.8028], [78.11554, 12.80269], [78.11588, 12.80258], [78.11668, 12.80239], [78.1167, 12.80239], [78.11674, 12.80238], [78.11679, 12.80238], [78.11708, 12.80234], [78.1174, 12.8023], [78.11826, 12.80214], [78.11866, 12.80202], [78.11915, 12.80193], [78.12001, 12.80179], [78.12036, 12.80171], [78.12036, 12.80171], [78.12047, 12.80152], [78.12095, 12.80082], [78.12111, 12.80053], [78.12133, 12.80017], [78.12168, 12.79952], [78.12188, 12.79926], [78.12188, 12.79925], [78.12231, 12.79912], [78.12233, 12.79912], [78.1232, 12.79886], [78.12358, 12.79873], [78.12394, 12.79859], [78.12472, 12.79833], [78.12499, 12.79819], [78.12499, 12.79819], [78.12515, 12.79768], [78.1252, 12.79752], [78.12523, 12.79736], [78.12529, 12.79719], [78.12543, 12.79683], [78.12552, 12.79668], [78.12567, 12.79646], [78.12587, 12.79616], [78.12596, 12.79594], [78.12599, 12.79583], [78.12599, 12.79574], [78.12599, 12.79546], [78.12596, 12.79521], [78.12585, 12.79478], [78.12573, 12.79442], [78.12569, 12.79426], [78.12568, 12.79415], [78.1257, 12.79382], [78.12572, 12.79363], [78.12578, 12.79335], [78.12583, 12.79303], [78.12585, 12.79278], [78.12586, 12.79218], [78.12588, 12.79189], [78.12589, 12.79181], [78.12595, 12.79168], [78.12595, 12.79168], [78.12622, 12.79134], [78.12657, 12.79098], [78.12657, 12.79098], [78.12674, 12.7907], [78.12681, 12.79054], [78.12697, 12.79007], [78.12704, 12.78987], [78.12712, 12.78972], [78.12735, 12.78939], [78.12735, 12.78939], [78.12751, 12.78938], [78.12769, 12.78935], [78.12786, 12.78926], [78.12821, 12.78903], [78.12872, 12.78859], [78.12903, 12.78832], [78.12937, 12.78804], [78.1297, 12.78772], [78.12985, 12.78754], [78.12985, 12.78753], [78.12999, 12.78731], [78.13004, 12.78721], [78.13007, 12.78714], [78.1301, 12.78702], [78.13013, 12.78694], [78.13022, 12.78663], [78.13047, 12.78578], [78.13052, 12.78558], [78.13076, 12.78492], [78.13089, 12.78454], [78.13109, 12.78408], [78.13117, 12.78391], [78.13118, 12.7839], [78.13126, 12.7838], [78.13169, 12.78343], [78.1317, 12.78343], [78.13177, 12.78338], [78.1319, 12.78333], [78.13252, 12.78312], [78.1328, 12.78301], [78.13301, 12.78288], [78.13336, 12.78265], [78.13385, 12.78224], [78.13424, 12.78197], [78.13439, 12.7819], [78.1345, 12.78189]]]}}, {"type": "Feature", "properties": {"taluk": "Shoolagiri", "district": "Krishnagiri", "state": "Tamil Nadu"}, "geometry": {"type": "Polygon", "coordinates": [[[78.05, 12.84878], [78.05047, 12.84874], [78.05063, 12.84916], [78.05078, 12.8499], [78.05089, 12.8504], [78.051, 12.85078], [78.0512, 12.85155], [78.05143, 12.85243], [78.05152, 12.85256], [78.05186, 12.85308], [78.05208, 12.85337], [78.05237, 12.85364], [78.05259, 12.85376], [78.05283, 12.85382], [78.05314, 12.85385], [78.05333, 12.85385], [78.05356, 12.85379], [78.0539, 12.85362], [78.05463, 12.85336], [78.05491, 12.85323], [78.05519, 12.85312], [78.05608, 12.85273], [78.05632, 12.85263], [78.05668, 12.85249], [78.05748, 12.85224], [78.05783, 12.85211], [78.05814, 12.8519], [78.05873, 12.85146], [78.05904, 12.85117], [78.05905, 12.85117], [78.05914, 12.85082], [78.05938, 12.85003], [78.05965, 12.84916], [78.05979, 12.8486], [78.05992, 12.84829], [78.06003, 12.84791], [78.06022, 12.84719], [78.06032, 12.8468], [78.06037, 12.84652], [78.06039, 12.84642], [78.06036, 12.84558], [78.06034, 12.84524], [78.0603, 12.84487], [78.06026, 12.84416], [78.06023, 12.84398], [78.06022, 12.8439], [78.06021, 12.84383], [78.06021, 12.84383], [78.06047, 12.84375], [78.06132, 12.84347], [78.06183, 12.84335], [78.06233, 12.8432], [78.06315, 12.84295], [78.06349, 12.84286], [78.0639, 12.84277], [78.06476, 12.84249], [78.06512, 12.84242], [78.06548, 12.84231], [78.06637, 12.84203], [78.06687, 12.84196], [78.06736, 12.84222], [78.06824, 12.84263], [78.06866, 12.84282], [78.06911, 12.84283], [78.07016, 12.84264], [78.07041, 12.8426], [78.0712, 12.8424], [78.07153, 12.84231], [78.07183, 12.84219], [78.07255, 12.84192], [78.07284, 12.8418], [78.07307, 12.84167], [78.0738, 12.84129], [78.074, 12.84119], [78.07429, 12.84108], [78.07506, 12.84063], [78.07525, 12.8405], [78.0756, 12.84027], [78.07616, 12.83989], [78.07646, 12.8397], [78.07652, 12.83965], [78.07652, 12.83965], [78.0766, 12.83956], [78.07673, 12.83941], [78.07699, 12.83912], [78.07699, 12.83912], [78.07699, 12.83912], [78.07721, 12.83885], [78.07724, 12.83878], [78.07725, 12.83876], [78.07733, 12.83847], [78.07726, 12.8381], [78.07699, 12.83767], [78.07669, 12.83741], [78.07638, 12.83722], [78.07613, 12.83704], [78.07552, 12.83663], [78.07519, 12.83644], [78.07508, 12.8362], [78.0749, 12.83547], [78.07478, 12.83514], [78.07472, 12.83473], [78.07461, 12.83404], [78.07453, 12.8337], [78.07444, 12.83332], [78.07425, 12.83256], [78.07419, 12.8323], [78.0741, 12.83184], [78.07396, 12.83112], [78.0739, 12.83078], [78.07387, 12.83058], [78.07386, 12.83052], [78.07386, 12.83051], [78.07423, 12.83055], [78.07462, 12.83058], [78.07509, 12.83061], [78.07523, 12.83061], [78.07542, 12.83059], [78.07578, 12.83054], [78.07603, 12.83052], [78.07686, 12.83049], [78.07711, 12.83049], [78.07732, 12.83052], [78.07748, 12.83056], [78.07776, 12.83067], [78.07794, 12.83076], [78.07901, 12.83136], [78.07951, 12.83165], [78.07977, 12.83179], [78.08021, 12.83194], [78.08063, 12.83204], [78.08093, 12.83209], [78.08131, 12.83217], [78.08164, 12.83221], [78.08209, 12.83226], [78.08227, 12.83226], [78.08272, 12.83227], [78.08296, 12.83227], [78.08343, 12.83233], [78.08419, 12.83238], [78.08453, 12.83236], [78.08499, 12.83231], [78.08533, 12.83227], [78.08543, 12.83226], [78.08576, 12.83217], [78.0861, 12.832], [78.0861, 12.832], [78.0862, 12.83194], [78.0862, 12.83194], [78.08643, 12.83166], [78.08652, 12.83152], [78.08656, 12.83141], [78.08663, 12.83118], [78.0867, 12.83085], [78.08674, 12.83055], [78.08677, 12.8303], [78.08681, 12.83001], [78.08683, 12.82974], [78.08686, 12.82965], [78.08694, 12.82945], [78.08706, 12.8292], [78.08723, 12.8289], [78.08724, 12.82889], [78.08761, 12.8287], [78.08761, 12.8287], [78.08806, 12.82805], [78.08813, 12.82787], [78.08816, 12.82742], [78.08807, 12.82701], [78.08795, 12.82661], [78.08788, 12.82635], [78.08778, 12.82595], [78.08767, 12.8255], [78.08766, 12.82544], [78.08765, 12.82541], [78.08761, 12.82524], [78.08753, 12.82488], [78.08753, 12.82488], [78.08785, 12.82469], [78.08858, 12.82433], [78.08922, 12.82401], [78.08999, 12.82362], [78.09017, 12.8235], [78.09017, 12.8235], [78.09017, 12.82325], [78.09015, 12.82255], [78.09015, 12.82244], [78.09017, 12.82206], [78.09013, 12.82171], [78.09013, 12.82089], [78.09013, 12.82055], [78.09015, 12.82024], [78.09015, 12.82012], [78.09014, 12.8193], [78.09014, 12.81894], [78.09014, 12.81858], [78.09014, 12.81783], [78.09016, 12.81736], [78.09016, 12.81736], [78.09025, 12.81671], [78.09037, 12.8161], [78.09049, 12.8155], [78.09032, 12.81492], [78.08995, 12.81449], [78.08954, 12.81398], [78.08906, 12.81353], [78.08866, 12.81305], [78.08832, 12.81262], [78.08793, 12.81212], [78.08753, 12.81161], [78.08715, 12.8111], [78.08689, 12.81051], [78.08664, 12.80996], [78.08642, 12.80938], [78.08611, 12.80834], [78.08585, 12.80782], [78.08546, 12.80731], [78.08513, 12.80678], [78.0847, 12.80626], [78.08433, 12.80575], [78.08406, 12.80531], [78.08403, 12.80525], [78.084, 12.8052], [78.08424, 12.80467], [78.08453, 12.8041], [78.08483, 12.80358], [78.08515, 12.8031], [78.0855, 12.80242], [78.08568, 12.80188], [78.08589, 12.8013], [78.08615, 12.80074], [78.08645, 12.80019], [78.0867, 12.7996], [78.08691, 12.79909], [78.08713, 12.79866], [78.08715, 12.79861], [78.08716, 12.79861], [78.08732, 12.79812], [78.0872, 12.79764], [78.08687, 12.79735], [78.08633, 12.79713], [78.08577, 12.797], [78.08518, 12.79688], [78.08449, 12.79678], [78.0843, 12.79624], [78.0841, 12.79573], [78.0839, 12.79513], [78.08363, 12.79455], [78.08342, 12.794], [78.08324, 12.79333], [78.08306, 12.79281], [78.08289, 12.79221], [78.08262, 12.79164], [78.08235, 12.79108], [78.08205, 12.79052], [78.08204, 12.79049], [78.08204, 12.79049], [78.08172, 12.78994], [78.0815, 12.78946], [78.08119, 12.78898], [78.08119, 12.78898], [78.08116, 12.78892], [78.08082, 12.78841], [78.08054, 12.78779], [78.08025, 12.7874], [78.07983, 12.78675], [78.0794, 12.78628], [78.07899, 12.78586], [78.07856, 12.78539], [78.07814, 12.78491], [78.07781, 12.78439], [78.07745, 12.78391], [78.07665, 12.78294], [78.07648, 12.78276], [78.07636, 12.78265], [78.07635, 12.78263], [78.07682, 12.78225], [78.0773, 12.7817], [78.07772, 12.78132], [78.07811, 12.78086], [78.07851, 12.78035], [78.07887, 12.77993], [78.07927, 12.77946], [78.07973, 12.77891], [78.0798, 12.77828], [78.07984, 12.77767], [78.07986, 12.77711], [78.07991, 12.77648], [78.07995, 12.77584], [78.07995, 12.77523], [78.07995, 12.77466], [78.07998, 12.77401], [78.08, 12.77336], [78.08003, 12.77276], [78.08009, 12.7721], [78.08016, 12.77151], [78.08017, 12.77135], [78.08017, 12.7713], [78.08018, 12.77095], [78.08012, 12.77028], [78.07984, 12.76977], [78.07945, 12.76934], [78.07894, 12.76894], [78.07849, 12.76855], [78.07797, 12.76812], [78.07767, 12.76755], [78.0774, 12.76699], [78.07715, 12.76641], [78.07698, 12.76584], [78.07679, 12.76526], [78.07657, 12.76464], [78.07639, 12.76408], [78.07614, 12.76353], [78.07585, 12.7631], [78.07551, 12.76273], [78.07501, 12.76227], [78.07458, 12.76185], [78.07411, 12.76141], [78.07368, 12.76096], [78.07328, 12.76056], [78.0728, 12.76012], [78.07233, 12.75963], [78.07231, 12.75904], [78.07235, 12.75874], [78.07236, 12.7587], [78.0724, 12.75838], [78.07277, 12.75795], [78.07314, 12.75753], [78.0733, 12.75692], [78.07341, 12.75633], [78.07348, 12.75568], [78.07356, 12.75516], [78.07357, 12.75511], [78.07372, 12.7545], [78.07386, 12.75387], [78.07396, 12.75331], [78.07411, 12.75263], [78.07409, 12.75196], [78.07371, 12.75164], [78.07296, 12.75132], [78.07291, 12.7511], [78.07243, 12.75045], [78.0722, 12.74993], [78.07206, 12.74927], [78.07214, 12.74863], [78.07213, 12.74798], [78.07201, 12.7474], [78.0718, 12.74688], [78.07145, 12.74637], [78.07112, 12.74585], [78.07111, 12.74584], [78.07109, 12.74579], [78.07087, 12.74529], [78.07055, 12.74472], [78.07029, 12.74412], [78.07006, 12.74365], [78.06999, 12.74345], [78.06996, 12.74337], [78.06981, 12.74293], [78.06965, 12.74234], [78.06945, 12.74171], [78.06931, 12.74114], [78.06912, 12.74047], [78.06891, 12.73984], [78.0687, 12.73924], [78.06861, 12.73866], [78.06847, 12.73814], [78.06833, 12.7376], [78.06811, 12.73686], [78.06806, 12.73628], [78.06807, 12.73564], [78.06808, 12.73507], [78.06805, 12.73439], [78.06816, 12.73372], [78.06831, 12.73313], [78.06834, 12.73244], [78.06826, 12.73179], [78.06813, 12.73123], [78.06793, 12.73044], [78.06783, 12.72983], [78.06776, 12.72861], [78.06772, 12.72797], [78.06766, 12.72736], [78.06767, 12.72673], [78.06768, 12.72608], [78.06765, 12.72547], [78.06763, 12.72481], [78.06756, 12.7242], [78.0675, 12.72343], [78.06805, 12.72305], [78.06857, 12.72253], [78.06859, 12.72251], [78.06865, 12.72245], [78.06898, 12.72209], [78.06945, 12.7217], [78.06993, 12.72133], [78.07048, 12.721], [78.07102, 12.72054], [78.07145, 12.72014], [78.07199, 12.71968], [78.07198, 12.71968], [78.0724, 12.71927], [78.07284, 12.7188], [78.07333, 12.71843], [78.07385, 12.71799], [78.07426, 12.71764], [78.0748, 12.71721], [78.07526, 12.71684], [78.07572, 12.71648], [78.07624, 12.71608], [78.07682, 12.71588], [78.07741, 12.71562], [78.07798, 12.71548], [78.0786, 12.71546], [78.07923, 12.71547], [78.07993, 12.71547], [78.08058, 12.71549], [78.0813, 12.71548], [78.08185, 12.71533], [78.08268, 12.71497], [78.08319, 12.71487], [78.08322, 12.71486], [78.08327, 12.71485], [78.08371, 12.71477], [78.08437, 12.71465], [78.08496, 12.7145], [78.08549, 12.7147], [78.08594, 12.71504], [78.08642, 12.7155], [78.08689, 12.71595], [78.08734, 12.71636], [78.08785, 12.71685], [78.08835, 12.71731], [78.08872, 12.71767], [78.08921, 12.71809], [78.08973, 12.71855], [78.09025, 12.71902], [78.09063, 12.7194], [78.09109, 12.71975], [78.09112, 12.71978], [78.09117, 12.71975], [78.09178, 12.71949], [78.09237, 12.71919], [78.09291, 12.71889], [78.09345, 12.71856], [78.09398, 12.7182], [78.09449, 12.71785], [78.0944, 12.71682], [78.09504, 12.71679], [78.09501, 12.71622], [78.09497, 12.71557], [78.09496, 12.71547], [78.09494, 12.71533], [78.09489, 12.71489], [78.09536, 12.71448], [78.09584, 12.71411], [78.09645, 12.7139], [78.097, 12.71362], [78.09697, 12.71322], [78.09697, 12.71318], [78.09696, 12.71302], [78.09692, 12.71228], [78.09729, 12.71184], [78.0977, 12.71137], [78.09803, 12.71098], [78.09852, 12.71049], [78.09892, 12.70995], [78.09927, 12.70944], [78.09964, 12.70899], [78.09927, 12.70861], [78.09885, 12.70814], [78.09848, 12.70773], [78.09811, 12.70724], [78.09773, 12.70662], [78.09746, 12.706], [78.09736, 12.70541], [78.09723, 12.70481], [78.09709, 12.70426], [78.09701, 12.70361], [78.09709, 12.7034], [78.09713, 12.70331], [78.09725, 12.70303], [78.09753, 12.70253], [78.09794, 12.70204], [78.09831, 12.70163], [78.09883, 12.70121], [78.09936, 12.70081], [78.09987, 12.70041], [78.10039, 12.70018], [78.10041, 12.69965], [78.10042, 12.6991], [78.10042, 12.69878], [78.10042, 12.69871], [78.10042, 12.69852], [78.10041, 12.69778], [78.10043, 12.69716], [78.10054, 12.69645], [78.10012, 12.69642], [78.1001, 12.69595], [78.10012, 12.69543], [78.1, 12.6949], [78.09957, 12.69477], [78.09935, 12.69474], [78.0991, 12.6947], [78.09908, 12.69458], [78.09902, 12.69404], [78.0989, 12.6934], [78.09943, 12.69325], [78.09993, 12.6934], [78.09997, 12.69282], [78.09999, 12.69226], [78.1005, 12.69222], [78.10063, 12.6916], [78.10109, 12.69145], [78.10166, 12.69125], [78.10179, 12.69069], [78.10206, 12.69016], [78.10228, 12.68956], [78.10214, 12.68898], [78.102, 12.68841], [78.10186, 12.68779], [78.10178, 12.68716], [78.10168, 12.68664], [78.10149, 12.68594], [78.10136, 12.6854], [78.10124, 12.6848], [78.1011, 12.68413], [78.10099, 12.68355], [78.10087, 12.68282], [78.10074, 12.68227], [78.10075, 12.68184], [78.10075, 12.68176], [78.10075, 12.68166], [78.10075, 12.68162], [78.10078, 12.68161], [78.10134, 12.68135], [78.10184, 12.68105], [78.10241, 12.68074], [78.10301, 12.68042], [78.1035, 12.68013], [78.10405, 12.67981], [78.1046, 12.67947], [78.10516, 12.67908], [78.10515, 12.67908], [78.10498, 12.67836], [78.10471, 12.67777], [78.10457, 12.67721], [78.10436, 12.67658], [78.10417, 12.67592], [78.10396, 12.67535], [78.10385, 12.67471], [78.10371, 12.67419], [78.1036, 12.67358], [78.10317, 12.67311], [78.10274, 12.67262], [78.10238, 12.67213], [78.10193, 12.67171], [78.10155, 12.67125], [78.10192, 12.67062], [78.10227, 12.67018], [78.10264, 12.66964], [78.10305, 12.6692], [78.10342, 12.66861], [78.10345, 12.66856], [78.10351, 12.66847], [78.10374, 12.66813], [78.10408, 12.66759], [78.10436, 12.66705], [78.10453, 12.66638], [78.10434, 12.66585], [78.10397, 12.66553], [78.10391, 12.66548], [78.10403, 12.66493], [78.10415, 12.66439], [78.10439, 12.66391], [78.10507, 12.66397], [78.10581, 12.6641], [78.10646, 12.66416], [78.10715, 12.66418], [78.10777, 12.66421], [78.10845, 12.66423], [78.10878, 12.66383], [78.10916, 12.66334], [78.10954, 12.66285], [78.10988, 12.66236], [78.11034, 12.66191], [78.11073, 12.66136], [78.11104, 12.66096], [78.11144, 12.6605], [78.11145, 12.65987], [78.11139, 12.6592], [78.11141, 12.65872], [78.1114, 12.65814], [78.11142, 12.65749], [78.11174, 12.65696], [78.11212, 12.65639], [78.11238, 12.65586], [78.11272, 12.65531], [78.11346, 12.65516], [78.11414, 12.65501], [78.11447, 12.65451], [78.11475, 12.65402], [78.11508, 12.65351], [78.11529, 12.65294], [78.116, 12.65276], [78.11664, 12.65247], [78.11701, 12.65202], [78.11731, 12.65146], [78.11769, 12.65088], [78.118, 12.65033], [78.1183, 12.64975], [78.11847, 12.64913], [78.11849, 12.64902], [78.1185, 12.64897], [78.11858, 12.64857], [78.11854, 12.64794], [78.1185, 12.64725], [78.11853, 12.64657], [78.11913, 12.64639], [78.11985, 12.64631], [78.12004, 12.64581], [78.12046, 12.64534], [78.12091, 12.6449], [78.12124, 12.64441], [78.12159, 12.6439], [78.12191, 12.6434], [78.12225, 12.64287], [78.12242, 12.64222], [78.1226, 12.64158], [78.1227, 12.64095], [78.12286, 12.64033], [78.12299, 12.63966], [78.12313, 12.63911], [78.12345, 12.63868], [78.12388, 12.63838], [78.12382, 12.63788], [78.12373, 12.63741], [78.12373, 12.6374], [78.12373, 12.63737], [78.12316, 12.63736], [78.12252, 12.6374], [78.12187, 12.63737], [78.12126, 12.63734], [78.12064, 12.63735], [78.12004, 12.63734], [78.11936, 12.63743], [78.11871, 12.63749], [78.1181, 12.63756], [78.11742, 12.63757], [78.11683, 12.63764], [78.11616, 12.63768], [78.11542, 12.63776], [78.1149, 12.63778], [78.11432, 12.63775], [78.1142, 12.63774], [78.11467, 12.6373], [78.11511, 12.63684], [78.11555, 12.63648], [78.11605, 12.63598], [78.11617, 12.63527], [78.11622, 12.63464], [78.11627, 12.63401], [78.11671, 12.63354], [78.11718, 12.63311], [78.11761, 12.63257], [78.1181, 12.6321], [78.11848, 12.63162], [78.11896, 12.63112], [78.11936, 12.63065], [78.11975, 12.63022], [78.12027, 12.62966], [78.12064, 12.62918], [78.12114, 12.62867], [78.12178, 12.62879], [78.12246, 12.62886], [78.12302, 12.62892], [78.12369, 12.629], [78.12412, 12.62874], [78.12456, 12.62838], [78.12499, 12.62802], [78.12538, 12.62761], [78.12571, 12.62706], [78.12596, 12.62646], [78.12602, 12.62584], [78.12605, 12.62518], [78.12608, 12.6245], [78.12601, 12.62394], [78.12594, 12.62332], [78.12589, 12.62271], [78.12578, 12.62203], [78.12572, 12.62147], [78.12566, 12.62082], [78.12565, 12.62082], [78.12552, 12.62031], [78.12523, 12.61967], [78.12513, 12.61914], [78.12455, 12.61876], [78.124, 12.61841], [78.12353, 12.618], [78.12303, 12.61748], [78.1226, 12.61703], [78.12223, 12.61654], [78.12186, 12.61598], [78.1215, 12.6154], [78.12132, 12.61487], [78.12076, 12.61464], [78.12021, 12.61449], [78.11964, 12.61426], [78.11963, 12.61426], [78.11961, 12.61425], [78.1191, 12.61409], [78.11842, 12.61397], [78.1178, 12.61381], [78.11716, 12.61372], [78.11655, 12.61365], [78.11585, 12.61351], [78.11528, 12.61341], [78.1141, 12.61318], [78.11342, 12.61305], [78.11342, 12.61296], [78.11343, 12.61257], [78.11347, 12.61205], [78.11345, 12.61145], [78.11343, 12.61084], [78.11349, 12.61014], [78.11349, 12.60956], [78.11348, 12.60892], [78.11348, 12.60833], [78.11352, 12.60762], [78.11357, 12.60707], [78.11355, 12.60643], [78.11353, 12.60619], [78.11353, 12.60614], [78.11351, 12.60579], [78.11292, 12.60582], [78.11234, 12.60583], [78.11169, 12.6058], [78.11116, 12.6058], [78.11115, 12.6058], [78.11078, 12.60578], [78.11038, 12.60575], [78.11038, 12.60574], [78.11031, 12.60504], [78.11023, 12.60439], [78.11015, 12.60381], [78.11013, 12.60318], [78.11009, 12.60263], [78.11009, 12.60203], [78.11009, 12.60133], [78.11009, 12.60071], [78.11002, 12.60004], [78.10998, 12.59948], [78.10942, 12.59915], [78.1089, 12.59888], [78.10822, 12.59855], [78.10766, 12.59831], [78.10711, 12.59785], [78.10665, 12.59753], [78.1061, 12.59714], [78.10562, 12.5968], [78.10511, 12.59641], [78.10464, 12.59615], [78.10409, 12.59587], [78.10406, 12.59586], [78.10405, 12.59585], [78.10352, 12.59561], [78.10295, 12.59535], [78.10233, 12.5951], [78.10183, 12.59479], [78.10149, 12.59431], [78.10128, 12.59386], [78.10105, 12.59327], [78.10089, 12.59271], [78.10055, 12.5921], [78.10043, 12.59156], [78.10069, 12.59111], [78.10103, 12.59073], [78.10139, 12.59024], [78.10124, 12.58965], [78.10115, 12.58923], [78.10096, 12.58839], [78.10082, 12.58771], [78.10073, 12.58703], [78.10061, 12.58638], [78.10056, 12.58579], [78.10066, 12.58517], [78.10067, 12.58449], [78.10074, 12.5838], [78.10073, 12.58323], [78.10079, 12.58275], [78.1009, 12.58213], [78.10094, 12.58146], [78.10108, 12.58083], [78.10112, 12.58014], [78.10104, 12.57946], [78.10104, 12.57887], [78.10096, 12.57821], [78.1009, 12.57759], [78.10085, 12.57713], [78.10085, 12.57706], [78.10084, 12.57702], [78.10084, 12.57694], [78.10077, 12.57635], [78.10063, 12.57576], [78.10045, 12.5752], [78.1001, 12.57468], [78.09979, 12.57416], [78.09949, 12.57364], [78.09914, 12.57311], [78.099, 12.57251], [78.09887, 12.57183], [78.09884, 12.57124], [78.09879, 12.57062], [78.09878, 12.57002], [78.09871, 12.56942], [78.0987, 12.5688], [78.09839, 12.56834], [78.09788, 12.568], [78.09736, 12.56765], [78.09682, 12.5673], [78.09629, 12.56688], [78.09595, 12.56637], [78.09567, 12.56572], [78.0954, 12.56518], [78.09516, 12.56458], [78.09479, 12.56402], [78.09424, 12.56371], [78.09359, 12.56358], [78.093, 12.56329], [78.09246, 12.56293], [78.09199, 12.56243], [78.09152, 12.56203], [78.09097, 12.56174], [78.09036, 12.56168], [78.0897, 12.56168], [78.08912, 12.56174], [78.08841, 12.56169], [78.0878, 12.56165], [78.0871, 12.56163], [78.0865, 12.56154], [78.08583, 12.5614], [78.0852, 12.56117], [78.08475, 12.56084], [78.08439, 12.5603], [78.08413, 12.55984], [78.08381, 12.55928], [78.08346, 12.55886], [78.08307, 12.55838], [78.08271, 12.55795], [78.08234, 12.55752], [78.08186, 12.55709], [78.08143, 12.55667], [78.08097, 12.55623], [78.08054, 12.55582], [78.08008, 12.55536], [78.07962, 12.55501], [78.07956, 12.55555], [78.07944, 12.55625], [78.07948, 12.55686], [78.07942, 12.55752], [78.07935, 12.55813], [78.07924, 12.55869], [78.07918, 12.5593], [78.07906, 12.55984], [78.07895, 12.56045], [78.07883, 12.56113], [78.07867, 12.56165], [78.07851, 12.5622], [78.07829, 12.56288], [78.07822, 12.56346], [78.07815, 12.56409], [78.07807, 12.56474], [78.07809, 12.56532], [78.07828, 12.56588], [78.07868, 12.56642], [78.07894, 12.56701], [78.07931, 12.56754], [78.07957, 12.56811], [78.07988, 12.56867], [78.08008, 12.56914], [78.08022, 12.56966], [78.07975, 12.57014], [78.07937, 12.57055], [78.07898, 12.571], [78.07892, 12.57107], [78.07878, 12.57155], [78.07843, 12.57161], [78.07831, 12.57166], [78.07796, 12.57178], [78.07746, 12.57191], [78.07705, 12.57202], [78.0768, 12.5721], [78.07677, 12.57211], [78.07675, 12.57212], [78.0764, 12.57229], [78.07608, 12.57246], [78.07577, 12.57262], [78.07538, 12.57281], [78.07506, 12.57292], [78.07478, 12.57293], [78.07446, 12.57292], [78.07429, 12.57289], [78.07417, 12.5728], [78.074, 12.57256], [78.0738, 12.57213], [78.07369, 12.5717], [78.07348, 12.57074], [78.07326, 12.57], [78.07312, 12.56946], [78.07302, 12.56914], [78.07284, 12.56876], [78.07273, 12.56857], [78.0726, 12.56847], [78.07243, 12.56842], [78.07234, 12.56841], [78.07214, 12.56846], [78.07201, 12.56853], [78.07141, 12.56891], [78.07102, 12.56907], [78.07034, 12.56935], [78.07002, 12.56943], [78.06931, 12.56962], [78.0689, 12.56978], [78.0682, 12.56999], [78.06781, 12.5701], [78.06721, 12.57014], [78.06656, 12.57012], [78.06612, 12.57008], [78.06513, 12.5699], [78.06477, 12.56981], [78.06432, 12.56974], [78.06373, 12.56979], [78.06325, 12.56986], [78.06299, 12.56987], [78.06232, 12.56987], [78.06133, 12.56977], [78.06034, 12.56968], [78.05987, 12.56964], [78.05938, 12.56963], [78.05877, 12.56967], [78.05829, 12.56979], [78.0576, 12.57012], [78.05691, 12.5704], [78.05664, 12.57054], [78.0562, 12.57075], [78.05599, 12.57086], [78.05573, 12.5709], [78.0554, 12.57093], [78.05491, 12.57097], [78.05457, 12.57098], [78.05446, 12.57101], [78.05431, 12.57116], [78.05398, 12.57158], [78.05368, 12.5718], [78.05318, 12.57219], [78.05257, 12.57288], [78.05211, 12.57347], [78.05152, 12.57422], [78.0515, 12.57427], [78.05107, 12.575], [78.05077, 12.57568], [78.05064, 12.57599], [78.05038, 12.57678], [78.05026, 12.57725], [78.05019, 12.57749], [78.05004, 12.57782], [78.04992, 12.57804], [78.04952, 12.57843], [78.04929, 12.57858], [78.04905, 12.57871], [78.04886, 12.57877], [78.04835, 12.5788], [78.04797, 12.5788], [78.04758, 12.57873], [78.04679, 12.57848], [78.04595, 12.57824], [78.04513, 12.57799], [78.04418, 12.57776], [78.04343, 12.57746], [78.04307, 12.57734], [78.04251, 12.57713], [78.04199, 12.5769], [78.04155, 12.57678], [78.04113, 12.57669], [78.04073, 12.57665], [78.04064, 12.5767], [78.04049, 12.5768], [78.0402, 12.57692], [78.04003, 12.57699], [78.03987, 12.57703], [78.03971, 12.57703], [78.03955, 12.57703], [78.03941, 12.57701], [78.03921, 12.57696], [78.03887, 12.57682], [78.03847, 12.57664], [78.03829, 12.57655], [78.03822, 12.57648], [78.03821, 12.57647], [78.03817, 12.57647], [78.03814, 12.57647], [78.03797, 12.57647], [78.03782, 12.57653], [78.03715, 12.57669], [78.03663, 12.57675], [78.03617, 12.5768], [78.03569, 12.57682], [78.03513, 12.5768], [78.03457, 12.5768], [78.03402, 12.57684], [78.03357, 12.5769], [78.03328, 12.57698], [78.03291, 12.5771], [78.03262, 12.57724], [78.03214, 12.57749], [78.03184, 12.5777], [78.03136, 12.57809], [78.03069, 12.57873], [78.03003, 12.57929], [78.02949, 12.5797], [78.02899, 12.58002], [78.02853, 12.58042], [78.0282, 12.58077], [78.02792, 12.58111], [78.02757, 12.58144], [78.0273, 12.58171], [78.02715, 12.58178], [78.02714, 12.58193], [78.02705, 12.58216], [78.02693, 12.58233], [78.02679, 12.58245], [78.02661, 12.58253], [78.02638, 12.5826], [78.02614, 12.58262], [78.02588, 12.58261], [78.02561, 12.58257], [78.02545, 12.58247], [78.02534, 12.58235], [78.02521, 12.58217], [78.02512, 12.58201], [78.02509, 12.58195], [78.02509, 12.58188], [78.02513, 12.58182], [78.02497, 12.58162], [78.02482, 12.58133], [78.02477, 12.58121], [78.02473, 12.58091], [78.02462, 12.58045], [78.02457, 12.58025], [78.02449, 12.57992], [78.02447, 12.57967], [78.02448, 12.57928], [78.02448, 12.57913], [78.0245, 12.57894], [78.02456, 12.57867], [78.02465, 12.57817], [78.02466, 12.57791], [78.02466, 12.57774], [78.02461, 12.57743], [78.02454, 12.57722], [78.02441, 12.57696], [78.02422, 12.57675], [78.02394, 12.57654], [78.02346, 12.57628], [78.02257, 12.57598], [78.02169, 12.5758], [78.02134, 12.57573], [78.02066, 12.57568], [78.02013, 12.57567], [78.01965, 12.57571], [78.01923, 12.57569], [78.01852, 12.57566], [78.01824, 12.57565], [78.01765, 12.57548], [78.01717, 12.57536], [78.01693, 12.5753], [78.0168, 12.57525], [78.01606, 12.57472], [78.01533, 12.5742], [78.0146, 12.57368], [78.01394, 12.57315], [78.01352, 12.57288], [78.01293, 12.57256], [78.01253, 12.57238], [78.01184, 12.57223], [78.01074, 12.57214], [78.01073, 12.57214], [78.00996, 12.57215], [78.00919, 12.57227], [78.00866, 12.57238], [78.00812, 12.57256], [78.00792, 12.5727], [78.00772, 12.57289], [78.00758, 12.57308], [78.00753, 12.57322], [78.00747, 12.57339], [78.0072, 12.57402], [78.00704, 12.5744], [78.00675, 12.57479], [78.00619, 12.57555], [78.00555, 12.57624], [78.00491, 12.57695], [78.00441, 12.57761], [78.00392, 12.57826], [78.00355, 12.57898], [78.00322, 12.5797], [78.0029, 12.58041], [78.00247, 12.58109], [78.00236, 12.5814], [78.00217, 12.58187], [78.00208, 12.58218], [78.00179, 12.58266], [78.00129, 12.58327], [78.00129, 12.58327], [78.00109, 12.58297], [78.00083, 12.58245], [78.00046, 12.58181], [78.00004, 12.58118], [77.99978, 12.58066], [77.99951, 12.58016], [77.99927, 12.57986], [77.99886, 12.57934], [77.99829, 12.57923], [77.99648, 12.5776], [77.99412, 12.57799], [77.99145, 12.57833], [77.98821, 12.57875], [77.98701, 12.57951], [77.98588, 12.58075], [77.98468, 12.58058], [77.98341, 12.58068], [77.98148, 12.58104], [77.97975, 12.58112], [77.97724, 12.58136], [77.97574, 12.58152], [77.9744, 12.58071], [77.97191, 12.5787], [77.97143, 12.57781], [77.97081, 12.57484], [77.97028, 12.57229], [77.97048, 12.57186], [77.97281, 12.57068], [77.97471, 12.56975], [77.97487, 12.56928], [77.97545, 12.56809], [77.97679, 12.56535], [77.97675, 12.56501], [77.97674, 12.56496], [77.97657, 12.56335], [77.97591, 12.56142], [77.97547, 12.56067], [77.97408, 12.56022], [77.97392, 12.56001], [77.9739, 12.55998], [77.97362, 12.55961], [77.97303, 12.55943], [77.97118, 12.55919], [77.96961, 12.5588], [77.96828, 12.55816], [77.96577, 12.55675], [77.96405, 12.55583], [77.96293, 12.55583], [77.96138, 12.5561], [77.96039, 12.55614], [77.95907, 12.55575], [77.95651, 12.55574], [77.95565, 12.55679], [77.95472, 12.5557], [77.95394, 12.55575], [77.95325, 12.55669], [77.9529, 12.55717], [77.95283, 12.55726], [77.95128, 12.55936], [77.95029, 12.56106], [77.95038, 12.56216], [77.95058, 12.56411], [77.95063, 12.56597], [77.95065, 12.56833], [77.95048, 12.56954], [77.95052, 12.56955], [77.95137, 12.56978], [77.95295, 12.57015], [77.95442, 12.57049], [77.95498, 12.57092], [77.9563, 12.57228], [77.95741, 12.57383], [77.95804, 12.57502], [77.95854, 12.57625], [77.95831, 12.57661], [77.95691, 12.57782], [77.95643, 12.57831], [77.95559, 12.57951], [77.95507, 12.58045], [77.95483, 12.58048], [77.95481, 12.58048], [77.95385, 12.5806], [77.95262, 12.58129], [77.95085, 12.58223], [77.94807, 12.58278], [77.94603, 12.58266], [77.94442, 12.58389], [77.94384, 12.58422], [77.94222, 12.58453], [77.94069, 12.5848], [77.93982, 12.58486], [77.93856, 12.58613], [77.93674, 12.58815], [77.93539, 12.58975], [77.93311, 12.58933], [77.93155, 12.59041], [77.93189, 12.59079], [77.93334, 12.59237], [77.93295, 12.5928], [77.93295, 12.59374], [77.93297, 12.59467], [77.93244, 12.59496], [77.9323, 12.59543], [77.93191, 12.59569], [77.93065, 12.59656], [77.92957, 12.59721], [77.92967, 12.59754], [77.93023, 12.59776], [77.93015, 12.59982], [77.92967, 12.59991], [77.92834, 12.60018], [77.92738, 12.60046], [77.92698, 12.60004], [77.92636, 12.60008], [77.92559, 12.60021], [77.92476, 12.60047], [77.92358, 12.60013], [77.92281, 12.60022], [77.92258, 12.60043], [77.92218, 12.60099], [77.92162, 12.60179], [77.92099, 12.60283], [77.92033, 12.60239], [77.91895, 12.60163], [77.91725, 12.6006], [77.91632, 12.60068], [77.91574, 12.60114], [77.91447, 12.60226], [77.91335, 12.60321], [77.91107, 12.60527], [77.91032, 12.60626], [77.90926, 12.60792], [77.90882, 12.60783], [77.9072, 12.60619], [77.9059, 12.6048], [77.90508, 12.60412], [77.90347, 12.60384], [77.90241, 12.60371], [77.9018, 12.6039], [77.90178, 12.60391], [77.90078, 12.60421], [77.89757, 12.60517], [77.89444, 12.60629], [77.89149, 12.60684], [77.88938, 12.60741], [77.88679, 12.60825], [77.88412, 12.60965], [77.88152, 12.61142], [77.8807, 12.61271], [77.87976, 12.61417], [77.87877, 12.61609], [77.87904, 12.61721], [77.8794, 12.61748], [77.88043, 12.61817], [77.88075, 12.61844], [77.88092, 12.61894], [77.88137, 12.62064], [77.88151, 12.6215], [77.88186, 12.62292], [77.88201, 12.62331], [77.88295, 12.62401], [77.88349, 12.62439], [77.88389, 12.6253], [77.88414, 12.62598], [77.88426, 12.62618], [77.88444, 12.62627], [77.88466, 12.62636], [77.88488, 12.62657], [77.88512, 12.6271], [77.88551, 12.62796], [77.88586, 12.62862], [77.88607, 12.62917], [77.88636, 12.6299], [77.88659, 12.63076], [77.88684, 12.63164], [77.8871, 12.63267], [77.88734, 12.63329], [77.88789, 12.63425], [77.88833, 12.6349], [77.88871, 12.63549], [77.8891, 12.63636], [77.88943, 12.63726], [77.88962, 12.6377], [77.88991, 12.63793], [77.89056, 12.63811], [77.89127, 12.63831], [77.89213, 12.63871], [77.89292, 12.63924], [77.89344, 12.63971], [77.89386, 12.63997], [77.89469, 12.63967], [77.89534, 12.63947], [77.89604, 12.63931], [77.89656, 12.63913], [77.8969, 12.63907], [77.89745, 12.63903], [77.89809, 12.63893], [77.89918, 12.63871], [77.89974, 12.63863], [77.89976, 12.63863], [77.89979, 12.63863], [77.90021, 12.63865], [77.90071, 12.63874], [77.90142, 12.6387], [77.90202, 12.6385], [77.90283, 12.63818], [77.90342, 12.63785], [77.90379, 12.63742], [77.90404, 12.63692], [77.90405, 12.63689], [77.90415, 12.63648], [77.90414, 12.6357], [77.90409, 12.63446], [77.90413, 12.63374], [77.90413, 12.63372], [77.90431, 12.63344], [77.9046, 12.63326], [77.90477, 12.63319], [77.90482, 12.63318], [77.90482, 12.63318], [77.9051, 12.63317], [77.90543, 12.63336], [77.90566, 12.63353], [77.90586, 12.6338], [77.90595, 12.63399], [77.90596, 12.63447], [77.90603, 12.63466], [77.90615, 12.63461], [77.90621, 12.63459], [77.90662, 12.63426], [77.90746, 12.63345], [77.90783, 12.6331], [77.90821, 12.63284], [77.90826, 12.63284], [77.90826, 12.63284], [77.90862, 12.63284], [77.90899, 12.6329], [77.90943, 12.63308], [77.90979, 12.63325], [77.91017, 12.63355], [77.91056, 12.63385], [77.91113, 12.63404], [77.91168, 12.63415], [77.91232, 12.63423], [77.91306, 12.63426], [77.91373, 12.63446], [77.91422, 12.63465], [77.91477, 12.63506], [77.91516, 12.63544], [77.91552, 12.63582], [77.91565, 12.63617], [77.91579, 12.6367], [77.9158, 12.63706], [77.91581, 12.63757], [77.91585, 12.63849], [77.91591, 12.63915], [77.916, 12.63996], [77.91613, 12.64057], [77.91638, 12.64135], [77.91682, 12.6423], [77.91756, 12.6436], [77.9184, 12.64446], [77.91952, 12.64541], [77.92043, 12.64598], [77.92165, 12.64664], [77.92245, 12.64698], [77.92317, 12.64713], [77.92373, 12.64719], [77.92418, 12.64718], [77.92487, 12.64704], [77.92535, 12.64687], [77.92616, 12.6466], [77.92669, 12.64636], [77.92718, 12.64609], [77.92778, 12.64584], [77.92824, 12.64554], [77.9285, 12.64534], [77.92863, 12.64504], [77.92865, 12.64498], [77.9287, 12.64498], [77.9292, 12.64498], [77.92963, 12.64496], [77.93006, 12.64488], [77.93051, 12.64485], [77.93107, 12.64478], [77.9315, 12.64471], [77.93176, 12.6447], [77.9327, 12.64472], [77.93327, 12.64472], [77.93419, 12.64481], [77.93509, 12.64496], [77.93573, 12.64519], [77.93617, 12.64526], [77.93643, 12.64523], [77.93696, 12.64505], [77.93745, 12.6448], [77.93804, 12.6443], [77.9388, 12.64374], [77.93944, 12.6433], [77.93979, 12.64303], [77.94023, 12.64283], [77.94071, 12.64256], [77.9412, 12.64222], [77.94188, 12.64173], [77.94227, 12.64137], [77.9426, 12.64103], [77.94294, 12.64058], [77.94349, 12.64002], [77.94381, 12.63972], [77.94397, 12.6396], [77.94409, 12.63956], [77.94438, 12.63956], [77.94484, 12.63957], [77.94563, 12.63954], [77.94605, 12.63949], [77.94651, 12.63947], [77.94698, 12.63943], [77.94731, 12.63941], [77.94758, 12.63942], [77.94778, 12.63948], [77.94805, 12.63969], [77.94856, 12.64039], [77.94893, 12.64078], [77.94924, 12.64118], [77.94948, 12.64148], [77.94963, 12.64161], [77.94992, 12.64182], [77.95056, 12.64224], [77.95115, 12.64265], [77.9516, 12.6429], [77.95185, 12.64304], [77.95215, 12.64332], [77.95244, 12.64363], [77.95277, 12.64409], [77.95316, 12.64464], [77.95345, 12.64509], [77.9536, 12.64546], [77.95364, 12.64547], [77.95361, 12.64552], [77.95331, 12.64608], [77.95308, 12.64653], [77.95281, 12.6472], [77.95269, 12.6478], [77.95264, 12.64867], [77.9527, 12.64958], [77.95273, 12.65028], [77.95272, 12.65128], [77.95261, 12.65213], [77.95248, 12.65253], [77.95237, 12.65292], [77.95212, 12.6532], [77.95207, 12.65322], [77.95176, 12.65339], [77.95103, 12.65364], [77.95039, 12.65376], [77.95012, 12.6539], [77.95009, 12.65394], [77.94982, 12.65422], [77.94961, 12.65478], [77.94951, 12.65528], [77.94931, 12.65595], [77.94916, 12.65631], [77.94887, 12.65666], [77.94882, 12.65669], [77.94829, 12.65697], [77.94782, 12.65732], [77.94713, 12.65773], [77.94708, 12.65777], [77.94652, 12.65825], [77.94566, 12.65927], [77.94523, 12.65972], [77.94519, 12.65974], [77.94476, 12.65997], [77.94445, 12.6602], [77.94444, 12.6602], [77.94427, 12.66042], [77.94388, 12.66078], [77.94383, 12.66081], [77.94293, 12.66141], [77.94289, 12.66145], [77.94261, 12.66167], [77.9426, 12.66168], [77.94257, 12.66169], [77.94256, 12.66168], [77.94196, 12.66195], [77.94126, 12.66233], [77.94085, 12.66253], [77.94025, 12.66287], [77.93964, 12.66317], [77.93837, 12.66386], [77.93779, 12.66422], [77.93736, 12.66438], [77.93667, 12.66455], [77.93607, 12.6647], [77.93557, 12.66501], [77.93518, 12.6653], [77.93493, 12.66559], [77.93466, 12.66602], [77.9344, 12.66646], [77.93439, 12.66649], [77.93431, 12.66686], [77.93428, 12.66754], [77.93421, 12.66829], [77.93421, 12.66835], [77.93419, 12.66833], [77.93404, 12.66817], [77.9338, 12.66801], [77.93337, 12.66776], [77.93282, 12.6675], [77.93214, 12.66729], [77.93134, 12.66696], [77.93062, 12.66672], [77.92991, 12.66634], [77.92917, 12.66599], [77.92839, 12.66571], [77.92782, 12.6655], [77.92742, 12.66542], [77.92701, 12.66543], [77.92672, 12.66544], [77.9263, 12.66545], [77.92586, 12.66547], [77.92564, 12.66545], [77.92516, 12.66538], [77.92453, 12.66523], [77.92423, 12.6652], [77.92327, 12.6648], [77.92258, 12.66445], [77.92181, 12.66403], [77.92126, 12.66361], [77.9207, 12.66319], [77.92008, 12.66276], [77.91924, 12.66236], [77.91854, 12.66222], [77.91821, 12.66224], [77.91762, 12.66236], [77.91718, 12.6626], [77.9164, 12.66289], [77.91631, 12.66292], [77.91566, 12.66314], [77.91463, 12.66344], [77.91456, 12.66349], [77.913, 12.66453], [77.91308, 12.66582], [77.91381, 12.66687], [77.91382, 12.66688], [77.91385, 12.6669], [77.91482, 12.66774], [77.91506, 12.66876], [77.91393, 12.66931], [77.91374, 12.6694], [77.91333, 12.66984], [77.91255, 12.67067], [77.91301, 12.67147], [77.91457, 12.672], [77.91799, 12.67222], [77.91903, 12.67378], [77.91897, 12.67617], [77.91755, 12.67766], [77.91575, 12.67869], [77.91548, 12.67885], [77.91538, 12.67917], [77.91469, 12.68146], [77.91519, 12.68281], [77.91768, 12.68351], [77.91951, 12.68596], [77.92018, 12.69007], [77.92027, 12.69061], [77.92042, 12.69602], [77.92043, 12.69644], [77.92036, 12.69686], [77.92005, 12.69867], [77.92016, 12.69928], [77.92025, 12.69972], [77.92055, 12.7002], [77.92055, 12.70021], [77.92059, 12.70026], [77.92079, 12.70024], [77.92108, 12.70022], [77.92169, 12.70025], [77.92273, 12.70031], [77.9233, 12.70041], [77.92365, 12.70051], [77.92416, 12.70057], [77.92458, 12.70058], [77.92506, 12.70049], [77.92565, 12.70035], [77.9259, 12.7003], [77.92644, 12.70008], [77.92732, 12.6998], [77.92769, 12.69966], [77.92814, 12.69955], [77.92856, 12.69951], [77.92929, 12.69951], [77.92992, 12.69952], [77.93029, 12.69952], [77.93056, 12.69924], [77.93083, 12.69888], [77.93102, 12.69869], [77.93125, 12.69856], [77.93153, 12.69851], [77.93194, 12.69855], [77.93236, 12.69875], [77.93275, 12.699], [77.93298, 12.69937], [77.93315, 12.69991], [77.93325, 12.70059], [77.9333, 12.70088], [77.9338, 12.70096], [77.93474, 12.70111], [77.93529, 12.70118], [77.93563, 12.70118], [77.93583, 12.70086], [77.93609, 12.70057], [77.93631, 12.70039], [77.93649, 12.70033], [77.93667, 12.70034], [77.93686, 12.70043], [77.93729, 12.70069], [77.93758, 12.70084], [77.93779, 12.70095], [77.9381, 12.70095], [77.93855, 12.70083], [77.93923, 12.70062], [77.93975, 12.70044], [77.94024, 12.7002], [77.94043, 12.69991], [77.94045, 12.69988], [77.94049, 12.69951], [77.94039, 12.6991], [77.94033, 12.69882], [77.94037, 12.69869], [77.94038, 12.69866], [77.94047, 12.69849], [77.94061, 12.69834], [77.94077, 12.69828], [77.9412, 12.69832], [77.94174, 12.69858], [77.94204, 12.69865], [77.94244, 12.69863], [77.94303, 12.6984], [77.94353, 12.69812], [77.94391, 12.69808], [77.94404, 12.69807], [77.94438, 12.69819], [77.94465, 12.69848], [77.94518, 12.69877], [77.94565, 12.69887], [77.94603, 12.69883], [77.94659, 12.69879], [77.9471, 12.69868], [77.9477, 12.6984], [77.94821, 12.69826], [77.94885, 12.69818], [77.94951, 12.69815], [77.94997, 12.69817], [77.95048, 12.69819], [77.95097, 12.69833], [77.95123, 12.69866], [77.95134, 12.69921], [77.95139, 12.69981], [77.95126, 12.70048], [77.95103, 12.70129], [77.95103, 12.7013], [77.95047, 12.70172], [77.94985, 12.70202], [77.94921, 12.70237], [77.94877, 12.70266], [77.94821, 12.70293], [77.94748, 12.70328], [77.94701, 12.70342], [77.94647, 12.70374], [77.94607, 12.70401], [77.94607, 12.70405], [77.94608, 12.7047], [77.94607, 12.70557], [77.94589, 12.70659], [77.94583, 12.70689], [77.94581, 12.7069], [77.94557, 12.7072], [77.94485, 12.70765], [77.94424, 12.70792], [77.94425, 12.70795], [77.94452, 12.70866], [77.94496, 12.71007], [77.94531, 12.7112], [77.94576, 12.71209], [77.94588, 12.71241], [77.94588, 12.71279], [77.94579, 12.71337], [77.94577, 12.71367], [77.94584, 12.71394], [77.9462, 12.71411], [77.94674, 12.71399], [77.94754, 12.71368], [77.94859, 12.7135], [77.95009, 12.71318], [77.95091, 12.71314], [77.95155, 12.71303], [77.95203, 12.71291], [77.95251, 12.71292], [77.95285, 12.71305], [77.95319, 12.71339], [77.95406, 12.71438], [77.95506, 12.71533], [77.95605, 12.71638], [77.95673, 12.71694], [77.95716, 12.71713], [77.95745, 12.71726], [77.95796, 12.71716], [77.9581, 12.71713], [77.95831, 12.71717], [77.95857, 12.71742], [77.95864, 12.7176], [77.95851, 12.71818], [77.9582, 12.71903], [77.95801, 12.71998], [77.95799, 12.7205], [77.95815, 12.72139], [77.95811, 12.7223], [77.95795, 12.72296], [77.95781, 12.72334], [77.95781, 12.72335], [77.95765, 12.72351], [77.9574, 12.72356], [77.95715, 12.72349], [77.95686, 12.72341], [77.95635, 12.72347], [77.95577, 12.72378], [77.95523, 12.72401], [77.95466, 12.7241], [77.95359, 12.72419], [77.95277, 12.72406], [77.95212, 12.72404], [77.9514, 12.72406], [77.95097, 12.72416], [77.95061, 12.72442], [77.95061, 12.72445], [77.95061, 12.72495], [77.95063, 12.72638], [77.95081, 12.72766], [77.95093, 12.72842], [77.95107, 12.72919], [77.95096, 12.72971], [77.95095, 12.72972], [77.95061, 12.73011], [77.95044, 12.73041], [77.95044, 12.73043], [77.95043, 12.7308], [77.95057, 12.73132], [77.95067, 12.73169], [77.95072, 12.732], [77.95061, 12.73247], [77.9506, 12.7325], [77.95045, 12.73277], [77.94983, 12.73311], [77.94961, 12.73323], [77.94892, 12.73368], [77.94754, 12.73396], [77.94691, 12.73415], [77.94644, 12.73304], [77.94622, 12.73243], [77.94597, 12.73226], [77.94549, 12.73217], [77.94434, 12.7323], [77.94292, 12.73242], [77.94237, 12.73247], [77.94139, 12.73293], [77.94091, 12.73321], [77.94037, 12.73329], [77.94037, 12.73334], [77.94027, 12.73393], [77.94027, 12.73473], [77.94045, 12.73553], [77.94088, 12.73629], [77.9411, 12.7368], [77.94113, 12.73701], [77.94102, 12.73758], [77.94077, 12.73835], [77.94079, 12.73865], [77.94084, 12.73904], [77.94123, 12.73954], [77.94183, 12.74034], [77.9425, 12.74106], [77.94318, 12.74154], [77.94381, 12.74179], [77.94457, 12.742], [77.94495, 12.74201], [77.94552, 12.74201], [77.94609, 12.74194], [77.94664, 12.74191], [77.94718, 12.74194], [77.94765, 12.74209], [77.94803, 12.74247], [77.94827, 12.74296], [77.94856, 12.74335], [77.9492, 12.74376], [77.94956, 12.74397], [77.95029, 12.74435], [77.9509, 12.74467], [77.95173, 12.74491], [77.95297, 12.74517], [77.95359, 12.74536], [77.95404, 12.74552], [77.9543, 12.74607], [77.95458, 12.74701], [77.9549, 12.74799], [77.95501, 12.74865], [77.95507, 12.74884], [77.95525, 12.74923], [77.9554, 12.74934], [77.95559, 12.74944], [77.9561, 12.74945], [77.95705, 12.74949], [77.9577, 12.7496], [77.95826, 12.74978], [77.95864, 12.75013], [77.95928, 12.75051], [77.95978, 12.75071], [77.96033, 12.75129], [77.9604, 12.75133], [77.96102, 12.75169], [77.96145, 12.75185], [77.96196, 12.75188], [77.96248, 12.75188], [77.96279, 12.752], [77.9633, 12.75228], [77.96366, 12.75221], [77.96403, 12.75205], [77.9644, 12.75204], [77.96492, 12.75206], [77.96529, 12.75213], [77.96586, 12.75214], [77.96642, 12.75217], [77.967, 12.75234], [77.96725, 12.75232], [77.96781, 12.752], [77.96825, 12.75172], [77.96854, 12.7516], [77.969, 12.75149], [77.96956, 12.75152], [77.96972, 12.75158], [77.96989, 12.75169], [77.9708, 12.75237], [77.971, 12.75257], [77.97098, 12.75262], [77.97071, 12.75322], [77.97071, 12.75323], [77.97055, 12.75405], [77.97041, 12.75445], [77.97039, 12.75522], [77.97044, 12.75561], [77.97045, 12.75628], [77.97043, 12.75631], [77.97028, 12.75655], [77.96993, 12.75676], [77.96935, 12.75737], [77.96891, 12.75826], [77.96891, 12.75828], [77.96879, 12.75932], [77.96867, 12.7597], [77.96867, 12.75971], [77.96828, 12.76019], [77.96785, 12.76105], [77.96783, 12.76109], [77.9674, 12.76234], [77.96739, 12.76235], [77.96697, 12.76297], [77.96631, 12.7635], [77.96608, 12.7638], [77.96608, 12.76383], [77.96605, 12.76438], [77.96604, 12.76488], [77.96602, 12.76492], [77.96587, 12.7652], [77.96559, 12.76525], [77.96491, 12.7652], [77.96413, 12.765], [77.96319, 12.76472], [77.96271, 12.76466], [77.96178, 12.76478], [77.96124, 12.76489], [77.9607, 12.7648], [77.95996, 12.76469], [77.9583, 12.76444], [77.9574, 12.76461], [77.95688, 12.76488], [77.95643, 12.76511], [77.95583, 12.76504], [77.95536, 12.76508], [77.95486, 12.76516], [77.95429, 12.76543], [77.95344, 12.76591], [77.95279, 12.7664], [77.95252, 12.76613], [77.95218, 12.76587], [77.95196, 12.76584], [77.95147, 12.76591], [77.95071, 12.76619], [77.95042, 12.76629], [77.95017, 12.76637], [77.94993, 12.76634], [77.94957, 12.7662], [77.94928, 12.7662], [77.94871, 12.76636], [77.94873, 12.76641], [77.94909, 12.76733], [77.94944, 12.76837], [77.94973, 12.76941], [77.95, 12.77036], [77.95015, 12.77125], [77.95023, 12.77192], [77.95021, 12.77259], [77.9502, 12.77264], [77.9501, 12.77316], [77.95009, 12.77316], [77.95004, 12.77318], [77.94999, 12.77329], [77.94985, 12.77361], [77.94984, 12.77363], [77.94974, 12.77395], [77.94974, 12.77396], [77.94948, 12.77421], [77.94902, 12.7746], [77.94894, 12.77478], [77.94893, 12.7748], [77.94878, 12.77597], [77.94872, 12.77672], [77.94855, 12.77729], [77.94853, 12.77733], [77.94821, 12.77816], [77.94758, 12.77904], [77.94759, 12.77905], [77.94821, 12.77964], [77.94923, 12.78044], [77.9496, 12.78084], [77.94982, 12.78129], [77.95038, 12.78229], [77.95085, 12.78327], [77.95019, 12.78379], [77.95069, 12.78443], [77.95115, 12.78419], [77.95151, 12.78407], [77.95186, 12.78434], [77.9523, 12.78474], [77.95241, 12.78484], [77.95274, 12.78524], [77.95313, 12.78581], [77.95333, 12.78616], [77.95334, 12.78619], [77.95361, 12.78678], [77.95417, 12.78786], [77.95477, 12.78882], [77.95535, 12.7896], [77.95562, 12.78983], [77.95633, 12.79042], [77.9572, 12.7903], [77.95721, 12.79029], [77.95745, 12.79142], [77.95759, 12.79257], [77.95772, 12.79353], [77.95762, 12.79425], [77.95746, 12.79541], [77.95743, 12.79617], [77.95747, 12.79683], [77.9575, 12.7972], [77.95762, 12.79792], [77.95764, 12.79843], [77.95754, 12.79885], [77.95727, 12.80022], [77.95686, 12.80148], [77.95682, 12.80202], [77.9567, 12.8029], [77.95669, 12.80291], [77.95651, 12.80302], [77.95587, 12.80332], [77.95527, 12.80368], [77.95493, 12.80398], [77.9547, 12.80436], [77.95469, 12.8044], [77.95464, 12.80459], [77.95462, 12.8052], [77.95453, 12.80592], [77.95431, 12.80702], [77.9543, 12.80705], [77.95402, 12.80754], [77.95361, 12.80784], [77.95304, 12.80834], [77.95244, 12.80892], [77.95235, 12.80918], [77.95235, 12.80918], [77.95232, 12.80955], [77.95231, 12.80958], [77.95225, 12.80967], [77.95213, 12.80993], [77.95184, 12.81029], [77.9514, 12.81087], [77.95113, 12.81119], [77.95046, 12.81184], [77.94983, 12.81233], [77.94943, 12.81257], [77.94854, 12.81276], [77.94743, 12.81318], [77.9473, 12.81323], [77.94728, 12.81324], [77.94714, 12.8133], [77.94641, 12.81351], [77.94617, 12.81355], [77.94582, 12.81338], [77.94548, 12.81305], [77.94532, 12.81266], [77.94528, 12.81269], [77.94434, 12.81346], [77.94338, 12.81438], [77.94263, 12.81507], [77.94153, 12.81594], [77.94006, 12.81701], [77.93905, 12.81772], [77.93907, 12.81775], [77.93957, 12.81889], [77.93998, 12.82006], [77.94027, 12.82133], [77.94056, 12.82231], [77.94057, 12.8224], [77.94057, 12.82241], [77.94068, 12.82334], [77.94068, 12.82334], [77.94111, 12.8245], [77.9413, 12.82529], [77.94153, 12.8272], [77.94156, 12.8278], [77.94161, 12.82867], [77.94195, 12.83053], [77.94217, 12.83121], [77.9426, 12.83208], [77.94356, 12.83372], [77.9445, 12.83542], [77.94528, 12.83683], [77.94661, 12.83871], [77.94661, 12.83871], [77.94661, 12.83871], [77.9466, 12.83872], [77.9466, 12.83872], [77.9466, 12.83873], [77.94659, 12.83876], [77.94659, 12.83878], [77.94659, 12.83888], [77.94654, 12.83924], [77.94642, 12.83964], [77.94615, 12.83992], [77.94583, 12.84026], [77.94515, 12.84095], [77.94456, 12.84151], [77.94402, 12.84201], [77.94402, 12.84201], [77.94353, 12.84236], [77.94353, 12.84236], [77.94279, 12.84305], [77.94217, 12.8436], [77.94142, 12.84429], [77.94115, 12.84457], [77.94087, 12.84485], [77.94058, 12.84525], [77.94056, 12.84545], [77.94052, 12.84594], [77.94026, 12.84677], [77.94005, 12.84758], [77.93989, 12.84903], [77.93991, 12.85031], [77.93989, 12.85083], [77.93994, 12.85174], [77.93999, 12.85314], [77.94045, 12.85422], [77.94093, 12.85518], [77.94116, 12.85606], [77.94172, 12.85641], [77.94242, 12.8568], [77.94342, 12.85769], [77.94365, 12.85782], [77.9439, 12.85781], [77.94451, 12.85763], [77.94577, 12.85734], [77.94686, 12.85704], [77.94751, 12.85692], [77.9483, 12.85687], [77.94889, 12.85692], [77.95038, 12.85682], [77.9513, 12.85691], [77.95179, 12.857], [77.95218, 12.85713], [77.95234, 12.85712], [77.95249, 12.85701], [77.9525, 12.85701], [77.95287, 12.85648], [77.95292, 12.85559], [77.9528, 12.85448], [77.95283, 12.85413], [77.95283, 12.85413], [77.95305, 12.85401], [77.95334, 12.85389], [77.95334, 12.85389], [77.95315, 12.85284], [77.95291, 12.85152], [77.95282, 12.85106], [77.95274, 12.85052], [77.95269, 12.85023], [77.95277, 12.85013], [77.95278, 12.85013], [77.95327, 12.85017], [77.95407, 12.85012], [77.95526, 12.84995], [77.95586, 12.84983], [77.95735, 12.84964], [77.95837, 12.84959], [77.95958, 12.84961], [77.96066, 12.84956], [77.96158, 12.84952], [77.96215, 12.84972], [77.96283, 12.8501], [77.963, 12.85018], [77.96355, 12.84994], [77.96411, 12.8497], [77.96411, 12.8497], [77.9642, 12.84958], [77.96412, 12.84909], [77.96408, 12.8486], [77.96411, 12.84829], [77.96411, 12.84829], [77.96425, 12.84825], [77.96501, 12.84824], [77.96535, 12.84818], [77.96535, 12.84818], [77.96535, 12.84818], [77.96535, 12.84816], [77.96531, 12.84781], [77.9652, 12.84643], [77.96515, 12.84542], [77.96515, 12.84491], [77.9651, 12.84467], [77.96454, 12.84348], [77.96391, 12.84211], [77.96374, 12.84174], [77.96324, 12.84058], [77.96295, 12.83956], [77.96283, 12.83882], [77.96264, 12.83772], [77.96257, 12.83737], [77.96253, 12.8366], [77.96261, 12.83629], [77.96262, 12.83624], [77.96262, 12.83624], [77.96295, 12.83532], [77.96334, 12.83442], [77.96379, 12.83348], [77.96404, 12.83312], [77.96407, 12.83309], [77.96432, 12.83284], [77.96432, 12.83284], [77.96508, 12.83268], [77.96586, 12.83262], [77.9668, 12.83251], [77.96686, 12.8325], [77.96686, 12.8325], [77.96768, 12.83264], [77.96864, 12.83277], [77.96932, 12.83288], [77.97027, 12.83283], [77.97127, 12.83282], [77.9727, 12.83282], [77.97307, 12.83308], [77.97348, 12.83375], [77.97377, 12.83446], [77.97392, 12.83475], [77.97405, 12.83483], [77.97558, 12.83504], [77.97708, 12.83521], [77.97854, 12.83534], [77.9792, 12.83536], [77.97957, 12.83535], [77.97987, 12.83529], [77.98021, 12.83519], [77.98039, 12.83506], [77.98039, 12.83506], [77.98047, 12.8349], [77.98049, 12.83452], [77.98049, 12.83422], [77.9805, 12.83408], [77.9805, 12.83403], [77.98048, 12.83341], [77.98043, 12.83274], [77.98028, 12.83144], [77.98015, 12.8304], [77.98006, 12.82946], [77.97974, 12.82862], [77.97916, 12.82778], [77.9791, 12.8276], [77.97904, 12.82745], [77.97927, 12.82704], [77.97927, 12.82704], [77.98019, 12.82636], [77.984, 12.82376], [77.98557, 12.82269], [77.98651, 12.82201], [77.9868, 12.82182], [77.98714, 12.82168], [77.98821, 12.82158], [77.98942, 12.82156], [77.98978, 12.82155], [77.98978, 12.82155], [77.98978, 12.82155], [77.98978, 12.82152], [77.98973, 12.82073], [77.98949, 12.81814], [77.98936, 12.81664], [77.98918, 12.81451], [77.98893, 12.81204], [77.9887, 12.80953], [77.98852, 12.80819], [77.98852, 12.80819], [77.98852, 12.80819], [77.98922, 12.80816], [77.99095, 12.80783], [77.9925, 12.80743], [77.99341, 12.80688], [77.99465, 12.80607], [77.9952, 12.80586], [77.99562, 12.80587], [77.99585, 12.80618], [77.99638, 12.80719], [77.99669, 12.80787], [77.99747, 12.80798], [77.9984, 12.80808], [77.99881, 12.8082], [77.99885, 12.80821], [77.99886, 12.80821], [77.99912, 12.80821], [77.99965, 12.80821], [78.00033, 12.80822], [78.00079, 12.80823], [78.0012, 12.80823], [78.00202, 12.80825], [78.00235, 12.80826], [78.0027, 12.80828], [78.00345, 12.8083], [78.00383, 12.80827], [78.00414, 12.80827], [78.00481, 12.80826], [78.0055, 12.80815], [78.00561, 12.80862], [78.00646, 12.80858], [78.00673, 12.80849], [78.00673, 12.80849], [78.00695, 12.80788], [78.00695, 12.80788], [78.00741, 12.80743], [78.0077, 12.80722], [78.00804, 12.80701], [78.00868, 12.80654], [78.00893, 12.80639], [78.00913, 12.80622], [78.00945, 12.80596], [78.00975, 12.80574], [78.00975, 12.80574], [78.00978, 12.80577], [78.01008, 12.80616], [78.01069, 12.80676], [78.011, 12.80708], [78.01122, 12.80732], [78.01174, 12.808], [78.0119, 12.80829], [78.0121, 12.80858], [78.01257, 12.80924], [78.0128, 12.80952], [78.01298, 12.80981], [78.01342, 12.81045], [78.01355, 12.81073], [78.01375, 12.81106], [78.0142, 12.81176], [78.01444, 12.8122], [78.01469, 12.81263], [78.01511, 12.81337], [78.01531, 12.81379], [78.01531, 12.81379], [78.01528, 12.81384], [78.01503, 12.81417], [78.01464, 12.81462], [78.01463, 12.81462], [78.01463, 12.81462], [78.01453, 12.81473], [78.01444, 12.81483], [78.01425, 12.81501], [78.01425, 12.81501], [78.01425, 12.81501], [78.01389, 12.81538], [78.01389, 12.81538], [78.01389, 12.81538], [78.01364, 12.81565], [78.0135, 12.8161], [78.01323, 12.81703], [78.01313, 12.8174], [78.01306, 12.81774], [78.01286, 12.81852], [78.01277, 12.81882], [78.01277, 12.81882], [78.01232, 12.81906], [78.01144, 12.81939], [78.01115, 12.81949], [78.01079, 12.8196], [78.01005, 12.81987], [78.0098, 12.81998], [78.00951, 12.82011], [78.00872, 12.82046], [78.00837, 12.82058], [78.00802, 12.82074], [78.00736, 12.8211], [78.00705, 12.82131], [78.00675, 12.82151], [78.0061, 12.82195], [78.0058, 12.82217], [78.00554, 12.8224], [78.00485, 12.8229], [78.00456, 12.82314], [78.00456, 12.82314], [78.00434, 12.82336], [78.00385, 12.824], [78.00374, 12.82441], [78.00373, 12.82454], [78.00371, 12.82478], [78.00392, 12.8256], [78.00396, 12.82569], [78.00404, 12.82588], [78.00426, 12.82617], [78.00502, 12.82683], [78.00554, 12.82712], [78.00597, 12.82736], [78.00678, 12.82788], [78.00703, 12.82807], [78.00734, 12.82829], [78.00815, 12.82885], [78.00854, 12.82906], [78.00887, 12.82937], [78.00939, 12.82986], [78.00963, 12.83005], [78.00992, 12.83029], [78.01043, 12.83074], [78.01062, 12.83091], [78.01131, 12.8308], [78.01243, 12.83051], [78.01271, 12.83039], [78.01313, 12.83029], [78.01412, 12.82995], [78.01466, 12.82982], [78.01519, 12.82996], [78.01613, 12.83025], [78.0165, 12.83038], [78.01688, 12.83051], [78.01797, 12.83087], [78.0183, 12.83105], [78.0183, 12.83106], [78.0183, 12.83105], [78.0183, 12.83106], [78.0183, 12.8311], [78.0183, 12.83149], [78.01835, 12.83233], [78.01839, 12.83312], [78.01844, 12.83383], [78.01845, 12.83429], [78.0185, 12.83462], [78.01854, 12.83546], [78.01858, 12.83584], [78.01864, 12.83628], [78.01864, 12.83633], [78.01868, 12.83709], [78.01868, 12.83748], [78.01871, 12.83784], [78.01874, 12.8388], [78.01873, 12.83917], [78.01873, 12.8396], [78.01876, 12.84034], [78.01877, 12.84043], [78.0188, 12.8408], [78.01885, 12.84128], [78.01889, 12.84211], [78.01888, 12.84247], [78.01893, 12.84281], [78.01905, 12.84358], [78.01915, 12.84394], [78.01944, 12.8438], [78.02017, 12.84347], [78.02045, 12.84338], [78.02081, 12.84325], [78.02149, 12.84296], [78.02177, 12.84284], [78.02216, 12.84269], [78.02283, 12.8424], [78.0231, 12.84229], [78.02341, 12.84214], [78.02409, 12.84183], [78.02433, 12.84174], [78.0246, 12.84197], [78.02519, 12.84244], [78.02548, 12.84263], [78.02572, 12.8428], [78.02604, 12.84299], [78.0262, 12.8431], [78.0265, 12.84331], [78.02668, 12.84344], [78.02701, 12.84367], [78.02762, 12.84412], [78.02788, 12.84429], [78.02815, 12.84449], [78.0288, 12.84497], [78.02892, 12.84511], [78.02899, 12.84519], [78.02907, 12.84536], [78.02916, 12.84597], [78.0292, 12.84625], [78.02931, 12.84649], [78.02944, 12.84726], [78.02947, 12.84749], [78.02955, 12.84782], [78.02968, 12.84853], [78.0297, 12.84891], [78.0297, 12.84891], [78.02936, 12.84907], [78.0287, 12.84922], [78.02825, 12.84932], [78.02791, 12.84942], [78.02707, 12.84981], [78.02668, 12.85003], [78.02643, 12.85026], [78.02643, 12.85027], [78.02643, 12.85027], [78.02582, 12.85086], [78.02581, 12.85086], [78.0255, 12.85117], [78.0255, 12.85117], [78.02515, 12.85145], [78.02454, 12.85197], [78.02454, 12.85197], [78.02436, 12.85217], [78.02407, 12.85251], [78.02384, 12.85317], [78.02376, 12.85361], [78.02376, 12.85396], [78.02376, 12.85474], [78.02376, 12.85512], [78.02381, 12.85544], [78.02386, 12.85623], [78.02387, 12.8565], [78.02425, 12.85658], [78.02492, 12.8567], [78.02516, 12.85676], [78.02568, 12.85716], [78.02603, 12.85734], [78.0264, 12.85747], [78.02734, 12.85771], [78.02757, 12.85778], [78.02799, 12.85786], [78.02879, 12.85797], [78.02911, 12.858], [78.02949, 12.85804], [78.03039, 12.85805], [78.03065, 12.85802], [78.03065, 12.85802], [78.03067, 12.85769], [78.0307, 12.85694], [78.0307, 12.85654], [78.0307, 12.85624], [78.0307, 12.85545], [78.03069, 12.85513], [78.0307, 12.8548], [78.03072, 12.85414], [78.03072, 12.85386], [78.0307, 12.85353], [78.03073, 12.85285], [78.03073, 12.85245], [78.03073, 12.85245], [78.03097, 12.85235], [78.03173, 12.85223], [78.03217, 12.8522], [78.03261, 12.85217], [78.03332, 12.85205], [78.03367, 12.852], [78.03414, 12.85196], [78.03501, 12.85188], [78.03536, 12.85184], [78.03574, 12.8518], [78.03667, 12.8517], [78.03704, 12.85164], [78.03745, 12.85161], [78.03839, 12.85148], [78.03868, 12.85147], [78.03906, 12.85136], [78.03993, 12.85117], [78.04023, 12.85108], [78.04059, 12.85096], [78.04121, 12.85073], [78.04148, 12.8507], [78.04192, 12.85051], [78.04262, 12.8503], [78.04293, 12.85023], [78.04332, 12.85015], [78.04405, 12.85], [78.04435, 12.84991], [78.04477, 12.84981], [78.04556, 12.84964], [78.04595, 12.84956], [78.04628, 12.84952], [78.04703, 12.84934], [78.04731, 12.84927], [78.04769, 12.84922], [78.04856, 12.84904], [78.04882, 12.84898], [78.04913, 12.84893], [78.04997, 12.84879], [78.04999, 12.84878], [78.05, 12.84878]]]}}, {"type": "Feature", "properties": {"taluk": "Koratagere", "district": "Tumakuru", "state": "Karnataka"}, "geometry": {"type": "Polygon", "coordinates": [[[77.28531, 13.60912], [77.28574, 13.60809], [77.28605, 13.60732], [77.2861, 13.60596], [77.28609, 13.6053], [77.2861, 13.60404], [77.28505, 13.60242], [77.28385, 13.60093], [77.28287, 13.59955], [77.28205, 13.59846], [77.28019, 13.59543], [77.28005, 13.59484], [77.27973, 13.59346], [77.27948, 13.59197], [77.27917, 13.59075], [77.27902, 13.59013], [77.27894, 13.58902], [77.28005, 13.58956], [77.28161, 13.59013], [77.28365, 13.59102], [77.28609, 13.59006], [77.28796, 13.58948], [77.28858, 13.59003], [77.28906, 13.59046], [77.28996, 13.59085], [77.29011, 13.59155], [77.29036, 13.59219], [77.29078, 13.59334], [77.29108, 13.59388], [77.29135, 13.59456], [77.29172, 13.59537], [77.292, 13.59638], [77.29257, 13.59809], [77.29309, 13.59929], [77.29361, 13.60035], [77.29434, 13.60152], [77.29496, 13.60248], [77.29533, 13.60295], [77.29609, 13.60392], [77.2967, 13.60492], [77.29687, 13.60557], [77.29709, 13.60628], [77.29747, 13.6068], [77.2979, 13.60718], [77.29834, 13.60763], [77.2989, 13.608], [77.29944, 13.60838], [77.30042, 13.60891], [77.30101, 13.60912], [77.30224, 13.60953], [77.30341, 13.60971], [77.30395, 13.60983], [77.3053, 13.61015], [77.30668, 13.61022], [77.30706, 13.60971], [77.3089, 13.60781], [77.31079, 13.60578], [77.31371, 13.60385], [77.31395, 13.60439], [77.31415, 13.60511], [77.31449, 13.60565], [77.31521, 13.60663], [77.31548, 13.60705], [77.31612, 13.60866], [77.31669, 13.60899], [77.31736, 13.60912], [77.31856, 13.60921], [77.32116, 13.60928], [77.32418, 13.60906], [77.32688, 13.60897], [77.32809, 13.60893], [77.32946, 13.60886], [77.33003, 13.60871], [77.33162, 13.60891], [77.33212, 13.60866], [77.33204, 13.60815], [77.33273, 13.60859], [77.33285, 13.60803], [77.33342, 13.60709], [77.33438, 13.60684], [77.33505, 13.6058], [77.33572, 13.60569], [77.33735, 13.6057], [77.33779, 13.60633], [77.33873, 13.60679], [77.33933, 13.60691], [77.34055, 13.60683], [77.34253, 13.60677], [77.34363, 13.60669], [77.34435, 13.60664], [77.34502, 13.60663], [77.3456, 13.60656], [77.34745, 13.60606], [77.34875, 13.60573], [77.34936, 13.60568], [77.35067, 13.60572], [77.35258, 13.60579], [77.35513, 13.60584], [77.35643, 13.60584], [77.35772, 13.60577], [77.35901, 13.60575], [77.36019, 13.60567], [77.36156, 13.6056], [77.36197, 13.6056], [77.36218, 13.60493], [77.3623, 13.6039], [77.36224, 13.60238], [77.36278, 13.60229], [77.36278, 13.60229], [77.36378, 13.60208], [77.36368, 13.59981], [77.36356, 13.59797], [77.36319, 13.59552], [77.36306, 13.59362], [77.36306, 13.59232], [77.36305, 13.59018], [77.36305, 13.59018], [77.36422, 13.59009], [77.36533, 13.58986], [77.36533, 13.58986], [77.36644, 13.58941], [77.36791, 13.58866], [77.36954, 13.58812], [77.3716, 13.58774], [77.37228, 13.58871], [77.37252, 13.58891], [77.37304, 13.58933], [77.37383, 13.58984], [77.37383, 13.58984], [77.37421, 13.59002], [77.37473, 13.58868], [77.37504, 13.5878], [77.3757, 13.58602], [77.3757, 13.58602], [77.37661, 13.58375], [77.37714, 13.58251], [77.37749, 13.58158], [77.37767, 13.58104], [77.37777, 13.58075], [77.37785, 13.58049], [77.37804, 13.57987], [77.37837, 13.57902], [77.37861, 13.57849], [77.37963, 13.57854], [77.38059, 13.5775], [77.38109, 13.57693], [77.38116, 13.57685], [77.38193, 13.57607], [77.38244, 13.57531], [77.38227, 13.57391], [77.38225, 13.57303], [77.38225, 13.57267], [77.38224, 13.57243], [77.38218, 13.57037], [77.38215, 13.56931], [77.38195, 13.56565], [77.3815, 13.5602], [77.38133, 13.55742], [77.38133, 13.55633], [77.38138, 13.55447], [77.38138, 13.55447], [77.38139, 13.55275], [77.38137, 13.5522], [77.38133, 13.55147], [77.38062, 13.55056], [77.38091, 13.5483], [77.38125, 13.5455], [77.3812, 13.54377], [77.38243, 13.54321], [77.38243, 13.54319], [77.38247, 13.54156], [77.38264, 13.54061], [77.38268, 13.53993], [77.3827, 13.5396], [77.38271, 13.53936], [77.38269, 13.53792], [77.38273, 13.53715], [77.38349, 13.53741], [77.38349, 13.53741], [77.38423, 13.53748], [77.38465, 13.53742], [77.38496, 13.53738], [77.38636, 13.53702], [77.38673, 13.53694], [77.38797, 13.5367], [77.38953, 13.53634], [77.39047, 13.5361], [77.39047, 13.5361], [77.39082, 13.53555], [77.39127, 13.53463], [77.39141, 13.53414], [77.3915, 13.53346], [77.39154, 13.53252], [77.39135, 13.53152], [77.39135, 13.53152], [77.39125, 13.53075], [77.39125, 13.53075], [77.39103, 13.52866], [77.39096, 13.52743], [77.39074, 13.52396], [77.39033, 13.52149], [77.38994, 13.51968], [77.38994, 13.51968], [77.38962, 13.51928], [77.38888, 13.51942], [77.38855, 13.51937], [77.38826, 13.51933], [77.38652, 13.51867], [77.3857, 13.51835], [77.38395, 13.51686], [77.38172, 13.5156], [77.38086, 13.51511], [77.38086, 13.51511], [77.38094, 13.51371], [77.38094, 13.51371], [77.38124, 13.51213], [77.38143, 13.51094], [77.38158, 13.50991], [77.38171, 13.50905], [77.38181, 13.50836], [77.38184, 13.50811], [77.38187, 13.50779], [77.38193, 13.50715], [77.38201, 13.50619], [77.38202, 13.50518], [77.38187, 13.504], [77.38184, 13.5033], [77.38162, 13.50235], [77.38202, 13.5012], [77.38212, 13.50099], [77.38219, 13.50084], [77.38238, 13.5006], [77.38261, 13.50032], [77.38336, 13.49981], [77.38429, 13.49938], [77.38466, 13.49907], [77.38386, 13.49782], [77.38322, 13.49703], [77.38255, 13.49618], [77.38219, 13.49554], [77.38113, 13.49382], [77.37986, 13.49214], [77.37882, 13.49087], [77.37831, 13.49014], [77.37807, 13.48976], [77.37752, 13.48648], [77.37721, 13.48475], [77.37709, 13.48372], [77.3771, 13.48333], [77.37561, 13.48311], [77.37367, 13.48311], [77.3723, 13.48311], [77.37112, 13.48041], [77.37106, 13.48022], [77.37095, 13.47989], [77.37069, 13.47931], [77.37021, 13.47822], [77.37158, 13.47483], [77.37177, 13.47432], [77.37198, 13.47376], [77.37274, 13.47177], [77.3734, 13.47004], [77.3734, 13.47004], [77.37176, 13.46982], [77.37019, 13.46961], [77.36912, 13.46948], [77.36681, 13.46945], [77.36646, 13.46706], [77.36628, 13.46511], [77.36616, 13.46417], [77.36612, 13.46356], [77.36481, 13.4637], [77.36313, 13.46392], [77.36286, 13.46391], [77.36213, 13.46388], [77.36016, 13.46355], [77.35844, 13.46306], [77.35719, 13.46257], [77.35607, 13.46193], [77.3553, 13.46125], [77.35407, 13.45984], [77.35354, 13.45942], [77.35253, 13.45861], [77.35157, 13.45805], [77.35056, 13.45766], [77.34862, 13.45718], [77.34852, 13.45675], [77.34852, 13.45675], [77.34855, 13.45443], [77.34854, 13.45384], [77.34852, 13.45232], [77.34847, 13.45007], [77.34843, 13.44814], [77.34841, 13.44723], [77.3484, 13.44659], [77.34946, 13.44602], [77.35067, 13.44538], [77.3512, 13.4451], [77.35173, 13.44477], [77.35212, 13.44452], [77.35281, 13.44405], [77.35302, 13.44366], [77.35309, 13.44307], [77.35312, 13.44284], [77.35321, 13.44179], [77.35321, 13.44179], [77.35326, 13.44138], [77.3533, 13.44107], [77.35334, 13.44071], [77.35338, 13.44032], [77.35464, 13.44074], [77.35491, 13.44074], [77.35515, 13.44054], [77.35574, 13.43966], [77.35606, 13.43872], [77.35645, 13.43815], [77.35689, 13.4377], [77.35846, 13.43762], [77.35931, 13.43756], [77.35992, 13.43751], [77.36112, 13.43727], [77.36197, 13.43692], [77.3625, 13.43444], [77.3625, 13.43444], [77.36205, 13.43173], [77.36202, 13.43037], [77.36217, 13.42988], [77.3625, 13.42946], [77.36253, 13.42938], [77.36268, 13.42897], [77.36268, 13.42875], [77.36268, 13.42861], [77.36272, 13.42819], [77.36277, 13.42769], [77.36285, 13.42693], [77.36301, 13.42534], [77.36298, 13.42413], [77.36298, 13.42413], [77.3629, 13.42233], [77.36287, 13.42004], [77.36198, 13.41846], [77.36091, 13.41666], [77.36012, 13.41566], [77.35933, 13.41508], [77.35846, 13.41485], [77.35719, 13.41495], [77.35514, 13.4155], [77.35362, 13.41568], [77.35252, 13.41612], [77.35136, 13.4165], [77.35004, 13.41683], [77.34938, 13.41692], [77.34589, 13.41756], [77.34552, 13.41556], [77.34518, 13.41341], [77.34512, 13.4125], [77.34487, 13.40998], [77.34476, 13.40885], [77.34455, 13.4076], [77.34436, 13.40673], [77.34436, 13.40673], [77.34347, 13.40267], [77.3433, 13.40193], [77.34314, 13.40112], [77.34305, 13.40086], [77.34305, 13.40083], [77.34297, 13.4006], [77.34234, 13.39866], [77.34325, 13.3971], [77.34292, 13.39498], [77.34278, 13.39382], [77.34265, 13.39274], [77.34254, 13.39228], [77.34246, 13.39193], [77.34299, 13.39165], [77.34299, 13.39165], [77.34339, 13.39144], [77.34353, 13.39137], [77.34321, 13.38879], [77.34262, 13.38603], [77.34262, 13.38603], [77.34245, 13.38528], [77.34236, 13.38489], [77.34236, 13.38489], [77.34153, 13.38071], [77.34104, 13.3789], [77.34094, 13.37779], [77.34084, 13.37703], [77.34099, 13.37647], [77.34187, 13.37566], [77.34369, 13.37479], [77.34479, 13.37464], [77.3457, 13.37463], [77.3457, 13.37463], [77.34555, 13.37368], [77.34555, 13.37368], [77.34487, 13.372], [77.34462, 13.37139], [77.34447, 13.37103], [77.34339, 13.36815], [77.34244, 13.36565], [77.34238, 13.36462], [77.34238, 13.36462], [77.34238, 13.36335], [77.34238, 13.36335], [77.34239, 13.36167], [77.34229, 13.36059], [77.34229, 13.36059], [77.3422, 13.36031], [77.34162, 13.35833], [77.34125, 13.35711], [77.34125, 13.35711], [77.34125, 13.35711], [77.34142, 13.35625], [77.34158, 13.35541], [77.34143, 13.35441], [77.34138, 13.35429], [77.34131, 13.35413], [77.34139, 13.35388], [77.34157, 13.35334], [77.34202, 13.35205], [77.34235, 13.35083], [77.34335, 13.35033], [77.34457, 13.35013], [77.34457, 13.35013], [77.34447, 13.34769], [77.34411, 13.34542], [77.34397, 13.34335], [77.34382, 13.3397], [77.34382, 13.3397], [77.34382, 13.3397], [77.3413, 13.33787], [77.34099, 13.33767], [77.3409, 13.33695], [77.34083, 13.3364], [77.34077, 13.33593], [77.34073, 13.33563], [77.34032, 13.33464], [77.34032, 13.33464], [77.33962, 13.33394], [77.33944, 13.3334], [77.3393, 13.33296], [77.33916, 13.3324], [77.33898, 13.33161], [77.33881, 13.33076], [77.33881, 13.33076], [77.33874, 13.33034], [77.33852, 13.32911], [77.33762, 13.32883], [77.33556, 13.3285], [77.33395, 13.32834], [77.33258, 13.32824], [77.3318, 13.32824], [77.32934, 13.3304], [77.32913, 13.33031], [77.32736, 13.32831], [77.32531, 13.32794], [77.32387, 13.32634], [77.32295, 13.32587], [77.32104, 13.32513], [77.31825, 13.32434], [77.31604, 13.32356], [77.31423, 13.32269], [77.31302, 13.32232], [77.31191, 13.32208], [77.31117, 13.31904], [77.31009, 13.31928], [77.3085, 13.32038], [77.30762, 13.32099], [77.30581, 13.32203], [77.30404, 13.3227], [77.30213, 13.3235], [77.30212, 13.32556], [77.30064, 13.32613], [77.30021, 13.32491], [77.29916, 13.32488], [77.29897, 13.32692], [77.29886, 13.32852], [77.29856, 13.33048], [77.29825, 13.33301], [77.29777, 13.33429], [77.29718, 13.33533], [77.29706, 13.33718], [77.29666, 13.33742], [77.29603, 13.33749], [77.29552, 13.33741], [77.29516, 13.33734], [77.29375, 13.33704], [77.2918, 13.33636], [77.29077, 13.33555], [77.28977, 13.33625], [77.28885, 13.33571], [77.28613, 13.33563], [77.28524, 13.33732], [77.28432, 13.33657], [77.28353, 13.33975], [77.28332, 13.34062], [77.28431, 13.34123], [77.28464, 13.3416], [77.28449, 13.34221], [77.28397, 13.34183], [77.28316, 13.34163], [77.28389, 13.34272], [77.2855, 13.34461], [77.28656, 13.34586], [77.29005, 13.35003], [77.29126, 13.35149], [77.29115, 13.35209], [77.29141, 13.35378], [77.2936, 13.35383], [77.29466, 13.35387], [77.29505, 13.35412], [77.29627, 13.35511], [77.29682, 13.35556], [77.29664, 13.35693], [77.29592, 13.35733], [77.29507, 13.3582], [77.29411, 13.35837], [77.29321, 13.35808], [77.29241, 13.35771], [77.29178, 13.35777], [77.29082, 13.35784], [77.28979, 13.3581], [77.28847, 13.35877], [77.28692, 13.35931], [77.286, 13.36008], [77.28592, 13.36056], [77.2851, 13.36139], [77.28341, 13.36225], [77.28264, 13.3621], [77.28256, 13.36253], [77.28101, 13.3629], [77.28074, 13.36465], [77.27944, 13.36512], [77.27803, 13.36542], [77.27443, 13.36599], [77.27326, 13.36614], [77.27167, 13.36635], [77.27215, 13.365], [77.2723, 13.36361], [77.26921, 13.36432], [77.26744, 13.36448], [77.26563, 13.36495], [77.26254, 13.36578], [77.2608, 13.36621], [77.25948, 13.3655], [77.25594, 13.36569], [77.25226, 13.36572], [77.25082, 13.36555], [77.24893, 13.36522], [77.24794, 13.36528], [77.24743, 13.36528], [77.24673, 13.3653], [77.24617, 13.36538], [77.24531, 13.36554], [77.24483, 13.36551], [77.24483, 13.36551], [77.24421, 13.36543], [77.24393, 13.36555], [77.24393, 13.36555], [77.24348, 13.36575], [77.24359, 13.36648], [77.24373, 13.36709], [77.24367, 13.36843], [77.2437, 13.3704], [77.24359, 13.37221], [77.24373, 13.37418], [77.24362, 13.37663], [77.24524, 13.37828], [77.24386, 13.37836], [77.24175, 13.37836], [77.23763, 13.37957], [77.23646, 13.37978], [77.23605, 13.37994], [77.2344, 13.3802], [77.23353, 13.38062], [77.23298, 13.3817], [77.23223, 13.3823], [77.23129, 13.38328], [77.22997, 13.38455], [77.22872, 13.38589], [77.22729, 13.38737], [77.22549, 13.38913], [77.22402, 13.39051], [77.22257, 13.3932], [77.22542, 13.39551], [77.22706, 13.39683], [77.22843, 13.39785], [77.22988, 13.39917], [77.22935, 13.3995], [77.2293, 13.39953], [77.22621, 13.40118], [77.22462, 13.40226], [77.22309, 13.40358], [77.22161, 13.40458], [77.22017, 13.40625], [77.21875, 13.40741], [77.21767, 13.40825], [77.21821, 13.40852], [77.21808, 13.40904], [77.21792, 13.40965], [77.21665, 13.40954], [77.2159, 13.41096], [77.21501, 13.41238], [77.21523, 13.41286], [77.21628, 13.41507], [77.21727, 13.41738], [77.21811, 13.41957], [77.21929, 13.42191], [77.21991, 13.42278], [77.22077, 13.42383], [77.22145, 13.42432], [77.22145, 13.42432], [77.22179, 13.42456], [77.2227, 13.42556], [77.22316, 13.42635], [77.2227, 13.42601], [77.22198, 13.42569], [77.22069, 13.42535], [77.22069, 13.42535], [77.21897, 13.42464], [77.21776, 13.42412], [77.21657, 13.42401], [77.21555, 13.4238], [77.21464, 13.42328], [77.21322, 13.42322], [77.21206, 13.42312], [77.20955, 13.42295], [77.20861, 13.42296], [77.20843, 13.42529], [77.20829, 13.42766], [77.20832, 13.42958], [77.20838, 13.43084], [77.20862, 13.4333], [77.2087, 13.43519], [77.20891, 13.43756], [77.20903, 13.44017], [77.20948, 13.44297], [77.2097, 13.44378], [77.20981, 13.44517], [77.20991, 13.44586], [77.21057, 13.4504], [77.21072, 13.45089], [77.21114, 13.45165], [77.21221, 13.45337], [77.21227, 13.45361], [77.21227, 13.45361], [77.21234, 13.45385], [77.21237, 13.45501], [77.21247, 13.45555], [77.21257, 13.45596], [77.21271, 13.45741], [77.21275, 13.45839], [77.21242, 13.45853], [77.2118, 13.45884], [77.21119, 13.45915], [77.21071, 13.45947], [77.21031, 13.45972], [77.20954, 13.46021], [77.20917, 13.46046], [77.20849, 13.46105], [77.20745, 13.46134], [77.2053, 13.46158], [77.20422, 13.4619], [77.20409, 13.46134], [77.20036, 13.46235], [77.19778, 13.4628], [77.19796, 13.46573], [77.19788, 13.46699], [77.19762, 13.46899], [77.19737, 13.47012], [77.19737, 13.47012], [77.19678, 13.47078], [77.19501, 13.47256], [77.19319, 13.47445], [77.19204, 13.47493], [77.1911, 13.47559], [77.19048, 13.47602], [77.18992, 13.47617], [77.18893, 13.47633], [77.18814, 13.47645], [77.18754, 13.47646], [77.187, 13.47648], [77.18607, 13.47658], [77.18504, 13.4759], [77.18335, 13.47506], [77.18211, 13.47555], [77.18122, 13.47613], [77.17997, 13.47658], [77.17948, 13.47641], [77.17896, 13.47617], [77.17842, 13.47606], [77.17804, 13.47617], [77.17777, 13.47633], [77.17727, 13.47663], [77.17675, 13.477], [77.17615, 13.47777], [77.17548, 13.47809], [77.17478, 13.47897], [77.17443, 13.47865], [77.17393, 13.47809], [77.17379, 13.47768], [77.17295, 13.47513], [77.17201, 13.47268], [77.16172, 13.47], [77.1615, 13.4699], [77.1615, 13.4699], [77.16002, 13.46863], [77.1593, 13.46926], [77.1593, 13.46926], [77.15862, 13.46984], [77.15755, 13.47055], [77.15607, 13.4717], [77.15546, 13.47191], [77.15373, 13.47223], [77.15373, 13.47223], [77.15218, 13.47251], [77.15258, 13.47338], [77.15296, 13.47475], [77.15293, 13.47609], [77.15245, 13.47722], [77.15282, 13.47909], [77.1513, 13.48139], [77.15122, 13.48137], [77.15065, 13.48155], [77.1503, 13.48284], [77.14968, 13.48355], [77.14823, 13.48368], [77.14659, 13.48326], [77.14702, 13.48513], [77.14796, 13.48919], [77.14813, 13.48995], [77.14845, 13.49145], [77.15033, 13.49342], [77.15199, 13.49549], [77.15347, 13.49728], [77.15353, 13.49781], [77.15422, 13.5012], [77.15412, 13.50176], [77.15324, 13.50247], [77.15146, 13.50341], [77.14945, 13.50349], [77.146, 13.50341], [77.14474, 13.50343], [77.14275, 13.50379], [77.14082, 13.50403], [77.13896, 13.50409], [77.13765, 13.50413], [77.13704, 13.50417], [77.13516, 13.50465], [77.13318, 13.50514], [77.13144, 13.5057], [77.12723, 13.50572], [77.12271, 13.50606], [77.11828, 13.50602], [77.11463, 13.50726], [77.11482, 13.5096], [77.11494, 13.51107], [77.11521, 13.51425], [77.11014, 13.51493], [77.10765, 13.51541], [77.10523, 13.51553], [77.10397, 13.51554], [77.10189, 13.51557], [77.09871, 13.51569], [77.09817, 13.51579], [77.09799, 13.51867], [77.0974, 13.5187], [77.09387, 13.51883], [77.09146, 13.5187], [77.08954, 13.51853], [77.08534, 13.51851], [77.08508, 13.51851], [77.08163, 13.51863], [77.07927, 13.52228], [77.07784, 13.52446], [77.07631, 13.5244], [77.07436, 13.52608], [77.07303, 13.52723], [77.07227, 13.52821], [77.07182, 13.5293], [77.07161, 13.53103], [77.06653, 13.53236], [77.06621, 13.53244], [77.06252, 13.53386], [77.0597, 13.53513], [77.05926, 13.53583], [77.0591, 13.53609], [77.05886, 13.53648], [77.06064, 13.53921], [77.06181, 13.5414], [77.06234, 13.54276], [77.06249, 13.54353], [77.0627, 13.54417], [77.06282, 13.54458], [77.06307, 13.54495], [77.06234, 13.54633], [77.06138, 13.54803], [77.06008, 13.5502], [77.05332, 13.54989], [77.04678, 13.54948], [77.04492, 13.55111], [77.04098, 13.55456], [77.03787, 13.55726], [77.03591, 13.55885], [77.03404, 13.56307], [77.03639, 13.56684], [77.0383, 13.56993], [77.03288, 13.57125], [77.02727, 13.57253], [77.02669, 13.57277], [77.02478, 13.5742], [77.02274, 13.57569], [77.02305, 13.57705], [77.02346, 13.5789], [77.02413, 13.58195], [77.02427, 13.58258], [77.0244, 13.58323], [77.02617, 13.58596], [77.02717, 13.58748], [77.02784, 13.58852], [77.03441, 13.58837], [77.04449, 13.58447], [77.04511, 13.58414], [77.04574, 13.58425], [77.04871, 13.58428], [77.05014, 13.58429], [77.05387, 13.58413], [77.05615, 13.58396], [77.0582, 13.58463], [77.05957, 13.58483], [77.06013, 13.58496], [77.06394, 13.58531], [77.06666, 13.58557], [77.06875, 13.58571], [77.06923, 13.58575], [77.07349, 13.58558], [77.07504, 13.58557], [77.07576, 13.58554], [77.07638, 13.58554], [77.08023, 13.58461], [77.08381, 13.58387], [77.08508, 13.58363], [77.08577, 13.58353], [77.08705, 13.58332], [77.09136, 13.58259], [77.09311, 13.58151], [77.09365, 13.5814], [77.09563, 13.58116], [77.09681, 13.58112], [77.09958, 13.58475], [77.10107, 13.5867], [77.10281, 13.58836], [77.10386, 13.58931], [77.10763, 13.58974], [77.1095, 13.58994], [77.11139, 13.59014], [77.11593, 13.59183], [77.11919, 13.59294], [77.12056, 13.5934], [77.12759, 13.59382], [77.1298, 13.59394], [77.13315, 13.59708], [77.13464, 13.59845], [77.13701, 13.59843], [77.14144, 13.59574], [77.14484, 13.59357], [77.14588, 13.59294], [77.14782, 13.59255], [77.1504, 13.5919], [77.15603, 13.59052], [77.15719, 13.59023], [77.15789, 13.59012], [77.16105, 13.59074], [77.16303, 13.5911], [77.16433, 13.59107], [77.16505, 13.59108], [77.16698, 13.59046], [77.16821, 13.58998], [77.1702, 13.5913], [77.17078, 13.59168], [77.17498, 13.59446], [77.18004, 13.59851], [77.18293, 13.6011], [77.18327, 13.60146], [77.1849, 13.6013], [77.18897, 13.6009], [77.19008, 13.60068], [77.19289, 13.59982], [77.19628, 13.59881], [77.19933, 13.59792], [77.20098, 13.59764], [77.20295, 13.59725], [77.20508, 13.59731], [77.20678, 13.59752], [77.20732, 13.59759], [77.20818, 13.59816], [77.20875, 13.59813], [77.20986, 13.5978], [77.21022, 13.59763], [77.21216, 13.59794], [77.21481, 13.59828], [77.21547, 13.5984], [77.21665, 13.59838], [77.21806, 13.59823], [77.21867, 13.59798], [77.21931, 13.59814], [77.2218, 13.59875], [77.22434, 13.59933], [77.22558, 13.5996], [77.22906, 13.60131], [77.2309, 13.6024], [77.23259, 13.60239], [77.23646, 13.60225], [77.23845, 13.60223], [77.23982, 13.60016], [77.24204, 13.60004], [77.24217, 13.60083], [77.24231, 13.60391], [77.24245, 13.607], [77.24475, 13.60699], [77.24426, 13.60952], [77.24416, 13.60986], [77.24481, 13.60991], [77.24658, 13.60916], [77.24726, 13.60895], [77.24892, 13.60998], [77.25015, 13.61066], [77.25053, 13.6125], [77.25141, 13.61252], [77.25246, 13.61335], [77.2538, 13.61455], [77.25463, 13.61535], [77.25614, 13.61596], [77.25648, 13.61659], [77.25782, 13.61865], [77.25866, 13.62033], [77.25975, 13.62181], [77.2604, 13.62216], [77.26227, 13.62264], [77.26489, 13.62349], [77.26733, 13.62398], [77.26904, 13.62365], [77.27167, 13.62293], [77.27187, 13.62188], [77.27202, 13.62107], [77.27255, 13.62059], [77.27318, 13.62022], [77.27379, 13.61983], [77.2743, 13.61966], [77.27538, 13.61946], [77.27588, 13.61927], [77.27647, 13.61834], [77.27723, 13.61727], [77.27806, 13.61643], [77.2797, 13.61562], [77.28155, 13.61493], [77.28279, 13.61444], [77.28333, 13.61418], [77.28372, 13.61382], [77.28399, 13.61323], [77.28425, 13.61198], [77.28438, 13.61127], [77.28477, 13.6102], [77.28531, 13.60912]]]}}, {"type": "Feature", "properties": {"taluk": "Tumakuru", "district": "Tumakuru", "state": "Karnataka"}, "geometry": {"type": "Polygon", "coordinates": [[[77.05886, 13.53648], [77.0591, 13.53609], [77.05926, 13.53583], [77.0597, 13.53513], [77.06252, 13.53386], [77.06621, 13.53244], [77.06653, 13.53236], [77.07161, 13.53103], [77.07182, 13.5293], [77.07227, 13.52821], [77.07303, 13.52723], [77.07436, 13.52608], [77.07631, 13.5244], [77.07784, 13.52446], [77.07927, 13.52228], [77.08163, 13.51863], [77.08508, 13.51851], [77.08534, 13.51851], [77.08954, 13.51853], [77.09146, 13.5187], [77.09387, 13.51883], [77.0974, 13.5187], [77.09799, 13.51867], [77.09817, 13.51579], [77.09871, 13.51569], [77.10189, 13.51557], [77.10397, 13.51554], [77.10523, 13.51553], [77.10765, 13.51541], [77.11014, 13.51493], [77.11521, 13.51425], [77.11494, 13.51107], [77.11482, 13.5096], [77.11463, 13.50726], [77.11828, 13.50602], [77.12271, 13.50606], [77.12723, 13.50572], [77.13144, 13.5057], [77.13318, 13.50514], [77.13516, 13.50465], [77.13704, 13.50417], [77.13765, 13.50413], [77.13896, 13.50409], [77.14082, 13.50403], [77.14275, 13.50379], [77.14474, 13.50343], [77.146, 13.50341], [77.14945, 13.50349], [77.15146, 13.50341], [77.15324, 13.50247], [77.15412, 13.50176], [77.15422, 13.5012], [77.15353, 13.49781], [77.15347, 13.49728], [77.15199, 13.49549], [77.15033, 13.49342], [77.14845, 13.49145], [77.14813, 13.48995], [77.14796, 13.48919], [77.14702, 13.48513], [77.14659, 13.48326], [77.14823, 13.48368], [77.14968, 13.48355], [77.1503, 13.48284], [77.15065, 13.48155], [77.15122, 13.48137], [77.1513, 13.48139], [77.15282, 13.47909], [77.15245, 13.47722], [77.15293, 13.47609], [77.15296, 13.47475], [77.15258, 13.47338], [77.15218, 13.47251], [77.15373, 13.47223], [77.15373, 13.47223], [77.15546, 13.47191], [77.15607, 13.4717], [77.15755, 13.47055], [77.15862, 13.46984], [77.1593, 13.46926], [77.1593, 13.46926], [77.16002, 13.46863], [77.1615, 13.4699], [77.1615, 13.4699], [77.16172, 13.47], [77.17201, 13.47268], [77.17295, 13.47513], [77.17379, 13.47768], [77.17393, 13.47809], [77.17443, 13.47865], [77.17478, 13.47897], [77.17548, 13.47809], [77.17615, 13.47777], [77.17675, 13.477], [77.17727, 13.47663], [77.17777, 13.47633], [77.17804, 13.47617], [77.17842, 13.47606], [77.17896, 13.47617], [77.17948, 13.47641], [77.17997, 13.47658], [77.18122, 13.47613], [77.18211, 13.47555], [77.18335, 13.47506], [77.18504, 13.4759], [77.18607, 13.47658], [77.187, 13.47648], [77.18754, 13.47646], [77.18814, 13.47645], [77.18893, 13.47633], [77.18992, 13.47617], [77.19048, 13.47602], [77.1911, 13.47559], [77.19204, 13.47493], [77.19319, 13.47445], [77.19501, 13.47256], [77.19678, 13.47078], [77.19737, 13.47012], [77.19737, 13.47012], [77.19762, 13.46899], [77.19788, 13.46699], [77.19796, 13.46573], [77.19778, 13.4628], [77.20036, 13.46235], [77.20409, 13.46134], [77.20422, 13.4619], [77.2053, 13.46158], [77.20745, 13.46134], [77.20849, 13.46105], [77.20917, 13.46046], [77.20954, 13.46021], [77.21031, 13.45972], [77.21071, 13.45947], [77.21119, 13.45915], [77.2118, 13.45884], [77.21242, 13.45853], [77.21275, 13.45839], [77.21271, 13.45741], [77.21257, 13.45596], [77.21247, 13.45555], [77.21237, 13.45501], [77.21234, 13.45385], [77.21227, 13.45361], [77.21227, 13.45361], [77.21221, 13.45337], [77.21114, 13.45165], [77.21072, 13.45089], [77.21057, 13.4504], [77.20991, 13.44586], [77.20981, 13.44517], [77.2097, 13.44378], [77.20948, 13.44297], [77.20903, 13.44017], [77.20891, 13.43756], [77.2087, 13.43519], [77.20862, 13.4333], [77.20838, 13.43084], [77.20832, 13.42958], [77.20829, 13.42766], [77.20843, 13.42529], [77.20861, 13.42296], [77.20955, 13.42295], [77.21206, 13.42312], [77.21322, 13.42322], [77.21464, 13.42328], [77.21555, 13.4238], [77.21657, 13.42401], [77.21776, 13.42412], [77.21897, 13.42464], [77.22069, 13.42535], [77.22069, 13.42535], [77.22198, 13.42569], [77.2227, 13.42601], [77.22316, 13.42635], [77.2227, 13.42556], [77.22179, 13.42456], [77.22145, 13.42432], [77.22145, 13.42432], [77.22077, 13.42383], [77.21991, 13.42278], [77.21929, 13.42191], [77.21811, 13.41957], [77.21727, 13.41738], [77.21628, 13.41507], [77.21523, 13.41286], [77.21501, 13.41238], [77.2159, 13.41096], [77.21665, 13.40954], [77.21792, 13.40965], [77.21808, 13.40904], [77.21821, 13.40852], [77.21767, 13.40825], [77.21875, 13.40741], [77.22017, 13.40625], [77.22161, 13.40458], [77.22309, 13.40358], [77.22462, 13.40226], [77.22621, 13.40118], [77.2293, 13.39953], [77.22935, 13.3995], [77.22988, 13.39917], [77.22843, 13.39785], [77.22706, 13.39683], [77.22542, 13.39551], [77.22257, 13.3932], [77.22402, 13.39051], [77.22549, 13.38913], [77.22729, 13.38737], [77.22872, 13.38589], [77.22997, 13.38455], [77.23129, 13.38328], [77.23223, 13.3823], [77.23298, 13.3817], [77.23353, 13.38062], [77.2344, 13.3802], [77.23605, 13.37994], [77.23646, 13.37978], [77.23763, 13.37957], [77.24175, 13.37836], [77.24386, 13.37836], [77.24524, 13.37828], [77.24362, 13.37663], [77.24373, 13.37418], [77.24359, 13.37221], [77.2437, 13.3704], [77.24367, 13.36843], [77.24373, 13.36709], [77.24359, 13.36648], [77.24348, 13.36575], [77.24393, 13.36555], [77.24393, 13.36555], [77.24421, 13.36543], [77.24483, 13.36551], [77.24483, 13.36551], [77.24531, 13.36554], [77.24617, 13.36538], [77.24673, 13.3653], [77.24743, 13.36528], [77.24794, 13.36528], [77.24893, 13.36522], [77.25082, 13.36555], [77.25226, 13.36572], [77.25594, 13.36569], [77.25948, 13.3655], [77.2608, 13.36621], [77.26254, 13.36578], [77.26563, 13.36495], [77.26744, 13.36448], [77.26921, 13.36432], [77.2723, 13.36361], [77.27215, 13.365], [77.27167, 13.36635], [77.27326, 13.36614], [77.27443, 13.36599], [77.27803, 13.36542], [77.27944, 13.36512], [77.28074, 13.36465], [77.28101, 13.3629], [77.28256, 13.36253], [77.28264, 13.3621], [77.28341, 13.36225], [77.2851, 13.36139], [77.28592, 13.36056], [77.286, 13.36008], [77.28692, 13.35931], [77.28847, 13.35877], [77.28979, 13.3581], [77.29082, 13.35784], [77.29178, 13.35777], [77.29241, 13.35771], [77.29321, 13.35808], [77.29411, 13.35837], [77.29507, 13.3582], [77.29592, 13.35733], [77.29664, 13.35693], [77.29682, 13.35556], [77.29627, 13.35511], [77.29505, 13.35412], [77.29466, 13.35387], [77.2936, 13.35383], [77.29141, 13.35378], [77.29115, 13.35209], [77.29126, 13.35149], [77.29005, 13.35003], [77.28656, 13.34586], [77.2855, 13.34461], [77.28389, 13.34272], [77.28316, 13.34163], [77.28397, 13.34183], [77.28449, 13.34221], [77.28464, 13.3416], [77.28431, 13.34123], [77.28332, 13.34062], [77.28353, 13.33975], [77.28432, 13.33657], [77.28524, 13.33732], [77.28613, 13.33563], [77.28885, 13.33571], [77.28977, 13.33625], [77.29077, 13.33555], [77.2918, 13.33636], [77.29375, 13.33704], [77.29516, 13.33734], [77.29552, 13.33741], [77.29603, 13.33749], [77.29666, 13.33742], [77.29706, 13.33718], [77.29718, 13.33533], [77.29777, 13.33429], [77.29825, 13.33301], [77.29856, 13.33048], [77.29886, 13.32852], [77.29897, 13.32692], [77.29916, 13.32488], [77.30021, 13.32491], [77.30064, 13.32613], [77.30212, 13.32556], [77.30213, 13.3235], [77.30404, 13.3227], [77.30581, 13.32203], [77.30762, 13.32099], [77.3085, 13.32038], [77.31009, 13.31928], [77.31117, 13.31904], [77.31075, 13.31699], [77.30997, 13.31467], [77.30911, 13.31199], [77.30867, 13.31061], [77.30488, 13.3106], [77.30257, 13.31064], [77.30079, 13.31066], [77.29781, 13.31081], [77.29392, 13.31108], [77.29152, 13.31113], [77.28974, 13.31116], [77.28864, 13.31116], [77.28864, 13.31116], [77.28773, 13.31116], [77.28661, 13.31115], [77.28484, 13.31081], [77.28306, 13.31063], [77.28164, 13.3105], [77.2812, 13.3104], [77.28087, 13.30857], [77.28084, 13.30817], [77.28082, 13.3076], [77.28064, 13.30565], [77.28073, 13.30389], [77.28073, 13.30383], [77.28076, 13.3023], [77.28076, 13.3023], [77.28077, 13.30182], [77.28079, 13.30109], [77.281, 13.29965], [77.28166, 13.29728], [77.27936, 13.29751], [77.27699, 13.29767], [77.27525, 13.29768], [77.27476, 13.29865], [77.27403, 13.29998], [77.27331, 13.30088], [77.27279, 13.30154], [77.2707, 13.30409], [77.26996, 13.305], [77.26963, 13.30561], [77.26952, 13.3072], [77.26954, 13.30945], [77.26982, 13.31115], [77.26867, 13.31116], [77.2669, 13.3111], [77.26524, 13.31083], [77.25956, 13.30969], [77.25757, 13.30922], [77.25571, 13.30892], [77.25473, 13.30887], [77.25375, 13.30626], [77.2531, 13.30445], [77.25278, 13.30249], [77.25266, 13.30173], [77.25057, 13.30204], [77.24945, 13.30171], [77.24893, 13.30186], [77.24893, 13.30186], [77.24756, 13.30222], [77.24632, 13.3024], [77.2452, 13.30249], [77.24482, 13.30252], [77.24311, 13.3024], [77.24297, 13.3027], [77.2427, 13.30303], [77.24235, 13.3034], [77.24201, 13.30377], [77.24168, 13.30425], [77.24146, 13.30469], [77.24137, 13.30526], [77.24129, 13.30584], [77.24114, 13.3064], [77.241, 13.30697], [77.24069, 13.30771], [77.24023, 13.30851], [77.23959, 13.30894], [77.23873, 13.30905], [77.23823, 13.30916], [77.23694, 13.30968], [77.23652, 13.3098], [77.23553, 13.30998], [77.23499, 13.30987], [77.23353, 13.30962], [77.2332, 13.31015], [77.2331, 13.31051], [77.23285, 13.31128], [77.23246, 13.31197], [77.2317, 13.31267], [77.23113, 13.31277], [77.23039, 13.31294], [77.22901, 13.31331], [77.22901, 13.31331], [77.22876, 13.31133], [77.22863, 13.31029], [77.2283, 13.30903], [77.2283, 13.30903], [77.22724, 13.30603], [77.22572, 13.30274], [77.22447, 13.30026], [77.22357, 13.29713], [77.22251, 13.29352], [77.22209, 13.29182], [77.22179, 13.29057], [77.22172, 13.29031], [77.22094, 13.28743], [77.22092, 13.28739], [77.22034, 13.28553], [77.22033, 13.28551], [77.22037, 13.28493], [77.22043, 13.28419], [77.22075, 13.28051], [77.22089, 13.27881], [77.22063, 13.2769], [77.22003, 13.27445], [77.22003, 13.27445], [77.22049, 13.2731], [77.22086, 13.27201], [77.22214, 13.26835], [77.21953, 13.26332], [77.21934, 13.26295], [77.21707, 13.26201], [77.21605, 13.26156], [77.21116, 13.26176], [77.2071, 13.26199], [77.205, 13.26211], [77.2046, 13.26228], [77.2044, 13.26247], [77.20311, 13.26391], [77.20279, 13.26435], [77.20128, 13.26618], [77.20095, 13.26665], [77.20095, 13.26665], [77.20081, 13.26685], [77.20069, 13.26702], [77.19991, 13.26825], [77.19899, 13.26778], [77.19852, 13.2678], [77.19726, 13.2678], [77.19629, 13.26782], [77.19563, 13.26792], [77.19456, 13.26814], [77.19371, 13.26823], [77.19361, 13.26831], [77.19298, 13.26871], [77.19246, 13.26902], [77.19248, 13.26921], [77.19205, 13.2697], [77.19184, 13.27033], [77.19181, 13.27064], [77.19189, 13.2712], [77.19185, 13.27177], [77.19192, 13.27229], [77.19179, 13.27287], [77.19158, 13.27399], [77.19116, 13.27475], [77.19009, 13.27538], [77.18839, 13.2764], [77.18839, 13.2764], [77.18839, 13.2764], [77.18829, 13.27612], [77.18819, 13.27573], [77.18809, 13.27504], [77.18766, 13.27405], [77.18757, 13.27384], [77.18725, 13.27315], [77.18711, 13.27286], [77.18704, 13.27261], [77.18699, 13.2724], [77.18693, 13.27178], [77.1868, 13.2704], [77.18672, 13.26919], [77.18666, 13.26796], [77.18644, 13.26648], [77.18606, 13.2644], [77.18583, 13.26285], [77.18569, 13.26228], [77.1855, 13.26152], [77.18517, 13.26089], [77.185, 13.26056], [77.18487, 13.26032], [77.18446, 13.2595], [77.18393, 13.25843], [77.18349, 13.25762], [77.18349, 13.25762], [77.18349, 13.25757], [77.18349, 13.25736], [77.18367, 13.25721], [77.18412, 13.25688], [77.18449, 13.25665], [77.18469, 13.25654], [77.18499, 13.25631], [77.18517, 13.25618], [77.18565, 13.25582], [77.18565, 13.25582], [77.18599, 13.25547], [77.18602, 13.25543], [77.18619, 13.25519], [77.18628, 13.255], [77.18641, 13.25472], [77.18656, 13.25418], [77.18669, 13.25346], [77.18669, 13.25346], [77.18674, 13.25277], [77.18668, 13.25239], [77.18661, 13.25188], [77.18661, 13.2516], [77.18661, 13.2516], [77.18672, 13.25143], [77.18672, 13.25143], [77.18695, 13.25121], [77.18816, 13.25054], [77.18956, 13.24878], [77.18956, 13.24878], [77.19021, 13.24796], [77.19097, 13.2468], [77.19229, 13.2445], [77.19245, 13.24356], [77.19218, 13.24214], [77.19184, 13.24114], [77.19105, 13.23957], [77.19021, 13.23784], [77.1898, 13.23755], [77.18686, 13.2385], [77.18582, 13.23852], [77.18615, 13.23653], [77.18542, 13.23604], [77.18471, 13.23586], [77.18468, 13.23508], [77.18439, 13.23365], [77.1838, 13.23362], [77.18362, 13.23294], [77.18332, 13.23175], [77.1831, 13.23116], [77.1831, 13.23116], [77.18289, 13.23014], [77.18266, 13.22951], [77.18266, 13.2291], [77.18269, 13.22872], [77.18279, 13.22855], [77.18347, 13.22784], [77.18431, 13.2272], [77.18533, 13.22619], [77.18635, 13.22518], [77.18635, 13.22518], [77.18702, 13.22516], [77.1892, 13.2252], [77.19197, 13.22479], [77.19406, 13.2243], [77.19426, 13.22314], [77.1943, 13.22225], [77.19447, 13.2211], [77.19457, 13.22034], [77.19463, 13.21912], [77.1946, 13.21746], [77.19446, 13.21622], [77.19446, 13.21622], [77.19447, 13.21355], [77.19442, 13.21305], [77.19446, 13.21198], [77.19456, 13.21064], [77.19483, 13.20863], [77.1951, 13.20663], [77.19622, 13.20582], [77.19808, 13.20512], [77.19973, 13.20402], [77.20025, 13.20316], [77.20031, 13.20199], [77.19987, 13.19947], [77.19934, 13.1968], [77.20026, 13.19647], [77.2009, 13.19627], [77.20095, 13.19451], [77.20295, 13.19461], [77.20287, 13.19732], [77.20621, 13.1968], [77.2075, 13.19662], [77.20751, 13.1962], [77.20729, 13.19434], [77.20721, 13.19379], [77.20681, 13.19214], [77.20675, 13.19191], [77.20649, 13.19096], [77.20567, 13.18875], [77.20481, 13.18641], [77.20481, 13.18641], [77.20359, 13.18448], [77.20348, 13.18431], [77.20348, 13.18431], [77.20254, 13.18296], [77.20107, 13.183], [77.19947, 13.18307], [77.19871, 13.1831], [77.1978, 13.18308], [77.1978, 13.18308], [77.19777, 13.18308], [77.19761, 13.18304], [77.19762, 13.18277], [77.19763, 13.18247], [77.19773, 13.18109], [77.1978, 13.18023], [77.19484, 13.18092], [77.19484, 13.18092], [77.19275, 13.182], [77.19158, 13.18349], [77.19045, 13.18442], [77.18997, 13.18481], [77.18954, 13.18486], [77.18888, 13.18485], [77.18888, 13.18485], [77.18767, 13.18493], [77.18605, 13.18527], [77.18572, 13.18592], [77.18532, 13.18622], [77.18497, 13.18647], [77.18471, 13.18654], [77.18439, 13.18662], [77.18357, 13.18652], [77.18333, 13.18649], [77.18198, 13.18605], [77.18117, 13.18607], [77.17998, 13.18611], [77.17836, 13.18642], [77.17836, 13.18642], [77.17679, 13.18658], [77.17586, 13.18662], [77.17325, 13.18546], [77.17084, 13.1847], [77.16879, 13.18383], [77.16834, 13.18447], [77.16735, 13.1859], [77.16642, 13.18695], [77.16632, 13.18726], [77.16621, 13.18759], [77.16615, 13.18816], [77.1661, 13.18843], [77.1656, 13.18871], [77.16496, 13.1892], [77.16504, 13.18968], [77.16519, 13.19066], [77.16567, 13.19281], [77.16606, 13.19558], [77.16653, 13.19697], [77.16653, 13.19697], [77.16481, 13.19623], [77.16416, 13.19595], [77.16298, 13.19544], [77.16104, 13.19446], [77.15921, 13.19369], [77.15863, 13.19355], [77.1578, 13.19336], [77.15678, 13.19335], [77.15638, 13.19334], [77.15549, 13.19336], [77.15528, 13.19314], [77.15528, 13.19314], [77.15486, 13.19214], [77.15423, 13.19063], [77.15355, 13.18902], [77.15335, 13.18818], [77.15204, 13.18481], [77.15204, 13.18481], [77.15102, 13.18198], [77.15062, 13.18108], [77.15039, 13.18057], [77.15011, 13.17974], [77.14969, 13.17853], [77.14912, 13.17705], [77.14879, 13.17618], [77.14879, 13.17618], [77.14829, 13.17501], [77.14807, 13.1745], [77.14782, 13.17399], [77.14628, 13.17399], [77.14624, 13.17399], [77.14452, 13.17393], [77.14376, 13.1739], [77.14297, 13.17387], [77.14279, 13.1739], [77.14262, 13.17393], [77.14208, 13.1742], [77.14206, 13.17421], [77.14206, 13.17421], [77.14158, 13.17491], [77.14124, 13.1754], [77.14004, 13.17697], [77.13945, 13.17742], [77.13912, 13.17768], [77.13853, 13.17817], [77.13758, 13.17586], [77.13669, 13.1733], [77.13669, 13.1733], [77.13665, 13.17308], [77.13654, 13.17236], [77.13612, 13.17213], [77.13515, 13.17193], [77.13448, 13.17105], [77.13448, 13.17105], [77.1335, 13.16938], [77.13202, 13.16748], [77.13115, 13.16626], [77.13001, 13.16622], [77.12979, 13.16624], [77.12926, 13.1663], [77.12919, 13.1661], [77.12917, 13.16604], [77.12912, 13.16587], [77.12899, 13.16548], [77.12902, 13.1651], [77.12791, 13.16489], [77.1268, 13.16489], [77.12686, 13.16431], [77.12682, 13.16391], [77.12676, 13.16371], [77.1265, 13.16359], [77.12527, 13.16339], [77.12398, 13.16307], [77.12318, 13.16257], [77.12268, 13.16253], [77.12178, 13.16243], [77.12069, 13.16254], [77.11966, 13.16287], [77.11966, 13.16287], [77.11885, 13.16208], [77.11876, 13.16132], [77.11876, 13.16004], [77.11891, 13.15815], [77.11961, 13.15689], [77.11989, 13.15534], [77.11987, 13.15328], [77.11926, 13.15128], [77.11938, 13.15094], [77.12015, 13.15069], [77.1201, 13.14935], [77.11994, 13.14887], [77.11973, 13.1473], [77.1195, 13.14661], [77.11938, 13.14628], [77.11938, 13.14628], [77.11909, 13.1461], [77.11827, 13.14599], [77.11719, 13.14586], [77.11702, 13.14513], [77.11667, 13.14503], [77.11639, 13.14496], [77.11597, 13.14395], [77.11551, 13.14256], [77.11539, 13.14177], [77.11513, 13.14038], [77.11643, 13.13935], [77.11772, 13.13785], [77.11823, 13.13742], [77.1183, 13.1369], [77.11817, 13.13517], [77.11767, 13.13316], [77.11709, 13.1315], [77.1164, 13.13055], [77.11612, 13.13003], [77.11612, 13.13003], [77.11524, 13.13028], [77.11496, 13.13035], [77.11379, 13.13085], [77.11266, 13.13123], [77.11244, 13.13183], [77.1118, 13.13239], [77.11121, 13.13246], [77.11042, 13.13251], [77.11029, 13.13251], [77.11029, 13.13251], [77.11011, 13.1334], [77.10974, 13.13342], [77.10788, 13.13327], [77.10788, 13.13327], [77.10788, 13.13327], [77.10764, 13.13463], [77.10753, 13.13528], [77.10761, 13.13581], [77.10775, 13.1367], [77.10916, 13.13731], [77.10898, 13.13871], [77.10842, 13.14072], [77.10811, 13.14263], [77.10679, 13.14271], [77.10666, 13.14271], [77.10666, 13.14271], [77.10613, 13.14331], [77.10542, 13.14457], [77.10408, 13.14478], [77.10408, 13.14478], [77.10224, 13.14515], [77.09933, 13.14554], [77.09883, 13.1456], [77.09832, 13.14567], [77.09748, 13.14572], [77.09593, 13.14582], [77.09551, 13.14448], [77.095, 13.14301], [77.09424, 13.141], [77.09366, 13.13931], [77.09309, 13.13764], [77.09271, 13.13655], [77.09201, 13.13564], [77.09083, 13.13544], [77.08979, 13.13535], [77.08939, 13.1354], [77.08893, 13.13546], [77.08776, 13.13565], [77.08671, 13.13574], [77.08593, 13.13607], [77.08514, 13.13643], [77.08514, 13.13643], [77.08475, 13.13634], [77.08462, 13.13631], [77.08442, 13.13616], [77.08423, 13.13602], [77.08334, 13.13529], [77.08334, 13.13529], [77.08182, 13.13438], [77.08067, 13.13388], [77.08018, 13.13367], [77.08006, 13.1339], [77.07939, 13.13428], [77.07861, 13.13459], [77.07798, 13.13488], [77.07697, 13.13495], [77.07619, 13.13474], [77.07494, 13.13417], [77.07398, 13.13387], [77.07328, 13.13376], [77.07121, 13.1336], [77.06993, 13.13372], [77.06867, 13.13385], [77.06763, 13.13389], [77.06496, 13.13368], [77.06434, 13.13416], [77.06375, 13.13382], [77.06335, 13.13296], [77.06316, 13.13178], [77.06302, 13.13137], [77.06259, 13.13117], [77.06141, 13.13094], [77.05935, 13.13078], [77.05819, 13.1307], [77.05818, 13.12995], [77.0581, 13.12924], [77.05811, 13.12838], [77.05677, 13.12843], [77.05553, 13.12861], [77.05472, 13.12743], [77.05453, 13.12638], [77.05456, 13.12475], [77.05512, 13.1227], [77.05401, 13.12254], [77.0522, 13.12223], [77.05005, 13.12161], [77.04839, 13.12114], [77.04626, 13.12065], [77.04511, 13.12043], [77.04338, 13.12055], [77.0431, 13.12046], [77.04273, 13.12034], [77.0422, 13.11995], [77.04107, 13.11998], [77.04042, 13.12], [77.04002, 13.12002], [77.0391, 13.12032], [77.03799, 13.1207], [77.03807, 13.12111], [77.0385, 13.12155], [77.03811, 13.12241], [77.03744, 13.12334], [77.03678, 13.12397], [77.03611, 13.12447], [77.03565, 13.12483], [77.03497, 13.12529], [77.03384, 13.1255], [77.03238, 13.12547], [77.0319, 13.12535], [77.03143, 13.12548], [77.02985, 13.12651], [77.02891, 13.12727], [77.02585, 13.12953], [77.02492, 13.12993], [77.02355, 13.12725], [77.02344, 13.12536], [77.0234, 13.12398], [77.02333, 13.12247], [77.02315, 13.1207], [77.02269, 13.11873], [77.02229, 13.11729], [77.0218, 13.11605], [77.02156, 13.11494], [77.02142, 13.11443], [77.02094, 13.11268], [77.02074, 13.11167], [77.02011, 13.11115], [77.01932, 13.111], [77.01802, 13.11107], [77.01663, 13.1113], [77.01559, 13.11157], [77.01158, 13.11298], [77.01051, 13.11342], [77.00855, 13.11418], [77.00837, 13.11425], [77.0072, 13.11463], [77.00576, 13.1151], [77.00532, 13.116], [77.00503, 13.11659], [77.00456, 13.11816], [77.00368, 13.11972], [77.00289, 13.12051], [77.00262, 13.12095], [77.0022, 13.12192], [77.0019, 13.12293], [77.00179, 13.12401], [77.00192, 13.12515], [77.00251, 13.12724], [76.99896, 13.12625], [76.99864, 13.12625], [76.99805, 13.12615], [76.99742, 13.12613], [76.99677, 13.12603], [76.99615, 13.12595], [76.99602, 13.12526], [76.99582, 13.12459], [76.99517, 13.12479], [76.99447, 13.12498], [76.99387, 13.12512], [76.99331, 13.12526], [76.99291, 13.12537], [76.99291, 13.12537], [76.99265, 13.12544], [76.99208, 13.12557], [76.99148, 13.12571], [76.99082, 13.12591], [76.99017, 13.12607], [76.98958, 13.12623], [76.98891, 13.12641], [76.98838, 13.1266], [76.98781, 13.12687], [76.9873, 13.12716], [76.98678, 13.12746], [76.98623, 13.12779], [76.98566, 13.1281], [76.98513, 13.12839], [76.98463, 13.12868], [76.9841, 13.129], [76.98409, 13.12901], [76.98409, 13.12902], [76.9835, 13.13009], [76.9828, 13.13113], [76.98195, 13.13295], [76.98099, 13.13523], [76.9804, 13.13697], [76.98026, 13.13758], [76.98011, 13.13821], [76.98005, 13.13882], [76.98001, 13.13927], [76.98005, 13.13999], [76.98004, 13.14249], [76.98013, 13.14376], [76.98013, 13.14559], [76.97964, 13.14575], [76.97838, 13.14608], [76.97775, 13.14625], [76.97651, 13.14654], [76.97657, 13.14671], [76.97674, 13.14714], [76.97721, 13.14821], [76.97765, 13.1492], [76.97803, 13.15027], [76.97864, 13.15163], [76.97885, 13.15223], [76.97868, 13.15335], [76.97862, 13.15404], [76.97843, 13.15651], [76.97827, 13.15957], [76.97816, 13.16205], [76.97807, 13.16241], [76.97806, 13.16246], [76.97773, 13.1638], [76.97738, 13.16525], [76.97858, 13.1653], [76.97995, 13.16561], [76.98023, 13.16699], [76.98053, 13.16852], [76.98066, 13.16927], [76.98113, 13.17156], [76.98126, 13.17275], [76.98147, 13.17448], [76.98168, 13.17634], [76.98172, 13.17774], [76.98119, 13.17827], [76.98119, 13.1791], [76.98141, 13.17935], [76.98122, 13.17977], [76.97788, 13.17979], [76.97728, 13.17975], [76.97699, 13.18074], [76.97683, 13.18195], [76.97617, 13.18206], [76.97623, 13.18264], [76.97573, 13.18266], [76.97508, 13.18266], [76.97445, 13.18253], [76.97452, 13.18191], [76.97384, 13.18206], [76.97349, 13.18227], [76.97325, 13.18218], [76.97258, 13.18218], [76.97195, 13.18185], [76.97149, 13.18146], [76.97076, 13.18136], [76.97007, 13.1814], [76.96943, 13.18132], [76.96756, 13.18123], [76.9663, 13.18131], [76.96495, 13.18133], [76.96464, 13.18263], [76.9645, 13.1832], [76.96514, 13.18325], [76.9652, 13.18518], [76.96531, 13.18632], [76.96606, 13.18669], [76.96628, 13.18723], [76.96637, 13.18781], [76.96694, 13.18774], [76.96756, 13.18757], [76.96818, 13.18744], [76.96942, 13.18717], [76.97061, 13.18698], [76.97248, 13.18638], [76.97305, 13.18617], [76.97363, 13.18643], [76.97391, 13.18691], [76.97399, 13.18749], [76.97405, 13.18804], [76.9744, 13.18861], [76.97499, 13.18841], [76.97558, 13.18803], [76.97604, 13.18787], [76.97631, 13.18845], [76.97676, 13.18958], [76.97728, 13.19069], [76.97773, 13.1917], [76.97794, 13.19229], [76.97798, 13.19275], [76.97808, 13.19353], [76.97833, 13.19464], [76.97847, 13.19541], [76.97856, 13.19595], [76.97871, 13.19658], [76.97882, 13.1972], [76.97895, 13.19776], [76.9791, 13.19835], [76.9792, 13.19902], [76.97936, 13.1996], [76.97951, 13.20027], [76.97921, 13.20084], [76.97905, 13.20138], [76.97854, 13.20253], [76.97829, 13.20355], [76.97813, 13.20415], [76.97794, 13.2048], [76.97776, 13.20528], [76.97731, 13.20605], [76.97785, 13.20623], [76.97843, 13.20648], [76.97907, 13.20674], [76.97957, 13.20693], [76.98022, 13.20714], [76.98079, 13.20742], [76.98135, 13.20759], [76.98196, 13.20774], [76.98267, 13.20797], [76.98324, 13.20816], [76.9838, 13.20821], [76.98445, 13.20835], [76.9851, 13.20847], [76.98569, 13.20855], [76.98603, 13.20888], [76.98601, 13.20891], [76.98569, 13.20926], [76.9851, 13.21106], [76.985, 13.21167], [76.98452, 13.2135], [76.98417, 13.21539], [76.9842, 13.21594], [76.98419, 13.21723], [76.98419, 13.21847], [76.98427, 13.21972], [76.98427, 13.22029], [76.98419, 13.22157], [76.98392, 13.22212], [76.98369, 13.22261], [76.9837, 13.22338], [76.98362, 13.22401], [76.98358, 13.22454], [76.98346, 13.22518], [76.98342, 13.22582], [76.98318, 13.22706], [76.98302, 13.22762], [76.98302, 13.22771], [76.98284, 13.22823], [76.98276, 13.22882], [76.98277, 13.22935], [76.98283, 13.22995], [76.98298, 13.23116], [76.98294, 13.23181], [76.98293, 13.23237], [76.98295, 13.23304], [76.98362, 13.23292], [76.9843, 13.23292], [76.98487, 13.23288], [76.98559, 13.23297], [76.98579, 13.23355], [76.98612, 13.23404], [76.98643, 13.23454], [76.98656, 13.23507], [76.98605, 13.23529], [76.98616, 13.2358], [76.98635, 13.23638], [76.98645, 13.23697], [76.98666, 13.23758], [76.98677, 13.23818], [76.98758, 13.23802], [76.98831, 13.23774], [76.98945, 13.23728], [76.99062, 13.23661], [76.99067, 13.23714], [76.99059, 13.23896], [76.99121, 13.2388], [76.99191, 13.23869], [76.99257, 13.23854], [76.99325, 13.23844], [76.99385, 13.23823], [76.99397, 13.23886], [76.99404, 13.23949], [76.99419, 13.24013], [76.99428, 13.24081], [76.9945, 13.24134], [76.99384, 13.24159], [76.99338, 13.24187], [76.99271, 13.24213], [76.99197, 13.24215], [76.99115, 13.24224], [76.99061, 13.24275], [76.99014, 13.24328], [76.98947, 13.24426], [76.98918, 13.24477], [76.98903, 13.24543], [76.98893, 13.24598], [76.98886, 13.24657], [76.9889, 13.24722], [76.98896, 13.24844], [76.9891, 13.24971], [76.98922, 13.25032], [76.98995, 13.25047], [76.99119, 13.25063], [76.99232, 13.25077], [76.99319, 13.25121], [76.99352, 13.25136], [76.99521, 13.25147], [76.99658, 13.25209], [76.99675, 13.25356], [76.99692, 13.255], [76.99692, 13.25743], [76.99631, 13.25989], [76.99622, 13.26116], [76.99607, 13.26148], [76.99607, 13.26173], [76.99597, 13.26289], [76.99573, 13.26348], [76.99498, 13.26428], [76.99483, 13.26497], [76.99481, 13.26678], [76.99432, 13.26705], [76.99434, 13.26822], [76.99171, 13.26873], [76.98952, 13.26902], [76.98871, 13.2689], [76.98516, 13.26744], [76.98488, 13.26672], [76.98466, 13.2623], [76.98139, 13.26199], [76.97964, 13.26182], [76.97966, 13.26323], [76.98203, 13.26457], [76.97966, 13.26501], [76.98077, 13.26582], [76.98276, 13.26668], [76.98259, 13.26794], [76.98272, 13.27036], [76.98281, 13.27225], [76.97975, 13.2733], [76.97945, 13.27389], [76.97894, 13.27441], [76.97739, 13.27462], [76.97752, 13.27514], [76.97769, 13.27579], [76.97868, 13.2773], [76.98013, 13.27985], [76.98186, 13.28117], [76.98223, 13.28178], [76.98234, 13.28375], [76.98238, 13.28466], [76.98296, 13.28539], [76.98328, 13.28554], [76.9833, 13.28617], [76.98536, 13.28778], [76.98761, 13.28939], [76.98719, 13.29475], [76.98704, 13.29837], [76.98702, 13.29967], [76.98722, 13.30018], [76.99372, 13.30148], [76.99565, 13.30186], [76.9969, 13.30224], [76.99844, 13.30701], [76.99842, 13.30841], [76.99896, 13.30978], [76.99896, 13.30978], [77.00078, 13.31193], [77.00142, 13.31286], [77.00256, 13.31522], [77.00311, 13.31633], [77.00342, 13.31677], [77.00154, 13.31764], [77.00085, 13.31816], [76.99951, 13.31851], [76.99956, 13.3191], [77.00009, 13.32163], [77.00079, 13.32365], [77.00105, 13.32459], [77.00207, 13.32756], [77.00342, 13.33007], [77.00438, 13.33218], [77.00487, 13.33412], [77.00508, 13.33549], [77.00502, 13.33681], [77.00488, 13.33731], [77.00486, 13.33897], [77.00437, 13.34097], [77.00085, 13.34273], [77.00067, 13.34584], [76.99947, 13.34759], [76.99896, 13.34842], [76.99415, 13.35216], [76.9932, 13.35317], [76.99231, 13.35522], [76.99184, 13.35791], [76.99167, 13.3602], [76.99163, 13.36088], [76.99214, 13.36343], [76.99257, 13.36534], [76.99267, 13.36581], [76.99338, 13.36682], [76.99382, 13.36729], [76.99488, 13.36835], [76.99403, 13.36842], [76.99425, 13.37148], [76.99472, 13.37654], [76.99634, 13.37762], [76.99604, 13.38128], [76.9972, 13.38132], [76.99702, 13.38231], [76.99605, 13.38217], [76.99588, 13.38292], [76.99572, 13.38383], [76.99529, 13.38503], [76.99533, 13.38575], [76.99584, 13.38709], [76.99512, 13.39149], [76.99679, 13.39253], [76.99727, 13.39571], [76.99603, 13.3956], [76.99564, 13.39688], [76.9956, 13.39956], [76.99076, 13.39898], [76.99068, 13.40272], [76.99749, 13.40472], [76.99738, 13.4062], [76.98893, 13.40845], [76.98854, 13.41], [76.98859, 13.41352], [76.98863, 13.4167], [76.98863, 13.41736], [76.99121, 13.41728], [76.99143, 13.42119], [76.99173, 13.42654], [76.99173, 13.42799], [76.98948, 13.42859], [76.98869, 13.4288], [76.98869, 13.42959], [76.98792, 13.42976], [76.988, 13.43181], [76.98753, 13.43215], [76.9878, 13.43332], [76.98822, 13.43517], [76.98581, 13.43579], [76.98581, 13.43692], [76.98469, 13.43675], [76.98482, 13.44061], [76.98118, 13.44095], [76.97894, 13.4438], [76.97849, 13.44522], [76.97759, 13.44514], [76.97729, 13.44555], [76.97639, 13.44564], [76.97665, 13.44719], [76.97712, 13.45008], [76.9764, 13.45044], [76.9764, 13.45107], [76.97584, 13.45141], [76.97464, 13.45591], [76.97523, 13.45871], [76.97555, 13.46206], [76.97547, 13.46451], [76.97547, 13.46636], [76.97538, 13.46753], [76.97529, 13.46842], [76.97521, 13.46992], [76.97517, 13.47043], [76.97482, 13.47139], [76.97373, 13.47204], [76.97247, 13.47278], [76.972, 13.48035], [76.97096, 13.48159], [76.96794, 13.48518], [76.96392, 13.48982], [76.97, 13.49325], [76.97162, 13.494], [76.97475, 13.49434], [76.98024, 13.4978], [76.98544, 13.50121], [76.98561, 13.50158], [76.98707, 13.50243], [76.98834, 13.50294], [76.98857, 13.50304], [76.98961, 13.50369], [76.99249, 13.5081], [76.99398, 13.51043], [76.99398, 13.51043], [76.9943, 13.51092], [76.9952, 13.51314], [76.99561, 13.51396], [76.99048, 13.51662], [76.99061, 13.517], [76.99184, 13.52062], [76.99222, 13.52205], [76.99236, 13.52393], [76.99212, 13.52706], [76.99208, 13.52759], [76.99316, 13.52759], [76.99552, 13.52739], [76.99895, 13.52675], [76.99926, 13.52658], [76.99962, 13.52909], [77.00041, 13.53168], [77.0003, 13.53308], [76.99895, 13.53545], [76.9989, 13.53555], [76.99852, 13.53667], [76.99886, 13.53712], [76.99895, 13.53717], [77.00073, 13.53749], [77.00079, 13.53885], [77.00084, 13.54288], [77.00361, 13.54275], [77.00495, 13.54258], [77.00737, 13.54235], [77.00927, 13.54204], [77.01058, 13.5419], [77.01175, 13.54178], [77.01242, 13.54182], [77.00954, 13.53657], [77.01218, 13.53615], [77.01664, 13.53554], [77.01921, 13.53508], [77.01988, 13.53499], [77.02058, 13.53493], [77.02111, 13.53477], [77.02268, 13.53395], [77.02341, 13.53357], [77.02453, 13.5329], [77.02485, 13.53247], [77.02603, 13.53294], [77.02633, 13.53307], [77.02697, 13.53357], [77.02756, 13.53418], [77.02773, 13.53448], [77.02927, 13.53455], [77.03051, 13.53453], [77.03102, 13.53467], [77.03192, 13.53579], [77.03227, 13.53633], [77.03376, 13.53703], [77.03416, 13.5372], [77.0351, 13.53759], [77.03665, 13.53816], [77.03774, 13.53896], [77.03919, 13.54014], [77.0411, 13.53917], [77.04233, 13.53861], [77.04536, 13.5375], [77.04831, 13.53668], [77.04942, 13.53639], [77.04849, 13.54154], [77.04764, 13.54573], [77.04678, 13.54948], [77.05332, 13.54989], [77.06008, 13.5502], [77.06138, 13.54803], [77.06234, 13.54633], [77.06307, 13.54495], [77.06282, 13.54458], [77.0627, 13.54417], [77.06249, 13.54353], [77.06234, 13.54276], [77.06181, 13.5414], [77.06064, 13.53921], [77.05886, 13.53648]]]}}, {"type": "Feature", "properties": {"taluk": "Yelahanka", "district": "Bengaluru Urban", "state": "Karnataka"}, "geometry": {"type": "MultiPolygon", "coordinates": [[[[77.60007, 13.05517], [77.60238, 13.05399], [77.60525, 13.05278], [77.60729, 13.05208], [77.60619, 13.0463], [77.60238, 13.04735], [77.59781, 13.04783], [77.59687, 13.04751], [77.59695, 13.04907], [77.60007, 13.05517]]], [[[77.60007, 13.05517], [77.59591, 13.05649], [77.59367, 13.05827], [77.59362, 13.05801], [77.59136, 13.05786], [77.58943, 13.05773], [77.58534, 13.05896], [77.58239, 13.05877], [77.57868, 13.0583], [77.57621, 13.06163], [77.57735, 13.06544], [77.58182, 13.0721], [77.58317, 13.07348], [77.58264, 13.0735], [77.58191, 13.07517], [77.58206, 13.07615], [77.58039, 13.0761], [77.57916, 13.07438], [77.57383, 13.07533], [77.57221, 13.07238], [77.56973, 13.06981], [77.56773, 13.06829], [77.56583, 13.0682], [77.56535, 13.06544], [77.56212, 13.06534], [77.56526, 13.06096], [77.5624, 13.05877], [77.56108, 13.05384], [77.56107, 13.05382], [77.56002, 13.04849], [77.56109, 13.04588], [77.55887, 13.04558], [77.55765, 13.04558], [77.55647, 13.04592], [77.55585, 13.04653], [77.554, 13.04919], [77.55308, 13.05059], [77.55188, 13.05212], [77.55156, 13.05252], [77.55097, 13.05304], [77.5508, 13.05318], [77.55057, 13.0528], [77.55051, 13.05069], [77.54808, 13.04998], [77.54641, 13.05005], [77.54396, 13.05049], [77.5422, 13.05036], [77.54004, 13.0509], [77.53739, 13.05143], [77.53524, 13.05168], [77.53496, 13.05091], [77.53488, 13.04995], [77.53666, 13.04902], [77.53817, 13.04627], [77.53987, 13.04438], [77.53984, 13.04425], [77.53933, 13.0413], [77.53918, 13.03907], [77.5391, 13.03794], [77.53915, 13.03535], [77.53919, 13.03277], [77.53762, 13.03351], [77.53428, 13.03422], [77.5353, 13.03749], [77.53622, 13.04048], [77.53503, 13.04123], [77.53159, 13.04241], [77.53196, 13.04376], [77.52812, 13.04523], [77.52391, 13.04564], [77.52294, 13.04635], [77.52342, 13.04697], [77.52528, 13.04899], [77.52771, 13.05163], [77.52844, 13.05221], [77.52917, 13.05247], [77.53043, 13.05343], [77.5307, 13.05365], [77.5321, 13.05489], [77.53414, 13.05491], [77.53916, 13.05453], [77.5405, 13.05458], [77.54206, 13.05461], [77.54295, 13.05482], [77.54372, 13.05497], [77.54462, 13.05518], [77.54591, 13.05609], [77.54644, 13.05651], [77.54678, 13.05651], [77.5481, 13.05567], [77.54923, 13.05459], [77.54965, 13.05563], [77.55011, 13.06017], [77.5486, 13.06134], [77.54596, 13.06302], [77.54595, 13.06312], [77.54585, 13.06324], [77.54549, 13.06332], [77.54482, 13.06354], [77.54421, 13.06403], [77.54136, 13.06748], [77.53623, 13.06962], [77.53214, 13.07229], [77.52977, 13.07668], [77.52687, 13.07981], [77.52732, 13.08411], [77.53153, 13.08508], [77.53503, 13.08599], [77.53553, 13.09221], [77.53574, 13.09475], [77.53319, 13.09547], [77.53261, 13.09476], [77.53183, 13.09392], [77.53151, 13.09356], [77.53082, 13.09317], [77.52919, 13.09244], [77.52323, 13.09134], [77.52203, 13.09116], [77.51938, 13.09137], [77.51669, 13.09145], [77.51596, 13.09151], [77.5154, 13.09154], [77.51253, 13.09209], [77.50854, 13.09354], [77.50601, 13.09498], [77.50305, 13.09414], [77.50293, 13.09284], [77.50237, 13.09154], [77.50111, 13.09108], [77.4989, 13.09279], [77.49588, 13.09349], [77.49493, 13.09347], [77.49378, 13.09347], [77.49324, 13.09351], [77.49226, 13.09373], [77.49166, 13.0918], [77.49118, 13.08981], [77.49031, 13.08646], [77.48939, 13.08382], [77.48767, 13.08402], [77.48582, 13.08396], [77.48436, 13.08391], [77.48234, 13.08369], [77.4812, 13.08352], [77.48108, 13.08351], [77.48014, 13.08349], [77.47943, 13.08359], [77.47889, 13.08364], [77.47803, 13.08381], [77.47696, 13.08405], [77.47597, 13.0844], [77.47503, 13.08451], [77.474, 13.08487], [77.47284, 13.08533], [77.47167, 13.08549], [77.47022, 13.08598], [77.46928, 13.08651], [77.46929, 13.08779], [77.4692, 13.08863], [77.46872, 13.08968], [77.46876, 13.0905], [77.46912, 13.09144], [77.46924, 13.09257], [77.469, 13.09315], [77.4692, 13.09382], [77.47019, 13.09479], [77.47163, 13.09639], [77.4724, 13.09744], [77.47206, 13.09857], [77.47194, 13.09952], [77.47197, 13.10003], [77.47226, 13.10087], [77.47257, 13.10146], [77.4728, 13.10191], [77.47282, 13.10241], [77.47277, 13.10304], [77.47217, 13.10349], [77.47183, 13.10389], [77.47162, 13.10445], [77.47157, 13.10497], [77.47171, 13.10575], [77.47221, 13.10652], [77.47268, 13.10737], [77.47323, 13.10803], [77.47366, 13.10888], [77.47376, 13.10906], [77.47412, 13.11032], [77.47416, 13.11055], [77.47424, 13.11101], [77.47435, 13.11195], [77.4746, 13.11306], [77.47521, 13.11411], [77.47542, 13.11453], [77.47555, 13.11519], [77.47561, 13.11592], [77.4755, 13.11666], [77.47544, 13.11951], [77.47533, 13.12023], [77.47488, 13.12048], [77.47429, 13.12069], [77.47377, 13.12074], [77.47288, 13.12076], [77.47182, 13.12066], [77.47123, 13.12054], [77.47037, 13.12058], [77.46948, 13.12037], [77.469, 13.12002], [77.46818, 13.1193], [77.46746, 13.11833], [77.46669, 13.11932], [77.4657, 13.12044], [77.46488, 13.12128], [77.46404, 13.1222], [77.46299, 13.1233], [77.46222, 13.1241], [77.46115, 13.12527], [77.46, 13.12623], [77.45692, 13.12885], [77.45706, 13.12952], [77.45738, 13.12952], [77.45897, 13.12936], [77.46006, 13.12928], [77.46119, 13.12901], [77.46205, 13.12861], [77.46284, 13.12867], [77.4632, 13.12891], [77.46306, 13.13096], [77.46395, 13.1312], [77.46415, 13.13213], [77.46249, 13.13451], [77.46248, 13.13453], [77.46184, 13.1359], [77.46151, 13.13633], [77.45837, 13.13588], [77.45543, 13.13556], [77.45425, 13.13558], [77.45537, 13.13817], [77.4563, 13.14032], [77.45568, 13.14209], [77.45178, 13.14491], [77.45189, 13.14548], [77.45256, 13.14682], [77.45295, 13.14744], [77.45371, 13.14854], [77.4547, 13.14998], [77.45527, 13.15083], [77.45605, 13.15196], [77.45714, 13.1534], [77.45833, 13.15528], [77.45899, 13.15699], [77.46022, 13.15994], [77.46067, 13.16076], [77.46094, 13.16128], [77.46161, 13.16209], [77.46354, 13.16215], [77.46667, 13.16234], [77.46788, 13.16247], [77.46822, 13.16321], [77.46804, 13.16408], [77.46792, 13.16548], [77.46784, 13.16737], [77.46772, 13.16945], [77.46788, 13.17041], [77.46828, 13.1716], [77.46884, 13.173], [77.46927, 13.17469], [77.4704, 13.1772], [77.47185, 13.17955], [77.47325, 13.18138], [77.47376, 13.18196], [77.47398, 13.1825], [77.47424, 13.18282], [77.47482, 13.18365], [77.47513, 13.18412], [77.47533, 13.18435], [77.4756, 13.18468], [77.47594, 13.18573], [77.47628, 13.18719], [77.47671, 13.18914], [77.47701, 13.19169], [77.47742, 13.19481], [77.47805, 13.19772], [77.47836, 13.19966], [77.4784, 13.20027], [77.4777, 13.20098], [77.4777, 13.20183], [77.47798, 13.20312], [77.47826, 13.20413], [77.47833, 13.20505], [77.47809, 13.2062], [77.47442, 13.2062], [77.47427, 13.20856], [77.47418, 13.20993], [77.47418, 13.21126], [77.47446, 13.21242], [77.47455, 13.2128], [77.47477, 13.21342], [77.47511, 13.21478], [77.47572, 13.21642], [77.4758, 13.21689], [77.47664, 13.21853], [77.47694, 13.21908], [77.47758, 13.22021], [77.47832, 13.22129], [77.47834, 13.22132], [77.4788, 13.22213], [77.47991, 13.2234], [77.47993, 13.22339], [77.48113, 13.22323], [77.48182, 13.22303], [77.48543, 13.22243], [77.48622, 13.2223], [77.48673, 13.22237], [77.48797, 13.22239], [77.48885, 13.22295], [77.49004, 13.22327], [77.4919, 13.22369], [77.49262, 13.22404], [77.49456, 13.22463], [77.4989, 13.22717], [77.49953, 13.22686], [77.50094, 13.22583], [77.50177, 13.22576], [77.50285, 13.22567], [77.50367, 13.22546], [77.50463, 13.22521], [77.50565, 13.22516], [77.5065, 13.22883], [77.50693, 13.22888], [77.50716, 13.22884], [77.50768, 13.22887], [77.50815, 13.22881], [77.50881, 13.22885], [77.51097, 13.22869], [77.51144, 13.22857], [77.51154, 13.22733], [77.51154, 13.22646], [77.51161, 13.22583], [77.51163, 13.22517], [77.51196, 13.22448], [77.51321, 13.22397], [77.51504, 13.22259], [77.5168, 13.22158], [77.51793, 13.22075], [77.51835, 13.22029], [77.51796, 13.21867], [77.51835, 13.21804], [77.51925, 13.21713], [77.51955, 13.21655], [77.51996, 13.21578], [77.52008, 13.21533], [77.52041, 13.21519], [77.52083, 13.21493], [77.52101, 13.21461], [77.52096, 13.21395], [77.52056, 13.21326], [77.51994, 13.21167], [77.51912, 13.21165], [77.51903, 13.21029], [77.51894, 13.20913], [77.51963, 13.20926], [77.51972, 13.20973], [77.51972, 13.21043], [77.51993, 13.21102], [77.52039, 13.21109], [77.52086, 13.21094], [77.52131, 13.21078], [77.52193, 13.21064], [77.52227, 13.2106], [77.52233, 13.21032], [77.52232, 13.20976], [77.52249, 13.20927], [77.52233, 13.20878], [77.52233, 13.20877], [77.52297, 13.2091], [77.52309, 13.20913], [77.52313, 13.2097], [77.52303, 13.21054], [77.52212, 13.21167], [77.52207, 13.21285], [77.522, 13.21377], [77.52211, 13.21437], [77.52305, 13.21506], [77.5243, 13.21648], [77.52496, 13.2186], [77.52557, 13.21957], [77.52596, 13.22021], [77.52657, 13.22111], [77.52944, 13.22084], [77.53087, 13.22058], [77.53254, 13.21992], [77.5343, 13.21978], [77.53654, 13.21914], [77.53686, 13.21902], [77.53733, 13.22024], [77.53752, 13.22222], [77.53818, 13.22415], [77.53862, 13.22588], [77.54071, 13.22585], [77.54156, 13.22625], [77.54214, 13.22724], [77.54273, 13.22886], [77.5433, 13.23076], [77.54334, 13.23253], [77.5432, 13.23284], [77.54548, 13.23225], [77.54794, 13.23177], [77.54924, 13.23153], [77.54943, 13.23177], [77.54962, 13.23227], [77.55025, 13.23296], [77.55052, 13.23304], [77.55093, 13.23272], [77.55164, 13.23243], [77.55233, 13.23208], [77.55312, 13.23207], [77.55396, 13.23231], [77.55465, 13.23264], [77.55505, 13.23277], [77.55581, 13.23262], [77.55668, 13.23254], [77.55772, 13.23231], [77.5584, 13.23223], [77.5589, 13.23218], [77.55932, 13.2323], [77.55995, 13.23176], [77.55955, 13.23076], [77.5591, 13.22957], [77.55837, 13.22796], [77.5575, 13.22625], [77.55749, 13.22607], [77.55743, 13.22535], [77.55748, 13.22411], [77.55758, 13.22344], [77.55788, 13.2222], [77.55765, 13.22093], [77.5569, 13.21992], [77.55661, 13.21918], [77.55748, 13.21844], [77.55981, 13.21764], [77.56199, 13.21739], [77.56432, 13.21688], [77.56611, 13.21674], [77.56864, 13.2161], [77.56951, 13.2161], [77.56989, 13.21359], [77.57018, 13.21172], [77.57038, 13.21027], [77.57044, 13.20958], [77.57133, 13.2094], [77.57126, 13.208], [77.5711, 13.20701], [77.56955, 13.20712], [77.5692, 13.20719], [77.56901, 13.20716], [77.5689, 13.20691], [77.56822, 13.20518], [77.56774, 13.20363], [77.56677, 13.20143], [77.56973, 13.20039], [77.57262, 13.1995], [77.57428, 13.19874], [77.57875, 13.19772], [77.58326, 13.19715], [77.58538, 13.1969], [77.58732, 13.19658], [77.58833, 13.19637], [77.5892, 13.19625], [77.58969, 13.19639], [77.59044, 13.19706], [77.5915, 13.19782], [77.59382, 13.19727], [77.59518, 13.19671], [77.5964, 13.19651], [77.59814, 13.19648], [77.59924, 13.19637], [77.60006, 13.19647], [77.60082, 13.19752], [77.60145, 13.19812], [77.60204, 13.19908], [77.60258, 13.20007], [77.60328, 13.20102], [77.6038, 13.20258], [77.60432, 13.20364], [77.60695, 13.20387], [77.60801, 13.20408], [77.60963, 13.20433], [77.61206, 13.2045], [77.61513, 13.20503], [77.61583, 13.20535], [77.61499, 13.20661], [77.61309, 13.20877], [77.61385, 13.20938], [77.61576, 13.20988], [77.61736, 13.21052], [77.61817, 13.21042], [77.61947, 13.2102], [77.6253, 13.2094], [77.6261, 13.2094], [77.62714, 13.20931], [77.62818, 13.20901], [77.62868, 13.20891], [77.62929, 13.20863], [77.63009, 13.20838], [77.63123, 13.20764], [77.63191, 13.20733], [77.63319, 13.20672], [77.63365, 13.20646], [77.63431, 13.20615], [77.63558, 13.20591], [77.63653, 13.20553], [77.63763, 13.20522], [77.63771, 13.20516], [77.63798, 13.20496], [77.63799, 13.20405], [77.63803, 13.20356], [77.6381, 13.20332], [77.63965, 13.20277], [77.64185, 13.20204], [77.64379, 13.20156], [77.64484, 13.20129], [77.64683, 13.20058], [77.64748, 13.20033], [77.64872, 13.2002], [77.64951, 13.20027], [77.65136, 13.20034], [77.65275, 13.20056], [77.6561, 13.20059], [77.6572, 13.20063], [77.65867, 13.19993], [77.66041, 13.20089], [77.6598, 13.19965], [77.65813, 13.19858], [77.657, 13.19783], [77.65671, 13.19709], [77.6557, 13.19482], [77.6542, 13.1914], [77.65432, 13.1908], [77.65446, 13.18984], [77.65449, 13.18905], [77.65453, 13.18815], [77.65615, 13.18791], [77.65661, 13.18788], [77.65719, 13.18766], [77.66018, 13.18644], [77.66204, 13.18502], [77.66296, 13.18404], [77.66301, 13.184], [77.66309, 13.18418], [77.66359, 13.18497], [77.66381, 13.18514], [77.6643, 13.18557], [77.66512, 13.18578], [77.66658, 13.18605], [77.66803, 13.18583], [77.67081, 13.18512], [77.67143, 13.18781], [77.67146, 13.18979], [77.67563, 13.19053], [77.67684, 13.19074], [77.67872, 13.19108], [77.68076, 13.19157], [77.68241, 13.19166], [77.68353, 13.19184], [77.68457, 13.19214], [77.68483, 13.19221], [77.68598, 13.19309], [77.68669, 13.19329], [77.68618, 13.19508], [77.68547, 13.19854], [77.68513, 13.20051], [77.68425, 13.20336], [77.68598, 13.20319], [77.68731, 13.20304], [77.68896, 13.20279], [77.68968, 13.20268], [77.69014, 13.2027], [77.68969, 13.20193], [77.69037, 13.20067], [77.69213, 13.19949], [77.69265, 13.19883], [77.69326, 13.19735], [77.69375, 13.19662], [77.6942, 13.1957], [77.69459, 13.19487], [77.69545, 13.19335], [77.69624, 13.19199], [77.69711, 13.19086], [77.69755, 13.19014], [77.69802, 13.18978], [77.69847, 13.18941], [77.69907, 13.18932], [77.69983, 13.18927], [77.70154, 13.18903], [77.70172, 13.18904], [77.70274, 13.18907], [77.70499, 13.18932], [77.70636, 13.18948], [77.70744, 13.18976], [77.70854, 13.1905], [77.70936, 13.19151], [77.71012, 13.19287], [77.71115, 13.1948], [77.71208, 13.19618], [77.71238, 13.19611], [77.7139, 13.19576], [77.71693, 13.195], [77.71977, 13.19415], [77.72172, 13.19335], [77.72341, 13.19298], [77.72517, 13.19272], [77.72562, 13.19272], [77.7264, 13.19135], [77.72837, 13.18536], [77.72855, 13.18483], [77.72683, 13.17626], [77.72788, 13.17529], [77.72981, 13.17402], [77.73038, 13.17354], [77.72737, 13.16865], [77.72848, 13.16753], [77.73078, 13.16526], [77.73062, 13.16257], [77.73015, 13.16105], [77.73265, 13.1594], [77.73105, 13.15743], [77.7299, 13.156], [77.72901, 13.15113], [77.72866, 13.14911], [77.7282, 13.14665], [77.72853, 13.14644], [77.72972, 13.14611], [77.73093, 13.14572], [77.73156, 13.14531], [77.73196, 13.14488], [77.73211, 13.14332], [77.7319, 13.14252], [77.73098, 13.13911], [77.73023, 13.13683], [77.72979, 13.13535], [77.729, 13.13423], [77.72949, 13.13296], [77.72976, 13.13239], [77.72829, 13.13038], [77.72678, 13.12847], [77.72579, 13.12735], [77.72447, 13.12661], [77.726, 13.12548], [77.7281, 13.12583], [77.72901, 13.12583], [77.73021, 13.12472], [77.73234, 13.12409], [77.73368, 13.12347], [77.73325, 13.12057], [77.73289, 13.11819], [77.73231, 13.11477], [77.72899, 13.11364], [77.72306, 13.11207], [77.72176, 13.10738], [77.72167, 13.10635], [77.72161, 13.1056], [77.72201, 13.10115], [77.72207, 13.09576], [77.72277, 13.0917], [77.72208, 13.09151], [77.72195, 13.0915], [77.72164, 13.09146], [77.72084, 13.09167], [77.71983, 13.09153], [77.71841, 13.09131], [77.71812, 13.09114], [77.71711, 13.09087], [77.7139, 13.0908], [77.71389, 13.09236], [77.71353, 13.0934], [77.71286, 13.09443], [77.71167, 13.09535], [77.71137, 13.09656], [77.70523, 13.0992], [77.70366, 13.09977], [77.70229, 13.10048], [77.70176, 13.10124], [77.70118, 13.10274], [77.70084, 13.10328], [77.70148, 13.10579], [77.7019, 13.10664], [77.7004, 13.10613], [77.69745, 13.10545], [77.69498, 13.10468], [77.69166, 13.10438], [77.68592, 13.10212], [77.68168, 13.10022], [77.67944, 13.09991], [77.67799, 13.10032], [77.67768, 13.10127], [77.67705, 13.10177], [77.67378, 13.10503], [77.67263, 13.10691], [77.67093, 13.10813], [77.66967, 13.10928], [77.66795, 13.10905], [77.66523, 13.1089], [77.66463, 13.10888], [77.66236, 13.10878], [77.66023, 13.10912], [77.66057, 13.11105], [77.65946, 13.11132], [77.65647, 13.1116], [77.65487, 13.11201], [77.65243, 13.11264], [77.65109, 13.11283], [77.65031, 13.11297], [77.64971, 13.11341], [77.64949, 13.11336], [77.64915, 13.11297], [77.64747, 13.11301], [77.64552, 13.11304], [77.64565, 13.1141], [77.64558, 13.1141], [77.64452, 13.1141], [77.64369, 13.11421], [77.64327, 13.11442], [77.6416, 13.11407], [77.63957, 13.11391], [77.63858, 13.11326], [77.63753, 13.10873], [77.63687, 13.10654], [77.63879, 13.10602], [77.63993, 13.10592], [77.64155, 13.10598], [77.6432, 13.10595], [77.64422, 13.1059], [77.64936, 13.10417], [77.64896, 13.10268], [77.64711, 13.09649], [77.64572, 13.09427], [77.64367, 13.09116], [77.64285, 13.08938], [77.64141, 13.08721], [77.6462, 13.08651], [77.64668, 13.08517], [77.64527, 13.08315], [77.64351, 13.08064], [77.64469, 13.07933], [77.64455, 13.07705], [77.6426, 13.07729], [77.641, 13.07735], [77.64005, 13.07632], [77.63962, 13.07685], [77.63941, 13.07663], [77.63858, 13.07553], [77.63785, 13.07568], [77.63384, 13.07742], [77.6335, 13.07628], [77.633, 13.07465], [77.63211, 13.07247], [77.6303, 13.07241], [77.62936, 13.07263], [77.62819, 13.07318], [77.62688, 13.07072], [77.62589, 13.06866], [77.62239, 13.06452], [77.62079, 13.06352], [77.61978, 13.06313], [77.61881, 13.06276], [77.61659, 13.0624], [77.61541, 13.06325], [77.60915, 13.06686], [77.60798, 13.06375], [77.60562, 13.06234], [77.60519, 13.06089], [77.60334, 13.06036], [77.6003, 13.05645], [77.60007, 13.05517]]]]}}, {"type": "Feature", "properties": {"taluk": "Bengaluru North", "district": "Bengaluru Urban", "state": "Karnataka"}, "geometry": {"type": "Polygon", "coordinates": [[[77.44363, 13.1666], [77.44504, 13.16617], [77.44607, 13.16549], [77.44744, 13.16507], [77.44828, 13.16503], [77.44884, 13.16486], [77.45099, 13.16403], [77.45254, 13.16345], [77.45647, 13.16251], [77.45893, 13.16168], [77.46064, 13.16078], [77.46067, 13.16076], [77.46022, 13.15994], [77.45899, 13.15699], [77.45833, 13.15528], [77.45714, 13.1534], [77.45605, 13.15196], [77.45527, 13.15083], [77.4547, 13.14998], [77.45371, 13.14854], [77.45295, 13.14744], [77.45256, 13.14682], [77.45189, 13.14548], [77.45178, 13.14491], [77.45568, 13.14209], [77.4563, 13.14032], [77.45537, 13.13817], [77.45425, 13.13558], [77.45543, 13.13556], [77.45837, 13.13588], [77.46151, 13.13633], [77.46184, 13.1359], [77.46248, 13.13453], [77.46249, 13.13451], [77.46415, 13.13213], [77.46395, 13.1312], [77.46306, 13.13096], [77.4632, 13.12891], [77.46284, 13.12867], [77.46205, 13.12861], [77.46119, 13.12901], [77.46006, 13.12928], [77.45897, 13.12936], [77.45738, 13.12952], [77.45706, 13.12952], [77.45692, 13.12885], [77.46, 13.12623], [77.46115, 13.12527], [77.46222, 13.1241], [77.46299, 13.1233], [77.46404, 13.1222], [77.46488, 13.12128], [77.4657, 13.12044], [77.46669, 13.11932], [77.46746, 13.11833], [77.46818, 13.1193], [77.469, 13.12002], [77.46948, 13.12037], [77.47037, 13.12058], [77.47123, 13.12054], [77.47182, 13.12066], [77.47288, 13.12076], [77.47377, 13.12074], [77.47429, 13.12069], [77.47488, 13.12048], [77.47533, 13.12023], [77.47544, 13.11951], [77.4755, 13.11666], [77.47561, 13.11592], [77.47555, 13.11519], [77.47542, 13.11453], [77.47521, 13.11411], [77.4746, 13.11306], [77.47435, 13.11195], [77.47424, 13.11101], [77.47416, 13.11055], [77.47412, 13.11032], [77.47376, 13.10906], [77.47366, 13.10888], [77.47323, 13.10803], [77.47268, 13.10737], [77.47221, 13.10652], [77.47171, 13.10575], [77.47157, 13.10497], [77.47162, 13.10445], [77.47183, 13.10389], [77.47217, 13.10349], [77.47277, 13.10304], [77.47282, 13.10241], [77.4728, 13.10191], [77.47257, 13.10146], [77.47226, 13.10087], [77.47197, 13.10003], [77.47194, 13.09952], [77.47206, 13.09857], [77.4724, 13.09744], [77.47163, 13.09639], [77.47019, 13.09479], [77.4692, 13.09382], [77.469, 13.09315], [77.46924, 13.09257], [77.46912, 13.09144], [77.46876, 13.0905], [77.46872, 13.08968], [77.4692, 13.08863], [77.46929, 13.08779], [77.46928, 13.08651], [77.47022, 13.08598], [77.47167, 13.08549], [77.47284, 13.08533], [77.474, 13.08487], [77.47503, 13.08451], [77.47597, 13.0844], [77.47696, 13.08405], [77.47803, 13.08381], [77.47889, 13.08364], [77.47943, 13.08359], [77.48014, 13.08349], [77.48108, 13.08351], [77.4812, 13.08352], [77.48234, 13.08369], [77.48436, 13.08391], [77.48582, 13.08396], [77.48767, 13.08402], [77.48939, 13.08382], [77.49031, 13.08646], [77.49118, 13.08981], [77.49166, 13.0918], [77.49226, 13.09373], [77.49324, 13.09351], [77.49378, 13.09347], [77.49493, 13.09347], [77.49588, 13.09349], [77.4989, 13.09279], [77.50111, 13.09108], [77.50237, 13.09154], [77.50293, 13.09284], [77.50305, 13.09414], [77.50601, 13.09498], [77.50854, 13.09354], [77.51253, 13.09209], [77.5154, 13.09154], [77.51596, 13.09151], [77.51669, 13.09145], [77.51938, 13.09137], [77.52203, 13.09116], [77.52323, 13.09134], [77.52919, 13.09244], [77.53082, 13.09317], [77.53151, 13.09356], [77.53183, 13.09392], [77.53261, 13.09476], [77.53319, 13.09547], [77.53574, 13.09475], [77.53553, 13.09221], [77.53503, 13.08599], [77.53153, 13.08508], [77.52732, 13.08411], [77.52687, 13.07981], [77.52977, 13.07668], [77.53214, 13.07229], [77.53623, 13.06962], [77.54136, 13.06748], [77.54421, 13.06403], [77.54482, 13.06354], [77.54549, 13.06332], [77.54585, 13.06324], [77.54595, 13.06312], [77.54596, 13.06302], [77.5486, 13.06134], [77.55011, 13.06017], [77.54965, 13.05563], [77.54923, 13.05459], [77.5481, 13.05567], [77.54678, 13.05651], [77.54644, 13.05651], [77.54591, 13.05609], [77.54462, 13.05518], [77.54372, 13.05497], [77.54295, 13.05482], [77.54206, 13.05461], [77.5405, 13.05458], [77.53916, 13.05453], [77.53414, 13.05491], [77.5321, 13.05489], [77.5307, 13.05365], [77.53043, 13.05343], [77.52917, 13.05247], [77.52844, 13.05221], [77.52771, 13.05163], [77.52528, 13.04899], [77.52342, 13.04697], [77.52294, 13.04635], [77.52391, 13.04564], [77.52812, 13.04523], [77.53196, 13.04376], [77.53159, 13.04241], [77.53503, 13.04123], [77.53622, 13.04048], [77.5353, 13.03749], [77.53428, 13.03422], [77.53762, 13.03351], [77.53919, 13.03277], [77.53915, 13.03535], [77.5391, 13.03794], [77.53918, 13.03907], [77.53933, 13.0413], [77.53984, 13.04425], [77.53987, 13.04438], [77.53817, 13.04627], [77.53666, 13.04902], [77.53488, 13.04995], [77.53496, 13.05091], [77.53524, 13.05168], [77.53739, 13.05143], [77.54004, 13.0509], [77.5422, 13.05036], [77.54396, 13.05049], [77.54641, 13.05005], [77.54808, 13.04998], [77.55051, 13.05069], [77.55057, 13.0528], [77.5508, 13.05318], [77.55097, 13.05304], [77.55156, 13.05252], [77.55188, 13.05212], [77.55308, 13.05059], [77.554, 13.04919], [77.55585, 13.04653], [77.55647, 13.04592], [77.55765, 13.04558], [77.55887, 13.04558], [77.56109, 13.04588], [77.56002, 13.04849], [77.56107, 13.05382], [77.56108, 13.05384], [77.5624, 13.05877], [77.56526, 13.06096], [77.56212, 13.06534], [77.56535, 13.06544], [77.56583, 13.0682], [77.56773, 13.06829], [77.56973, 13.06981], [77.57221, 13.07238], [77.57383, 13.07533], [77.57916, 13.07438], [77.58039, 13.0761], [77.58206, 13.07615], [77.58191, 13.07517], [77.58264, 13.0735], [77.58317, 13.07348], [77.58182, 13.0721], [77.57735, 13.06544], [77.57621, 13.06163], [77.57868, 13.0583], [77.58239, 13.05877], [77.58534, 13.05896], [77.58943, 13.05773], [77.59136, 13.05786], [77.59362, 13.05801], [77.59367, 13.05827], [77.59591, 13.05649], [77.60007, 13.05517], [77.59695, 13.04907], [77.59687, 13.04751], [77.59781, 13.04783], [77.60238, 13.04735], [77.60619, 13.0463], [77.60729, 13.05208], [77.608, 13.05135], [77.60868, 13.05066], [77.60922, 13.0469], [77.61008, 13.04678], [77.61096, 13.04692], [77.61127, 13.0475], [77.61184, 13.04793], [77.61252, 13.04797], [77.6136, 13.04826], [77.6146, 13.04822], [77.61624, 13.04791], [77.6172, 13.04817], [77.61776, 13.04833], [77.61931, 13.04828], [77.62042, 13.04787], [77.62171, 13.04729], [77.62204, 13.04711], [77.62273, 13.04698], [77.62306, 13.047], [77.62354, 13.04703], [77.62382, 13.04714], [77.62418, 13.0472], [77.62503, 13.04707], [77.62596, 13.04665], [77.62641, 13.04634], [77.62701, 13.04594], [77.62759, 13.04574], [77.62783, 13.04566], [77.62837, 13.04495], [77.62866, 13.04436], [77.62903, 13.04405], [77.62919, 13.04378], [77.62919, 13.04349], [77.62911, 13.04212], [77.62942, 13.0421], [77.6307, 13.04252], [77.63115, 13.04227], [77.63161, 13.04237], [77.63209, 13.04255], [77.63249, 13.04237], [77.63274, 13.04204], [77.63291, 13.04165], [77.63348, 13.04147], [77.63394, 13.04151], [77.63408, 13.04142], [77.63422, 13.04131], [77.63444, 13.04136], [77.63459, 13.04163], [77.63491, 13.04169], [77.63521, 13.04159], [77.63545, 13.04141], [77.63561, 13.04125], [77.63584, 13.04098], [77.63629, 13.04056], [77.63704, 13.0406], [77.63707, 13.04098], [77.63698, 13.04136], [77.637, 13.04184], [77.63742, 13.04262], [77.63865, 13.04322], [77.63996, 13.0431], [77.64105, 13.04296], [77.64134, 13.04252], [77.64146, 13.04234], [77.64161, 13.04181], [77.6417, 13.04089], [77.64175, 13.03995], [77.64174, 13.03934], [77.64166, 13.03828], [77.64275, 13.03823], [77.64313, 13.03747], [77.64315, 13.03745], [77.64435, 13.03745], [77.64414, 13.03633], [77.64352, 13.03599], [77.64271, 13.03566], [77.64191, 13.03473], [77.64098, 13.0337], [77.64003, 13.03243], [77.6383, 13.02988], [77.63701, 13.02665], [77.64151, 13.0204], [77.6411, 13.01703], [77.64114, 13.01622], [77.64079, 13.01436], [77.63921, 13.01424], [77.63887, 13.01303], [77.6386, 13.00983], [77.63872, 13.00801], [77.63937, 13.00647], [77.63813, 13.00504], [77.6375, 13.00432], [77.63526, 13.00124], [77.63491, 13.00043], [77.63468, 12.99985], [77.63372, 12.99522], [77.63334, 12.9932], [77.63206, 12.99336], [77.63137, 12.99019], [77.63235, 12.98988], [77.6337, 12.99012], [77.63361, 12.98843], [77.63584, 12.98851], [77.63688, 12.98854], [77.63716, 12.98904], [77.63907, 12.98864], [77.63931, 12.98874], [77.63956, 12.98877], [77.63978, 12.98874], [77.64047, 12.98857], [77.64074, 12.98854], [77.64175, 12.98869], [77.6426, 12.9888], [77.64307, 12.98884], [77.64392, 12.98864], [77.64521, 12.98836], [77.64433, 12.98573], [77.64434, 12.98336], [77.64402, 12.98025], [77.64344, 12.98017], [77.64337, 12.97804], [77.64335, 12.97719], [77.64334, 12.97698], [77.64075, 12.97657], [77.64009, 12.97571], [77.63771, 12.9752], [77.63696, 12.9747], [77.63717, 12.97368], [77.63891, 12.97358], [77.63896, 12.97293], [77.64212, 12.97241], [77.64262, 12.97229], [77.6431, 12.97228], [77.64321, 12.97144], [77.64307, 12.97046], [77.6428, 12.96975], [77.64269, 12.96946], [77.64251, 12.96882], [77.64244, 12.96833], [77.64249, 12.96784], [77.64285, 12.96697], [77.64303, 12.9666], [77.64319, 12.96611], [77.64311, 12.96572], [77.64286, 12.96442], [77.6428, 12.96377], [77.64272, 12.96341], [77.64237, 12.96287], [77.64222, 12.9625], [77.64221, 12.96228], [77.64224, 12.96199], [77.64242, 12.96155], [77.6426, 12.96107], [77.64272, 12.96061], [77.64281, 12.96005], [77.64279, 12.95965], [77.64294, 12.95917], [77.64306, 12.95886], [77.6435, 12.95829], [77.64383, 12.95784], [77.644, 12.95711], [77.64391, 12.9564], [77.64363, 12.95555], [77.64327, 12.95505], [77.64292, 12.95465], [77.64263, 12.9545], [77.64169, 12.95405], [77.64094, 12.95356], [77.6405, 12.95304], [77.63996, 12.95246], [77.63973, 12.95199], [77.6397, 12.95193], [77.64008, 12.95146], [77.64155, 12.95024], [77.64311, 12.94904], [77.64593, 12.94659], [77.64909, 12.94399], [77.65259, 12.94182], [77.65361, 12.94114], [77.6563, 12.93934], [77.65907, 12.93769], [77.65848, 12.93715], [77.65683, 12.93634], [77.65447, 12.93533], [77.65287, 12.93456], [77.65025, 12.93329], [77.64501, 12.93134], [77.64372, 12.93036], [77.64319, 12.93068], [77.64264, 12.9311], [77.64087, 12.93067], [77.64032, 12.93071], [77.63982, 12.93102], [77.63906, 12.93164], [77.63809, 12.93265], [77.63707, 12.9337], [77.63594, 12.93514], [77.63514, 12.9356], [77.63472, 12.93608], [77.6345, 12.93633], [77.63337, 12.93824], [77.633, 12.93891], [77.63215, 12.94048], [77.63109, 12.94278], [77.62937, 12.94576], [77.62869, 12.94708], [77.62827, 12.94758], [77.62751, 12.94848], [77.62653, 12.94924], [77.6261, 12.94944], [77.62543, 12.94975], [77.62417, 12.95018], [77.62341, 12.95041], [77.62265, 12.95064], [77.62206, 12.95103], [77.62186, 12.95113], [77.62075, 12.95169], [77.62005, 12.95208], [77.61949, 12.95239], [77.61861, 12.95294], [77.61818, 12.9532], [77.61759, 12.9513], [77.61725, 12.9508], [77.61687, 12.95084], [77.6154, 12.95095], [77.61422, 12.95084], [77.61266, 12.95029], [77.61118, 12.94971], [77.61068, 12.9496], [77.60991, 12.94972], [77.60744, 12.95013], [77.60714, 12.95018], [77.60608, 12.95033], [77.60525, 12.95078], [77.60448, 12.95119], [77.60292, 12.95212], [77.60056, 12.95348], [77.59715, 12.95557], [77.59588, 12.95604], [77.59398, 12.95685], [77.59333, 12.9553], [77.5931, 12.95476], [77.59993, 12.94968], [77.59853, 12.94805], [77.59853, 12.94685], [77.59845, 12.94615], [77.59786, 12.94553], [77.59744, 12.94503], [77.59676, 12.94332], [77.59693, 12.94158], [77.59706, 12.94045], [77.59719, 12.93944], [77.59672, 12.93944], [77.59604, 12.93942], [77.59482, 12.93937], [77.59427, 12.93913], [77.59301, 12.9384], [77.59141, 12.93723], [77.58822, 12.93729], [77.58723, 12.93604], [77.58528, 12.93621], [77.5851, 12.93623], [77.58193, 12.93624], [77.57998, 12.93625], [77.57543, 12.93635], [77.57193, 12.93637], [77.57193, 12.93595], [77.56737, 12.93608], [77.56729, 12.93882], [77.56566, 12.93877], [77.56543, 12.93839], [77.5647, 12.9373], [77.56427, 12.93682], [77.56372, 12.9354], [77.5636, 12.93504], [77.56347, 12.93421], [77.56337, 12.93333], [77.56303, 12.93352], [77.56261, 12.93391], [77.56206, 12.93381], [77.56174, 12.93422], [77.56159, 12.93496], [77.56134, 12.93478], [77.56075, 12.93437], [77.55997, 12.93399], [77.55886, 12.93428], [77.55888, 12.93492], [77.55842, 12.93546], [77.5576, 12.93512], [77.55726, 12.93497], [77.5569, 12.93493], [77.55544, 12.93504], [77.55493, 12.93449], [77.5543, 12.93379], [77.55382, 12.93336], [77.55324, 12.93294], [77.55301, 12.93294], [77.55203, 12.9335], [77.55152, 12.93415], [77.55104, 12.93444], [77.55056, 12.93458], [77.55012, 12.93459], [77.54907, 12.93437], [77.54802, 12.93435], [77.54778, 12.9344], [77.54743, 12.93425], [77.54717, 12.93405], [77.54741, 12.93982], [77.54952, 12.93991], [77.54958, 12.94056], [77.54958, 12.94057], [77.55007, 12.9414], [77.55004, 12.94195], [77.55006, 12.94262], [77.54981, 12.94335], [77.54974, 12.94379], [77.54969, 12.94426], [77.54955, 12.94483], [77.54955, 12.94534], [77.54969, 12.94595], [77.54987, 12.94708], [77.54989, 12.94772], [77.55019, 12.9499], [77.54947, 12.95039], [77.54941, 12.95043], [77.5489, 12.95068], [77.54872, 12.95096], [77.54878, 12.95123], [77.5489, 12.95153], [77.54849, 12.95156], [77.54805, 12.95167], [77.54754, 12.95175], [77.54712, 12.95169], [77.5463, 12.95154], [77.54585, 12.95134], [77.54525, 12.95082], [77.54545, 12.95057], [77.54564, 12.95028], [77.54567, 12.94999], [77.5456, 12.94964], [77.54554, 12.94909], [77.54511, 12.94704], [77.54359, 12.94766], [77.54333, 12.94708], [77.54198, 12.94747], [77.54185, 12.94549], [77.54071, 12.9456], [77.54055, 12.94522], [77.54008, 12.94525], [77.53978, 12.94669], [77.53927, 12.94661], [77.53902, 12.94529], [77.53779, 12.94537], [77.53801, 12.94661], [77.53814, 12.94774], [77.53792, 12.94922], [77.53801, 12.95108], [77.53775, 12.95194], [77.53742, 12.95322], [77.53661, 12.95365], [77.529, 12.95505], [77.5285, 12.95256], [77.52828, 12.95003], [77.52841, 12.9486], [77.52795, 12.94805], [77.52714, 12.94863], [77.52537, 12.94922], [77.52258, 12.94949], [77.52122, 12.95011], [77.51996, 12.95003], [77.51985, 12.95001], [77.5159, 12.94918], [77.51202, 12.94853], [77.51007, 12.94821], [77.5095, 12.94813], [77.50857, 12.94769], [77.50783, 12.94741], [77.50695, 12.94733], [77.50599, 12.94762], [77.50507, 12.94766], [77.5045, 12.94737], [77.50258, 12.94685], [77.50239, 12.94679], [77.50135, 12.94649], [77.50073, 12.94661], [77.49891, 12.9471], [77.49705, 12.9473], [77.49568, 12.94743], [77.4941, 12.94706], [77.49251, 12.94682], [77.49043, 12.94792], [77.48879, 12.94916], [77.48805, 12.9479], [77.48724, 12.94655], [77.48638, 12.94531], [77.48549, 12.94421], [77.4842, 12.94441], [77.48305, 12.94464], [77.48191, 12.94551], [77.48147, 12.94582], [77.4806, 12.94658], [77.47993, 12.94754], [77.47918, 12.94805], [77.4785, 12.94807], [77.47664, 12.94805], [77.47514, 12.94813], [77.47371, 12.94801], [77.472, 12.94801], [77.47062, 12.94797], [77.46886, 12.94862], [77.46649, 12.94891], [77.46465, 12.94907], [77.46239, 12.94928], [77.45989, 12.95005], [77.45789, 12.95061], [77.45829, 12.95094], [77.45879, 12.95157], [77.45921, 12.95225], [77.45935, 12.95317], [77.45938, 12.95369], [77.45957, 12.95398], [77.4598, 12.95443], [77.45982, 12.95539], [77.45985, 12.956], [77.45975, 12.95708], [77.45916, 12.95731], [77.458, 12.95752], [77.45716, 12.95769], [77.45649, 12.95802], [77.45584, 12.95821], [77.45499, 12.95856], [77.45423, 12.9587], [77.45327, 12.95892], [77.4519, 12.95926], [77.45059, 12.95961], [77.44969, 12.9599], [77.44857, 12.96018], [77.44724, 12.96055], [77.44597, 12.96076], [77.44455, 12.96078], [77.44247, 12.96078], [77.44028, 12.96084], [77.439, 12.96094], [77.4398, 12.96149], [77.4403, 12.96204], [77.4406, 12.96288], [77.44072, 12.96413], [77.4408, 12.96517], [77.44083, 12.96596], [77.44095, 12.96647], [77.44071, 12.96776], [77.44089, 12.96931], [77.44093, 12.97038], [77.44095, 12.97361], [77.441, 12.97417], [77.44088, 12.97709], [77.44084, 12.97854], [77.44084, 12.98114], [77.44078, 12.98252], [77.43854, 12.98242], [77.43684, 12.98247], [77.43565, 12.98255], [77.43502, 12.98265], [77.4343, 12.98283], [77.43348, 12.98289], [77.43251, 12.9831], [77.43146, 12.98316], [77.42976, 12.98334], [77.42884, 12.98353], [77.42745, 12.98449], [77.42589, 12.98554], [77.42552, 12.9858], [77.42471, 12.98655], [77.42406, 12.98716], [77.42285, 12.98763], [77.41997, 12.98849], [77.41708, 12.98906], [77.41569, 12.98959], [77.41392, 12.99006], [77.4125, 12.99078], [77.41217, 12.99235], [77.41148, 12.99253], [77.41075, 12.99284], [77.40936, 12.99384], [77.40815, 12.99451], [77.40687, 12.99531], [77.40657, 12.99546], [77.40581, 12.99561], [77.40494, 12.99568], [77.40426, 12.9958], [77.40365, 12.99585], [77.40249, 12.99604], [77.40132, 12.99612], [77.40049, 12.99632], [77.40005, 12.99642], [77.39847, 12.99635], [77.39672, 12.99649], [77.39535, 12.99671], [77.39495, 12.99618], [77.39439, 12.99604], [77.39395, 12.99643], [77.39341, 12.9962], [77.39322, 12.99653], [77.3921, 12.99667], [77.39195, 12.99645], [77.39156, 12.99557], [77.39145, 12.99516], [77.39139, 12.99453], [77.39133, 12.99383], [77.39047, 12.99318], [77.39019, 12.99262], [77.39004, 12.99324], [77.38952, 12.99353], [77.38929, 12.99365], [77.38875, 12.99367], [77.38804, 12.99359], [77.38696, 12.99349], [77.38644, 12.99383], [77.38585, 12.99408], [77.38525, 12.99495], [77.38469, 12.99506], [77.38371, 12.99549], [77.383, 12.99602], [77.38244, 12.99614], [77.38183, 12.99614], [77.38123, 12.99598], [77.38061, 12.9954], [77.37986, 12.99453], [77.37904, 12.99408], [77.3774, 12.99369], [77.37636, 12.99359], [77.37182, 12.99214], [77.37201, 12.99437], [77.37194, 12.99515], [77.3713, 12.99604], [77.37073, 12.99785], [77.37029, 12.99971], [77.3702, 13.00032], [77.37058, 13.00124], [77.37141, 13.00267], [77.37137, 13.00338], [77.37037, 13.00437], [77.36948, 13.00547], [77.36908, 13.00646], [77.36924, 13.0082], [77.36964, 13.00978], [77.36968, 13.01131], [77.36962, 13.01186], [77.36969, 13.01258], [77.36991, 13.01326], [77.3703, 13.01385], [77.37057, 13.01425], [77.37097, 13.01447], [77.37356, 13.01453], [77.37553, 13.01451], [77.3757, 13.01486], [77.37596, 13.01637], [77.37658, 13.01893], [77.37678, 13.02087], [77.3769, 13.02172], [77.37686, 13.02227], [77.37638, 13.02294], [77.37594, 13.02395], [77.37584, 13.026], [77.37576, 13.02783], [77.37557, 13.02876], [77.37588, 13.0289], [77.3765, 13.02809], [77.37729, 13.02746], [77.37855, 13.02671], [77.37928, 13.02653], [77.38011, 13.02665], [77.38083, 13.02671], [77.38248, 13.02647], [77.38385, 13.02637], [77.3847, 13.02628], [77.3856, 13.02616], [77.38647, 13.026], [77.38758, 13.02608], [77.38894, 13.02622], [77.38915, 13.02653], [77.38907, 13.02752], [77.389, 13.02836], [77.3889, 13.02923], [77.38911, 13.03052], [77.3896, 13.03073], [77.39014, 13.03164], [77.39024, 13.0337], [77.39028, 13.0342], [77.39031, 13.03555], [77.39033, 13.03607], [77.39037, 13.03687], [77.39046, 13.03812], [77.39051, 13.03892], [77.39061, 13.03967], [77.39067, 13.04058], [77.39072, 13.0412], [77.39097, 13.04286], [77.39106, 13.04362], [77.39117, 13.04412], [77.39126, 13.04491], [77.39142, 13.04612], [77.39155, 13.04718], [77.39167, 13.04802], [77.39166, 13.04902], [77.39166, 13.04951], [77.39171, 13.05015], [77.3917, 13.05113], [77.3918, 13.05171], [77.39237, 13.05183], [77.39297, 13.05193], [77.39321, 13.05202], [77.39349, 13.05227], [77.39371, 13.05257], [77.39402, 13.05295], [77.39338, 13.05294], [77.39315, 13.05301], [77.39277, 13.05362], [77.39219, 13.05436], [77.39164, 13.05496], [77.39161, 13.05497], [77.39102, 13.05527], [77.39009, 13.05576], [77.38926, 13.0557], [77.38765, 13.05548], [77.38676, 13.05539], [77.38606, 13.05535], [77.38479, 13.05589], [77.38378, 13.05646], [77.38303, 13.05722], [77.38291, 13.05821], [77.38288, 13.0592], [77.3829, 13.06002], [77.38313, 13.06236], [77.38283, 13.0638], [77.38273, 13.06442], [77.38278, 13.06503], [77.38292, 13.06573], [77.38307, 13.06629], [77.38332, 13.06692], [77.38365, 13.06741], [77.38412, 13.06787], [77.38452, 13.06814], [77.38515, 13.06822], [77.38573, 13.06835], [77.38718, 13.06869], [77.38815, 13.06924], [77.38937, 13.06992], [77.39126, 13.0705], [77.39246, 13.07039], [77.39322, 13.07045], [77.39435, 13.07065], [77.39535, 13.07096], [77.39622, 13.07157], [77.39771, 13.0732], [77.39839, 13.07299], [77.3992, 13.0727], [77.40028, 13.07248], [77.40131, 13.07252], [77.40215, 13.07266], [77.40382, 13.07311], [77.40481, 13.07322], [77.40619, 13.0734], [77.40692, 13.0735], [77.40746, 13.07356], [77.40947, 13.07356], [77.41144, 13.07358], [77.41307, 13.07335], [77.41415, 13.07233], [77.41502, 13.07163], [77.41567, 13.07093], [77.4159, 13.07077], [77.41601, 13.07073], [77.41766, 13.07031], [77.41893, 13.07008], [77.42088, 13.06973], [77.42247, 13.06985], [77.4237, 13.07027], [77.42446, 13.07222], [77.42602, 13.07667], [77.42669, 13.07874], [77.42808, 13.08338], [77.42878, 13.08603], [77.42884, 13.08646], [77.428, 13.08665], [77.42587, 13.08716], [77.42394, 13.08745], [77.42349, 13.08726], [77.42279, 13.08599], [77.42144, 13.08626], [77.42048, 13.08654], [77.42006, 13.08712], [77.421, 13.09028], [77.42136, 13.09124], [77.41786, 13.09256], [77.41688, 13.0929], [77.41595, 13.0932], [77.41732, 13.09538], [77.41852, 13.09741], [77.41876, 13.09787], [77.41882, 13.09842], [77.41876, 13.09885], [77.41709, 13.09984], [77.41577, 13.10021], [77.4155, 13.10181], [77.41591, 13.10307], [77.41664, 13.1045], [77.4179, 13.10492], [77.41582, 13.10552], [77.41465, 13.10577], [77.41351, 13.10581], [77.41283, 13.10593], [77.41165, 13.10626], [77.4107, 13.10644], [77.40893, 13.10711], [77.40783, 13.10779], [77.4064, 13.10847], [77.40423, 13.10958], [77.40163, 13.11111], [77.40087, 13.11171], [77.40056, 13.11212], [77.40031, 13.11243], [77.4004, 13.11268], [77.40056, 13.11367], [77.40071, 13.11486], [77.40089, 13.11564], [77.40096, 13.11591], [77.40113, 13.11658], [77.40122, 13.11731], [77.40131, 13.11814], [77.40101, 13.11808], [77.39272, 13.11503], [77.39272, 13.11589], [77.39292, 13.11764], [77.39338, 13.11848], [77.39405, 13.11943], [77.39456, 13.1193], [77.39591, 13.11885], [77.39707, 13.11869], [77.39755, 13.12351], [77.39991, 13.12387], [77.40025, 13.1239], [77.40105, 13.1239], [77.40133, 13.12392], [77.40214, 13.12397], [77.40288, 13.12402], [77.40395, 13.12404], [77.40411, 13.12405], [77.40465, 13.12361], [77.40479, 13.12342], [77.40587, 13.12331], [77.40618, 13.12317], [77.40749, 13.12307], [77.40817, 13.1234], [77.40859, 13.1237], [77.40859, 13.12565], [77.40904, 13.12601], [77.41117, 13.12806], [77.41296, 13.13202], [77.41304, 13.13225], [77.41306, 13.13231], [77.41317, 13.13254], [77.41419, 13.13523], [77.41489, 13.13635], [77.41582, 13.13754], [77.41699, 13.13939], [77.4172, 13.13966], [77.41769, 13.14051], [77.41848, 13.14153], [77.41944, 13.143], [77.42, 13.14371], [77.4228, 13.14768], [77.4251, 13.15147], [77.42711, 13.15514], [77.42844, 13.15837], [77.42925, 13.16028], [77.43025, 13.162], [77.43098, 13.16332], [77.43136, 13.16407], [77.43179, 13.16509], [77.43293, 13.16539], [77.43498, 13.1659], [77.43566, 13.16606], [77.43666, 13.16621], [77.43824, 13.16652], [77.43908, 13.16644], [77.44026, 13.16621], [77.44073, 13.16621], [77.44246, 13.16625], [77.44363, 13.1666]]]}}, {"type": "Feature", "properties": {"taluk": "Bengaluru South", "district": "Bengaluru Urban", "state": "Karnataka"}, "geometry": {"type": "Polygon", "coordinates": [[[77.65907, 12.93769], [77.66082, 12.93875], [77.6612, 12.93953], [77.66128, 12.94022], [77.66057, 12.94128], [77.6597, 12.94287], [77.65964, 12.94406], [77.6593, 12.9441], [77.65939, 12.94455], [77.6588, 12.94487], [77.65874, 12.94565], [77.65985, 12.94585], [77.65982, 12.945], [77.66068, 12.94355], [77.66238, 12.942], [77.66463, 12.94077], [77.66671, 12.94006], [77.66831, 12.93984], [77.66821, 12.9387], [77.668, 12.93653], [77.66765, 12.93351], [77.66758, 12.93267], [77.66744, 12.93191], [77.66736, 12.93126], [77.66735, 12.93062], [77.66735, 12.92958], [77.6675, 12.92935], [77.66815, 12.92935], [77.66833, 12.92894], [77.66867, 12.92792], [77.66885, 12.92677], [77.66896, 12.92579], [77.66906, 12.92473], [77.66793, 12.92323], [77.6673, 12.92114], [77.66539, 12.92154], [77.6644, 12.91965], [77.66238, 12.91797], [77.66044, 12.91535], [77.65965, 12.91004], [77.65896, 12.9097], [77.65706, 12.90988], [77.65613, 12.90939], [77.65582, 12.9078], [77.65543, 12.90612], [77.65507, 12.90469], [77.65482, 12.9033], [77.6547, 12.90199], [77.65472, 12.90107], [77.6548, 12.90007], [77.65563, 12.90013], [77.65586, 12.90023], [77.65641, 12.90019], [77.65632, 12.89925], [77.65674, 12.89908], [77.65693, 12.89874], [77.65676, 12.89751], [77.65597, 12.89798], [77.65507, 12.89737], [77.6543, 12.89683], [77.65399, 12.89604], [77.65375, 12.89508], [77.65287, 12.89467], [77.65175, 12.89421], [77.6506, 12.89331], [77.64877, 12.89121], [77.64768, 12.89128], [77.646, 12.89168], [77.64502, 12.89192], [77.64529, 12.891], [77.64389, 12.8912], [77.64385, 12.89057], [77.64351, 12.88816], [77.64349, 12.88804], [77.64449, 12.88812], [77.64485, 12.88712], [77.64512, 12.88673], [77.64711, 12.885], [77.64858, 12.88378], [77.64987, 12.88307], [77.6507, 12.88251], [77.65185, 12.882], [77.65254, 12.88153], [77.6533, 12.8812], [77.65413, 12.88097], [77.65494, 12.88073], [77.65557, 12.88384], [77.65641, 12.8853], [77.65874, 12.88472], [77.66016, 12.88441], [77.6613, 12.88415], [77.66231, 12.88427], [77.66298, 12.88445], [77.66446, 12.88422], [77.66522, 12.88412], [77.66635, 12.88416], [77.66822, 12.88373], [77.66811, 12.88543], [77.6713, 12.8846], [77.67388, 12.88392], [77.6745, 12.88373], [77.67438, 12.88078], [77.67438, 12.88021], [77.67252, 12.88043], [77.67201, 12.8805], [77.67248, 12.88001], [77.67308, 12.87887], [77.67372, 12.87781], [77.67436, 12.87666], [77.67484, 12.87538], [77.67512, 12.87397], [77.67544, 12.87281], [77.67564, 12.87262], [77.67963, 12.86894], [77.68051, 12.86919], [77.68164, 12.86925], [77.68292, 12.869], [77.68464, 12.86874], [77.68644, 12.86832], [77.68769, 12.86811], [77.68697, 12.86522], [77.68683, 12.86475], [77.68634, 12.8628], [77.6856, 12.85963], [77.68493, 12.85717], [77.68366, 12.85213], [77.68243, 12.84721], [77.68234, 12.8467], [77.68217, 12.8462], [77.68193, 12.84564], [77.68192, 12.84563], [77.68145, 12.84523], [77.67981, 12.84415], [77.67924, 12.84368], [77.67817, 12.84306], [77.67743, 12.84278], [77.67643, 12.84256], [77.67547, 12.84254], [77.67358, 12.84237], [77.67109, 12.84228], [77.6684, 12.84187], [77.66575, 12.84159], [77.66405, 12.84138], [77.66396, 12.84136], [77.66493, 12.83661], [77.66171, 12.8349], [77.6614, 12.83474], [77.66084, 12.83477], [77.65954, 12.83496], [77.65839, 12.83522], [77.6555, 12.83635], [77.65498, 12.83663], [77.65324, 12.83712], [77.65198, 12.83726], [77.65201, 12.8376], [77.65096, 12.83845], [77.65036, 12.83819], [77.64992, 12.83883], [77.64947, 12.83926], [77.64877, 12.83939], [77.64826, 12.83932], [77.64786, 12.83894], [77.64649, 12.83946], [77.64528, 12.8399], [77.64464, 12.84007], [77.64341, 12.84021], [77.64218, 12.84027], [77.64157, 12.8403], [77.63916, 12.84021], [77.63729, 12.8399], [77.63557, 12.83966], [77.63459, 12.83891], [77.63411, 12.83859], [77.63193, 12.83848], [77.63188, 12.83799], [77.63111, 12.83787], [77.63113, 12.83716], [77.63087, 12.83709], [77.62695, 12.83633], [77.62579, 12.83603], [77.62573, 12.83602], [77.62125, 12.83489], [77.62048, 12.83586], [77.61984, 12.83663], [77.61886, 12.83723], [77.61609, 12.83909], [77.61551, 12.83932], [77.61485, 12.83923], [77.61209, 12.83802], [77.61008, 12.83713], [77.60719, 12.83585], [77.60489, 12.83491], [77.60357, 12.83172], [77.60336, 12.83205], [77.60249, 12.8326], [77.60242, 12.83265], [77.60136, 12.83345], [77.60096, 12.83356], [77.6, 12.83345], [77.59812, 12.83281], [77.59762, 12.83265], [77.59695, 12.83264], [77.59568, 12.83286], [77.59521, 12.83317], [77.59451, 12.83364], [77.59232, 12.83511], [77.58983, 12.8359], [77.58762, 12.83556], [77.58495, 12.83503], [77.58316, 12.83646], [77.58296, 12.83659], [77.58241, 12.83696], [77.58203, 12.83745], [77.58194, 12.83756], [77.58171, 12.83779], [77.58098, 12.83853], [77.57983, 12.83973], [77.57911, 12.84049], [77.57853, 12.84131], [77.57679, 12.84086], [77.57513, 12.84064], [77.57438, 12.84069], [77.57346, 12.84074], [77.57144, 12.84098], [77.57095, 12.84098], [77.57034, 12.8412], [77.56796, 12.84208], [77.56595, 12.84292], [77.56478, 12.84255], [77.56398, 12.84229], [77.56381, 12.84226], [77.56263, 12.84208], [77.56031, 12.84372], [77.55975, 12.84441], [77.55819, 12.84534], [77.55819, 12.84637], [77.5563, 12.84942], [77.55557, 12.84912], [77.5542, 12.84972], [77.5536, 12.85023], [77.55346, 12.85023], [77.55304, 12.85022], [77.55232, 12.84925], [77.55172, 12.8482], [77.55243, 12.84768], [77.55191, 12.84745], [77.55042, 12.84672], [77.55008, 12.8462], [77.55006, 12.84483], [77.54888, 12.845], [77.54835, 12.84248], [77.54844, 12.84066], [77.54846, 12.83986], [77.54693, 12.83985], [77.54658, 12.8387], [77.54624, 12.83766], [77.54829, 12.83714], [77.54816, 12.83565], [77.54935, 12.83567], [77.54893, 12.8344], [77.54861, 12.8335], [77.54729, 12.83046], [77.54629, 12.8282], [77.5456, 12.82648], [77.54508, 12.82536], [77.54438, 12.82348], [77.5434, 12.8213], [77.54281, 12.8202], [77.5427, 12.81992], [77.5421, 12.81833], [77.5415, 12.81681], [77.54113, 12.81588], [77.54066, 12.81476], [77.54006, 12.81369], [77.53974, 12.81298], [77.53957, 12.81236], [77.53957, 12.81111], [77.5394, 12.80865], [77.53927, 12.80741], [77.53938, 12.80654], [77.53951, 12.80458], [77.5397, 12.80265], [77.53995, 12.79979], [77.54, 12.79816], [77.54002, 12.79699], [77.54065, 12.79644], [77.54121, 12.7958], [77.54315, 12.7942], [77.54456, 12.79274], [77.54534, 12.79182], [77.54628, 12.79089], [77.5467, 12.79033], [77.54721, 12.78915], [77.548, 12.7875], [77.54857, 12.78645], [77.54881, 12.78598], [77.54864, 12.7849], [77.54792, 12.78389], [77.54664, 12.78242], [77.54587, 12.78054], [77.54494, 12.77882], [77.54453, 12.77784], [77.54425, 12.77727], [77.54408, 12.77662], [77.54405, 12.77614], [77.54404, 12.77598], [77.54485, 12.77565], [77.54587, 12.77506], [77.54687, 12.77436], [77.54745, 12.77402], [77.54883, 12.77386], [77.55177, 12.7735], [77.55232, 12.77218], [77.55167, 12.77221], [77.55106, 12.77138], [77.5509, 12.77091], [77.55069, 12.77096], [77.54865, 12.77127], [77.54632, 12.77006], [77.54583, 12.76811], [77.54539, 12.76618], [77.54539, 12.76615], [77.54513, 12.76499], [77.54458, 12.76374], [77.54396, 12.76195], [77.54315, 12.75951], [77.54288, 12.75845], [77.54274, 12.75725], [77.5427, 12.75676], [77.54217, 12.75541], [77.5417, 12.75428], [77.54126, 12.75303], [77.54067, 12.75126], [77.54071, 12.7507], [77.54071, 12.75016], [77.54048, 12.74985], [77.5401, 12.75047], [77.53903, 12.75088], [77.53871, 12.75128], [77.53866, 12.75152], [77.53787, 12.75234], [77.53702, 12.7534], [77.53629, 12.7544], [77.53608, 12.75492], [77.53561, 12.75546], [77.53515, 12.75595], [77.53465, 12.75624], [77.53431, 12.75596], [77.53414, 12.75553], [77.53389, 12.75515], [77.53355, 12.75482], [77.53346, 12.75435], [77.53351, 12.75387], [77.53346, 12.75348], [77.5331, 12.75307], [77.53274, 12.75253], [77.53222, 12.75185], [77.53251, 12.75128], [77.53264, 12.74856], [77.53178, 12.74755], [77.52856, 12.74416], [77.52654, 12.74202], [77.52487, 12.73969], [77.52414, 12.7387], [77.52342, 12.7368], [77.52127, 12.73241], [77.51853, 12.73673], [77.52, 12.74135], [77.52088, 12.74435], [77.5176, 12.74711], [77.51381, 12.75022], [77.51241, 12.74587], [77.51082, 12.74091], [77.51012, 12.73816], [77.50968, 12.73742], [77.50791, 12.73627], [77.50529, 12.73522], [77.50509, 12.73388], [77.50492, 12.73238], [77.50397, 12.73485], [77.50324, 12.73659], [77.5012, 12.73751], [77.49891, 12.73932], [77.49474, 12.74029], [77.49334, 12.74017], [77.49245, 12.74012], [77.49224, 12.74074], [77.49199, 12.74115], [77.49189, 12.74146], [77.49186, 12.74182], [77.49141, 12.74184], [77.49078, 12.74194], [77.49009, 12.74209], [77.48884, 12.74227], [77.48722, 12.7426], [77.48613, 12.74279], [77.48614, 12.74289], [77.48613, 12.7432], [77.48611, 12.74387], [77.48609, 12.74407], [77.48602, 12.74432], [77.48588, 12.7446], [77.48573, 12.74479], [77.48555, 12.74507], [77.48539, 12.74538], [77.48525, 12.74566], [77.48514, 12.7459], [77.48503, 12.74621], [77.48488, 12.74665], [77.48473, 12.74705], [77.48463, 12.74727], [77.48444, 12.74759], [77.48426, 12.74792], [77.48401, 12.74832], [77.48379, 12.74869], [77.48357, 12.74896], [77.48336, 12.74914], [77.48315, 12.74928], [77.4829, 12.74942], [77.48248, 12.74963], [77.48246, 12.74964], [77.48206, 12.74979], [77.48186, 12.74986], [77.48166, 12.7499], [77.48138, 12.74999], [77.48079, 12.75017], [77.4805, 12.75027], [77.48027, 12.75041], [77.48011, 12.75052], [77.47993, 12.75067], [77.47971, 12.75085], [77.47961, 12.75093], [77.47938, 12.7511], [77.47918, 12.75125], [77.47866, 12.75183], [77.47811, 12.75218], [77.47769, 12.75242], [77.47734, 12.75271], [77.4771, 12.75299], [77.47692, 12.75338], [77.47682, 12.75391], [77.4766, 12.7543], [77.47638, 12.75454], [77.47605, 12.75474], [77.47477, 12.75469], [77.47452, 12.75512], [77.47409, 12.75616], [77.47355, 12.75692], [77.47392, 12.75714], [77.47457, 12.75737], [77.47463, 12.75786], [77.47419, 12.75865], [77.47486, 12.75908], [77.47511, 12.7591], [77.47573, 12.75916], [77.47573, 12.75973], [77.47594, 12.76114], [77.47635, 12.76227], [77.47575, 12.76288], [77.47447, 12.76372], [77.47401, 12.76445], [77.47412, 12.76578], [77.47453, 12.76727], [77.47499, 12.76882], [77.47532, 12.77031], [77.47595, 12.77272], [77.47772, 12.78151], [77.47649, 12.78338], [77.47522, 12.78441], [77.47321, 12.78717], [77.47192, 12.78934], [77.47121, 12.79114], [77.47088, 12.79305], [77.46934, 12.79461], [77.4693, 12.79506], [77.46942, 12.79571], [77.46963, 12.79648], [77.47009, 12.79734], [77.47113, 12.79787], [77.47113, 12.79906], [77.47105, 12.79959], [77.47404, 12.79714], [77.47504, 12.79697], [77.47629, 12.79677], [77.47833, 12.79713], [77.48053, 12.7983], [77.48469, 12.80077], [77.48209, 12.80085], [77.48168, 12.80134], [77.48028, 12.80293], [77.47897, 12.80465], [77.47854, 12.80636], [77.47993, 12.80834], [77.48004, 12.80863], [77.47739, 12.80879], [77.47742, 12.81004], [77.47668, 12.81023], [77.47538, 12.81063], [77.47469, 12.81073], [77.47405, 12.81069], [77.47317, 12.81049], [77.47265, 12.81008], [77.47219, 12.80963], [77.47176, 12.80949], [77.47122, 12.80947], [77.47049, 12.80953], [77.46957, 12.81035], [77.46839, 12.81102], [77.46588, 12.80861], [77.46417, 12.81039], [77.46163, 12.81158], [77.46008, 12.81355], [77.45955, 12.81448], [77.45748, 12.81561], [77.45545, 12.81668], [77.45319, 12.8175], [77.45158, 12.81805], [77.45009, 12.8181], [77.44936, 12.81781], [77.44886, 12.81732], [77.44886, 12.81649], [77.44835, 12.81588], [77.44766, 12.81524], [77.44657, 12.8148], [77.44617, 12.81362], [77.44552, 12.81213], [77.44604, 12.81111], [77.44623, 12.80999], [77.4453, 12.80968], [77.44444, 12.81001], [77.44386, 12.80923], [77.44359, 12.80823], [77.4412, 12.80997], [77.43987, 12.81119], [77.4366, 12.8104], [77.43604, 12.81035], [77.43605, 12.81063], [77.43621, 12.81174], [77.43605, 12.81309], [77.43512, 12.81467], [77.4342, 12.8159], [77.43401, 12.8167], [77.43408, 12.81722], [77.4346, 12.8181], [77.43504, 12.81915], [77.43531, 12.81978], [77.43546, 12.82071], [77.43473, 12.82122], [77.43395, 12.82225], [77.43344, 12.82333], [77.43138, 12.82176], [77.42817, 12.82301], [77.42556, 12.82389], [77.42288, 12.82502], [77.41959, 12.82626], [77.42014, 12.82776], [77.42064, 12.82944], [77.4212, 12.83205], [77.42225, 12.83437], [77.42332, 12.8361], [77.42342, 12.83626], [77.42512, 12.83778], [77.42581, 12.83836], [77.42663, 12.83856], [77.42751, 12.83891], [77.42866, 12.83938], [77.42964, 12.83957], [77.43142, 12.83949], [77.43282, 12.83937], [77.43455, 12.83917], [77.43457, 12.83977], [77.43464, 12.84105], [77.43431, 12.84178], [77.43383, 12.84254], [77.43373, 12.84321], [77.43378, 12.84413], [77.43379, 12.84433], [77.43406, 12.84518], [77.43445, 12.84582], [77.43516, 12.84667], [77.43589, 12.84755], [77.43665, 12.84872], [77.43786, 12.85018], [77.43112, 12.85031], [77.42664, 12.85031], [77.42693, 12.85082], [77.42752, 12.85232], [77.42823, 12.85364], [77.42922, 12.8552], [77.4289, 12.85666], [77.42786, 12.85758], [77.427, 12.85822], [77.42565, 12.85931], [77.4242, 12.86103], [77.4218, 12.86455], [77.41901, 12.86878], [77.41881, 12.8691], [77.41839, 12.86952], [77.42419, 12.87028], [77.42794, 12.87036], [77.42922, 12.87059], [77.4297, 12.87307], [77.42989, 12.87539], [77.42789, 12.87553], [77.42482, 12.87377], [77.42187, 12.87219], [77.42122, 12.87168], [77.42025, 12.87166], [77.41579, 12.8717], [77.41579, 12.87521], [77.41039, 12.87659], [77.40802, 12.8756], [77.40389, 12.87388], [77.40216, 12.86993], [77.4023, 12.86874], [77.40266, 12.86541], [77.40125, 12.86609], [77.39872, 12.86741], [77.3974, 12.86833], [77.39516, 12.86729], [77.39579, 12.86536], [77.3946, 12.86442], [77.39254, 12.86279], [77.39003, 12.86051], [77.38919, 12.86031], [77.38831, 12.86014], [77.38674, 12.8591], [77.3858, 12.85883], [77.38521, 12.85903], [77.38538, 12.85706], [77.37988, 12.85762], [77.37956, 12.85655], [77.37941, 12.85488], [77.37912, 12.85509], [77.37791, 12.85597], [77.37673, 12.85649], [77.37528, 12.85686], [77.3738, 12.85686], [77.3732, 12.85688], [77.37149, 12.85696], [77.36976, 12.85761], [77.36949, 12.8583], [77.36831, 12.86271], [77.3656, 12.87161], [77.36436, 12.87151], [77.35607, 12.8708], [77.35137, 12.87043], [77.3463, 12.8701], [77.34515, 12.87365], [77.34517, 12.87578], [77.34488, 12.87645], [77.34334, 12.87674], [77.33915, 12.87751], [77.33728, 12.87779], [77.33616, 12.87799], [77.33566, 12.87808], [77.33526, 12.87817], [77.335, 12.87839], [77.33497, 12.87906], [77.33492, 12.88], [77.33494, 12.88102], [77.33523, 12.88268], [77.33539, 12.88355], [77.33546, 12.88396], [77.33542, 12.8843], [77.33526, 12.88475], [77.33462, 12.8856], [77.33416, 12.88616], [77.33379, 12.88646], [77.33332, 12.88672], [77.33313, 12.88696], [77.33306, 12.8873], [77.33324, 12.88792], [77.33571, 12.88792], [77.33813, 12.88793], [77.34084, 12.88799], [77.34285, 12.88789], [77.34339, 12.88799], [77.34261, 12.89014], [77.34186, 12.89322], [77.34142, 12.8943], [77.34088, 12.89688], [77.34059, 12.89784], [77.34011, 12.89961], [77.33903, 12.90351], [77.33851, 12.905], [77.33676, 12.91147], [77.33655, 12.91215], [77.3366, 12.91234], [77.33932, 12.92362], [77.33643, 12.9284], [77.33605, 12.93252], [77.33554, 12.93798], [77.33675, 12.94001], [77.33817, 12.94104], [77.33906, 12.94211], [77.33928, 12.94283], [77.33948, 12.94408], [77.33916, 12.94463], [77.33837, 12.94555], [77.33754, 12.94603], [77.33584, 12.94768], [77.33437, 12.94852], [77.33298, 12.95014], [77.33279, 12.95199], [77.33193, 12.95337], [77.33115, 12.95553], [77.33101, 12.95758], [77.33059, 12.95914], [77.33054, 12.96091], [77.33008, 12.96292], [77.32901, 12.96481], [77.32859, 12.96543], [77.32747, 12.96751], [77.32615, 12.9699], [77.32561, 12.97133], [77.32573, 12.97217], [77.32617, 12.97389], [77.3267, 12.97474], [77.32705, 12.97531], [77.32873, 12.97764], [77.32978, 12.9777], [77.33132, 12.97796], [77.33233, 12.97827], [77.33303, 12.97865], [77.33353, 12.97869], [77.3345, 12.97868], [77.33605, 12.97835], [77.33731, 12.97778], [77.33764, 12.97683], [77.33782, 12.9753], [77.33805, 12.97282], [77.33944, 12.97292], [77.34231, 12.9735], [77.34355, 12.97422], [77.34466, 12.97479], [77.34548, 12.97482], [77.34683, 12.97454], [77.34759, 12.97428], [77.34818, 12.97458], [77.34873, 12.97505], [77.35001, 12.97582], [77.35142, 12.97581], [77.35184, 12.97589], [77.3525, 12.97622], [77.35276, 12.9764], [77.35361, 12.97754], [77.35434, 12.979], [77.35526, 12.98083], [77.35548, 12.98204], [77.3554, 12.98298], [77.35532, 12.98405], [77.35544, 12.98522], [77.3559, 12.98605], [77.35716, 12.98625], [77.35806, 12.98674], [77.35874, 12.98769], [77.35943, 12.98862], [77.36017, 12.98928], [77.36073, 12.98954], [77.36112, 12.98955], [77.36176, 12.98905], [77.36241, 12.98876], [77.3633, 12.98802], [77.3641, 12.98746], [77.36494, 12.98722], [77.36522, 12.98741], [77.36549, 12.9879], [77.36582, 12.98923], [77.36621, 12.9904], [77.3666, 12.991], [77.36728, 12.99125], [77.36829, 12.99111], [77.36928, 12.99117], [77.37073, 12.99168], [77.37182, 12.99214], [77.37636, 12.99359], [77.3774, 12.99369], [77.37904, 12.99408], [77.37986, 12.99453], [77.38061, 12.9954], [77.38123, 12.99598], [77.38183, 12.99614], [77.38244, 12.99614], [77.383, 12.99602], [77.38371, 12.99549], [77.38469, 12.99506], [77.38525, 12.99495], [77.38585, 12.99408], [77.38644, 12.99383], [77.38696, 12.99349], [77.38804, 12.99359], [77.38875, 12.99367], [77.38929, 12.99365], [77.38952, 12.99353], [77.39004, 12.99324], [77.39019, 12.99262], [77.39047, 12.99318], [77.39133, 12.99383], [77.39139, 12.99453], [77.39145, 12.99516], [77.39156, 12.99557], [77.39195, 12.99645], [77.3921, 12.99667], [77.39322, 12.99653], [77.39341, 12.9962], [77.39395, 12.99643], [77.39439, 12.99604], [77.39495, 12.99618], [77.39535, 12.99671], [77.39672, 12.99649], [77.39847, 12.99635], [77.40005, 12.99642], [77.40049, 12.99632], [77.40132, 12.99612], [77.40249, 12.99604], [77.40365, 12.99585], [77.40426, 12.9958], [77.40494, 12.99568], [77.40581, 12.99561], [77.40657, 12.99546], [77.40687, 12.99531], [77.40815, 12.99451], [77.40936, 12.99384], [77.41075, 12.99284], [77.41148, 12.99253], [77.41217, 12.99235], [77.4125, 12.99078], [77.41392, 12.99006], [77.41569, 12.98959], [77.41708, 12.98906], [77.41997, 12.98849], [77.42285, 12.98763], [77.42406, 12.98716], [77.42471, 12.98655], [77.42552, 12.9858], [77.42589, 12.98554], [77.42745, 12.98449], [77.42884, 12.98353], [77.42976, 12.98334], [77.43146, 12.98316], [77.43251, 12.9831], [77.43348, 12.98289], [77.4343, 12.98283], [77.43502, 12.98265], [77.43565, 12.98255], [77.43684, 12.98247], [77.43854, 12.98242], [77.44078, 12.98252], [77.44084, 12.98114], [77.44084, 12.97854], [77.44088, 12.97709], [77.441, 12.97417], [77.44095, 12.97361], [77.44093, 12.97038], [77.44089, 12.96931], [77.44071, 12.96776], [77.44095, 12.96647], [77.44083, 12.96596], [77.4408, 12.96517], [77.44072, 12.96413], [77.4406, 12.96288], [77.4403, 12.96204], [77.4398, 12.96149], [77.439, 12.96094], [77.44028, 12.96084], [77.44247, 12.96078], [77.44455, 12.96078], [77.44597, 12.96076], [77.44724, 12.96055], [77.44857, 12.96018], [77.44969, 12.9599], [77.45059, 12.95961], [77.4519, 12.95926], [77.45327, 12.95892], [77.45423, 12.9587], [77.45499, 12.95856], [77.45584, 12.95821], [77.45649, 12.95802], [77.45716, 12.95769], [77.458, 12.95752], [77.45916, 12.95731], [77.45975, 12.95708], [77.45985, 12.956], [77.45982, 12.95539], [77.4598, 12.95443], [77.45957, 12.95398], [77.45938, 12.95369], [77.45935, 12.95317], [77.45921, 12.95225], [77.45879, 12.95157], [77.45829, 12.95094], [77.45789, 12.95061], [77.45989, 12.95005], [77.46239, 12.94928], [77.46465, 12.94907], [77.46649, 12.94891], [77.46886, 12.94862], [77.47062, 12.94797], [77.472, 12.94801], [77.47371, 12.94801], [77.47514, 12.94813], [77.47664, 12.94805], [77.4785, 12.94807], [77.47918, 12.94805], [77.47993, 12.94754], [77.4806, 12.94658], [77.48147, 12.94582], [77.48191, 12.94551], [77.48305, 12.94464], [77.4842, 12.94441], [77.48549, 12.94421], [77.48638, 12.94531], [77.48724, 12.94655], [77.48805, 12.9479], [77.48879, 12.94916], [77.49043, 12.94792], [77.49251, 12.94682], [77.4941, 12.94706], [77.49568, 12.94743], [77.49705, 12.9473], [77.49891, 12.9471], [77.50073, 12.94661], [77.50135, 12.94649], [77.50239, 12.94679], [77.50258, 12.94685], [77.5045, 12.94737], [77.50507, 12.94766], [77.50599, 12.94762], [77.50695, 12.94733], [77.50783, 12.94741], [77.50857, 12.94769], [77.5095, 12.94813], [77.51007, 12.94821], [77.51202, 12.94853], [77.5159, 12.94918], [77.51985, 12.95001], [77.51996, 12.95003], [77.52122, 12.95011], [77.52258, 12.94949], [77.52537, 12.94922], [77.52714, 12.94863], [77.52795, 12.94805], [77.52841, 12.9486], [77.52828, 12.95003], [77.5285, 12.95256], [77.529, 12.95505], [77.53661, 12.95365], [77.53742, 12.95322], [77.53775, 12.95194], [77.53801, 12.95108], [77.53792, 12.94922], [77.53814, 12.94774], [77.53801, 12.94661], [77.53779, 12.94537], [77.53902, 12.94529], [77.53927, 12.94661], [77.53978, 12.94669], [77.54008, 12.94525], [77.54055, 12.94522], [77.54071, 12.9456], [77.54185, 12.94549], [77.54198, 12.94747], [77.54333, 12.94708], [77.54359, 12.94766], [77.54511, 12.94704], [77.54554, 12.94909], [77.5456, 12.94964], [77.54567, 12.94999], [77.54564, 12.95028], [77.54545, 12.95057], [77.54525, 12.95082], [77.54585, 12.95134], [77.5463, 12.95154], [77.54712, 12.95169], [77.54754, 12.95175], [77.54805, 12.95167], [77.54849, 12.95156], [77.5489, 12.95153], [77.54878, 12.95123], [77.54872, 12.95096], [77.5489, 12.95068], [77.54941, 12.95043], [77.54947, 12.95039], [77.55019, 12.9499], [77.54989, 12.94772], [77.54987, 12.94708], [77.54969, 12.94595], [77.54955, 12.94534], [77.54955, 12.94483], [77.54969, 12.94426], [77.54974, 12.94379], [77.54981, 12.94335], [77.55006, 12.94262], [77.55004, 12.94195], [77.55007, 12.9414], [77.54958, 12.94057], [77.54958, 12.94056], [77.54952, 12.93991], [77.54741, 12.93982], [77.54717, 12.93405], [77.54743, 12.93425], [77.54778, 12.9344], [77.54802, 12.93435], [77.54907, 12.93437], [77.55012, 12.93459], [77.55056, 12.93458], [77.55104, 12.93444], [77.55152, 12.93415], [77.55203, 12.9335], [77.55301, 12.93294], [77.55324, 12.93294], [77.55382, 12.93336], [77.5543, 12.93379], [77.55493, 12.93449], [77.55544, 12.93504], [77.5569, 12.93493], [77.55726, 12.93497], [77.5576, 12.93512], [77.55842, 12.93546], [77.55888, 12.93492], [77.55886, 12.93428], [77.55997, 12.93399], [77.56075, 12.93437], [77.56134, 12.93478], [77.56159, 12.93496], [77.56174, 12.93422], [77.56206, 12.93381], [77.56261, 12.93391], [77.56303, 12.93352], [77.56337, 12.93333], [77.56347, 12.93421], [77.5636, 12.93504], [77.56372, 12.9354], [77.56427, 12.93682], [77.5647, 12.9373], [77.56543, 12.93839], [77.56566, 12.93877], [77.56729, 12.93882], [77.56737, 12.93608], [77.57193, 12.93595], [77.57193, 12.93637], [77.57543, 12.93635], [77.57998, 12.93625], [77.58193, 12.93624], [77.5851, 12.93623], [77.58528, 12.93621], [77.58723, 12.93604], [77.58822, 12.93729], [77.59141, 12.93723], [77.59301, 12.9384], [77.59427, 12.93913], [77.59482, 12.93937], [77.59604, 12.93942], [77.59672, 12.93944], [77.59719, 12.93944], [77.59706, 12.94045], [77.59693, 12.94158], [77.59676, 12.94332], [77.59744, 12.94503], [77.59786, 12.94553], [77.59845, 12.94615], [77.59853, 12.94685], [77.59853, 12.94805], [77.59993, 12.94968], [77.5931, 12.95476], [77.59333, 12.9553], [77.59398, 12.95685], [77.59588, 12.95604], [77.59715, 12.95557], [77.60056, 12.95348], [77.60292, 12.95212], [77.60448, 12.95119], [77.60525, 12.95078], [77.60608, 12.95033], [77.60714, 12.95018], [77.60744, 12.95013], [77.60991, 12.94972], [77.61068, 12.9496], [77.61118, 12.94971], [77.61266, 12.95029], [77.61422, 12.95084], [77.6154, 12.95095], [77.61687, 12.95084], [77.61725, 12.9508], [77.61759, 12.9513], [77.61818, 12.9532], [77.61861, 12.95294], [77.61949, 12.95239], [77.62005, 12.95208], [77.62075, 12.95169], [77.62186, 12.95113], [77.62206, 12.95103], [77.62265, 12.95064], [77.62341, 12.95041], [77.62417, 12.95018], [77.62543, 12.94975], [77.6261, 12.94944], [77.62653, 12.94924], [77.62751, 12.94848], [77.62827, 12.94758], [77.62869, 12.94708], [77.62937, 12.94576], [77.63109, 12.94278], [77.63215, 12.94048], [77.633, 12.93891], [77.63337, 12.93824], [77.6345, 12.93633], [77.63472, 12.93608], [77.63514, 12.9356], [77.63594, 12.93514], [77.63707, 12.9337], [77.63809, 12.93265], [77.63906, 12.93164], [77.63982, 12.93102], [77.64032, 12.93071], [77.64087, 12.93067], [77.64264, 12.9311], [77.64319, 12.93068], [77.64372, 12.93036], [77.64501, 12.93134], [77.65025, 12.93329], [77.65287, 12.93456], [77.65447, 12.93533], [77.65683, 12.93634], [77.65848, 12.93715], [77.65907, 12.93769]]]}}, {"type": "Feature", "properties": {"taluk": "Bengaluru East", "district": "Bengaluru Urban", "state": "Karnataka"}, "geometry": {"type": "Polygon", "coordinates": [[[77.75241, 13.11475], [77.75259, 13.11449], [77.75291, 13.11422], [77.75333, 13.11407], [77.75378, 13.11393], [77.75411, 13.11373], [77.75428, 13.11352], [77.75449, 13.1134], [77.75475, 13.11333], [77.755, 13.11332], [77.75537, 13.11345], [77.75583, 13.11368], [77.75615, 13.11376], [77.75658, 13.11378], [77.75713, 13.11367], [77.75751, 13.11358], [77.7584, 13.11349], [77.75914, 13.11347], [77.75954, 13.11347], [77.76033, 13.11347], [77.76073, 13.11348], [77.76111, 13.11347], [77.76138, 13.11339], [77.76156, 13.11289], [77.76172, 13.11236], [77.76203, 13.11137], [77.76245, 13.11018], [77.76274, 13.10916], [77.76304, 13.10828], [77.76338, 13.10815], [77.76398, 13.108], [77.76453, 13.10786], [77.76503, 13.10776], [77.76504, 13.10679], [77.76497, 13.1057], [77.76387, 13.10436], [77.76351, 13.10391], [77.76347, 13.10262], [77.76344, 13.10159], [77.7634, 13.10015], [77.76339, 13.0991], [77.76343, 13.09866], [77.76488, 13.09726], [77.76483, 13.09682], [77.76473, 13.0958], [77.76471, 13.09495], [77.76464, 13.09413], [77.7656, 13.09242], [77.76629, 13.0909], [77.76655, 13.09025], [77.76663, 13.08965], [77.76663, 13.08957], [77.76659, 13.08875], [77.76664, 13.08819], [77.76677, 13.0877], [77.76679, 13.08698], [77.76682, 13.08619], [77.76687, 13.08572], [77.76689, 13.08553], [77.76692, 13.085], [77.7669, 13.08457], [77.76675, 13.08432], [77.76639, 13.08404], [77.76562, 13.08357], [77.76455, 13.08313], [77.76342, 13.08267], [77.76219, 13.08226], [77.7613, 13.08205], [77.76042, 13.0819], [77.75956, 13.08178], [77.76019, 13.08028], [77.76061, 13.0788], [77.76075, 13.07784], [77.76079, 13.07771], [77.76096, 13.07711], [77.76121, 13.07643], [77.76126, 13.0757], [77.76093, 13.07489], [77.76056, 13.07425], [77.76026, 13.07377], [77.76126, 13.07277], [77.76212, 13.07193], [77.76273, 13.07136], [77.76389, 13.06992], [77.76528, 13.068], [77.76642, 13.06668], [77.76675, 13.06624], [77.76679, 13.06618], [77.76739, 13.06507], [77.76761, 13.06459], [77.76777, 13.06375], [77.76776, 13.06291], [77.76751, 13.06175], [77.76741, 13.06047], [77.76744, 13.0592], [77.76755, 13.05808], [77.76793, 13.05721], [77.76957, 13.05534], [77.77057, 13.05439], [77.77101, 13.05368], [77.77099, 13.05339], [77.77092, 13.05222], [77.77099, 13.05008], [77.77104, 13.0489], [77.77132, 13.04792], [77.77347, 13.04826], [77.77431, 13.04657], [77.77478, 13.04561], [77.77567, 13.04388], [77.77639, 13.04197], [77.77728, 13.03993], [77.77775, 13.03815], [77.77792, 13.03744], [77.77832, 13.03585], [77.77979, 13.03551], [77.78064, 13.03518], [77.78066, 13.03517], [77.78077, 13.03476], [77.78094, 13.03431], [77.78106, 13.03381], [77.78107, 13.03348], [77.78085, 13.03323], [77.78056, 13.03301], [77.78043, 13.03282], [77.78044, 13.03254], [77.78074, 13.03198], [77.78113, 13.03153], [77.78139, 13.03119], [77.78138, 13.03119], [77.78067, 13.03081], [77.77938, 13.03003], [77.77841, 13.0293], [77.77815, 13.02904], [77.77764, 13.02819], [77.77736, 13.02745], [77.77711, 13.02687], [77.77695, 13.02636], [77.77663, 13.02439], [77.77646, 13.02304], [77.77631, 13.02174], [77.77628, 13.02117], [77.77545, 13.02121], [77.77508, 13.02041], [77.7748, 13.01989], [77.77449, 13.01964], [77.774, 13.0195], [77.77377, 13.01862], [77.77337, 13.01785], [77.77298, 13.01726], [77.77231, 13.01644], [77.77166, 13.01551], [77.77145, 13.01498], [77.77131, 13.01419], [77.77131, 13.01417], [77.7714, 13.01394], [77.77252, 13.01408], [77.773, 13.01401], [77.77304, 13.01377], [77.77317, 13.01358], [77.77343, 13.01344], [77.77379, 13.01347], [77.77408, 13.01344], [77.77428, 13.01341], [77.77437, 13.01324], [77.77422, 13.01292], [77.77405, 13.0127], [77.77382, 13.01235], [77.77376, 13.01206], [77.77374, 13.0118], [77.77363, 13.0115], [77.77363, 13.01128], [77.77374, 13.01114], [77.77383, 13.01094], [77.77383, 13.01075], [77.77366, 13.01057], [77.77328, 13.01036], [77.77309, 13.01009], [77.77314, 13.00988], [77.77327, 13.0097], [77.77325, 13.00955], [77.77305, 13.00927], [77.77302, 13.00901], [77.77314, 13.00857], [77.77332, 13.00806], [77.77332, 13.00761], [77.77323, 13.00717], [77.77319, 13.00668], [77.7732, 13.00629], [77.77338, 13.00614], [77.77367, 13.00611], [77.77397, 13.00621], [77.77424, 13.00633], [77.77441, 13.00633], [77.77458, 13.00622], [77.77472, 13.00608], [77.77494, 13.00603], [77.77529, 13.00599], [77.77556, 13.00595], [77.77575, 13.0058], [77.77578, 13.00561], [77.77567, 13.00537], [77.77554, 13.00512], [77.77552, 13.00473], [77.7755, 13.00419], [77.77542, 13.00379], [77.77527, 13.00346], [77.7751, 13.0032], [77.77452, 13.00303], [77.7741, 13.00303], [77.77376, 13.00307], [77.77339, 13.00311], [77.77312, 13.00313], [77.77283, 13.00305], [77.77262, 13.00294], [77.77251, 13.00275], [77.77244, 13.00256], [77.77248, 13.00227], [77.7727, 13.00201], [77.7729, 13.00192], [77.77343, 13.00186], [77.77395, 13.00156], [77.77455, 13.00124], [77.77477, 13.00119], [77.77485, 13.00068], [77.77502, 12.99982], [77.77513, 12.99834], [77.77491, 12.99713], [77.77466, 12.99628], [77.77466, 12.99595], [77.77467, 12.9958], [77.77485, 12.99572], [77.77508, 12.99572], [77.77542, 12.99564], [77.77569, 12.99535], [77.77584, 12.99455], [77.77611, 12.99357], [77.77629, 12.99278], [77.77606, 12.992], [77.77587, 12.99105], [77.77569, 12.99028], [77.77578, 12.98953], [77.7758, 12.98942], [77.77606, 12.98936], [77.77624, 12.98927], [77.77636, 12.98879], [77.77633, 12.98808], [77.77614, 12.98748], [77.77602, 12.9869], [77.77601, 12.98686], [77.77611, 12.98613], [77.77657, 12.98555], [77.7767, 12.98508], [77.77661, 12.9843], [77.77638, 12.98353], [77.77639, 12.98274], [77.77651, 12.98189], [77.77702, 12.98119], [77.77732, 12.98004], [77.77748, 12.97903], [77.7775, 12.97849], [77.77759, 12.9783], [77.77774, 12.97828], [77.77818, 12.97835], [77.77851, 12.97813], [77.77879, 12.97763], [77.77869, 12.977], [77.77859, 12.97654], [77.77836, 12.97629], [77.77814, 12.9762], [77.77787, 12.9762], [77.77723, 12.97638], [77.77703, 12.97632], [77.77674, 12.97581], [77.77661, 12.97538], [77.77654, 12.97503], [77.77654, 12.97482], [77.7767, 12.97441], [77.77724, 12.97393], [77.77768, 12.97347], [77.77813, 12.97316], [77.77853, 12.97297], [77.77899, 12.9728], [77.77922, 12.97241], [77.77926, 12.97194], [77.77916, 12.97097], [77.77918, 12.97023], [77.7791, 12.96978], [77.77884, 12.96939], [77.77832, 12.96903], [77.77779, 12.9688], [77.77758, 12.96868], [77.77722, 12.96812], [77.77676, 12.96763], [77.77602, 12.96716], [77.77491, 12.96652], [77.77413, 12.96605], [77.77374, 12.96563], [77.7732, 12.96494], [77.77318, 12.96493], [77.77195, 12.96409], [77.77133, 12.96349], [77.77069, 12.96262], [77.76998, 12.96167], [77.76909, 12.96061], [77.76838, 12.9601], [77.76765, 12.95983], [77.76714, 12.95944], [77.76857, 12.95686], [77.76984, 12.95496], [77.771, 12.95338], [77.77158, 12.95234], [77.77258, 12.9511], [77.77051, 12.94914], [77.76899, 12.94781], [77.76636, 12.94579], [77.76571, 12.94506], [77.76566, 12.94472], [77.76566, 12.94418], [77.76551, 12.94338], [77.76511, 12.94247], [77.7654, 12.94112], [77.76565, 12.93947], [77.76519, 12.93785], [77.76587, 12.93638], [77.76683, 12.93475], [77.76574, 12.9334], [77.76546, 12.92916], [77.76562, 12.92734], [77.76164, 12.92723], [77.75919, 12.92669], [77.7555, 12.92585], [77.75328, 12.92499], [77.75211, 12.92427], [77.75184, 12.92212], [77.74888, 12.92119], [77.74711, 12.92049], [77.74596, 12.91997], [77.7455, 12.91949], [77.74504, 12.91849], [77.74487, 12.91774], [77.74466, 12.91748], [77.74433, 12.913], [77.74447, 12.90862], [77.74255, 12.90849], [77.74146, 12.90743], [77.74035, 12.90667], [77.74012, 12.90545], [77.73974, 12.90353], [77.73949, 12.90228], [77.73936, 12.90101], [77.73953, 12.89898], [77.73994, 12.89467], [77.73993, 12.89419], [77.73992, 12.89391], [77.73986, 12.89367], [77.73975, 12.89327], [77.7393, 12.89177], [77.73848, 12.88825], [77.73837, 12.88628], [77.73786, 12.88566], [77.73743, 12.88446], [77.73682, 12.88203], [77.73606, 12.87969], [77.73576, 12.87836], [77.73546, 12.8772], [77.7352, 12.87638], [77.73453, 12.87524], [77.73402, 12.87427], [77.73365, 12.87383], [77.73327, 12.87369], [77.73313, 12.87364], [77.73234, 12.87364], [77.73148, 12.87378], [77.73091, 12.87394], [77.72953, 12.87456], [77.72821, 12.87531], [77.72668, 12.8762], [77.72548, 12.87684], [77.72459, 12.8771], [77.7231, 12.8774], [77.72186, 12.87769], [77.72134, 12.87783], [77.7206, 12.87767], [77.72057, 12.87766], [77.71993, 12.87756], [77.71944, 12.87759], [77.71863, 12.8781], [77.71752, 12.87856], [77.71695, 12.87872], [77.71618, 12.87691], [77.71439, 12.87761], [77.7126, 12.87829], [77.71198, 12.87754], [77.70945, 12.87763], [77.70695, 12.87766], [77.70575, 12.87805], [77.70512, 12.87832], [77.70437, 12.87824], [77.70295, 12.87836], [77.70037, 12.87885], [77.69898, 12.8788], [77.6985, 12.87878], [77.69645, 12.87883], [77.69287, 12.87965], [77.69221, 12.87981], [77.69112, 12.88028], [77.69085, 12.88049], [77.68956, 12.88151], [77.68899, 12.88198], [77.68842, 12.88231], [77.68784, 12.88259], [77.68867, 12.885], [77.68913, 12.88616], [77.68923, 12.88671], [77.68863, 12.887], [77.68774, 12.88768], [77.68725, 12.88808], [77.68673, 12.88855], [77.68537, 12.88971], [77.68371, 12.89092], [77.6823, 12.89202], [77.68119, 12.89268], [77.68026, 12.89292], [77.67911, 12.89332], [77.67868, 12.89344], [77.67793, 12.89348], [77.67737, 12.89411], [77.67729, 12.89421], [77.67335, 12.89305], [77.66889, 12.89385], [77.66506, 12.89454], [77.66315, 12.89481], [77.66183, 12.89505], [77.66072, 12.89514], [77.65997, 12.89512], [77.65885, 12.89491], [77.65827, 12.89477], [77.65652, 12.89451], [77.65582, 12.89447], [77.65526, 12.89446], [77.65473, 12.8946], [77.65375, 12.89508], [77.65399, 12.89604], [77.6543, 12.89683], [77.65507, 12.89737], [77.65597, 12.89798], [77.65676, 12.89751], [77.65693, 12.89874], [77.65674, 12.89908], [77.65632, 12.89925], [77.65641, 12.90019], [77.65586, 12.90023], [77.65563, 12.90013], [77.6548, 12.90007], [77.65472, 12.90107], [77.6547, 12.90199], [77.65482, 12.9033], [77.65507, 12.90469], [77.65543, 12.90612], [77.65582, 12.9078], [77.65613, 12.90939], [77.65706, 12.90988], [77.65896, 12.9097], [77.65965, 12.91004], [77.66044, 12.91535], [77.66238, 12.91797], [77.6644, 12.91965], [77.66539, 12.92154], [77.6673, 12.92114], [77.66793, 12.92323], [77.66906, 12.92473], [77.66896, 12.92579], [77.66885, 12.92677], [77.66867, 12.92792], [77.66833, 12.92894], [77.66815, 12.92935], [77.6675, 12.92935], [77.66735, 12.92958], [77.66735, 12.93062], [77.66736, 12.93126], [77.66744, 12.93191], [77.66758, 12.93267], [77.66765, 12.93351], [77.668, 12.93653], [77.66821, 12.9387], [77.66831, 12.93984], [77.66671, 12.94006], [77.66463, 12.94077], [77.66238, 12.942], [77.66068, 12.94355], [77.65982, 12.945], [77.65985, 12.94585], [77.65874, 12.94565], [77.6588, 12.94487], [77.65939, 12.94455], [77.6593, 12.9441], [77.65964, 12.94406], [77.6597, 12.94287], [77.66057, 12.94128], [77.66128, 12.94022], [77.6612, 12.93953], [77.66082, 12.93875], [77.65907, 12.93769], [77.6563, 12.93934], [77.65361, 12.94114], [77.65259, 12.94182], [77.64909, 12.94399], [77.64593, 12.94659], [77.64311, 12.94904], [77.64155, 12.95024], [77.64008, 12.95146], [77.6397, 12.95193], [77.63973, 12.95199], [77.63996, 12.95246], [77.6405, 12.95304], [77.64094, 12.95356], [77.64169, 12.95405], [77.64263, 12.9545], [77.64292, 12.95465], [77.64327, 12.95505], [77.64363, 12.95555], [77.64391, 12.9564], [77.644, 12.95711], [77.64383, 12.95784], [77.6435, 12.95829], [77.64306, 12.95886], [77.64294, 12.95917], [77.64279, 12.95965], [77.64281, 12.96005], [77.64272, 12.96061], [77.6426, 12.96107], [77.64242, 12.96155], [77.64224, 12.96199], [77.64221, 12.96228], [77.64222, 12.9625], [77.64237, 12.96287], [77.64272, 12.96341], [77.6428, 12.96377], [77.64286, 12.96442], [77.64311, 12.96572], [77.64319, 12.96611], [77.64303, 12.9666], [77.64285, 12.96697], [77.64249, 12.96784], [77.64244, 12.96833], [77.64251, 12.96882], [77.64269, 12.96946], [77.6428, 12.96975], [77.64307, 12.97046], [77.64321, 12.97144], [77.6431, 12.97228], [77.64262, 12.97229], [77.64212, 12.97241], [77.63896, 12.97293], [77.63891, 12.97358], [77.63717, 12.97368], [77.63696, 12.9747], [77.63771, 12.9752], [77.64009, 12.97571], [77.64075, 12.97657], [77.64334, 12.97698], [77.64335, 12.97719], [77.64337, 12.97804], [77.64344, 12.98017], [77.64402, 12.98025], [77.64434, 12.98336], [77.64433, 12.98573], [77.64521, 12.98836], [77.64392, 12.98864], [77.64307, 12.98884], [77.6426, 12.9888], [77.64175, 12.98869], [77.64074, 12.98854], [77.64047, 12.98857], [77.63978, 12.98874], [77.63956, 12.98877], [77.63931, 12.98874], [77.63907, 12.98864], [77.63716, 12.98904], [77.63688, 12.98854], [77.63584, 12.98851], [77.63361, 12.98843], [77.6337, 12.99012], [77.63235, 12.98988], [77.63137, 12.99019], [77.63206, 12.99336], [77.63334, 12.9932], [77.63372, 12.99522], [77.63468, 12.99985], [77.63491, 13.00043], [77.63526, 13.00124], [77.6375, 13.00432], [77.63813, 13.00504], [77.63937, 13.00647], [77.63872, 13.00801], [77.6386, 13.00983], [77.63887, 13.01303], [77.63921, 13.01424], [77.64079, 13.01436], [77.64114, 13.01622], [77.6411, 13.01703], [77.64151, 13.0204], [77.63701, 13.02665], [77.6383, 13.02988], [77.64003, 13.03243], [77.64098, 13.0337], [77.64191, 13.03473], [77.64271, 13.03566], [77.64352, 13.03599], [77.64414, 13.03633], [77.64435, 13.03745], [77.64315, 13.03745], [77.64313, 13.03747], [77.64275, 13.03823], [77.64166, 13.03828], [77.64174, 13.03934], [77.64175, 13.03995], [77.6417, 13.04089], [77.64161, 13.04181], [77.64146, 13.04234], [77.64134, 13.04252], [77.64105, 13.04296], [77.63996, 13.0431], [77.63865, 13.04322], [77.63742, 13.04262], [77.637, 13.04184], [77.63698, 13.04136], [77.63707, 13.04098], [77.63704, 13.0406], [77.63629, 13.04056], [77.63584, 13.04098], [77.63561, 13.04125], [77.63545, 13.04141], [77.63521, 13.04159], [77.63491, 13.04169], [77.63459, 13.04163], [77.63444, 13.04136], [77.63422, 13.04131], [77.63408, 13.04142], [77.63394, 13.04151], [77.63348, 13.04147], [77.63291, 13.04165], [77.63274, 13.04204], [77.63249, 13.04237], [77.63209, 13.04255], [77.63161, 13.04237], [77.63115, 13.04227], [77.6307, 13.04252], [77.62942, 13.0421], [77.62911, 13.04212], [77.62919, 13.04349], [77.62919, 13.04378], [77.62903, 13.04405], [77.62866, 13.04436], [77.62837, 13.04495], [77.62783, 13.04566], [77.62759, 13.04574], [77.62701, 13.04594], [77.62641, 13.04634], [77.62596, 13.04665], [77.62503, 13.04707], [77.62418, 13.0472], [77.62382, 13.04714], [77.62354, 13.04703], [77.62306, 13.047], [77.62273, 13.04698], [77.62204, 13.04711], [77.62171, 13.04729], [77.62042, 13.04787], [77.61931, 13.04828], [77.61776, 13.04833], [77.6172, 13.04817], [77.61624, 13.04791], [77.6146, 13.04822], [77.6136, 13.04826], [77.61252, 13.04797], [77.61184, 13.04793], [77.61127, 13.0475], [77.61096, 13.04692], [77.61008, 13.04678], [77.60922, 13.0469], [77.60868, 13.05066], [77.608, 13.05135], [77.60729, 13.05208], [77.60525, 13.05278], [77.60238, 13.05399], [77.60007, 13.05517], [77.6003, 13.05645], [77.60334, 13.06036], [77.60519, 13.06089], [77.60562, 13.06234], [77.60798, 13.06375], [77.60915, 13.06686], [77.61541, 13.06325], [77.61659, 13.0624], [77.61881, 13.06276], [77.61978, 13.06313], [77.62079, 13.06352], [77.62239, 13.06452], [77.62589, 13.06866], [77.62688, 13.07072], [77.62819, 13.07318], [77.62936, 13.07263], [77.6303, 13.07241], [77.63211, 13.07247], [77.633, 13.07465], [77.6335, 13.07628], [77.63384, 13.07742], [77.63785, 13.07568], [77.63858, 13.07553], [77.63941, 13.07663], [77.63962, 13.07685], [77.64005, 13.07632], [77.641, 13.07735], [77.6426, 13.07729], [77.64455, 13.07705], [77.64469, 13.07933], [77.64351, 13.08064], [77.64527, 13.08315], [77.64668, 13.08517], [77.6462, 13.08651], [77.64141, 13.08721], [77.64285, 13.08938], [77.64367, 13.09116], [77.64572, 13.09427], [77.64711, 13.09649], [77.64896, 13.10268], [77.64936, 13.10417], [77.64422, 13.1059], [77.6432, 13.10595], [77.64155, 13.10598], [77.63993, 13.10592], [77.63879, 13.10602], [77.63687, 13.10654], [77.63753, 13.10873], [77.63858, 13.11326], [77.63957, 13.11391], [77.6416, 13.11407], [77.64327, 13.11442], [77.64369, 13.11421], [77.64452, 13.1141], [77.64558, 13.1141], [77.64565, 13.1141], [77.64552, 13.11304], [77.64747, 13.11301], [77.64915, 13.11297], [77.64949, 13.11336], [77.64971, 13.11341], [77.65031, 13.11297], [77.65109, 13.11283], [77.65243, 13.11264], [77.65487, 13.11201], [77.65647, 13.1116], [77.65946, 13.11132], [77.66057, 13.11105], [77.66023, 13.10912], [77.66236, 13.10878], [77.66463, 13.10888], [77.66523, 13.1089], [77.66795, 13.10905], [77.66967, 13.10928], [77.67093, 13.10813], [77.67263, 13.10691], [77.67378, 13.10503], [77.67705, 13.10177], [77.67768, 13.10127], [77.67799, 13.10032], [77.67944, 13.09991], [77.68168, 13.10022], [77.68592, 13.10212], [77.69166, 13.10438], [77.69498, 13.10468], [77.69745, 13.10545], [77.7004, 13.10613], [77.7019, 13.10664], [77.70148, 13.10579], [77.70084, 13.10328], [77.70118, 13.10274], [77.70176, 13.10124], [77.70229, 13.10048], [77.70366, 13.09977], [77.70523, 13.0992], [77.71137, 13.09656], [77.71167, 13.09535], [77.71286, 13.09443], [77.71353, 13.0934], [77.71389, 13.09236], [77.7139, 13.0908], [77.71711, 13.09087], [77.71812, 13.09114], [77.71841, 13.09131], [77.71983, 13.09153], [77.72084, 13.09167], [77.72164, 13.09146], [77.72195, 13.0915], [77.72208, 13.09151], [77.72277, 13.0917], [77.72207, 13.09576], [77.72201, 13.10115], [77.72161, 13.1056], [77.72167, 13.10635], [77.72176, 13.10738], [77.72306, 13.11207], [77.72899, 13.11364], [77.73231, 13.11477], [77.73572, 13.1148], [77.74045, 13.11484], [77.74274, 13.11455], [77.74508, 13.11494], [77.74845, 13.11573], [77.74887, 13.11586], [77.75004, 13.11631], [77.75046, 13.11621], [77.75124, 13.11578], [77.75199, 13.11518], [77.75241, 13.11475]]]}}, {"type": "Feature", "properties": {"taluk": "Anekal", "district": "Bengaluru Urban", "state": "Karnataka"}, "geometry": {"type": "Polygon", "coordinates": [[[77.77808, 12.93049], [77.77829, 12.93009], [77.7784, 12.93009], [77.77862, 12.92975], [77.77882, 12.92887], [77.77912, 12.92885], [77.78046, 12.92884], [77.78172, 12.92878], [77.78214, 12.92853], [77.78219, 12.92836], [77.78208, 12.92805], [77.78394, 12.92767], [77.78628, 12.9269], [77.78843, 12.92639], [77.78977, 12.92603], [77.79054, 12.92591], [77.79214, 12.92577], [77.79327, 12.92577], [77.79458, 12.92566], [77.79642, 12.92548], [77.7976, 12.9253], [77.79809, 12.92521], [77.79797, 12.92366], [77.79774, 12.91989], [77.79751, 12.91825], [77.79904, 12.91835], [77.80118, 12.91852], [77.80237, 12.91889], [77.80307, 12.91933], [77.80372, 12.92064], [77.80484, 12.92301], [77.8058, 12.92483], [77.80595, 12.92505], [77.80631, 12.92589], [77.80704, 12.92743], [77.80809, 12.92944], [77.80855, 12.93059], [77.80902, 12.93141], [77.80943, 12.93222], [77.80964, 12.93265], [77.81028, 12.93288], [77.81053, 12.93295], [77.81077, 12.93302], [77.81096, 12.93313], [77.81188, 12.93202], [77.81238, 12.93109], [77.81296, 12.93049], [77.81336, 12.93026], [77.81331, 12.93], [77.81311, 12.92939], [77.8133, 12.92906], [77.81443, 12.92834], [77.81581, 12.92768], [77.81622, 12.92725], [77.81634, 12.92683], [77.81633, 12.92641], [77.8182, 12.92646], [77.81978, 12.92686], [77.82123, 12.92784], [77.82219, 12.92858], [77.82294, 12.92934], [77.82447, 12.92865], [77.82581, 12.92792], [77.82742, 12.92751], [77.82893, 12.92697], [77.83063, 12.92672], [77.83228, 12.92661], [77.83192, 12.92367], [77.83136, 12.92157], [77.83052, 12.92013], [77.82993, 12.91965], [77.8288, 12.91949], [77.82788, 12.91988], [77.82729, 12.92003], [77.82696, 12.92026], [77.82696, 12.9208], [77.82694, 12.92116], [77.82668, 12.92126], [77.82593, 12.92097], [77.82526, 12.92086], [77.82453, 12.92086], [77.82379, 12.92107], [77.82336, 12.92148], [77.82268, 12.92172], [77.8217, 12.92172], [77.82059, 12.92171], [77.81925, 12.92168], [77.81812, 12.92166], [77.81675, 12.92141], [77.81671, 12.92055], [77.81675, 12.9202], [77.8168, 12.91996], [77.81696, 12.91973], [77.81749, 12.91917], [77.81781, 12.91867], [77.81776, 12.91834], [77.81739, 12.91768], [77.81647, 12.91624], [77.81626, 12.91527], [77.81621, 12.91465], [77.81645, 12.91419], [77.81673, 12.91392], [77.81732, 12.91362], [77.81808, 12.91339], [77.81841, 12.91326], [77.81961, 12.91282], [77.82046, 12.91232], [77.82078, 12.91178], [77.82105, 12.9108], [77.82105, 12.91079], [77.82105, 12.91074], [77.82095, 12.90949], [77.82095, 12.90841], [77.82095, 12.90835], [77.82095, 12.90835], [77.82128, 12.90783], [77.82173, 12.90735], [77.82186, 12.90685], [77.82189, 12.90654], [77.82189, 12.90649], [77.82189, 12.90649], [77.8214, 12.90569], [77.82116, 12.90526], [77.8211, 12.90485], [77.8211, 12.90482], [77.8211, 12.9048], [77.82126, 12.90402], [77.82137, 12.90361], [77.82139, 12.90289], [77.82139, 12.90288], [77.82139, 12.90283], [77.82139, 12.90282], [77.82137, 12.90276], [77.8212, 12.90222], [77.82116, 12.90189], [77.82115, 12.90185], [77.82116, 12.90183], [77.82124, 12.90163], [77.82159, 12.90156], [77.82249, 12.90146], [77.82295, 12.9011], [77.82383, 12.89954], [77.82438, 12.89857], [77.82505, 12.89767], [77.82519, 12.89717], [77.8252, 12.89714], [77.82519, 12.89711], [77.82506, 12.89668], [77.82467, 12.89576], [77.82466, 12.89573], [77.82467, 12.8957], [77.82478, 12.89529], [77.82516, 12.89464], [77.82563, 12.89429], [77.8265, 12.89356], [77.82741, 12.89303], [77.82781, 12.89265], [77.82818, 12.89181], [77.82857, 12.89082], [77.82909, 12.89007], [77.82944, 12.88987], [77.82944, 12.88986], [77.82984, 12.88942], [77.82995, 12.88902], [77.83002, 12.88815], [77.83024, 12.88734], [77.83047, 12.88669], [77.83049, 12.88663], [77.83142, 12.88433], [77.83182, 12.88349], [77.83204, 12.88278], [77.8321, 12.88216], [77.83125, 12.88033], [77.83025, 12.87911], [77.82967, 12.87836], [77.82954, 12.87773], [77.82963, 12.87747], [77.8308, 12.87735], [77.83149, 12.87695], [77.83168, 12.87669], [77.83177, 12.87485], [77.83229, 12.87395], [77.83302, 12.87313], [77.83455, 12.87172], [77.83594, 12.87087], [77.83603, 12.87065], [77.83601, 12.87033], [77.83601, 12.87033], [77.83558, 12.86997], [77.83389, 12.86898], [77.83287, 12.86825], [77.83242, 12.86795], [77.83216, 12.86752], [77.8321, 12.86703], [77.83201, 12.86606], [77.83199, 12.86552], [77.83177, 12.86504], [77.83176, 12.86422], [77.83205, 12.86345], [77.83238, 12.86301], [77.83245, 12.86274], [77.83251, 12.86228], [77.83247, 12.86209], [77.83246, 12.86205], [77.83246, 12.86204], [77.83139, 12.86187], [77.83012, 12.86161], [77.82945, 12.86152], [77.8291, 12.86144], [77.82856, 12.86128], [77.828, 12.86095], [77.82733, 12.86042], [77.82669, 12.85999], [77.82638, 12.85989], [77.82579, 12.85994], [77.8257, 12.85955], [77.82507, 12.85915], [77.82415, 12.85786], [77.82344, 12.85646], [77.82309, 12.85586], [77.82308, 12.85584], [77.82308, 12.85584], [77.82148, 12.85588], [77.82066, 12.85595], [77.8177, 12.85603], [77.8164, 12.85612], [77.8161, 12.85608], [77.81555, 12.85579], [77.81476, 12.8552], [77.81279, 12.85347], [77.8112, 12.85207], [77.81053, 12.85123], [77.80984, 12.84952], [77.80942, 12.84876], [77.8094, 12.84872], [77.8094, 12.84872], [77.80792, 12.84767], [77.80792, 12.84767], [77.80656, 12.84829], [77.80348, 12.84999], [77.80348, 12.84999], [77.80226, 12.85045], [77.80132, 12.85076], [77.79911, 12.85154], [77.79871, 12.85053], [77.79755, 12.8469], [77.79675, 12.84478], [77.79556, 12.84517], [77.79556, 12.84517], [77.79489, 12.84562], [77.79489, 12.84562], [77.79431, 12.84467], [77.79391, 12.844], [77.79358, 12.84344], [77.7932, 12.84301], [77.7932, 12.84301], [77.79273, 12.84325], [77.79273, 12.84325], [77.79246, 12.8427], [77.79246, 12.84213], [77.79355, 12.83943], [77.79418, 12.83815], [77.79467, 12.83691], [77.79528, 12.83571], [77.7959, 12.83453], [77.7959, 12.83453], [77.79695, 12.83424], [77.79815, 12.83383], [77.79908, 12.83345], [77.79992, 12.83354], [77.8007, 12.83349], [77.80225, 12.83315], [77.80325, 12.83289], [77.80454, 12.8326], [77.80621, 12.8322], [77.80669, 12.83213], [77.80669, 12.83213], [77.80669, 12.83213], [77.80889, 12.83165], [77.80988, 12.83153], [77.80988, 12.83153], [77.80981, 12.8306], [77.80955, 12.82867], [77.80901, 12.82646], [77.8085, 12.82483], [77.80796, 12.82304], [77.80886, 12.81934], [77.80951, 12.81702], [77.80952, 12.81697], [77.80952, 12.81696], [77.8099, 12.81553], [77.80802, 12.81591], [77.805, 12.81653], [77.80216, 12.817], [77.80197, 12.81559], [77.8018, 12.81458], [77.80143, 12.81353], [77.8002, 12.80854], [77.80012, 12.80832], [77.79973, 12.80522], [77.79973, 12.80522], [77.8012, 12.80507], [77.80299, 12.80481], [77.80339, 12.80481], [77.8034, 12.80481], [77.8033, 12.8037], [77.80337, 12.80275], [77.80337, 12.80275], [77.80415, 12.80283], [77.80415, 12.80283], [77.80449, 12.8016], [77.805, 12.79989], [77.8051, 12.7996], [77.8051, 12.7996], [77.80534, 12.7995], [77.80617, 12.79945], [77.80728, 12.79939], [77.80728, 12.79939], [77.80729, 12.79874], [77.80732, 12.79805], [77.80765, 12.79753], [77.80807, 12.79706], [77.80854, 12.79673], [77.80838, 12.79643], [77.80786, 12.79634], [77.80781, 12.796], [77.80764, 12.79525], [77.80764, 12.79494], [77.80738, 12.79482], [77.80704, 12.7948], [77.80687, 12.79431], [77.8068, 12.79412], [77.80667, 12.79406], [77.80665, 12.79406], [77.80665, 12.79406], [77.80661, 12.79408], [77.80639, 12.79415], [77.80616, 12.79424], [77.80612, 12.79426], [77.80599, 12.79425], [77.80553, 12.79424], [77.80546, 12.79423], [77.80532, 12.7942], [77.80513, 12.79416], [77.80482, 12.79409], [77.80454, 12.79401], [77.80403, 12.79423], [77.80403, 12.79423], [77.80345, 12.79504], [77.8033, 12.79533], [77.80317, 12.7956], [77.80285, 12.79601], [77.80285, 12.79602], [77.8026, 12.79614], [77.80221, 12.79626], [77.80172, 12.79624], [77.80135, 12.7961], [77.80093, 12.79541], [77.80073, 12.79482], [77.80037, 12.79443], [77.80018, 12.79443], [77.80018, 12.79443], [77.80002, 12.79486], [77.79985, 12.79548], [77.79948, 12.79568], [77.79948, 12.79568], [77.79923, 12.79567], [77.79856, 12.79512], [77.79829, 12.79483], [77.79707, 12.79354], [77.79597, 12.79236], [77.7952, 12.79144], [77.79424, 12.78999], [77.79292, 12.78798], [77.79181, 12.78499], [77.79129, 12.78308], [77.79124, 12.78295], [77.7907, 12.78297], [77.79043, 12.78286], [77.79029, 12.78257], [77.79008, 12.7823], [77.79005, 12.78227], [77.79005, 12.78227], [77.78941, 12.78137], [77.78937, 12.7812], [77.78957, 12.78082], [77.78965, 12.78051], [77.78954, 12.78016], [77.78891, 12.7794], [77.78804, 12.7786], [77.78749, 12.77832], [77.78712, 12.7782], [77.78676, 12.77762], [77.78674, 12.77758], [77.78674, 12.77758], [77.78542, 12.77626], [77.78441, 12.77436], [77.78413, 12.77396], [77.78362, 12.7736], [77.78294, 12.77282], [77.78156, 12.77134], [77.78069, 12.77017], [77.77942, 12.76873], [77.77884, 12.76801], [77.77878, 12.76776], [77.77878, 12.76776], [77.77953, 12.76779], [77.77954, 12.76779], [77.77995, 12.76748], [77.78067, 12.76657], [77.78099, 12.76573], [77.78129, 12.7654], [77.78182, 12.76507], [77.78182, 12.76507], [77.78272, 12.76468], [77.78306, 12.76455], [77.78306, 12.76455], [77.78282, 12.76395], [77.78282, 12.76363], [77.78321, 12.76331], [77.7845, 12.76238], [77.7845, 12.76238], [77.78539, 12.76196], [77.78609, 12.76161], [77.78698, 12.76117], [77.78984, 12.75991], [77.79207, 12.7589], [77.79372, 12.75807], [77.79372, 12.75807], [77.79428, 12.75777], [77.79428, 12.75777], [77.79439, 12.75762], [77.79437, 12.75758], [77.79437, 12.75757], [77.79436, 12.75753], [77.79436, 12.75753], [77.7941, 12.75563], [77.79351, 12.75314], [77.79304, 12.7519], [77.79283, 12.75129], [77.79354, 12.75095], [77.79359, 12.75061], [77.79363, 12.75034], [77.7936, 12.75], [77.79342, 12.74944], [77.79315, 12.74865], [77.79296, 12.74818], [77.79274, 12.74786], [77.79242, 12.74744], [77.79212, 12.74714], [77.79206, 12.74707], [77.79203, 12.74704], [77.79162, 12.74669], [77.7909, 12.74627], [77.79063, 12.74611], [77.78951, 12.74538], [77.78876, 12.74476], [77.7876, 12.74398], [77.78636, 12.74313], [77.78603, 12.74285], [77.78587, 12.74271], [77.78491, 12.74209], [77.78423, 12.74163], [77.78369, 12.74129], [77.78362, 12.74125], [77.7836, 12.74124], [77.78356, 12.74121], [77.78355, 12.74121], [77.78296, 12.74146], [77.78287, 12.74149], [77.78216, 12.7417], [77.78148, 12.74179], [77.78085, 12.74194], [77.78006, 12.74202], [77.7794, 12.74194], [77.77878, 12.7418], [77.7782, 12.74164], [77.77775, 12.74131], [77.77747, 12.74106], [77.77737, 12.74097], [77.77707, 12.74071], [77.77682, 12.74059], [77.77637, 12.74052], [77.77559, 12.7405], [77.77481, 12.74049], [77.77396, 12.74046], [77.77314, 12.74053], [77.77194, 12.74051], [77.77097, 12.74045], [77.77047, 12.74041], [77.77013, 12.74039], [77.76945, 12.74029], [77.7689, 12.74015], [77.76835, 12.74003], [77.76793, 12.73981], [77.76765, 12.73966], [77.76642, 12.73914], [77.7659, 12.73889], [77.76568, 12.73878], [77.76557, 12.73871], [77.76497, 12.73835], [77.76495, 12.73834], [77.76444, 12.73795], [77.76429, 12.73782], [77.7641, 12.73763], [77.76333, 12.73689], [77.76296, 12.7363], [77.76281, 12.73607], [77.76242, 12.73531], [77.76207, 12.73443], [77.7617, 12.73333], [77.76153, 12.73262], [77.76146, 12.73224], [77.76143, 12.73203], [77.76129, 12.73113], [77.76124, 12.73087], [77.76115, 12.73041], [77.76109, 12.72951], [77.76104, 12.72841], [77.76108, 12.72757], [77.76109, 12.72749], [77.7612, 12.72737], [77.76158, 12.72721], [77.76273, 12.72702], [77.76457, 12.72663], [77.76643, 12.7263], [77.76724, 12.72611], [77.76812, 12.72589], [77.7689, 12.72549], [77.76905, 12.72541], [77.76956, 12.72516], [77.76994, 12.72506], [77.77031, 12.72498], [77.77068, 12.72491], [77.77114, 12.72477], [77.77163, 12.72466], [77.77261, 12.72452], [77.77351, 12.72439], [77.77445, 12.72421], [77.77401, 12.72361], [77.7732, 12.72248], [77.77234, 12.72124], [77.77163, 12.72019], [77.7707, 12.71868], [77.77032, 12.71787], [77.77011, 12.71706], [77.77006, 12.7169], [77.77, 12.71666], [77.76977, 12.71567], [77.76957, 12.71445], [77.7695, 12.71333], [77.76952, 12.71301], [77.76955, 12.71252], [77.76948, 12.71259], [77.76875, 12.71324], [77.7686, 12.71341], [77.76837, 12.71354], [77.76699, 12.71358], [77.76575, 12.71374], [77.76578, 12.71302], [77.76585, 12.71209], [77.76588, 12.71125], [77.766, 12.71022], [77.76616, 12.70937], [77.7662, 12.70883], [77.76612, 12.70799], [77.76581, 12.70652], [77.76542, 12.70504], [77.76519, 12.70416], [77.76508, 12.70341], [77.76507, 12.70337], [77.76492, 12.70255], [77.76481, 12.70184], [77.7647, 12.70108], [77.76449, 12.70058], [77.76392, 12.69964], [77.76341, 12.69908], [77.76267, 12.69837], [77.76247, 12.69817], [77.76186, 12.69767], [77.76175, 12.69758], [77.7608, 12.69701], [77.7608, 12.697], [77.76078, 12.697], [77.76033, 12.69699], [77.75995, 12.69698], [77.75821, 12.69714], [77.75673, 12.69715], [77.75539, 12.69724], [77.75429, 12.69734], [77.75399, 12.69738], [77.75235, 12.6976], [77.75149, 12.69779], [77.75116, 12.69786], [77.75055, 12.69806], [77.74924, 12.69872], [77.74888, 12.699], [77.74848, 12.69911], [77.74694, 12.69941], [77.74609, 12.69954], [77.74407, 12.69974], [77.74213, 12.69985], [77.74068, 12.69987], [77.74028, 12.69988], [77.73988, 12.69988], [77.73948, 12.69977], [77.73913, 12.69963], [77.73863, 12.6992], [77.73746, 12.69775], [77.73645, 12.69603], [77.73533, 12.69426], [77.73518, 12.69402], [77.73518, 12.69402], [77.73502, 12.69371], [77.73492, 12.69329], [77.73488, 12.69315], [77.73495, 12.692], [77.73502, 12.69185], [77.73575, 12.69117], [77.73719, 12.69011], [77.73796, 12.68957], [77.73932, 12.68846], [77.73977, 12.68783], [77.74035, 12.68709], [77.7408, 12.68629], [77.74101, 12.68577], [77.74107, 12.68544], [77.74112, 12.6849], [77.74113, 12.68456], [77.74118, 12.68367], [77.74123, 12.68241], [77.74114, 12.6818], [77.7409, 12.68026], [77.74083, 12.67993], [77.74073, 12.67919], [77.74058, 12.67829], [77.74062, 12.67821], [77.74097, 12.67722], [77.74122, 12.6764], [77.74118, 12.67546], [77.74114, 12.67498], [77.74094, 12.67449], [77.74047, 12.67365], [77.73996, 12.67303], [77.73993, 12.67299], [77.73993, 12.67299], [77.73916, 12.67247], [77.73851, 12.67224], [77.7381, 12.6722], [77.73701, 12.67229], [77.73699, 12.67229], [77.73695, 12.6723], [77.73581, 12.67239], [77.73353, 12.67253], [77.73051, 12.67252], [77.73006, 12.6726], [77.72996, 12.67258], [77.72932, 12.67242], [77.72808, 12.67206], [77.72519, 12.67124], [77.72462, 12.67119], [77.72462, 12.67119], [77.72443, 12.67128], [77.72417, 12.6715], [77.72386, 12.67198], [77.72349, 12.67331], [77.72329, 12.67401], [77.72305, 12.67547], [77.72277, 12.67965], [77.72276, 12.67965], [77.72265, 12.67969], [77.71919, 12.68106], [77.71778, 12.68145], [77.71314, 12.68268], [77.71159, 12.68314], [77.71175, 12.67883], [77.71191, 12.67686], [77.71186, 12.67558], [77.71214, 12.67433], [77.7119, 12.67228], [77.71171, 12.67078], [77.71148, 12.67004], [77.71114, 12.66772], [77.71101, 12.66712], [77.71093, 12.66703], [77.70976, 12.66636], [77.70837, 12.66575], [77.70807, 12.66557], [77.70754, 12.66511], [77.70713, 12.6646], [77.70708, 12.66455], [77.70708, 12.66455], [77.70685, 12.66431], [77.70624, 12.66327], [77.70564, 12.66257], [77.705, 12.66201], [77.70423, 12.6614], [77.70326, 12.66108], [77.70252, 12.66086], [77.70236, 12.66081], [77.70129, 12.66061], [77.69412, 12.66089], [77.69367, 12.66087], [77.69219, 12.66084], [77.69191, 12.66069], [77.69191, 12.66069], [77.69191, 12.66069], [77.69166, 12.66055], [77.69032, 12.65931], [77.68993, 12.65899], [77.68993, 12.65899], [77.68991, 12.65899], [77.68691, 12.65973], [77.68598, 12.65991], [77.68462, 12.66006], [77.68281, 12.66027], [77.67865, 12.66039], [77.67865, 12.66039], [77.67893, 12.6621], [77.6785, 12.66238], [77.67745, 12.66291], [77.67736, 12.66352], [77.6771, 12.66631], [77.67707, 12.67035], [77.67714, 12.67144], [77.67509, 12.67309], [77.67638, 12.67947], [77.67638, 12.67947], [77.6707, 12.68051], [77.6707, 12.68051], [77.66645, 12.68159], [77.66277, 12.6827], [77.66272, 12.68271], [77.66263, 12.68274], [77.66186, 12.68299], [77.66057, 12.68362], [77.65991, 12.68384], [77.65991, 12.68384], [77.65951, 12.6837], [77.6573, 12.68284], [77.65541, 12.68213], [77.65256, 12.681], [77.65013, 12.68008], [77.64909, 12.6796], [77.64836, 12.67937], [77.64836, 12.67937], [77.6462, 12.67922], [77.64398, 12.67895], [77.64159, 12.67768], [77.63788, 12.67571], [77.63708, 12.67562], [77.63284, 12.67505], [77.6291, 12.67457], [77.62391, 12.6739], [77.61888, 12.67265], [77.60693, 12.66932], [77.60429, 12.66858], [77.59887, 12.66716], [77.59816, 12.66318], [77.59727, 12.65748], [77.59726, 12.65744], [77.59726, 12.65744], [77.59561, 12.66153], [77.59517, 12.66381], [77.59517, 12.66531], [77.59517, 12.66723], [77.5955, 12.66854], [77.5966, 12.66978], [77.59936, 12.6727], [77.60179, 12.67951], [77.60379, 12.68567], [77.60554, 12.69222], [77.61318, 12.69925], [77.61476, 12.70614], [77.61544, 12.70917], [77.61398, 12.71005], [77.60523, 12.71515], [77.59998, 12.71831], [77.59414, 12.72208], [77.5918, 12.72002], [77.5848, 12.71396], [77.58269, 12.71202], [77.58184, 12.7111], [77.58089, 12.71008], [77.57933, 12.70864], [77.57631, 12.7067], [77.57349, 12.70485], [77.57188, 12.70336], [77.56969, 12.70181], [77.56828, 12.70105], [77.56788, 12.70099], [77.56743, 12.70109], [77.56634, 12.70159], [77.56511, 12.70261], [77.56302, 12.70694], [77.5623, 12.70845], [77.56073, 12.71174], [77.55937, 12.71465], [77.5591, 12.71615], [77.55775, 12.72121], [77.55652, 12.72638], [77.55591, 12.73084], [77.55579, 12.73274], [77.56473, 12.7325], [77.56893, 12.72979], [77.56907, 12.72991], [77.5691, 12.72994], [77.57024, 12.73192], [77.56764, 12.73447], [77.56868, 12.73836], [77.56971, 12.74166], [77.57019, 12.74278], [77.57099, 12.74345], [77.57281, 12.74636], [77.57407, 12.74765], [77.57451, 12.74787], [77.57466, 12.74841], [77.575, 12.7503], [77.57539, 12.7513], [77.57609, 12.75208], [77.57712, 12.75159], [77.57815, 12.75162], [77.57956, 12.75193], [77.5815, 12.752], [77.58442, 12.75193], [77.58743, 12.75181], [77.59057, 12.75162], [77.59279, 12.7517], [77.59411, 12.752], [77.59473, 12.7523], [77.59544, 12.75481], [77.5958, 12.75557], [77.59725, 12.75746], [77.59799, 12.75898], [77.59816, 12.76096], [77.59791, 12.76346], [77.59764, 12.76494], [77.59746, 12.76593], [77.597, 12.76696], [77.59548, 12.76916], [77.59548, 12.77022], [77.5954, 12.77196], [77.59437, 12.77364], [77.59316, 12.77568], [77.59309, 12.7758], [77.59235, 12.77698], [77.5921, 12.77739], [77.59214, 12.77853], [77.59222, 12.7799], [77.59206, 12.78043], [77.59053, 12.78176], [77.58748, 12.78354], [77.58414, 12.78506], [77.58243, 12.78606], [77.58042, 12.78723], [77.57956, 12.78635], [77.57083, 12.77803], [77.57091, 12.77458], [77.57107, 12.77166], [77.57165, 12.76756], [77.57186, 12.76597], [77.57161, 12.7649], [77.57103, 12.76293], [77.57029, 12.7613], [77.56972, 12.76065], [77.56815, 12.76024], [77.56641, 12.75948], [77.56547, 12.75895], [77.56489, 12.75956], [77.56353, 12.76035], [77.56254, 12.7613], [77.56122, 12.76324], [77.56015, 12.76498], [77.55895, 12.76646], [77.55858, 12.76734], [77.55871, 12.7684], [77.55883, 12.76923], [77.55883, 12.76961], [77.55817, 12.77041], [77.55759, 12.77139], [77.55772, 12.77242], [77.55767, 12.77333], [77.55726, 12.77454], [77.5561, 12.77689], [77.55561, 12.77933], [77.55545, 12.78142], [77.56147, 12.784], [77.56279, 12.78711], [77.55471, 12.78856], [77.55629, 12.79605], [77.55693, 12.7991], [77.55602, 12.79941], [77.5538, 12.79964], [77.55207, 12.80002], [77.55009, 12.80039], [77.5486, 12.80047], [77.54489, 12.79865], [77.54307, 12.79744], [77.54315, 12.7942], [77.54121, 12.7958], [77.54065, 12.79644], [77.54002, 12.79699], [77.54, 12.79816], [77.53995, 12.79979], [77.5397, 12.80265], [77.53951, 12.80458], [77.53938, 12.80654], [77.53927, 12.80741], [77.5394, 12.80865], [77.53957, 12.81111], [77.53957, 12.81236], [77.53974, 12.81298], [77.54006, 12.81369], [77.54066, 12.81476], [77.54113, 12.81588], [77.5415, 12.81681], [77.5421, 12.81833], [77.5427, 12.81992], [77.54281, 12.8202], [77.5434, 12.8213], [77.54438, 12.82348], [77.54508, 12.82536], [77.5456, 12.82648], [77.54629, 12.8282], [77.54729, 12.83046], [77.54861, 12.8335], [77.54893, 12.8344], [77.54935, 12.83567], [77.54816, 12.83565], [77.54829, 12.83714], [77.54624, 12.83766], [77.54658, 12.8387], [77.54693, 12.83985], [77.54846, 12.83986], [77.54844, 12.84066], [77.54835, 12.84248], [77.54888, 12.845], [77.55006, 12.84483], [77.55008, 12.8462], [77.55042, 12.84672], [77.55191, 12.84745], [77.55243, 12.84768], [77.55172, 12.8482], [77.55232, 12.84925], [77.55304, 12.85022], [77.55346, 12.85023], [77.5536, 12.85023], [77.5542, 12.84972], [77.55557, 12.84912], [77.5563, 12.84942], [77.55819, 12.84637], [77.55819, 12.84534], [77.55975, 12.84441], [77.56031, 12.84372], [77.56263, 12.84208], [77.56381, 12.84226], [77.56398, 12.84229], [77.56478, 12.84255], [77.56595, 12.84292], [77.56796, 12.84208], [77.57034, 12.8412], [77.57095, 12.84098], [77.57144, 12.84098], [77.57346, 12.84074], [77.57438, 12.84069], [77.57513, 12.84064], [77.57679, 12.84086], [77.57853, 12.84131], [77.57911, 12.84049], [77.57983, 12.83973], [77.58098, 12.83853], [77.58171, 12.83779], [77.58194, 12.83756], [77.58203, 12.83745], [77.58241, 12.83696], [77.58296, 12.83659], [77.58316, 12.83646], [77.58495, 12.83503], [77.58762, 12.83556], [77.58983, 12.8359], [77.59232, 12.83511], [77.59451, 12.83364], [77.59521, 12.83317], [77.59568, 12.83286], [77.59695, 12.83264], [77.59762, 12.83265], [77.59812, 12.83281], [77.6, 12.83345], [77.60096, 12.83356], [77.60136, 12.83345], [77.60242, 12.83265], [77.60249, 12.8326], [77.60336, 12.83205], [77.60357, 12.83172], [77.60489, 12.83491], [77.60719, 12.83585], [77.61008, 12.83713], [77.61209, 12.83802], [77.61485, 12.83923], [77.61551, 12.83932], [77.61609, 12.83909], [77.61886, 12.83723], [77.61984, 12.83663], [77.62048, 12.83586], [77.62125, 12.83489], [77.62573, 12.83602], [77.62579, 12.83603], [77.62695, 12.83633], [77.63087, 12.83709], [77.63113, 12.83716], [77.63111, 12.83787], [77.63188, 12.83799], [77.63193, 12.83848], [77.63411, 12.83859], [77.63459, 12.83891], [77.63557, 12.83966], [77.63729, 12.8399], [77.63916, 12.84021], [77.64157, 12.8403], [77.64218, 12.84027], [77.64341, 12.84021], [77.64464, 12.84007], [77.64528, 12.8399], [77.64649, 12.83946], [77.64786, 12.83894], [77.64826, 12.83932], [77.64877, 12.83939], [77.64947, 12.83926], [77.64992, 12.83883], [77.65036, 12.83819], [77.65096, 12.83845], [77.65201, 12.8376], [77.65198, 12.83726], [77.65324, 12.83712], [77.65498, 12.83663], [77.6555, 12.83635], [77.65839, 12.83522], [77.65954, 12.83496], [77.66084, 12.83477], [77.6614, 12.83474], [77.66171, 12.8349], [77.66493, 12.83661], [77.66396, 12.84136], [77.66405, 12.84138], [77.66575, 12.84159], [77.6684, 12.84187], [77.67109, 12.84228], [77.67358, 12.84237], [77.67547, 12.84254], [77.67643, 12.84256], [77.67743, 12.84278], [77.67817, 12.84306], [77.67924, 12.84368], [77.67981, 12.84415], [77.68145, 12.84523], [77.68192, 12.84563], [77.68193, 12.84564], [77.68217, 12.8462], [77.68234, 12.8467], [77.68243, 12.84721], [77.68366, 12.85213], [77.68493, 12.85717], [77.6856, 12.85963], [77.68634, 12.8628], [77.68683, 12.86475], [77.68697, 12.86522], [77.68769, 12.86811], [77.68644, 12.86832], [77.68464, 12.86874], [77.68292, 12.869], [77.68164, 12.86925], [77.68051, 12.86919], [77.67963, 12.86894], [77.67564, 12.87262], [77.67544, 12.87281], [77.67512, 12.87397], [77.67484, 12.87538], [77.67436, 12.87666], [77.67372, 12.87781], [77.67308, 12.87887], [77.67248, 12.88001], [77.67201, 12.8805], [77.67252, 12.88043], [77.67438, 12.88021], [77.67438, 12.88078], [77.6745, 12.88373], [77.67388, 12.88392], [77.6713, 12.8846], [77.66811, 12.88543], [77.66822, 12.88373], [77.66635, 12.88416], [77.66522, 12.88412], [77.66446, 12.88422], [77.66298, 12.88445], [77.66231, 12.88427], [77.6613, 12.88415], [77.66016, 12.88441], [77.65874, 12.88472], [77.65641, 12.8853], [77.65557, 12.88384], [77.65494, 12.88073], [77.65413, 12.88097], [77.6533, 12.8812], [77.65254, 12.88153], [77.65185, 12.882], [77.6507, 12.88251], [77.64987, 12.88307], [77.64858, 12.88378], [77.64711, 12.885], [77.64512, 12.88673], [77.64485, 12.88712], [77.64449, 12.88812], [77.64349, 12.88804], [77.64351, 12.88816], [77.64385, 12.89057], [77.64389, 12.8912], [77.64529, 12.891], [77.64502, 12.89192], [77.646, 12.89168], [77.64768, 12.89128], [77.64877, 12.89121], [77.6506, 12.89331], [77.65175, 12.89421], [77.65287, 12.89467], [77.65375, 12.89508], [77.65473, 12.8946], [77.65526, 12.89446], [77.65582, 12.89447], [77.65652, 12.89451], [77.65827, 12.89477], [77.65885, 12.89491], [77.65997, 12.89512], [77.66072, 12.89514], [77.66183, 12.89505], [77.66315, 12.89481], [77.66506, 12.89454], [77.66889, 12.89385], [77.67335, 12.89305], [77.67729, 12.89421], [77.67737, 12.89411], [77.67793, 12.89348], [77.67868, 12.89344], [77.67911, 12.89332], [77.68026, 12.89292], [77.68119, 12.89268], [77.6823, 12.89202], [77.68371, 12.89092], [77.68537, 12.88971], [77.68673, 12.88855], [77.68725, 12.88808], [77.68774, 12.88768], [77.68863, 12.887], [77.68923, 12.88671], [77.68913, 12.88616], [77.68867, 12.885], [77.68784, 12.88259], [77.68842, 12.88231], [77.68899, 12.88198], [77.68956, 12.88151], [77.69085, 12.88049], [77.69112, 12.88028], [77.69221, 12.87981], [77.69287, 12.87965], [77.69645, 12.87883], [77.6985, 12.87878], [77.69898, 12.8788], [77.70037, 12.87885], [77.70295, 12.87836], [77.70437, 12.87824], [77.70512, 12.87832], [77.70575, 12.87805], [77.70695, 12.87766], [77.70945, 12.87763], [77.71198, 12.87754], [77.7126, 12.87829], [77.71439, 12.87761], [77.71618, 12.87691], [77.71695, 12.87872], [77.71752, 12.87856], [77.71863, 12.8781], [77.71944, 12.87759], [77.71993, 12.87756], [77.72057, 12.87766], [77.7206, 12.87767], [77.72134, 12.87783], [77.72186, 12.87769], [77.7231, 12.8774], [77.72459, 12.8771], [77.72548, 12.87684], [77.72668, 12.8762], [77.72821, 12.87531], [77.72953, 12.87456], [77.73091, 12.87394], [77.73148, 12.87378], [77.73234, 12.87364], [77.73313, 12.87364], [77.73327, 12.87369], [77.73365, 12.87383], [77.73402, 12.87427], [77.73453, 12.87524], [77.7352, 12.87638], [77.73546, 12.8772], [77.73576, 12.87836], [77.73606, 12.87969], [77.73682, 12.88203], [77.73743, 12.88446], [77.73786, 12.88566], [77.73837, 12.88628], [77.73848, 12.88825], [77.7393, 12.89177], [77.73975, 12.89327], [77.73986, 12.89367], [77.73992, 12.89391], [77.73993, 12.89419], [77.73994, 12.89467], [77.73953, 12.89898], [77.73936, 12.90101], [77.73949, 12.90228], [77.73974, 12.90353], [77.74012, 12.90545], [77.74035, 12.90667], [77.74146, 12.90743], [77.74255, 12.90849], [77.74447, 12.90862], [77.74433, 12.913], [77.74466, 12.91748], [77.74487, 12.91774], [77.74504, 12.91849], [77.7455, 12.91949], [77.74596, 12.91997], [77.74711, 12.92049], [77.74888, 12.92119], [77.75184, 12.92212], [77.75211, 12.92427], [77.75328, 12.92499], [77.7555, 12.92585], [77.75919, 12.92669], [77.76164, 12.92723], [77.76562, 12.92734], [77.76546, 12.92916], [77.76574, 12.9334], [77.76683, 12.93475], [77.76587, 12.93638], [77.76519, 12.93785], [77.76565, 12.93947], [77.7654, 12.94112], [77.76511, 12.94247], [77.76542, 12.94213], [77.76655, 12.94192], [77.76854, 12.94145], [77.76961, 12.9412], [77.77109, 12.94062], [77.77288, 12.94003], [77.77365, 12.93989], [77.77434, 12.93945], [77.77478, 12.93901], [77.77521, 12.93892], [77.77544, 12.93872], [77.77573, 12.93757], [77.776, 12.93662], [77.77647, 12.9356], [77.77685, 12.93506], [77.77725, 12.9347], [77.77743, 12.93411], [77.77727, 12.9334], [77.77666, 12.9318], [77.77663, 12.93159], [77.77705, 12.93142], [77.77778, 12.93108], [77.77793, 12.93093], [77.77808, 12.93049]]]}}, {"type": "Feature", "properties": {"taluk": "Kolar", "district": "Kolar", "state": "Karnataka"}, "geometry": {"type": "Polygon", "coordinates": [[[78.09227, 13.30889], [78.09274, 13.30847], [78.09341, 13.30851], [78.09405, 13.30846], [78.09531, 13.30839], [78.09668, 13.30831], [78.09711, 13.30815], [78.09844, 13.30691], [78.09956, 13.30626], [78.10096, 13.30493], [78.10246, 13.30369], [78.10422, 13.30309], [78.10362, 13.30065], [78.10271, 13.29833], [78.10267, 13.29757], [78.10304, 13.29746], [78.10365, 13.29692], [78.10364, 13.29634], [78.10369, 13.29553], [78.10394, 13.29468], [78.10359, 13.29417], [78.10299, 13.29388], [78.10265, 13.29332], [78.10173, 13.29077], [78.10108, 13.28979], [78.09979, 13.28877], [78.0995, 13.28773], [78.10006, 13.28738], [78.10013, 13.2861], [78.09971, 13.28444], [78.09852, 13.28348], [78.09727, 13.28267], [78.09525, 13.28112], [78.09414, 13.28052], [78.0954, 13.28006], [78.09654, 13.27938], [78.0979, 13.27863], [78.09906, 13.27792], [78.10006, 13.27728], [78.10061, 13.2771], [78.10246, 13.27765], [78.10413, 13.27877], [78.10446, 13.27926], [78.10552, 13.28051], [78.10646, 13.28222], [78.10725, 13.28353], [78.10777, 13.28453], [78.10983, 13.28442], [78.11002, 13.28575], [78.10998, 13.28728], [78.11006, 13.28824], [78.11077, 13.28929], [78.1119, 13.28969], [78.11369, 13.28977], [78.11511, 13.28983], [78.11711, 13.29028], [78.11853, 13.2903], [78.11965, 13.2904], [78.12128, 13.29036], [78.12179, 13.28797], [78.12129, 13.28532], [78.12037, 13.28198], [78.11966, 13.27843], [78.11929, 13.27496], [78.11925, 13.27182], [78.1195, 13.26917], [78.1197, 13.26692], [78.1205, 13.26491], [78.12181, 13.26541], [78.12296, 13.26601], [78.12451, 13.26663], [78.1251, 13.26618], [78.12557, 13.26563], [78.12653, 13.26492], [78.12767, 13.26408], [78.12851, 13.26339], [78.12741, 13.26256], [78.12666, 13.2615], [78.12668, 13.26048], [78.12672, 13.25919], [78.12676, 13.2582], [78.1276, 13.25772], [78.12855, 13.25634], [78.12924, 13.25511], [78.12981, 13.25464], [78.13181, 13.25124], [78.13178, 13.25083], [78.13171, 13.2498], [78.13077, 13.24601], [78.13218, 13.24533], [78.13354, 13.24489], [78.13496, 13.24482], [78.13663, 13.24485], [78.13932, 13.24452], [78.1406, 13.24436], [78.14361, 13.24436], [78.14593, 13.24435], [78.14792, 13.24308], [78.14937, 13.24496], [78.15282, 13.24514], [78.15556, 13.2452], [78.15791, 13.24539], [78.16095, 13.24525], [78.16537, 13.24501], [78.16878, 13.2451], [78.173, 13.24485], [78.17414, 13.24479], [78.17852, 13.24459], [78.18089, 13.24429], [78.18219, 13.24393], [78.18327, 13.24301], [78.1838, 13.24411], [78.18343, 13.24561], [78.18341, 13.24841], [78.18347, 13.25124], [78.18353, 13.25278], [78.18358, 13.25365], [78.18373, 13.25466], [78.18424, 13.25503], [78.18464, 13.25513], [78.18539, 13.25547], [78.1858, 13.25552], [78.18589, 13.25582], [78.18645, 13.25619], [78.18722, 13.25672], [78.1879, 13.25669], [78.18859, 13.25671], [78.18961, 13.25687], [78.18969, 13.25885], [78.18967, 13.26032], [78.19011, 13.26283], [78.19045, 13.26546], [78.1908, 13.26673], [78.19111, 13.26689], [78.19309, 13.2652], [78.19442, 13.26409], [78.19606, 13.2628], [78.19638, 13.26272], [78.19728, 13.26262], [78.19791, 13.2626], [78.19824, 13.2626], [78.19872, 13.26262], [78.19956, 13.26289], [78.20024, 13.26381], [78.20108, 13.26568], [78.20173, 13.26747], [78.20248, 13.26938], [78.20323, 13.27079], [78.20428, 13.2722], [78.20562, 13.2735], [78.20608, 13.27389], [78.20665, 13.27417], [78.2073, 13.27437], [78.20797, 13.27459], [78.20911, 13.27439], [78.21075, 13.27447], [78.21329, 13.27459], [78.21471, 13.27483], [78.21624, 13.27509], [78.21986, 13.2757], [78.22124, 13.27583], [78.22274, 13.27595], [78.2238, 13.27607], [78.22475, 13.27618], [78.22547, 13.27633], [78.22612, 13.27624], [78.22677, 13.27625], [78.22744, 13.27635], [78.22758, 13.27686], [78.22754, 13.27751], [78.2275, 13.2782], [78.22739, 13.27872], [78.22679, 13.27924], [78.22605, 13.2797], [78.22556, 13.28001], [78.22521, 13.28028], [78.22473, 13.28061], [78.22496, 13.28111], [78.22551, 13.28129], [78.22602, 13.2817], [78.22659, 13.28283], [78.22723, 13.28406], [78.22849, 13.28564], [78.2301, 13.28768], [78.23061, 13.28883], [78.23153, 13.29057], [78.23258, 13.29229], [78.23378, 13.29398], [78.23486, 13.29545], [78.2354, 13.29609], [78.23585, 13.29666], [78.23656, 13.29607], [78.23716, 13.29605], [78.23766, 13.29711], [78.23816, 13.29735], [78.23933, 13.29682], [78.2421, 13.29595], [78.24337, 13.2958], [78.24457, 13.29564], [78.24582, 13.29478], [78.24786, 13.29298], [78.24881, 13.29253], [78.25041, 13.29031], [78.25112, 13.2895], [78.25421, 13.28879], [78.25496, 13.28789], [78.25368, 13.28437], [78.255, 13.28152], [78.25539, 13.2807], [78.25625, 13.27894], [78.25675, 13.27796], [78.25746, 13.27718], [78.2586, 13.27588], [78.25959, 13.27477], [78.25931, 13.27393], [78.25704, 13.27256], [78.25682, 13.26936], [78.25383, 13.26871], [78.25312, 13.26799], [78.2527, 13.26624], [78.25149, 13.2661], [78.25114, 13.26506], [78.24936, 13.2648], [78.24881, 13.26457], [78.24854, 13.26382], [78.2486, 13.26272], [78.2483, 13.26213], [78.24765, 13.26204], [78.2465, 13.2623], [78.24582, 13.26316], [78.2453, 13.26393], [78.24613, 13.26536], [78.24721, 13.26652], [78.24836, 13.26724], [78.24881, 13.26747], [78.25, 13.26675], [78.25028, 13.26773], [78.25227, 13.26786], [78.25227, 13.26962], [78.25227, 13.27164], [78.25106, 13.27164], [78.25007, 13.27034], [78.24881, 13.27029], [78.24761, 13.27029], [78.24426, 13.27012], [78.24388, 13.26762], [78.24328, 13.26505], [78.24284, 13.26278], [78.24249, 13.26064], [78.24229, 13.25922], [78.24121, 13.25858], [78.23971, 13.25779], [78.23846, 13.25707], [78.23758, 13.25643], [78.2376, 13.25597], [78.23799, 13.25525], [78.23825, 13.25447], [78.23829, 13.25411], [78.2388, 13.2532], [78.23935, 13.25202], [78.23986, 13.25124], [78.24009, 13.25063], [78.24003, 13.25011], [78.23934, 13.24774], [78.23699, 13.23984], [78.23607, 13.23802], [78.23503, 13.23583], [78.2334, 13.232], [78.23222, 13.22968], [78.23192, 13.22858], [78.23404, 13.22721], [78.23506, 13.2264], [78.23585, 13.22527], [78.23616, 13.2243], [78.23675, 13.22289], [78.237, 13.2216], [78.23728, 13.22083], [78.23881, 13.21926], [78.2406, 13.21767], [78.24314, 13.21553], [78.24582, 13.21403], [78.24711, 13.21329], [78.24882, 13.21164], [78.24955, 13.2115], [78.25029, 13.21343], [78.25189, 13.21718], [78.25241, 13.21875], [78.25956, 13.21918], [78.264, 13.21935], [78.26985, 13.2198], [78.27387, 13.21993], [78.27682, 13.22013], [78.27772, 13.22246], [78.27862, 13.22491], [78.27927, 13.22484], [78.28122, 13.22465], [78.28382, 13.2245], [78.2835, 13.2209], [78.28428, 13.21207], [78.28324, 13.21135], [78.28077, 13.20998], [78.27988, 13.20949], [78.2788, 13.2093], [78.27822, 13.20915], [78.27757, 13.20919], [78.27621, 13.2094], [78.27498, 13.2094], [78.27394, 13.20932], [78.27305, 13.20909], [78.27182, 13.20871], [78.2705, 13.20856], [78.26908, 13.20856], [78.26745, 13.2086], [78.26684, 13.2086], [78.26502, 13.20898], [78.26139, 13.21], [78.25649, 13.21159], [78.25267, 13.21268], [78.25179, 13.20939], [78.25121, 13.20746], [78.25061, 13.20668], [78.25013, 13.20606], [78.24951, 13.20531], [78.24882, 13.20359], [78.24657, 13.20382], [78.24215, 13.20405], [78.24286, 13.20185], [78.24346, 13.20071], [78.24409, 13.19966], [78.24522, 13.19759], [78.24587, 13.1964], [78.24713, 13.19386], [78.24798, 13.1931], [78.24882, 13.19226], [78.252, 13.19084], [78.25366, 13.18994], [78.25475, 13.18953], [78.25605, 13.1897], [78.25991, 13.18989], [78.26086, 13.19027], [78.26144, 13.19024], [78.26178, 13.18946], [78.26211, 13.18902], [78.26286, 13.18853], [78.26358, 13.18809], [78.26456, 13.18731], [78.26494, 13.18668], [78.26544, 13.1863], [78.26611, 13.18592], [78.26697, 13.1854], [78.26739, 13.18423], [78.26756, 13.18358], [78.26697, 13.18298], [78.26631, 13.1823], [78.26542, 13.18105], [78.2652, 13.18058], [78.26564, 13.17936], [78.26503, 13.1784], [78.26381, 13.17704], [78.26314, 13.17627], [78.26238, 13.17529], [78.26238, 13.17529], [78.26241, 13.1745], [78.26205, 13.1739], [78.26194, 13.17281], [78.26184, 13.1722], [78.26184, 13.17219], [78.2613, 13.17074], [78.26105, 13.16971], [78.26066, 13.1684], [78.26033, 13.16543], [78.2598, 13.16304], [78.26014, 13.16274], [78.26047, 13.16233], [78.26058, 13.162], [78.26016, 13.16099], [78.25994, 13.16031], [78.26017, 13.15977], [78.26019, 13.15976], [78.26086, 13.15961], [78.26169, 13.1595], [78.26247, 13.15944], [78.26314, 13.15923], [78.26372, 13.15868], [78.26414, 13.15765], [78.26414, 13.15689], [78.264, 13.15631], [78.26364, 13.15555], [78.26325, 13.15476], [78.26272, 13.15324], [78.26227, 13.15216], [78.26227, 13.15215], [78.26226, 13.15214], [78.26161, 13.15008], [78.26143, 13.14947], [78.26109, 13.14831], [78.26103, 13.14812], [78.26089, 13.14703], [78.26089, 13.14659], [78.26167, 13.14581], [78.26265, 13.14417], [78.26323, 13.14276], [78.26373, 13.1411], [78.26384, 13.13993], [78.26399, 13.13884], [78.26451, 13.13805], [78.2649, 13.1378], [78.26543, 13.13778], [78.26612, 13.1378], [78.26679, 13.13783], [78.2674, 13.13751], [78.26806, 13.13715], [78.26873, 13.13688], [78.26923, 13.13661], [78.26959, 13.13625], [78.27002, 13.13568], [78.2704, 13.1343], [78.27026, 13.13372], [78.27012, 13.13315], [78.26973, 13.13293], [78.26937, 13.13285], [78.26896, 13.13307], [78.26876, 13.13353], [78.26845, 13.13389], [78.26768, 13.13367], [78.26732, 13.13318], [78.26723, 13.13261], [78.26723, 13.13212], [78.26779, 13.13154], [78.26862, 13.13082], [78.26979, 13.13076], [78.27107, 13.13095], [78.27126, 13.12994], [78.27185, 13.12866], [78.27248, 13.12809], [78.27321, 13.12776], [78.27398, 13.12776], [78.27476, 13.12817], [78.2754, 13.12858], [78.27616, 13.12877], [78.27654, 13.12763], [78.27698, 13.1267], [78.27715, 13.12621], [78.27797, 13.1258], [78.27894, 13.12573], [78.27985, 13.12582], [78.28051, 13.12604], [78.28096, 13.1254], [78.28164, 13.12511], [78.28251, 13.12514], [78.28335, 13.12509], [78.28379, 13.12481], [78.284, 13.12431], [78.2842, 13.12358], [78.28436, 13.1232], [78.2848, 13.12273], [78.28591, 13.12192], [78.28605, 13.12138], [78.28596, 13.12084], [78.28552, 13.11987], [78.28482, 13.11888], [78.28449, 13.11779], [78.28408, 13.11632], [78.28379, 13.11554], [78.28369, 13.115], [78.28384, 13.11448], [78.28418, 13.11375], [78.28418, 13.11308], [78.28413, 13.11204], [78.28372, 13.10996], [78.28326, 13.10876], [78.28177, 13.10899], [78.28153, 13.10755], [78.28001, 13.10724], [78.28046, 13.10646], [78.28138, 13.10469], [78.28177, 13.10401], [78.2822, 13.10294], [78.28223, 13.10131], [78.28167, 13.10103], [78.28119, 13.10065], [78.28083, 13.10025], [78.27955, 13.10025], [78.27719, 13.10036], [78.27521, 13.10048], [78.27323, 13.10055], [78.27034, 13.10067], [78.2693, 13.10069], [78.26735, 13.10074], [78.26549, 13.10105], [78.26629, 13.09873], [78.26694, 13.09497], [78.26712, 13.09348], [78.26859, 13.09332], [78.27026, 13.0932], [78.27132, 13.0928], [78.27231, 13.09296], [78.27318, 13.09363], [78.27433, 13.09431], [78.2752, 13.09431], [78.27665, 13.09408], [78.27848, 13.09356], [78.27932, 13.09297], [78.28022, 13.09254], [78.28152, 13.09235], [78.28314, 13.09207], [78.28456, 13.09214], [78.28538, 13.0916], [78.28605, 13.09006], [78.2862, 13.08893], [78.28637, 13.08765], [78.28663, 13.08652], [78.28678, 13.08549], [78.28688, 13.08441], [78.28714, 13.08375], [78.28755, 13.08319], [78.28755, 13.08253], [78.28723, 13.0823], [78.28568, 13.08155], [78.28438, 13.08115], [78.28313, 13.08084], [78.28151, 13.08058], [78.28033, 13.08041], [78.27951, 13.08036], [78.27816, 13.08024], [78.27761, 13.07795], [78.27674, 13.07417], [78.27667, 13.07249], [78.27657, 13.06935], [78.27648, 13.06767], [78.27643, 13.06698], [78.27491, 13.06783], [78.27199, 13.06875], [78.26922, 13.06949], [78.26683, 13.07001], [78.26577, 13.07019], [78.26517, 13.07019], [78.26423, 13.07024], [78.26273, 13.07024], [78.2629, 13.06887], [78.26276, 13.06672], [78.26252, 13.06506], [78.2622, 13.06405], [78.26189, 13.0631], [78.26312, 13.06133], [78.26387, 13.05998], [78.26411, 13.05911], [78.2632, 13.05804], [78.26144, 13.0561], [78.25953, 13.05443], [78.25785, 13.05364], [78.25717, 13.05334], [78.2563, 13.05282], [78.25532, 13.05218], [78.25469, 13.05211], [78.25416, 13.05213], [78.25324, 13.05227], [78.25153, 13.05277], [78.25066, 13.05277], [78.24987, 13.05253], [78.24934, 13.05234], [78.24882, 13.05204], [78.2437, 13.05242], [78.24398, 13.05646], [78.24475, 13.05903], [78.24556, 13.06229], [78.24334, 13.064], [78.2429, 13.06528], [78.24271, 13.06778], [78.23805, 13.06851], [78.23667, 13.06857], [78.23406, 13.07137], [78.23179, 13.07016], [78.23204, 13.06917], [78.23204, 13.06914], [78.23296, 13.06543], [78.23228, 13.06285], [78.23057, 13.06261], [78.22974, 13.06529], [78.22258, 13.06534], [78.22156, 13.06505], [78.22043, 13.06357], [78.21814, 13.06333], [78.21671, 13.06243], [78.21585, 13.06073], [78.21405, 13.05815], [78.21354, 13.0565], [78.21341, 13.05568], [78.20988, 13.05672], [78.20735, 13.05727], [78.2102, 13.06147], [78.20971, 13.06255], [78.20779, 13.06417], [78.20555, 13.06556], [78.20072, 13.06752], [78.1989, 13.06847], [78.19185, 13.06766], [78.1872, 13.06702], [78.18676, 13.06867], [78.18676, 13.07201], [78.18693, 13.07431], [78.18742, 13.07662], [78.18654, 13.07598], [78.18469, 13.07244], [78.18186, 13.07318], [78.17877, 13.07419], [78.17675, 13.07555], [78.17504, 13.07706], [78.17412, 13.07777], [78.17602, 13.08336], [78.16983, 13.08334], [78.16902, 13.08138], [78.16739, 13.07933], [78.16581, 13.07753], [78.16476, 13.07667], [78.16425, 13.07555], [78.16239, 13.07596], [78.16217, 13.07708], [78.16181, 13.07768], [78.15865, 13.0793], [78.15795, 13.07923], [78.15729, 13.08033], [78.15519, 13.08184], [78.15368, 13.08246], [78.15095, 13.08364], [78.14959, 13.08385], [78.14951, 13.08099], [78.14949, 13.0804], [78.14703, 13.08093], [78.14624, 13.08111], [78.14594, 13.08056], [78.14578, 13.07977], [78.14505, 13.07998], [78.14502, 13.0798], [78.14502, 13.07901], [78.14408, 13.07852], [78.14431, 13.07763], [78.14358, 13.07717], [78.14366, 13.0762], [78.14374, 13.07415], [78.14366, 13.07349], [78.14231, 13.07295], [78.14155, 13.07221], [78.14111, 13.07149], [78.14056, 13.07101], [78.13871, 13.07129], [78.13837, 13.07037], [78.13706, 13.06965], [78.13516, 13.06812], [78.1343, 13.06794], [78.13297, 13.06758], [78.13229, 13.06755], [78.12887, 13.06771], [78.12686, 13.06796], [78.12478, 13.06878], [78.12183, 13.06899], [78.11968, 13.06902], [78.11798, 13.06839], [78.11674, 13.06704], [78.11578, 13.06556], [78.11512, 13.06309], [78.11541, 13.06054], [78.11536, 13.05862], [78.11492, 13.05766], [78.1143, 13.058], [78.11367, 13.05833], [78.11328, 13.05895], [78.11263, 13.05949], [78.11198, 13.06004], [78.11113, 13.06034], [78.11044, 13.06041], [78.10842, 13.0602], [78.10746, 13.05982], [78.1067, 13.05952], [78.10595, 13.05922], [78.10538, 13.05853], [78.10506, 13.05766], [78.10435, 13.05723], [78.10333, 13.05687], [78.10211, 13.05576], [78.10076, 13.05427], [78.10049, 13.05382], [78.10036, 13.05226], [78.10015, 13.04959], [78.09989, 13.04877], [78.09957, 13.04778], [78.09987, 13.04705], [78.10018, 13.04632], [78.10068, 13.04578], [78.10133, 13.04529], [78.10286, 13.04354], [78.10326, 13.04196], [78.10286, 13.04145], [78.10256, 13.04128], [78.1025, 13.04124], [78.10245, 13.04124], [78.10206, 13.04126], [78.10157, 13.04192], [78.10096, 13.04249], [78.10026, 13.04263], [78.09941, 13.04244], [78.09884, 13.0418], [78.0984, 13.04131], [78.09779, 13.0398], [78.09726, 13.03812], [78.09704, 13.03742], [78.09658, 13.03594], [78.09606, 13.03307], [78.09044, 13.0334], [78.08979, 13.03551], [78.08906, 13.03655], [78.08871, 13.03678], [78.08695, 13.03557], [78.08608, 13.03452], [78.08497, 13.03318], [78.08173, 13.03396], [78.07736, 13.03581], [78.079, 13.04336], [78.07404, 13.04427], [78.06947, 13.04619], [78.06815, 13.04655], [78.06384, 13.04671], [78.06223, 13.04714], [78.06025, 13.04745], [78.05772, 13.04768], [78.05702, 13.04775], [78.05661, 13.04789], [78.05305, 13.04691], [78.04632, 13.04533], [78.04391, 13.04487], [78.04213, 13.04487], [78.04167, 13.04562], [78.0383, 13.04465], [78.03744, 13.0444], [78.03482, 13.04379], [78.03162, 13.04299], [78.03093, 13.04418], [78.02865, 13.04362], [78.02845, 13.04228], [78.02816, 13.04189], [78.02727, 13.04262], [78.02626, 13.0432], [78.02347, 13.04281], [78.02212, 13.04261], [78.02177, 13.04035], [78.01911, 13.04143], [78.01865, 13.04033], [78.01542, 13.04213], [78.01341, 13.04273], [78.01147, 13.04366], [78.00966, 13.04076], [78.00577, 13.04285], [78.0049, 13.04311], [78.00476, 13.04407], [78.00492, 13.04508], [78.00501, 13.04565], [78.00618, 13.04593], [78.00686, 13.04582], [78.00751, 13.04696], [78.00784, 13.04649], [78.00813, 13.0469], [78.00869, 13.04703], [78.00875, 13.04752], [78.00933, 13.04759], [78.00987, 13.04826], [78.00969, 13.04886], [78.01034, 13.04928], [78.01012, 13.04992], [78.01033, 13.05039], [78.01096, 13.05012], [78.01124, 13.05074], [78.01167, 13.05055], [78.01217, 13.0511], [78.01253, 13.05078], [78.01373, 13.05106], [78.01416, 13.05247], [78.01477, 13.05305], [78.01593, 13.05305], [78.01758, 13.05326], [78.01981, 13.05298], [78.02102, 13.05283], [78.02237, 13.05267], [78.02214, 13.05571], [78.02182, 13.05794], [78.0213, 13.06156], [78.0207, 13.06189], [78.02029, 13.06211], [78.02022, 13.06286], [78.01946, 13.06286], [78.01765, 13.0632], [78.01564, 13.06357], [78.0128, 13.06372], [78.00929, 13.06357], [78.00839, 13.06353], [78.00784, 13.06351], [78.00705, 13.0628], [78.00664, 13.06226], [78.00546, 13.06285], [78.00497, 13.0625], [78.00424, 13.06297], [78.00323, 13.06258], [78.00308, 13.06422], [78.00344, 13.06561], [78.00378, 13.06628], [78.00425, 13.06678], [78.00567, 13.06779], [78.00861, 13.06876], [78.00944, 13.06903], [78.01008, 13.06969], [78.0102, 13.07042], [78.01032, 13.07115], [78.01004, 13.07186], [78.00772, 13.0726], [78.00523, 13.07406], [78.00283, 13.07533], [78.00282, 13.07713], [78.00316, 13.07858], [78.00247, 13.07949], [78.001, 13.07991], [77.99967, 13.08028], [77.99885, 13.08026], [77.99691, 13.08192], [77.99569, 13.08291], [77.99512, 13.08367], [77.99487, 13.08412], [77.99423, 13.08522], [77.99411, 13.08594], [77.99414, 13.08702], [77.99444, 13.08796], [77.99496, 13.08879], [77.99531, 13.08978], [77.99542, 13.09198], [77.99549, 13.09424], [77.99554, 13.09631], [77.99052, 13.09629], [77.98844, 13.0965], [77.99052, 13.1001], [77.98913, 13.10252], [77.98819, 13.10398], [77.98645, 13.10638], [77.98535, 13.10661], [77.98533, 13.10782], [77.98492, 13.10786], [77.9812, 13.10825], [77.98054, 13.10578], [77.97779, 13.10559], [77.97516, 13.10289], [77.9746, 13.10247], [77.97144, 13.10413], [77.97009, 13.10348], [77.96764, 13.1025], [77.96622, 13.10197], [77.96372, 13.10093], [77.96136, 13.10021], [77.95961, 13.09993], [77.95771, 13.10004], [77.95755, 13.10005], [77.95523, 13.10024], [77.95445, 13.10067], [77.95344, 13.10132], [77.95296, 13.10159], [77.95072, 13.10311], [77.94676, 13.10552], [77.946, 13.10546], [77.94465, 13.10507], [77.94336, 13.10467], [77.94027, 13.10761], [77.93933, 13.10777], [77.93734, 13.10814], [77.93713, 13.10972], [77.93688, 13.11185], [77.93658, 13.11419], [77.93702, 13.11612], [77.9375, 13.11837], [77.93794, 13.12046], [77.93865, 13.12278], [77.93927, 13.12514], [77.94002, 13.12502], [77.94094, 13.1248], [77.94287, 13.1243], [77.94575, 13.12359], [77.94637, 13.12502], [77.94741, 13.12486], [77.94839, 13.12734], [77.94857, 13.12762], [77.953, 13.1269], [77.95545, 13.12645], [77.95619, 13.12629], [77.95726, 13.12897], [77.95735, 13.12921], [77.95772, 13.13033], [77.95742, 13.13087], [77.9572, 13.13125], [77.9567, 13.1337], [77.95629, 13.13582], [77.95587, 13.13761], [77.95544, 13.14011], [77.9555, 13.14032], [77.95583, 13.14149], [77.95688, 13.14446], [77.95803, 13.14767], [77.95915, 13.1507], [77.95941, 13.15151], [77.95735, 13.15212], [77.95877, 13.15738], [77.95373, 13.16028], [77.95304, 13.16057], [77.95364, 13.16145], [77.95445, 13.16246], [77.95504, 13.16291], [77.95534, 13.16307], [77.95543, 13.16608], [77.95548, 13.16876], [77.95552, 13.16944], [77.95424, 13.17007], [77.95449, 13.17229], [77.95502, 13.17497], [77.95534, 13.17643], [77.95704, 13.17634], [77.957, 13.17676], [77.95748, 13.17748], [77.95791, 13.17957], [77.9583, 13.18175], [77.96087, 13.18186], [77.96101, 13.18265], [77.96156, 13.18656], [77.9624, 13.18651], [77.96287, 13.18669], [77.96305, 13.187], [77.96307, 13.18763], [77.96337, 13.18824], [77.96355, 13.18871], [77.96383, 13.18934], [77.96322, 13.18943], [77.96245, 13.18954], [77.96248, 13.19154], [77.96099, 13.19287], [77.96099, 13.19496], [77.9595, 13.19579], [77.96019, 13.19849], [77.96046, 13.1997], [77.96055, 13.20015], [77.95736, 13.20058], [77.95512, 13.20087], [77.95604, 13.20355], [77.95634, 13.2044], [77.95473, 13.20566], [77.95578, 13.20833], [77.95629, 13.20997], [77.95684, 13.21229], [77.95703, 13.21339], [77.95741, 13.21543], [77.95764, 13.21662], [77.95783, 13.21705], [77.95795, 13.21869], [77.95127, 13.21936], [77.95122, 13.21761], [77.95125, 13.21678], [77.95134, 13.21559], [77.95136, 13.21498], [77.9506, 13.21489], [77.94959, 13.21489], [77.94916, 13.21503], [77.94865, 13.21523], [77.94806, 13.21523], [77.94728, 13.21505], [77.94648, 13.21478], [77.94567, 13.2144], [77.94523, 13.21418], [77.94556, 13.21622], [77.9457, 13.21743], [77.9457, 13.21747], [77.94578, 13.21805], [77.94588, 13.21835], [77.94656, 13.21922], [77.94748, 13.21994], [77.94799, 13.22046], [77.94844, 13.22093], [77.94909, 13.22141], [77.94969, 13.22184], [77.95041, 13.22252], [77.95079, 13.22296], [77.95118, 13.22359], [77.95204, 13.22418], [77.95207, 13.2242], [77.95325, 13.22489], [77.95422, 13.22591], [77.95477, 13.22638], [77.95675, 13.22719], [77.95792, 13.22793], [77.95945, 13.22894], [77.96029, 13.22995], [77.96092, 13.2306], [77.96203, 13.23146], [77.9631, 13.23223], [77.96385, 13.23277], [77.96371, 13.23444], [77.96354, 13.23619], [77.96345, 13.23724], [77.96333, 13.23882], [77.96499, 13.23746], [77.96496, 13.24], [77.96496, 13.24037], [77.96493, 13.24149], [77.96491, 13.24257], [77.96492, 13.24405], [77.96355, 13.24483], [77.96203, 13.24557], [77.96063, 13.24625], [77.95999, 13.24655], [77.95842, 13.24727], [77.95691, 13.24804], [77.95639, 13.24829], [77.95628, 13.24835], [77.95567, 13.24863], [77.95433, 13.24892], [77.95365, 13.24905], [77.95104, 13.24954], [77.94945, 13.24979], [77.94855, 13.24999], [77.94783, 13.2485], [77.94725, 13.24728], [77.94617, 13.24512], [77.94559, 13.24366], [77.94318, 13.24424], [77.94156, 13.24457], [77.94002, 13.24493], [77.93565, 13.24596], [77.93495, 13.24606], [77.93532, 13.24697], [77.93471, 13.24735], [77.93438, 13.24781], [77.93429, 13.2484], [77.93435, 13.24859], [77.9345, 13.24915], [77.93503, 13.24989], [77.93545, 13.25048], [77.93618, 13.25063], [77.93728, 13.25104], [77.93775, 13.25123], [77.93887, 13.25322], [77.93955, 13.25448], [77.94004, 13.25551], [77.94121, 13.25796], [77.9414, 13.25847], [77.94146, 13.25899], [77.94143, 13.2594], [77.94112, 13.25982], [77.94116, 13.26034], [77.94092, 13.26089], [77.94039, 13.2613], [77.93985, 13.26168], [77.93938, 13.2621], [77.93897, 13.26255], [77.93863, 13.26305], [77.93839, 13.26352], [77.93821, 13.26403], [77.93817, 13.2648], [77.93822, 13.26795], [77.93889, 13.26788], [77.93949, 13.26778], [77.94023, 13.26772], [77.94076, 13.26762], [77.94147, 13.26756], [77.94141, 13.26819], [77.94154, 13.26895], [77.94222, 13.26906], [77.94283, 13.26902], [77.943, 13.26951], [77.94362, 13.26967], [77.94417, 13.26951], [77.94478, 13.26931], [77.94492, 13.26997], [77.9451, 13.27067], [77.94566, 13.27098], [77.94629, 13.27125], [77.9471, 13.27129], [77.94767, 13.2711], [77.94829, 13.27089], [77.94891, 13.27064], [77.94952, 13.27041], [77.95005, 13.27025], [77.95059, 13.27025], [77.95124, 13.27015], [77.95189, 13.27002], [77.95246, 13.26996], [77.95313, 13.26989], [77.95375, 13.26979], [77.95441, 13.26974], [77.95496, 13.26976], [77.9556, 13.26977], [77.95618, 13.26969], [77.95635, 13.27025], [77.95651, 13.27099], [77.95703, 13.27118], [77.95759, 13.27138], [77.95816, 13.27141], [77.95835, 13.27203], [77.95896, 13.2722], [77.95948, 13.2722], [77.95949, 13.27281], [77.95941, 13.27349], [77.95946, 13.274], [77.95941, 13.27466], [77.9594, 13.27537], [77.95941, 13.27599], [77.95863, 13.27627], [77.95792, 13.27663], [77.95727, 13.27682], [77.9567, 13.27708], [77.95677, 13.27762], [77.9569, 13.27827], [77.957, 13.27887], [77.95722, 13.27951], [77.95728, 13.28017], [77.95746, 13.28069], [77.95759, 13.28134], [77.95774, 13.28192], [77.95831, 13.2821], [77.95892, 13.28224], [77.95947, 13.28234], [77.95993, 13.28284], [77.96036, 13.28337], [77.96073, 13.28385], [77.96123, 13.28424], [77.96181, 13.28407], [77.96234, 13.28376], [77.96291, 13.28345], [77.96349, 13.28324], [77.96397, 13.28299], [77.96458, 13.28272], [77.96517, 13.2825], [77.96578, 13.28237], [77.96636, 13.28229], [77.96701, 13.28231], [77.96763, 13.28232], [77.96826, 13.28233], [77.96894, 13.28238], [77.96955, 13.28262], [77.97001, 13.28296], [77.97043, 13.28331], [77.97088, 13.28373], [77.97143, 13.28401], [77.97194, 13.28431], [77.97248, 13.28463], [77.97309, 13.2849], [77.97369, 13.28511], [77.9743, 13.28536], [77.97493, 13.28555], [77.97562, 13.28565], [77.97628, 13.28586], [77.9769, 13.28599], [77.97753, 13.28612], [77.97814, 13.28618], [77.97875, 13.28625], [77.97935, 13.28633], [77.98007, 13.2864], [77.98064, 13.28646], [77.98127, 13.28654], [77.982, 13.2865], [77.98257, 13.28638], [77.98322, 13.28624], [77.98362, 13.28616], [77.98455, 13.28607], [77.98471, 13.28662], [77.98476, 13.28726], [77.98471, 13.28781], [77.9847, 13.28847], [77.98472, 13.28917], [77.98475, 13.28972], [77.98478, 13.29041], [77.98474, 13.29098], [77.98476, 13.2916], [77.98483, 13.29223], [77.98482, 13.29285], [77.98487, 13.29336], [77.98494, 13.29402], [77.98501, 13.29474], [77.98499, 13.29536], [77.98502, 13.29599], [77.98504, 13.29669], [77.98509, 13.29725], [77.98508, 13.29802], [77.98506, 13.29863], [77.98519, 13.29917], [77.9856, 13.29986], [77.98622, 13.29985], [77.98685, 13.29991], [77.98718, 13.30033], [77.9877, 13.30079], [77.98813, 13.30125], [77.98832, 13.30186], [77.98849, 13.30246], [77.98872, 13.30311], [77.98891, 13.30374], [77.98903, 13.30415], [77.98963, 13.30434], [77.99031, 13.30441], [77.99099, 13.30448], [77.99157, 13.30458], [77.99218, 13.30463], [77.99281, 13.30473], [77.99341, 13.30481], [77.99403, 13.30491], [77.99472, 13.30489], [77.99539, 13.30491], [77.99593, 13.30494], [77.99649, 13.30499], [77.99705, 13.30499], [77.99763, 13.30494], [77.99814, 13.30498], [77.99828, 13.30499], [77.99884, 13.30506], [78.00066, 13.30455], [78.00293, 13.30404], [78.00474, 13.30369], [78.00745, 13.30263], [78.01128, 13.30145], [78.01179, 13.30018], [78.01181, 13.29893], [78.0119, 13.29721], [78.01192, 13.29588], [78.01123, 13.2958], [78.01128, 13.29374], [78.01157, 13.29233], [78.01171, 13.29066], [78.01257, 13.29025], [78.01367, 13.28997], [78.01371, 13.28848], [78.01381, 13.28574], [78.01476, 13.28419], [78.01524, 13.28311], [78.01552, 13.2829], [78.01707, 13.28285], [78.01988, 13.28265], [78.02376, 13.28242], [78.02438, 13.28279], [78.02472, 13.28329], [78.02513, 13.28364], [78.02668, 13.2837], [78.0286, 13.28379], [78.02991, 13.28371], [78.03115, 13.28336], [78.03205, 13.28309], [78.03305, 13.28284], [78.03367, 13.28264], [78.03499, 13.28139], [78.0357, 13.28086], [78.03837, 13.28033], [78.04078, 13.27984], [78.04312, 13.27927], [78.04574, 13.27874], [78.04691, 13.27829], [78.04709, 13.27938], [78.04778, 13.28143], [78.04834, 13.28329], [78.04884, 13.28521], [78.04992, 13.28678], [78.0508, 13.28859], [78.05123, 13.28984], [78.05157, 13.29127], [78.05218, 13.29309], [78.05211, 13.29341], [78.05317, 13.29406], [78.05434, 13.29443], [78.05596, 13.29433], [78.05708, 13.2939], [78.0579, 13.29341], [78.05906, 13.29277], [78.05929, 13.29321], [78.0594, 13.29459], [78.05963, 13.29637], [78.05971, 13.29765], [78.06008, 13.29834], [78.06058, 13.299], [78.06254, 13.29914], [78.06487, 13.29955], [78.06783, 13.30006], [78.06941, 13.30029], [78.07139, 13.30068], [78.07189, 13.3009], [78.07268, 13.30123], [78.07314, 13.30123], [78.07391, 13.30117], [78.07433, 13.30157], [78.07466, 13.30223], [78.07564, 13.30241], [78.07656, 13.30249], [78.07666, 13.30166], [78.07687, 13.30102], [78.07726, 13.30094], [78.07806, 13.30137], [78.07922, 13.30204], [78.07995, 13.30198], [78.0806, 13.30168], [78.0816, 13.30172], [78.08312, 13.30198], [78.08326, 13.30255], [78.08376, 13.30245], [78.08435, 13.30194], [78.08498, 13.3019], [78.08678, 13.30219], [78.08745, 13.30268], [78.08887, 13.30366], [78.08953, 13.3036], [78.08987, 13.30392], [78.0899, 13.30467], [78.08999, 13.30593], [78.09001, 13.30717], [78.09017, 13.30744], [78.0902, 13.30781], [78.09065, 13.30832], [78.09109, 13.30884], [78.09143, 13.30992], [78.09197, 13.31023], [78.09213, 13.30957], [78.09227, 13.30889]]]}}, {"type": "Feature", "properties": {"taluk": "Malur", "district": "Kolar", "state": "Karnataka"}, "geometry": {"type": "Polygon", "coordinates": [[[77.94027, 13.10761], [77.94336, 13.10467], [77.94465, 13.10507], [77.946, 13.10546], [77.94676, 13.10552], [77.95072, 13.10311], [77.95296, 13.10159], [77.95344, 13.10132], [77.95445, 13.10067], [77.95523, 13.10024], [77.95755, 13.10005], [77.95771, 13.10004], [77.95961, 13.09993], [77.96136, 13.10021], [77.96372, 13.10093], [77.96622, 13.10197], [77.96764, 13.1025], [77.97009, 13.10348], [77.97144, 13.10413], [77.9746, 13.10247], [77.97516, 13.10289], [77.97779, 13.10559], [77.98054, 13.10578], [77.9812, 13.10825], [77.98492, 13.10786], [77.98533, 13.10782], [77.98535, 13.10661], [77.98645, 13.10638], [77.98819, 13.10398], [77.98913, 13.10252], [77.99052, 13.1001], [77.98844, 13.0965], [77.99052, 13.09629], [77.99554, 13.09631], [77.99549, 13.09424], [77.99542, 13.09198], [77.99531, 13.08978], [77.99496, 13.08879], [77.99444, 13.08796], [77.99414, 13.08702], [77.99411, 13.08594], [77.99423, 13.08522], [77.99487, 13.08412], [77.99512, 13.08367], [77.99569, 13.08291], [77.99691, 13.08192], [77.99885, 13.08026], [77.99967, 13.08028], [78.001, 13.07991], [78.00247, 13.07949], [78.00316, 13.07858], [78.00282, 13.07713], [78.00283, 13.07533], [78.00523, 13.07406], [78.00772, 13.0726], [78.01004, 13.07186], [78.01032, 13.07115], [78.0102, 13.07042], [78.01008, 13.06969], [78.00944, 13.06903], [78.00861, 13.06876], [78.00567, 13.06779], [78.00425, 13.06678], [78.00378, 13.06628], [78.00344, 13.06561], [78.00308, 13.06422], [78.00323, 13.06258], [78.00424, 13.06297], [78.00497, 13.0625], [78.00546, 13.06285], [78.00664, 13.06226], [78.00705, 13.0628], [78.00784, 13.06351], [78.00839, 13.06353], [78.00929, 13.06357], [78.0128, 13.06372], [78.01564, 13.06357], [78.01765, 13.0632], [78.01946, 13.06286], [78.02022, 13.06286], [78.02029, 13.06211], [78.0207, 13.06189], [78.0213, 13.06156], [78.02182, 13.05794], [78.02214, 13.05571], [78.02237, 13.05267], [78.02102, 13.05283], [78.01981, 13.05298], [78.01758, 13.05326], [78.01593, 13.05305], [78.01477, 13.05305], [78.01416, 13.05247], [78.01373, 13.05106], [78.01253, 13.05078], [78.01217, 13.0511], [78.01167, 13.05055], [78.01124, 13.05074], [78.01096, 13.05012], [78.01033, 13.05039], [78.01012, 13.04992], [78.01034, 13.04928], [78.00969, 13.04886], [78.00987, 13.04826], [78.00933, 13.04759], [78.00875, 13.04752], [78.00869, 13.04703], [78.00813, 13.0469], [78.00784, 13.04649], [78.00751, 13.04696], [78.00686, 13.04582], [78.00618, 13.04593], [78.00501, 13.04565], [78.00492, 13.04508], [78.00476, 13.04407], [78.0049, 13.04311], [78.00577, 13.04285], [78.00966, 13.04076], [78.01147, 13.04366], [78.01341, 13.04273], [78.01542, 13.04213], [78.01865, 13.04033], [78.01911, 13.04143], [78.02177, 13.04035], [78.02212, 13.04261], [78.02347, 13.04281], [78.02626, 13.0432], [78.02727, 13.04262], [78.02816, 13.04189], [78.02845, 13.04228], [78.02865, 13.04362], [78.03093, 13.04418], [78.03162, 13.04299], [78.03482, 13.04379], [78.03744, 13.0444], [78.0383, 13.04465], [78.04167, 13.04562], [78.04213, 13.04487], [78.04391, 13.04487], [78.04632, 13.04533], [78.05305, 13.04691], [78.05661, 13.04789], [78.05702, 13.04775], [78.05772, 13.04768], [78.06025, 13.04745], [78.06223, 13.04714], [78.06384, 13.04671], [78.06815, 13.04655], [78.06947, 13.04619], [78.07404, 13.04427], [78.079, 13.04336], [78.07736, 13.03581], [78.08173, 13.03396], [78.08497, 13.03318], [78.08608, 13.03452], [78.08695, 13.03557], [78.08871, 13.03678], [78.08906, 13.03655], [78.08979, 13.03551], [78.09044, 13.0334], [78.09606, 13.03307], [78.09807, 13.03304], [78.09744, 13.03092], [78.10476, 13.02794], [78.10407, 13.02519], [78.10444, 13.02435], [78.10984, 13.0239], [78.11084, 13.02382], [78.11419, 13.02334], [78.11423, 13.02334], [78.11468, 13.02369], [78.11532, 13.02478], [78.11667, 13.02478], [78.11885, 13.02435], [78.12213, 13.02407], [78.12326, 13.02412], [78.12651, 13.02428], [78.12778, 13.02434], [78.13023, 13.02426], [78.13299, 13.02423], [78.13396, 13.02288], [78.13357, 13.02201], [78.13328, 13.02114], [78.13284, 13.01956], [78.13247, 13.01766], [78.13221, 13.01667], [78.13101, 13.01682], [78.12984, 13.01713], [78.12778, 13.01718], [78.1272, 13.01674], [78.12697, 13.01593], [78.1266, 13.01495], [78.12644, 13.0143], [78.12525, 13.0104], [78.12488, 13.00943], [78.12405, 13.00797], [78.12244, 13.00602], [78.12035, 13.00451], [78.11759, 13.00253], [78.1171, 13.00193], [78.1164, 13.00125], [78.11623, 13.00106], [78.11571, 13.00073], [78.11518, 13.00035], [78.11465, 12.99997], [78.11414, 12.99956], [78.11366, 12.99918], [78.11315, 12.9988], [78.11261, 12.99846], [78.11215, 12.99803], [78.11195, 12.99745], [78.11197, 12.99682], [78.11197, 12.99677], [78.11196, 12.99619], [78.11259, 12.99609], [78.11322, 12.99601], [78.11378, 12.99593], [78.1143, 12.99588], [78.11449, 12.99586], [78.11511, 12.99584], [78.11576, 12.99583], [78.11639, 12.99578], [78.11697, 12.99571], [78.11762, 12.99568], [78.11823, 12.9956], [78.11885, 12.9956], [78.11896, 12.9956], [78.11947, 12.99558], [78.1201, 12.99556], [78.12015, 12.99556], [78.12071, 12.99553], [78.12138, 12.99549], [78.12205, 12.99549], [78.1226, 12.99542], [78.12319, 12.99541], [78.12375, 12.99539], [78.12435, 12.9953], [78.12497, 12.99523], [78.12512, 12.99522], [78.12554, 12.9952], [78.12615, 12.99516], [78.12627, 12.99453], [78.1264, 12.99396], [78.12656, 12.99339], [78.12679, 12.99285], [78.1271, 12.99224], [78.12726, 12.99166], [78.12747, 12.99105], [78.1275, 12.99097], [78.12766, 12.99052], [78.12789, 12.98991], [78.12804, 12.98933], [78.1281, 12.98873], [78.1281, 12.98867], [78.12805, 12.98744], [78.12813, 12.98629], [78.12861, 12.98586], [78.12908, 12.98562], [78.12917, 12.98558], [78.12978, 12.9853], [78.13028, 12.985], [78.13082, 12.98465], [78.13133, 12.98435], [78.13196, 12.98395], [78.13092, 12.98302], [78.13062, 12.9828], [78.13022, 12.98238], [78.13037, 12.98182], [78.13063, 12.98121], [78.1309, 12.98061], [78.13101, 12.98037], [78.13126, 12.9798], [78.13169, 12.97891], [78.13224, 12.97782], [78.13307, 12.97618], [78.1334, 12.97569], [78.1334, 12.97569], [78.13351, 12.97551], [78.13375, 12.97516], [78.13441, 12.97405], [78.13466, 12.97359], [78.13497, 12.97298], [78.13522, 12.97244], [78.13537, 12.97195], [78.13558, 12.97128], [78.13568, 12.9707], [78.13568, 12.97069], [78.13569, 12.97007], [78.13561, 12.9694], [78.13554, 12.96879], [78.13526, 12.96827], [78.13475, 12.96766], [78.13413, 12.96743], [78.1334, 12.96726], [78.13266, 12.96715], [78.13204, 12.96705], [78.13058, 12.96701], [78.13017, 12.967], [78.12955, 12.96691], [78.12898, 12.96685], [78.12894, 12.96685], [78.12833, 12.96681], [78.12772, 12.96674], [78.12745, 12.96655], [78.12709, 12.96667], [78.12647, 12.96659], [78.12513, 12.9665], [78.12452, 12.96652], [78.12421, 12.96604], [78.12403, 12.96557], [78.12399, 12.96547], [78.12364, 12.96501], [78.12351, 12.96437], [78.12345, 12.96377], [78.12337, 12.96314], [78.12336, 12.96253], [78.12338, 12.96186], [78.12335, 12.96126], [78.12336, 12.96089], [78.12336, 12.96066], [78.12336, 12.9606], [78.12331, 12.96006], [78.12318, 12.95946], [78.12294, 12.95888], [78.12264, 12.9584], [78.12229, 12.95788], [78.12164, 12.95688], [78.12155, 12.95642], [78.12126, 12.95634], [78.12108, 12.95575], [78.12106, 12.9557], [78.12092, 12.95524], [78.12056, 12.95466], [78.12046, 12.95405], [78.12024, 12.95353], [78.11986, 12.95298], [78.11954, 12.95253], [78.11904, 12.95215], [78.1185, 12.95187], [78.11794, 12.95158], [78.11738, 12.95124], [78.11698, 12.95076], [78.11672, 12.95019], [78.1165, 12.9496], [78.11636, 12.94914], [78.11631, 12.94898], [78.11622, 12.94838], [78.11634, 12.94778], [78.11658, 12.94726], [78.11684, 12.94662], [78.11702, 12.94616], [78.11706, 12.94606], [78.11754, 12.94559], [78.11803, 12.9452], [78.11854, 12.94486], [78.11915, 12.94461], [78.1197, 12.94441], [78.1203, 12.94418], [78.12089, 12.94398], [78.12151, 12.94379], [78.12209, 12.94369], [78.12261, 12.94391], [78.12289, 12.94407], [78.12317, 12.94423], [78.12373, 12.94439], [78.1242, 12.9448], [78.1246, 12.94521], [78.12505, 12.94565], [78.1255, 12.94602], [78.12599, 12.94641], [78.12647, 12.94675], [78.127, 12.94716], [78.12739, 12.94742], [78.12757, 12.94754], [78.12776, 12.94822], [78.12778, 12.9488], [78.12794, 12.95007], [78.12836, 12.95055], [78.12881, 12.95096], [78.12938, 12.95117], [78.12998, 12.95136], [78.13046, 12.95143], [78.13063, 12.95146], [78.13117, 12.95163], [78.1323, 12.95186], [78.13292, 12.95197], [78.13344, 12.95207], [78.13353, 12.95154], [78.13372, 12.95103], [78.13398, 12.95053], [78.13424, 12.94998], [78.13447, 12.94967], [78.13497, 12.94899], [78.13676, 12.94744], [78.13676, 12.94712], [78.13676, 12.94685], [78.13665, 12.94619], [78.13651, 12.94561], [78.13636, 12.94495], [78.13625, 12.94445], [78.13616, 12.94381], [78.13605, 12.94319], [78.13594, 12.94258], [78.13585, 12.94196], [78.13577, 12.94137], [78.1356, 12.94075], [78.13526, 12.94018], [78.13462, 12.94009], [78.13398, 12.94007], [78.13373, 12.94002], [78.13337, 12.93995], [78.13274, 12.93967], [78.13156, 12.9392], [78.13116, 12.93899], [78.13101, 12.93891], [78.13045, 12.93865], [78.12985, 12.93843], [78.12957, 12.93834], [78.12928, 12.93824], [78.12868, 12.93814], [78.12796, 12.93811], [78.12785, 12.93812], [78.12736, 12.93814], [78.1268, 12.93825], [78.12618, 12.93829], [78.12553, 12.93842], [78.12494, 12.93864], [78.1244, 12.93886], [78.12388, 12.93916], [78.1233, 12.93939], [78.12267, 12.93962], [78.12208, 12.93978], [78.12146, 12.94001], [78.12086, 12.94026], [78.1202, 12.94042], [78.12013, 12.93981], [78.12007, 12.93907], [78.12002, 12.93838], [78.12001, 12.93779], [78.11992, 12.93592], [78.11991, 12.93531], [78.11989, 12.93467], [78.11988, 12.93404], [78.11989, 12.934], [78.11992, 12.93376], [78.11995, 12.93351], [78.11998, 12.93287], [78.12, 12.93226], [78.12001, 12.93163], [78.12005, 12.93102], [78.12009, 12.9304], [78.11964, 12.92996], [78.11917, 12.92952], [78.11871, 12.92914], [78.11812, 12.92922], [78.11753, 12.92937], [78.11692, 12.92954], [78.11632, 12.92981], [78.11575, 12.93007], [78.11518, 12.9302], [78.11509, 12.93022], [78.11443, 12.93035], [78.11378, 12.93045], [78.11347, 12.9305], [78.11318, 12.93055], [78.11318, 12.93054], [78.11291, 12.92998], [78.11261, 12.92948], [78.11231, 12.92895], [78.11199, 12.92836], [78.11169, 12.92783], [78.11114, 12.92673], [78.11085, 12.92614], [78.11057, 12.9256], [78.11029, 12.92509], [78.10992, 12.92456], [78.10968, 12.92397], [78.10894, 12.92274], [78.10858, 12.92272], [78.1083, 12.92271], [78.10701, 12.92283], [78.10638, 12.92288], [78.10571, 12.92298], [78.1051, 12.92308], [78.1047, 12.92315], [78.10447, 12.92319], [78.10385, 12.9232], [78.10234, 12.92248], [78.10181, 12.92222], [78.10134, 12.92184], [78.10084, 12.92151], [78.10039, 12.92103], [78.09965, 12.92011], [78.09962, 12.92005], [78.0993, 12.91954], [78.09894, 12.91905], [78.09863, 12.9185], [78.09817, 12.91807], [78.09806, 12.91802], [78.09757, 12.91784], [78.09701, 12.91751], [78.09647, 12.91723], [78.09595, 12.91688], [78.0955, 12.91651], [78.09501, 12.91609], [78.0949, 12.91597], [78.0946, 12.91565], [78.09451, 12.91555], [78.09412, 12.91515], [78.09369, 12.9147], [78.0931, 12.91424], [78.09326, 12.91372], [78.0935, 12.91321], [78.0937, 12.91258], [78.09393, 12.91202], [78.09414, 12.91138], [78.09435, 12.91085], [78.09457, 12.91032], [78.09476, 12.90988], [78.095, 12.90944], [78.09512, 12.90921], [78.09549, 12.90874], [78.09594, 12.90831], [78.09648, 12.90798], [78.09623, 12.90731], [78.09603, 12.90677], [78.09583, 12.90622], [78.09574, 12.90558], [78.09561, 12.90498], [78.09551, 12.90438], [78.09537, 12.90389], [78.09562, 12.90375], [78.09594, 12.90359], [78.09648, 12.90326], [78.09708, 12.90301], [78.09762, 12.90274], [78.09819, 12.90249], [78.09869, 12.90225], [78.09924, 12.90212], [78.0993, 12.90211], [78.09988, 12.90219], [78.10055, 12.90234], [78.10117, 12.90254], [78.10188, 12.90285], [78.10192, 12.90286], [78.10239, 12.903], [78.10251, 12.90304], [78.10251, 12.90241], [78.10249, 12.90179], [78.10247, 12.9012], [78.10245, 12.90059], [78.10249, 12.90007], [78.10298, 12.89976], [78.10349, 12.89942], [78.10406, 12.89907], [78.10453, 12.89875], [78.10508, 12.89841], [78.10561, 12.89807], [78.10548, 12.89774], [78.10536, 12.89747], [78.10489, 12.89631], [78.10468, 12.89572], [78.10439, 12.89514], [78.10418, 12.89459], [78.1039, 12.89397], [78.10365, 12.89331], [78.10364, 12.89274], [78.10375, 12.89213], [78.10385, 12.89152], [78.10393, 12.89094], [78.10405, 12.89034], [78.10413, 12.89001], [78.10421, 12.88968], [78.10426, 12.88922], [78.10427, 12.8892], [78.10443, 12.88856], [78.10456, 12.88808], [78.10516, 12.88786], [78.10579, 12.88765], [78.10632, 12.88739], [78.10661, 12.88686], [78.10698, 12.88632], [78.1072, 12.88579], [78.10744, 12.88521], [78.10767, 12.88462], [78.10794, 12.88409], [78.10805, 12.88382], [78.10817, 12.88354], [78.10838, 12.88314], [78.10902, 12.88307], [78.10967, 12.88308], [78.11024, 12.88303], [78.11102, 12.88186], [78.1128, 12.88156], [78.11404, 12.88188], [78.11455, 12.88138], [78.11515, 12.88135], [78.11568, 12.88133], [78.11605, 12.88129], [78.11639, 12.88126], [78.11684, 12.88104], [78.11735, 12.88069], [78.11787, 12.88032], [78.11832, 12.88002], [78.11889, 12.87966], [78.11939, 12.87926], [78.11946, 12.87922], [78.11986, 12.87892], [78.11985, 12.87889], [78.11972, 12.87829], [78.11959, 12.87771], [78.11944, 12.87712], [78.11926, 12.87652], [78.11922, 12.87634], [78.11911, 12.87588], [78.11899, 12.87521], [78.11887, 12.87487], [78.11886, 12.87485], [78.11882, 12.8747], [78.11868, 12.87411], [78.11851, 12.87376], [78.11779, 12.87233], [78.11727, 12.87225], [78.11666, 12.87223], [78.11666, 12.87223], [78.11666, 12.8722], [78.11667, 12.87192], [78.11667, 12.87178], [78.11667, 12.87126], [78.11667, 12.87123], [78.11667, 12.87123], [78.11608, 12.87108], [78.11552, 12.87084], [78.11548, 12.87039], [78.11546, 12.87039], [78.11489, 12.87043], [78.11431, 12.87043], [78.11427, 12.87], [78.11362, 12.87004], [78.11342, 12.86948], [78.11316, 12.869], [78.11284, 12.86832], [78.11257, 12.86779], [78.11232, 12.86722], [78.1118, 12.8675], [78.1112, 12.86783], [78.11067, 12.86804], [78.1101, 12.86824], [78.10966, 12.86836], [78.10956, 12.86779], [78.10955, 12.86714], [78.10948, 12.86655], [78.1094, 12.86626], [78.10931, 12.86596], [78.1093, 12.86593], [78.10862, 12.86608], [78.10802, 12.86624], [78.1074, 12.86644], [78.10682, 12.86662], [78.10626, 12.86686], [78.10565, 12.86711], [78.10505, 12.86738], [78.10463, 12.86756], [78.10434, 12.86697], [78.10413, 12.86645], [78.10387, 12.86581], [78.10365, 12.8653], [78.10337, 12.86477], [78.10305, 12.86417], [78.1028, 12.86368], [78.1025, 12.86316], [78.10216, 12.86259], [78.10172, 12.86204], [78.10142, 12.86166], [78.10105, 12.86111], [78.10069, 12.8606], [78.1004, 12.86009], [78.10003, 12.85958], [78.09966, 12.85904], [78.09937, 12.8585], [78.09907, 12.85804], [78.09877, 12.85748], [78.09867, 12.85732], [78.09844, 12.85693], [78.0981, 12.85643], [78.09771, 12.85591], [78.09735, 12.85546], [78.09697, 12.855], [78.0966, 12.85448], [78.09622, 12.85398], [78.09591, 12.85354], [78.09555, 12.85294], [78.09518, 12.85244], [78.09482, 12.85196], [78.09445, 12.85149], [78.09413, 12.85101], [78.09376, 12.85052], [78.09341, 12.85001], [78.09304, 12.84946], [78.09273, 12.84893], [78.09238, 12.84845], [78.09204, 12.84794], [78.09371, 12.84752], [78.09314, 12.84643], [78.09194, 12.84209], [78.08977, 12.83695], [78.08846, 12.83393], [78.08766, 12.83079], [78.08677, 12.8303], [78.08674, 12.83055], [78.0867, 12.83085], [78.08663, 12.83118], [78.08656, 12.83141], [78.08652, 12.83152], [78.08643, 12.83166], [78.0862, 12.83194], [78.0862, 12.83194], [78.0861, 12.832], [78.0861, 12.832], [78.08576, 12.83217], [78.08543, 12.83226], [78.08533, 12.83227], [78.08499, 12.83231], [78.08453, 12.83236], [78.08419, 12.83238], [78.08343, 12.83233], [78.08296, 12.83227], [78.08272, 12.83227], [78.08227, 12.83226], [78.08209, 12.83226], [78.08164, 12.83221], [78.08131, 12.83217], [78.08093, 12.83209], [78.08063, 12.83204], [78.08021, 12.83194], [78.07977, 12.83179], [78.07951, 12.83165], [78.07901, 12.83136], [78.07794, 12.83076], [78.07776, 12.83067], [78.07748, 12.83056], [78.07732, 12.83052], [78.07711, 12.83049], [78.07686, 12.83049], [78.07603, 12.83052], [78.07578, 12.83054], [78.07542, 12.83059], [78.07523, 12.83061], [78.07509, 12.83061], [78.07462, 12.83058], [78.07423, 12.83055], [78.07386, 12.83051], [78.07386, 12.83052], [78.07387, 12.83058], [78.0739, 12.83078], [78.07396, 12.83112], [78.0741, 12.83184], [78.07419, 12.8323], [78.07425, 12.83256], [78.07444, 12.83332], [78.07453, 12.8337], [78.07461, 12.83404], [78.07472, 12.83473], [78.07478, 12.83514], [78.0749, 12.83547], [78.07508, 12.8362], [78.07519, 12.83644], [78.07552, 12.83663], [78.07613, 12.83704], [78.07638, 12.83722], [78.07669, 12.83741], [78.07699, 12.83767], [78.07726, 12.8381], [78.07733, 12.83847], [78.07725, 12.83876], [78.07724, 12.83878], [78.07721, 12.83885], [78.07699, 12.83912], [78.07699, 12.83912], [78.07699, 12.83912], [78.07673, 12.83941], [78.0766, 12.83956], [78.07652, 12.83965], [78.07652, 12.83965], [78.07646, 12.8397], [78.07616, 12.83989], [78.0756, 12.84027], [78.07525, 12.8405], [78.07506, 12.84063], [78.07429, 12.84108], [78.074, 12.84119], [78.0738, 12.84129], [78.07307, 12.84167], [78.07284, 12.8418], [78.07255, 12.84192], [78.07183, 12.84219], [78.07153, 12.84231], [78.0712, 12.8424], [78.07041, 12.8426], [78.07016, 12.84264], [78.06911, 12.84283], [78.06866, 12.84282], [78.06824, 12.84263], [78.06736, 12.84222], [78.06687, 12.84196], [78.06637, 12.84203], [78.06548, 12.84231], [78.06512, 12.84242], [78.06476, 12.84249], [78.0639, 12.84277], [78.06349, 12.84286], [78.06315, 12.84295], [78.06233, 12.8432], [78.06183, 12.84335], [78.06132, 12.84347], [78.06047, 12.84375], [78.06021, 12.84383], [78.06021, 12.84383], [78.06022, 12.8439], [78.06023, 12.84398], [78.06026, 12.84416], [78.0603, 12.84487], [78.06034, 12.84524], [78.06036, 12.84558], [78.06039, 12.84642], [78.06037, 12.84652], [78.06032, 12.8468], [78.06022, 12.84719], [78.06003, 12.84791], [78.05992, 12.84829], [78.05979, 12.8486], [78.05965, 12.84916], [78.05938, 12.85003], [78.05914, 12.85082], [78.05905, 12.85117], [78.05904, 12.85117], [78.05873, 12.85146], [78.05814, 12.8519], [78.05783, 12.85211], [78.05748, 12.85224], [78.05668, 12.85249], [78.05632, 12.85263], [78.05608, 12.85273], [78.05519, 12.85312], [78.05491, 12.85323], [78.05463, 12.85336], [78.0539, 12.85362], [78.05356, 12.85379], [78.05333, 12.85385], [78.05314, 12.85385], [78.05283, 12.85382], [78.05259, 12.85376], [78.05237, 12.85364], [78.05208, 12.85337], [78.05186, 12.85308], [78.05152, 12.85256], [78.05143, 12.85243], [78.0512, 12.85155], [78.051, 12.85078], [78.05089, 12.8504], [78.05078, 12.8499], [78.05063, 12.84916], [78.05047, 12.84874], [78.05, 12.84878], [78.04999, 12.84878], [78.04997, 12.84879], [78.04913, 12.84893], [78.04882, 12.84898], [78.04856, 12.84904], [78.04769, 12.84922], [78.04731, 12.84927], [78.04703, 12.84934], [78.04628, 12.84952], [78.04595, 12.84956], [78.04556, 12.84964], [78.04477, 12.84981], [78.04435, 12.84991], [78.04405, 12.85], [78.04332, 12.85015], [78.04293, 12.85023], [78.04262, 12.8503], [78.04192, 12.85051], [78.04148, 12.8507], [78.04121, 12.85073], [78.04059, 12.85096], [78.04023, 12.85108], [78.03993, 12.85117], [78.03906, 12.85136], [78.03868, 12.85147], [78.03839, 12.85148], [78.03745, 12.85161], [78.03704, 12.85164], [78.03667, 12.8517], [78.03574, 12.8518], [78.03536, 12.85184], [78.03501, 12.85188], [78.03414, 12.85196], [78.03367, 12.852], [78.03332, 12.85205], [78.03261, 12.85217], [78.03217, 12.8522], [78.03173, 12.85223], [78.03097, 12.85235], [78.03073, 12.85245], [78.03073, 12.85245], [78.03073, 12.85285], [78.0307, 12.85353], [78.03072, 12.85386], [78.03072, 12.85414], [78.0307, 12.8548], [78.03069, 12.85513], [78.0307, 12.85545], [78.0307, 12.85624], [78.0307, 12.85654], [78.0307, 12.85694], [78.03067, 12.85769], [78.03065, 12.85802], [78.03065, 12.85802], [78.03039, 12.85805], [78.02949, 12.85804], [78.02911, 12.858], [78.02879, 12.85797], [78.02799, 12.85786], [78.02757, 12.85778], [78.02734, 12.85771], [78.0264, 12.85747], [78.02603, 12.85734], [78.02568, 12.85716], [78.02516, 12.85676], [78.02492, 12.8567], [78.02425, 12.85658], [78.02387, 12.8565], [78.02386, 12.85623], [78.02381, 12.85544], [78.02376, 12.85512], [78.02376, 12.85474], [78.02376, 12.85396], [78.02376, 12.85361], [78.02384, 12.85317], [78.02407, 12.85251], [78.02436, 12.85217], [78.02454, 12.85197], [78.02454, 12.85197], [78.02515, 12.85145], [78.0255, 12.85117], [78.0255, 12.85117], [78.02581, 12.85086], [78.02582, 12.85086], [78.02643, 12.85027], [78.02643, 12.85027], [78.02643, 12.85026], [78.02668, 12.85003], [78.02707, 12.84981], [78.02791, 12.84942], [78.02825, 12.84932], [78.0287, 12.84922], [78.02936, 12.84907], [78.0297, 12.84891], [78.0297, 12.84891], [78.02968, 12.84853], [78.02955, 12.84782], [78.02947, 12.84749], [78.02944, 12.84726], [78.02931, 12.84649], [78.0292, 12.84625], [78.02916, 12.84597], [78.02907, 12.84536], [78.02899, 12.84519], [78.02892, 12.84511], [78.0288, 12.84497], [78.02815, 12.84449], [78.02788, 12.84429], [78.02762, 12.84412], [78.02701, 12.84367], [78.02668, 12.84344], [78.0265, 12.84331], [78.0262, 12.8431], [78.02604, 12.84299], [78.02572, 12.8428], [78.02548, 12.84263], [78.02519, 12.84244], [78.0246, 12.84197], [78.02433, 12.84174], [78.02409, 12.84183], [78.02341, 12.84214], [78.0231, 12.84229], [78.02283, 12.8424], [78.02216, 12.84269], [78.02177, 12.84284], [78.02149, 12.84296], [78.02081, 12.84325], [78.02045, 12.84338], [78.02017, 12.84347], [78.01944, 12.8438], [78.01915, 12.84394], [78.01905, 12.84358], [78.01893, 12.84281], [78.01888, 12.84247], [78.01889, 12.84211], [78.01885, 12.84128], [78.0188, 12.8408], [78.01877, 12.84043], [78.01876, 12.84034], [78.01873, 12.8396], [78.01873, 12.83917], [78.01874, 12.8388], [78.01871, 12.83784], [78.01868, 12.83748], [78.01868, 12.83709], [78.01864, 12.83633], [78.01864, 12.83628], [78.01858, 12.83584], [78.01854, 12.83546], [78.0185, 12.83462], [78.01845, 12.83429], [78.01844, 12.83383], [78.01839, 12.83312], [78.01835, 12.83233], [78.0183, 12.83149], [78.0183, 12.8311], [78.0183, 12.83106], [78.0183, 12.83105], [78.0183, 12.83106], [78.0183, 12.83105], [78.01797, 12.83087], [78.01688, 12.83051], [78.0165, 12.83038], [78.01613, 12.83025], [78.01519, 12.82996], [78.01466, 12.82982], [78.01412, 12.82995], [78.01313, 12.83029], [78.01271, 12.83039], [78.01243, 12.83051], [78.01131, 12.8308], [78.01062, 12.83091], [78.01043, 12.83074], [78.00992, 12.83029], [78.00963, 12.83005], [78.00939, 12.82986], [78.00887, 12.82937], [78.00854, 12.82906], [78.00815, 12.82885], [78.00734, 12.82829], [78.00703, 12.82807], [78.00678, 12.82788], [78.00597, 12.82736], [78.00554, 12.82712], [78.00502, 12.82683], [78.00426, 12.82617], [78.00404, 12.82588], [78.00396, 12.82569], [78.00392, 12.8256], [78.00371, 12.82478], [78.00373, 12.82454], [78.00374, 12.82441], [78.00385, 12.824], [78.00434, 12.82336], [78.00456, 12.82314], [78.00456, 12.82314], [78.00485, 12.8229], [78.00554, 12.8224], [78.0058, 12.82217], [78.0061, 12.82195], [78.00675, 12.82151], [78.00705, 12.82131], [78.00736, 12.8211], [78.00802, 12.82074], [78.00837, 12.82058], [78.00872, 12.82046], [78.00951, 12.82011], [78.0098, 12.81998], [78.01005, 12.81987], [78.01079, 12.8196], [78.01115, 12.81949], [78.01144, 12.81939], [78.01232, 12.81906], [78.01277, 12.81882], [78.01277, 12.81882], [78.01286, 12.81852], [78.01306, 12.81774], [78.01313, 12.8174], [78.01323, 12.81703], [78.0135, 12.8161], [78.01364, 12.81565], [78.01389, 12.81538], [78.01389, 12.81538], [78.01389, 12.81538], [78.01425, 12.81501], [78.01425, 12.81501], [78.01425, 12.81501], [78.01444, 12.81483], [78.01453, 12.81473], [78.01463, 12.81462], [78.01463, 12.81462], [78.01464, 12.81462], [78.01503, 12.81417], [78.01528, 12.81384], [78.01531, 12.81379], [78.01531, 12.81379], [78.01511, 12.81337], [78.01469, 12.81263], [78.01444, 12.8122], [78.0142, 12.81176], [78.01375, 12.81106], [78.01355, 12.81073], [78.01342, 12.81045], [78.01298, 12.80981], [78.0128, 12.80952], [78.01257, 12.80924], [78.0121, 12.80858], [78.0119, 12.80829], [78.01174, 12.808], [78.01122, 12.80732], [78.011, 12.80708], [78.01069, 12.80676], [78.01008, 12.80616], [78.00978, 12.80577], [78.00975, 12.80574], [78.00975, 12.80574], [78.00945, 12.80596], [78.00913, 12.80622], [78.00893, 12.80639], [78.00868, 12.80654], [78.00804, 12.80701], [78.0077, 12.80722], [78.00741, 12.80743], [78.00695, 12.80788], [78.00695, 12.80788], [78.00673, 12.80849], [78.00673, 12.80849], [78.00646, 12.80858], [78.00561, 12.80862], [78.0055, 12.80815], [78.00481, 12.80826], [78.00414, 12.80827], [78.00383, 12.80827], [78.00345, 12.8083], [78.0027, 12.80828], [78.00235, 12.80826], [78.00202, 12.80825], [78.0012, 12.80823], [78.00079, 12.80823], [78.00033, 12.80822], [77.99965, 12.80821], [77.99912, 12.80821], [77.99886, 12.80821], [77.99885, 12.80821], [77.99881, 12.8082], [77.9984, 12.80808], [77.99747, 12.80798], [77.99669, 12.80787], [77.99638, 12.80719], [77.99585, 12.80618], [77.99562, 12.80587], [77.9952, 12.80586], [77.99465, 12.80607], [77.99341, 12.80688], [77.9925, 12.80743], [77.99095, 12.80783], [77.98922, 12.80816], [77.98852, 12.80819], [77.98852, 12.80819], [77.98852, 12.80819], [77.9887, 12.80953], [77.98893, 12.81204], [77.98918, 12.81451], [77.98936, 12.81664], [77.98949, 12.81814], [77.98973, 12.82073], [77.98978, 12.82152], [77.98978, 12.82155], [77.98978, 12.82155], [77.98978, 12.82155], [77.98942, 12.82156], [77.98821, 12.82158], [77.98714, 12.82168], [77.9868, 12.82182], [77.98651, 12.82201], [77.98557, 12.82269], [77.984, 12.82376], [77.98019, 12.82636], [77.97927, 12.82704], [77.97927, 12.82704], [77.97904, 12.82745], [77.9791, 12.8276], [77.97916, 12.82778], [77.97974, 12.82862], [77.98006, 12.82946], [77.98015, 12.8304], [77.98028, 12.83144], [77.98043, 12.83274], [77.98048, 12.83341], [77.9805, 12.83403], [77.9805, 12.83408], [77.98049, 12.83422], [77.98049, 12.83452], [77.98047, 12.8349], [77.98039, 12.83506], [77.98039, 12.83506], [77.98021, 12.83519], [77.97987, 12.83529], [77.97957, 12.83535], [77.9792, 12.83536], [77.97854, 12.83534], [77.97708, 12.83521], [77.97558, 12.83504], [77.97405, 12.83483], [77.97392, 12.83475], [77.97377, 12.83446], [77.97348, 12.83375], [77.97307, 12.83308], [77.9727, 12.83282], [77.97127, 12.83282], [77.97027, 12.83283], [77.96932, 12.83288], [77.96864, 12.83277], [77.96768, 12.83264], [77.96686, 12.8325], [77.96686, 12.8325], [77.9668, 12.83251], [77.96586, 12.83262], [77.96508, 12.83268], [77.96432, 12.83284], [77.96432, 12.83284], [77.96407, 12.83309], [77.96404, 12.83312], [77.96379, 12.83348], [77.96334, 12.83442], [77.96295, 12.83532], [77.96262, 12.83624], [77.96262, 12.83624], [77.96261, 12.83629], [77.96253, 12.8366], [77.96257, 12.83737], [77.96264, 12.83772], [77.96283, 12.83882], [77.96295, 12.83956], [77.96324, 12.84058], [77.96374, 12.84174], [77.96391, 12.84211], [77.96454, 12.84348], [77.9651, 12.84467], [77.96515, 12.84491], [77.96515, 12.84542], [77.9652, 12.84643], [77.96531, 12.84781], [77.96535, 12.84816], [77.96535, 12.84818], [77.96535, 12.84818], [77.96535, 12.84818], [77.96501, 12.84824], [77.96425, 12.84825], [77.96411, 12.84829], [77.96411, 12.84829], [77.96408, 12.8486], [77.96412, 12.84909], [77.9642, 12.84958], [77.96411, 12.8497], [77.96411, 12.8497], [77.96355, 12.84994], [77.963, 12.85018], [77.96283, 12.8501], [77.96215, 12.84972], [77.96158, 12.84952], [77.96066, 12.84956], [77.95958, 12.84961], [77.95837, 12.84959], [77.95735, 12.84964], [77.95586, 12.84983], [77.95526, 12.84995], [77.95407, 12.85012], [77.95327, 12.85017], [77.95278, 12.85013], [77.95277, 12.85013], [77.95269, 12.85023], [77.95274, 12.85052], [77.95282, 12.85106], [77.95291, 12.85152], [77.95315, 12.85284], [77.95334, 12.85389], [77.95334, 12.85389], [77.95305, 12.85401], [77.95283, 12.85413], [77.95283, 12.85413], [77.9528, 12.85448], [77.95292, 12.85559], [77.95287, 12.85648], [77.9525, 12.85701], [77.95249, 12.85701], [77.95234, 12.85712], [77.95218, 12.85713], [77.95179, 12.857], [77.9513, 12.85691], [77.95038, 12.85682], [77.94889, 12.85692], [77.9483, 12.85687], [77.94751, 12.85692], [77.94686, 12.85704], [77.94577, 12.85734], [77.94451, 12.85763], [77.9439, 12.85781], [77.94365, 12.85782], [77.94342, 12.85769], [77.94242, 12.8568], [77.94172, 12.85641], [77.94116, 12.85606], [77.94093, 12.85518], [77.94045, 12.85422], [77.93999, 12.85314], [77.93994, 12.85174], [77.93989, 12.85083], [77.93991, 12.85031], [77.93989, 12.84903], [77.94005, 12.84758], [77.94026, 12.84677], [77.94052, 12.84594], [77.94056, 12.84545], [77.94058, 12.84525], [77.94087, 12.84485], [77.94115, 12.84457], [77.94142, 12.84429], [77.94217, 12.8436], [77.94279, 12.84305], [77.94353, 12.84236], [77.94353, 12.84236], [77.94402, 12.84201], [77.94402, 12.84201], [77.94456, 12.84151], [77.94515, 12.84095], [77.94583, 12.84026], [77.94615, 12.83992], [77.94642, 12.83964], [77.94654, 12.83924], [77.94659, 12.83888], [77.94659, 12.83878], [77.94659, 12.83876], [77.9466, 12.83873], [77.9466, 12.83872], [77.9466, 12.83872], [77.94661, 12.83871], [77.94661, 12.83871], [77.94661, 12.83871], [77.94528, 12.83683], [77.9445, 12.83542], [77.94356, 12.83372], [77.9426, 12.83208], [77.94217, 12.83121], [77.94195, 12.83053], [77.94161, 12.82867], [77.94156, 12.8278], [77.94153, 12.8272], [77.9413, 12.82529], [77.94111, 12.8245], [77.94068, 12.82334], [77.94068, 12.82334], [77.94065, 12.82332], [77.94026, 12.82304], [77.93929, 12.82311], [77.93838, 12.82313], [77.93696, 12.82302], [77.93553, 12.82292], [77.9348, 12.82293], [77.93434, 12.8231], [77.93336, 12.82368], [77.93221, 12.82438], [77.93093, 12.82521], [77.93031, 12.82556], [77.92969, 12.82593], [77.92896, 12.82638], [77.92896, 12.82639], [77.92852, 12.82678], [77.92825, 12.82715], [77.92792, 12.82783], [77.9275, 12.82891], [77.92714, 12.82975], [77.92676, 12.83017], [77.92676, 12.83017], [77.92651, 12.83028], [77.92587, 12.83038], [77.92482, 12.83045], [77.92404, 12.83029], [77.92337, 12.82996], [77.92256, 12.8294], [77.92147, 12.82864], [77.92056, 12.82816], [77.92055, 12.82816], [77.92008, 12.82878], [77.91955, 12.8294], [77.91857, 12.83058], [77.91807, 12.83135], [77.91801, 12.83213], [77.91791, 12.83355], [77.91801, 12.83446], [77.91796, 12.83507], [77.91789, 12.8356], [77.91747, 12.83703], [77.91729, 12.83793], [77.91728, 12.83817], [77.91728, 12.83818], [77.91728, 12.83823], [77.91727, 12.83827], [77.91725, 12.83885], [77.91732, 12.83917], [77.91747, 12.83974], [77.91773, 12.84028], [77.9179, 12.84071], [77.91823, 12.84124], [77.91842, 12.84133], [77.91872, 12.84134], [77.91932, 12.84142], [77.9199, 12.8424], [77.92078, 12.84396], [77.92194, 12.84603], [77.92258, 12.84722], [77.92315, 12.8483], [77.92338, 12.84891], [77.92347, 12.84919], [77.92373, 12.84998], [77.92402, 12.85063], [77.92424, 12.85112], [77.92386, 12.85189], [77.92334, 12.85302], [77.92303, 12.85392], [77.92287, 12.85473], [77.92286, 12.85478], [77.92285, 12.85481], [77.92281, 12.85556], [77.92313, 12.85601], [77.92367, 12.85678], [77.92394, 12.85715], [77.92423, 12.85733], [77.92433, 12.85733], [77.92503, 12.85738], [77.92563, 12.85737], [77.92652, 12.85745], [77.92696, 12.85752], [77.92736, 12.85805], [77.92799, 12.85881], [77.92865, 12.85933], [77.92963, 12.85992], [77.93011, 12.86023], [77.93073, 12.86082], [77.93092, 12.86107], [77.93124, 12.86169], [77.93135, 12.86181], [77.9317, 12.86184], [77.93267, 12.86178], [77.93337, 12.86171], [77.9335, 12.86203], [77.93369, 12.86271], [77.93471, 12.86272], [77.93559, 12.86275], [77.93589, 12.86313], [77.936, 12.86343], [77.93587, 12.86396], [77.93592, 12.86484], [77.93612, 12.8659], [77.93642, 12.86667], [77.93662, 12.86684], [77.93692, 12.86682], [77.93795, 12.8668], [77.93865, 12.86684], [77.93944, 12.86705], [77.93974, 12.86721], [77.93982, 12.86747], [77.94036, 12.86778], [77.94121, 12.86822], [77.94133, 12.86874], [77.94167, 12.87085], [77.94178, 12.87164], [77.94163, 12.87274], [77.94162, 12.87273], [77.93887, 12.87255], [77.9354, 12.87327], [77.93204, 12.8738], [77.9304, 12.87422], [77.92774, 12.87491], [77.92772, 12.87492], [77.92772, 12.87492], [77.92738, 12.87642], [77.9273, 12.87684], [77.927, 12.87824], [77.92689, 12.87886], [77.92695, 12.87979], [77.92706, 12.88054], [77.92714, 12.88152], [77.92731, 12.88145], [77.92827, 12.88107], [77.92901, 12.88078], [77.92901, 12.88078], [77.92902, 12.88053], [77.92902, 12.88053], [77.93067, 12.88052], [77.93224, 12.88059], [77.93361, 12.88067], [77.93463, 12.88066], [77.93527, 12.88163], [77.936, 12.88311], [77.9361, 12.88361], [77.93607, 12.88451], [77.93599, 12.88544], [77.93601, 12.88724], [77.93601, 12.88725], [77.93336, 12.88804], [77.93335, 12.88804], [77.93209, 12.88899], [77.93209, 12.88899], [77.93099, 12.88961], [77.93099, 12.88961], [77.93011, 12.89031], [77.92932, 12.89092], [77.92932, 12.89092], [77.92799, 12.89067], [77.92645, 12.89032], [77.92509, 12.89009], [77.92389, 12.88819], [77.92318, 12.88701], [77.92227, 12.8855], [77.92189, 12.88477], [77.92187, 12.88474], [77.92187, 12.88474], [77.92026, 12.88455], [77.91791, 12.88447], [77.91635, 12.88447], [77.91545, 12.88443], [77.91394, 12.88465], [77.91119, 12.88491], [77.90958, 12.88493], [77.90876, 12.88484], [77.90862, 12.88344], [77.90856, 12.88236], [77.90851, 12.8809], [77.90845, 12.87957], [77.90841, 12.87881], [77.90841, 12.87881], [77.90837, 12.87881], [77.90714, 12.87878], [77.90373, 12.87871], [77.90136, 12.87869], [77.90018, 12.8787], [77.89819, 12.87866], [77.89602, 12.87864], [77.89492, 12.87857], [77.89373, 12.87638], [77.89316, 12.87531], [77.89245, 12.87394], [77.89212, 12.8732], [77.89137, 12.8717], [77.89098, 12.8709], [77.89034, 12.86966], [77.88949, 12.86974], [77.88856, 12.86985], [77.88626, 12.87013], [77.88475, 12.87022], [77.88335, 12.86972], [77.88254, 12.86856], [77.88253, 12.86856], [77.88252, 12.86856], [77.88162, 12.86853], [77.88072, 12.86857], [77.8793, 12.86861], [77.87795, 12.86864], [77.87727, 12.86862], [77.87692, 12.86843], [77.87655, 12.86782], [77.87624, 12.86711], [77.8761, 12.86687], [77.87594, 12.8668], [77.87507, 12.86686], [77.87389, 12.86704], [77.87248, 12.86719], [77.87067, 12.86741], [77.86925, 12.86772], [77.8685, 12.86782], [77.86765, 12.86807], [77.86765, 12.86807], [77.86754, 12.86955], [77.8675, 12.87102], [77.86739, 12.87199], [77.8671, 12.87317], [77.86666, 12.87525], [77.86643, 12.8761], [77.8646, 12.8762], [77.86251, 12.87628], [77.85939, 12.87639], [77.8571, 12.87637], [77.85568, 12.87625], [77.85537, 12.87756], [77.855, 12.87929], [77.85492, 12.88057], [77.85453, 12.88178], [77.85454, 12.88301], [77.85483, 12.8838], [77.85475, 12.88418], [77.85421, 12.88481], [77.8537, 12.88517], [77.85371, 12.88537], [77.85371, 12.88537], [77.85372, 12.88557], [77.85397, 12.88691], [77.85387, 12.888], [77.85323, 12.88959], [77.85228, 12.89091], [77.8538, 12.89436], [77.85485, 12.89659], [77.85634, 12.89952], [77.85871, 12.90426], [77.85953, 12.90682], [77.8607, 12.90946], [77.8616, 12.91204], [77.86197, 12.91352], [77.86189, 12.91427], [77.86126, 12.91474], [77.86026, 12.91522], [77.85903, 12.91572], [77.85792, 12.91631], [77.85681, 12.91649], [77.85614, 12.9164], [77.85562, 12.91627], [77.85457, 12.91582], [77.85353, 12.91537], [77.85279, 12.91537], [77.85217, 12.91549], [77.85117, 12.91553], [77.85021, 12.91547], [77.84924, 12.91543], [77.84816, 12.91564], [77.84638, 12.91596], [77.84507, 12.9163], [77.84457, 12.91635], [77.8443, 12.91618], [77.84406, 12.91588], [77.84349, 12.91524], [77.8432, 12.91495], [77.84219, 12.91404], [77.84165, 12.91513], [77.84133, 12.91611], [77.84046, 12.91772], [77.84002, 12.91875], [77.83975, 12.91966], [77.83954, 12.9218], [77.83955, 12.92199], [77.83956, 12.92218], [77.83985, 12.92285], [77.84066, 12.92422], [77.84103, 12.92483], [77.84143, 12.925], [77.84201, 12.925], [77.84295, 12.92512], [77.84378, 12.92545], [77.84486, 12.92593], [77.84571, 12.92624], [77.84602, 12.92626], [77.84664, 12.9261], [77.84697, 12.92605], [77.84736, 12.92629], [77.84791, 12.92723], [77.84938, 12.92968], [77.85061, 12.93166], [77.85102, 12.93208], [77.85172, 12.93216], [77.85298, 12.93228], [77.85429, 12.93247], [77.85612, 12.93338], [77.8581, 12.93479], [77.85918, 12.93567], [77.85966, 12.93562], [77.8631, 12.93494], [77.86442, 12.93471], [77.86612, 12.93434], [77.86749, 12.93411], [77.86918, 12.93382], [77.87074, 12.93714], [77.87176, 12.93989], [77.87183, 12.94014], [77.87317, 12.94382], [77.87363, 12.94476], [77.87366, 12.94492], [77.87371, 12.94519], [77.8736, 12.94549], [77.873, 12.9458], [77.87204, 12.94622], [77.87074, 12.94671], [77.86999, 12.94728], [77.86901, 12.94842], [77.86813, 12.94949], [77.86747, 12.95019], [77.86721, 12.95046], [77.86711, 12.95093], [77.86733, 12.95107], [77.86887, 12.95294], [77.86956, 12.9541], [77.86969, 12.95435], [77.87015, 12.95564], [77.87146, 12.95872], [77.87156, 12.95984], [77.87065, 12.96085], [77.86985, 12.96197], [77.86842, 12.96343], [77.86745, 12.96432], [77.86627, 12.9653], [77.8653, 12.96614], [77.86535, 12.967], [77.86547, 12.96829], [77.86526, 12.9708], [77.86495, 12.9723], [77.8647, 12.97365], [77.86515, 12.97363], [77.8664, 12.97351], [77.86809, 12.97327], [77.86934, 12.9732], [77.87002, 12.97296], [77.87088, 12.97281], [77.87142, 12.9729], [77.87147, 12.97327], [77.87231, 12.97515], [77.87214, 12.97523], [77.87164, 12.97546], [77.87152, 12.97573], [77.87162, 12.97634], [77.87113, 12.97635], [77.87089, 12.97634], [77.87079, 12.97656], [77.8708, 12.97733], [77.87092, 12.97775], [77.87135, 12.97832], [77.87175, 12.97883], [77.87189, 12.97965], [77.87194, 12.98145], [77.87196, 12.98272], [77.8718, 12.98367], [77.87148, 12.98379], [77.87111, 12.98404], [77.87097, 12.98512], [77.87133, 12.98538], [77.87243, 12.98625], [77.87372, 12.98708], [77.87367, 12.98738], [77.87337, 12.98878], [77.87319, 12.99012], [77.87292, 12.99216], [77.87288, 12.99323], [77.87287, 12.99454], [77.87311, 12.99517], [77.87332, 12.99572], [77.87406, 12.99765], [77.87474, 12.99866], [77.875, 12.99904], [77.87557, 12.99978], [77.87591, 13.0002], [77.87712, 13.00125], [77.87722, 13.00148], [77.87741, 13.00191], [77.87792, 13.00304], [77.87873, 13.00452], [77.87938, 13.00518], [77.88069, 13.00596], [77.88305, 13.00722], [77.88587, 13.00857], [77.88614, 13.01021], [77.88627, 13.01077], [77.88628, 13.01079], [77.88692, 13.01358], [77.88754, 13.01724], [77.88722, 13.01819], [77.88676, 13.01922], [77.88676, 13.01996], [77.88697, 13.02065], [77.88988, 13.02375], [77.89057, 13.02582], [77.89135, 13.0282], [77.89256, 13.03172], [77.8933, 13.03503], [77.88716, 13.03708], [77.88731, 13.03768], [77.8883, 13.04166], [77.88832, 13.04179], [77.88881, 13.04543], [77.88918, 13.04554], [77.89023, 13.04559], [77.89179, 13.04575], [77.89309, 13.04624], [77.89303, 13.0471], [77.89143, 13.0471], [77.89136, 13.0493], [77.89198, 13.04935], [77.8921, 13.05076], [77.89222, 13.0522], [77.89277, 13.05224], [77.8939, 13.0538], [77.89496, 13.05302], [77.89516, 13.05348], [77.89607, 13.0531], [77.89821, 13.05219], [77.89882, 13.05098], [77.90169, 13.0501], [77.90532, 13.04897], [77.90543, 13.04936], [77.90593, 13.04927], [77.90743, 13.0491], [77.91128, 13.04868], [77.91366, 13.04845], [77.91529, 13.05084], [77.91573, 13.05081], [77.91621, 13.05078], [77.91688, 13.05074], [77.91897, 13.0509], [77.91923, 13.05348], [77.91925, 13.05364], [77.91998, 13.05534], [77.92161, 13.05653], [77.92163, 13.06114], [77.92301, 13.06136], [77.92349, 13.06204], [77.92356, 13.06213], [77.92406, 13.06287], [77.92477, 13.06319], [77.92506, 13.06368], [77.92515, 13.0641], [77.92526, 13.06468], [77.92542, 13.06574], [77.92563, 13.06592], [77.92654, 13.06686], [77.9282, 13.06845], [77.92954, 13.0681], [77.93067, 13.06782], [77.93224, 13.06739], [77.93299, 13.06722], [77.93426, 13.06683], [77.93501, 13.06662], [77.93644, 13.06621], [77.93737, 13.06597], [77.93787, 13.06636], [77.93927, 13.06728], [77.9404, 13.06806], [77.94145, 13.06879], [77.94152, 13.06916], [77.94162, 13.06983], [77.94169, 13.07097], [77.94173, 13.07181], [77.94173, 13.07296], [77.94172, 13.07458], [77.94168, 13.07569], [77.94155, 13.07677], [77.94134, 13.07835], [77.94112, 13.07969], [77.94092, 13.08041], [77.94049, 13.08157], [77.93997, 13.0828], [77.93955, 13.08355], [77.93931, 13.08292], [77.93916, 13.082], [77.93899, 13.08099], [77.93897, 13.08014], [77.93898, 13.07895], [77.93875, 13.07863], [77.93811, 13.07803], [77.93713, 13.07727], [77.93623, 13.0767], [77.93611, 13.07644], [77.93602, 13.07557], [77.93373, 13.07539], [77.93362, 13.07454], [77.93268, 13.07448], [77.93245, 13.07447], [77.93183, 13.07395], [77.93098, 13.07409], [77.92877, 13.07492], [77.92623, 13.07587], [77.92649, 13.07663], [77.92678, 13.07744], [77.92699, 13.07819], [77.92723, 13.07927], [77.92749, 13.08014], [77.92739, 13.08086], [77.92726, 13.08149], [77.92704, 13.08266], [77.92641, 13.08257], [77.92558, 13.08236], [77.92446, 13.08205], [77.92297, 13.0813], [77.92035, 13.08012], [77.91838, 13.07926], [77.9174, 13.08077], [77.91584, 13.08084], [77.91332, 13.08084], [77.91376, 13.08165], [77.91424, 13.08245], [77.91527, 13.08396], [77.91674, 13.08623], [77.91607, 13.0876], [77.91533, 13.08867], [77.91409, 13.09067], [77.91385, 13.09123], [77.91323, 13.09233], [77.9111, 13.09601], [77.91013, 13.09613], [77.90763, 13.09651], [77.9064, 13.09741], [77.90431, 13.09838], [77.90154, 13.09979], [77.90134, 13.10239], [77.90498, 13.10466], [77.90809, 13.10638], [77.90846, 13.10708], [77.90896, 13.1073], [77.90933, 13.10735], [77.91009, 13.10787], [77.91167, 13.10897], [77.91243, 13.10959], [77.91328, 13.11029], [77.91412, 13.11106], [77.91417, 13.11321], [77.91433, 13.11787], [77.91465, 13.11809], [77.91518, 13.11816], [77.91541, 13.11904], [77.91605, 13.11883], [77.91729, 13.11833], [77.91887, 13.11768], [77.91977, 13.11739], [77.92181, 13.11661], [77.92364, 13.11593], [77.92349, 13.11513], [77.92328, 13.11362], [77.92307, 13.11253], [77.92523, 13.11228], [77.92536, 13.1116], [77.9255, 13.11068], [77.92755, 13.11048], [77.93128, 13.11012], [77.93234, 13.10904], [77.93264, 13.10902], [77.93399, 13.10879], [77.93734, 13.10814], [77.93933, 13.10777], [77.94027, 13.10761]]]}}, {"type": "Feature", "properties": {"taluk": "Chikkaballapura", "district": "Chikkaballapura", "state": "Karnataka"}, "geometry": {"type": "Polygon", "coordinates": [[[77.7288, 13.66564], [77.729, 13.66523], [77.73025, 13.6653], [77.73094, 13.6652], [77.73148, 13.66507], [77.7321, 13.66502], [77.73255, 13.66499], [77.73336, 13.66488], [77.73389, 13.66481], [77.73446, 13.66475], [77.73512, 13.6647], [77.73602, 13.66423], [77.73629, 13.66373], [77.73671, 13.66314], [77.73694, 13.66261], [77.73721, 13.66219], [77.73724, 13.66168], [77.73719, 13.66112], [77.73703, 13.65991], [77.73683, 13.65858], [77.7367, 13.65808], [77.73723, 13.65788], [77.73773, 13.65763], [77.73824, 13.6574], [77.73809, 13.65682], [77.73797, 13.65618], [77.73784, 13.65556], [77.73773, 13.65502], [77.73744, 13.65382], [77.73728, 13.65321], [77.73714, 13.65261], [77.73708, 13.65207], [77.73768, 13.65194], [77.73833, 13.65174], [77.739, 13.65162], [77.73948, 13.65151], [77.74011, 13.65137], [77.74073, 13.65127], [77.74141, 13.65112], [77.74194, 13.65097], [77.74253, 13.65082], [77.74318, 13.65071], [77.74379, 13.65061], [77.74427, 13.65041], [77.74403, 13.64978], [77.74373, 13.6493], [77.74341, 13.64865], [77.74304, 13.64805], [77.74319, 13.64751], [77.74358, 13.64715], [77.74425, 13.64684], [77.74489, 13.64661], [77.74544, 13.64633], [77.74599, 13.64608], [77.7464, 13.64577], [77.74728, 13.64485], [77.74791, 13.64448], [77.74886, 13.64481], [77.74962, 13.64515], [77.75019, 13.64537], [77.75135, 13.64563], [77.75252, 13.6461], [77.75371, 13.64678], [77.75355, 13.64746], [77.75256, 13.64828], [77.7527, 13.64964], [77.7527, 13.65119], [77.75126, 13.65228], [77.75019, 13.65273], [77.74944, 13.65334], [77.74886, 13.65398], [77.74906, 13.65416], [77.7491, 13.65515], [77.74939, 13.65515], [77.75008, 13.65521], [77.75043, 13.65568], [77.75081, 13.65608], [77.75116, 13.65675], [77.75184, 13.65723], [77.75277, 13.65722], [77.75293, 13.65773], [77.75349, 13.65769], [77.75407, 13.65766], [77.75407, 13.65692], [77.75414, 13.6563], [77.75428, 13.65574], [77.75461, 13.65504], [77.75498, 13.65442], [77.75527, 13.65399], [77.75541, 13.65372], [77.75552, 13.65332], [77.75554, 13.65295], [77.75537, 13.65254], [77.7551, 13.65214], [77.75491, 13.65175], [77.75483, 13.65144], [77.75489, 13.65113], [77.75496, 13.65104], [77.75507, 13.65091], [77.75537, 13.65074], [77.75561, 13.65057], [77.75581, 13.65043], [77.75603, 13.65027], [77.75614, 13.65005], [77.75613, 13.64976], [77.75561, 13.64618], [77.75449, 13.64635], [77.75446, 13.64466], [77.75307, 13.64464], [77.75307, 13.64253], [77.75215, 13.64248], [77.7511, 13.64213], [77.75028, 13.64163], [77.74886, 13.64092], [77.74865, 13.64094], [77.74871, 13.64049], [77.74871, 13.639], [77.74872, 13.637], [77.74873, 13.63614], [77.74886, 13.63609], [77.74938, 13.63651], [77.74976, 13.63698], [77.75026, 13.63743], [77.75069, 13.63789], [77.7519, 13.63755], [77.75321, 13.63723], [77.75383, 13.63701], [77.75496, 13.63632], [77.75722, 13.63463], [77.75695, 13.63404], [77.75691, 13.63344], [77.75728, 13.63321], [77.75842, 13.63238], [77.75949, 13.6318], [77.76011, 13.63162], [77.76146, 13.63111], [77.762, 13.63088], [77.76256, 13.63075], [77.76316, 13.63076], [77.76379, 13.63097], [77.76489, 13.63157], [77.76523, 13.63125], [77.76676, 13.63216], [77.76749, 13.63259], [77.76895, 13.63368], [77.77099, 13.63597], [77.77278, 13.63506], [77.7733, 13.63473], [77.77367, 13.63441], [77.77493, 13.63392], [77.77637, 13.63354], [77.77746, 13.63327], [77.77709, 13.63167], [77.77699, 13.63112], [77.77702, 13.6305], [77.77702, 13.62993], [77.777, 13.62928], [77.77731, 13.62866], [77.77762, 13.62817], [77.77807, 13.62773], [77.77922, 13.62689], [77.77974, 13.62646], [77.77809, 13.62448], [77.77677, 13.6231], [77.77581, 13.62231], [77.77529, 13.62208], [77.77419, 13.62188], [77.77304, 13.62225], [77.76876, 13.62322], [77.76813, 13.62325], [77.76757, 13.62311], [77.76779, 13.62257], [77.76812, 13.62204], [77.76918, 13.62019], [77.77019, 13.61844], [77.77127, 13.61686], [77.77267, 13.61487], [77.77304, 13.61455], [77.77365, 13.61481], [77.77433, 13.61502], [77.77496, 13.61527], [77.77555, 13.61562], [77.77617, 13.61592], [77.77674, 13.61576], [77.77733, 13.61563], [77.77802, 13.61551], [77.77857, 13.61562], [77.77929, 13.61566], [77.78001, 13.61559], [77.7812, 13.61553], [77.78263, 13.61543], [77.78313, 13.61551], [77.78359, 13.61582], [77.78405, 13.61614], [77.78447, 13.61668], [77.78487, 13.6172], [77.78528, 13.61765], [77.7862, 13.6185], [77.78671, 13.61884], [77.78734, 13.61928], [77.78792, 13.61942], [77.78911, 13.61988], [77.79019, 13.62068], [77.79084, 13.62112], [77.79131, 13.62135], [77.79286, 13.62205], [77.79365, 13.622], [77.79428, 13.62197], [77.79465, 13.62189], [77.79559, 13.62168], [77.79792, 13.62282], [77.79944, 13.62366], [77.80404, 13.62597], [77.80324, 13.62761], [77.80834, 13.62615], [77.81039, 13.62556], [77.80974, 13.62329], [77.80948, 13.62234], [77.8095, 13.62163], [77.80967, 13.62097], [77.81014, 13.61966], [77.81076, 13.61792], [77.81131, 13.61774], [77.81215, 13.61735], [77.81265, 13.61708], [77.81332, 13.61695], [77.8145, 13.61669], [77.81469, 13.61665], [77.81524, 13.61638], [77.81569, 13.61579], [77.81599, 13.61465], [77.81633, 13.61418], [77.81663, 13.61362], [77.81726, 13.61343], [77.8178, 13.61338], [77.81854, 13.61335], [77.81988, 13.61337], [77.82106, 13.61335], [77.82171, 13.6133], [77.82222, 13.6132], [77.82286, 13.61307], [77.82474, 13.61251], [77.82661, 13.61208], [77.82733, 13.61195], [77.8281, 13.61184], [77.83183, 13.61095], [77.83118, 13.61046], [77.83102, 13.61004], [77.83076, 13.60895], [77.83052, 13.60848], [77.83011, 13.60802], [77.82985, 13.60747], [77.8298, 13.6068], [77.82979, 13.60625], [77.82959, 13.60547], [77.82927, 13.60472], [77.8288, 13.6037], [77.82868, 13.60288], [77.82872, 13.60245], [77.82898, 13.60094], [77.83009, 13.59926], [77.8303, 13.59893], [77.83052, 13.5983], [77.83063, 13.59777], [77.83096, 13.59629], [77.83116, 13.59569], [77.83172, 13.59433], [77.83203, 13.59308], [77.83236, 13.59169], [77.83281, 13.59008], [77.83301, 13.58928], [77.83356, 13.5871], [77.83617, 13.58715], [77.83872, 13.58719], [77.84381, 13.5872], [77.84866, 13.58726], [77.85086, 13.58729], [77.85037, 13.58618], [77.84996, 13.58442], [77.84955, 13.5825], [77.84939, 13.58148], [77.84985, 13.58157], [77.85318, 13.5822], [77.85768, 13.58312], [77.85824, 13.58323], [77.86275, 13.58379], [77.86594, 13.58413], [77.86759, 13.58431], [77.87093, 13.58468], [77.87085, 13.57949], [77.87087, 13.57627], [77.87088, 13.57501], [77.86944, 13.57154], [77.86909, 13.57035], [77.86891, 13.56914], [77.86868, 13.56601], [77.86778, 13.56579], [77.8636, 13.56479], [77.86293, 13.56463], [77.85961, 13.56424], [77.85776, 13.56377], [77.85664, 13.56348], [77.85462, 13.56296], [77.853, 13.56244], [77.85151, 13.56196], [77.84729, 13.56054], [77.84668, 13.56034], [77.84647, 13.56031], [77.84603, 13.56023], [77.84541, 13.56005], [77.84493, 13.55991], [77.84428, 13.55972], [77.84363, 13.55972], [77.84289, 13.55975], [77.84229, 13.55974], [77.8416, 13.55965], [77.83979, 13.55914], [77.83919, 13.55908], [77.83851, 13.55895], [77.83786, 13.55885], [77.83683, 13.55767], [77.83433, 13.55481], [77.83267, 13.55285], [77.83104, 13.55085], [77.83028, 13.54996], [77.82984, 13.54946], [77.82965, 13.54889], [77.82953, 13.54822], [77.82951, 13.54513], [77.82951, 13.5433], [77.82945, 13.54196], [77.82878, 13.54108], [77.8281, 13.54012], [77.82765, 13.5396], [77.82688, 13.53865], [77.82635, 13.53823], [77.82528, 13.53755], [77.82432, 13.53703], [77.82309, 13.53653], [77.82244, 13.53628], [77.82185, 13.53606], [77.8212, 13.53598], [77.82046, 13.53591], [77.8192, 13.53587], [77.81855, 13.5358], [77.8151, 13.53522], [77.81431, 13.53508], [77.81238, 13.53486], [77.81036, 13.53475], [77.81032, 13.53406], [77.81064, 13.53277], [77.81258, 13.52628], [77.81259, 13.52565], [77.81257, 13.52431], [77.81254, 13.5229], [77.81276, 13.52023], [77.81282, 13.51911], [77.81303, 13.51841], [77.81389, 13.5168], [77.81428, 13.51597], [77.81473, 13.51514], [77.81534, 13.51384], [77.81757, 13.51513], [77.81822, 13.5151], [77.81857, 13.51501], [77.81951, 13.51477], [77.82039, 13.51429], [77.82285, 13.51294], [77.82376, 13.51235], [77.82392, 13.51226], [77.82565, 13.5114], [77.82636, 13.51161], [77.82846, 13.51186], [77.82923, 13.5119], [77.8291, 13.51121], [77.82882, 13.51055], [77.83011, 13.51035], [77.83013, 13.50934], [77.82873, 13.50919], [77.82744, 13.509], [77.82775, 13.50707], [77.82806, 13.50526], [77.82833, 13.50407], [77.82866, 13.50304], [77.82878, 13.50246], [77.82792, 13.50121], [77.82842, 13.5006], [77.82889, 13.50003], [77.82982, 13.50024], [77.83014, 13.49951], [77.82942, 13.49934], [77.82939, 13.49853], [77.82852, 13.49828], [77.8284, 13.49723], [77.82789, 13.49654], [77.82829, 13.49614], [77.82875, 13.4955], [77.82907, 13.49506], [77.82943, 13.49452], [77.8298, 13.49404], [77.83028, 13.49333], [77.83093, 13.49322], [77.83158, 13.49314], [77.83247, 13.49299], [77.83255, 13.49236], [77.83256, 13.49169], [77.83256, 13.49109], [77.83263, 13.49044], [77.8327, 13.48981], [77.8327, 13.4893], [77.83274, 13.48865], [77.83276, 13.48798], [77.83283, 13.48735], [77.83215, 13.48718], [77.83161, 13.48703], [77.83098, 13.48695], [77.83038, 13.48685], [77.82976, 13.48678], [77.82969, 13.48608], [77.82967, 13.48546], [77.82966, 13.48482], [77.82966, 13.48417], [77.82966, 13.48356], [77.82963, 13.48288], [77.82955, 13.48224], [77.82954, 13.48174], [77.82958, 13.48096], [77.82969, 13.48029], [77.83006, 13.47986], [77.83047, 13.47941], [77.83095, 13.4789], [77.83132, 13.47842], [77.83171, 13.47802], [77.83217, 13.47753], [77.8326, 13.47723], [77.83308, 13.477], [77.8332, 13.47694], [77.83379, 13.47667], [77.83486, 13.47611], [77.83539, 13.4758], [77.83591, 13.47555], [77.83648, 13.47527], [77.83707, 13.47488], [77.83758, 13.47452], [77.83813, 13.47415], [77.83867, 13.47381], [77.83915, 13.47332], [77.83967, 13.4729], [77.84011, 13.47242], [77.84057, 13.47196], [77.84101, 13.47154], [77.84136, 13.47106], [77.84172, 13.47049], [77.84201, 13.46989], [77.84234, 13.46938], [77.84266, 13.46884], [77.84303, 13.4683], [77.84319, 13.46776], [77.84315, 13.46707], [77.84313, 13.46638], [77.84309, 13.46578], [77.84307, 13.46514], [77.84304, 13.46445], [77.843, 13.46383], [77.84297, 13.46312], [77.84296, 13.46257], [77.84294, 13.46194], [77.8429, 13.46135], [77.84282, 13.46073], [77.84263, 13.46001], [77.84238, 13.45944], [77.84212, 13.45885], [77.84185, 13.45824], [77.84154, 13.45767], [77.84114, 13.45714], [77.84079, 13.45658], [77.84049, 13.45599], [77.8401, 13.45539], [77.8398, 13.45479], [77.83941, 13.45418], [77.83911, 13.45364], [77.83882, 13.4531], [77.83928, 13.45251], [77.83974, 13.45202], [77.84035, 13.45152], [77.84074, 13.45111], [77.84105, 13.45055], [77.84162, 13.45005], [77.84206, 13.4496], [77.84237, 13.44931], [77.84282, 13.44874], [77.84328, 13.44836], [77.84383, 13.44797], [77.84423, 13.4475], [77.84466, 13.44697], [77.84438, 13.44632], [77.8441, 13.44577], [77.84397, 13.44516], [77.84368, 13.44447], [77.84348, 13.44384], [77.84326, 13.44325], [77.84308, 13.44268], [77.8436, 13.44245], [77.8441, 13.4421], [77.84476, 13.44159], [77.84517, 13.44122], [77.84487, 13.44061], [77.84446, 13.43993], [77.84405, 13.43941], [77.84372, 13.43883], [77.84337, 13.43822], [77.84236, 13.43844], [77.842, 13.43968], [77.84172, 13.44016], [77.84095, 13.43986], [77.84046, 13.44048], [77.83978, 13.44012], [77.83923, 13.43978], [77.83869, 13.43937], [77.8381, 13.43922], [77.83758, 13.43905], [77.83688, 13.43853], [77.83627, 13.43833], [77.83567, 13.43801], [77.83513, 13.43783], [77.83445, 13.43739], [77.83394, 13.43727], [77.8332, 13.4369], [77.83217, 13.43628], [77.83212, 13.43561], [77.83188, 13.43494], [77.83167, 13.43434], [77.83144, 13.43376], [77.83124, 13.43314], [77.83107, 13.43252], [77.8309, 13.4316], [77.83068, 13.43058], [77.83051, 13.43001], [77.83032, 13.42934], [77.83005, 13.42877], [77.82978, 13.42818], [77.8295, 13.42759], [77.82925, 13.42699], [77.82896, 13.42647], [77.82873, 13.4261], [77.82863, 13.42595], [77.82841, 13.42539], [77.82827, 13.42477], [77.82814, 13.42406], [77.82801, 13.42352], [77.82794, 13.42278], [77.82786, 13.42217], [77.82781, 13.42166], [77.82774, 13.42086], [77.82763, 13.42026], [77.82754, 13.41963], [77.82745, 13.41902], [77.8274, 13.41836], [77.82717, 13.4177], [77.82696, 13.41722], [77.82661, 13.41656], [77.82627, 13.41602], [77.82598, 13.41546], [77.82573, 13.41494], [77.82541, 13.41437], [77.82509, 13.41383], [77.82559, 13.41334], [77.82661, 13.41279], [77.82717, 13.41234], [77.82931, 13.41056], [77.83127, 13.40907], [77.83284, 13.40705], [77.83374, 13.40659], [77.83387, 13.40558], [77.83477, 13.40461], [77.83462, 13.40342], [77.83541, 13.4026], [77.83522, 13.4015], [77.83549, 13.40104], [77.83666, 13.39951], [77.83701, 13.39898], [77.83738, 13.39851], [77.83779, 13.39794], [77.83815, 13.39743], [77.83852, 13.39691], [77.83913, 13.39637], [77.83922, 13.39578], [77.83954, 13.39518], [77.83983, 13.39467], [77.84013, 13.39412], [77.84028, 13.39353], [77.84042, 13.39289], [77.84058, 13.39231], [77.84071, 13.39165], [77.84087, 13.39103], [77.84092, 13.39048], [77.84093, 13.38988], [77.84088, 13.38918], [77.84099, 13.38855], [77.84093, 13.38788], [77.84083, 13.38727], [77.84065, 13.38666], [77.84045, 13.38605], [77.84025, 13.38546], [77.84012, 13.38492], [77.83998, 13.38425], [77.83987, 13.38371], [77.83979, 13.38306], [77.83968, 13.38236], [77.83937, 13.3818], [77.83924, 13.38138], [77.83923, 13.38137], [77.83908, 13.38117], [77.83892, 13.38049], [77.83877, 13.37993], [77.83858, 13.37932], [77.83835, 13.37871], [77.83799, 13.37801], [77.83777, 13.37751], [77.83776, 13.37749], [77.83776, 13.37749], [77.83773, 13.37749], [77.83713, 13.37751], [77.83636, 13.37772], [77.83573, 13.3779], [77.83571, 13.37791], [77.8357, 13.3779], [77.83512, 13.37755], [77.8345, 13.37723], [77.83387, 13.37683], [77.83331, 13.37643], [77.83287, 13.37605], [77.83235, 13.37563], [77.83189, 13.37519], [77.83131, 13.37465], [77.8313, 13.37464], [77.83099, 13.3743], [77.83051, 13.37385], [77.8292, 13.37324], [77.82878, 13.37297], [77.82821, 13.37263], [77.82768, 13.37238], [77.8271, 13.37207], [77.82596, 13.37154], [77.82541, 13.37132], [77.82418, 13.37073], [77.82356, 13.37065], [77.82295, 13.37078], [77.82217, 13.37101], [77.82093, 13.37141], [77.82032, 13.37161], [77.81977, 13.37184], [77.81918, 13.37207], [77.81863, 13.37232], [77.81802, 13.37258], [77.8174, 13.37282], [77.81681, 13.37302], [77.81626, 13.37326], [77.81564, 13.37346], [77.81506, 13.3737], [77.81447, 13.3739], [77.8139, 13.37415], [77.81331, 13.3743], [77.81263, 13.37441], [77.81202, 13.37447], [77.81193, 13.37386], [77.81185, 13.37326], [77.81176, 13.37261], [77.81172, 13.37196], [77.81164, 13.37144], [77.8111, 13.37117], [77.81048, 13.37096], [77.80992, 13.37074], [77.80942, 13.37047], [77.80906, 13.36988], [77.8088, 13.36935], [77.8085, 13.36886], [77.80827, 13.36832], [77.80699, 13.36853], [77.80634, 13.36857], [77.80571, 13.36868], [77.80503, 13.36871], [77.80438, 13.36879], [77.80375, 13.36878], [77.80315, 13.36876], [77.80191, 13.36871], [77.80144, 13.36812], [77.80104, 13.36752], [77.80061, 13.36701], [77.80004, 13.36693], [77.79947, 13.36691], [77.79886, 13.36686], [77.79856, 13.36623], [77.79828, 13.36575], [77.79778, 13.36587], [77.79726, 13.36553], [77.7967, 13.36517], [77.79632, 13.36485], [77.79581, 13.3645], [77.79525, 13.36415], [77.79463, 13.36431], [77.79436, 13.36375], [77.79403, 13.36319], [77.79373, 13.36275], [77.79345, 13.36219], [77.79311, 13.36166], [77.79294, 13.36106], [77.79283, 13.36058], [77.79258, 13.35988], [77.79241, 13.35921], [77.79221, 13.3586], [77.79203, 13.35798], [77.79179, 13.35736], [77.79159, 13.35679], [77.79144, 13.35615], [77.79132, 13.35561], [77.7911, 13.35503], [77.79091, 13.35449], [77.79088, 13.3538], [77.79087, 13.35321], [77.79094, 13.35253], [77.79094, 13.35189], [77.79098, 13.35126], [77.79094, 13.35052], [77.79047, 13.35087], [77.78964, 13.35136], [77.78898, 13.35177], [77.78791, 13.35195], [77.78647, 13.35198], [77.78435, 13.35195], [77.78204, 13.35194], [77.78019, 13.35203], [77.77854, 13.35216], [77.77712, 13.35234], [77.77656, 13.35247], [77.77576, 13.35269], [77.77472, 13.35305], [77.774, 13.35347], [77.77297, 13.35414], [77.77245, 13.35481], [77.77235, 13.35535], [77.77217, 13.35574], [77.77195, 13.35603], [77.77145, 13.35624], [77.77065, 13.3565], [77.76993, 13.35662], [77.769, 13.35689], [77.76844, 13.35697], [77.76775, 13.35715], [77.76693, 13.35754], [77.76626, 13.35789], [77.76596, 13.35804], [77.76521, 13.3585], [77.76458, 13.35884], [77.76378, 13.35914], [77.76293, 13.3594], [77.76213, 13.35962], [77.76164, 13.35972], [77.76089, 13.35999], [77.75996, 13.36047], [77.75541, 13.36314], [77.75501, 13.36337], [77.75478, 13.36354], [77.75451, 13.36369], [77.75437, 13.36376], [77.75414, 13.3638], [77.75397, 13.36373], [77.75377, 13.36335], [77.75355, 13.363], [77.7533, 13.36282], [77.75292, 13.36284], [77.7526, 13.36285], [77.75231, 13.36289], [77.75188, 13.36275], [77.75168, 13.36214], [77.75133, 13.3612], [77.75094, 13.36013], [77.75073, 13.3595], [77.75062, 13.35929], [77.75035, 13.35924], [77.74998, 13.35928], [77.74945, 13.35937], [77.74887, 13.35948], [77.74758, 13.35987], [77.74623, 13.36009], [77.74489, 13.36085], [77.74406, 13.36112], [77.74351, 13.36079], [77.74279, 13.36025], [77.74237, 13.3597], [77.74242, 13.35927], [77.74256, 13.35903], [77.74381, 13.35794], [77.74409, 13.35753], [77.74376, 13.35685], [77.74409, 13.3565], [77.74514, 13.35533], [77.74389, 13.35375], [77.74034, 13.35696], [77.74012, 13.35819], [77.73954, 13.35867], [77.73726, 13.3604], [77.73595, 13.361], [77.73517, 13.35986], [77.73434, 13.36032], [77.73334, 13.36065], [77.73242, 13.36073], [77.73096, 13.36084], [77.73009, 13.36087], [77.72957, 13.36109], [77.72907, 13.36149], [77.72868, 13.36228], [77.72787, 13.36239], [77.72771, 13.36323], [77.72744, 13.36325], [77.72649, 13.36332], [77.72647, 13.36318], [77.72632, 13.36163], [77.72699, 13.36128], [77.72924, 13.36035], [77.72919, 13.35925], [77.72855, 13.35169], [77.72757, 13.35174], [77.72605, 13.35183], [77.72113, 13.35221], [77.71858, 13.35257], [77.71639, 13.35178], [77.71628, 13.3523], [77.7162, 13.3527], [77.71755, 13.35349], [77.71749, 13.3557], [77.71714, 13.3615], [77.71703, 13.36258], [77.71695, 13.36405], [77.71694, 13.36419], [77.71676, 13.36556], [77.71675, 13.36563], [77.71567, 13.36574], [77.71452, 13.36585], [77.71096, 13.36623], [77.71065, 13.36552], [77.70935, 13.36565], [77.70901, 13.36452], [77.7104, 13.36429], [77.71021, 13.36324], [77.70826, 13.36305], [77.70796, 13.36196], [77.70585, 13.36228], [77.70571, 13.36209], [77.70563, 13.36192], [77.70496, 13.36107], [77.7036, 13.36056], [77.7016, 13.35991], [77.70072, 13.35963], [77.69972, 13.35931], [77.69866, 13.35898], [77.69875, 13.35541], [77.69867, 13.35424], [77.69889, 13.35095], [77.69911, 13.34923], [77.69939, 13.34828], [77.70066, 13.34747], [77.70313, 13.34606], [77.70331, 13.34518], [77.70344, 13.34425], [77.70347, 13.34344], [77.70347, 13.34276], [77.70333, 13.34254], [77.70322, 13.34243], [77.70264, 13.34186], [77.70192, 13.34107], [77.70131, 13.34047], [77.70109, 13.34009], [77.70048, 13.33876], [77.69989, 13.33737], [77.69906, 13.33753], [77.69627, 13.33833], [77.69584, 13.33929], [77.69566, 13.33973], [77.69537, 13.34044], [77.69523, 13.34078], [77.69508, 13.34111], [77.69477, 13.34135], [77.69443, 13.34162], [77.69407, 13.3421], [77.6933, 13.34264], [77.69288, 13.34312], [77.69251, 13.34378], [77.69216, 13.34418], [77.69182, 13.34415], [77.69133, 13.34482], [77.69077, 13.34548], [77.69008, 13.34637], [77.68944, 13.34697], [77.68876, 13.34766], [77.68807, 13.34842], [77.6879, 13.34989], [77.6853, 13.35038], [77.68429, 13.35187], [77.68357, 13.35179], [77.68257, 13.35138], [77.68216, 13.351], [77.68229, 13.35089], [77.68234, 13.3505], [77.68219, 13.35002], [77.68195, 13.34915], [77.68138, 13.34814], [77.68033, 13.34585], [77.67994, 13.34488], [77.67805, 13.34528], [77.67361, 13.34647], [77.67102, 13.3471], [77.66954, 13.34748], [77.66706, 13.34799], [77.66706, 13.35071], [77.66363, 13.35301], [77.65594, 13.35823], [77.65647, 13.36031], [77.65655, 13.36128], [77.65686, 13.36354], [77.65697, 13.36506], [77.65697, 13.36612], [77.65691, 13.36699], [77.65695, 13.36868], [77.657, 13.37075], [77.65705, 13.37271], [77.65813, 13.3735], [77.65878, 13.37407], [77.65947, 13.37483], [77.66008, 13.37546], [77.66196, 13.37746], [77.66049, 13.38121], [77.65957, 13.38347], [77.65817, 13.38414], [77.65767, 13.38438], [77.65634, 13.38497], [77.65332, 13.38639], [77.65196, 13.38704], [77.65298, 13.38825], [77.65364, 13.38907], [77.65459, 13.39007], [77.65537, 13.391], [77.6562, 13.39187], [77.65689, 13.39244], [77.65773, 13.39306], [77.65778, 13.39385], [77.65762, 13.39679], [77.65756, 13.39782], [77.65747, 13.39784], [77.65326, 13.39842], [77.6522, 13.39714], [77.65154, 13.39645], [77.65124, 13.39606], [77.65098, 13.39564], [77.65077, 13.39506], [77.65071, 13.39467], [77.65063, 13.39418], [77.65047, 13.39382], [77.65023, 13.3933], [77.64984, 13.39322], [77.6494, 13.39309], [77.64911, 13.39291], [77.64871, 13.39263], [77.64831, 13.39215], [77.64812, 13.3919], [77.64784, 13.39183], [77.64712, 13.39181], [77.64662, 13.3919], [77.6461, 13.39209], [77.64578, 13.39216], [77.64541, 13.39216], [77.64501, 13.39216], [77.64464, 13.3923], [77.64443, 13.39237], [77.64432, 13.39243], [77.64393, 13.39267], [77.6434, 13.39299], [77.64299, 13.3931], [77.64277, 13.39318], [77.64249, 13.3932], [77.64229, 13.39316], [77.64196, 13.39305], [77.64167, 13.39299], [77.64134, 13.39305], [77.64089, 13.39322], [77.64064, 13.3934], [77.64033, 13.39342], [77.63998, 13.39335], [77.63968, 13.39335], [77.63846, 13.3938], [77.63804, 13.39008], [77.63793, 13.38833], [77.63787, 13.38629], [77.63793, 13.38541], [77.63651, 13.38667], [77.63621, 13.38572], [77.63573, 13.38412], [77.63535, 13.38295], [77.63524, 13.38225], [77.63505, 13.38125], [77.63474, 13.38035], [77.63458, 13.37974], [77.63444, 13.37915], [77.63421, 13.37818], [77.63402, 13.3769], [77.63391, 13.37592], [77.63319, 13.37613], [77.63215, 13.37643], [77.63156, 13.37657], [77.6312, 13.3766], [77.63009, 13.37665], [77.62959, 13.37681], [77.62831, 13.37763], [77.62729, 13.37679], [77.62492, 13.37626], [77.62391, 13.376], [77.62211, 13.37557], [77.62145, 13.37545], [77.62094, 13.37536], [77.62099, 13.37624], [77.6211, 13.37741], [77.62116, 13.37823], [77.62147, 13.37898], [77.62161, 13.37926], [77.62178, 13.38008], [77.62212, 13.38109], [77.6222, 13.38172], [77.6222, 13.38226], [77.62186, 13.38304], [77.62136, 13.384], [77.62092, 13.38468], [77.61911, 13.38457], [77.61803, 13.38462], [77.61695, 13.38489], [77.61653, 13.38502], [77.61587, 13.38522], [77.61526, 13.38552], [77.61478, 13.38576], [77.61342, 13.38669], [77.61276, 13.38713], [77.61312, 13.38808], [77.61378, 13.38953], [77.61426, 13.39031], [77.6152, 13.39183], [77.61592, 13.39295], [77.61623, 13.3936], [77.61645, 13.39423], [77.61675, 13.39559], [77.617, 13.39627], [77.61734, 13.39752], [77.61764, 13.39861], [77.61792, 13.39967], [77.6182, 13.40019], [77.61867, 13.40109], [77.61911, 13.40187], [77.61911, 13.40236], [77.61837, 13.40258], [77.61739, 13.4028], [77.61667, 13.40296], [77.61539, 13.4031], [77.61389, 13.40331], [77.61301, 13.40342], [77.61287, 13.40342], [77.61201, 13.40367], [77.61154, 13.40388], [77.61118, 13.40413], [77.6104, 13.40481], [77.60976, 13.40533], [77.60899, 13.40603], [77.60835, 13.40657], [77.60751, 13.40717], [77.60745, 13.40719], [77.6071, 13.40671], [77.60691, 13.40579], [77.60699, 13.40462], [77.6075, 13.40358], [77.60745, 13.40321], [77.60724, 13.40285], [77.60705, 13.40225], [77.60684, 13.40141], [77.6068, 13.40092], [77.60672, 13.40031], [77.60657, 13.39978], [77.60636, 13.39948], [77.60603, 13.39927], [77.60564, 13.39895], [77.60545, 13.39873], [77.60522, 13.39829], [77.60494, 13.39801], [77.6046, 13.39785], [77.60413, 13.39772], [77.60388, 13.39763], [77.60343, 13.39765], [77.60281, 13.39794], [77.60238, 13.39821], [77.60213, 13.3996], [77.60204, 13.40053], [77.60186, 13.40159], [77.6018, 13.40276], [77.60158, 13.40405], [77.60075, 13.40438], [77.6, 13.40482], [77.59986, 13.4049], [77.59989, 13.40677], [77.6002, 13.40677], [77.60042, 13.4099], [77.59875, 13.41062], [77.599, 13.41171], [77.59915, 13.41358], [77.59921, 13.41514], [77.60097, 13.41575], [77.60156, 13.41593], [77.60449, 13.41613], [77.60463, 13.41617], [77.60589, 13.41647], [77.60604, 13.4146], [77.60669, 13.41451], [77.60722, 13.41506], [77.60761, 13.41535], [77.60863, 13.41593], [77.60955, 13.41647], [77.61094, 13.41695], [77.61222, 13.41747], [77.61311, 13.41786], [77.614, 13.41852], [77.61455, 13.41909], [77.61495, 13.41961], [77.6152, 13.42015], [77.61535, 13.4206], [77.61545, 13.42108], [77.61468, 13.42123], [77.61394, 13.42162], [77.61326, 13.42204], [77.61252, 13.42283], [77.61111, 13.42394], [77.61049, 13.42457], [77.61057, 13.42501], [77.6107, 13.42543], [77.61066, 13.42601], [77.61048, 13.42661], [77.61017, 13.42728], [77.61004, 13.42794], [77.60998, 13.4287], [77.60995, 13.42934], [77.61004, 13.42988], [77.6102, 13.43052], [77.61039, 13.43182], [77.61035, 13.43378], [77.6106, 13.43496], [77.61082, 13.43584], [77.61137, 13.4382], [77.61159, 13.44017], [77.6118, 13.44317], [77.61182, 13.44448], [77.61183, 13.44534], [77.61192, 13.4468], [77.61211, 13.44773], [77.61236, 13.44885], [77.61316, 13.45318], [77.61332, 13.45423], [77.61361, 13.455], [77.61398, 13.45563], [77.61417, 13.45618], [77.61423, 13.45669], [77.61442, 13.45727], [77.61466, 13.45796], [77.61494, 13.45851], [77.61531, 13.45899], [77.61574, 13.45938], [77.61605, 13.45963], [77.6159, 13.46002], [77.61565, 13.46072], [77.61543, 13.46144], [77.61515, 13.46199], [77.6148, 13.46233], [77.6144, 13.46251], [77.61402, 13.46273], [77.61378, 13.46291], [77.61365, 13.46327], [77.6135, 13.46375], [77.61328, 13.46463], [77.6131, 13.4653], [77.61282, 13.46578], [77.61263, 13.46602], [77.61226, 13.46617], [77.61158, 13.46632], [77.61081, 13.46639], [77.61041, 13.4665], [77.61004, 13.46687], [77.60998, 13.46741], [77.60994, 13.4688], [77.60992, 13.46998], [77.60992, 13.47003], [77.60992, 13.47007], [77.60989, 13.47066], [77.6098, 13.47136], [77.6097, 13.47254], [77.60961, 13.47299], [77.60933, 13.47369], [77.60909, 13.47435], [77.60893, 13.47487], [77.60881, 13.47562], [77.60927, 13.47608], [77.61082, 13.47813], [77.61192, 13.47967], [77.61315, 13.48023], [77.61352, 13.48268], [77.61639, 13.48287], [77.61837, 13.4829], [77.61863, 13.48668], [77.61874, 13.48837], [77.61916, 13.48895], [77.61978, 13.48998], [77.6208, 13.49167], [77.62188, 13.49337], [77.62213, 13.49385], [77.62507, 13.49278], [77.62552, 13.49261], [77.62614, 13.49258], [77.62737, 13.49279], [77.62796, 13.4927], [77.62923, 13.49252], [77.62991, 13.49231], [77.63036, 13.49058], [77.6307, 13.48953], [77.63091, 13.48889], [77.63153, 13.48704], [77.63205, 13.48529], [77.63233, 13.48468], [77.63499, 13.48438], [77.63476, 13.48221], [77.63794, 13.48234], [77.64091, 13.48225], [77.64211, 13.48221], [77.64659, 13.48176], [77.64845, 13.48167], [77.65105, 13.4814], [77.65426, 13.48112], [77.66057, 13.48052], [77.66613, 13.47998], [77.6682, 13.47986], [77.67079, 13.47961], [77.67205, 13.47947], [77.67387, 13.47926], [77.67404, 13.48036], [77.67405, 13.48038], [77.67415, 13.48102], [77.67514, 13.48771], [77.67557, 13.48967], [77.67615, 13.49255], [77.67671, 13.49515], [77.67804, 13.49629], [77.67971, 13.49793], [77.68073, 13.4989], [77.68287, 13.50121], [77.68281, 13.50214], [77.68286, 13.50272], [77.68282, 13.50344], [77.68238, 13.50517], [77.68211, 13.50554], [77.6815, 13.50615], [77.68091, 13.5064], [77.68021, 13.50657], [77.67945, 13.50672], [77.67888, 13.50694], [77.67838, 13.50732], [77.6774, 13.50771], [77.67692, 13.50802], [77.67635, 13.50829], [77.67574, 13.50854], [77.67526, 13.50896], [77.6747, 13.5093], [77.67415, 13.50956], [77.67374, 13.50988], [77.67294, 13.51071], [77.67235, 13.51127], [77.67196, 13.51165], [77.67157, 13.51207], [77.67105, 13.51254], [77.67067, 13.51299], [77.67022, 13.51356], [77.66982, 13.51399], [77.66939, 13.5144], [77.66894, 13.51484], [77.66854, 13.51526], [77.66767, 13.51623], [77.66721, 13.51668], [77.66682, 13.51706], [77.6664, 13.51756], [77.666, 13.51798], [77.66549, 13.51846], [77.66501, 13.51894], [77.66467, 13.51939], [77.66424, 13.51983], [77.66381, 13.52027], [77.66344, 13.52073], [77.66288, 13.52121], [77.66246, 13.52169], [77.66214, 13.5222], [77.66163, 13.52255], [77.66124, 13.523], [77.66084, 13.52335], [77.66044, 13.52383], [77.66, 13.5243], [77.65961, 13.52471], [77.6593, 13.5252], [77.65891, 13.52573], [77.65852, 13.52617], [77.65842, 13.52628], [77.6581, 13.52665], [77.6577, 13.52717], [77.65728, 13.52763], [77.65686, 13.5281], [77.65646, 13.52854], [77.65609, 13.52905], [77.65571, 13.52956], [77.65534, 13.53008], [77.655, 13.5305], [77.65455, 13.53112], [77.65424, 13.5316], [77.6538, 13.53208], [77.6534, 13.53251], [77.65292, 13.533], [77.65262, 13.53347], [77.65223, 13.53394], [77.65178, 13.53448], [77.65135, 13.53498], [77.65094, 13.53545], [77.65057, 13.53589], [77.65013, 13.53637], [77.64979, 13.53684], [77.64927, 13.53734], [77.64896, 13.53775], [77.64847, 13.53831], [77.64863, 13.53877], [77.64873, 13.5393], [77.64888, 13.53987], [77.649, 13.54048], [77.6491, 13.54113], [77.64924, 13.54176], [77.64937, 13.54229], [77.64951, 13.54292], [77.64963, 13.54357], [77.64973, 13.54413], [77.64991, 13.54479], [77.65, 13.54531], [77.65009, 13.54602], [77.65021, 13.54659], [77.65038, 13.54725], [77.65054, 13.54781], [77.65061, 13.54847], [77.65073, 13.54903], [77.65089, 13.54963], [77.65102, 13.55027], [77.65114, 13.55095], [77.65129, 13.55161], [77.65136, 13.55203], [77.65151, 13.55264], [77.65168, 13.55331], [77.6518, 13.55396], [77.6519, 13.55456], [77.65198, 13.55512], [77.65208, 13.55564], [77.65221, 13.55641], [77.65229, 13.55701], [77.65246, 13.5575], [77.65261, 13.55818], [77.65269, 13.5589], [77.65281, 13.55945], [77.65296, 13.56006], [77.6531, 13.56072], [77.65324, 13.56124], [77.65338, 13.56192], [77.65351, 13.56253], [77.65364, 13.56311], [77.65374, 13.56376], [77.65383, 13.56434], [77.65403, 13.56491], [77.6542, 13.56557], [77.65431, 13.56618], [77.65445, 13.56684], [77.65459, 13.56744], [77.65467, 13.56794], [77.65482, 13.56865], [77.65494, 13.56923], [77.65509, 13.56983], [77.65517, 13.57045], [77.65566, 13.5708], [77.65616, 13.57119], [77.65663, 13.57164], [77.65715, 13.57204], [77.65763, 13.57242], [77.65808, 13.57282], [77.65858, 13.57321], [77.65906, 13.57361], [77.66044, 13.57475], [77.66095, 13.57523], [77.66138, 13.57558], [77.66193, 13.57603], [77.66242, 13.57644], [77.66299, 13.57692], [77.66232, 13.57704], [77.66165, 13.57715], [77.66107, 13.57728], [77.6604, 13.57742], [77.65976, 13.5775], [77.65923, 13.57758], [77.65854, 13.57769], [77.65778, 13.57782], [77.65728, 13.57791], [77.65666, 13.57798], [77.65606, 13.57808], [77.65538, 13.57816], [77.65488, 13.57824], [77.65425, 13.57838], [77.65365, 13.57845], [77.653, 13.5786], [77.65234, 13.57868], [77.65162, 13.57879], [77.65105, 13.57889], [77.65044, 13.57901], [77.64984, 13.57908], [77.64912, 13.57922], [77.64858, 13.57937], [77.648, 13.5795], [77.64741, 13.57955], [77.64673, 13.57968], [77.64617, 13.57974], [77.64553, 13.57981], [77.64493, 13.57989], [77.64431, 13.57999], [77.64359, 13.58013], [77.64303, 13.58022], [77.64241, 13.58036], [77.64177, 13.58048], [77.64123, 13.58052], [77.64055, 13.58062], [77.63989, 13.58077], [77.63928, 13.58083], [77.6386, 13.58095], [77.638, 13.58095], [77.63835, 13.5816], [77.63872, 13.58217], [77.63896, 13.58264], [77.63932, 13.58324], [77.63956, 13.58365], [77.63994, 13.58432], [77.64022, 13.58488], [77.64051, 13.58539], [77.64097, 13.58595], [77.64129, 13.58643], [77.64165, 13.58694], [77.64209, 13.5874], [77.64251, 13.58797], [77.64293, 13.5885], [77.64327, 13.58891], [77.64368, 13.58934], [77.64408, 13.58979], [77.64445, 13.59026], [77.6448, 13.5907], [77.64524, 13.59121], [77.64562, 13.5917], [77.64607, 13.59213], [77.64656, 13.59249], [77.64716, 13.59287], [77.64767, 13.59337], [77.64802, 13.59374], [77.64839, 13.59428], [77.64884, 13.59479], [77.64922, 13.59525], [77.6496, 13.59572], [77.64999, 13.59624], [77.65046, 13.59677], [77.65091, 13.59718], [77.6514, 13.59755], [77.65141, 13.59841], [77.65184, 13.59929], [77.65182, 13.60002], [77.65183, 13.60064], [77.65182, 13.60116], [77.65183, 13.60191], [77.6518, 13.60252], [77.6518, 13.60315], [77.65179, 13.60376], [77.65185, 13.60432], [77.65188, 13.60494], [77.65189, 13.60556], [77.65185, 13.6062], [77.65186, 13.60687], [77.65189, 13.60747], [77.65189, 13.6081], [77.65185, 13.60872], [77.65188, 13.60944], [77.65181, 13.61008], [77.65184, 13.61065], [77.65185, 13.61119], [77.65184, 13.61184], [77.65183, 13.61319], [77.65184, 13.61379], [77.65184, 13.61437], [77.65185, 13.6156], [77.65184, 13.61624], [77.65182, 13.61694], [77.65178, 13.61751], [77.65183, 13.61821], [77.6518, 13.61882], [77.65178, 13.61946], [77.65181, 13.62008], [77.65178, 13.62069], [77.65178, 13.62131], [77.65178, 13.6225], [77.65174, 13.62313], [77.65174, 13.62383], [77.65178, 13.62445], [77.65175, 13.62507], [77.65177, 13.62571], [77.6518, 13.62637], [77.65181, 13.62694], [77.65183, 13.62763], [77.65181, 13.62823], [77.65199, 13.62883], [77.65221, 13.62951], [77.65232, 13.63001], [77.65241, 13.63068], [77.65264, 13.63128], [77.65281, 13.63182], [77.653, 13.6325], [77.65322, 13.63313], [77.65335, 13.63368], [77.65349, 13.63432], [77.65368, 13.63491], [77.65387, 13.63556], [77.654, 13.6361], [77.65421, 13.63671], [77.65436, 13.63732], [77.65453, 13.63786], [77.65471, 13.63844], [77.65486, 13.63899], [77.655, 13.63967], [77.65527, 13.64024], [77.65544, 13.64082], [77.6556, 13.64144], [77.65574, 13.64202], [77.6559, 13.64259], [77.65612, 13.6432], [77.65631, 13.64395], [77.65642, 13.64442], [77.65753, 13.64372], [77.65805, 13.64328], [77.65857, 13.6429], [77.65909, 13.64249], [77.65957, 13.64211], [77.66006, 13.6417], [77.66055, 13.6413], [77.66102, 13.64086], [77.66153, 13.64043], [77.66202, 13.64009], [77.66257, 13.63959], [77.66302, 13.63919], [77.66348, 13.63878], [77.66398, 13.63844], [77.66447, 13.63795], [77.66492, 13.63763], [77.66534, 13.63723], [77.66577, 13.63677], [77.66608, 13.63624], [77.66644, 13.63568], [77.66675, 13.63526], [77.6672, 13.63467], [77.66755, 13.63421], [77.66804, 13.63372], [77.6685, 13.63326], [77.66909, 13.63311], [77.66986, 13.63297], [77.6704, 13.63293], [77.67098, 13.6329], [77.67165, 13.63282], [77.67231, 13.63269], [77.67294, 13.63264], [77.67358, 13.6326], [77.67426, 13.63253], [77.6748, 13.63245], [77.67541, 13.63231], [77.67585, 13.63237], [77.67588, 13.63237], [77.67628, 13.63231], [77.67671, 13.63222], [77.67701, 13.63218], [77.67708, 13.63218], [77.6774, 13.63213], [77.67792, 13.63216], [77.6786, 13.63213], [77.6795, 13.6322], [77.67951, 13.63217], [77.67957, 13.63209], [77.67964, 13.63205], [77.67976, 13.63205], [77.67991, 13.63206], [77.68006, 13.6321], [77.68031, 13.63221], [77.68054, 13.63233], [77.6807, 13.63239], [77.68095, 13.63241], [77.68112, 13.63238], [77.68126, 13.63233], [77.68155, 13.63213], [77.68177, 13.63197], [77.68193, 13.6319], [77.68214, 13.63188], [77.68232, 13.63188], [77.6825, 13.63191], [77.6827, 13.63199], [77.68288, 13.63205], [77.68302, 13.63206], [77.68316, 13.63205], [77.68325, 13.63201], [77.68336, 13.63196], [77.68355, 13.63182], [77.68384, 13.63159], [77.68404, 13.63136], [77.68417, 13.63124], [77.68437, 13.6311], [77.68446, 13.631], [77.68456, 13.63103], [77.68479, 13.63108], [77.68512, 13.63109], [77.68528, 13.63108], [77.68548, 13.631], [77.68594, 13.63072], [77.68648, 13.63043], [77.68678, 13.63029], [77.68692, 13.63022], [77.6871, 13.63017], [77.68719, 13.63015], [77.68732, 13.63015], [77.68746, 13.63018], [77.68772, 13.63035], [77.68795, 13.63056], [77.68819, 13.63082], [77.68835, 13.631], [77.68853, 13.63118], [77.68882, 13.63134], [77.68905, 13.63144], [77.68914, 13.63147], [77.68925, 13.63149], [77.68946, 13.63152], [77.68962, 13.63152], [77.68974, 13.6315], [77.69006, 13.63141], [77.69068, 13.63119], [77.69104, 13.63105], [77.69147, 13.63092], [77.69176, 13.63088], [77.69234, 13.63088], [77.6928, 13.63093], [77.69363, 13.63106], [77.6941, 13.63108], [77.69423, 13.63108], [77.69429, 13.63106], [77.69453, 13.63096], [77.69523, 13.63062], [77.69576, 13.63033], [77.69627, 13.63018], [77.69664, 13.63011], [77.69694, 13.63005], [77.69768, 13.63005], [77.69784, 13.63009], [77.69821, 13.63017], [77.69829, 13.63019], [77.69888, 13.63045], [77.69936, 13.63044], [77.69992, 13.63039], [77.70057, 13.6301], [77.70106, 13.62973], [77.70148, 13.62937], [77.70196, 13.62899], [77.70242, 13.62879], [77.70301, 13.62885], [77.70347, 13.62911], [77.70382, 13.62945], [77.70427, 13.62995], [77.70465, 13.63064], [77.70483, 13.6302], [77.70478, 13.62961], [77.70474, 13.62894], [77.70476, 13.62839], [77.70479, 13.62779], [77.7047, 13.62708], [77.70475, 13.62659], [77.70507, 13.62627], [77.70604, 13.62623], [77.70661, 13.62639], [77.70713, 13.62656], [77.70783, 13.62674], [77.70856, 13.62693], [77.70921, 13.62705], [77.70989, 13.62711], [77.7105, 13.62694], [77.71109, 13.62672], [77.71171, 13.62652], [77.71236, 13.62637], [77.71295, 13.6262], [77.71355, 13.62604], [77.71465, 13.62579], [77.71523, 13.62655], [77.71543, 13.62686], [77.71557, 13.62709], [77.71581, 13.62747], [77.71592, 13.62767], [77.71606, 13.62763], [77.7162, 13.62757], [77.71638, 13.62753], [77.71654, 13.62745], [77.71697, 13.62736], [77.71721, 13.6273], [77.71754, 13.62725], [77.71778, 13.62721], [77.71794, 13.62717], [77.71807, 13.62714], [77.71834, 13.62712], [77.71858, 13.6271], [77.71929, 13.6271], [77.72045, 13.62667], [77.72074, 13.62618], [77.72118, 13.62571], [77.72176, 13.62554], [77.72243, 13.62541], [77.72311, 13.62518], [77.7236, 13.62509], [77.72395, 13.62559], [77.7243, 13.6263], [77.72406, 13.62691], [77.72376, 13.62756], [77.72352, 13.62812], [77.72333, 13.62979], [77.72351, 13.63029], [77.72342, 13.63095], [77.72329, 13.63163], [77.72332, 13.63228], [77.72341, 13.63292], [77.72356, 13.63337], [77.72381, 13.63407], [77.72399, 13.63471], [77.72412, 13.63523], [77.72421, 13.63598], [77.72397, 13.63597], [77.72377, 13.63593], [77.72344, 13.63593], [77.72329, 13.63594], [77.72313, 13.636], [77.72306, 13.63604], [77.72288, 13.63618], [77.72257, 13.63645], [77.72251, 13.63647], [77.72225, 13.63652], [77.72206, 13.63654], [77.72173, 13.63654], [77.72142, 13.63658], [77.72134, 13.63662], [77.72121, 13.63671], [77.72103, 13.6367], [77.7208, 13.6367], [77.7204, 13.63669], [77.72029, 13.63668], [77.7202, 13.63664], [77.71994, 13.63655], [77.71979, 13.63645], [77.71951, 13.63645], [77.71944, 13.63649], [77.71932, 13.63658], [77.71923, 13.6367], [77.71915, 13.63684], [77.71904, 13.63698], [77.71897, 13.63705], [77.71886, 13.63709], [77.71854, 13.63719], [77.71815, 13.63725], [77.71756, 13.63737], [77.71738, 13.63738], [77.71726, 13.63741], [77.7171, 13.63747], [77.71702, 13.63753], [77.71684, 13.63774], [77.71679, 13.6378], [77.71638, 13.63789], [77.71583, 13.63799], [77.71521, 13.63804], [77.71464, 13.63824], [77.71453, 13.63895], [77.71331, 13.63926], [77.71334, 13.63936], [77.71353, 13.64005], [77.71367, 13.6404], [77.71373, 13.64052], [77.71396, 13.6408], [77.71454, 13.64119], [77.71477, 13.64136], [77.7149, 13.6415], [77.71507, 13.64177], [77.71526, 13.64211], [77.71552, 13.64256], [77.71567, 13.64296], [77.71575, 13.64332], [77.71572, 13.64354], [77.71565, 13.644], [77.71559, 13.64447], [77.71557, 13.6447], [77.71547, 13.64501], [77.71533, 13.64531], [77.71509, 13.64564], [77.71485, 13.64597], [77.71475, 13.64617], [77.71462, 13.64657], [77.71456, 13.64687], [77.71474, 13.64732], [77.71492, 13.64785], [77.71501, 13.64857], [77.71507, 13.64895], [77.71512, 13.64924], [77.71525, 13.64992], [77.71528, 13.65055], [77.71534, 13.65113], [77.71548, 13.65164], [77.71551, 13.65235], [77.7156, 13.65296], [77.71573, 13.65353], [77.71577, 13.6542], [77.71584, 13.65485], [77.71588, 13.65544], [77.71599, 13.65607], [77.71614, 13.65728], [77.71616, 13.65796], [77.71629, 13.65855], [77.71633, 13.65909], [77.71686, 13.65946], [77.7173, 13.65975], [77.71788, 13.66015], [77.71841, 13.66059], [77.71991, 13.66167], [77.72044, 13.66205], [77.72093, 13.66237], [77.72147, 13.66278], [77.72195, 13.66314], [77.72246, 13.66352], [77.72294, 13.66388], [77.72349, 13.66425], [77.72397, 13.66465], [77.72442, 13.66509], [77.7248, 13.66544], [77.72522, 13.66585], [77.72563, 13.66621], [77.72612, 13.66669], [77.72642, 13.6671], [77.72681, 13.66735], [77.72734, 13.66694], [77.7278, 13.66655], [77.72828, 13.66613], [77.7288, 13.66564]]]}}, {"type": "Feature", "properties": {"taluk": "Sidlaghatta", "district": "Chikkaballapura", "state": "Karnataka"}, "geometry": {"type": "Polygon", "coordinates": [[[77.89147, 13.66711], [77.89282, 13.66697], [77.8941, 13.66683], [77.89795, 13.66653], [77.89895, 13.66574], [77.89949, 13.66526], [77.90181, 13.66325], [77.90228, 13.66282], [77.90286, 13.66243], [77.90331, 13.66295], [77.90373, 13.66245], [77.90414, 13.66191], [77.9044, 13.66141], [77.90455, 13.66077], [77.90456, 13.66018], [77.90444, 13.65892], [77.90426, 13.65769], [77.90413, 13.65639], [77.90397, 13.6552], [77.90366, 13.65261], [77.90347, 13.65011], [77.90345, 13.64951], [77.90351, 13.64838], [77.904, 13.64532], [77.90409, 13.64405], [77.90427, 13.64291], [77.90499, 13.64274], [77.90566, 13.64252], [77.90627, 13.64214], [77.9068, 13.64182], [77.90756, 13.64124], [77.90825, 13.64076], [77.90875, 13.64044], [77.90926, 13.63992], [77.90973, 13.63884], [77.91023, 13.63725], [77.91079, 13.63541], [77.91156, 13.63572], [77.91217, 13.63565], [77.91348, 13.63548], [77.91597, 13.63501], [77.91793, 13.63475], [77.92179, 13.63415], [77.92293, 13.63397], [77.92905, 13.63304], [77.92984, 13.63292], [77.93119, 13.63275], [77.93284, 13.63175], [77.93388, 13.63108], [77.93495, 13.63046], [77.93592, 13.62954], [77.93743, 13.6298], [77.93811, 13.62981], [77.93879, 13.62963], [77.93966, 13.62954], [77.94064, 13.62958], [77.94103, 13.62956], [77.9415, 13.62952], [77.94245, 13.62965], [77.9432, 13.62982], [77.94364, 13.62999], [77.94418, 13.63043], [77.94435, 13.63058], [77.9448, 13.63099], [77.94512, 13.63108], [77.94555, 13.63095], [77.94582, 13.63064], [77.94619, 13.6299], [77.94658, 13.62952], [77.94723, 13.62916], [77.94798, 13.62903], [77.94879, 13.62904], [77.94921, 13.6291], [77.9496, 13.6292], [77.95119, 13.62977], [77.95215, 13.62986], [77.95266, 13.62983], [77.953, 13.62973], [77.95318, 13.62957], [77.95343, 13.62908], [77.95363, 13.62874], [77.95383, 13.62863], [77.9541, 13.62861], [77.95429, 13.62869], [77.95445, 13.62893], [77.95469, 13.6292], [77.95496, 13.62932], [77.95524, 13.62931], [77.9554, 13.62917], [77.95569, 13.62846], [77.95588, 13.62826], [77.95609, 13.62817], [77.95774, 13.62791], [77.95873, 13.62758], [77.95906, 13.62755], [77.95948, 13.62759], [77.95984, 13.62771], [77.96078, 13.62827], [77.96117, 13.62833], [77.96141, 13.62833], [77.9616, 13.62817], [77.96193, 13.62773], [77.96265, 13.62695], [77.96296, 13.62662], [77.96325, 13.62649], [77.96422, 13.62646], [77.96587, 13.62652], [77.9664, 13.62651], [77.96827, 13.62641], [77.96897, 13.62642], [77.9692, 13.62642], [77.97149, 13.62643], [77.97268, 13.62647], [77.97391, 13.62649], [77.97468, 13.62658], [77.97519, 13.62672], [77.97631, 13.62739], [77.97675, 13.62772], [77.97729, 13.62798], [77.97874, 13.62845], [77.97937, 13.62877], [77.97988, 13.62896], [77.98053, 13.62919], [77.98084, 13.62936], [77.98111, 13.62966], [77.98126, 13.62999], [77.98143, 13.63054], [77.98167, 13.63096], [77.98202, 13.63142], [77.98296, 13.63217], [77.98361, 13.63247], [77.9841, 13.63258], [77.98467, 13.63262], [77.98521, 13.63258], [77.98611, 13.63227], [77.98651, 13.63217], [77.98893, 13.63214], [77.98944, 13.63212], [77.9899, 13.63206], [77.9919, 13.63183], [77.99243, 13.63176], [77.99333, 13.63154], [77.9937, 13.63141], [77.99478, 13.63084], [77.99598, 13.63003], [77.99643, 13.62986], [77.99707, 13.62973], [77.99883, 13.62949], [78.00106, 13.62996], [78.0023, 13.63031], [78.00427, 13.6295], [78.00574, 13.62866], [78.00696, 13.62831], [78.00869, 13.62835], [78.00926, 13.62891], [78.00968, 13.62822], [78.00954, 13.62406], [78.00893, 13.61949], [78.00892, 13.61914], [78.00883, 13.61588], [78.00982, 13.61512], [78.01014, 13.61342], [78.01001, 13.61065], [78.01057, 13.60947], [78.01191, 13.6073], [78.01143, 13.60537], [78.01105, 13.60416], [78.01051, 13.60237], [78.01247, 13.60133], [78.01642, 13.59935], [78.0161, 13.59663], [78.01616, 13.59495], [78.01627, 13.59234], [78.01504, 13.5914], [78.01359, 13.59134], [78.00734, 13.59139], [78.00386, 13.5916], [78.00285, 13.59238], [78.00076, 13.59265], [77.99884, 13.59205], [77.99764, 13.59397], [77.99686, 13.59389], [77.99574, 13.59376], [77.99511, 13.59369], [77.99505, 13.59192], [77.99507, 13.58981], [77.99509, 13.58797], [77.98999, 13.58508], [77.98715, 13.58362], [77.98662, 13.58332], [77.98342, 13.58229], [77.9827, 13.58213], [77.98143, 13.58176], [77.97719, 13.58275], [77.97677, 13.57834], [77.97338, 13.57353], [77.97249, 13.57341], [77.97114, 13.57353], [77.97082, 13.57356], [77.97108, 13.57548], [77.97101, 13.57619], [77.97091, 13.57742], [77.97049, 13.58061], [77.96988, 13.58418], [77.96723, 13.58428], [77.96382, 13.58445], [77.9635, 13.58327], [77.96182, 13.57659], [77.9611, 13.57358], [77.96029, 13.56988], [77.95954, 13.56688], [77.95945, 13.56538], [77.95936, 13.56385], [77.9591, 13.56017], [77.959, 13.55908], [77.95905, 13.55814], [77.95895, 13.55739], [77.95894, 13.55729], [77.95874, 13.55636], [77.95857, 13.55546], [77.95533, 13.55448], [77.95617, 13.55102], [77.95631, 13.55026], [77.95651, 13.54926], [77.95699, 13.54755], [77.95826, 13.54784], [77.96345, 13.54699], [77.96415, 13.54709], [77.96553, 13.54714], [77.96692, 13.54721], [77.96723, 13.54723], [77.96812, 13.54694], [77.97043, 13.54619], [77.97157, 13.54535], [77.97369, 13.5437], [77.97533, 13.54251], [77.97584, 13.54268], [77.97613, 13.54284], [77.97631, 13.54331], [77.9765, 13.54385], [77.9768, 13.54321], [77.9771, 13.54279], [77.97734, 13.54227], [77.9779, 13.54182], [77.97818, 13.54152], [77.9788, 13.54106], [77.97973, 13.54108], [77.98071, 13.54108], [77.98205, 13.54103], [77.98235, 13.54102], [77.98402, 13.54097], [77.98494, 13.54188], [77.9863, 13.54314], [77.9898, 13.54593], [77.99037, 13.54632], [77.99511, 13.5496], [77.99734, 13.54731], [77.99823, 13.54627], [77.99815, 13.5457], [77.99821, 13.54493], [77.99833, 13.54421], [77.99842, 13.54303], [77.99855, 13.54187], [77.99861, 13.54059], [77.99861, 13.53858], [77.9972, 13.53639], [77.99657, 13.53556], [77.99561, 13.5343], [77.99535, 13.53317], [77.99538, 13.53251], [77.99566, 13.53196], [77.99609, 13.53152], [77.99707, 13.53119], [77.99744, 13.53111], [77.99792, 13.53101], [77.99884, 13.53104], [77.99989, 13.52991], [78.00045, 13.52972], [78.00096, 13.52891], [78.00112, 13.52758], [78.00334, 13.52606], [78.00446, 13.52517], [78.00556, 13.52442], [78.0066, 13.52382], [78.00703, 13.52324], [78.0073, 13.5224], [78.00647, 13.52172], [78.00471, 13.52081], [78.00342, 13.52034], [78.00281, 13.52015], [78.00193, 13.52128], [78.00121, 13.52164], [77.99968, 13.52159], [77.99884, 13.52145], [77.99712, 13.52152], [77.99643, 13.52154], [77.99506, 13.52139], [77.99373, 13.52114], [77.99298, 13.52006], [77.99261, 13.51951], [77.99232, 13.51904], [77.99136, 13.51742], [77.98971, 13.51465], [77.98879, 13.51317], [77.98937, 13.51264], [77.99069, 13.51142], [77.99226, 13.51001], [77.99321, 13.50914], [77.99371, 13.50868], [77.99498, 13.50901], [77.99679, 13.5094], [77.99705, 13.50946], [77.99768, 13.50964], [77.99884, 13.51027], [77.99979, 13.51274], [78.00151, 13.51408], [78.00285, 13.51485], [78.00446, 13.51378], [78.00588, 13.51251], [78.00667, 13.51147], [78.00734, 13.51158], [78.00785, 13.5112], [78.00836, 13.51001], [78.00923, 13.50889], [78.00891, 13.50797], [78.00868, 13.50681], [78.00856, 13.50639], [78.00793, 13.50643], [78.00844, 13.50539], [78.00856, 13.50335], [78.00829, 13.50121], [78.0081, 13.49925], [78.00741, 13.49657], [78.00711, 13.4954], [78.00657, 13.49521], [78.00552, 13.49536], [78.00439, 13.49556], [78.00334, 13.49571], [78.00312, 13.49533], [78.00311, 13.49401], [78.00302, 13.49207], [78.00294, 13.49069], [78.00274, 13.49019], [78.00267, 13.48951], [78.00279, 13.48885], [78.00318, 13.48764], [78.00335, 13.48698], [78.00349, 13.48637], [78.00368, 13.48573], [78.00406, 13.48441], [78.00422, 13.4838], [78.00428, 13.48314], [78.00438, 13.48244], [78.00457, 13.48182], [78.0047, 13.48064], [78.00395, 13.47943], [78.00315, 13.47776], [78.0022, 13.47574], [78.0013, 13.47406], [78.00076, 13.47277], [77.99884, 13.47304], [77.99841, 13.47338], [77.99769, 13.47356], [77.99712, 13.47363], [77.99644, 13.47369], [77.99576, 13.47373], [77.99511, 13.47379], [77.99444, 13.47386], [77.99385, 13.47385], [77.99317, 13.47388], [77.99251, 13.47394], [77.99183, 13.47392], [77.99125, 13.47395], [77.99065, 13.47394], [77.98994, 13.47398], [77.9893, 13.47402], [77.98862, 13.47405], [77.98798, 13.47405], [77.98741, 13.4741], [77.98682, 13.47409], [77.98616, 13.47411], [77.9855, 13.47415], [77.98484, 13.47416], [77.98425, 13.47421], [77.98358, 13.47425], [77.98303, 13.47427], [77.98292, 13.47427], [77.98238, 13.47428], [77.98157, 13.47436], [77.98088, 13.47441], [77.98026, 13.47441], [77.9796, 13.47453], [77.97905, 13.47457], [77.97843, 13.47461], [77.97774, 13.47472], [77.97714, 13.47474], [77.97655, 13.47477], [77.97588, 13.47482], [77.97521, 13.47485], [77.97454, 13.47494], [77.97385, 13.47508], [77.97335, 13.47524], [77.97276, 13.47549], [77.97214, 13.4757], [77.9716, 13.47596], [77.96905, 13.47794], [77.96778, 13.4792], [77.96697, 13.48036], [77.96608, 13.48033], [77.96546, 13.48035], [77.96475, 13.48026], [77.96417, 13.48027], [77.96346, 13.48031], [77.96278, 13.48032], [77.96212, 13.48032], [77.9621, 13.4797], [77.96207, 13.47904], [77.96204, 13.47841], [77.96203, 13.4778], [77.96201, 13.47716], [77.96196, 13.47645], [77.96191, 13.47587], [77.96189, 13.47523], [77.96188, 13.47459], [77.96191, 13.47401], [77.96186, 13.47342], [77.96185, 13.47276], [77.96182, 13.47206], [77.96179, 13.47144], [77.96152, 13.47086], [77.96125, 13.47035], [77.961, 13.4698], [77.96065, 13.46929], [77.96036, 13.46874], [77.9601, 13.46818], [77.95985, 13.46766], [77.95955, 13.46709], [77.95923, 13.46654], [77.95893, 13.46598], [77.95859, 13.4654], [77.95829, 13.46484], [77.958, 13.46431], [77.9577, 13.46378], [77.9574, 13.46326], [77.95712, 13.46273], [77.95685, 13.46218], [77.95677, 13.46157], [77.95669, 13.4609], [77.95656, 13.46027], [77.95646, 13.45963], [77.95636, 13.459], [77.95621, 13.45837], [77.9561, 13.45776], [77.95599, 13.45718], [77.95592, 13.45658], [77.95584, 13.45594], [77.95573, 13.45535], [77.95559, 13.45471], [77.95551, 13.45408], [77.95538, 13.45353], [77.9553, 13.4528], [77.95524, 13.45217], [77.9552, 13.45153], [77.95517, 13.4509], [77.95505, 13.4503], [77.95486, 13.44969], [77.9543, 13.44859], [77.9541, 13.44795], [77.9539, 13.44736], [77.95364, 13.44674], [77.95339, 13.44617], [77.95312, 13.44554], [77.95289, 13.445], [77.95268, 13.44444], [77.95242, 13.44385], [77.95215, 13.4432], [77.95187, 13.44262], [77.9516, 13.44203], [77.95131, 13.44147], [77.951, 13.44095], [77.95068, 13.44038], [77.95045, 13.43981], [77.95027, 13.43907], [77.95016, 13.43846], [77.95029, 13.43777], [77.95039, 13.4372], [77.95053, 13.43662], [77.95068, 13.43592], [77.95077, 13.4354], [77.95093, 13.43485], [77.95082, 13.4341], [77.9507, 13.43342], [77.95061, 13.43279], [77.95046, 13.43216], [77.95037, 13.43154], [77.95023, 13.43086], [77.95011, 13.43021], [77.94999, 13.42966], [77.94991, 13.42908], [77.94987, 13.42848], [77.9499, 13.42778], [77.94991, 13.42722], [77.9499, 13.42657], [77.94991, 13.42597], [77.94994, 13.42532], [77.95006, 13.42468], [77.9502, 13.42407], [77.9503, 13.42342], [77.9505, 13.42285], [77.95067, 13.42227], [77.95085, 13.42162], [77.95105, 13.42102], [77.9513, 13.42044], [77.95157, 13.41986], [77.95175, 13.41932], [77.95199, 13.4187], [77.95223, 13.41809], [77.95248, 13.41755], [77.95277, 13.41703], [77.95313, 13.41651], [77.95345, 13.41596], [77.95368, 13.41534], [77.95394, 13.41479], [77.95429, 13.41393], [77.95442, 13.41367], [77.95472, 13.41311], [77.95539, 13.41314], [77.95607, 13.41328], [77.95669, 13.41342], [77.95733, 13.41351], [77.95799, 13.41356], [77.95857, 13.41364], [77.95924, 13.41377], [77.95985, 13.41384], [77.96051, 13.41386], [77.9612, 13.41394], [77.9618, 13.41396], [77.96241, 13.41403], [77.96309, 13.41407], [77.96372, 13.41412], [77.96449, 13.41442], [77.9651, 13.4144], [77.96577, 13.41423], [77.96632, 13.41408], [77.96696, 13.41397], [77.96763, 13.41385], [77.96829, 13.41374], [77.96888, 13.4137], [77.96956, 13.4136], [77.97017, 13.4135], [77.97081, 13.41353], [77.97141, 13.41344], [77.97213, 13.4134], [77.97272, 13.41332], [77.97262, 13.41243], [77.97266, 13.41106], [77.97262, 13.41033], [77.97256, 13.40969], [77.97248, 13.4091], [77.97237, 13.40847], [77.97227, 13.40779], [77.97218, 13.40719], [77.97209, 13.4066], [77.97192, 13.40598], [77.9718, 13.40542], [77.9712, 13.40561], [77.97062, 13.40589], [77.96943, 13.40625], [77.96882, 13.40619], [77.9682, 13.4062], [77.96757, 13.40609], [77.96691, 13.40598], [77.96626, 13.40576], [77.96566, 13.40555], [77.96509, 13.40538], [77.96441, 13.40513], [77.96377, 13.40492], [77.96326, 13.40466], [77.96269, 13.40441], [77.96211, 13.40416], [77.96139, 13.4039], [77.96089, 13.40349], [77.96093, 13.40272], [77.96085, 13.40208], [77.96079, 13.40133], [77.96077, 13.40073], [77.9607, 13.40005], [77.9607, 13.39989], [77.9607, 13.39953], [77.96064, 13.39887], [77.96052, 13.39826], [77.96034, 13.39758], [77.9601, 13.39695], [77.95979, 13.39629], [77.95938, 13.39553], [77.95896, 13.39459], [77.9588, 13.39394], [77.95859, 13.39329], [77.95862, 13.39299], [77.95885, 13.39211], [77.95895, 13.3915], [77.95902, 13.39083], [77.95901, 13.39025], [77.95897, 13.38959], [77.9594, 13.38916], [77.95987, 13.38877], [77.96031, 13.38833], [77.96083, 13.38796], [77.96125, 13.38759], [77.96147, 13.38817], [77.96164, 13.38902], [77.96202, 13.38941], [77.9624, 13.38858], [77.96325, 13.38848], [77.96367, 13.38788], [77.96459, 13.38753], [77.96482, 13.38685], [77.96569, 13.38663], [77.96607, 13.38598], [77.96688, 13.3858], [77.96701, 13.38517], [77.96767, 13.38503], [77.96755, 13.3844], [77.96719, 13.38386], [77.96685, 13.38319], [77.96655, 13.38262], [77.96625, 13.38192], [77.96596, 13.38128], [77.96564, 13.3806], [77.96532, 13.37995], [77.96491, 13.37947], [77.96452, 13.37893], [77.96402, 13.37834], [77.9637, 13.37779], [77.96348, 13.37721], [77.9632, 13.37665], [77.96289, 13.37613], [77.96255, 13.37557], [77.96214, 13.375], [77.9618, 13.37442], [77.9615, 13.37384], [77.96117, 13.3733], [77.96083, 13.37278], [77.96059, 13.37202], [77.96171, 13.37169], [77.96226, 13.37153], [77.96284, 13.37133], [77.9634, 13.37113], [77.96333, 13.37058], [77.96326, 13.36998], [77.96319, 13.36933], [77.96317, 13.3687], [77.96315, 13.36787], [77.96298, 13.36688], [77.96291, 13.36624], [77.96281, 13.36561], [77.9627, 13.36494], [77.96247, 13.36442], [77.96217, 13.36396], [77.96188, 13.36341], [77.96183, 13.36277], [77.96184, 13.36215], [77.96183, 13.36152], [77.96181, 13.36095], [77.96179, 13.36034], [77.96174, 13.35966], [77.96167, 13.35901], [77.96161, 13.35837], [77.96159, 13.35771], [77.96154, 13.35715], [77.96147, 13.35651], [77.96144, 13.35586], [77.96136, 13.35527], [77.96133, 13.3547], [77.96132, 13.35411], [77.96122, 13.3535], [77.96116, 13.35291], [77.96113, 13.35224], [77.9611, 13.35165], [77.96103, 13.351], [77.96101, 13.3504], [77.96091, 13.34988], [77.96078, 13.34921], [77.96068, 13.34849], [77.96056, 13.3479], [77.96042, 13.3473], [77.9603, 13.34668], [77.96013, 13.346], [77.96, 13.34529], [77.95985, 13.34471], [77.95973, 13.34404], [77.95962, 13.34346], [77.95927, 13.34309], [77.95889, 13.34259], [77.95846, 13.34203], [77.95809, 13.34151], [77.95769, 13.34102], [77.95729, 13.34061], [77.9568, 13.34077], [77.95628, 13.3411], [77.9558, 13.34141], [77.95519, 13.34176], [77.95471, 13.34212], [77.95406, 13.34226], [77.95345, 13.34199], [77.95285, 13.34181], [77.95233, 13.3417], [77.95197, 13.34198], [77.95162, 13.34239], [77.95122, 13.3429], [77.95081, 13.34334], [77.95028, 13.34371], [77.94997, 13.3433], [77.94954, 13.34286], [77.94916, 13.34241], [77.94885, 13.34193], [77.94844, 13.34139], [77.948, 13.34107], [77.94747, 13.34076], [77.94692, 13.34035], [77.94641, 13.33999], [77.94592, 13.33953], [77.94552, 13.33899], [77.94528, 13.33847], [77.94498, 13.33791], [77.94483, 13.3373], [77.9448, 13.33648], [77.94478, 13.3359], [77.94471, 13.33524], [77.94519, 13.33509], [77.94567, 13.33494], [77.94525, 13.33428], [77.94502, 13.33365], [77.94487, 13.3331], [77.94464, 13.33253], [77.94442, 13.332], [77.9442, 13.33138], [77.94393, 13.33079], [77.94378, 13.33036], [77.94432, 13.33005], [77.94494, 13.32986], [77.94558, 13.32968], [77.94615, 13.32947], [77.94683, 13.32927], [77.94742, 13.32911], [77.94805, 13.32889], [77.94862, 13.32866], [77.94924, 13.32851], [77.9498, 13.32836], [77.95046, 13.32812], [77.95106, 13.32796], [77.9516, 13.32778], [77.95228, 13.32756], [77.95285, 13.32732], [77.95284, 13.32671], [77.95274, 13.32611], [77.9527, 13.3255], [77.95266, 13.32491], [77.95207, 13.32484], [77.95147, 13.32471], [77.95084, 13.32464], [77.95019, 13.32443], [77.9496, 13.32423], [77.949, 13.32396], [77.94847, 13.32376], [77.94795, 13.32346], [77.94742, 13.32312], [77.94685, 13.32284], [77.94628, 13.32254], [77.94575, 13.32219], [77.9452, 13.32181], [77.9447, 13.3214], [77.94421, 13.32102], [77.94373, 13.32061], [77.94327, 13.32019], [77.9427, 13.31986], [77.94219, 13.31945], [77.94161, 13.31903], [77.94114, 13.31867], [77.94069, 13.3183], [77.94013, 13.31786], [77.93969, 13.31754], [77.93918, 13.31719], [77.93872, 13.31724], [77.9381, 13.31741], [77.93766, 13.31771], [77.9368, 13.31789], [77.93626, 13.31807], [77.93572, 13.31824], [77.93499, 13.31842], [77.93434, 13.31854], [77.93374, 13.31869], [77.9332, 13.31888], [77.93274, 13.31925], [77.93236, 13.31957], [77.93184, 13.32], [77.93135, 13.32044], [77.93094, 13.32084], [77.93049, 13.32121], [77.93002, 13.32161], [77.92958, 13.32203], [77.92913, 13.32245], [77.92863, 13.32295], [77.92818, 13.32332], [77.92777, 13.32382], [77.9273, 13.32425], [77.92688, 13.32473], [77.9264, 13.32517], [77.92599, 13.32558], [77.92554, 13.32605], [77.92509, 13.32647], [77.92466, 13.32696], [77.92417, 13.32739], [77.92369, 13.3278], [77.92274, 13.32892], [77.921, 13.32726], [77.92115, 13.32627], [77.92117, 13.32568], [77.92116, 13.32504], [77.92112, 13.32435], [77.9211, 13.32376], [77.92106, 13.32314], [77.92107, 13.32254], [77.92104, 13.32188], [77.92107, 13.32121], [77.92102, 13.32064], [77.92104, 13.31995], [77.92102, 13.31932], [77.92097, 13.31871], [77.92096, 13.31817], [77.92098, 13.31752], [77.92102, 13.31689], [77.92102, 13.3163], [77.92101, 13.31572], [77.92097, 13.31506], [77.92096, 13.31444], [77.92094, 13.31377], [77.9209, 13.31313], [77.92092, 13.31253], [77.9209, 13.3119], [77.92086, 13.31129], [77.92084, 13.31053], [77.9208, 13.3099], [77.92073, 13.3093], [77.92068, 13.30865], [77.9206, 13.308], [77.92121, 13.30791], [77.92181, 13.30786], [77.92245, 13.3078], [77.92307, 13.30775], [77.92363, 13.30773], [77.92418, 13.30767], [77.92416, 13.307], [77.92411, 13.30628], [77.92409, 13.30569], [77.92471, 13.30555], [77.92534, 13.30546], [77.92601, 13.30532], [77.92657, 13.30515], [77.92649, 13.30451], [77.92635, 13.30387], [77.92622, 13.30321], [77.92609, 13.30255], [77.92602, 13.30199], [77.92588, 13.30138], [77.92577, 13.30074], [77.92566, 13.30015], [77.92554, 13.29954], [77.92542, 13.29892], [77.92532, 13.2983], [77.92521, 13.29768], [77.92507, 13.29712], [77.92494, 13.29645], [77.9248, 13.29593], [77.92468, 13.29531], [77.92458, 13.29473], [77.92448, 13.29412], [77.92436, 13.29346], [77.92424, 13.29286], [77.92412, 13.29223], [77.92402, 13.29156], [77.92389, 13.29099], [77.92327, 13.291], [77.92262, 13.29108], [77.92241, 13.29153], [77.9217, 13.29154], [77.92106, 13.29177], [77.92099, 13.29218], [77.92042, 13.2921], [77.91986, 13.29193], [77.91927, 13.29177], [77.9186, 13.29156], [77.918, 13.29136], [77.91742, 13.29105], [77.91683, 13.29081], [77.91627, 13.2905], [77.91571, 13.29022], [77.91566, 13.28965], [77.91569, 13.28905], [77.9157, 13.28844], [77.91632, 13.28855], [77.91701, 13.28859], [77.91762, 13.28868], [77.91827, 13.28871], [77.9189, 13.28879], [77.9195, 13.28882], [77.92015, 13.2889], [77.92058, 13.2894], [77.92118, 13.2894], [77.92174, 13.28941], [77.92238, 13.28941], [77.92298, 13.28938], [77.92294, 13.28881], [77.92283, 13.2881], [77.92283, 13.28748], [77.92276, 13.28685], [77.9227, 13.28624], [77.92263, 13.28565], [77.92262, 13.28502], [77.92327, 13.28496], [77.92384, 13.28494], [77.92448, 13.28493], [77.92508, 13.28487], [77.92573, 13.28483], [77.9264, 13.28473], [77.92702, 13.28447], [77.92756, 13.28408], [77.92799, 13.2837], [77.92843, 13.28328], [77.9289, 13.28287], [77.92945, 13.28253], [77.9299, 13.28211], [77.9304, 13.28172], [77.93088, 13.28133], [77.93089, 13.28073], [77.93085, 13.28012], [77.9308, 13.27948], [77.93077, 13.27878], [77.93072, 13.27815], [77.9313, 13.27808], [77.93184, 13.27799], [77.93248, 13.27792], [77.93305, 13.27784], [77.93379, 13.2778], [77.93441, 13.27765], [77.93499, 13.27739], [77.93551, 13.27711], [77.93587, 13.27659], [77.93646, 13.27617], [77.93703, 13.27584], [77.93764, 13.27559], [77.93819, 13.27541], [77.93878, 13.27528], [77.93882, 13.27468], [77.9388, 13.27406], [77.93876, 13.27345], [77.93867, 13.27285], [77.93863, 13.27226], [77.93856, 13.27163], [77.9385, 13.27099], [77.93847, 13.27037], [77.93835, 13.26924], [77.93826, 13.26852], [77.93822, 13.26795], [77.93817, 13.2648], [77.93821, 13.26403], [77.93839, 13.26352], [77.93863, 13.26305], [77.93897, 13.26255], [77.93938, 13.2621], [77.93985, 13.26168], [77.94039, 13.2613], [77.94092, 13.26089], [77.94116, 13.26034], [77.94112, 13.25982], [77.94143, 13.2594], [77.94146, 13.25899], [77.9414, 13.25847], [77.94121, 13.25796], [77.94004, 13.25551], [77.93955, 13.25448], [77.93887, 13.25322], [77.93775, 13.25123], [77.93728, 13.25104], [77.93618, 13.25063], [77.93545, 13.25048], [77.93503, 13.24989], [77.9345, 13.24915], [77.93435, 13.24859], [77.93429, 13.2484], [77.93438, 13.24781], [77.93471, 13.24735], [77.93532, 13.24697], [77.93495, 13.24606], [77.93309, 13.24365], [77.93196, 13.24213], [77.93133, 13.24139], [77.93058, 13.24041], [77.93006, 13.23977], [77.92901, 13.23823], [77.92809, 13.23882], [77.92721, 13.23933], [77.92636, 13.23966], [77.92577, 13.23976], [77.92419, 13.2391], [77.92389, 13.239], [77.92335, 13.23884], [77.92234, 13.23912], [77.92067, 13.23956], [77.91924, 13.23966], [77.91769, 13.23972], [77.9164, 13.23971], [77.91527, 13.23977], [77.91468, 13.23979], [77.91415, 13.23974], [77.91412, 13.23974], [77.91397, 13.23617], [77.91393, 13.23522], [77.91385, 13.233], [77.91385, 13.23194], [77.91158, 13.23134], [77.9112, 13.23131], [77.91066, 13.23127], [77.90869, 13.23147], [77.90704, 13.23188], [77.90417, 13.23248], [77.90163, 13.23316], [77.90017, 13.23349], [77.89838, 13.2337], [77.8979, 13.23375], [77.89614, 13.23394], [77.89499, 13.23406], [77.89327, 13.23424], [77.89092, 13.23453], [77.89218, 13.23561], [77.89347, 13.23681], [77.89461, 13.23789], [77.89533, 13.23854], [77.8971, 13.23989], [77.89854, 13.24097], [77.89967, 13.24174], [77.90015, 13.24204], [77.90219, 13.24208], [77.9037, 13.24391], [77.9047, 13.24511], [77.90496, 13.24689], [77.90533, 13.24876], [77.90551, 13.24973], [77.90565, 13.25056], [77.90446, 13.25048], [77.90473, 13.25123], [77.90537, 13.25267], [77.90474, 13.25387], [77.90407, 13.25442], [77.90341, 13.25483], [77.90195, 13.25538], [77.90103, 13.25577], [77.90046, 13.25591], [77.89638, 13.25661], [77.89079, 13.25756], [77.88844, 13.25123], [77.88859, 13.25079], [77.88776, 13.25085], [77.88688, 13.25089], [77.88483, 13.25092], [77.88452, 13.24989], [77.88173, 13.25036], [77.88007, 13.25045], [77.87869, 13.24912], [77.87632, 13.24645], [77.87634, 13.24562], [77.87411, 13.24393], [77.87455, 13.24349], [77.87457, 13.24347], [77.87531, 13.24258], [77.87715, 13.24054], [77.87848, 13.23934], [77.87823, 13.23871], [77.87817, 13.23854], [77.87742, 13.23659], [77.8766, 13.23431], [77.87418, 13.23429], [77.87079, 13.23425], [77.87032, 13.2348], [77.86837, 13.2366], [77.86531, 13.23951], [77.86443, 13.24036], [77.86364, 13.24112], [77.86337, 13.24036], [77.86337, 13.24036], [77.86329, 13.23975], [77.86303, 13.23866], [77.86274, 13.23755], [77.86244, 13.23688], [77.86166, 13.23566], [77.86066, 13.23415], [77.86002, 13.23306], [77.85968, 13.23237], [77.85884, 13.23048], [77.858, 13.22847], [77.85796, 13.22783], [77.85798, 13.22729], [77.85803, 13.22592], [77.85811, 13.22408], [77.85815, 13.22307], [77.85817, 13.22258], [77.85829, 13.22037], [77.85739, 13.22033], [77.85674, 13.22027], [77.85624, 13.22018], [77.8558, 13.22014], [77.85526, 13.22015], [77.85477, 13.22011], [77.85414, 13.21996], [77.85354, 13.2199], [77.85333, 13.2199], [77.8529, 13.21994], [77.8525, 13.2199], [77.85217, 13.21985], [77.8516, 13.21975], [77.85099, 13.21972], [77.85045, 13.21962], [77.85002, 13.2195], [77.84885, 13.22088], [77.84858, 13.22096], [77.84779, 13.22107], [77.8479, 13.22218], [77.8481, 13.2236], [77.84842, 13.22574], [77.84872, 13.22767], [77.84888, 13.22849], [77.849, 13.22956], [77.84921, 13.23095], [77.84956, 13.23319], [77.84985, 13.2352], [77.85028, 13.238], [77.85047, 13.23924], [77.85073, 13.24075], [77.85077, 13.24106], [77.84942, 13.24156], [77.84659, 13.24257], [77.84211, 13.24417], [77.83794, 13.24565], [77.83555, 13.24656], [77.8341, 13.24713], [77.83351, 13.24736], [77.83232, 13.24847], [77.83181, 13.24868], [77.83032, 13.24915], [77.8283, 13.24961], [77.82652, 13.24995], [77.82419, 13.25058], [77.8239, 13.25123], [77.82383, 13.25143], [77.82133, 13.25262], [77.82014, 13.25123], [77.81849, 13.24859], [77.8178, 13.24661], [77.81705, 13.24706], [77.81585, 13.24363], [77.81441, 13.23951], [77.81088, 13.24135], [77.80818, 13.2428], [77.80756, 13.24313], [77.80909, 13.24685], [77.81088, 13.24617], [77.81199, 13.24845], [77.81346, 13.25065], [77.81404, 13.25123], [77.81541, 13.25348], [77.8185, 13.25356], [77.81876, 13.25403], [77.81893, 13.25447], [77.81926, 13.25509], [77.81945, 13.25545], [77.81974, 13.25588], [77.82006, 13.25637], [77.82027, 13.25681], [77.82059, 13.25733], [77.82097, 13.25817], [77.82038, 13.25837], [77.81857, 13.25899], [77.81802, 13.25923], [77.81754, 13.25942], [77.81686, 13.25972], [77.81604, 13.26009], [77.81544, 13.2604], [77.81492, 13.26064], [77.81425, 13.26085], [77.81313, 13.26111], [77.81246, 13.26126], [77.81203, 13.26133], [77.81162, 13.26133], [77.81126, 13.26128], [77.81062, 13.26116], [77.81027, 13.26117], [77.80975, 13.26125], [77.8091, 13.26139], [77.8088, 13.26148], [77.80965, 13.26347], [77.81044, 13.26499], [77.81087, 13.26598], [77.81118, 13.267], [77.81139, 13.26784], [77.81153, 13.269], [77.81152, 13.27008], [77.81152, 13.27174], [77.81154, 13.27365], [77.81155, 13.27461], [77.8115, 13.27563], [77.81145, 13.27623], [77.8114, 13.27674], [77.81139, 13.27712], [77.81146, 13.27758], [77.81197, 13.27906], [77.81224, 13.27986], [77.81266, 13.281], [77.81293, 13.28182], [77.81307, 13.28229], [77.81329, 13.2827], [77.81395, 13.28355], [77.8143, 13.28423], [77.815, 13.285], [77.81516, 13.28545], [77.81527, 13.28618], [77.8157, 13.28761], [77.81579, 13.28888], [77.81598, 13.29001], [77.81603, 13.29106], [77.81605, 13.29224], [77.81613, 13.29361], [77.81608, 13.29478], [77.81597, 13.29587], [77.81593, 13.29675], [77.81589, 13.29756], [77.81762, 13.29761], [77.81855, 13.29761], [77.81939, 13.29749], [77.82217, 13.29695], [77.82229, 13.29579], [77.82232, 13.29452], [77.82239, 13.29253], [77.82259, 13.29076], [77.82482, 13.29074], [77.82576, 13.29073], [77.82663, 13.29076], [77.82755, 13.29074], [77.82857, 13.29069], [77.82955, 13.29067], [77.82957, 13.29171], [77.82949, 13.2933], [77.82945, 13.29581], [77.82939, 13.29702], [77.82928, 13.29945], [77.82925, 13.30057], [77.82763, 13.30066], [77.82764, 13.30234], [77.82763, 13.30549], [77.82701, 13.30544], [77.82622, 13.30549], [77.82524, 13.30547], [77.82414, 13.30535], [77.82301, 13.30517], [77.82195, 13.30504], [77.82093, 13.30486], [77.81997, 13.3047], [77.81892, 13.30464], [77.81803, 13.30452], [77.81709, 13.3045], [77.8156, 13.30434], [77.81444, 13.30425], [77.81444, 13.30943], [77.81228, 13.30977], [77.81113, 13.30992], [77.81018, 13.31007], [77.81058, 13.3115], [77.81093, 13.31227], [77.81203, 13.31206], [77.81242, 13.31301], [77.81378, 13.31258], [77.81334, 13.31095], [77.81433, 13.3104], [77.81503, 13.31017], [77.81598, 13.31011], [77.81684, 13.31008], [77.81728, 13.31018], [77.81754, 13.31074], [77.81797, 13.31407], [77.81845, 13.31424], [77.81849, 13.31538], [77.81917, 13.3162], [77.81994, 13.31689], [77.8208, 13.31745], [77.82146, 13.31792], [77.82189, 13.31831], [77.82227, 13.3185], [77.82262, 13.31881], [77.82269, 13.31915], [77.82281, 13.31953], [77.82331, 13.32019], [77.82405, 13.32114], [77.82476, 13.32242], [77.82542, 13.32359], [77.82717, 13.32701], [77.82639, 13.32717], [77.8254, 13.32734], [77.82297, 13.32799], [77.82199, 13.32823], [77.82103, 13.3286], [77.82025, 13.32896], [77.81956, 13.32954], [77.81897, 13.33012], [77.81826, 13.33066], [77.81745, 13.33111], [77.81674, 13.33142], [77.81628, 13.33157], [77.81549, 13.33174], [77.81458, 13.332], [77.8136, 13.33261], [77.81201, 13.33356], [77.81105, 13.33403], [77.81023, 13.3344], [77.80998, 13.33459], [77.81004, 13.33631], [77.81025, 13.33834], [77.80918, 13.33823], [77.80821, 13.33809], [77.80732, 13.33804], [77.80618, 13.338], [77.80519, 13.33794], [77.80435, 13.33791], [77.80357, 13.338], [77.80259, 13.33817], [77.8015, 13.33848], [77.79891, 13.33927], [77.79638, 13.34067], [77.79484, 13.34171], [77.79398, 13.34238], [77.79334, 13.34291], [77.79314, 13.34337], [77.79306, 13.34391], [77.79297, 13.34432], [77.79272, 13.34465], [77.79191, 13.34516], [77.79111, 13.34567], [77.79107, 13.34592], [77.79112, 13.34661], [77.79122, 13.34735], [77.79115, 13.34827], [77.79112, 13.34908], [77.7911, 13.34972], [77.79101, 13.35028], [77.79094, 13.35052], [77.79098, 13.35126], [77.79094, 13.35189], [77.79094, 13.35253], [77.79087, 13.35321], [77.79088, 13.3538], [77.79091, 13.35449], [77.7911, 13.35503], [77.79132, 13.35561], [77.79144, 13.35615], [77.79159, 13.35679], [77.79179, 13.35736], [77.79203, 13.35798], [77.79221, 13.3586], [77.79241, 13.35921], [77.79258, 13.35988], [77.79283, 13.36058], [77.79294, 13.36106], [77.79311, 13.36166], [77.79345, 13.36219], [77.79373, 13.36275], [77.79403, 13.36319], [77.79436, 13.36375], [77.79463, 13.36431], [77.79525, 13.36415], [77.79581, 13.3645], [77.79632, 13.36485], [77.7967, 13.36517], [77.79726, 13.36553], [77.79778, 13.36587], [77.79828, 13.36575], [77.79856, 13.36623], [77.79886, 13.36686], [77.79947, 13.36691], [77.80004, 13.36693], [77.80061, 13.36701], [77.80104, 13.36752], [77.80144, 13.36812], [77.80191, 13.36871], [77.80315, 13.36876], [77.80375, 13.36878], [77.80438, 13.36879], [77.80503, 13.36871], [77.80571, 13.36868], [77.80634, 13.36857], [77.80699, 13.36853], [77.80827, 13.36832], [77.8085, 13.36886], [77.8088, 13.36935], [77.80906, 13.36988], [77.80942, 13.37047], [77.80992, 13.37074], [77.81048, 13.37096], [77.8111, 13.37117], [77.81164, 13.37144], [77.81172, 13.37196], [77.81176, 13.37261], [77.81185, 13.37326], [77.81193, 13.37386], [77.81202, 13.37447], [77.81263, 13.37441], [77.81331, 13.3743], [77.8139, 13.37415], [77.81447, 13.3739], [77.81506, 13.3737], [77.81564, 13.37346], [77.81626, 13.37326], [77.81681, 13.37302], [77.8174, 13.37282], [77.81802, 13.37258], [77.81863, 13.37232], [77.81918, 13.37207], [77.81977, 13.37184], [77.82032, 13.37161], [77.82093, 13.37141], [77.82217, 13.37101], [77.82295, 13.37078], [77.82356, 13.37065], [77.82418, 13.37073], [77.82541, 13.37132], [77.82596, 13.37154], [77.8271, 13.37207], [77.82768, 13.37238], [77.82821, 13.37263], [77.82878, 13.37297], [77.8292, 13.37324], [77.83051, 13.37385], [77.83099, 13.3743], [77.8313, 13.37464], [77.83131, 13.37465], [77.83189, 13.37519], [77.83235, 13.37563], [77.83287, 13.37605], [77.83331, 13.37643], [77.83387, 13.37683], [77.8345, 13.37723], [77.83512, 13.37755], [77.8357, 13.3779], [77.83571, 13.37791], [77.83573, 13.3779], [77.83636, 13.37772], [77.83713, 13.37751], [77.83773, 13.37749], [77.83776, 13.37749], [77.83776, 13.37749], [77.83777, 13.37751], [77.83799, 13.37801], [77.83835, 13.37871], [77.83858, 13.37932], [77.83877, 13.37993], [77.83892, 13.38049], [77.83908, 13.38117], [77.83923, 13.38137], [77.83924, 13.38138], [77.83937, 13.3818], [77.83968, 13.38236], [77.83979, 13.38306], [77.83987, 13.38371], [77.83998, 13.38425], [77.84012, 13.38492], [77.84025, 13.38546], [77.84045, 13.38605], [77.84065, 13.38666], [77.84083, 13.38727], [77.84093, 13.38788], [77.84099, 13.38855], [77.84088, 13.38918], [77.84093, 13.38988], [77.84092, 13.39048], [77.84087, 13.39103], [77.84071, 13.39165], [77.84058, 13.39231], [77.84042, 13.39289], [77.84028, 13.39353], [77.84013, 13.39412], [77.83983, 13.39467], [77.83954, 13.39518], [77.83922, 13.39578], [77.83913, 13.39637], [77.83852, 13.39691], [77.83815, 13.39743], [77.83779, 13.39794], [77.83738, 13.39851], [77.83701, 13.39898], [77.83666, 13.39951], [77.83549, 13.40104], [77.83522, 13.4015], [77.83541, 13.4026], [77.83462, 13.40342], [77.83477, 13.40461], [77.83387, 13.40558], [77.83374, 13.40659], [77.83284, 13.40705], [77.83127, 13.40907], [77.82931, 13.41056], [77.82717, 13.41234], [77.82661, 13.41279], [77.82559, 13.41334], [77.82509, 13.41383], [77.82541, 13.41437], [77.82573, 13.41494], [77.82598, 13.41546], [77.82627, 13.41602], [77.82661, 13.41656], [77.82696, 13.41722], [77.82717, 13.4177], [77.8274, 13.41836], [77.82745, 13.41902], [77.82754, 13.41963], [77.82763, 13.42026], [77.82774, 13.42086], [77.82781, 13.42166], [77.82786, 13.42217], [77.82794, 13.42278], [77.82801, 13.42352], [77.82814, 13.42406], [77.82827, 13.42477], [77.82841, 13.42539], [77.82863, 13.42595], [77.82873, 13.4261], [77.82896, 13.42647], [77.82925, 13.42699], [77.8295, 13.42759], [77.82978, 13.42818], [77.83005, 13.42877], [77.83032, 13.42934], [77.83051, 13.43001], [77.83068, 13.43058], [77.8309, 13.4316], [77.83107, 13.43252], [77.83124, 13.43314], [77.83144, 13.43376], [77.83167, 13.43434], [77.83188, 13.43494], [77.83212, 13.43561], [77.83217, 13.43628], [77.8332, 13.4369], [77.83394, 13.43727], [77.83445, 13.43739], [77.83513, 13.43783], [77.83567, 13.43801], [77.83627, 13.43833], [77.83688, 13.43853], [77.83758, 13.43905], [77.8381, 13.43922], [77.83869, 13.43937], [77.83923, 13.43978], [77.83978, 13.44012], [77.84046, 13.44048], [77.84095, 13.43986], [77.84172, 13.44016], [77.842, 13.43968], [77.84236, 13.43844], [77.84337, 13.43822], [77.84372, 13.43883], [77.84405, 13.43941], [77.84446, 13.43993], [77.84487, 13.44061], [77.84517, 13.44122], [77.84476, 13.44159], [77.8441, 13.4421], [77.8436, 13.44245], [77.84308, 13.44268], [77.84326, 13.44325], [77.84348, 13.44384], [77.84368, 13.44447], [77.84397, 13.44516], [77.8441, 13.44577], [77.84438, 13.44632], [77.84466, 13.44697], [77.84423, 13.4475], [77.84383, 13.44797], [77.84328, 13.44836], [77.84282, 13.44874], [77.84237, 13.44931], [77.84206, 13.4496], [77.84162, 13.45005], [77.84105, 13.45055], [77.84074, 13.45111], [77.84035, 13.45152], [77.83974, 13.45202], [77.83928, 13.45251], [77.83882, 13.4531], [77.83911, 13.45364], [77.83941, 13.45418], [77.8398, 13.45479], [77.8401, 13.45539], [77.84049, 13.45599], [77.84079, 13.45658], [77.84114, 13.45714], [77.84154, 13.45767], [77.84185, 13.45824], [77.84212, 13.45885], [77.84238, 13.45944], [77.84263, 13.46001], [77.84282, 13.46073], [77.8429, 13.46135], [77.84294, 13.46194], [77.84296, 13.46257], [77.84297, 13.46312], [77.843, 13.46383], [77.84304, 13.46445], [77.84307, 13.46514], [77.84309, 13.46578], [77.84313, 13.46638], [77.84315, 13.46707], [77.84319, 13.46776], [77.84303, 13.4683], [77.84266, 13.46884], [77.84234, 13.46938], [77.84201, 13.46989], [77.84172, 13.47049], [77.84136, 13.47106], [77.84101, 13.47154], [77.84057, 13.47196], [77.84011, 13.47242], [77.83967, 13.4729], [77.83915, 13.47332], [77.83867, 13.47381], [77.83813, 13.47415], [77.83758, 13.47452], [77.83707, 13.47488], [77.83648, 13.47527], [77.83591, 13.47555], [77.83539, 13.4758], [77.83486, 13.47611], [77.83379, 13.47667], [77.8332, 13.47694], [77.83308, 13.477], [77.8326, 13.47723], [77.83217, 13.47753], [77.83171, 13.47802], [77.83132, 13.47842], [77.83095, 13.4789], [77.83047, 13.47941], [77.83006, 13.47986], [77.82969, 13.48029], [77.82958, 13.48096], [77.82954, 13.48174], [77.82955, 13.48224], [77.82963, 13.48288], [77.82966, 13.48356], [77.82966, 13.48417], [77.82966, 13.48482], [77.82967, 13.48546], [77.82969, 13.48608], [77.82976, 13.48678], [77.83038, 13.48685], [77.83098, 13.48695], [77.83161, 13.48703], [77.83215, 13.48718], [77.83283, 13.48735], [77.83276, 13.48798], [77.83274, 13.48865], [77.8327, 13.4893], [77.8327, 13.48981], [77.83263, 13.49044], [77.83256, 13.49109], [77.83256, 13.49169], [77.83255, 13.49236], [77.83247, 13.49299], [77.83158, 13.49314], [77.83093, 13.49322], [77.83028, 13.49333], [77.8298, 13.49404], [77.82943, 13.49452], [77.82907, 13.49506], [77.82875, 13.4955], [77.82829, 13.49614], [77.82789, 13.49654], [77.8284, 13.49723], [77.82852, 13.49828], [77.82939, 13.49853], [77.82942, 13.49934], [77.83014, 13.49951], [77.82982, 13.50024], [77.82889, 13.50003], [77.82842, 13.5006], [77.82792, 13.50121], [77.82878, 13.50246], [77.82866, 13.50304], [77.82833, 13.50407], [77.82806, 13.50526], [77.82775, 13.50707], [77.82744, 13.509], [77.82873, 13.50919], [77.83013, 13.50934], [77.83011, 13.51035], [77.82882, 13.51055], [77.8291, 13.51121], [77.82923, 13.5119], [77.82846, 13.51186], [77.82636, 13.51161], [77.82565, 13.5114], [77.82392, 13.51226], [77.82376, 13.51235], [77.82285, 13.51294], [77.82039, 13.51429], [77.81951, 13.51477], [77.81857, 13.51501], [77.81822, 13.5151], [77.81757, 13.51513], [77.81534, 13.51384], [77.81473, 13.51514], [77.81428, 13.51597], [77.81389, 13.5168], [77.81303, 13.51841], [77.81282, 13.51911], [77.81276, 13.52023], [77.81254, 13.5229], [77.81257, 13.52431], [77.81259, 13.52565], [77.81258, 13.52628], [77.81064, 13.53277], [77.81032, 13.53406], [77.81036, 13.53475], [77.81238, 13.53486], [77.81431, 13.53508], [77.8151, 13.53522], [77.81855, 13.5358], [77.8192, 13.53587], [77.82046, 13.53591], [77.8212, 13.53598], [77.82185, 13.53606], [77.82244, 13.53628], [77.82309, 13.53653], [77.82432, 13.53703], [77.82528, 13.53755], [77.82635, 13.53823], [77.82688, 13.53865], [77.82765, 13.5396], [77.8281, 13.54012], [77.82878, 13.54108], [77.82945, 13.54196], [77.82951, 13.5433], [77.82951, 13.54513], [77.82953, 13.54822], [77.82965, 13.54889], [77.82984, 13.54946], [77.83028, 13.54996], [77.83104, 13.55085], [77.83267, 13.55285], [77.83433, 13.55481], [77.83683, 13.55767], [77.83786, 13.55885], [77.83851, 13.55895], [77.83919, 13.55908], [77.83979, 13.55914], [77.8416, 13.55965], [77.84229, 13.55974], [77.84289, 13.55975], [77.84363, 13.55972], [77.84428, 13.55972], [77.84493, 13.55991], [77.84541, 13.56005], [77.84603, 13.56023], [77.84647, 13.56031], [77.84668, 13.56034], [77.84729, 13.56054], [77.85151, 13.56196], [77.853, 13.56244], [77.85462, 13.56296], [77.85664, 13.56348], [77.85776, 13.56377], [77.85961, 13.56424], [77.86293, 13.56463], [77.8636, 13.56479], [77.86778, 13.56579], [77.86868, 13.56601], [77.86891, 13.56914], [77.86909, 13.57035], [77.86944, 13.57154], [77.87088, 13.57501], [77.87087, 13.57627], [77.87085, 13.57949], [77.87093, 13.58468], [77.86759, 13.58431], [77.86594, 13.58413], [77.86275, 13.58379], [77.85824, 13.58323], [77.85768, 13.58312], [77.85318, 13.5822], [77.84985, 13.58157], [77.84939, 13.58148], [77.84955, 13.5825], [77.84996, 13.58442], [77.85037, 13.58618], [77.85086, 13.58729], [77.84866, 13.58726], [77.84381, 13.5872], [77.83872, 13.58719], [77.83617, 13.58715], [77.83356, 13.5871], [77.83301, 13.58928], [77.83281, 13.59008], [77.83236, 13.59169], [77.83203, 13.59308], [77.83172, 13.59433], [77.83116, 13.59569], [77.83096, 13.59629], [77.83063, 13.59777], [77.83052, 13.5983], [77.8303, 13.59893], [77.83009, 13.59926], [77.82898, 13.60094], [77.82872, 13.60245], [77.82868, 13.60288], [77.8288, 13.6037], [77.82927, 13.60472], [77.82959, 13.60547], [77.82979, 13.60625], [77.8298, 13.6068], [77.82985, 13.60747], [77.83011, 13.60802], [77.83052, 13.60848], [77.83076, 13.60895], [77.83102, 13.61004], [77.83118, 13.61046], [77.83183, 13.61095], [77.83226, 13.61267], [77.83245, 13.61333], [77.83268, 13.61391], [77.833, 13.6144], [77.83346, 13.61483], [77.83388, 13.61526], [77.83439, 13.61555], [77.8349, 13.61582], [77.83573, 13.61614], [77.83648, 13.61642], [77.83731, 13.61679], [77.83776, 13.61736], [77.83796, 13.61797], [77.83793, 13.6185], [77.83805, 13.61911], [77.83831, 13.61963], [77.8388, 13.62015], [77.83921, 13.62047], [77.83985, 13.62079], [77.84051, 13.62097], [77.84106, 13.62111], [77.84135, 13.6212], [77.84178, 13.62134], [77.8424, 13.62161], [77.84266, 13.62218], [77.84271, 13.62276], [77.84268, 13.62326], [77.84266, 13.62356], [77.84264, 13.62392], [77.84266, 13.62458], [77.84341, 13.62465], [77.84332, 13.62644], [77.84328, 13.62707], [77.84318, 13.62773], [77.84312, 13.62842], [77.84214, 13.63009], [77.84191, 13.63061], [77.84168, 13.63108], [77.84139, 13.63167], [77.84109, 13.63227], [77.84075, 13.63286], [77.84065, 13.63306], [77.84046, 13.63341], [77.83999, 13.63383], [77.83949, 13.63409], [77.8389, 13.63446], [77.83857, 13.6349], [77.83843, 13.63527], [77.83839, 13.63585], [77.83848, 13.63638], [77.83882, 13.63692], [77.8397, 13.63799], [77.84003, 13.63849], [77.84018, 13.6391], [77.84027, 13.63965], [77.84016, 13.64029], [77.83983, 13.64126], [77.83925, 13.64258], [77.83918, 13.64319], [77.83911, 13.64389], [77.83887, 13.64519], [77.83869, 13.64582], [77.83824, 13.6473], [77.83934, 13.64681], [77.84128, 13.6463], [77.84243, 13.64585], [77.84568, 13.64485], [77.84732, 13.64604], [77.85081, 13.64506], [77.85182, 13.64478], [77.85319, 13.64442], [77.85407, 13.64427], [77.85577, 13.64398], [77.85594, 13.6427], [77.85604, 13.6421], [77.85666, 13.64187], [77.85722, 13.64165], [77.85853, 13.64125], [77.86158, 13.64019], [77.86178, 13.64268], [77.86189, 13.64448], [77.86196, 13.6456], [77.8621, 13.64766], [77.86227, 13.64961], [77.86257, 13.6527], [77.86266, 13.65332], [77.86278, 13.65392], [77.86285, 13.65467], [77.86262, 13.65525], [77.86221, 13.65577], [77.8619, 13.65629], [77.86165, 13.6568], [77.86145, 13.6573], [77.86133, 13.65795], [77.86132, 13.65854], [77.86128, 13.65923], [77.86124, 13.65989], [77.86116, 13.66127], [77.86108, 13.6637], [77.86091, 13.66512], [77.86082, 13.66754], [77.86428, 13.66755], [77.86566, 13.66755], [77.86563, 13.6675], [77.8662, 13.66718], [77.8675, 13.6671], [77.86926, 13.66705], [77.87168, 13.66709], [77.87511, 13.66706], [77.87631, 13.66706], [77.87736, 13.66714], [77.87817, 13.66731], [77.8789, 13.66757], [77.88058, 13.66829], [77.8813, 13.66867], [77.8819, 13.66896], [77.88239, 13.66922], [77.88304, 13.66911], [77.88379, 13.66889], [77.88505, 13.66852], [77.88781, 13.66778], [77.88848, 13.66761], [77.88874, 13.66751], [77.88906, 13.66739], [77.89015, 13.66725], [77.89147, 13.66711]]]}}, {"type": "Feature", "properties": {"taluk": "Chintamani", "district": "Chikkaballapura", "state": "Karnataka"}, "geometry": {"type": "Polygon", "coordinates": [[[78.07365, 13.6736], [78.07485, 13.67339], [78.07656, 13.67343], [78.07701, 13.67335], [78.07729, 13.67291], [78.07731, 13.6717], [78.07752, 13.67066], [78.07788, 13.66972], [78.07774, 13.66837], [78.07855, 13.66727], [78.07945, 13.66645], [78.08134, 13.66483], [78.083, 13.6636], [78.08473, 13.66227], [78.08717, 13.66069], [78.08754, 13.66042], [78.08974, 13.6591], [78.0869, 13.65117], [78.08693, 13.6504], [78.08695, 13.64938], [78.08692, 13.64899], [78.08705, 13.64849], [78.08703, 13.64734], [78.08701, 13.64624], [78.08709, 13.64451], [78.08711, 13.64307], [78.09008, 13.6433], [78.09291, 13.64347], [78.09386, 13.64337], [78.09566, 13.64308], [78.0975, 13.6428], [78.09889, 13.6428], [78.09894, 13.6428], [78.09894, 13.6428], [78.09895, 13.6428], [78.09895, 13.6428], [78.10028, 13.64484], [78.1016, 13.64731], [78.10171, 13.64823], [78.10204, 13.65013], [78.10225, 13.65105], [78.10225, 13.65106], [78.10403, 13.65099], [78.10409, 13.65099], [78.10429, 13.65147], [78.10444, 13.65195], [78.10494, 13.65253], [78.10495, 13.65254], [78.10547, 13.6525], [78.10696, 13.65247], [78.10701, 13.65246], [78.10781, 13.65287], [78.10847, 13.65311], [78.10838, 13.65365], [78.11001, 13.65526], [78.11074, 13.65563], [78.11321, 13.65702], [78.11428, 13.65736], [78.11429, 13.65736], [78.11506, 13.65739], [78.11633, 13.65745], [78.11693, 13.65744], [78.11695, 13.65744], [78.11862, 13.65687], [78.1213, 13.65589], [78.12285, 13.65571], [78.12366, 13.65573], [78.12521, 13.65583], [78.1255, 13.65584], [78.12551, 13.65584], [78.12557, 13.65585], [78.12624, 13.65635], [78.12702, 13.65689], [78.12828, 13.65723], [78.1297, 13.65771], [78.13021, 13.65864], [78.13055, 13.65914], [78.13108, 13.65935], [78.13112, 13.65936], [78.13168, 13.65918], [78.13169, 13.65918], [78.13387, 13.6595], [78.13391, 13.6595], [78.13519, 13.65935], [78.13625, 13.65904], [78.13759, 13.65829], [78.13846, 13.65782], [78.13848, 13.65781], [78.13962, 13.65812], [78.14177, 13.65844], [78.14182, 13.65844], [78.14302, 13.65783], [78.14526, 13.65692], [78.1465, 13.65671], [78.14704, 13.6567], [78.14709, 13.65669], [78.14727, 13.65729], [78.14772, 13.65762], [78.14772, 13.65762], [78.14816, 13.65765], [78.14822, 13.65766], [78.14923, 13.65788], [78.14924, 13.65789], [78.15109, 13.65796], [78.1527, 13.65771], [78.1527, 13.65771], [78.15424, 13.65785], [78.15544, 13.65816], [78.15609, 13.65859], [78.15613, 13.65862], [78.15717, 13.65771], [78.15892, 13.6574], [78.16122, 13.6569], [78.16335, 13.6565], [78.16535, 13.65609], [78.1669, 13.65573], [78.16691, 13.65573], [78.16752, 13.65582], [78.16758, 13.65583], [78.16789, 13.65525], [78.16846, 13.65461], [78.16886, 13.65407], [78.16904, 13.65396], [78.16907, 13.65394], [78.16896, 13.65319], [78.16905, 13.65232], [78.16873, 13.65116], [78.16866, 13.64957], [78.1686, 13.64833], [78.16837, 13.64641], [78.1683, 13.64499], [78.168, 13.64402], [78.16802, 13.64305], [78.16813, 13.64216], [78.16849, 13.64127], [78.16873, 13.64021], [78.16844, 13.63844], [78.16761, 13.63741], [78.16815, 13.63503], [78.16842, 13.63388], [78.16822, 13.63285], [78.1708, 13.63189], [78.1735, 13.63121], [78.17505, 13.63061], [78.17703, 13.63051], [78.17858, 13.63053], [78.17858, 13.63053], [78.18099, 13.63076], [78.18101, 13.63076], [78.18104, 13.63077], [78.18479, 13.63062], [78.18687, 13.63041], [78.18917, 13.63052], [78.19564, 13.62842], [78.19976, 13.62868], [78.20152, 13.62868], [78.2042, 13.62842], [78.20355, 13.6256], [78.20312, 13.6211], [78.20254, 13.62005], [78.20232, 13.61943], [78.20377, 13.61828], [78.20355, 13.61765], [78.20366, 13.61592], [78.2035, 13.61231], [78.2035, 13.61017], [78.20366, 13.60808], [78.20333, 13.60651], [78.20254, 13.60447], [78.20132, 13.6023], [78.20129, 13.60225], [78.19901, 13.59924], [78.19617, 13.59584], [78.19494, 13.59451], [78.19211, 13.59192], [78.19026, 13.59014], [78.19002, 13.58627], [78.1897, 13.58062], [78.18961, 13.57521], [78.18986, 13.57393], [78.19018, 13.57126], [78.19109, 13.56755], [78.19296, 13.56486], [78.19297, 13.56485], [78.19378, 13.56513], [78.19469, 13.56544], [78.19619, 13.56626], [78.19638, 13.56599], [78.1977, 13.56542], [78.199, 13.56499], [78.20013, 13.56447], [78.20134, 13.56389], [78.20107, 13.56324], [78.19989, 13.56089], [78.19882, 13.55861], [78.19813, 13.55734], [78.19749, 13.55518], [78.19659, 13.55387], [78.19527, 13.55215], [78.1947, 13.55107], [78.19448, 13.55055], [78.19393, 13.54923], [78.19377, 13.54855], [78.19414, 13.54738], [78.19424, 13.54695], [78.19448, 13.54655], [78.19486, 13.54641], [78.19613, 13.54583], [78.19786, 13.54492], [78.19847, 13.54467], [78.19981, 13.54305], [78.20115, 13.54131], [78.20118, 13.54099], [78.20118, 13.5391], [78.20113, 13.53819], [78.20115, 13.53704], [78.20122, 13.53502], [78.20145, 13.53318], [78.2017, 13.53249], [78.2024, 13.53072], [78.20288, 13.52956], [78.2035, 13.52833], [78.20365, 13.52777], [78.20342, 13.52646], [78.20303, 13.52453], [78.20278, 13.52334], [78.20222, 13.52285], [78.20114, 13.52223], [78.19993, 13.52153], [78.19909, 13.52089], [78.19765, 13.52058], [78.19637, 13.52038], [78.19506, 13.5202], [78.19365, 13.51998], [78.19288, 13.52003], [78.19216, 13.52014], [78.19136, 13.52044], [78.19041, 13.5207], [78.1904, 13.52061], [78.18877, 13.5157], [78.18802, 13.51399], [78.18777, 13.51359], [78.18983, 13.51272], [78.1924, 13.51204], [78.19336, 13.51204], [78.19445, 13.51222], [78.19574, 13.51238], [78.1967, 13.51222], [78.19816, 13.51259], [78.19929, 13.50979], [78.19926, 13.50861], [78.19907, 13.50676], [78.19894, 13.50122], [78.19913, 13.50038], [78.19934, 13.49924], [78.19932, 13.49884], [78.19944, 13.49839], [78.19937, 13.49707], [78.1994, 13.49508], [78.19942, 13.49379], [78.19938, 13.49279], [78.19969, 13.4911], [78.19983, 13.48983], [78.20004, 13.48796], [78.20031, 13.48564], [78.20069, 13.4841], [78.20094, 13.4835], [78.20122, 13.48294], [78.20166, 13.48238], [78.2021, 13.48182], [78.20282, 13.481], [78.20306, 13.48078], [78.20426, 13.48017], [78.20586, 13.47945], [78.20699, 13.47881], [78.20761, 13.4785], [78.20811, 13.47811], [78.20828, 13.4774], [78.20892, 13.47558], [78.2091, 13.47491], [78.21008, 13.47176], [78.21039, 13.47104], [78.21018, 13.47052], [78.20981, 13.46927], [78.20932, 13.46805], [78.20853, 13.46696], [78.20766, 13.46596], [78.20655, 13.46519], [78.20629, 13.46502], [78.20605, 13.46473], [78.20603, 13.46409], [78.20593, 13.46014], [78.20586, 13.4588], [78.2054, 13.45761], [78.20475, 13.45632], [78.2043, 13.45548], [78.20347, 13.45362], [78.20257, 13.45183], [78.202, 13.45064], [78.20154, 13.44992], [78.20135, 13.44971], [78.19912, 13.44902], [78.19752, 13.44855], [78.19608, 13.44821], [78.19425, 13.44782], [78.19372, 13.44742], [78.19341, 13.4471], [78.19361, 13.44624], [78.19372, 13.44563], [78.19392, 13.44495], [78.19459, 13.44149], [78.19466, 13.44048], [78.19441, 13.43943], [78.19438, 13.43904], [78.19433, 13.43844], [78.19366, 13.43799], [78.19251, 13.43874], [78.19111, 13.43744], [78.18961, 13.43622], [78.18754, 13.43465], [78.18629, 13.43472], [78.18567, 13.43444], [78.18443, 13.43423], [78.18308, 13.43376], [78.18285, 13.43342], [78.18285, 13.43135], [78.18258, 13.431], [78.18233, 13.4299], [78.18295, 13.4288], [78.18358, 13.4268], [78.18318, 13.4253], [78.18287, 13.42417], [78.18277, 13.4238], [78.18256, 13.42282], [78.18239, 13.42229], [78.18255, 13.42157], [78.18281, 13.42094], [78.18272, 13.4208], [78.18255, 13.42063], [78.18201, 13.42051], [78.18124, 13.42039], [78.18091, 13.42009], [78.17837, 13.41885], [78.17626, 13.41781], [78.17476, 13.41693], [78.17239, 13.41552], [78.17076, 13.41458], [78.16893, 13.41357], [78.16845, 13.41344], [78.16651, 13.41428], [78.16476, 13.41495], [78.16328, 13.41538], [78.16082, 13.41528], [78.15945, 13.41491], [78.1583, 13.41436], [78.1568, 13.41308], [78.15593, 13.41223], [78.15436, 13.41096], [78.15333, 13.41011], [78.15265, 13.4096], [78.15124, 13.40934], [78.14876, 13.40951], [78.14734, 13.40959], [78.14594, 13.4091], [78.14451, 13.40849], [78.14311, 13.40824], [78.14134, 13.40758], [78.14032, 13.40677], [78.13917, 13.40597], [78.13865, 13.40555], [78.13742, 13.4053], [78.13573, 13.40525], [78.13559, 13.40476], [78.13512, 13.40357], [78.13458, 13.40243], [78.13362, 13.40069], [78.1313, 13.39668], [78.13025, 13.39464], [78.1298, 13.3939], [78.12954, 13.39312], [78.12894, 13.3917], [78.1288, 13.39003], [78.12852, 13.38801], [78.12833, 13.38671], [78.12766, 13.38645], [78.12593, 13.38622], [78.12461, 13.386], [78.124, 13.38405], [78.12319, 13.38093], [78.12239, 13.37864], [78.12223, 13.37788], [78.12211, 13.37653], [78.12218, 13.37578], [78.12239, 13.3752], [78.1232, 13.375], [78.12498, 13.37483], [78.12567, 13.37435], [78.12734, 13.37412], [78.1283, 13.37405], [78.1288, 13.37342], [78.12965, 13.3735], [78.13119, 13.37383], [78.13248, 13.37415], [78.13377, 13.37439], [78.13636, 13.37465], [78.13847, 13.37498], [78.14048, 13.37527], [78.14239, 13.37585], [78.14263, 13.37587], [78.14305, 13.37554], [78.14346, 13.37491], [78.14446, 13.37426], [78.14565, 13.37377], [78.14586, 13.37305], [78.14628, 13.37187], [78.14677, 13.37065], [78.14727, 13.36937], [78.14768, 13.36812], [78.14796, 13.36749], [78.14794, 13.36691], [78.14716, 13.36546], [78.14629, 13.36391], [78.14628, 13.36347], [78.1457, 13.36227], [78.14556, 13.3614], [78.14586, 13.36128], [78.14722, 13.3613], [78.14847, 13.36122], [78.14936, 13.36103], [78.14939, 13.36049], [78.14984, 13.35925], [78.15009, 13.35794], [78.15011, 13.35661], [78.15017, 13.35575], [78.15022, 13.35472], [78.15032, 13.35304], [78.15032, 13.35141], [78.15034, 13.35062], [78.14871, 13.35067], [78.14653, 13.35085], [78.14456, 13.35111], [78.1426, 13.35137], [78.14003, 13.35171], [78.13805, 13.35192], [78.13599, 13.35234], [78.13474, 13.3526], [78.13391, 13.3529], [78.13281, 13.3528], [78.13186, 13.35246], [78.13143, 13.35129], [78.13114, 13.34997], [78.13089, 13.3488], [78.13079, 13.34707], [78.13084, 13.34603], [78.13122, 13.34246], [78.13152, 13.34131], [78.13183, 13.3406], [78.13249, 13.33994], [78.13329, 13.33927], [78.13341, 13.33879], [78.13347, 13.33746], [78.13361, 13.33615], [78.13368, 13.335], [78.13382, 13.33362], [78.13398, 13.33237], [78.13407, 13.33122], [78.13332, 13.33139], [78.13271, 13.33172], [78.13159, 13.33227], [78.13148, 13.33144], [78.13124, 13.33023], [78.13084, 13.32843], [78.13024, 13.32825], [78.1289, 13.32816], [78.12764, 13.32811], [78.12733, 13.32773], [78.12729, 13.32697], [78.12667, 13.32679], [78.12623, 13.3273], [78.12593, 13.32777], [78.12524, 13.32754], [78.12461, 13.32735], [78.12411, 13.32693], [78.12376, 13.32656], [78.12298, 13.32644], [78.12101, 13.32614], [78.12029, 13.32605], [78.119, 13.32579], [78.11768, 13.32555], [78.11634, 13.32532], [78.11573, 13.32522], [78.1124, 13.32472], [78.11011, 13.32454], [78.10995, 13.32436], [78.10897, 13.32326], [78.10959, 13.32262], [78.11089, 13.32136], [78.11191, 13.32037], [78.11344, 13.31908], [78.11441, 13.31826], [78.11486, 13.31777], [78.11626, 13.31725], [78.11738, 13.31683], [78.11813, 13.31673], [78.11978, 13.31663], [78.12067, 13.31626], [78.12175, 13.3155], [78.1221, 13.31493], [78.12217, 13.31427], [78.12227, 13.31368], [78.12223, 13.31231], [78.12218, 13.31103], [78.12223, 13.31039], [78.12276, 13.31006], [78.12327, 13.30969], [78.12303, 13.30907], [78.12319, 13.30842], [78.12386, 13.30826], [78.12593, 13.30809], [78.12795, 13.30786], [78.12931, 13.30772], [78.13055, 13.30734], [78.13171, 13.30679], [78.13303, 13.30616], [78.13449, 13.30539], [78.13597, 13.30457], [78.13647, 13.30434], [78.13631, 13.30374], [78.13603, 13.3023], [78.13579, 13.3011], [78.13568, 13.30026], [78.13666, 13.30003], [78.13674, 13.29909], [78.13639, 13.29681], [78.13589, 13.29424], [78.13522, 13.29165], [78.13416, 13.28865], [78.13382, 13.28764], [78.1313, 13.28883], [78.12947, 13.28957], [78.12747, 13.29026], [78.1271, 13.29071], [78.12695, 13.29146], [78.12666, 13.29191], [78.12601, 13.29205], [78.12426, 13.29207], [78.12272, 13.29216], [78.12166, 13.29273], [78.12082, 13.29407], [78.11996, 13.29509], [78.11934, 13.29606], [78.11872, 13.29699], [78.1181, 13.29774], [78.11742, 13.29846], [78.11648, 13.29887], [78.1149, 13.29987], [78.11263, 13.30123], [78.11015, 13.30262], [78.1075, 13.30429], [78.10605, 13.30425], [78.10454, 13.30427], [78.10422, 13.30309], [78.10246, 13.30369], [78.10096, 13.30493], [78.09956, 13.30626], [78.09844, 13.30691], [78.09711, 13.30815], [78.09668, 13.30831], [78.09531, 13.30839], [78.09405, 13.30846], [78.09341, 13.30851], [78.09274, 13.30847], [78.09227, 13.30889], [78.09213, 13.30957], [78.09197, 13.31023], [78.09143, 13.30992], [78.09109, 13.30884], [78.09065, 13.30832], [78.0902, 13.30781], [78.09017, 13.30744], [78.09001, 13.30717], [78.08999, 13.30593], [78.0899, 13.30467], [78.08987, 13.30392], [78.08953, 13.3036], [78.08887, 13.30366], [78.08745, 13.30268], [78.08678, 13.30219], [78.08498, 13.3019], [78.08435, 13.30194], [78.08376, 13.30245], [78.08326, 13.30255], [78.08312, 13.30198], [78.0816, 13.30172], [78.0806, 13.30168], [78.07995, 13.30198], [78.07922, 13.30204], [78.07806, 13.30137], [78.07726, 13.30094], [78.07687, 13.30102], [78.07666, 13.30166], [78.07656, 13.30249], [78.07564, 13.30241], [78.07466, 13.30223], [78.07433, 13.30157], [78.07391, 13.30117], [78.07314, 13.30123], [78.07268, 13.30123], [78.07189, 13.3009], [78.07139, 13.30068], [78.06941, 13.30029], [78.06783, 13.30006], [78.06487, 13.29955], [78.06254, 13.29914], [78.06058, 13.299], [78.06008, 13.29834], [78.05971, 13.29765], [78.05963, 13.29637], [78.0594, 13.29459], [78.05929, 13.29321], [78.05906, 13.29277], [78.0579, 13.29341], [78.05708, 13.2939], [78.05596, 13.29433], [78.05434, 13.29443], [78.05317, 13.29406], [78.05211, 13.29341], [78.05218, 13.29309], [78.05157, 13.29127], [78.05123, 13.28984], [78.0508, 13.28859], [78.04992, 13.28678], [78.04884, 13.28521], [78.04834, 13.28329], [78.04778, 13.28143], [78.04709, 13.27938], [78.04691, 13.27829], [78.04574, 13.27874], [78.04312, 13.27927], [78.04078, 13.27984], [78.03837, 13.28033], [78.0357, 13.28086], [78.03499, 13.28139], [78.03367, 13.28264], [78.03305, 13.28284], [78.03205, 13.28309], [78.03115, 13.28336], [78.02991, 13.28371], [78.0286, 13.28379], [78.02668, 13.2837], [78.02513, 13.28364], [78.02472, 13.28329], [78.02438, 13.28279], [78.02376, 13.28242], [78.01988, 13.28265], [78.01707, 13.28285], [78.01552, 13.2829], [78.01524, 13.28311], [78.01476, 13.28419], [78.01381, 13.28574], [78.01371, 13.28848], [78.01367, 13.28997], [78.01257, 13.29025], [78.01171, 13.29066], [78.01157, 13.29233], [78.01128, 13.29374], [78.01123, 13.2958], [78.01192, 13.29588], [78.0119, 13.29721], [78.01181, 13.29893], [78.01179, 13.30018], [78.01128, 13.30145], [78.00745, 13.30263], [78.00474, 13.30369], [78.00293, 13.30404], [78.00066, 13.30455], [77.99884, 13.30506], [77.99828, 13.30499], [77.99814, 13.30498], [77.99763, 13.30494], [77.99705, 13.30499], [77.99649, 13.30499], [77.99593, 13.30494], [77.99539, 13.30491], [77.99472, 13.30489], [77.99403, 13.30491], [77.99341, 13.30481], [77.99281, 13.30473], [77.99218, 13.30463], [77.99157, 13.30458], [77.99099, 13.30448], [77.99031, 13.30441], [77.98963, 13.30434], [77.98903, 13.30415], [77.98891, 13.30374], [77.98872, 13.30311], [77.98849, 13.30246], [77.98832, 13.30186], [77.98813, 13.30125], [77.9877, 13.30079], [77.98718, 13.30033], [77.98685, 13.29991], [77.98622, 13.29985], [77.9856, 13.29986], [77.98519, 13.29917], [77.98506, 13.29863], [77.98508, 13.29802], [77.98509, 13.29725], [77.98504, 13.29669], [77.98502, 13.29599], [77.98499, 13.29536], [77.98501, 13.29474], [77.98494, 13.29402], [77.98487, 13.29336], [77.98482, 13.29285], [77.98483, 13.29223], [77.98476, 13.2916], [77.98474, 13.29098], [77.98478, 13.29041], [77.98475, 13.28972], [77.98472, 13.28917], [77.9847, 13.28847], [77.98471, 13.28781], [77.98476, 13.28726], [77.98471, 13.28662], [77.98455, 13.28607], [77.98362, 13.28616], [77.98322, 13.28624], [77.98257, 13.28638], [77.982, 13.2865], [77.98127, 13.28654], [77.98064, 13.28646], [77.98007, 13.2864], [77.97935, 13.28633], [77.97875, 13.28625], [77.97814, 13.28618], [77.97753, 13.28612], [77.9769, 13.28599], [77.97628, 13.28586], [77.97562, 13.28565], [77.97493, 13.28555], [77.9743, 13.28536], [77.97369, 13.28511], [77.97309, 13.2849], [77.97248, 13.28463], [77.97194, 13.28431], [77.97143, 13.28401], [77.97088, 13.28373], [77.97043, 13.28331], [77.97001, 13.28296], [77.96955, 13.28262], [77.96894, 13.28238], [77.96826, 13.28233], [77.96763, 13.28232], [77.96701, 13.28231], [77.96636, 13.28229], [77.96578, 13.28237], [77.96517, 13.2825], [77.96458, 13.28272], [77.96397, 13.28299], [77.96349, 13.28324], [77.96291, 13.28345], [77.96234, 13.28376], [77.96181, 13.28407], [77.96123, 13.28424], [77.96073, 13.28385], [77.96036, 13.28337], [77.95993, 13.28284], [77.95947, 13.28234], [77.95892, 13.28224], [77.95831, 13.2821], [77.95774, 13.28192], [77.95759, 13.28134], [77.95746, 13.28069], [77.95728, 13.28017], [77.95722, 13.27951], [77.957, 13.27887], [77.9569, 13.27827], [77.95677, 13.27762], [77.9567, 13.27708], [77.95727, 13.27682], [77.95792, 13.27663], [77.95863, 13.27627], [77.95941, 13.27599], [77.9594, 13.27537], [77.95941, 13.27466], [77.95946, 13.274], [77.95941, 13.27349], [77.95949, 13.27281], [77.95948, 13.2722], [77.95896, 13.2722], [77.95835, 13.27203], [77.95816, 13.27141], [77.95759, 13.27138], [77.95703, 13.27118], [77.95651, 13.27099], [77.95635, 13.27025], [77.95618, 13.26969], [77.9556, 13.26977], [77.95496, 13.26976], [77.95441, 13.26974], [77.95375, 13.26979], [77.95313, 13.26989], [77.95246, 13.26996], [77.95189, 13.27002], [77.95124, 13.27015], [77.95059, 13.27025], [77.95005, 13.27025], [77.94952, 13.27041], [77.94891, 13.27064], [77.94829, 13.27089], [77.94767, 13.2711], [77.9471, 13.27129], [77.94629, 13.27125], [77.94566, 13.27098], [77.9451, 13.27067], [77.94492, 13.26997], [77.94478, 13.26931], [77.94417, 13.26951], [77.94362, 13.26967], [77.943, 13.26951], [77.94283, 13.26902], [77.94222, 13.26906], [77.94154, 13.26895], [77.94141, 13.26819], [77.94147, 13.26756], [77.94076, 13.26762], [77.94023, 13.26772], [77.93949, 13.26778], [77.93889, 13.26788], [77.93822, 13.26795], [77.93826, 13.26852], [77.93835, 13.26924], [77.93847, 13.27037], [77.9385, 13.27099], [77.93856, 13.27163], [77.93863, 13.27226], [77.93867, 13.27285], [77.93876, 13.27345], [77.9388, 13.27406], [77.93882, 13.27468], [77.93878, 13.27528], [77.93819, 13.27541], [77.93764, 13.27559], [77.93703, 13.27584], [77.93646, 13.27617], [77.93587, 13.27659], [77.93551, 13.27711], [77.93499, 13.27739], [77.93441, 13.27765], [77.93379, 13.2778], [77.93305, 13.27784], [77.93248, 13.27792], [77.93184, 13.27799], [77.9313, 13.27808], [77.93072, 13.27815], [77.93077, 13.27878], [77.9308, 13.27948], [77.93085, 13.28012], [77.93089, 13.28073], [77.93088, 13.28133], [77.9304, 13.28172], [77.9299, 13.28211], [77.92945, 13.28253], [77.9289, 13.28287], [77.92843, 13.28328], [77.92799, 13.2837], [77.92756, 13.28408], [77.92702, 13.28447], [77.9264, 13.28473], [77.92573, 13.28483], [77.92508, 13.28487], [77.92448, 13.28493], [77.92384, 13.28494], [77.92327, 13.28496], [77.92262, 13.28502], [77.92263, 13.28565], [77.9227, 13.28624], [77.92276, 13.28685], [77.92283, 13.28748], [77.92283, 13.2881], [77.92294, 13.28881], [77.92298, 13.28938], [77.92238, 13.28941], [77.92174, 13.28941], [77.92118, 13.2894], [77.92058, 13.2894], [77.92015, 13.2889], [77.9195, 13.28882], [77.9189, 13.28879], [77.91827, 13.28871], [77.91762, 13.28868], [77.91701, 13.28859], [77.91632, 13.28855], [77.9157, 13.28844], [77.91569, 13.28905], [77.91566, 13.28965], [77.91571, 13.29022], [77.91627, 13.2905], [77.91683, 13.29081], [77.91742, 13.29105], [77.918, 13.29136], [77.9186, 13.29156], [77.91927, 13.29177], [77.91986, 13.29193], [77.92042, 13.2921], [77.92099, 13.29218], [77.92106, 13.29177], [77.9217, 13.29154], [77.92241, 13.29153], [77.92262, 13.29108], [77.92327, 13.291], [77.92389, 13.29099], [77.92402, 13.29156], [77.92412, 13.29223], [77.92424, 13.29286], [77.92436, 13.29346], [77.92448, 13.29412], [77.92458, 13.29473], [77.92468, 13.29531], [77.9248, 13.29593], [77.92494, 13.29645], [77.92507, 13.29712], [77.92521, 13.29768], [77.92532, 13.2983], [77.92542, 13.29892], [77.92554, 13.29954], [77.92566, 13.30015], [77.92577, 13.30074], [77.92588, 13.30138], [77.92602, 13.30199], [77.92609, 13.30255], [77.92622, 13.30321], [77.92635, 13.30387], [77.92649, 13.30451], [77.92657, 13.30515], [77.92601, 13.30532], [77.92534, 13.30546], [77.92471, 13.30555], [77.92409, 13.30569], [77.92411, 13.30628], [77.92416, 13.307], [77.92418, 13.30767], [77.92363, 13.30773], [77.92307, 13.30775], [77.92245, 13.3078], [77.92181, 13.30786], [77.92121, 13.30791], [77.9206, 13.308], [77.92068, 13.30865], [77.92073, 13.3093], [77.9208, 13.3099], [77.92084, 13.31053], [77.92086, 13.31129], [77.9209, 13.3119], [77.92092, 13.31253], [77.9209, 13.31313], [77.92094, 13.31377], [77.92096, 13.31444], [77.92097, 13.31506], [77.92101, 13.31572], [77.92102, 13.3163], [77.92102, 13.31689], [77.92098, 13.31752], [77.92096, 13.31817], [77.92097, 13.31871], [77.92102, 13.31932], [77.92104, 13.31995], [77.92102, 13.32064], [77.92107, 13.32121], [77.92104, 13.32188], [77.92107, 13.32254], [77.92106, 13.32314], [77.9211, 13.32376], [77.92112, 13.32435], [77.92116, 13.32504], [77.92117, 13.32568], [77.92115, 13.32627], [77.921, 13.32726], [77.92274, 13.32892], [77.92369, 13.3278], [77.92417, 13.32739], [77.92466, 13.32696], [77.92509, 13.32647], [77.92554, 13.32605], [77.92599, 13.32558], [77.9264, 13.32517], [77.92688, 13.32473], [77.9273, 13.32425], [77.92777, 13.32382], [77.92818, 13.32332], [77.92863, 13.32295], [77.92913, 13.32245], [77.92958, 13.32203], [77.93002, 13.32161], [77.93049, 13.32121], [77.93094, 13.32084], [77.93135, 13.32044], [77.93184, 13.32], [77.93236, 13.31957], [77.93274, 13.31925], [77.9332, 13.31888], [77.93374, 13.31869], [77.93434, 13.31854], [77.93499, 13.31842], [77.93572, 13.31824], [77.93626, 13.31807], [77.9368, 13.31789], [77.93766, 13.31771], [77.9381, 13.31741], [77.93872, 13.31724], [77.93918, 13.31719], [77.93969, 13.31754], [77.94013, 13.31786], [77.94069, 13.3183], [77.94114, 13.31867], [77.94161, 13.31903], [77.94219, 13.31945], [77.9427, 13.31986], [77.94327, 13.32019], [77.94373, 13.32061], [77.94421, 13.32102], [77.9447, 13.3214], [77.9452, 13.32181], [77.94575, 13.32219], [77.94628, 13.32254], [77.94685, 13.32284], [77.94742, 13.32312], [77.94795, 13.32346], [77.94847, 13.32376], [77.949, 13.32396], [77.9496, 13.32423], [77.95019, 13.32443], [77.95084, 13.32464], [77.95147, 13.32471], [77.95207, 13.32484], [77.95266, 13.32491], [77.9527, 13.3255], [77.95274, 13.32611], [77.95284, 13.32671], [77.95285, 13.32732], [77.95228, 13.32756], [77.9516, 13.32778], [77.95106, 13.32796], [77.95046, 13.32812], [77.9498, 13.32836], [77.94924, 13.32851], [77.94862, 13.32866], [77.94805, 13.32889], [77.94742, 13.32911], [77.94683, 13.32927], [77.94615, 13.32947], [77.94558, 13.32968], [77.94494, 13.32986], [77.94432, 13.33005], [77.94378, 13.33036], [77.94393, 13.33079], [77.9442, 13.33138], [77.94442, 13.332], [77.94464, 13.33253], [77.94487, 13.3331], [77.94502, 13.33365], [77.94525, 13.33428], [77.94567, 13.33494], [77.94519, 13.33509], [77.94471, 13.33524], [77.94478, 13.3359], [77.9448, 13.33648], [77.94483, 13.3373], [77.94498, 13.33791], [77.94528, 13.33847], [77.94552, 13.33899], [77.94592, 13.33953], [77.94641, 13.33999], [77.94692, 13.34035], [77.94747, 13.34076], [77.948, 13.34107], [77.94844, 13.34139], [77.94885, 13.34193], [77.94916, 13.34241], [77.94954, 13.34286], [77.94997, 13.3433], [77.95028, 13.34371], [77.95081, 13.34334], [77.95122, 13.3429], [77.95162, 13.34239], [77.95197, 13.34198], [77.95233, 13.3417], [77.95285, 13.34181], [77.95345, 13.34199], [77.95406, 13.34226], [77.95471, 13.34212], [77.95519, 13.34176], [77.9558, 13.34141], [77.95628, 13.3411], [77.9568, 13.34077], [77.95729, 13.34061], [77.95769, 13.34102], [77.95809, 13.34151], [77.95846, 13.34203], [77.95889, 13.34259], [77.95927, 13.34309], [77.95962, 13.34346], [77.95973, 13.34404], [77.95985, 13.34471], [77.96, 13.34529], [77.96013, 13.346], [77.9603, 13.34668], [77.96042, 13.3473], [77.96056, 13.3479], [77.96068, 13.34849], [77.96078, 13.34921], [77.96091, 13.34988], [77.96101, 13.3504], [77.96103, 13.351], [77.9611, 13.35165], [77.96113, 13.35224], [77.96116, 13.35291], [77.96122, 13.3535], [77.96132, 13.35411], [77.96133, 13.3547], [77.96136, 13.35527], [77.96144, 13.35586], [77.96147, 13.35651], [77.96154, 13.35715], [77.96159, 13.35771], [77.96161, 13.35837], [77.96167, 13.35901], [77.96174, 13.35966], [77.96179, 13.36034], [77.96181, 13.36095], [77.96183, 13.36152], [77.96184, 13.36215], [77.96183, 13.36277], [77.96188, 13.36341], [77.96217, 13.36396], [77.96247, 13.36442], [77.9627, 13.36494], [77.96281, 13.36561], [77.96291, 13.36624], [77.96298, 13.36688], [77.96315, 13.36787], [77.96317, 13.3687], [77.96319, 13.36933], [77.96326, 13.36998], [77.96333, 13.37058], [77.9634, 13.37113], [77.96284, 13.37133], [77.96226, 13.37153], [77.96171, 13.37169], [77.96059, 13.37202], [77.96083, 13.37278], [77.96117, 13.3733], [77.9615, 13.37384], [77.9618, 13.37442], [77.96214, 13.375], [77.96255, 13.37557], [77.96289, 13.37613], [77.9632, 13.37665], [77.96348, 13.37721], [77.9637, 13.37779], [77.96402, 13.37834], [77.96452, 13.37893], [77.96491, 13.37947], [77.96532, 13.37995], [77.96564, 13.3806], [77.96596, 13.38128], [77.96625, 13.38192], [77.96655, 13.38262], [77.96685, 13.38319], [77.96719, 13.38386], [77.96755, 13.3844], [77.96767, 13.38503], [77.96701, 13.38517], [77.96688, 13.3858], [77.96607, 13.38598], [77.96569, 13.38663], [77.96482, 13.38685], [77.96459, 13.38753], [77.96367, 13.38788], [77.96325, 13.38848], [77.9624, 13.38858], [77.96202, 13.38941], [77.96164, 13.38902], [77.96147, 13.38817], [77.96125, 13.38759], [77.96083, 13.38796], [77.96031, 13.38833], [77.95987, 13.38877], [77.9594, 13.38916], [77.95897, 13.38959], [77.95901, 13.39025], [77.95902, 13.39083], [77.95895, 13.3915], [77.95885, 13.39211], [77.95862, 13.39299], [77.95859, 13.39329], [77.9588, 13.39394], [77.95896, 13.39459], [77.95938, 13.39553], [77.95979, 13.39629], [77.9601, 13.39695], [77.96034, 13.39758], [77.96052, 13.39826], [77.96064, 13.39887], [77.9607, 13.39953], [77.9607, 13.39989], [77.9607, 13.40005], [77.96077, 13.40073], [77.96079, 13.40133], [77.96085, 13.40208], [77.96093, 13.40272], [77.96089, 13.40349], [77.96139, 13.4039], [77.96211, 13.40416], [77.96269, 13.40441], [77.96326, 13.40466], [77.96377, 13.40492], [77.96441, 13.40513], [77.96509, 13.40538], [77.96566, 13.40555], [77.96626, 13.40576], [77.96691, 13.40598], [77.96757, 13.40609], [77.9682, 13.4062], [77.96882, 13.40619], [77.96943, 13.40625], [77.97062, 13.40589], [77.9712, 13.40561], [77.9718, 13.40542], [77.97192, 13.40598], [77.97209, 13.4066], [77.97218, 13.40719], [77.97227, 13.40779], [77.97237, 13.40847], [77.97248, 13.4091], [77.97256, 13.40969], [77.97262, 13.41033], [77.97266, 13.41106], [77.97262, 13.41243], [77.97272, 13.41332], [77.97213, 13.4134], [77.97141, 13.41344], [77.97081, 13.41353], [77.97017, 13.4135], [77.96956, 13.4136], [77.96888, 13.4137], [77.96829, 13.41374], [77.96763, 13.41385], [77.96696, 13.41397], [77.96632, 13.41408], [77.96577, 13.41423], [77.9651, 13.4144], [77.96449, 13.41442], [77.96372, 13.41412], [77.96309, 13.41407], [77.96241, 13.41403], [77.9618, 13.41396], [77.9612, 13.41394], [77.96051, 13.41386], [77.95985, 13.41384], [77.95924, 13.41377], [77.95857, 13.41364], [77.95799, 13.41356], [77.95733, 13.41351], [77.95669, 13.41342], [77.95607, 13.41328], [77.95539, 13.41314], [77.95472, 13.41311], [77.95442, 13.41367], [77.95429, 13.41393], [77.95394, 13.41479], [77.95368, 13.41534], [77.95345, 13.41596], [77.95313, 13.41651], [77.95277, 13.41703], [77.95248, 13.41755], [77.95223, 13.41809], [77.95199, 13.4187], [77.95175, 13.41932], [77.95157, 13.41986], [77.9513, 13.42044], [77.95105, 13.42102], [77.95085, 13.42162], [77.95067, 13.42227], [77.9505, 13.42285], [77.9503, 13.42342], [77.9502, 13.42407], [77.95006, 13.42468], [77.94994, 13.42532], [77.94991, 13.42597], [77.9499, 13.42657], [77.94991, 13.42722], [77.9499, 13.42778], [77.94987, 13.42848], [77.94991, 13.42908], [77.94999, 13.42966], [77.95011, 13.43021], [77.95023, 13.43086], [77.95037, 13.43154], [77.95046, 13.43216], [77.95061, 13.43279], [77.9507, 13.43342], [77.95082, 13.4341], [77.95093, 13.43485], [77.95077, 13.4354], [77.95068, 13.43592], [77.95053, 13.43662], [77.95039, 13.4372], [77.95029, 13.43777], [77.95016, 13.43846], [77.95027, 13.43907], [77.95045, 13.43981], [77.95068, 13.44038], [77.951, 13.44095], [77.95131, 13.44147], [77.9516, 13.44203], [77.95187, 13.44262], [77.95215, 13.4432], [77.95242, 13.44385], [77.95268, 13.44444], [77.95289, 13.445], [77.95312, 13.44554], [77.95339, 13.44617], [77.95364, 13.44674], [77.9539, 13.44736], [77.9541, 13.44795], [77.9543, 13.44859], [77.95486, 13.44969], [77.95505, 13.4503], [77.95517, 13.4509], [77.9552, 13.45153], [77.95524, 13.45217], [77.9553, 13.4528], [77.95538, 13.45353], [77.95551, 13.45408], [77.95559, 13.45471], [77.95573, 13.45535], [77.95584, 13.45594], [77.95592, 13.45658], [77.95599, 13.45718], [77.9561, 13.45776], [77.95621, 13.45837], [77.95636, 13.459], [77.95646, 13.45963], [77.95656, 13.46027], [77.95669, 13.4609], [77.95677, 13.46157], [77.95685, 13.46218], [77.95712, 13.46273], [77.9574, 13.46326], [77.9577, 13.46378], [77.958, 13.46431], [77.95829, 13.46484], [77.95859, 13.4654], [77.95893, 13.46598], [77.95923, 13.46654], [77.95955, 13.46709], [77.95985, 13.46766], [77.9601, 13.46818], [77.96036, 13.46874], [77.96065, 13.46929], [77.961, 13.4698], [77.96125, 13.47035], [77.96152, 13.47086], [77.96179, 13.47144], [77.96182, 13.47206], [77.96185, 13.47276], [77.96186, 13.47342], [77.96191, 13.47401], [77.96188, 13.47459], [77.96189, 13.47523], [77.96191, 13.47587], [77.96196, 13.47645], [77.96201, 13.47716], [77.96203, 13.4778], [77.96204, 13.47841], [77.96207, 13.47904], [77.9621, 13.4797], [77.96212, 13.48032], [77.96278, 13.48032], [77.96346, 13.48031], [77.96417, 13.48027], [77.96475, 13.48026], [77.96546, 13.48035], [77.96608, 13.48033], [77.96697, 13.48036], [77.96778, 13.4792], [77.96905, 13.47794], [77.9716, 13.47596], [77.97214, 13.4757], [77.97276, 13.47549], [77.97335, 13.47524], [77.97385, 13.47508], [77.97454, 13.47494], [77.97521, 13.47485], [77.97588, 13.47482], [77.97655, 13.47477], [77.97714, 13.47474], [77.97774, 13.47472], [77.97843, 13.47461], [77.97905, 13.47457], [77.9796, 13.47453], [77.98026, 13.47441], [77.98088, 13.47441], [77.98157, 13.47436], [77.98238, 13.47428], [77.98292, 13.47427], [77.98303, 13.47427], [77.98358, 13.47425], [77.98425, 13.47421], [77.98484, 13.47416], [77.9855, 13.47415], [77.98616, 13.47411], [77.98682, 13.47409], [77.98741, 13.4741], [77.98798, 13.47405], [77.98862, 13.47405], [77.9893, 13.47402], [77.98994, 13.47398], [77.99065, 13.47394], [77.99125, 13.47395], [77.99183, 13.47392], [77.99251, 13.47394], [77.99317, 13.47388], [77.99385, 13.47385], [77.99444, 13.47386], [77.99511, 13.47379], [77.99576, 13.47373], [77.99644, 13.47369], [77.99712, 13.47363], [77.99769, 13.47356], [77.99841, 13.47338], [77.99884, 13.47304], [78.00076, 13.47277], [78.0013, 13.47406], [78.0022, 13.47574], [78.00315, 13.47776], [78.00395, 13.47943], [78.0047, 13.48064], [78.00457, 13.48182], [78.00438, 13.48244], [78.00428, 13.48314], [78.00422, 13.4838], [78.00406, 13.48441], [78.00368, 13.48573], [78.00349, 13.48637], [78.00335, 13.48698], [78.00318, 13.48764], [78.00279, 13.48885], [78.00267, 13.48951], [78.00274, 13.49019], [78.00294, 13.49069], [78.00302, 13.49207], [78.00311, 13.49401], [78.00312, 13.49533], [78.00334, 13.49571], [78.00439, 13.49556], [78.00552, 13.49536], [78.00657, 13.49521], [78.00711, 13.4954], [78.00741, 13.49657], [78.0081, 13.49925], [78.00829, 13.50121], [78.00856, 13.50335], [78.00844, 13.50539], [78.00793, 13.50643], [78.00856, 13.50639], [78.00868, 13.50681], [78.00891, 13.50797], [78.00923, 13.50889], [78.00836, 13.51001], [78.00785, 13.5112], [78.00734, 13.51158], [78.00667, 13.51147], [78.00588, 13.51251], [78.00446, 13.51378], [78.00285, 13.51485], [78.00151, 13.51408], [77.99979, 13.51274], [77.99884, 13.51027], [77.99768, 13.50964], [77.99705, 13.50946], [77.99679, 13.5094], [77.99498, 13.50901], [77.99371, 13.50868], [77.99321, 13.50914], [77.99226, 13.51001], [77.99069, 13.51142], [77.98937, 13.51264], [77.98879, 13.51317], [77.98971, 13.51465], [77.99136, 13.51742], [77.99232, 13.51904], [77.99261, 13.51951], [77.99298, 13.52006], [77.99373, 13.52114], [77.99506, 13.52139], [77.99643, 13.52154], [77.99712, 13.52152], [77.99884, 13.52145], [77.99968, 13.52159], [78.00121, 13.52164], [78.00193, 13.52128], [78.00281, 13.52015], [78.00342, 13.52034], [78.00471, 13.52081], [78.00647, 13.52172], [78.0073, 13.5224], [78.00703, 13.52324], [78.0066, 13.52382], [78.00556, 13.52442], [78.00446, 13.52517], [78.00334, 13.52606], [78.00112, 13.52758], [78.00096, 13.52891], [78.00045, 13.52972], [77.99989, 13.52991], [77.99884, 13.53104], [77.99792, 13.53101], [77.99744, 13.53111], [77.99707, 13.53119], [77.99609, 13.53152], [77.99566, 13.53196], [77.99538, 13.53251], [77.99535, 13.53317], [77.99561, 13.5343], [77.99657, 13.53556], [77.9972, 13.53639], [77.99861, 13.53858], [77.99861, 13.54059], [77.99855, 13.54187], [77.99842, 13.54303], [77.99833, 13.54421], [77.99821, 13.54493], [77.99815, 13.5457], [77.99823, 13.54627], [77.99734, 13.54731], [77.99511, 13.5496], [77.99037, 13.54632], [77.9898, 13.54593], [77.9863, 13.54314], [77.98494, 13.54188], [77.98402, 13.54097], [77.98235, 13.54102], [77.98205, 13.54103], [77.98071, 13.54108], [77.97973, 13.54108], [77.9788, 13.54106], [77.97818, 13.54152], [77.9779, 13.54182], [77.97734, 13.54227], [77.9771, 13.54279], [77.9768, 13.54321], [77.9765, 13.54385], [77.97631, 13.54331], [77.97613, 13.54284], [77.97584, 13.54268], [77.97533, 13.54251], [77.97369, 13.5437], [77.97157, 13.54535], [77.97043, 13.54619], [77.96812, 13.54694], [77.96723, 13.54723], [77.96692, 13.54721], [77.96553, 13.54714], [77.96415, 13.54709], [77.96345, 13.54699], [77.95826, 13.54784], [77.95699, 13.54755], [77.95651, 13.54926], [77.95631, 13.55026], [77.95617, 13.55102], [77.95533, 13.55448], [77.95857, 13.55546], [77.95874, 13.55636], [77.95894, 13.55729], [77.95895, 13.55739], [77.95905, 13.55814], [77.959, 13.55908], [77.9591, 13.56017], [77.95936, 13.56385], [77.95945, 13.56538], [77.95954, 13.56688], [77.96029, 13.56988], [77.9611, 13.57358], [77.96182, 13.57659], [77.9635, 13.58327], [77.96382, 13.58445], [77.96723, 13.58428], [77.96988, 13.58418], [77.97049, 13.58061], [77.97091, 13.57742], [77.97101, 13.57619], [77.97108, 13.57548], [77.97082, 13.57356], [77.97114, 13.57353], [77.97249, 13.57341], [77.97338, 13.57353], [77.97677, 13.57834], [77.97719, 13.58275], [77.98143, 13.58176], [77.9827, 13.58213], [77.98342, 13.58229], [77.98662, 13.58332], [77.98715, 13.58362], [77.98999, 13.58508], [77.99509, 13.58797], [77.99507, 13.58981], [77.99505, 13.59192], [77.99511, 13.59369], [77.99574, 13.59376], [77.99686, 13.59389], [77.99764, 13.59397], [77.99884, 13.59205], [78.00076, 13.59265], [78.00285, 13.59238], [78.00386, 13.5916], [78.00734, 13.59139], [78.01359, 13.59134], [78.01504, 13.5914], [78.01627, 13.59234], [78.01616, 13.59495], [78.0161, 13.59663], [78.01642, 13.59935], [78.01247, 13.60133], [78.01051, 13.60237], [78.01105, 13.60416], [78.01143, 13.60537], [78.01191, 13.6073], [78.01057, 13.60947], [78.01001, 13.61065], [78.01014, 13.61342], [78.00982, 13.61512], [78.00883, 13.61588], [78.00892, 13.61914], [78.00893, 13.61949], [78.00954, 13.62406], [78.00968, 13.62822], [78.00926, 13.62891], [78.00869, 13.62835], [78.00696, 13.62831], [78.00574, 13.62866], [78.00427, 13.6295], [78.0023, 13.63031], [78.00106, 13.62996], [77.99883, 13.62949], [77.99707, 13.62973], [77.99643, 13.62986], [77.99598, 13.63003], [77.99478, 13.63084], [77.9937, 13.63141], [77.99442, 13.63321], [77.99505, 13.63536], [77.99575, 13.63731], [77.99687, 13.64021], [77.99732, 13.6422], [77.99797, 13.64435], [77.99828, 13.6455], [77.99832, 13.64565], [77.99852, 13.64615], [77.99883, 13.64676], [78.00001, 13.65077], [78.00323, 13.66124], [78.00411, 13.66455], [78.00948, 13.66525], [78.01417, 13.66564], [78.01944, 13.66571], [78.02162, 13.66675], [78.02393, 13.66595], [78.02522, 13.66564], [78.027, 13.6651], [78.02859, 13.66754], [78.03409, 13.67084], [78.03841, 13.66992], [78.04345, 13.66906], [78.0451, 13.66815], [78.05234, 13.67027], [78.05655, 13.67181], [78.059, 13.67318], [78.06108, 13.67427], [78.06418, 13.67597], [78.06572, 13.67614], [78.06641, 13.67638], [78.06644, 13.67639], [78.06826, 13.67568], [78.07052, 13.67468], [78.07215, 13.67412], [78.07365, 13.6736]]]}}, {"type": "Feature", "properties": {"taluk": "Nelamangala", "district": "Bengaluru Rural", "state": "Karnataka"}, "geometry": {"type": "Polygon", "coordinates": [[[77.32934, 13.3304], [77.3318, 13.32824], [77.33258, 13.32824], [77.33395, 13.32834], [77.33556, 13.3285], [77.33762, 13.32883], [77.33852, 13.32911], [77.33884, 13.3286], [77.33939, 13.32763], [77.34047, 13.32527], [77.34115, 13.3235], [77.34151, 13.32219], [77.34177, 13.32106], [77.34248, 13.31861], [77.34262, 13.31739], [77.34257, 13.31586], [77.3451, 13.31545], [77.34531, 13.31438], [77.34538, 13.31377], [77.3454, 13.31239], [77.34555, 13.31145], [77.34609, 13.30994], [77.34631, 13.30937], [77.3466, 13.30872], [77.34678, 13.30824], [77.34724, 13.30701], [77.34812, 13.30468], [77.34856, 13.30358], [77.34902, 13.30256], [77.3495, 13.30203], [77.34995, 13.30174], [77.35052, 13.30136], [77.34981, 13.30031], [77.34947, 13.29966], [77.34924, 13.29908], [77.34913, 13.2985], [77.34905, 13.29801], [77.34923, 13.29745], [77.35075, 13.29618], [77.35105, 13.29569], [77.35099, 13.29523], [77.35081, 13.29449], [77.35002, 13.29182], [77.34705, 13.29242], [77.34692, 13.29182], [77.34647, 13.28993], [77.34588, 13.2874], [77.34526, 13.2852], [77.34432, 13.28192], [77.34371, 13.28177], [77.34239, 13.28167], [77.34104, 13.28161], [77.33974, 13.28155], [77.33718, 13.28182], [77.33717, 13.28318], [77.33525, 13.28369], [77.33405, 13.28356], [77.33294, 13.28344], [77.33199, 13.28423], [77.33094, 13.28476], [77.32953, 13.2853], [77.32735, 13.28583], [77.32604, 13.28616], [77.32472, 13.28647], [77.324, 13.28662], [77.32273, 13.2866], [77.3214, 13.2865], [77.31934, 13.28635], [77.31789, 13.2864], [77.31597, 13.28652], [77.31596, 13.28531], [77.31599, 13.28453], [77.31647, 13.28422], [77.31773, 13.28398], [77.31872, 13.28334], [77.32024, 13.28235], [77.32175, 13.28118], [77.32382, 13.27936], [77.32434, 13.27903], [77.32536, 13.2784], [77.32681, 13.27786], [77.32839, 13.27728], [77.33073, 13.27647], [77.33256, 13.27571], [77.33337, 13.27549], [77.33501, 13.27503], [77.33515, 13.27457], [77.33561, 13.27355], [77.33567, 13.27236], [77.33626, 13.26955], [77.33654, 13.26853], [77.33689, 13.26682], [77.33735, 13.26574], [77.33805, 13.26456], [77.34005, 13.26208], [77.34199, 13.25993], [77.34359, 13.2598], [77.34481, 13.25965], [77.34679, 13.2594], [77.34931, 13.25883], [77.3506, 13.2586], [77.35304, 13.25801], [77.35501, 13.2575], [77.35577, 13.25922], [77.35625, 13.2597], [77.35677, 13.26001], [77.35736, 13.26024], [77.35867, 13.26082], [77.35977, 13.26121], [77.36215, 13.26222], [77.36272, 13.26254], [77.36378, 13.26314], [77.3656, 13.26254], [77.36589, 13.26247], [77.36687, 13.26213], [77.36809, 13.26174], [77.36921, 13.26149], [77.37062, 13.26122], [77.37188, 13.26112], [77.37321, 13.26096], [77.37326, 13.26037], [77.37365, 13.25847], [77.3737, 13.25724], [77.37381, 13.25591], [77.37374, 13.25478], [77.37371, 13.25365], [77.37378, 13.25223], [77.37353, 13.25122], [77.37267, 13.24979], [77.37251, 13.24934], [77.37231, 13.24869], [77.37222, 13.2482], [77.37222, 13.24683], [77.37223, 13.24503], [77.37227, 13.24385], [77.3723, 13.24321], [77.37227, 13.24251], [77.37223, 13.24133], [77.37221, 13.24071], [77.3722, 13.24002], [77.3722, 13.23963], [77.3722, 13.23927], [77.37226, 13.23865], [77.3723, 13.23815], [77.37218, 13.23628], [77.37218, 13.23561], [77.37196, 13.23377], [77.37196, 13.23309], [77.37176, 13.23183], [77.37172, 13.23107], [77.37171, 13.23066], [77.37157, 13.23008], [77.37182, 13.22958], [77.37208, 13.22947], [77.37275, 13.22854], [77.37284, 13.22842], [77.37371, 13.22757], [77.37409, 13.2273], [77.3744, 13.2268], [77.37522, 13.2259], [77.37617, 13.22478], [77.37661, 13.22386], [77.37669, 13.22311], [77.37631, 13.22197], [77.37573, 13.22072], [77.37534, 13.21978], [77.3749, 13.21829], [77.37456, 13.21656], [77.3742, 13.21422], [77.37392, 13.2124], [77.37332, 13.21092], [77.37339, 13.20847], [77.37387, 13.2073], [77.37388, 13.20729], [77.37677, 13.20602], [77.37919, 13.20532], [77.38074, 13.20473], [77.38286, 13.20406], [77.38442, 13.20398], [77.38596, 13.20365], [77.38744, 13.20304], [77.38927, 13.20243], [77.38949, 13.20106], [77.38945, 13.1987], [77.38935, 13.19768], [77.38939, 13.19661], [77.38945, 13.19581], [77.38905, 13.19443], [77.38844, 13.19292], [77.38826, 13.19211], [77.38862, 13.19117], [77.38959, 13.19046], [77.39004, 13.18936], [77.39022, 13.18871], [77.39055, 13.18692], [77.39099, 13.18521], [77.39146, 13.18328], [77.39156, 13.18148], [77.3916, 13.1797], [77.39176, 13.17775], [77.39208, 13.1769], [77.39289, 13.17647], [77.39361, 13.17658], [77.39506, 13.17704], [77.39621, 13.1771], [77.39788, 13.17647], [77.39931, 13.17585], [77.40155, 13.17504], [77.40362, 13.17481], [77.40555, 13.17431], [77.40658, 13.17401], [77.40849, 13.17342], [77.41167, 13.17275], [77.41361, 13.17248], [77.41366, 13.17247], [77.41452, 13.17228], [77.41528, 13.1719], [77.41594, 13.17146], [77.41594, 13.17146], [77.41638, 13.1711], [77.41759, 13.17001], [77.41794, 13.16979], [77.41884, 13.16959], [77.41935, 13.16957], [77.42009, 13.16934], [77.42092, 13.16898], [77.42191, 13.16848], [77.42353, 13.16762], [77.42523, 13.16682], [77.42685, 13.16601], [77.42803, 13.16548], [77.42919, 13.16523], [77.43018, 13.16512], [77.43118, 13.16508], [77.43137, 13.16509], [77.43164, 13.16508], [77.43179, 13.16509], [77.43136, 13.16407], [77.43098, 13.16332], [77.43025, 13.162], [77.42925, 13.16028], [77.42844, 13.15837], [77.42711, 13.15514], [77.4251, 13.15147], [77.4228, 13.14768], [77.42, 13.14371], [77.41944, 13.143], [77.41848, 13.14153], [77.41769, 13.14051], [77.4172, 13.13966], [77.41699, 13.13939], [77.41582, 13.13754], [77.41489, 13.13635], [77.41419, 13.13523], [77.41317, 13.13254], [77.41306, 13.13231], [77.41304, 13.13225], [77.41296, 13.13202], [77.41117, 13.12806], [77.40904, 13.12601], [77.40859, 13.12565], [77.40859, 13.1237], [77.40817, 13.1234], [77.40749, 13.12307], [77.40618, 13.12317], [77.40587, 13.12331], [77.40479, 13.12342], [77.40465, 13.12361], [77.40411, 13.12405], [77.40395, 13.12404], [77.40288, 13.12402], [77.40214, 13.12397], [77.40133, 13.12392], [77.40105, 13.1239], [77.40025, 13.1239], [77.39991, 13.12387], [77.39755, 13.12351], [77.39707, 13.11869], [77.39591, 13.11885], [77.39456, 13.1193], [77.39405, 13.11943], [77.39338, 13.11848], [77.39292, 13.11764], [77.39272, 13.11589], [77.39272, 13.11503], [77.40101, 13.11808], [77.40131, 13.11814], [77.40122, 13.11731], [77.40113, 13.11658], [77.40096, 13.11591], [77.40089, 13.11564], [77.40071, 13.11486], [77.40056, 13.11367], [77.4004, 13.11268], [77.40031, 13.11243], [77.40056, 13.11212], [77.40087, 13.11171], [77.40163, 13.11111], [77.40423, 13.10958], [77.4064, 13.10847], [77.40783, 13.10779], [77.40893, 13.10711], [77.4107, 13.10644], [77.41165, 13.10626], [77.41283, 13.10593], [77.41351, 13.10581], [77.41465, 13.10577], [77.41582, 13.10552], [77.4179, 13.10492], [77.41664, 13.1045], [77.41591, 13.10307], [77.4155, 13.10181], [77.41577, 13.10021], [77.41709, 13.09984], [77.41876, 13.09885], [77.41882, 13.09842], [77.41876, 13.09787], [77.41852, 13.09741], [77.41732, 13.09538], [77.41595, 13.0932], [77.41688, 13.0929], [77.41786, 13.09256], [77.42136, 13.09124], [77.421, 13.09028], [77.42006, 13.08712], [77.42048, 13.08654], [77.42144, 13.08626], [77.42279, 13.08599], [77.42349, 13.08726], [77.42394, 13.08745], [77.42587, 13.08716], [77.428, 13.08665], [77.42884, 13.08646], [77.42878, 13.08603], [77.42808, 13.08338], [77.42669, 13.07874], [77.42602, 13.07667], [77.42446, 13.07222], [77.4237, 13.07027], [77.42247, 13.06985], [77.42088, 13.06973], [77.41893, 13.07008], [77.41766, 13.07031], [77.41601, 13.07073], [77.4159, 13.07077], [77.41567, 13.07093], [77.41502, 13.07163], [77.41415, 13.07233], [77.41307, 13.07335], [77.41144, 13.07358], [77.40947, 13.07356], [77.40746, 13.07356], [77.40692, 13.0735], [77.40619, 13.0734], [77.40481, 13.07322], [77.40382, 13.07311], [77.40215, 13.07266], [77.40131, 13.07252], [77.40028, 13.07248], [77.3992, 13.0727], [77.39839, 13.07299], [77.39771, 13.0732], [77.39622, 13.07157], [77.39535, 13.07096], [77.39435, 13.07065], [77.39322, 13.07045], [77.39246, 13.07039], [77.39126, 13.0705], [77.38937, 13.06992], [77.38815, 13.06924], [77.38718, 13.06869], [77.38573, 13.06835], [77.38515, 13.06822], [77.38452, 13.06814], [77.38412, 13.06787], [77.38365, 13.06741], [77.38332, 13.06692], [77.38307, 13.06629], [77.38292, 13.06573], [77.38278, 13.06503], [77.38273, 13.06442], [77.38283, 13.0638], [77.38313, 13.06236], [77.3829, 13.06002], [77.38288, 13.0592], [77.38291, 13.05821], [77.38303, 13.05722], [77.38378, 13.05646], [77.38479, 13.05589], [77.38606, 13.05535], [77.38676, 13.05539], [77.38765, 13.05548], [77.38926, 13.0557], [77.39009, 13.05576], [77.39102, 13.05527], [77.39161, 13.05497], [77.39164, 13.05496], [77.39219, 13.05436], [77.39277, 13.05362], [77.39315, 13.05301], [77.39338, 13.05294], [77.39402, 13.05295], [77.39371, 13.05257], [77.39349, 13.05227], [77.39321, 13.05202], [77.39297, 13.05193], [77.39237, 13.05183], [77.3918, 13.05171], [77.3917, 13.05113], [77.39171, 13.05015], [77.39166, 13.04951], [77.39166, 13.04902], [77.39167, 13.04802], [77.39155, 13.04718], [77.39142, 13.04612], [77.39126, 13.04491], [77.39117, 13.04412], [77.39106, 13.04362], [77.39097, 13.04286], [77.39072, 13.0412], [77.39067, 13.04058], [77.39061, 13.03967], [77.39051, 13.03892], [77.39046, 13.03812], [77.39037, 13.03687], [77.39033, 13.03607], [77.39031, 13.03555], [77.39028, 13.0342], [77.39024, 13.0337], [77.39014, 13.03164], [77.3896, 13.03073], [77.38911, 13.03052], [77.3889, 13.02923], [77.389, 13.02836], [77.38907, 13.02752], [77.38915, 13.02653], [77.38894, 13.02622], [77.38758, 13.02608], [77.38647, 13.026], [77.3856, 13.02616], [77.3847, 13.02628], [77.38385, 13.02637], [77.38248, 13.02647], [77.38083, 13.02671], [77.38011, 13.02665], [77.37928, 13.02653], [77.37855, 13.02671], [77.37729, 13.02746], [77.3765, 13.02809], [77.37588, 13.0289], [77.37557, 13.02876], [77.37576, 13.02783], [77.37584, 13.026], [77.37594, 13.02395], [77.37638, 13.02294], [77.37686, 13.02227], [77.3769, 13.02172], [77.37678, 13.02087], [77.37658, 13.01893], [77.37596, 13.01637], [77.3757, 13.01486], [77.37553, 13.01451], [77.37356, 13.01453], [77.37097, 13.01447], [77.37057, 13.01425], [77.3703, 13.01385], [77.36991, 13.01326], [77.36969, 13.01258], [77.36962, 13.01186], [77.36968, 13.01131], [77.36964, 13.00978], [77.36924, 13.0082], [77.36908, 13.00646], [77.36948, 13.00547], [77.37037, 13.00437], [77.37137, 13.00338], [77.37141, 13.00267], [77.37058, 13.00124], [77.3702, 13.00032], [77.37029, 12.99971], [77.37073, 12.99785], [77.3713, 12.99604], [77.37194, 12.99515], [77.37201, 12.99437], [77.37182, 12.99214], [77.37073, 12.99168], [77.36928, 12.99117], [77.36829, 12.99111], [77.36728, 12.99125], [77.3666, 12.991], [77.36621, 12.9904], [77.36582, 12.98923], [77.36549, 12.9879], [77.36522, 12.98741], [77.36494, 12.98722], [77.3641, 12.98746], [77.3633, 12.98802], [77.36241, 12.98876], [77.36176, 12.98905], [77.36112, 12.98955], [77.36073, 12.98954], [77.36017, 12.98928], [77.35943, 12.98862], [77.35874, 12.98769], [77.35806, 12.98674], [77.35716, 12.98625], [77.3559, 12.98605], [77.35544, 12.98522], [77.35532, 12.98405], [77.3554, 12.98298], [77.35548, 12.98204], [77.35526, 12.98083], [77.35434, 12.979], [77.35361, 12.97754], [77.35276, 12.9764], [77.3525, 12.97622], [77.35184, 12.97589], [77.35142, 12.97581], [77.35001, 12.97582], [77.34873, 12.97505], [77.34818, 12.97458], [77.34759, 12.97428], [77.34683, 12.97454], [77.34548, 12.97482], [77.34466, 12.97479], [77.34355, 12.97422], [77.34231, 12.9735], [77.33944, 12.97292], [77.33805, 12.97282], [77.33782, 12.9753], [77.33764, 12.97683], [77.33731, 12.97778], [77.33605, 12.97835], [77.3345, 12.97868], [77.33353, 12.97869], [77.33303, 12.97865], [77.33233, 12.97827], [77.33132, 12.97796], [77.32978, 12.9777], [77.32873, 12.97764], [77.32826, 12.98123], [77.32735, 12.98508], [77.32677, 12.98795], [77.32608, 12.99051], [77.32563, 12.99263], [77.32447, 12.99615], [77.32337, 13.00123], [77.32322, 13.00297], [77.32302, 13.00449], [77.3227, 13.00579], [77.32238, 13.00674], [77.32193, 13.00787], [77.32193, 13.00832], [77.32207, 13.00877], [77.32282, 13.00911], [77.32441, 13.00917], [77.32658, 13.00893], [77.32783, 13.00887], [77.32773, 13.01024], [77.32739, 13.01168], [77.32724, 13.01296], [77.32713, 13.01351], [77.32648, 13.01612], [77.32616, 13.01803], [77.3258, 13.02074], [77.3256, 13.02188], [77.32547, 13.02254], [77.32545, 13.02291], [77.32567, 13.02348], [77.32656, 13.02437], [77.32747, 13.02481], [77.32869, 13.0253], [77.32996, 13.02607], [77.33003, 13.02635], [77.33014, 13.0268], [77.3303, 13.02769], [77.3302, 13.02828], [77.3301, 13.02935], [77.3294, 13.03035], [77.3292, 13.0311], [77.3295, 13.03168], [77.32996, 13.03259], [77.33008, 13.03361], [77.33002, 13.03444], [77.33018, 13.03543], [77.33024, 13.03636], [77.33016, 13.03728], [77.32992, 13.03819], [77.32966, 13.03914], [77.32972, 13.03991], [77.3306, 13.04048], [77.33111, 13.04104], [77.33119, 13.04165], [77.33113, 13.04291], [77.33089, 13.04378], [77.33066, 13.04457], [77.33042, 13.04558], [77.33008, 13.04676], [77.32992, 13.04746], [77.32988, 13.04763], [77.32948, 13.04824], [77.32937, 13.04917], [77.32917, 13.04988], [77.32839, 13.05021], [77.32782, 13.05027], [77.32694, 13.05016], [77.32577, 13.04972], [77.32462, 13.04879], [77.324, 13.04779], [77.32388, 13.04702], [77.32297, 13.04806], [77.32211, 13.04842], [77.32118, 13.04857], [77.32005, 13.04853], [77.31858, 13.04818], [77.31707, 13.04782], [77.31526, 13.04753], [77.31321, 13.0471], [77.31105, 13.04632], [77.31065, 13.04816], [77.31024, 13.05031], [77.3097, 13.05291], [77.30936, 13.05497], [77.30925, 13.05646], [77.30938, 13.06001], [77.30916, 13.0637], [77.30872, 13.06518], [77.3087, 13.06631], [77.3087, 13.06658], [77.30872, 13.06875], [77.30896, 13.07051], [77.30932, 13.07312], [77.3092, 13.07485], [77.30928, 13.07586], [77.30938, 13.07693], [77.30964, 13.07868], [77.30952, 13.07989], [77.30944, 13.08086], [77.30934, 13.08176], [77.30928, 13.08324], [77.30952, 13.08423], [77.3096, 13.0849], [77.31022, 13.08719], [77.31066, 13.08881], [77.31087, 13.08991], [77.31102, 13.09153], [77.31109, 13.09196], [77.31117, 13.09292], [77.31142, 13.09392], [77.31181, 13.09514], [77.31222, 13.09643], [77.31255, 13.09758], [77.31273, 13.09889], [77.31294, 13.09982], [77.31317, 13.10075], [77.31338, 13.10167], [77.31358, 13.10261], [77.31387, 13.10402], [77.31424, 13.10534], [77.31434, 13.10614], [77.31404, 13.10633], [77.31335, 13.10677], [77.31271, 13.1072], [77.31158, 13.1076], [77.31009, 13.10815], [77.30924, 13.10843], [77.30795, 13.10902], [77.30703, 13.10922], [77.30538, 13.10973], [77.30393, 13.11031], [77.30309, 13.11071], [77.30272, 13.11088], [77.30113, 13.11035], [77.30012, 13.10997], [77.29939, 13.10976], [77.29901, 13.1097], [77.29649, 13.10912], [77.295, 13.1094], [77.2935, 13.10984], [77.29283, 13.1101], [77.2926, 13.11077], [77.29244, 13.11245], [77.29233, 13.11434], [77.29224, 13.11619], [77.29212, 13.11843], [77.29206, 13.11958], [77.29203, 13.11996], [77.29195, 13.12117], [77.29071, 13.12099], [77.28927, 13.12072], [77.2882, 13.12066], [77.28744, 13.12089], [77.28707, 13.12118], [77.28679, 13.12169], [77.28657, 13.12238], [77.28636, 13.12383], [77.28608, 13.125], [77.28588, 13.12596], [77.28558, 13.12701], [77.28541, 13.12793], [77.28516, 13.12988], [77.28499, 13.13281], [77.28475, 13.13435], [77.28325, 13.13427], [77.28073, 13.13432], [77.27952, 13.13413], [77.27913, 13.13377], [77.27927, 13.13156], [77.27927, 13.1298], [77.27911, 13.12752], [77.2793, 13.12599], [77.27844, 13.12597], [77.27783, 13.1254], [77.277, 13.12165], [77.27671, 13.12011], [77.27647, 13.11945], [77.27579, 13.11887], [77.27512, 13.11856], [77.27477, 13.11849], [77.27401, 13.11844], [77.27329, 13.11837], [77.27315, 13.11834], [77.27053, 13.11833], [77.26895, 13.11844], [77.26841, 13.11885], [77.2676, 13.12045], [77.26674, 13.12236], [77.26654, 13.12302], [77.26627, 13.1239], [77.26609, 13.12596], [77.26543, 13.12758], [77.26543, 13.12937], [77.26606, 13.13162], [77.2662, 13.13238], [77.26717, 13.13539], [77.2673, 13.13794], [77.26727, 13.13881], [77.26694, 13.14057], [77.26708, 13.14266], [77.26736, 13.14352], [77.26915, 13.1438], [77.27092, 13.14315], [77.27275, 13.1419], [77.27394, 13.13979], [77.27427, 13.14103], [77.27466, 13.14203], [77.27488, 13.1438], [77.27496, 13.14637], [77.27488, 13.1474], [77.27493, 13.14903], [77.27493, 13.15128], [77.27504, 13.15258], [77.27327, 13.15223], [77.27131, 13.15236], [77.26972, 13.15245], [77.26824, 13.15163], [77.26619, 13.1506], [77.26575, 13.1506], [77.26448, 13.1509], [77.2624, 13.15114], [77.26185, 13.15111], [77.26057, 13.15119], [77.25905, 13.15152], [77.25723, 13.15195], [77.25529, 13.15255], [77.25333, 13.15173], [77.25136, 13.15151], [77.24893, 13.1519], [77.24783, 13.15125], [77.24642, 13.15012], [77.24542, 13.14965], [77.24403, 13.14803], [77.24272, 13.14697], [77.24163, 13.14636], [77.24093, 13.14624], [77.23995, 13.14638], [77.23828, 13.14638], [77.23633, 13.1465], [77.23492, 13.14666], [77.23411, 13.14678], [77.23305, 13.14703], [77.23234, 13.14718], [77.23195, 13.14726], [77.23159, 13.14734], [77.23122, 13.14658], [77.231, 13.14603], [77.23075, 13.14542], [77.23076, 13.14498], [77.23043, 13.14461], [77.22972, 13.14522], [77.22912, 13.14601], [77.22842, 13.14655], [77.22756, 13.14638], [77.22683, 13.14625], [77.22586, 13.14619], [77.2247, 13.14611], [77.22353, 13.14607], [77.22226, 13.14593], [77.22083, 13.14576], [77.21981, 13.14572], [77.21893, 13.14521], [77.21791, 13.14491], [77.2175, 13.14487], [77.2171, 13.14534], [77.21623, 13.14642], [77.21529, 13.1477], [77.2136, 13.14975], [77.2135, 13.15048], [77.21321, 13.1516], [77.21338, 13.15364], [77.21359, 13.15456], [77.21386, 13.15646], [77.21437, 13.15787], [77.21548, 13.15899], [77.2161, 13.16001], [77.21629, 13.16075], [77.21628, 13.16161], [77.21607, 13.16215], [77.21577, 13.1627], [77.215, 13.16355], [77.21432, 13.16429], [77.21406, 13.16563], [77.21356, 13.16791], [77.21335, 13.16855], [77.21278, 13.16896], [77.21264, 13.16901], [77.21191, 13.16929], [77.21145, 13.16962], [77.21086, 13.17016], [77.21004, 13.17095], [77.20984, 13.17146], [77.2094, 13.17245], [77.20894, 13.17306], [77.20841, 13.17323], [77.20777, 13.17328], [77.2074, 13.17358], [77.2073, 13.17403], [77.20728, 13.17466], [77.20728, 13.17521], [77.20736, 13.17607], [77.20735, 13.17735], [77.20756, 13.1782], [77.20755, 13.17884], [77.20715, 13.17962], [77.20641, 13.18071], [77.20603, 13.18125], [77.20546, 13.18202], [77.20415, 13.18354], [77.20359, 13.18448], [77.20481, 13.18641], [77.20481, 13.18641], [77.20567, 13.18875], [77.20649, 13.19096], [77.20675, 13.19191], [77.20681, 13.19214], [77.20721, 13.19379], [77.20729, 13.19434], [77.20751, 13.1962], [77.2075, 13.19662], [77.20621, 13.1968], [77.20287, 13.19732], [77.20295, 13.19461], [77.20095, 13.19451], [77.2009, 13.19627], [77.20026, 13.19647], [77.19934, 13.1968], [77.19987, 13.19947], [77.20031, 13.20199], [77.20025, 13.20316], [77.19973, 13.20402], [77.19808, 13.20512], [77.19622, 13.20582], [77.1951, 13.20663], [77.19483, 13.20863], [77.19456, 13.21064], [77.19446, 13.21198], [77.19442, 13.21305], [77.19447, 13.21355], [77.19446, 13.21622], [77.19446, 13.21622], [77.1946, 13.21746], [77.19463, 13.21912], [77.19457, 13.22034], [77.19447, 13.2211], [77.1943, 13.22225], [77.19426, 13.22314], [77.19406, 13.2243], [77.19197, 13.22479], [77.1892, 13.2252], [77.18702, 13.22516], [77.18635, 13.22518], [77.18635, 13.22518], [77.18533, 13.22619], [77.18431, 13.2272], [77.18347, 13.22784], [77.18279, 13.22855], [77.18269, 13.22872], [77.18266, 13.2291], [77.18266, 13.22951], [77.18289, 13.23014], [77.1831, 13.23116], [77.1831, 13.23116], [77.18332, 13.23175], [77.18362, 13.23294], [77.1838, 13.23362], [77.18439, 13.23365], [77.18468, 13.23508], [77.18471, 13.23586], [77.18542, 13.23604], [77.18615, 13.23653], [77.18582, 13.23852], [77.18686, 13.2385], [77.1898, 13.23755], [77.19021, 13.23784], [77.19105, 13.23957], [77.19184, 13.24114], [77.19218, 13.24214], [77.19245, 13.24356], [77.19229, 13.2445], [77.19097, 13.2468], [77.19021, 13.24796], [77.18956, 13.24878], [77.18956, 13.24878], [77.18816, 13.25054], [77.18695, 13.25121], [77.18672, 13.25143], [77.18672, 13.25143], [77.18661, 13.2516], [77.18661, 13.2516], [77.18661, 13.25188], [77.18668, 13.25239], [77.18674, 13.25277], [77.18669, 13.25346], [77.18669, 13.25346], [77.18656, 13.25418], [77.18641, 13.25472], [77.18628, 13.255], [77.18619, 13.25519], [77.18602, 13.25543], [77.18599, 13.25547], [77.18565, 13.25582], [77.18565, 13.25582], [77.18517, 13.25618], [77.18499, 13.25631], [77.18469, 13.25654], [77.18449, 13.25665], [77.18412, 13.25688], [77.18367, 13.25721], [77.18349, 13.25736], [77.18349, 13.25757], [77.18349, 13.25762], [77.18349, 13.25762], [77.18393, 13.25843], [77.18446, 13.2595], [77.18487, 13.26032], [77.185, 13.26056], [77.18517, 13.26089], [77.1855, 13.26152], [77.18569, 13.26228], [77.18583, 13.26285], [77.18606, 13.2644], [77.18644, 13.26648], [77.18666, 13.26796], [77.18672, 13.26919], [77.1868, 13.2704], [77.18693, 13.27178], [77.18699, 13.2724], [77.18704, 13.27261], [77.18711, 13.27286], [77.18725, 13.27315], [77.18757, 13.27384], [77.18766, 13.27405], [77.18809, 13.27504], [77.18819, 13.27573], [77.18829, 13.27612], [77.18839, 13.2764], [77.18839, 13.2764], [77.18839, 13.2764], [77.19009, 13.27538], [77.19116, 13.27475], [77.19158, 13.27399], [77.19179, 13.27287], [77.19192, 13.27229], [77.19185, 13.27177], [77.19189, 13.2712], [77.19181, 13.27064], [77.19184, 13.27033], [77.19205, 13.2697], [77.19248, 13.26921], [77.19246, 13.26902], [77.19298, 13.26871], [77.19361, 13.26831], [77.19371, 13.26823], [77.19456, 13.26814], [77.19563, 13.26792], [77.19629, 13.26782], [77.19726, 13.2678], [77.19852, 13.2678], [77.19899, 13.26778], [77.19991, 13.26825], [77.20069, 13.26702], [77.20081, 13.26685], [77.20095, 13.26665], [77.20095, 13.26665], [77.20128, 13.26618], [77.20279, 13.26435], [77.20311, 13.26391], [77.2044, 13.26247], [77.2046, 13.26228], [77.205, 13.26211], [77.2071, 13.26199], [77.21116, 13.26176], [77.21605, 13.26156], [77.21707, 13.26201], [77.21934, 13.26295], [77.21953, 13.26332], [77.22214, 13.26835], [77.22086, 13.27201], [77.22049, 13.2731], [77.22003, 13.27445], [77.22003, 13.27445], [77.22063, 13.2769], [77.22089, 13.27881], [77.22075, 13.28051], [77.22043, 13.28419], [77.22037, 13.28493], [77.22033, 13.28551], [77.22034, 13.28553], [77.22092, 13.28739], [77.22094, 13.28743], [77.22172, 13.29031], [77.22179, 13.29057], [77.22209, 13.29182], [77.22251, 13.29352], [77.22357, 13.29713], [77.22447, 13.30026], [77.22572, 13.30274], [77.22724, 13.30603], [77.2283, 13.30903], [77.2283, 13.30903], [77.22863, 13.31029], [77.22876, 13.31133], [77.22901, 13.31331], [77.22901, 13.31331], [77.23039, 13.31294], [77.23113, 13.31277], [77.2317, 13.31267], [77.23246, 13.31197], [77.23285, 13.31128], [77.2331, 13.31051], [77.2332, 13.31015], [77.23353, 13.30962], [77.23499, 13.30987], [77.23553, 13.30998], [77.23652, 13.3098], [77.23694, 13.30968], [77.23823, 13.30916], [77.23873, 13.30905], [77.23959, 13.30894], [77.24023, 13.30851], [77.24069, 13.30771], [77.241, 13.30697], [77.24114, 13.3064], [77.24129, 13.30584], [77.24137, 13.30526], [77.24146, 13.30469], [77.24168, 13.30425], [77.24201, 13.30377], [77.24235, 13.3034], [77.2427, 13.30303], [77.24297, 13.3027], [77.24311, 13.3024], [77.24482, 13.30252], [77.2452, 13.30249], [77.24632, 13.3024], [77.24756, 13.30222], [77.24893, 13.30186], [77.24893, 13.30186], [77.24945, 13.30171], [77.25057, 13.30204], [77.25266, 13.30173], [77.25278, 13.30249], [77.2531, 13.30445], [77.25375, 13.30626], [77.25473, 13.30887], [77.25571, 13.30892], [77.25757, 13.30922], [77.25956, 13.30969], [77.26524, 13.31083], [77.2669, 13.3111], [77.26867, 13.31116], [77.26982, 13.31115], [77.26954, 13.30945], [77.26952, 13.3072], [77.26963, 13.30561], [77.26996, 13.305], [77.2707, 13.30409], [77.27279, 13.30154], [77.27331, 13.30088], [77.27403, 13.29998], [77.27476, 13.29865], [77.27525, 13.29768], [77.27699, 13.29767], [77.27936, 13.29751], [77.28166, 13.29728], [77.281, 13.29965], [77.28079, 13.30109], [77.28077, 13.30182], [77.28076, 13.3023], [77.28076, 13.3023], [77.28073, 13.30383], [77.28073, 13.30389], [77.28064, 13.30565], [77.28082, 13.3076], [77.28084, 13.30817], [77.28087, 13.30857], [77.2812, 13.3104], [77.28164, 13.3105], [77.28306, 13.31063], [77.28484, 13.31081], [77.28661, 13.31115], [77.28773, 13.31116], [77.28864, 13.31116], [77.28864, 13.31116], [77.28974, 13.31116], [77.29152, 13.31113], [77.29392, 13.31108], [77.29781, 13.31081], [77.30079, 13.31066], [77.30257, 13.31064], [77.30488, 13.3106], [77.30867, 13.31061], [77.30911, 13.31199], [77.30997, 13.31467], [77.31075, 13.31699], [77.31117, 13.31904], [77.31191, 13.32208], [77.31302, 13.32232], [77.31423, 13.32269], [77.31604, 13.32356], [77.31825, 13.32434], [77.32104, 13.32513], [77.32295, 13.32587], [77.32387, 13.32634], [77.32531, 13.32794], [77.32736, 13.32831], [77.32913, 13.33031], [77.32934, 13.3304]]]}}, {"type": "Feature", "properties": {"taluk": "Dodda Ballapur", "district": "Bengaluru Rural", "state": "Karnataka"}, "geometry": {"type": "Polygon", "coordinates": [[[77.39908, 13.49277], [77.3999, 13.49269], [77.4005, 13.49284], [77.40088, 13.49298], [77.4015, 13.49337], [77.40224, 13.49397], [77.40315, 13.49466], [77.4037, 13.49436], [77.4041, 13.49421], [77.40576, 13.49501], [77.40717, 13.49566], [77.40763, 13.49616], [77.40796, 13.49679], [77.41052, 13.49537], [77.41365, 13.49329], [77.41553, 13.49201], [77.41559, 13.48607], [77.41659, 13.48579], [77.41761, 13.48556], [77.41853, 13.48547], [77.41939, 13.48542], [77.42078, 13.48552], [77.42162, 13.48558], [77.42266, 13.4849], [77.42312, 13.48447], [77.42367, 13.48378], [77.42429, 13.48274], [77.42483, 13.48156], [77.42493, 13.48113], [77.42472, 13.48089], [77.42455, 13.48069], [77.42438, 13.48009], [77.42413, 13.47841], [77.42393, 13.47752], [77.4235, 13.4754], [77.42322, 13.474], [77.42298, 13.47286], [77.42286, 13.47193], [77.42494, 13.47114], [77.42563, 13.47091], [77.42675, 13.47085], [77.42779, 13.47101], [77.43126, 13.46982], [77.43256, 13.4694], [77.4344, 13.46874], [77.43426, 13.46791], [77.4336, 13.46574], [77.43338, 13.46497], [77.43302, 13.46398], [77.43597, 13.46306], [77.43948, 13.46179], [77.4401, 13.46163], [77.44125, 13.46142], [77.44431, 13.46138], [77.44607, 13.46162], [77.44692, 13.46181], [77.44793, 13.4623], [77.44905, 13.46302], [77.44949, 13.46335], [77.45031, 13.46434], [77.45276, 13.46421], [77.4548, 13.46428], [77.45457, 13.46861], [77.45814, 13.46911], [77.4587, 13.4675], [77.45926, 13.4664], [77.45998, 13.46522], [77.46134, 13.46287], [77.46221, 13.46335], [77.4638, 13.4645], [77.46587, 13.46623], [77.46685, 13.46715], [77.46746, 13.4675], [77.46837, 13.46757], [77.4688, 13.46771], [77.4695, 13.46809], [77.47147, 13.46936], [77.47487, 13.46733], [77.47662, 13.46641], [77.47754, 13.46668], [77.47775, 13.4663], [77.47971, 13.46682], [77.48173, 13.46739], [77.48326, 13.46789], [77.48378, 13.4672], [77.48531, 13.46512], [77.48667, 13.46339], [77.4886, 13.46093], [77.48886, 13.46098], [77.48944, 13.4609], [77.49078, 13.46035], [77.49109, 13.46017], [77.49133, 13.46001], [77.49199, 13.45978], [77.4925, 13.45939], [77.49348, 13.45889], [77.49469, 13.45884], [77.4989, 13.45888], [77.49975, 13.45888], [77.50084, 13.45875], [77.50211, 13.45847], [77.50324, 13.45834], [77.5047, 13.4578], [77.50664, 13.45666], [77.50671, 13.45662], [77.50549, 13.45546], [77.50545, 13.45535], [77.50528, 13.45492], [77.50492, 13.45378], [77.50489, 13.45138], [77.5048, 13.45043], [77.50487, 13.44916], [77.50484, 13.44866], [77.50411, 13.44549], [77.50419, 13.44545], [77.50575, 13.44487], [77.50964, 13.44424], [77.51594, 13.44388], [77.51592, 13.44313], [77.51592, 13.44282], [77.51592, 13.44277], [77.51618, 13.44216], [77.51659, 13.44175], [77.51678, 13.44141], [77.51683, 13.44076], [77.51683, 13.44023], [77.51671, 13.43968], [77.51685, 13.43939], [77.5171, 13.43907], [77.51766, 13.43848], [77.51805, 13.4379], [77.5187, 13.43674], [77.51915, 13.43572], [77.52033, 13.43513], [77.52055, 13.43498], [77.52095, 13.43474], [77.5213, 13.43436], [77.52146, 13.43404], [77.52155, 13.43327], [77.52163, 13.43283], [77.52189, 13.43218], [77.52216, 13.43181], [77.52248, 13.43153], [77.52282, 13.43148], [77.5233, 13.4315], [77.5241, 13.4315], [77.52518, 13.43148], [77.52553, 13.43152], [77.52579, 13.43153], [77.52653, 13.43168], [77.52762, 13.43175], [77.52846, 13.43175], [77.53017, 13.43157], [77.53121, 13.43152], [77.53182, 13.43141], [77.53348, 13.43107], [77.53455, 13.43075], [77.53531, 13.43232], [77.53615, 13.43422], [77.53679, 13.43556], [77.53708, 13.43648], [77.53842, 13.43657], [77.5394, 13.43666], [77.54125, 13.43682], [77.54287, 13.4369], [77.54297, 13.43691], [77.54301, 13.43691], [77.54435, 13.43705], [77.54493, 13.43716], [77.54551, 13.43741], [77.54599, 13.43773], [77.54728, 13.43676], [77.54844, 13.43587], [77.54967, 13.43483], [77.55036, 13.43424], [77.55027, 13.43376], [77.55026, 13.4337], [77.55016, 13.43263], [77.55032, 13.43118], [77.55048, 13.4297], [77.55098, 13.42669], [77.55135, 13.42406], [77.55152, 13.42331], [77.55152, 13.42226], [77.55147, 13.42083], [77.55147, 13.41964], [77.55249, 13.41942], [77.55455, 13.41922], [77.55612, 13.41899], [77.558, 13.41874], [77.55877, 13.41863], [77.55904, 13.41863], [77.55969, 13.41888], [77.5625, 13.41985], [77.56431, 13.42044], [77.5656, 13.42035], [77.56776, 13.42044], [77.57005, 13.42058], [77.57203, 13.42069], [77.57233, 13.42069], [77.57321, 13.42069], [77.5746, 13.42076], [77.57573, 13.42081], [77.57716, 13.42083], [77.57834, 13.42088], [77.57834, 13.42088], [77.579, 13.4209], [77.58078, 13.4209], [77.58189, 13.42108], [77.58326, 13.42147], [77.58361, 13.42157], [77.58423, 13.42157], [77.58438, 13.42156], [77.58548, 13.42146], [77.58594, 13.42141], [77.58658, 13.42134], [77.58664, 13.42134], [77.58675, 13.42132], [77.587, 13.42025], [77.58771, 13.42019], [77.58864, 13.41847], [77.58967, 13.41839], [77.59077, 13.41827], [77.59092, 13.41872], [77.59244, 13.41862], [77.59266, 13.41982], [77.59274, 13.42023], [77.59276, 13.42035], [77.59301, 13.42088], [77.59298, 13.42132], [77.59238, 13.4214], [77.59146, 13.42153], [77.59144, 13.42161], [77.5913, 13.42207], [77.59116, 13.42257], [77.59083, 13.42348], [77.59079, 13.42393], [77.59083, 13.42448], [77.59072, 13.425], [77.59053, 13.42552], [77.59037, 13.42571], [77.59021, 13.42611], [77.59009, 13.42674], [77.58996, 13.42754], [77.58981, 13.42797], [77.58958, 13.42834], [77.58924, 13.42884], [77.5891, 13.42922], [77.58921, 13.42954], [77.58967, 13.42959], [77.58988, 13.42968], [77.59011, 13.4302], [77.59011, 13.43029], [77.59011, 13.43095], [77.59011, 13.43147], [77.59, 13.43195], [77.58997, 13.43233], [77.59014, 13.43287], [77.59025, 13.43319], [77.59025, 13.43356], [77.59016, 13.43412], [77.59023, 13.43474], [77.59023, 13.43514], [77.59004, 13.43568], [77.58979, 13.43625], [77.59095, 13.43625], [77.59287, 13.43623], [77.59461, 13.43623], [77.59957, 13.43614], [77.59953, 13.43691], [77.5996, 13.43769], [77.59976, 13.43858], [77.59987, 13.43894], [77.59996, 13.43921], [77.60025, 13.4395], [77.60064, 13.43976], [77.60126, 13.43996], [77.60156, 13.44023], [77.60205, 13.44068], [77.60251, 13.44098], [77.60295, 13.44123], [77.60307, 13.4413], [77.60339, 13.44066], [77.60358, 13.4401], [77.60386, 13.43901], [77.60425, 13.4379], [77.60455, 13.43733], [77.60517, 13.43627], [77.60574, 13.43552], [77.60589, 13.43443], [77.6059, 13.43357], [77.60652, 13.42999], [77.60652, 13.42763], [77.60745, 13.42524], [77.60917, 13.42481], [77.61049, 13.42457], [77.61111, 13.42394], [77.61252, 13.42283], [77.61326, 13.42204], [77.61394, 13.42162], [77.61468, 13.42123], [77.61545, 13.42108], [77.61535, 13.4206], [77.6152, 13.42015], [77.61495, 13.41961], [77.61455, 13.41909], [77.614, 13.41852], [77.61311, 13.41786], [77.61222, 13.41747], [77.61094, 13.41695], [77.60955, 13.41647], [77.60863, 13.41593], [77.60761, 13.41535], [77.60722, 13.41506], [77.60669, 13.41451], [77.60604, 13.4146], [77.60589, 13.41647], [77.60463, 13.41617], [77.60449, 13.41613], [77.60156, 13.41593], [77.60097, 13.41575], [77.59921, 13.41514], [77.59915, 13.41358], [77.599, 13.41171], [77.59875, 13.41062], [77.60042, 13.4099], [77.6002, 13.40677], [77.59989, 13.40677], [77.59986, 13.4049], [77.6, 13.40482], [77.60075, 13.40438], [77.60158, 13.40405], [77.6018, 13.40276], [77.60186, 13.40159], [77.60204, 13.40053], [77.60213, 13.3996], [77.60238, 13.39821], [77.60281, 13.39794], [77.60343, 13.39765], [77.60388, 13.39763], [77.60413, 13.39772], [77.6046, 13.39785], [77.60494, 13.39801], [77.60522, 13.39829], [77.60545, 13.39873], [77.60564, 13.39895], [77.60603, 13.39927], [77.60636, 13.39948], [77.60657, 13.39978], [77.60672, 13.40031], [77.6068, 13.40092], [77.60684, 13.40141], [77.60705, 13.40225], [77.60724, 13.40285], [77.60745, 13.40321], [77.6075, 13.40358], [77.60699, 13.40462], [77.60691, 13.40579], [77.6071, 13.40671], [77.60745, 13.40719], [77.60751, 13.40717], [77.60835, 13.40657], [77.60899, 13.40603], [77.60976, 13.40533], [77.6104, 13.40481], [77.61118, 13.40413], [77.61154, 13.40388], [77.61201, 13.40367], [77.61287, 13.40342], [77.61301, 13.40342], [77.61389, 13.40331], [77.61539, 13.4031], [77.61667, 13.40296], [77.61739, 13.4028], [77.61837, 13.40258], [77.61911, 13.40236], [77.61911, 13.40187], [77.61867, 13.40109], [77.6182, 13.40019], [77.61792, 13.39967], [77.61764, 13.39861], [77.61734, 13.39752], [77.617, 13.39627], [77.61675, 13.39559], [77.61645, 13.39423], [77.61623, 13.3936], [77.61592, 13.39295], [77.6152, 13.39183], [77.61426, 13.39031], [77.61378, 13.38953], [77.61312, 13.38808], [77.61276, 13.38713], [77.61342, 13.38669], [77.61478, 13.38576], [77.61526, 13.38552], [77.61587, 13.38522], [77.61653, 13.38502], [77.61695, 13.38489], [77.61803, 13.38462], [77.61911, 13.38457], [77.62092, 13.38468], [77.62136, 13.384], [77.62186, 13.38304], [77.6222, 13.38226], [77.6222, 13.38172], [77.62212, 13.38109], [77.62178, 13.38008], [77.62161, 13.37926], [77.62147, 13.37898], [77.62116, 13.37823], [77.6211, 13.37741], [77.62099, 13.37624], [77.62094, 13.37536], [77.62145, 13.37545], [77.62211, 13.37557], [77.62391, 13.376], [77.62492, 13.37626], [77.62729, 13.37679], [77.62831, 13.37763], [77.62959, 13.37681], [77.63009, 13.37665], [77.6312, 13.3766], [77.63156, 13.37657], [77.63215, 13.37643], [77.63319, 13.37613], [77.63391, 13.37592], [77.63402, 13.3769], [77.63421, 13.37818], [77.63444, 13.37915], [77.63458, 13.37974], [77.63474, 13.38035], [77.63505, 13.38125], [77.63524, 13.38225], [77.63535, 13.38295], [77.63573, 13.38412], [77.63621, 13.38572], [77.63651, 13.38667], [77.63793, 13.38541], [77.63787, 13.38629], [77.63793, 13.38833], [77.63804, 13.39008], [77.63846, 13.3938], [77.63968, 13.39335], [77.63998, 13.39335], [77.64033, 13.39342], [77.64064, 13.3934], [77.64089, 13.39322], [77.64134, 13.39305], [77.64167, 13.39299], [77.64196, 13.39305], [77.64229, 13.39316], [77.64249, 13.3932], [77.64277, 13.39318], [77.64299, 13.3931], [77.6434, 13.39299], [77.64393, 13.39267], [77.64432, 13.39243], [77.64443, 13.39237], [77.64464, 13.3923], [77.64501, 13.39216], [77.64541, 13.39216], [77.64578, 13.39216], [77.6461, 13.39209], [77.64662, 13.3919], [77.64712, 13.39181], [77.64784, 13.39183], [77.64812, 13.3919], [77.64831, 13.39215], [77.64871, 13.39263], [77.64911, 13.39291], [77.6494, 13.39309], [77.64984, 13.39322], [77.65023, 13.3933], [77.65047, 13.39382], [77.65063, 13.39418], [77.65071, 13.39467], [77.65077, 13.39506], [77.65098, 13.39564], [77.65124, 13.39606], [77.65154, 13.39645], [77.6522, 13.39714], [77.65326, 13.39842], [77.65747, 13.39784], [77.65756, 13.39782], [77.65762, 13.39679], [77.65778, 13.39385], [77.65773, 13.39306], [77.65689, 13.39244], [77.6562, 13.39187], [77.65537, 13.391], [77.65459, 13.39007], [77.65364, 13.38907], [77.65298, 13.38825], [77.65196, 13.38704], [77.65332, 13.38639], [77.65634, 13.38497], [77.65767, 13.38438], [77.65817, 13.38414], [77.65957, 13.38347], [77.66049, 13.38121], [77.66196, 13.37746], [77.66008, 13.37546], [77.65947, 13.37483], [77.65878, 13.37407], [77.65813, 13.3735], [77.65705, 13.37271], [77.657, 13.37075], [77.65695, 13.36868], [77.65691, 13.36699], [77.65697, 13.36612], [77.65697, 13.36506], [77.65686, 13.36354], [77.65655, 13.36128], [77.65647, 13.36031], [77.65594, 13.35823], [77.66363, 13.35301], [77.66706, 13.35071], [77.66706, 13.34799], [77.66689, 13.34749], [77.66662, 13.34709], [77.66439, 13.34341], [77.66341, 13.34175], [77.66341, 13.3404], [77.66328, 13.33692], [77.66328, 13.33628], [77.66328, 13.33519], [77.66301, 13.33373], [77.66247, 13.33171], [77.66178, 13.33028], [77.66165, 13.33], [77.66048, 13.32837], [77.65882, 13.32616], [77.65713, 13.32407], [77.65639, 13.32361], [77.65544, 13.32351], [77.65541, 13.32351], [77.65426, 13.32348], [77.64935, 13.32476], [77.64084, 13.32758], [77.64083, 13.32758], [77.63989, 13.32837], [77.63935, 13.32834], [77.63688, 13.32844], [77.6356, 13.32854], [77.63428, 13.3288], [77.63178, 13.32959], [77.63097, 13.32966], [77.63047, 13.32967], [77.62978, 13.32967], [77.62968, 13.32654], [77.62971, 13.3235], [77.62962, 13.32159], [77.62952, 13.31988], [77.62949, 13.31787], [77.6295, 13.3168], [77.62952, 13.31541], [77.62698, 13.31538], [77.62673, 13.31532], [77.6264, 13.31503], [77.62571, 13.31448], [77.62531, 13.31383], [77.62472, 13.31273], [77.62406, 13.31163], [77.62399, 13.3115], [77.62324, 13.31008], [77.62281, 13.3094], [77.62105, 13.30969], [77.61968, 13.30992], [77.61945, 13.31163], [77.61633, 13.31186], [77.61511, 13.31193], [77.61495, 13.31312], [77.61423, 13.3131], [77.61085, 13.31302], [77.61092, 13.31243], [77.61086, 13.31126], [77.61056, 13.31003], [77.61063, 13.30945], [77.61076, 13.30877], [77.61102, 13.3077], [77.61122, 13.30641], [77.61142, 13.30515], [77.61162, 13.3032], [77.61179, 13.30268], [77.61152, 13.30155], [77.61119, 13.3002], [77.61093, 13.30012], [77.61053, 13.3], [77.60944, 13.29942], [77.60766, 13.29871], [77.6064, 13.2981], [77.60522, 13.29758], [77.60344, 13.29712], [77.60193, 13.29647], [77.60193, 13.29645], [77.60179, 13.29454], [77.60162, 13.29266], [77.60163, 13.29175], [77.60167, 13.29132], [77.60145, 13.2906], [77.60241, 13.28882], [77.60364, 13.28689], [77.60462, 13.28552], [77.60489, 13.28493], [77.60509, 13.28464], [77.60522, 13.28335], [77.6045, 13.28306], [77.60321, 13.28254], [77.60222, 13.28209], [77.6014, 13.28196], [77.60108, 13.28111], [77.60003, 13.28098], [77.5996, 13.28049], [77.59926, 13.28004], [77.59896, 13.27962], [77.59844, 13.27891], [77.59801, 13.27849], [77.59732, 13.27833], [77.59679, 13.27804], [77.59633, 13.27768], [77.59593, 13.27716], [77.59508, 13.27626], [77.59425, 13.27538], [77.59242, 13.27619], [77.5916, 13.27648], [77.5909, 13.27638], [77.58926, 13.27606], [77.58731, 13.2757], [77.58398, 13.2752], [77.58253, 13.27489], [77.582, 13.27478], [77.58184, 13.274], [77.58151, 13.27326], [77.58095, 13.27196], [77.5804, 13.27146], [77.57679, 13.27077], [77.57585, 13.27056], [77.5755, 13.27048], [77.5753, 13.26922], [77.57527, 13.26793], [77.57544, 13.26683], [77.57577, 13.26434], [77.57569, 13.26252], [77.57565, 13.26053], [77.57556, 13.25885], [77.57438, 13.25867], [77.57305, 13.25836], [77.57299, 13.2579], [77.57292, 13.25723], [77.57289, 13.25511], [77.57287, 13.25392], [77.57251, 13.25266], [77.57209, 13.25122], [77.57165, 13.24837], [77.57161, 13.24779], [77.57166, 13.24721], [77.57048, 13.24744], [77.56841, 13.24808], [77.56623, 13.24856], [77.56465, 13.24898], [77.56393, 13.24926], [77.56273, 13.24658], [77.56792, 13.24471], [77.56996, 13.24395], [77.56997, 13.24392], [77.57041, 13.24231], [77.57032, 13.24185], [77.57022, 13.24133], [77.57025, 13.24087], [77.57027, 13.24057], [77.57027, 13.24011], [77.56989, 13.23895], [77.56987, 13.23797], [77.56978, 13.23767], [77.56902, 13.23629], [77.56844, 13.23585], [77.56797, 13.23518], [77.56722, 13.23509], [77.5663, 13.23511], [77.56592, 13.23516], [77.56541, 13.23534], [77.56454, 13.23573], [77.56339, 13.23626], [77.56278, 13.23684], [77.5624, 13.23766], [77.56228, 13.23796], [77.56181, 13.23895], [77.56176, 13.23937], [77.56175, 13.23935], [77.56101, 13.23861], [77.56118, 13.23684], [77.55932, 13.2323], [77.5589, 13.23218], [77.5584, 13.23223], [77.55772, 13.23231], [77.55668, 13.23254], [77.55581, 13.23262], [77.55505, 13.23277], [77.55465, 13.23264], [77.55396, 13.23231], [77.55312, 13.23207], [77.55233, 13.23208], [77.55164, 13.23243], [77.55093, 13.23272], [77.55052, 13.23304], [77.55025, 13.23296], [77.54962, 13.23227], [77.54943, 13.23177], [77.54924, 13.23153], [77.54794, 13.23177], [77.54548, 13.23225], [77.5432, 13.23284], [77.54334, 13.23253], [77.5433, 13.23076], [77.54273, 13.22886], [77.54214, 13.22724], [77.54156, 13.22625], [77.54071, 13.22585], [77.53862, 13.22588], [77.53818, 13.22415], [77.53752, 13.22222], [77.53733, 13.22024], [77.53686, 13.21902], [77.53654, 13.21914], [77.5343, 13.21978], [77.53254, 13.21992], [77.53087, 13.22058], [77.52944, 13.22084], [77.52657, 13.22111], [77.52596, 13.22021], [77.52557, 13.21957], [77.52496, 13.2186], [77.5243, 13.21648], [77.52305, 13.21506], [77.52211, 13.21437], [77.522, 13.21377], [77.52207, 13.21285], [77.52212, 13.21167], [77.52303, 13.21054], [77.52313, 13.2097], [77.52309, 13.20913], [77.52297, 13.2091], [77.52233, 13.20877], [77.52233, 13.20878], [77.52249, 13.20927], [77.52232, 13.20976], [77.52233, 13.21032], [77.52227, 13.2106], [77.52193, 13.21064], [77.52131, 13.21078], [77.52086, 13.21094], [77.52039, 13.21109], [77.51993, 13.21102], [77.51972, 13.21043], [77.51972, 13.20973], [77.51963, 13.20926], [77.51894, 13.20913], [77.51903, 13.21029], [77.51912, 13.21165], [77.51994, 13.21167], [77.52056, 13.21326], [77.52096, 13.21395], [77.52101, 13.21461], [77.52083, 13.21493], [77.52041, 13.21519], [77.52008, 13.21533], [77.51996, 13.21578], [77.51955, 13.21655], [77.51925, 13.21713], [77.51835, 13.21804], [77.51796, 13.21867], [77.51835, 13.22029], [77.51793, 13.22075], [77.5168, 13.22158], [77.51504, 13.22259], [77.51321, 13.22397], [77.51196, 13.22448], [77.51163, 13.22517], [77.51161, 13.22583], [77.51154, 13.22646], [77.51154, 13.22733], [77.51144, 13.22857], [77.51097, 13.22869], [77.50881, 13.22885], [77.50815, 13.22881], [77.50768, 13.22887], [77.50716, 13.22884], [77.50693, 13.22888], [77.5065, 13.22883], [77.50565, 13.22516], [77.50463, 13.22521], [77.50367, 13.22546], [77.50285, 13.22567], [77.50177, 13.22576], [77.50094, 13.22583], [77.49953, 13.22686], [77.4989, 13.22717], [77.49456, 13.22463], [77.49262, 13.22404], [77.4919, 13.22369], [77.49004, 13.22327], [77.48885, 13.22295], [77.48797, 13.22239], [77.48673, 13.22237], [77.48622, 13.2223], [77.48543, 13.22243], [77.48182, 13.22303], [77.48113, 13.22323], [77.47993, 13.22339], [77.47991, 13.2234], [77.4788, 13.22213], [77.47834, 13.22132], [77.47832, 13.22129], [77.47758, 13.22021], [77.47694, 13.21908], [77.47664, 13.21853], [77.4758, 13.21689], [77.47572, 13.21642], [77.47511, 13.21478], [77.47477, 13.21342], [77.47455, 13.2128], [77.47446, 13.21242], [77.47418, 13.21126], [77.47418, 13.20993], [77.47427, 13.20856], [77.47442, 13.2062], [77.47809, 13.2062], [77.47833, 13.20505], [77.47826, 13.20413], [77.47798, 13.20312], [77.4777, 13.20183], [77.4777, 13.20098], [77.4784, 13.20027], [77.47836, 13.19966], [77.47805, 13.19772], [77.47742, 13.19481], [77.47701, 13.19169], [77.47671, 13.18914], [77.47628, 13.18719], [77.47594, 13.18573], [77.4756, 13.18468], [77.47533, 13.18435], [77.47513, 13.18412], [77.47482, 13.18365], [77.47424, 13.18282], [77.47398, 13.1825], [77.47376, 13.18196], [77.47325, 13.18138], [77.47185, 13.17955], [77.4704, 13.1772], [77.46927, 13.17469], [77.46884, 13.173], [77.46828, 13.1716], [77.46788, 13.17041], [77.46772, 13.16945], [77.46784, 13.16737], [77.46792, 13.16548], [77.46804, 13.16408], [77.46822, 13.16321], [77.46788, 13.16247], [77.46667, 13.16234], [77.46354, 13.16215], [77.46161, 13.16209], [77.46094, 13.16128], [77.46067, 13.16076], [77.46064, 13.16078], [77.45893, 13.16168], [77.45647, 13.16251], [77.45254, 13.16345], [77.45099, 13.16403], [77.44884, 13.16486], [77.44828, 13.16503], [77.44744, 13.16507], [77.44607, 13.16549], [77.44504, 13.16617], [77.44363, 13.1666], [77.44246, 13.16625], [77.44073, 13.16621], [77.44026, 13.16621], [77.43908, 13.16644], [77.43824, 13.16652], [77.43666, 13.16621], [77.43566, 13.16606], [77.43498, 13.1659], [77.43293, 13.16539], [77.43179, 13.16509], [77.43164, 13.16508], [77.43137, 13.16509], [77.43118, 13.16508], [77.43018, 13.16512], [77.42919, 13.16523], [77.42803, 13.16548], [77.42685, 13.16601], [77.42523, 13.16682], [77.42353, 13.16762], [77.42191, 13.16848], [77.42092, 13.16898], [77.42009, 13.16934], [77.41935, 13.16957], [77.41884, 13.16959], [77.41794, 13.16979], [77.41759, 13.17001], [77.41638, 13.1711], [77.41594, 13.17146], [77.41594, 13.17146], [77.41528, 13.1719], [77.41452, 13.17228], [77.41366, 13.17247], [77.41361, 13.17248], [77.41167, 13.17275], [77.40849, 13.17342], [77.40658, 13.17401], [77.40555, 13.17431], [77.40362, 13.17481], [77.40155, 13.17504], [77.39931, 13.17585], [77.39788, 13.17647], [77.39621, 13.1771], [77.39506, 13.17704], [77.39361, 13.17658], [77.39289, 13.17647], [77.39208, 13.1769], [77.39176, 13.17775], [77.3916, 13.1797], [77.39156, 13.18148], [77.39146, 13.18328], [77.39099, 13.18521], [77.39055, 13.18692], [77.39022, 13.18871], [77.39004, 13.18936], [77.38959, 13.19046], [77.38862, 13.19117], [77.38826, 13.19211], [77.38844, 13.19292], [77.38905, 13.19443], [77.38945, 13.19581], [77.38939, 13.19661], [77.38935, 13.19768], [77.38945, 13.1987], [77.38949, 13.20106], [77.38927, 13.20243], [77.38744, 13.20304], [77.38596, 13.20365], [77.38442, 13.20398], [77.38286, 13.20406], [77.38074, 13.20473], [77.37919, 13.20532], [77.37677, 13.20602], [77.37388, 13.20729], [77.37387, 13.2073], [77.37339, 13.20847], [77.37332, 13.21092], [77.37392, 13.2124], [77.3742, 13.21422], [77.37456, 13.21656], [77.3749, 13.21829], [77.37534, 13.21978], [77.37573, 13.22072], [77.37631, 13.22197], [77.37669, 13.22311], [77.37661, 13.22386], [77.37617, 13.22478], [77.37522, 13.2259], [77.3744, 13.2268], [77.37409, 13.2273], [77.37371, 13.22757], [77.37284, 13.22842], [77.37275, 13.22854], [77.37208, 13.22947], [77.37182, 13.22958], [77.37157, 13.23008], [77.37171, 13.23066], [77.37172, 13.23107], [77.37176, 13.23183], [77.37196, 13.23309], [77.37196, 13.23377], [77.37218, 13.23561], [77.37218, 13.23628], [77.3723, 13.23815], [77.37226, 13.23865], [77.3722, 13.23927], [77.3722, 13.23963], [77.3722, 13.24002], [77.37221, 13.24071], [77.37223, 13.24133], [77.37227, 13.24251], [77.3723, 13.24321], [77.37227, 13.24385], [77.37223, 13.24503], [77.37222, 13.24683], [77.37222, 13.2482], [77.37231, 13.24869], [77.37251, 13.24934], [77.37267, 13.24979], [77.37353, 13.25122], [77.37378, 13.25223], [77.37371, 13.25365], [77.37374, 13.25478], [77.37381, 13.25591], [77.3737, 13.25724], [77.37365, 13.25847], [77.37326, 13.26037], [77.37321, 13.26096], [77.37188, 13.26112], [77.37062, 13.26122], [77.36921, 13.26149], [77.36809, 13.26174], [77.36687, 13.26213], [77.36589, 13.26247], [77.3656, 13.26254], [77.36378, 13.26314], [77.36272, 13.26254], [77.36215, 13.26222], [77.35977, 13.26121], [77.35867, 13.26082], [77.35736, 13.26024], [77.35677, 13.26001], [77.35625, 13.2597], [77.35577, 13.25922], [77.35501, 13.2575], [77.35304, 13.25801], [77.3506, 13.2586], [77.34931, 13.25883], [77.34679, 13.2594], [77.34481, 13.25965], [77.34359, 13.2598], [77.34199, 13.25993], [77.34005, 13.26208], [77.33805, 13.26456], [77.33735, 13.26574], [77.33689, 13.26682], [77.33654, 13.26853], [77.33626, 13.26955], [77.33567, 13.27236], [77.33561, 13.27355], [77.33515, 13.27457], [77.33501, 13.27503], [77.33337, 13.27549], [77.33256, 13.27571], [77.33073, 13.27647], [77.32839, 13.27728], [77.32681, 13.27786], [77.32536, 13.2784], [77.32434, 13.27903], [77.32382, 13.27936], [77.32175, 13.28118], [77.32024, 13.28235], [77.31872, 13.28334], [77.31773, 13.28398], [77.31647, 13.28422], [77.31599, 13.28453], [77.31596, 13.28531], [77.31597, 13.28652], [77.31789, 13.2864], [77.31934, 13.28635], [77.3214, 13.2865], [77.32273, 13.2866], [77.324, 13.28662], [77.32472, 13.28647], [77.32604, 13.28616], [77.32735, 13.28583], [77.32953, 13.2853], [77.33094, 13.28476], [77.33199, 13.28423], [77.33294, 13.28344], [77.33405, 13.28356], [77.33525, 13.28369], [77.33717, 13.28318], [77.33718, 13.28182], [77.33974, 13.28155], [77.34104, 13.28161], [77.34239, 13.28167], [77.34371, 13.28177], [77.34432, 13.28192], [77.34526, 13.2852], [77.34588, 13.2874], [77.34647, 13.28993], [77.34692, 13.29182], [77.34705, 13.29242], [77.35002, 13.29182], [77.35081, 13.29449], [77.35099, 13.29523], [77.35105, 13.29569], [77.35075, 13.29618], [77.34923, 13.29745], [77.34905, 13.29801], [77.34913, 13.2985], [77.34924, 13.29908], [77.34947, 13.29966], [77.34981, 13.30031], [77.35052, 13.30136], [77.34995, 13.30174], [77.3495, 13.30203], [77.34902, 13.30256], [77.34856, 13.30358], [77.34812, 13.30468], [77.34724, 13.30701], [77.34678, 13.30824], [77.3466, 13.30872], [77.34631, 13.30937], [77.34609, 13.30994], [77.34555, 13.31145], [77.3454, 13.31239], [77.34538, 13.31377], [77.34531, 13.31438], [77.3451, 13.31545], [77.34257, 13.31586], [77.34262, 13.31739], [77.34248, 13.31861], [77.34177, 13.32106], [77.34151, 13.32219], [77.34115, 13.3235], [77.34047, 13.32527], [77.33939, 13.32763], [77.33884, 13.3286], [77.33852, 13.32911], [77.33874, 13.33034], [77.33881, 13.33076], [77.33881, 13.33076], [77.33898, 13.33161], [77.33916, 13.3324], [77.3393, 13.33296], [77.33944, 13.3334], [77.33962, 13.33394], [77.34032, 13.33464], [77.34032, 13.33464], [77.34073, 13.33563], [77.34077, 13.33593], [77.34083, 13.3364], [77.3409, 13.33695], [77.34099, 13.33767], [77.3413, 13.33787], [77.34382, 13.3397], [77.34382, 13.3397], [77.34382, 13.3397], [77.34397, 13.34335], [77.34411, 13.34542], [77.34447, 13.34769], [77.34457, 13.35013], [77.34457, 13.35013], [77.34335, 13.35033], [77.34235, 13.35083], [77.34202, 13.35205], [77.34157, 13.35334], [77.34139, 13.35388], [77.34131, 13.35413], [77.34138, 13.35429], [77.34143, 13.35441], [77.34158, 13.35541], [77.34142, 13.35625], [77.34125, 13.35711], [77.34125, 13.35711], [77.34125, 13.35711], [77.34162, 13.35833], [77.3422, 13.36031], [77.34229, 13.36059], [77.34229, 13.36059], [77.34239, 13.36167], [77.34238, 13.36335], [77.34238, 13.36335], [77.34238, 13.36462], [77.34238, 13.36462], [77.34244, 13.36565], [77.34339, 13.36815], [77.34447, 13.37103], [77.34462, 13.37139], [77.34487, 13.372], [77.34555, 13.37368], [77.34555, 13.37368], [77.3457, 13.37463], [77.3457, 13.37463], [77.34479, 13.37464], [77.34369, 13.37479], [77.34187, 13.37566], [77.34099, 13.37647], [77.34084, 13.37703], [77.34094, 13.37779], [77.34104, 13.3789], [77.34153, 13.38071], [77.34236, 13.38489], [77.34236, 13.38489], [77.34245, 13.38528], [77.34262, 13.38603], [77.34262, 13.38603], [77.34321, 13.38879], [77.34353, 13.39137], [77.34339, 13.39144], [77.34299, 13.39165], [77.34299, 13.39165], [77.34246, 13.39193], [77.34254, 13.39228], [77.34265, 13.39274], [77.34278, 13.39382], [77.34292, 13.39498], [77.34325, 13.3971], [77.34234, 13.39866], [77.34297, 13.4006], [77.34305, 13.40083], [77.34305, 13.40086], [77.34314, 13.40112], [77.3433, 13.40193], [77.34347, 13.40267], [77.34436, 13.40673], [77.34436, 13.40673], [77.34455, 13.4076], [77.34476, 13.40885], [77.34487, 13.40998], [77.34512, 13.4125], [77.34518, 13.41341], [77.34552, 13.41556], [77.34589, 13.41756], [77.34938, 13.41692], [77.35004, 13.41683], [77.35136, 13.4165], [77.35252, 13.41612], [77.35362, 13.41568], [77.35514, 13.4155], [77.35719, 13.41495], [77.35846, 13.41485], [77.35933, 13.41508], [77.36012, 13.41566], [77.36091, 13.41666], [77.36198, 13.41846], [77.36287, 13.42004], [77.3629, 13.42233], [77.36298, 13.42413], [77.36298, 13.42413], [77.36301, 13.42534], [77.36285, 13.42693], [77.36277, 13.42769], [77.36272, 13.42819], [77.36268, 13.42861], [77.36268, 13.42875], [77.36268, 13.42897], [77.36253, 13.42938], [77.3625, 13.42946], [77.36217, 13.42988], [77.36202, 13.43037], [77.36205, 13.43173], [77.3625, 13.43444], [77.3625, 13.43444], [77.36197, 13.43692], [77.36112, 13.43727], [77.35992, 13.43751], [77.35931, 13.43756], [77.35846, 13.43762], [77.35689, 13.4377], [77.35645, 13.43815], [77.35606, 13.43872], [77.35574, 13.43966], [77.35515, 13.44054], [77.35491, 13.44074], [77.35464, 13.44074], [77.35338, 13.44032], [77.35334, 13.44071], [77.3533, 13.44107], [77.35326, 13.44138], [77.35321, 13.44179], [77.35321, 13.44179], [77.35312, 13.44284], [77.35309, 13.44307], [77.35302, 13.44366], [77.35281, 13.44405], [77.35212, 13.44452], [77.35173, 13.44477], [77.3512, 13.4451], [77.35067, 13.44538], [77.34946, 13.44602], [77.3484, 13.44659], [77.34841, 13.44723], [77.34843, 13.44814], [77.34847, 13.45007], [77.34852, 13.45232], [77.34854, 13.45384], [77.34855, 13.45443], [77.34852, 13.45675], [77.34852, 13.45675], [77.34862, 13.45718], [77.35056, 13.45766], [77.35157, 13.45805], [77.35253, 13.45861], [77.35354, 13.45942], [77.35407, 13.45984], [77.3553, 13.46125], [77.35607, 13.46193], [77.35719, 13.46257], [77.35844, 13.46306], [77.36016, 13.46355], [77.36213, 13.46388], [77.36286, 13.46391], [77.36313, 13.46392], [77.36481, 13.4637], [77.36612, 13.46356], [77.36616, 13.46417], [77.36628, 13.46511], [77.36646, 13.46706], [77.36681, 13.46945], [77.36912, 13.46948], [77.37019, 13.46961], [77.37176, 13.46982], [77.3734, 13.47004], [77.3734, 13.47004], [77.37274, 13.47177], [77.37198, 13.47376], [77.37177, 13.47432], [77.37158, 13.47483], [77.37021, 13.47822], [77.37069, 13.47931], [77.37095, 13.47989], [77.37106, 13.48022], [77.37112, 13.48041], [77.3723, 13.48311], [77.37367, 13.48311], [77.37561, 13.48311], [77.3771, 13.48333], [77.37709, 13.48372], [77.37721, 13.48475], [77.37752, 13.48648], [77.37807, 13.48976], [77.37831, 13.49014], [77.37882, 13.49087], [77.37986, 13.49214], [77.38113, 13.49382], [77.38219, 13.49554], [77.38255, 13.49618], [77.38322, 13.49703], [77.38386, 13.49782], [77.38466, 13.49907], [77.38566, 13.49857], [77.38636, 13.49825], [77.3876, 13.49788], [77.39072, 13.49644], [77.39249, 13.49556], [77.39426, 13.49467], [77.39617, 13.49376], [77.39863, 13.49288], [77.39908, 13.49277]]]}}, {"type": "Feature", "properties": {"taluk": "Devanahalli", "district": "Bengaluru Rural", "state": "Karnataka"}, "geometry": {"type": "Polygon", "coordinates": [[[77.71676, 13.36556], [77.71694, 13.36419], [77.71695, 13.36405], [77.71703, 13.36258], [77.71714, 13.3615], [77.71749, 13.3557], [77.71755, 13.35349], [77.7162, 13.3527], [77.71628, 13.3523], [77.71639, 13.35178], [77.71858, 13.35257], [77.72113, 13.35221], [77.72605, 13.35183], [77.72757, 13.35174], [77.72855, 13.35169], [77.72919, 13.35925], [77.72924, 13.36035], [77.72699, 13.36128], [77.72632, 13.36163], [77.72647, 13.36318], [77.72649, 13.36332], [77.72744, 13.36325], [77.72771, 13.36323], [77.72787, 13.36239], [77.72868, 13.36228], [77.72907, 13.36149], [77.72957, 13.36109], [77.73009, 13.36087], [77.73096, 13.36084], [77.73242, 13.36073], [77.73334, 13.36065], [77.73434, 13.36032], [77.73517, 13.35986], [77.73595, 13.361], [77.73726, 13.3604], [77.73954, 13.35867], [77.74012, 13.35819], [77.74034, 13.35696], [77.74389, 13.35375], [77.74514, 13.35533], [77.74409, 13.3565], [77.74376, 13.35685], [77.74409, 13.35753], [77.74381, 13.35794], [77.74256, 13.35903], [77.74242, 13.35927], [77.74237, 13.3597], [77.74279, 13.36025], [77.74351, 13.36079], [77.74406, 13.36112], [77.74489, 13.36085], [77.74623, 13.36009], [77.74758, 13.35987], [77.74887, 13.35948], [77.74945, 13.35937], [77.74998, 13.35928], [77.75035, 13.35924], [77.75062, 13.35929], [77.75073, 13.3595], [77.75094, 13.36013], [77.75133, 13.3612], [77.75168, 13.36214], [77.75188, 13.36275], [77.75231, 13.36289], [77.7526, 13.36285], [77.75292, 13.36284], [77.7533, 13.36282], [77.75355, 13.363], [77.75377, 13.36335], [77.75397, 13.36373], [77.75414, 13.3638], [77.75437, 13.36376], [77.75451, 13.36369], [77.75478, 13.36354], [77.75501, 13.36337], [77.75541, 13.36314], [77.75996, 13.36047], [77.76089, 13.35999], [77.76164, 13.35972], [77.76213, 13.35962], [77.76293, 13.3594], [77.76378, 13.35914], [77.76458, 13.35884], [77.76521, 13.3585], [77.76596, 13.35804], [77.76626, 13.35789], [77.76693, 13.35754], [77.76775, 13.35715], [77.76844, 13.35697], [77.769, 13.35689], [77.76993, 13.35662], [77.77065, 13.3565], [77.77145, 13.35624], [77.77195, 13.35603], [77.77217, 13.35574], [77.77235, 13.35535], [77.77245, 13.35481], [77.77297, 13.35414], [77.774, 13.35347], [77.77472, 13.35305], [77.77576, 13.35269], [77.77656, 13.35247], [77.77712, 13.35234], [77.77854, 13.35216], [77.78019, 13.35203], [77.78204, 13.35194], [77.78435, 13.35195], [77.78647, 13.35198], [77.78791, 13.35195], [77.78898, 13.35177], [77.78964, 13.35136], [77.79047, 13.35087], [77.79094, 13.35052], [77.79101, 13.35028], [77.7911, 13.34972], [77.79112, 13.34908], [77.79115, 13.34827], [77.79122, 13.34735], [77.79112, 13.34661], [77.79107, 13.34592], [77.79111, 13.34567], [77.79191, 13.34516], [77.79272, 13.34465], [77.79297, 13.34432], [77.79306, 13.34391], [77.79314, 13.34337], [77.79334, 13.34291], [77.79398, 13.34238], [77.79484, 13.34171], [77.79638, 13.34067], [77.79891, 13.33927], [77.8015, 13.33848], [77.80259, 13.33817], [77.80357, 13.338], [77.80435, 13.33791], [77.80519, 13.33794], [77.80618, 13.338], [77.80732, 13.33804], [77.80821, 13.33809], [77.80918, 13.33823], [77.81025, 13.33834], [77.81004, 13.33631], [77.80998, 13.33459], [77.81023, 13.3344], [77.81105, 13.33403], [77.81201, 13.33356], [77.8136, 13.33261], [77.81458, 13.332], [77.81549, 13.33174], [77.81628, 13.33157], [77.81674, 13.33142], [77.81745, 13.33111], [77.81826, 13.33066], [77.81897, 13.33012], [77.81956, 13.32954], [77.82025, 13.32896], [77.82103, 13.3286], [77.82199, 13.32823], [77.82297, 13.32799], [77.8254, 13.32734], [77.82639, 13.32717], [77.82717, 13.32701], [77.82542, 13.32359], [77.82476, 13.32242], [77.82405, 13.32114], [77.82331, 13.32019], [77.82281, 13.31953], [77.82269, 13.31915], [77.82262, 13.31881], [77.82227, 13.3185], [77.82189, 13.31831], [77.82146, 13.31792], [77.8208, 13.31745], [77.81994, 13.31689], [77.81917, 13.3162], [77.81849, 13.31538], [77.81845, 13.31424], [77.81797, 13.31407], [77.81754, 13.31074], [77.81728, 13.31018], [77.81684, 13.31008], [77.81598, 13.31011], [77.81503, 13.31017], [77.81433, 13.3104], [77.81334, 13.31095], [77.81378, 13.31258], [77.81242, 13.31301], [77.81203, 13.31206], [77.81093, 13.31227], [77.81058, 13.3115], [77.81018, 13.31007], [77.81113, 13.30992], [77.81228, 13.30977], [77.81444, 13.30943], [77.81444, 13.30425], [77.8156, 13.30434], [77.81709, 13.3045], [77.81803, 13.30452], [77.81892, 13.30464], [77.81997, 13.3047], [77.82093, 13.30486], [77.82195, 13.30504], [77.82301, 13.30517], [77.82414, 13.30535], [77.82524, 13.30547], [77.82622, 13.30549], [77.82701, 13.30544], [77.82763, 13.30549], [77.82764, 13.30234], [77.82763, 13.30066], [77.82925, 13.30057], [77.82928, 13.29945], [77.82939, 13.29702], [77.82945, 13.29581], [77.82949, 13.2933], [77.82957, 13.29171], [77.82955, 13.29067], [77.82857, 13.29069], [77.82755, 13.29074], [77.82663, 13.29076], [77.82576, 13.29073], [77.82482, 13.29074], [77.82259, 13.29076], [77.82239, 13.29253], [77.82232, 13.29452], [77.82229, 13.29579], [77.82217, 13.29695], [77.81939, 13.29749], [77.81855, 13.29761], [77.81762, 13.29761], [77.81589, 13.29756], [77.81593, 13.29675], [77.81597, 13.29587], [77.81608, 13.29478], [77.81613, 13.29361], [77.81605, 13.29224], [77.81603, 13.29106], [77.81598, 13.29001], [77.81579, 13.28888], [77.8157, 13.28761], [77.81527, 13.28618], [77.81516, 13.28545], [77.815, 13.285], [77.8143, 13.28423], [77.81395, 13.28355], [77.81329, 13.2827], [77.81307, 13.28229], [77.81293, 13.28182], [77.81266, 13.281], [77.81224, 13.27986], [77.81197, 13.27906], [77.81146, 13.27758], [77.81139, 13.27712], [77.8114, 13.27674], [77.81145, 13.27623], [77.8115, 13.27563], [77.81155, 13.27461], [77.81154, 13.27365], [77.81152, 13.27174], [77.81152, 13.27008], [77.81153, 13.269], [77.81139, 13.26784], [77.81118, 13.267], [77.81087, 13.26598], [77.81044, 13.26499], [77.80965, 13.26347], [77.8088, 13.26148], [77.8091, 13.26139], [77.80975, 13.26125], [77.81027, 13.26117], [77.81062, 13.26116], [77.81126, 13.26128], [77.81162, 13.26133], [77.81203, 13.26133], [77.81246, 13.26126], [77.81313, 13.26111], [77.81425, 13.26085], [77.81492, 13.26064], [77.81544, 13.2604], [77.81604, 13.26009], [77.81686, 13.25972], [77.81754, 13.25942], [77.81802, 13.25923], [77.81857, 13.25899], [77.82038, 13.25837], [77.82097, 13.25817], [77.82059, 13.25733], [77.82027, 13.25681], [77.82006, 13.25637], [77.81974, 13.25588], [77.81945, 13.25545], [77.81926, 13.25509], [77.81893, 13.25447], [77.81876, 13.25403], [77.8185, 13.25356], [77.81541, 13.25348], [77.81404, 13.25123], [77.81346, 13.25065], [77.81199, 13.24845], [77.81088, 13.24617], [77.80909, 13.24685], [77.80756, 13.24313], [77.80818, 13.2428], [77.81088, 13.24135], [77.81441, 13.23951], [77.81585, 13.24363], [77.81705, 13.24706], [77.8178, 13.24661], [77.81849, 13.24859], [77.82014, 13.25123], [77.82133, 13.25262], [77.82383, 13.25143], [77.8239, 13.25123], [77.82419, 13.25058], [77.82652, 13.24995], [77.8283, 13.24961], [77.83032, 13.24915], [77.83181, 13.24868], [77.83232, 13.24847], [77.83351, 13.24736], [77.8341, 13.24713], [77.83396, 13.24503], [77.83384, 13.2433], [77.83375, 13.2419], [77.83296, 13.24111], [77.83238, 13.24042], [77.83138, 13.23866], [77.83138, 13.23865], [77.8308, 13.23728], [77.82997, 13.23483], [77.82918, 13.23283], [77.82853, 13.23112], [77.82808, 13.22987], [77.82639, 13.23112], [77.82602, 13.23048], [77.82409, 13.23043], [77.82465, 13.22978], [77.82641, 13.22989], [77.82651, 13.22716], [77.82446, 13.22939], [77.82347, 13.23053], [77.82168, 13.22909], [77.8197, 13.2275], [77.81724, 13.22889], [77.8161, 13.22453], [77.81503, 13.22026], [77.81455, 13.21846], [77.81396, 13.21625], [77.81339, 13.21393], [77.81276, 13.21139], [77.81242, 13.2093], [77.80822, 13.20935], [77.80638, 13.20932], [77.80407, 13.20934], [77.8018, 13.20982], [77.79909, 13.21025], [77.79695, 13.2105], [77.79623, 13.21057], [77.79533, 13.21075], [77.79456, 13.21077], [77.7938, 13.21095], [77.79266, 13.21086], [77.79163, 13.21084], [77.79095, 13.21088], [77.79007, 13.21111], [77.78928, 13.21132], [77.78865, 13.21132], [77.78805, 13.21136], [77.78762, 13.21151], [77.78743, 13.21109], [77.78708, 13.21068], [77.78656, 13.21054], [77.78622, 13.21038], [77.78631, 13.21011], [77.7864, 13.20979], [77.78631, 13.20938], [77.78659, 13.20902], [77.78678, 13.20859], [77.78673, 13.20804], [77.78678, 13.20765], [77.78682, 13.20733], [77.78681, 13.20731], [77.78668, 13.20695], [77.78656, 13.20656], [77.78659, 13.20601], [77.78644, 13.20567], [77.78643, 13.20563], [77.78622, 13.20513], [77.7862, 13.20449], [77.78643, 13.20399], [77.78631, 13.20336], [77.78617, 13.20276], [77.78599, 13.20222], [77.78592, 13.20181], [77.78592, 13.20142], [77.78594, 13.20106], [77.78578, 13.20058], [77.78552, 13.2001], [77.78543, 13.19962], [77.78536, 13.19908], [77.78546, 13.19865], [77.78557, 13.19849], [77.78562, 13.19847], [77.78585, 13.19838], [77.78595, 13.19808], [77.78606, 13.19774], [77.7862, 13.1976], [77.78641, 13.19769], [77.7866, 13.19781], [77.78671, 13.19781], [77.78678, 13.19762], [77.78678, 13.19735], [77.7869, 13.19708], [77.78694, 13.19685], [77.7868, 13.19649], [77.78678, 13.19637], [77.78701, 13.19587], [77.78729, 13.19539], [77.78757, 13.19501], [77.78766, 13.1946], [77.78766, 13.19439], [77.78766, 13.19418], [77.7875, 13.19377], [77.7871, 13.19322], [77.78674, 13.19268], [77.78655, 13.19238], [77.78632, 13.19198], [77.78616, 13.19154], [77.78597, 13.19141], [77.78576, 13.19137], [77.78553, 13.19134], [77.78516, 13.19125], [77.78469, 13.19097], [77.78439, 13.19075], [77.78407, 13.19052], [77.78384, 13.19027], [77.78386, 13.18988], [77.78393, 13.18945], [77.78397, 13.18881], [77.78403, 13.18847], [77.78418, 13.18823], [77.78448, 13.18782], [77.78461, 13.18758], [77.78462, 13.18737], [77.7846, 13.18724], [77.78436, 13.18715], [77.78382, 13.18723], [77.78353, 13.18727], [77.78328, 13.18734], [77.7831, 13.18742], [77.78296, 13.18742], [77.78283, 13.18738], [77.78261, 13.18708], [77.78239, 13.18684], [77.78209, 13.18667], [77.78185, 13.18651], [77.78172, 13.18613], [77.78166, 13.18585], [77.78163, 13.1855], [77.78153, 13.18528], [77.7815, 13.18518], [77.78145, 13.18501], [77.78152, 13.18474], [77.78147, 13.18442], [77.78148, 13.18412], [77.78157, 13.18395], [77.78165, 13.18387], [77.78178, 13.18384], [77.78201, 13.18388], [77.78228, 13.18394], [77.78243, 13.18393], [77.78262, 13.18388], [77.78282, 13.18379], [77.78302, 13.18368], [77.78315, 13.18348], [77.78324, 13.18331], [77.78327, 13.18313], [77.78329, 13.18294], [77.78318, 13.18261], [77.78303, 13.18229], [77.78292, 13.18212], [77.78288, 13.18195], [77.78282, 13.1817], [77.7828, 13.18154], [77.78267, 13.18143], [77.78245, 13.1814], [77.78225, 13.18143], [77.78201, 13.18146], [77.78186, 13.1815], [77.78163, 13.1816], [77.78153, 13.18161], [77.78143, 13.18157], [77.78123, 13.18141], [77.78109, 13.18129], [77.78099, 13.18122], [77.78094, 13.18119], [77.78087, 13.18114], [77.78081, 13.18108], [77.78084, 13.18099], [77.78094, 13.18084], [77.78104, 13.18062], [77.78108, 13.18044], [77.78108, 13.18024], [77.78106, 13.18008], [77.78111, 13.17994], [77.78126, 13.1798], [77.78134, 13.17976], [77.78143, 13.17971], [77.78155, 13.17964], [77.78168, 13.1797], [77.78177, 13.1798], [77.78182, 13.17988], [77.78188, 13.17991], [77.78199, 13.17987], [77.78208, 13.17982], [77.78214, 13.17971], [77.78212, 13.17952], [77.78207, 13.17933], [77.78195, 13.17918], [77.78188, 13.17908], [77.78181, 13.17899], [77.78166, 13.1789], [77.78156, 13.17886], [77.78141, 13.17881], [77.78128, 13.17871], [77.78123, 13.17861], [77.78123, 13.17848], [77.78126, 13.17835], [77.78126, 13.17819], [77.78121, 13.17805], [77.78112, 13.17796], [77.78109, 13.17786], [77.78109, 13.17775], [77.78113, 13.17759], [77.78121, 13.17744], [77.78133, 13.17731], [77.78143, 13.17721], [77.78145, 13.17719], [77.78155, 13.17712], [77.78175, 13.17711], [77.78203, 13.17712], [77.78219, 13.17712], [77.78233, 13.17711], [77.7825, 13.17704], [77.7826, 13.17696], [77.78264, 13.17682], [77.78262, 13.17663], [77.78247, 13.17632], [77.78236, 13.17619], [77.78229, 13.17609], [77.78227, 13.17599], [77.78233, 13.17583], [77.78243, 13.17572], [77.78258, 13.17556], [77.78262, 13.17539], [77.78263, 13.17525], [77.78253, 13.17504], [77.78249, 13.17498], [77.78239, 13.17486], [77.78233, 13.17471], [77.78237, 13.17455], [77.78254, 13.17434], [77.78271, 13.17414], [77.7828, 13.17399], [77.78282, 13.17375], [77.78286, 13.17339], [77.7829, 13.17311], [77.78298, 13.17297], [77.78308, 13.17289], [77.78316, 13.17282], [77.78323, 13.17269], [77.78328, 13.17252], [77.78337, 13.1724], [77.78351, 13.17231], [77.78344, 13.17211], [77.78338, 13.17194], [77.78301, 13.17139], [77.78263, 13.1708], [77.78237, 13.17035], [77.7822, 13.16985], [77.78216, 13.16974], [77.78198, 13.16938], [77.78165, 13.1692], [77.78116, 13.16918], [77.78086, 13.16907], [77.7806, 13.16874], [77.78045, 13.16847], [77.78034, 13.16828], [77.78021, 13.16788], [77.78002, 13.16756], [77.7798, 13.1672], [77.77977, 13.16682], [77.77978, 13.16633], [77.7799, 13.16585], [77.78009, 13.16546], [77.78029, 13.16516], [77.78029, 13.16504], [77.78023, 13.16468], [77.78004, 13.16442], [77.77983, 13.16423], [77.77962, 13.16409], [77.7795, 13.16404], [77.77945, 13.16402], [77.77924, 13.16406], [77.77891, 13.16406], [77.77855, 13.16392], [77.77833, 13.16374], [77.77821, 13.1635], [77.77814, 13.16323], [77.77819, 13.16288], [77.7783, 13.16256], [77.77834, 13.16238], [77.77824, 13.16215], [77.77814, 13.16197], [77.77802, 13.16189], [77.77792, 13.16191], [77.77786, 13.16205], [77.77783, 13.16221], [77.77774, 13.16239], [77.77756, 13.16247], [77.77736, 13.16238], [77.77727, 13.16224], [77.7773, 13.16194], [77.77742, 13.16169], [77.77753, 13.16137], [77.77753, 13.16116], [77.77746, 13.16103], [77.77743, 13.16097], [77.77727, 13.16088], [77.77703, 13.16083], [77.77674, 13.16079], [77.77656, 13.16068], [77.77643, 13.16051], [77.77636, 13.16029], [77.7764, 13.16], [77.77655, 13.15974], [77.77665, 13.15949], [77.77665, 13.15921], [77.77653, 13.15893], [77.7764, 13.15873], [77.77619, 13.15861], [77.77593, 13.1585], [77.77565, 13.1584], [77.77544, 13.15831], [77.77519, 13.15804], [77.77502, 13.15777], [77.77493, 13.15732], [77.77488, 13.15706], [77.77479, 13.15678], [77.77463, 13.15651], [77.7745, 13.15629], [77.77435, 13.15604], [77.77425, 13.15579], [77.77426, 13.15546], [77.77416, 13.1552], [77.77397, 13.15492], [77.77371, 13.15475], [77.77339, 13.15454], [77.77304, 13.15447], [77.77271, 13.15447], [77.77241, 13.15448], [77.77213, 13.15448], [77.77194, 13.15445], [77.77182, 13.15442], [77.77156, 13.1544], [77.77143, 13.15439], [77.77126, 13.15424], [77.77127, 13.15398], [77.7714, 13.15377], [77.77159, 13.1537], [77.77169, 13.15364], [77.77174, 13.15349], [77.77174, 13.15321], [77.77174, 13.15317], [77.77161, 13.15301], [77.77148, 13.15301], [77.77136, 13.15295], [77.77127, 13.15277], [77.77126, 13.15252], [77.77129, 13.15219], [77.77139, 13.15188], [77.77156, 13.15154], [77.77161, 13.15125], [77.77161, 13.15095], [77.77141, 13.15067], [77.77112, 13.15045], [77.77085, 13.1504], [77.7706, 13.15045], [77.77044, 13.15051], [77.77029, 13.15051], [77.7702, 13.15048], [77.77004, 13.15048], [77.76978, 13.15059], [77.76955, 13.15069], [77.76938, 13.15079], [77.76919, 13.15081], [77.76901, 13.15079], [77.76885, 13.15068], [77.76873, 13.15052], [77.76856, 13.15017], [77.76836, 13.14987], [77.76814, 13.14958], [77.768, 13.14939], [77.76786, 13.14913], [77.76783, 13.14885], [77.76786, 13.14843], [77.76794, 13.14809], [77.76797, 13.14774], [77.76791, 13.14752], [77.76785, 13.14729], [77.76786, 13.14714], [77.76802, 13.14695], [77.76821, 13.14671], [77.76832, 13.14651], [77.76838, 13.14623], [77.76835, 13.1459], [77.76829, 13.14566], [77.76819, 13.14548], [77.76803, 13.1454], [77.76783, 13.14537], [77.76752, 13.14537], [77.76736, 13.14535], [77.76721, 13.14526], [77.76711, 13.14504], [77.76722, 13.14476], [77.76725, 13.14466], [77.76755, 13.14433], [77.76784, 13.14402], [77.76806, 13.1437], [77.76808, 13.14339], [77.76803, 13.1431], [77.76791, 13.14291], [77.7674, 13.1428], [77.76696, 13.14273], [77.76653, 13.14238], [77.76629, 13.14194], [77.76596, 13.14113], [77.76578, 13.14063], [77.76569, 13.1403], [77.76572, 13.13996], [77.76588, 13.13932], [77.76598, 13.13887], [77.76598, 13.1386], [77.76578, 13.1384], [77.76548, 13.13823], [77.76507, 13.13776], [77.76469, 13.13701], [77.76439, 13.13633], [77.76409, 13.13517], [77.76406, 13.13458], [77.76409, 13.1337], [77.76413, 13.1331], [77.76437, 13.13208], [77.76128, 13.13335], [77.76146, 13.13269], [77.76135, 13.13169], [77.76093, 13.13035], [77.76056, 13.12857], [77.76038, 13.12786], [77.76007, 13.12705], [77.75989, 13.12632], [77.75979, 13.12627], [77.7597, 13.12531], [77.75944, 13.12465], [77.75924, 13.12413], [77.75944, 13.12381], [77.76009, 13.12375], [77.76065, 13.12372], [77.76086, 13.12349], [77.76099, 13.12243], [77.76102, 13.12215], [77.76117, 13.1194], [77.76133, 13.11726], [77.76138, 13.11562], [77.7614, 13.11448], [77.76133, 13.1138], [77.76138, 13.11339], [77.76111, 13.11347], [77.76073, 13.11348], [77.76033, 13.11347], [77.75954, 13.11347], [77.75914, 13.11347], [77.7584, 13.11349], [77.75751, 13.11358], [77.75713, 13.11367], [77.75658, 13.11378], [77.75615, 13.11376], [77.75583, 13.11368], [77.75537, 13.11345], [77.755, 13.11332], [77.75475, 13.11333], [77.75449, 13.1134], [77.75428, 13.11352], [77.75411, 13.11373], [77.75378, 13.11393], [77.75333, 13.11407], [77.75291, 13.11422], [77.75259, 13.11449], [77.75241, 13.11475], [77.75199, 13.11518], [77.75124, 13.11578], [77.75046, 13.11621], [77.75004, 13.11631], [77.74887, 13.11586], [77.74845, 13.11573], [77.74508, 13.11494], [77.74274, 13.11455], [77.74045, 13.11484], [77.73572, 13.1148], [77.73231, 13.11477], [77.73289, 13.11819], [77.73325, 13.12057], [77.73368, 13.12347], [77.73234, 13.12409], [77.73021, 13.12472], [77.72901, 13.12583], [77.7281, 13.12583], [77.726, 13.12548], [77.72447, 13.12661], [77.72579, 13.12735], [77.72678, 13.12847], [77.72829, 13.13038], [77.72976, 13.13239], [77.72949, 13.13296], [77.729, 13.13423], [77.72979, 13.13535], [77.73023, 13.13683], [77.73098, 13.13911], [77.7319, 13.14252], [77.73211, 13.14332], [77.73196, 13.14488], [77.73156, 13.14531], [77.73093, 13.14572], [77.72972, 13.14611], [77.72853, 13.14644], [77.7282, 13.14665], [77.72866, 13.14911], [77.72901, 13.15113], [77.7299, 13.156], [77.73105, 13.15743], [77.73265, 13.1594], [77.73015, 13.16105], [77.73062, 13.16257], [77.73078, 13.16526], [77.72848, 13.16753], [77.72737, 13.16865], [77.73038, 13.17354], [77.72981, 13.17402], [77.72788, 13.17529], [77.72683, 13.17626], [77.72855, 13.18483], [77.72837, 13.18536], [77.7264, 13.19135], [77.72562, 13.19272], [77.72517, 13.19272], [77.72341, 13.19298], [77.72172, 13.19335], [77.71977, 13.19415], [77.71693, 13.195], [77.7139, 13.19576], [77.71238, 13.19611], [77.71208, 13.19618], [77.71115, 13.1948], [77.71012, 13.19287], [77.70936, 13.19151], [77.70854, 13.1905], [77.70744, 13.18976], [77.70636, 13.18948], [77.70499, 13.18932], [77.70274, 13.18907], [77.70172, 13.18904], [77.70154, 13.18903], [77.69983, 13.18927], [77.69907, 13.18932], [77.69847, 13.18941], [77.69802, 13.18978], [77.69755, 13.19014], [77.69711, 13.19086], [77.69624, 13.19199], [77.69545, 13.19335], [77.69459, 13.19487], [77.6942, 13.1957], [77.69375, 13.19662], [77.69326, 13.19735], [77.69265, 13.19883], [77.69213, 13.19949], [77.69037, 13.20067], [77.68969, 13.20193], [77.69014, 13.2027], [77.68968, 13.20268], [77.68896, 13.20279], [77.68731, 13.20304], [77.68598, 13.20319], [77.68425, 13.20336], [77.68513, 13.20051], [77.68547, 13.19854], [77.68618, 13.19508], [77.68669, 13.19329], [77.68598, 13.19309], [77.68483, 13.19221], [77.68457, 13.19214], [77.68353, 13.19184], [77.68241, 13.19166], [77.68076, 13.19157], [77.67872, 13.19108], [77.67684, 13.19074], [77.67563, 13.19053], [77.67146, 13.18979], [77.67143, 13.18781], [77.67081, 13.18512], [77.66803, 13.18583], [77.66658, 13.18605], [77.66512, 13.18578], [77.6643, 13.18557], [77.66381, 13.18514], [77.66359, 13.18497], [77.66309, 13.18418], [77.66301, 13.184], [77.66296, 13.18404], [77.66204, 13.18502], [77.66018, 13.18644], [77.65719, 13.18766], [77.65661, 13.18788], [77.65615, 13.18791], [77.65453, 13.18815], [77.65449, 13.18905], [77.65446, 13.18984], [77.65432, 13.1908], [77.6542, 13.1914], [77.6557, 13.19482], [77.65671, 13.19709], [77.657, 13.19783], [77.65813, 13.19858], [77.6598, 13.19965], [77.66041, 13.20089], [77.65867, 13.19993], [77.6572, 13.20063], [77.6561, 13.20059], [77.65275, 13.20056], [77.65136, 13.20034], [77.64951, 13.20027], [77.64872, 13.2002], [77.64748, 13.20033], [77.64683, 13.20058], [77.64484, 13.20129], [77.64379, 13.20156], [77.64185, 13.20204], [77.63965, 13.20277], [77.6381, 13.20332], [77.63803, 13.20356], [77.63799, 13.20405], [77.63798, 13.20496], [77.63771, 13.20516], [77.63763, 13.20522], [77.63653, 13.20553], [77.63558, 13.20591], [77.63431, 13.20615], [77.63365, 13.20646], [77.63319, 13.20672], [77.63191, 13.20733], [77.63123, 13.20764], [77.63009, 13.20838], [77.62929, 13.20863], [77.62868, 13.20891], [77.62818, 13.20901], [77.62714, 13.20931], [77.6261, 13.2094], [77.6253, 13.2094], [77.61947, 13.2102], [77.61817, 13.21042], [77.61736, 13.21052], [77.61576, 13.20988], [77.61385, 13.20938], [77.61309, 13.20877], [77.61499, 13.20661], [77.61583, 13.20535], [77.61513, 13.20503], [77.61206, 13.2045], [77.60963, 13.20433], [77.60801, 13.20408], [77.60695, 13.20387], [77.60432, 13.20364], [77.6038, 13.20258], [77.60328, 13.20102], [77.60258, 13.20007], [77.60204, 13.19908], [77.60145, 13.19812], [77.60082, 13.19752], [77.60006, 13.19647], [77.59924, 13.19637], [77.59814, 13.19648], [77.5964, 13.19651], [77.59518, 13.19671], [77.59382, 13.19727], [77.5915, 13.19782], [77.59044, 13.19706], [77.58969, 13.19639], [77.5892, 13.19625], [77.58833, 13.19637], [77.58732, 13.19658], [77.58538, 13.1969], [77.58326, 13.19715], [77.57875, 13.19772], [77.57428, 13.19874], [77.57262, 13.1995], [77.56973, 13.20039], [77.56677, 13.20143], [77.56774, 13.20363], [77.56822, 13.20518], [77.5689, 13.20691], [77.56901, 13.20716], [77.5692, 13.20719], [77.56955, 13.20712], [77.5711, 13.20701], [77.57126, 13.208], [77.57133, 13.2094], [77.57044, 13.20958], [77.57038, 13.21027], [77.57018, 13.21172], [77.56989, 13.21359], [77.56951, 13.2161], [77.56864, 13.2161], [77.56611, 13.21674], [77.56432, 13.21688], [77.56199, 13.21739], [77.55981, 13.21764], [77.55748, 13.21844], [77.55661, 13.21918], [77.5569, 13.21992], [77.55765, 13.22093], [77.55788, 13.2222], [77.55758, 13.22344], [77.55748, 13.22411], [77.55743, 13.22535], [77.55749, 13.22607], [77.5575, 13.22625], [77.55837, 13.22796], [77.5591, 13.22957], [77.55955, 13.23076], [77.55995, 13.23176], [77.55932, 13.2323], [77.56118, 13.23684], [77.56101, 13.23861], [77.56175, 13.23935], [77.56176, 13.23937], [77.56181, 13.23895], [77.56228, 13.23796], [77.5624, 13.23766], [77.56278, 13.23684], [77.56339, 13.23626], [77.56454, 13.23573], [77.56541, 13.23534], [77.56592, 13.23516], [77.5663, 13.23511], [77.56722, 13.23509], [77.56797, 13.23518], [77.56844, 13.23585], [77.56902, 13.23629], [77.56978, 13.23767], [77.56987, 13.23797], [77.56989, 13.23895], [77.57027, 13.24011], [77.57027, 13.24057], [77.57025, 13.24087], [77.57022, 13.24133], [77.57032, 13.24185], [77.57041, 13.24231], [77.56997, 13.24392], [77.56996, 13.24395], [77.56792, 13.24471], [77.56273, 13.24658], [77.56393, 13.24926], [77.56465, 13.24898], [77.56623, 13.24856], [77.56841, 13.24808], [77.57048, 13.24744], [77.57166, 13.24721], [77.57161, 13.24779], [77.57165, 13.24837], [77.57209, 13.25122], [77.57251, 13.25266], [77.57287, 13.25392], [77.57289, 13.25511], [77.57292, 13.25723], [77.57299, 13.2579], [77.57305, 13.25836], [77.57438, 13.25867], [77.57556, 13.25885], [77.57565, 13.26053], [77.57569, 13.26252], [77.57577, 13.26434], [77.57544, 13.26683], [77.57527, 13.26793], [77.5753, 13.26922], [77.5755, 13.27048], [77.57585, 13.27056], [77.57679, 13.27077], [77.5804, 13.27146], [77.58095, 13.27196], [77.58151, 13.27326], [77.58184, 13.274], [77.582, 13.27478], [77.58253, 13.27489], [77.58398, 13.2752], [77.58731, 13.2757], [77.58926, 13.27606], [77.5909, 13.27638], [77.5916, 13.27648], [77.59242, 13.27619], [77.59425, 13.27538], [77.59508, 13.27626], [77.59593, 13.27716], [77.59633, 13.27768], [77.59679, 13.27804], [77.59732, 13.27833], [77.59801, 13.27849], [77.59844, 13.27891], [77.59896, 13.27962], [77.59926, 13.28004], [77.5996, 13.28049], [77.60003, 13.28098], [77.60108, 13.28111], [77.6014, 13.28196], [77.60222, 13.28209], [77.60321, 13.28254], [77.6045, 13.28306], [77.60522, 13.28335], [77.60509, 13.28464], [77.60489, 13.28493], [77.60462, 13.28552], [77.60364, 13.28689], [77.60241, 13.28882], [77.60145, 13.2906], [77.60167, 13.29132], [77.60163, 13.29175], [77.60162, 13.29266], [77.60179, 13.29454], [77.60193, 13.29645], [77.60193, 13.29647], [77.60344, 13.29712], [77.60522, 13.29758], [77.6064, 13.2981], [77.60766, 13.29871], [77.60944, 13.29942], [77.61053, 13.3], [77.61093, 13.30012], [77.61119, 13.3002], [77.61152, 13.30155], [77.61179, 13.30268], [77.61162, 13.3032], [77.61142, 13.30515], [77.61122, 13.30641], [77.61102, 13.3077], [77.61076, 13.30877], [77.61063, 13.30945], [77.61056, 13.31003], [77.61086, 13.31126], [77.61092, 13.31243], [77.61085, 13.31302], [77.61423, 13.3131], [77.61495, 13.31312], [77.61511, 13.31193], [77.61633, 13.31186], [77.61945, 13.31163], [77.61968, 13.30992], [77.62105, 13.30969], [77.62281, 13.3094], [77.62324, 13.31008], [77.62399, 13.3115], [77.62406, 13.31163], [77.62472, 13.31273], [77.62531, 13.31383], [77.62571, 13.31448], [77.6264, 13.31503], [77.62673, 13.31532], [77.62698, 13.31538], [77.62952, 13.31541], [77.6295, 13.3168], [77.62949, 13.31787], [77.62952, 13.31988], [77.62962, 13.32159], [77.62971, 13.3235], [77.62968, 13.32654], [77.62978, 13.32967], [77.63047, 13.32967], [77.63097, 13.32966], [77.63178, 13.32959], [77.63428, 13.3288], [77.6356, 13.32854], [77.63688, 13.32844], [77.63935, 13.32834], [77.63989, 13.32837], [77.64083, 13.32758], [77.64084, 13.32758], [77.64935, 13.32476], [77.65426, 13.32348], [77.65541, 13.32351], [77.65544, 13.32351], [77.65639, 13.32361], [77.65713, 13.32407], [77.65882, 13.32616], [77.66048, 13.32837], [77.66165, 13.33], [77.66178, 13.33028], [77.66247, 13.33171], [77.66301, 13.33373], [77.66328, 13.33519], [77.66328, 13.33628], [77.66328, 13.33692], [77.66341, 13.3404], [77.66341, 13.34175], [77.66439, 13.34341], [77.66662, 13.34709], [77.66689, 13.34749], [77.66706, 13.34799], [77.66954, 13.34748], [77.67102, 13.3471], [77.67361, 13.34647], [77.67805, 13.34528], [77.67994, 13.34488], [77.68033, 13.34585], [77.68138, 13.34814], [77.68195, 13.34915], [77.68219, 13.35002], [77.68234, 13.3505], [77.68229, 13.35089], [77.68216, 13.351], [77.68257, 13.35138], [77.68357, 13.35179], [77.68429, 13.35187], [77.6853, 13.35038], [77.6879, 13.34989], [77.68807, 13.34842], [77.68876, 13.34766], [77.68944, 13.34697], [77.69008, 13.34637], [77.69077, 13.34548], [77.69133, 13.34482], [77.69182, 13.34415], [77.69216, 13.34418], [77.69251, 13.34378], [77.69288, 13.34312], [77.6933, 13.34264], [77.69407, 13.3421], [77.69443, 13.34162], [77.69477, 13.34135], [77.69508, 13.34111], [77.69523, 13.34078], [77.69537, 13.34044], [77.69566, 13.33973], [77.69584, 13.33929], [77.69627, 13.33833], [77.69906, 13.33753], [77.69989, 13.33737], [77.70048, 13.33876], [77.70109, 13.34009], [77.70131, 13.34047], [77.70192, 13.34107], [77.70264, 13.34186], [77.70322, 13.34243], [77.70333, 13.34254], [77.70347, 13.34276], [77.70347, 13.34344], [77.70344, 13.34425], [77.70331, 13.34518], [77.70313, 13.34606], [77.70066, 13.34747], [77.69939, 13.34828], [77.69911, 13.34923], [77.69889, 13.35095], [77.69867, 13.35424], [77.69875, 13.35541], [77.69866, 13.35898], [77.69972, 13.35931], [77.70072, 13.35963], [77.7016, 13.35991], [77.7036, 13.36056], [77.70496, 13.36107], [77.70563, 13.36192], [77.70571, 13.36209], [77.70585, 13.36228], [77.70796, 13.36196], [77.70826, 13.36305], [77.71021, 13.36324], [77.7104, 13.36429], [77.70901, 13.36452], [77.70935, 13.36565], [77.71065, 13.36552], [77.71096, 13.36623], [77.71452, 13.36585], [77.71567, 13.36574], [77.71675, 13.36563], [77.71676, 13.36556]]]}}, {"type": "Feature", "properties": {"taluk": "Hosakote", "district": "Bengaluru Rural", "state": "Karnataka"}, "geometry": {"type": "Polygon", "coordinates": [[[77.90473, 13.25123], [77.90446, 13.25048], [77.90565, 13.25056], [77.90551, 13.24973], [77.90533, 13.24876], [77.90496, 13.24689], [77.9047, 13.24511], [77.9037, 13.24391], [77.90219, 13.24208], [77.90015, 13.24204], [77.89967, 13.24174], [77.89854, 13.24097], [77.8971, 13.23989], [77.89533, 13.23854], [77.89461, 13.23789], [77.89347, 13.23681], [77.89218, 13.23561], [77.89092, 13.23453], [77.89327, 13.23424], [77.89499, 13.23406], [77.89614, 13.23394], [77.8979, 13.23375], [77.89838, 13.2337], [77.90017, 13.23349], [77.90163, 13.23316], [77.90417, 13.23248], [77.90704, 13.23188], [77.90869, 13.23147], [77.91066, 13.23127], [77.9112, 13.23131], [77.91158, 13.23134], [77.91385, 13.23194], [77.91385, 13.233], [77.91393, 13.23522], [77.91397, 13.23617], [77.91412, 13.23974], [77.91415, 13.23974], [77.91468, 13.23979], [77.91527, 13.23977], [77.9164, 13.23971], [77.91769, 13.23972], [77.91924, 13.23966], [77.92067, 13.23956], [77.92234, 13.23912], [77.92335, 13.23884], [77.92389, 13.239], [77.92419, 13.2391], [77.92577, 13.23976], [77.92636, 13.23966], [77.92721, 13.23933], [77.92809, 13.23882], [77.92901, 13.23823], [77.93006, 13.23977], [77.93058, 13.24041], [77.93133, 13.24139], [77.93196, 13.24213], [77.93309, 13.24365], [77.93495, 13.24606], [77.93565, 13.24596], [77.94002, 13.24493], [77.94156, 13.24457], [77.94318, 13.24424], [77.94559, 13.24366], [77.94617, 13.24512], [77.94725, 13.24728], [77.94783, 13.2485], [77.94855, 13.24999], [77.94945, 13.24979], [77.95104, 13.24954], [77.95365, 13.24905], [77.95433, 13.24892], [77.95567, 13.24863], [77.95628, 13.24835], [77.95639, 13.24829], [77.95691, 13.24804], [77.95842, 13.24727], [77.95999, 13.24655], [77.96063, 13.24625], [77.96203, 13.24557], [77.96355, 13.24483], [77.96492, 13.24405], [77.96491, 13.24257], [77.96493, 13.24149], [77.96496, 13.24037], [77.96496, 13.24], [77.96499, 13.23746], [77.96333, 13.23882], [77.96345, 13.23724], [77.96354, 13.23619], [77.96371, 13.23444], [77.96385, 13.23277], [77.9631, 13.23223], [77.96203, 13.23146], [77.96092, 13.2306], [77.96029, 13.22995], [77.95945, 13.22894], [77.95792, 13.22793], [77.95675, 13.22719], [77.95477, 13.22638], [77.95422, 13.22591], [77.95325, 13.22489], [77.95207, 13.2242], [77.95204, 13.22418], [77.95118, 13.22359], [77.95079, 13.22296], [77.95041, 13.22252], [77.94969, 13.22184], [77.94909, 13.22141], [77.94844, 13.22093], [77.94799, 13.22046], [77.94748, 13.21994], [77.94656, 13.21922], [77.94588, 13.21835], [77.94578, 13.21805], [77.9457, 13.21747], [77.9457, 13.21743], [77.94556, 13.21622], [77.94523, 13.21418], [77.94567, 13.2144], [77.94648, 13.21478], [77.94728, 13.21505], [77.94806, 13.21523], [77.94865, 13.21523], [77.94916, 13.21503], [77.94959, 13.21489], [77.9506, 13.21489], [77.95136, 13.21498], [77.95134, 13.21559], [77.95125, 13.21678], [77.95122, 13.21761], [77.95127, 13.21936], [77.95795, 13.21869], [77.95783, 13.21705], [77.95764, 13.21662], [77.95741, 13.21543], [77.95703, 13.21339], [77.95684, 13.21229], [77.95629, 13.20997], [77.95578, 13.20833], [77.95473, 13.20566], [77.95634, 13.2044], [77.95604, 13.20355], [77.95512, 13.20087], [77.95736, 13.20058], [77.96055, 13.20015], [77.96046, 13.1997], [77.96019, 13.19849], [77.9595, 13.19579], [77.96099, 13.19496], [77.96099, 13.19287], [77.96248, 13.19154], [77.96245, 13.18954], [77.96322, 13.18943], [77.96383, 13.18934], [77.96355, 13.18871], [77.96337, 13.18824], [77.96307, 13.18763], [77.96305, 13.187], [77.96287, 13.18669], [77.9624, 13.18651], [77.96156, 13.18656], [77.96101, 13.18265], [77.96087, 13.18186], [77.9583, 13.18175], [77.95791, 13.17957], [77.95748, 13.17748], [77.957, 13.17676], [77.95704, 13.17634], [77.95534, 13.17643], [77.95502, 13.17497], [77.95449, 13.17229], [77.95424, 13.17007], [77.95552, 13.16944], [77.95548, 13.16876], [77.95543, 13.16608], [77.95534, 13.16307], [77.95504, 13.16291], [77.95445, 13.16246], [77.95364, 13.16145], [77.95304, 13.16057], [77.95373, 13.16028], [77.95877, 13.15738], [77.95735, 13.15212], [77.95941, 13.15151], [77.95915, 13.1507], [77.95803, 13.14767], [77.95688, 13.14446], [77.95583, 13.14149], [77.9555, 13.14032], [77.95544, 13.14011], [77.95587, 13.13761], [77.95629, 13.13582], [77.9567, 13.1337], [77.9572, 13.13125], [77.95742, 13.13087], [77.95772, 13.13033], [77.95735, 13.12921], [77.95726, 13.12897], [77.95619, 13.12629], [77.95545, 13.12645], [77.953, 13.1269], [77.94857, 13.12762], [77.94839, 13.12734], [77.94741, 13.12486], [77.94637, 13.12502], [77.94575, 13.12359], [77.94287, 13.1243], [77.94094, 13.1248], [77.94002, 13.12502], [77.93927, 13.12514], [77.93865, 13.12278], [77.93794, 13.12046], [77.9375, 13.11837], [77.93702, 13.11612], [77.93658, 13.11419], [77.93688, 13.11185], [77.93713, 13.10972], [77.93734, 13.10814], [77.93399, 13.10879], [77.93264, 13.10902], [77.93234, 13.10904], [77.93128, 13.11012], [77.92755, 13.11048], [77.9255, 13.11068], [77.92536, 13.1116], [77.92523, 13.11228], [77.92307, 13.11253], [77.92328, 13.11362], [77.92349, 13.11513], [77.92364, 13.11593], [77.92181, 13.11661], [77.91977, 13.11739], [77.91887, 13.11768], [77.91729, 13.11833], [77.91605, 13.11883], [77.91541, 13.11904], [77.91518, 13.11816], [77.91465, 13.11809], [77.91433, 13.11787], [77.91417, 13.11321], [77.91412, 13.11106], [77.91328, 13.11029], [77.91243, 13.10959], [77.91167, 13.10897], [77.91009, 13.10787], [77.90933, 13.10735], [77.90896, 13.1073], [77.90846, 13.10708], [77.90809, 13.10638], [77.90498, 13.10466], [77.90134, 13.10239], [77.90154, 13.09979], [77.90431, 13.09838], [77.9064, 13.09741], [77.90763, 13.09651], [77.91013, 13.09613], [77.9111, 13.09601], [77.91323, 13.09233], [77.91385, 13.09123], [77.91409, 13.09067], [77.91533, 13.08867], [77.91607, 13.0876], [77.91674, 13.08623], [77.91527, 13.08396], [77.91424, 13.08245], [77.91376, 13.08165], [77.91332, 13.08084], [77.91584, 13.08084], [77.9174, 13.08077], [77.91838, 13.07926], [77.92035, 13.08012], [77.92297, 13.0813], [77.92446, 13.08205], [77.92558, 13.08236], [77.92641, 13.08257], [77.92704, 13.08266], [77.92726, 13.08149], [77.92739, 13.08086], [77.92749, 13.08014], [77.92723, 13.07927], [77.92699, 13.07819], [77.92678, 13.07744], [77.92649, 13.07663], [77.92623, 13.07587], [77.92877, 13.07492], [77.93098, 13.07409], [77.93183, 13.07395], [77.93245, 13.07447], [77.93268, 13.07448], [77.93362, 13.07454], [77.93373, 13.07539], [77.93602, 13.07557], [77.93611, 13.07644], [77.93623, 13.0767], [77.93713, 13.07727], [77.93811, 13.07803], [77.93875, 13.07863], [77.93898, 13.07895], [77.93897, 13.08014], [77.93899, 13.08099], [77.93916, 13.082], [77.93931, 13.08292], [77.93955, 13.08355], [77.93997, 13.0828], [77.94049, 13.08157], [77.94092, 13.08041], [77.94112, 13.07969], [77.94134, 13.07835], [77.94155, 13.07677], [77.94168, 13.07569], [77.94172, 13.07458], [77.94173, 13.07296], [77.94173, 13.07181], [77.94169, 13.07097], [77.94162, 13.06983], [77.94152, 13.06916], [77.94145, 13.06879], [77.9404, 13.06806], [77.93927, 13.06728], [77.93787, 13.06636], [77.93737, 13.06597], [77.93644, 13.06621], [77.93501, 13.06662], [77.93426, 13.06683], [77.93299, 13.06722], [77.93224, 13.06739], [77.93067, 13.06782], [77.92954, 13.0681], [77.9282, 13.06845], [77.92654, 13.06686], [77.92563, 13.06592], [77.92542, 13.06574], [77.92526, 13.06468], [77.92515, 13.0641], [77.92506, 13.06368], [77.92477, 13.06319], [77.92406, 13.06287], [77.92356, 13.06213], [77.92349, 13.06204], [77.92301, 13.06136], [77.92163, 13.06114], [77.92161, 13.05653], [77.91998, 13.05534], [77.91925, 13.05364], [77.91923, 13.05348], [77.91897, 13.0509], [77.91688, 13.05074], [77.91621, 13.05078], [77.91573, 13.05081], [77.91529, 13.05084], [77.91366, 13.04845], [77.91128, 13.04868], [77.90743, 13.0491], [77.90593, 13.04927], [77.90543, 13.04936], [77.90532, 13.04897], [77.90169, 13.0501], [77.89882, 13.05098], [77.89821, 13.05219], [77.89607, 13.0531], [77.89516, 13.05348], [77.89496, 13.05302], [77.8939, 13.0538], [77.89277, 13.05224], [77.89222, 13.0522], [77.8921, 13.05076], [77.89198, 13.04935], [77.89136, 13.0493], [77.89143, 13.0471], [77.89303, 13.0471], [77.89309, 13.04624], [77.89179, 13.04575], [77.89023, 13.04559], [77.88918, 13.04554], [77.88881, 13.04543], [77.88832, 13.04179], [77.8883, 13.04166], [77.88731, 13.03768], [77.88716, 13.03708], [77.8933, 13.03503], [77.89256, 13.03172], [77.89135, 13.0282], [77.89057, 13.02582], [77.88988, 13.02375], [77.88697, 13.02065], [77.88676, 13.01996], [77.88676, 13.01922], [77.88722, 13.01819], [77.88754, 13.01724], [77.88692, 13.01358], [77.88628, 13.01079], [77.88627, 13.01077], [77.88614, 13.01021], [77.88587, 13.00857], [77.88305, 13.00722], [77.88069, 13.00596], [77.87938, 13.00518], [77.87873, 13.00452], [77.87792, 13.00304], [77.87741, 13.00191], [77.87722, 13.00148], [77.87712, 13.00125], [77.87591, 13.0002], [77.87557, 12.99978], [77.875, 12.99904], [77.87474, 12.99866], [77.87406, 12.99765], [77.87332, 12.99572], [77.87311, 12.99517], [77.87287, 12.99454], [77.87288, 12.99323], [77.87292, 12.99216], [77.87319, 12.99012], [77.87337, 12.98878], [77.87367, 12.98738], [77.87372, 12.98708], [77.87243, 12.98625], [77.87133, 12.98538], [77.87097, 12.98512], [77.87111, 12.98404], [77.87148, 12.98379], [77.8718, 12.98367], [77.87196, 12.98272], [77.87194, 12.98145], [77.87189, 12.97965], [77.87175, 12.97883], [77.87135, 12.97832], [77.87092, 12.97775], [77.8708, 12.97733], [77.87079, 12.97656], [77.87089, 12.97634], [77.87113, 12.97635], [77.87162, 12.97634], [77.87152, 12.97573], [77.87164, 12.97546], [77.87214, 12.97523], [77.87231, 12.97515], [77.87147, 12.97327], [77.87142, 12.9729], [77.87088, 12.97281], [77.87002, 12.97296], [77.86934, 12.9732], [77.86809, 12.97327], [77.8664, 12.97351], [77.86515, 12.97363], [77.8647, 12.97365], [77.86495, 12.9723], [77.86526, 12.9708], [77.86547, 12.96829], [77.86535, 12.967], [77.8653, 12.96614], [77.86627, 12.9653], [77.86745, 12.96432], [77.86842, 12.96343], [77.86985, 12.96197], [77.87065, 12.96085], [77.87156, 12.95984], [77.87146, 12.95872], [77.87015, 12.95564], [77.86969, 12.95435], [77.86956, 12.9541], [77.86887, 12.95294], [77.86733, 12.95107], [77.86711, 12.95093], [77.86721, 12.95046], [77.86747, 12.95019], [77.86813, 12.94949], [77.86901, 12.94842], [77.86999, 12.94728], [77.87074, 12.94671], [77.87204, 12.94622], [77.873, 12.9458], [77.8736, 12.94549], [77.87371, 12.94519], [77.87366, 12.94492], [77.87363, 12.94476], [77.87317, 12.94382], [77.87183, 12.94014], [77.87176, 12.93989], [77.87074, 12.93714], [77.86918, 12.93382], [77.86749, 12.93411], [77.86612, 12.93434], [77.86442, 12.93471], [77.8631, 12.93494], [77.85966, 12.93562], [77.85918, 12.93567], [77.8581, 12.93479], [77.85612, 12.93338], [77.85429, 12.93247], [77.85298, 12.93228], [77.85172, 12.93216], [77.85102, 12.93208], [77.85061, 12.93166], [77.84938, 12.92968], [77.84791, 12.92723], [77.84736, 12.92629], [77.84697, 12.92605], [77.84664, 12.9261], [77.84602, 12.92626], [77.84571, 12.92624], [77.84486, 12.92593], [77.84378, 12.92545], [77.84295, 12.92512], [77.84201, 12.925], [77.84143, 12.925], [77.84103, 12.92483], [77.84066, 12.92422], [77.83985, 12.92285], [77.83956, 12.92218], [77.83955, 12.92199], [77.83954, 12.9218], [77.83975, 12.91966], [77.84002, 12.91875], [77.84046, 12.91772], [77.84133, 12.91611], [77.84165, 12.91513], [77.84219, 12.91404], [77.8432, 12.91495], [77.84349, 12.91524], [77.84406, 12.91588], [77.8443, 12.91618], [77.84457, 12.91635], [77.84507, 12.9163], [77.84638, 12.91596], [77.84816, 12.91564], [77.84924, 12.91543], [77.85021, 12.91547], [77.85117, 12.91553], [77.85217, 12.91549], [77.85279, 12.91537], [77.85353, 12.91537], [77.85457, 12.91582], [77.85562, 12.91627], [77.85614, 12.9164], [77.85681, 12.91649], [77.85792, 12.91631], [77.85903, 12.91572], [77.86026, 12.91522], [77.86126, 12.91474], [77.86189, 12.91427], [77.86197, 12.91352], [77.8616, 12.91204], [77.8607, 12.90946], [77.85953, 12.90682], [77.85871, 12.90426], [77.85634, 12.89952], [77.85485, 12.89659], [77.8538, 12.89436], [77.85228, 12.89091], [77.85323, 12.88959], [77.85387, 12.888], [77.85397, 12.88691], [77.85372, 12.88557], [77.85371, 12.88537], [77.85371, 12.88537], [77.8537, 12.88517], [77.85421, 12.88481], [77.85475, 12.88418], [77.85483, 12.8838], [77.85454, 12.88301], [77.85453, 12.88178], [77.85492, 12.88057], [77.855, 12.87929], [77.85537, 12.87756], [77.85568, 12.87625], [77.8571, 12.87637], [77.85939, 12.87639], [77.86251, 12.87628], [77.8646, 12.8762], [77.86643, 12.8761], [77.86666, 12.87525], [77.8671, 12.87317], [77.86739, 12.87199], [77.8675, 12.87102], [77.86754, 12.86955], [77.86765, 12.86807], [77.86765, 12.86807], [77.86665, 12.86824], [77.86569, 12.86841], [77.86492, 12.86855], [77.86492, 12.86855], [77.8649, 12.86855], [77.86333, 12.86855], [77.86217, 12.86872], [77.86076, 12.86891], [77.85989, 12.86906], [77.85817, 12.86932], [77.85778, 12.86941], [77.85748, 12.86948], [77.85724, 12.86839], [77.85723, 12.86839], [77.85723, 12.86839], [77.85721, 12.86839], [77.85692, 12.86838], [77.85579, 12.86774], [77.85377, 12.86689], [77.85314, 12.86671], [77.85219, 12.86642], [77.8515, 12.86621], [77.85095, 12.86611], [77.85073, 12.86616], [77.85045, 12.8663], [77.85045, 12.8663], [77.84875, 12.86811], [77.84773, 12.86909], [77.84739, 12.86932], [77.84739, 12.86932], [77.84612, 12.86912], [77.84465, 12.86894], [77.84305, 12.86872], [77.84261, 12.86869], [77.83867, 12.86936], [77.83798, 12.86964], [77.83682, 12.87003], [77.83601, 12.87033], [77.83601, 12.87033], [77.83603, 12.87065], [77.83594, 12.87087], [77.83455, 12.87172], [77.83302, 12.87313], [77.83229, 12.87395], [77.83177, 12.87485], [77.83168, 12.87669], [77.83149, 12.87695], [77.8308, 12.87735], [77.82963, 12.87747], [77.82954, 12.87773], [77.82967, 12.87836], [77.83025, 12.87911], [77.83125, 12.88033], [77.8321, 12.88216], [77.83204, 12.88278], [77.83182, 12.88349], [77.83142, 12.88433], [77.83049, 12.88663], [77.83047, 12.88669], [77.83024, 12.88734], [77.83002, 12.88815], [77.82995, 12.88902], [77.82984, 12.88942], [77.82944, 12.88986], [77.82944, 12.88987], [77.82909, 12.89007], [77.82857, 12.89082], [77.82818, 12.89181], [77.82781, 12.89265], [77.82741, 12.89303], [77.8265, 12.89356], [77.82563, 12.89429], [77.82516, 12.89464], [77.82478, 12.89529], [77.82467, 12.8957], [77.82466, 12.89573], [77.82467, 12.89576], [77.82506, 12.89668], [77.82519, 12.89711], [77.8252, 12.89714], [77.82519, 12.89717], [77.82505, 12.89767], [77.82438, 12.89857], [77.82383, 12.89954], [77.82295, 12.9011], [77.82249, 12.90146], [77.82159, 12.90156], [77.82124, 12.90163], [77.82116, 12.90183], [77.82115, 12.90185], [77.82116, 12.90189], [77.8212, 12.90222], [77.82137, 12.90276], [77.82139, 12.90282], [77.82139, 12.90283], [77.82139, 12.90288], [77.82139, 12.90289], [77.82137, 12.90361], [77.82126, 12.90402], [77.8211, 12.9048], [77.8211, 12.90482], [77.8211, 12.90485], [77.82116, 12.90526], [77.8214, 12.90569], [77.82189, 12.90649], [77.82189, 12.90649], [77.82189, 12.90654], [77.82186, 12.90685], [77.82173, 12.90735], [77.82128, 12.90783], [77.82095, 12.90835], [77.82095, 12.90835], [77.82095, 12.90841], [77.82095, 12.90949], [77.82105, 12.91074], [77.82105, 12.91079], [77.82105, 12.9108], [77.82078, 12.91178], [77.82046, 12.91232], [77.81961, 12.91282], [77.81841, 12.91326], [77.81808, 12.91339], [77.81732, 12.91362], [77.81673, 12.91392], [77.81645, 12.91419], [77.81621, 12.91465], [77.81626, 12.91527], [77.81647, 12.91624], [77.81739, 12.91768], [77.81776, 12.91834], [77.81781, 12.91867], [77.81749, 12.91917], [77.81696, 12.91973], [77.8168, 12.91996], [77.81675, 12.9202], [77.81671, 12.92055], [77.81675, 12.92141], [77.81812, 12.92166], [77.81925, 12.92168], [77.82059, 12.92171], [77.8217, 12.92172], [77.82268, 12.92172], [77.82336, 12.92148], [77.82379, 12.92107], [77.82453, 12.92086], [77.82526, 12.92086], [77.82593, 12.92097], [77.82668, 12.92126], [77.82694, 12.92116], [77.82696, 12.9208], [77.82696, 12.92026], [77.82729, 12.92003], [77.82788, 12.91988], [77.8288, 12.91949], [77.82993, 12.91965], [77.83052, 12.92013], [77.83136, 12.92157], [77.83192, 12.92367], [77.83228, 12.92661], [77.83063, 12.92672], [77.82893, 12.92697], [77.82742, 12.92751], [77.82581, 12.92792], [77.82447, 12.92865], [77.82294, 12.92934], [77.82219, 12.92858], [77.82123, 12.92784], [77.81978, 12.92686], [77.8182, 12.92646], [77.81633, 12.92641], [77.81634, 12.92683], [77.81622, 12.92725], [77.81581, 12.92768], [77.81443, 12.92834], [77.8133, 12.92906], [77.81311, 12.92939], [77.81331, 12.93], [77.81336, 12.93026], [77.81296, 12.93049], [77.81238, 12.93109], [77.81188, 12.93202], [77.81096, 12.93313], [77.81077, 12.93302], [77.81053, 12.93295], [77.81028, 12.93288], [77.80964, 12.93265], [77.80943, 12.93222], [77.80902, 12.93141], [77.80855, 12.93059], [77.80809, 12.92944], [77.80704, 12.92743], [77.80631, 12.92589], [77.80595, 12.92505], [77.8058, 12.92483], [77.80484, 12.92301], [77.80372, 12.92064], [77.80307, 12.91933], [77.80237, 12.91889], [77.80118, 12.91852], [77.79904, 12.91835], [77.79751, 12.91825], [77.79774, 12.91989], [77.79797, 12.92366], [77.79809, 12.92521], [77.7976, 12.9253], [77.79642, 12.92548], [77.79458, 12.92566], [77.79327, 12.92577], [77.79214, 12.92577], [77.79054, 12.92591], [77.78977, 12.92603], [77.78843, 12.92639], [77.78628, 12.9269], [77.78394, 12.92767], [77.78208, 12.92805], [77.78219, 12.92836], [77.78214, 12.92853], [77.78172, 12.92878], [77.78046, 12.92884], [77.77912, 12.92885], [77.77882, 12.92887], [77.77862, 12.92975], [77.7784, 12.93009], [77.77829, 12.93009], [77.77808, 12.93049], [77.77793, 12.93093], [77.77778, 12.93108], [77.77705, 12.93142], [77.77663, 12.93159], [77.77666, 12.9318], [77.77727, 12.9334], [77.77743, 12.93411], [77.77725, 12.9347], [77.77685, 12.93506], [77.77647, 12.9356], [77.776, 12.93662], [77.77573, 12.93757], [77.77544, 12.93872], [77.77521, 12.93892], [77.77478, 12.93901], [77.77434, 12.93945], [77.77365, 12.93989], [77.77288, 12.94003], [77.77109, 12.94062], [77.76961, 12.9412], [77.76854, 12.94145], [77.76655, 12.94192], [77.76542, 12.94213], [77.76511, 12.94247], [77.76551, 12.94338], [77.76566, 12.94418], [77.76566, 12.94472], [77.76571, 12.94506], [77.76636, 12.94579], [77.76899, 12.94781], [77.77051, 12.94914], [77.77258, 12.9511], [77.77158, 12.95234], [77.771, 12.95338], [77.76984, 12.95496], [77.76857, 12.95686], [77.76714, 12.95944], [77.76765, 12.95983], [77.76838, 12.9601], [77.76909, 12.96061], [77.76998, 12.96167], [77.77069, 12.96262], [77.77133, 12.96349], [77.77195, 12.96409], [77.77318, 12.96493], [77.7732, 12.96494], [77.77374, 12.96563], [77.77413, 12.96605], [77.77491, 12.96652], [77.77602, 12.96716], [77.77676, 12.96763], [77.77722, 12.96812], [77.77758, 12.96868], [77.77779, 12.9688], [77.77832, 12.96903], [77.77884, 12.96939], [77.7791, 12.96978], [77.77918, 12.97023], [77.77916, 12.97097], [77.77926, 12.97194], [77.77922, 12.97241], [77.77899, 12.9728], [77.77853, 12.97297], [77.77813, 12.97316], [77.77768, 12.97347], [77.77724, 12.97393], [77.7767, 12.97441], [77.77654, 12.97482], [77.77654, 12.97503], [77.77661, 12.97538], [77.77674, 12.97581], [77.77703, 12.97632], [77.77723, 12.97638], [77.77787, 12.9762], [77.77814, 12.9762], [77.77836, 12.97629], [77.77859, 12.97654], [77.77869, 12.977], [77.77879, 12.97763], [77.77851, 12.97813], [77.77818, 12.97835], [77.77774, 12.97828], [77.77759, 12.9783], [77.7775, 12.97849], [77.77748, 12.97903], [77.77732, 12.98004], [77.77702, 12.98119], [77.77651, 12.98189], [77.77639, 12.98274], [77.77638, 12.98353], [77.77661, 12.9843], [77.7767, 12.98508], [77.77657, 12.98555], [77.77611, 12.98613], [77.77601, 12.98686], [77.77602, 12.9869], [77.77614, 12.98748], [77.77633, 12.98808], [77.77636, 12.98879], [77.77624, 12.98927], [77.77606, 12.98936], [77.7758, 12.98942], [77.77578, 12.98953], [77.77569, 12.99028], [77.77587, 12.99105], [77.77606, 12.992], [77.77629, 12.99278], [77.77611, 12.99357], [77.77584, 12.99455], [77.77569, 12.99535], [77.77542, 12.99564], [77.77508, 12.99572], [77.77485, 12.99572], [77.77467, 12.9958], [77.77466, 12.99595], [77.77466, 12.99628], [77.77491, 12.99713], [77.77513, 12.99834], [77.77502, 12.99982], [77.77485, 13.00068], [77.77477, 13.00119], [77.77455, 13.00124], [77.77395, 13.00156], [77.77343, 13.00186], [77.7729, 13.00192], [77.7727, 13.00201], [77.77248, 13.00227], [77.77244, 13.00256], [77.77251, 13.00275], [77.77262, 13.00294], [77.77283, 13.00305], [77.77312, 13.00313], [77.77339, 13.00311], [77.77376, 13.00307], [77.7741, 13.00303], [77.77452, 13.00303], [77.7751, 13.0032], [77.77527, 13.00346], [77.77542, 13.00379], [77.7755, 13.00419], [77.77552, 13.00473], [77.77554, 13.00512], [77.77567, 13.00537], [77.77578, 13.00561], [77.77575, 13.0058], [77.77556, 13.00595], [77.77529, 13.00599], [77.77494, 13.00603], [77.77472, 13.00608], [77.77458, 13.00622], [77.77441, 13.00633], [77.77424, 13.00633], [77.77397, 13.00621], [77.77367, 13.00611], [77.77338, 13.00614], [77.7732, 13.00629], [77.77319, 13.00668], [77.77323, 13.00717], [77.77332, 13.00761], [77.77332, 13.00806], [77.77314, 13.00857], [77.77302, 13.00901], [77.77305, 13.00927], [77.77325, 13.00955], [77.77327, 13.0097], [77.77314, 13.00988], [77.77309, 13.01009], [77.77328, 13.01036], [77.77366, 13.01057], [77.77383, 13.01075], [77.77383, 13.01094], [77.77374, 13.01114], [77.77363, 13.01128], [77.77363, 13.0115], [77.77374, 13.0118], [77.77376, 13.01206], [77.77382, 13.01235], [77.77405, 13.0127], [77.77422, 13.01292], [77.77437, 13.01324], [77.77428, 13.01341], [77.77408, 13.01344], [77.77379, 13.01347], [77.77343, 13.01344], [77.77317, 13.01358], [77.77304, 13.01377], [77.773, 13.01401], [77.77252, 13.01408], [77.7714, 13.01394], [77.77131, 13.01417], [77.77131, 13.01419], [77.77145, 13.01498], [77.77166, 13.01551], [77.77231, 13.01644], [77.77298, 13.01726], [77.77337, 13.01785], [77.77377, 13.01862], [77.774, 13.0195], [77.77449, 13.01964], [77.7748, 13.01989], [77.77508, 13.02041], [77.77545, 13.02121], [77.77628, 13.02117], [77.77631, 13.02174], [77.77646, 13.02304], [77.77663, 13.02439], [77.77695, 13.02636], [77.77711, 13.02687], [77.77736, 13.02745], [77.77764, 13.02819], [77.77815, 13.02904], [77.77841, 13.0293], [77.77938, 13.03003], [77.78067, 13.03081], [77.78138, 13.03119], [77.78139, 13.03119], [77.78113, 13.03153], [77.78074, 13.03198], [77.78044, 13.03254], [77.78043, 13.03282], [77.78056, 13.03301], [77.78085, 13.03323], [77.78107, 13.03348], [77.78106, 13.03381], [77.78094, 13.03431], [77.78077, 13.03476], [77.78066, 13.03517], [77.78064, 13.03518], [77.77979, 13.03551], [77.77832, 13.03585], [77.77792, 13.03744], [77.77775, 13.03815], [77.77728, 13.03993], [77.77639, 13.04197], [77.77567, 13.04388], [77.77478, 13.04561], [77.77431, 13.04657], [77.77347, 13.04826], [77.77132, 13.04792], [77.77104, 13.0489], [77.77099, 13.05008], [77.77092, 13.05222], [77.77099, 13.05339], [77.77101, 13.05368], [77.77057, 13.05439], [77.76957, 13.05534], [77.76793, 13.05721], [77.76755, 13.05808], [77.76744, 13.0592], [77.76741, 13.06047], [77.76751, 13.06175], [77.76776, 13.06291], [77.76777, 13.06375], [77.76761, 13.06459], [77.76739, 13.06507], [77.76679, 13.06618], [77.76675, 13.06624], [77.76642, 13.06668], [77.76528, 13.068], [77.76389, 13.06992], [77.76273, 13.07136], [77.76212, 13.07193], [77.76126, 13.07277], [77.76026, 13.07377], [77.76056, 13.07425], [77.76093, 13.07489], [77.76126, 13.0757], [77.76121, 13.07643], [77.76096, 13.07711], [77.76079, 13.07771], [77.76075, 13.07784], [77.76061, 13.0788], [77.76019, 13.08028], [77.75956, 13.08178], [77.76042, 13.0819], [77.7613, 13.08205], [77.76219, 13.08226], [77.76342, 13.08267], [77.76455, 13.08313], [77.76562, 13.08357], [77.76639, 13.08404], [77.76675, 13.08432], [77.7669, 13.08457], [77.76692, 13.085], [77.76689, 13.08553], [77.76687, 13.08572], [77.76682, 13.08619], [77.76679, 13.08698], [77.76677, 13.0877], [77.76664, 13.08819], [77.76659, 13.08875], [77.76663, 13.08957], [77.76663, 13.08965], [77.76655, 13.09025], [77.76629, 13.0909], [77.7656, 13.09242], [77.76464, 13.09413], [77.76471, 13.09495], [77.76473, 13.0958], [77.76483, 13.09682], [77.76488, 13.09726], [77.76343, 13.09866], [77.76339, 13.0991], [77.7634, 13.10015], [77.76344, 13.10159], [77.76347, 13.10262], [77.76351, 13.10391], [77.76387, 13.10436], [77.76497, 13.1057], [77.76504, 13.10679], [77.76503, 13.10776], [77.76453, 13.10786], [77.76398, 13.108], [77.76338, 13.10815], [77.76304, 13.10828], [77.76274, 13.10916], [77.76245, 13.11018], [77.76203, 13.11137], [77.76172, 13.11236], [77.76156, 13.11289], [77.76138, 13.11339], [77.76133, 13.1138], [77.7614, 13.11448], [77.76138, 13.11562], [77.76133, 13.11726], [77.76117, 13.1194], [77.76102, 13.12215], [77.76099, 13.12243], [77.76086, 13.12349], [77.76065, 13.12372], [77.76009, 13.12375], [77.75944, 13.12381], [77.75924, 13.12413], [77.75944, 13.12465], [77.7597, 13.12531], [77.75979, 13.12627], [77.75989, 13.12632], [77.76007, 13.12705], [77.76038, 13.12786], [77.76056, 13.12857], [77.76093, 13.13035], [77.76135, 13.13169], [77.76146, 13.13269], [77.76128, 13.13335], [77.76437, 13.13208], [77.76413, 13.1331], [77.76409, 13.1337], [77.76406, 13.13458], [77.76409, 13.13517], [77.76439, 13.13633], [77.76469, 13.13701], [77.76507, 13.13776], [77.76548, 13.13823], [77.76578, 13.1384], [77.76598, 13.1386], [77.76598, 13.13887], [77.76588, 13.13932], [77.76572, 13.13996], [77.76569, 13.1403], [77.76578, 13.14063], [77.76596, 13.14113], [77.76629, 13.14194], [77.76653, 13.14238], [77.76696, 13.14273], [77.7674, 13.1428], [77.76791, 13.14291], [77.76803, 13.1431], [77.76808, 13.14339], [77.76806, 13.1437], [77.76784, 13.14402], [77.76755, 13.14433], [77.76725, 13.14466], [77.76722, 13.14476], [77.76711, 13.14504], [77.76721, 13.14526], [77.76736, 13.14535], [77.76752, 13.14537], [77.76783, 13.14537], [77.76803, 13.1454], [77.76819, 13.14548], [77.76829, 13.14566], [77.76835, 13.1459], [77.76838, 13.14623], [77.76832, 13.14651], [77.76821, 13.14671], [77.76802, 13.14695], [77.76786, 13.14714], [77.76785, 13.14729], [77.76791, 13.14752], [77.76797, 13.14774], [77.76794, 13.14809], [77.76786, 13.14843], [77.76783, 13.14885], [77.76786, 13.14913], [77.768, 13.14939], [77.76814, 13.14958], [77.76836, 13.14987], [77.76856, 13.15017], [77.76873, 13.15052], [77.76885, 13.15068], [77.76901, 13.15079], [77.76919, 13.15081], [77.76938, 13.15079], [77.76955, 13.15069], [77.76978, 13.15059], [77.77004, 13.15048], [77.7702, 13.15048], [77.77029, 13.15051], [77.77044, 13.15051], [77.7706, 13.15045], [77.77085, 13.1504], [77.77112, 13.15045], [77.77141, 13.15067], [77.77161, 13.15095], [77.77161, 13.15125], [77.77156, 13.15154], [77.77139, 13.15188], [77.77129, 13.15219], [77.77126, 13.15252], [77.77127, 13.15277], [77.77136, 13.15295], [77.77148, 13.15301], [77.77161, 13.15301], [77.77174, 13.15317], [77.77174, 13.15321], [77.77174, 13.15349], [77.77169, 13.15364], [77.77159, 13.1537], [77.7714, 13.15377], [77.77127, 13.15398], [77.77126, 13.15424], [77.77143, 13.15439], [77.77156, 13.1544], [77.77182, 13.15442], [77.77194, 13.15445], [77.77213, 13.15448], [77.77241, 13.15448], [77.77271, 13.15447], [77.77304, 13.15447], [77.77339, 13.15454], [77.77371, 13.15475], [77.77397, 13.15492], [77.77416, 13.1552], [77.77426, 13.15546], [77.77425, 13.15579], [77.77435, 13.15604], [77.7745, 13.15629], [77.77463, 13.15651], [77.77479, 13.15678], [77.77488, 13.15706], [77.77493, 13.15732], [77.77502, 13.15777], [77.77519, 13.15804], [77.77544, 13.15831], [77.77565, 13.1584], [77.77593, 13.1585], [77.77619, 13.15861], [77.7764, 13.15873], [77.77653, 13.15893], [77.77665, 13.15921], [77.77665, 13.15949], [77.77655, 13.15974], [77.7764, 13.16], [77.77636, 13.16029], [77.77643, 13.16051], [77.77656, 13.16068], [77.77674, 13.16079], [77.77703, 13.16083], [77.77727, 13.16088], [77.77743, 13.16097], [77.77746, 13.16103], [77.77753, 13.16116], [77.77753, 13.16137], [77.77742, 13.16169], [77.7773, 13.16194], [77.77727, 13.16224], [77.77736, 13.16238], [77.77756, 13.16247], [77.77774, 13.16239], [77.77783, 13.16221], [77.77786, 13.16205], [77.77792, 13.16191], [77.77802, 13.16189], [77.77814, 13.16197], [77.77824, 13.16215], [77.77834, 13.16238], [77.7783, 13.16256], [77.77819, 13.16288], [77.77814, 13.16323], [77.77821, 13.1635], [77.77833, 13.16374], [77.77855, 13.16392], [77.77891, 13.16406], [77.77924, 13.16406], [77.77945, 13.16402], [77.7795, 13.16404], [77.77962, 13.16409], [77.77983, 13.16423], [77.78004, 13.16442], [77.78023, 13.16468], [77.78029, 13.16504], [77.78029, 13.16516], [77.78009, 13.16546], [77.7799, 13.16585], [77.77978, 13.16633], [77.77977, 13.16682], [77.7798, 13.1672], [77.78002, 13.16756], [77.78021, 13.16788], [77.78034, 13.16828], [77.78045, 13.16847], [77.7806, 13.16874], [77.78086, 13.16907], [77.78116, 13.16918], [77.78165, 13.1692], [77.78198, 13.16938], [77.78216, 13.16974], [77.7822, 13.16985], [77.78237, 13.17035], [77.78263, 13.1708], [77.78301, 13.17139], [77.78338, 13.17194], [77.78344, 13.17211], [77.78351, 13.17231], [77.78337, 13.1724], [77.78328, 13.17252], [77.78323, 13.17269], [77.78316, 13.17282], [77.78308, 13.17289], [77.78298, 13.17297], [77.7829, 13.17311], [77.78286, 13.17339], [77.78282, 13.17375], [77.7828, 13.17399], [77.78271, 13.17414], [77.78254, 13.17434], [77.78237, 13.17455], [77.78233, 13.17471], [77.78239, 13.17486], [77.78249, 13.17498], [77.78253, 13.17504], [77.78263, 13.17525], [77.78262, 13.17539], [77.78258, 13.17556], [77.78243, 13.17572], [77.78233, 13.17583], [77.78227, 13.17599], [77.78229, 13.17609], [77.78236, 13.17619], [77.78247, 13.17632], [77.78262, 13.17663], [77.78264, 13.17682], [77.7826, 13.17696], [77.7825, 13.17704], [77.78233, 13.17711], [77.78219, 13.17712], [77.78203, 13.17712], [77.78175, 13.17711], [77.78155, 13.17712], [77.78145, 13.17719], [77.78143, 13.17721], [77.78133, 13.17731], [77.78121, 13.17744], [77.78113, 13.17759], [77.78109, 13.17775], [77.78109, 13.17786], [77.78112, 13.17796], [77.78121, 13.17805], [77.78126, 13.17819], [77.78126, 13.17835], [77.78123, 13.17848], [77.78123, 13.17861], [77.78128, 13.17871], [77.78141, 13.17881], [77.78156, 13.17886], [77.78166, 13.1789], [77.78181, 13.17899], [77.78188, 13.17908], [77.78195, 13.17918], [77.78207, 13.17933], [77.78212, 13.17952], [77.78214, 13.17971], [77.78208, 13.17982], [77.78199, 13.17987], [77.78188, 13.17991], [77.78182, 13.17988], [77.78177, 13.1798], [77.78168, 13.1797], [77.78155, 13.17964], [77.78143, 13.17971], [77.78134, 13.17976], [77.78126, 13.1798], [77.78111, 13.17994], [77.78106, 13.18008], [77.78108, 13.18024], [77.78108, 13.18044], [77.78104, 13.18062], [77.78094, 13.18084], [77.78084, 13.18099], [77.78081, 13.18108], [77.78087, 13.18114], [77.78094, 13.18119], [77.78099, 13.18122], [77.78109, 13.18129], [77.78123, 13.18141], [77.78143, 13.18157], [77.78153, 13.18161], [77.78163, 13.1816], [77.78186, 13.1815], [77.78201, 13.18146], [77.78225, 13.18143], [77.78245, 13.1814], [77.78267, 13.18143], [77.7828, 13.18154], [77.78282, 13.1817], [77.78288, 13.18195], [77.78292, 13.18212], [77.78303, 13.18229], [77.78318, 13.18261], [77.78329, 13.18294], [77.78327, 13.18313], [77.78324, 13.18331], [77.78315, 13.18348], [77.78302, 13.18368], [77.78282, 13.18379], [77.78262, 13.18388], [77.78243, 13.18393], [77.78228, 13.18394], [77.78201, 13.18388], [77.78178, 13.18384], [77.78165, 13.18387], [77.78157, 13.18395], [77.78148, 13.18412], [77.78147, 13.18442], [77.78152, 13.18474], [77.78145, 13.18501], [77.7815, 13.18518], [77.78153, 13.18528], [77.78163, 13.1855], [77.78166, 13.18585], [77.78172, 13.18613], [77.78185, 13.18651], [77.78209, 13.18667], [77.78239, 13.18684], [77.78261, 13.18708], [77.78283, 13.18738], [77.78296, 13.18742], [77.7831, 13.18742], [77.78328, 13.18734], [77.78353, 13.18727], [77.78382, 13.18723], [77.78436, 13.18715], [77.7846, 13.18724], [77.78462, 13.18737], [77.78461, 13.18758], [77.78448, 13.18782], [77.78418, 13.18823], [77.78403, 13.18847], [77.78397, 13.18881], [77.78393, 13.18945], [77.78386, 13.18988], [77.78384, 13.19027], [77.78407, 13.19052], [77.78439, 13.19075], [77.78469, 13.19097], [77.78516, 13.19125], [77.78553, 13.19134], [77.78576, 13.19137], [77.78597, 13.19141], [77.78616, 13.19154], [77.78632, 13.19198], [77.78655, 13.19238], [77.78674, 13.19268], [77.7871, 13.19322], [77.7875, 13.19377], [77.78766, 13.19418], [77.78766, 13.19439], [77.78766, 13.1946], [77.78757, 13.19501], [77.78729, 13.19539], [77.78701, 13.19587], [77.78678, 13.19637], [77.7868, 13.19649], [77.78694, 13.19685], [77.7869, 13.19708], [77.78678, 13.19735], [77.78678, 13.19762], [77.78671, 13.19781], [77.7866, 13.19781], [77.78641, 13.19769], [77.7862, 13.1976], [77.78606, 13.19774], [77.78595, 13.19808], [77.78585, 13.19838], [77.78562, 13.19847], [77.78557, 13.19849], [77.78546, 13.19865], [77.78536, 13.19908], [77.78543, 13.19962], [77.78552, 13.2001], [77.78578, 13.20058], [77.78594, 13.20106], [77.78592, 13.20142], [77.78592, 13.20181], [77.78599, 13.20222], [77.78617, 13.20276], [77.78631, 13.20336], [77.78643, 13.20399], [77.7862, 13.20449], [77.78622, 13.20513], [77.78643, 13.20563], [77.78644, 13.20567], [77.78659, 13.20601], [77.78656, 13.20656], [77.78668, 13.20695], [77.78681, 13.20731], [77.78682, 13.20733], [77.78678, 13.20765], [77.78673, 13.20804], [77.78678, 13.20859], [77.78659, 13.20902], [77.78631, 13.20938], [77.7864, 13.20979], [77.78631, 13.21011], [77.78622, 13.21038], [77.78656, 13.21054], [77.78708, 13.21068], [77.78743, 13.21109], [77.78762, 13.21151], [77.78805, 13.21136], [77.78865, 13.21132], [77.78928, 13.21132], [77.79007, 13.21111], [77.79095, 13.21088], [77.79163, 13.21084], [77.79266, 13.21086], [77.7938, 13.21095], [77.79456, 13.21077], [77.79533, 13.21075], [77.79623, 13.21057], [77.79695, 13.2105], [77.79909, 13.21025], [77.8018, 13.20982], [77.80407, 13.20934], [77.80638, 13.20932], [77.80822, 13.20935], [77.81242, 13.2093], [77.81276, 13.21139], [77.81339, 13.21393], [77.81396, 13.21625], [77.81455, 13.21846], [77.81503, 13.22026], [77.8161, 13.22453], [77.81724, 13.22889], [77.8197, 13.2275], [77.82168, 13.22909], [77.82347, 13.23053], [77.82446, 13.22939], [77.82651, 13.22716], [77.82641, 13.22989], [77.82465, 13.22978], [77.82409, 13.23043], [77.82602, 13.23048], [77.82639, 13.23112], [77.82808, 13.22987], [77.82853, 13.23112], [77.82918, 13.23283], [77.82997, 13.23483], [77.8308, 13.23728], [77.83138, 13.23865], [77.83138, 13.23866], [77.83238, 13.24042], [77.83296, 13.24111], [77.83375, 13.2419], [77.83384, 13.2433], [77.83396, 13.24503], [77.8341, 13.24713], [77.83555, 13.24656], [77.83794, 13.24565], [77.84211, 13.24417], [77.84659, 13.24257], [77.84942, 13.24156], [77.85077, 13.24106], [77.85073, 13.24075], [77.85047, 13.23924], [77.85028, 13.238], [77.84985, 13.2352], [77.84956, 13.23319], [77.84921, 13.23095], [77.849, 13.22956], [77.84888, 13.22849], [77.84872, 13.22767], [77.84842, 13.22574], [77.8481, 13.2236], [77.8479, 13.22218], [77.84779, 13.22107], [77.84858, 13.22096], [77.84885, 13.22088], [77.85002, 13.2195], [77.85045, 13.21962], [77.85099, 13.21972], [77.8516, 13.21975], [77.85217, 13.21985], [77.8525, 13.2199], [77.8529, 13.21994], [77.85333, 13.2199], [77.85354, 13.2199], [77.85414, 13.21996], [77.85477, 13.22011], [77.85526, 13.22015], [77.8558, 13.22014], [77.85624, 13.22018], [77.85674, 13.22027], [77.85739, 13.22033], [77.85829, 13.22037], [77.85817, 13.22258], [77.85815, 13.22307], [77.85811, 13.22408], [77.85803, 13.22592], [77.85798, 13.22729], [77.85796, 13.22783], [77.858, 13.22847], [77.85884, 13.23048], [77.85968, 13.23237], [77.86002, 13.23306], [77.86066, 13.23415], [77.86166, 13.23566], [77.86244, 13.23688], [77.86274, 13.23755], [77.86303, 13.23866], [77.86329, 13.23975], [77.86337, 13.24036], [77.86337, 13.24036], [77.86364, 13.24112], [77.86443, 13.24036], [77.86531, 13.23951], [77.86837, 13.2366], [77.87032, 13.2348], [77.87079, 13.23425], [77.87418, 13.23429], [77.8766, 13.23431], [77.87742, 13.23659], [77.87817, 13.23854], [77.87823, 13.23871], [77.87848, 13.23934], [77.87715, 13.24054], [77.87531, 13.24258], [77.87457, 13.24347], [77.87455, 13.24349], [77.87411, 13.24393], [77.87634, 13.24562], [77.87632, 13.24645], [77.87869, 13.24912], [77.88007, 13.25045], [77.88173, 13.25036], [77.88452, 13.24989], [77.88483, 13.25092], [77.88688, 13.25089], [77.88776, 13.25085], [77.88859, 13.25079], [77.88844, 13.25123], [77.89079, 13.25756], [77.89638, 13.25661], [77.90046, 13.25591], [77.90103, 13.25577], [77.90195, 13.25538], [77.90341, 13.25483], [77.90407, 13.25442], [77.90474, 13.25387], [77.90537, 13.25267], [77.90473, 13.25123]]]}}, {"type": "Feature", "properties": {"taluk": "Magadi", "district": "Ramanagara", "state": "Karnataka"}, "geometry": {"type": "Polygon", "coordinates": [[[77.16606, 13.19558], [77.16567, 13.19281], [77.16519, 13.19066], [77.16504, 13.18968], [77.16496, 13.1892], [77.1656, 13.18871], [77.1661, 13.18843], [77.16615, 13.18816], [77.16621, 13.18759], [77.16632, 13.18726], [77.16642, 13.18695], [77.16735, 13.1859], [77.16834, 13.18447], [77.16879, 13.18383], [77.17084, 13.1847], [77.17325, 13.18546], [77.17586, 13.18662], [77.17679, 13.18658], [77.17836, 13.18642], [77.17836, 13.18642], [77.17998, 13.18611], [77.18117, 13.18607], [77.18198, 13.18605], [77.18333, 13.18649], [77.18357, 13.18652], [77.18439, 13.18662], [77.18471, 13.18654], [77.18497, 13.18647], [77.18532, 13.18622], [77.18572, 13.18592], [77.18605, 13.18527], [77.18767, 13.18493], [77.18888, 13.18485], [77.18888, 13.18485], [77.18954, 13.18486], [77.18997, 13.18481], [77.19045, 13.18442], [77.19158, 13.18349], [77.19275, 13.182], [77.19484, 13.18092], [77.19484, 13.18092], [77.1978, 13.18023], [77.19773, 13.18109], [77.19763, 13.18247], [77.19762, 13.18277], [77.19761, 13.18304], [77.19777, 13.18308], [77.1978, 13.18308], [77.1978, 13.18308], [77.19871, 13.1831], [77.19947, 13.18307], [77.20107, 13.183], [77.20254, 13.18296], [77.20348, 13.18431], [77.20348, 13.18431], [77.20359, 13.18448], [77.20415, 13.18354], [77.20546, 13.18202], [77.20603, 13.18125], [77.20641, 13.18071], [77.20715, 13.17962], [77.20755, 13.17884], [77.20756, 13.1782], [77.20735, 13.17735], [77.20736, 13.17607], [77.20728, 13.17521], [77.20728, 13.17466], [77.2073, 13.17403], [77.2074, 13.17358], [77.20777, 13.17328], [77.20841, 13.17323], [77.20894, 13.17306], [77.2094, 13.17245], [77.20984, 13.17146], [77.21004, 13.17095], [77.21086, 13.17016], [77.21145, 13.16962], [77.21191, 13.16929], [77.21264, 13.16901], [77.21278, 13.16896], [77.21335, 13.16855], [77.21356, 13.16791], [77.21406, 13.16563], [77.21432, 13.16429], [77.215, 13.16355], [77.21577, 13.1627], [77.21607, 13.16215], [77.21628, 13.16161], [77.21629, 13.16075], [77.2161, 13.16001], [77.21548, 13.15899], [77.21437, 13.15787], [77.21386, 13.15646], [77.21359, 13.15456], [77.21338, 13.15364], [77.21321, 13.1516], [77.2135, 13.15048], [77.2136, 13.14975], [77.21529, 13.1477], [77.21623, 13.14642], [77.2171, 13.14534], [77.2175, 13.14487], [77.21791, 13.14491], [77.21893, 13.14521], [77.21981, 13.14572], [77.22083, 13.14576], [77.22226, 13.14593], [77.22353, 13.14607], [77.2247, 13.14611], [77.22586, 13.14619], [77.22683, 13.14625], [77.22756, 13.14638], [77.22842, 13.14655], [77.22912, 13.14601], [77.22972, 13.14522], [77.23043, 13.14461], [77.23076, 13.14498], [77.23075, 13.14542], [77.231, 13.14603], [77.23122, 13.14658], [77.23159, 13.14734], [77.23195, 13.14726], [77.23234, 13.14718], [77.23305, 13.14703], [77.23411, 13.14678], [77.23492, 13.14666], [77.23633, 13.1465], [77.23828, 13.14638], [77.23995, 13.14638], [77.24093, 13.14624], [77.24163, 13.14636], [77.24272, 13.14697], [77.24403, 13.14803], [77.24542, 13.14965], [77.24642, 13.15012], [77.24783, 13.15125], [77.24893, 13.1519], [77.25136, 13.15151], [77.25333, 13.15173], [77.25529, 13.15255], [77.25723, 13.15195], [77.25905, 13.15152], [77.26057, 13.15119], [77.26185, 13.15111], [77.2624, 13.15114], [77.26448, 13.1509], [77.26575, 13.1506], [77.26619, 13.1506], [77.26824, 13.15163], [77.26972, 13.15245], [77.27131, 13.15236], [77.27327, 13.15223], [77.27504, 13.15258], [77.27493, 13.15128], [77.27493, 13.14903], [77.27488, 13.1474], [77.27496, 13.14637], [77.27488, 13.1438], [77.27466, 13.14203], [77.27427, 13.14103], [77.27394, 13.13979], [77.27275, 13.1419], [77.27092, 13.14315], [77.26915, 13.1438], [77.26736, 13.14352], [77.26708, 13.14266], [77.26694, 13.14057], [77.26727, 13.13881], [77.2673, 13.13794], [77.26717, 13.13539], [77.2662, 13.13238], [77.26606, 13.13162], [77.26543, 13.12937], [77.26543, 13.12758], [77.26609, 13.12596], [77.26627, 13.1239], [77.26654, 13.12302], [77.26674, 13.12236], [77.2676, 13.12045], [77.26841, 13.11885], [77.26895, 13.11844], [77.27053, 13.11833], [77.27315, 13.11834], [77.27329, 13.11837], [77.27401, 13.11844], [77.27477, 13.11849], [77.27512, 13.11856], [77.27579, 13.11887], [77.27647, 13.11945], [77.27671, 13.12011], [77.277, 13.12165], [77.27783, 13.1254], [77.27844, 13.12597], [77.2793, 13.12599], [77.27911, 13.12752], [77.27927, 13.1298], [77.27927, 13.13156], [77.27913, 13.13377], [77.27952, 13.13413], [77.28073, 13.13432], [77.28325, 13.13427], [77.28475, 13.13435], [77.28499, 13.13281], [77.28516, 13.12988], [77.28541, 13.12793], [77.28558, 13.12701], [77.28588, 13.12596], [77.28608, 13.125], [77.28636, 13.12383], [77.28657, 13.12238], [77.28679, 13.12169], [77.28707, 13.12118], [77.28744, 13.12089], [77.2882, 13.12066], [77.28927, 13.12072], [77.29071, 13.12099], [77.29195, 13.12117], [77.29203, 13.11996], [77.29206, 13.11958], [77.29212, 13.11843], [77.29224, 13.11619], [77.29233, 13.11434], [77.29244, 13.11245], [77.2926, 13.11077], [77.29283, 13.1101], [77.2935, 13.10984], [77.295, 13.1094], [77.29649, 13.10912], [77.29901, 13.1097], [77.29939, 13.10976], [77.30012, 13.10997], [77.30113, 13.11035], [77.30272, 13.11088], [77.30309, 13.11071], [77.30393, 13.11031], [77.30538, 13.10973], [77.30703, 13.10922], [77.30795, 13.10902], [77.30924, 13.10843], [77.31009, 13.10815], [77.31158, 13.1076], [77.31271, 13.1072], [77.31335, 13.10677], [77.31404, 13.10633], [77.31434, 13.10614], [77.31424, 13.10534], [77.31387, 13.10402], [77.31358, 13.10261], [77.31338, 13.10167], [77.31317, 13.10075], [77.31294, 13.09982], [77.31273, 13.09889], [77.31255, 13.09758], [77.31222, 13.09643], [77.31181, 13.09514], [77.31142, 13.09392], [77.31117, 13.09292], [77.31109, 13.09196], [77.31102, 13.09153], [77.31087, 13.08991], [77.31066, 13.08881], [77.31022, 13.08719], [77.3096, 13.0849], [77.30952, 13.08423], [77.30928, 13.08324], [77.30934, 13.08176], [77.30944, 13.08086], [77.30952, 13.07989], [77.30964, 13.07868], [77.30938, 13.07693], [77.30928, 13.07586], [77.3092, 13.07485], [77.30932, 13.07312], [77.30896, 13.07051], [77.30872, 13.06875], [77.3087, 13.06658], [77.3087, 13.06631], [77.30872, 13.06518], [77.30916, 13.0637], [77.30938, 13.06001], [77.30925, 13.05646], [77.30936, 13.05497], [77.3097, 13.05291], [77.31024, 13.05031], [77.31065, 13.04816], [77.31105, 13.04632], [77.31321, 13.0471], [77.31526, 13.04753], [77.31707, 13.04782], [77.31858, 13.04818], [77.32005, 13.04853], [77.32118, 13.04857], [77.32211, 13.04842], [77.32297, 13.04806], [77.32388, 13.04702], [77.324, 13.04779], [77.32462, 13.04879], [77.32577, 13.04972], [77.32694, 13.05016], [77.32782, 13.05027], [77.32839, 13.05021], [77.32917, 13.04988], [77.32937, 13.04917], [77.32948, 13.04824], [77.32988, 13.04763], [77.32992, 13.04746], [77.33008, 13.04676], [77.33042, 13.04558], [77.33066, 13.04457], [77.33089, 13.04378], [77.33113, 13.04291], [77.33119, 13.04165], [77.33111, 13.04104], [77.3306, 13.04048], [77.32972, 13.03991], [77.32966, 13.03914], [77.32992, 13.03819], [77.33016, 13.03728], [77.33024, 13.03636], [77.33018, 13.03543], [77.33002, 13.03444], [77.33008, 13.03361], [77.32996, 13.03259], [77.3295, 13.03168], [77.3292, 13.0311], [77.3294, 13.03035], [77.3301, 13.02935], [77.3302, 13.02828], [77.3303, 13.02769], [77.33014, 13.0268], [77.33003, 13.02635], [77.32996, 13.02607], [77.32869, 13.0253], [77.32747, 13.02481], [77.32656, 13.02437], [77.32567, 13.02348], [77.32545, 13.02291], [77.32547, 13.02254], [77.3256, 13.02188], [77.3258, 13.02074], [77.32616, 13.01803], [77.32648, 13.01612], [77.32713, 13.01351], [77.32724, 13.01296], [77.32739, 13.01168], [77.32773, 13.01024], [77.32783, 13.00887], [77.32658, 13.00893], [77.32441, 13.00917], [77.32282, 13.00911], [77.32207, 13.00877], [77.32193, 13.00832], [77.32193, 13.00787], [77.32238, 13.00674], [77.3227, 13.00579], [77.32302, 13.00449], [77.32322, 13.00297], [77.32337, 13.00123], [77.32447, 12.99615], [77.32563, 12.99263], [77.32608, 12.99051], [77.32677, 12.98795], [77.32735, 12.98508], [77.32826, 12.98123], [77.32873, 12.97764], [77.32705, 12.97531], [77.3267, 12.97474], [77.32617, 12.97389], [77.32573, 12.97217], [77.32561, 12.97133], [77.32615, 12.9699], [77.32747, 12.96751], [77.32859, 12.96543], [77.32901, 12.96481], [77.33008, 12.96292], [77.33054, 12.96091], [77.33059, 12.95914], [77.33101, 12.95758], [77.33115, 12.95553], [77.33193, 12.95337], [77.33279, 12.95199], [77.33298, 12.95014], [77.33437, 12.94852], [77.33584, 12.94768], [77.33754, 12.94603], [77.33837, 12.94555], [77.33916, 12.94463], [77.33948, 12.94408], [77.33928, 12.94283], [77.33906, 12.94211], [77.33817, 12.94104], [77.33675, 12.94001], [77.33554, 12.93798], [77.33605, 12.93252], [77.33643, 12.9284], [77.33932, 12.92362], [77.3366, 12.91234], [77.33655, 12.91215], [77.33676, 12.91147], [77.33851, 12.905], [77.33903, 12.90351], [77.34011, 12.89961], [77.34059, 12.89784], [77.34088, 12.89688], [77.34142, 12.8943], [77.34186, 12.89322], [77.34261, 12.89014], [77.34339, 12.88799], [77.34285, 12.88789], [77.34084, 12.88799], [77.33813, 12.88793], [77.33571, 12.88792], [77.33324, 12.88792], [77.33306, 12.8873], [77.33313, 12.88696], [77.33332, 12.88672], [77.33379, 12.88646], [77.33416, 12.88616], [77.33462, 12.8856], [77.33526, 12.88475], [77.33542, 12.8843], [77.33546, 12.88396], [77.33539, 12.88355], [77.33523, 12.88268], [77.33494, 12.88102], [77.33492, 12.88], [77.33497, 12.87906], [77.335, 12.87839], [77.33526, 12.87817], [77.33566, 12.87808], [77.33616, 12.87799], [77.33728, 12.87779], [77.33915, 12.87751], [77.34334, 12.87674], [77.34488, 12.87645], [77.34517, 12.87578], [77.34515, 12.87365], [77.3463, 12.8701], [77.34625, 12.86328], [77.34653, 12.85948], [77.34205, 12.8596], [77.33861, 12.85972], [77.33464, 12.85985], [77.33329, 12.85999], [77.33138, 12.86003], [77.32934, 12.86013], [77.32749, 12.86021], [77.32522, 12.86023], [77.32468, 12.85991], [77.32378, 12.8586], [77.32249, 12.8567], [77.32085, 12.85368], [77.31966, 12.85209], [77.31889, 12.85049], [77.31772, 12.85068], [77.31771, 12.85068], [77.3144, 12.85121], [77.31473, 12.85392], [77.31482, 12.85487], [77.31496, 12.85602], [77.31542, 12.85674], [77.31667, 12.85868], [77.31702, 12.85966], [77.31752, 12.86197], [77.31746, 12.86356], [77.31758, 12.86562], [77.31631, 12.86607], [77.31446, 12.86684], [77.31211, 12.86774], [77.30963, 12.86899], [77.30907, 12.86919], [77.30799, 12.86935], [77.30715, 12.86978], [77.30628, 12.87107], [77.30439, 12.8726], [77.30359, 12.87329], [77.30118, 12.87325], [77.29914, 12.87313], [77.29646, 12.87313], [77.2929, 12.87296], [77.29309, 12.87376], [77.29457, 12.87694], [77.28932, 12.87713], [77.28926, 12.87672], [77.28903, 12.87584], [77.2878, 12.87202], [77.28745, 12.87045], [77.28757, 12.87], [77.28832, 12.86949], [77.28888, 12.86908], [77.28955, 12.86857], [77.29018, 12.86796], [77.29065, 12.86733], [77.2908, 12.86708], [77.29086, 12.86686], [77.29036, 12.86635], [77.28997, 12.86588], [77.28986, 12.86565], [77.28974, 12.86522], [77.28968, 12.8648], [77.28966, 12.86433], [77.28966, 12.8638], [77.28976, 12.86331], [77.2898, 12.86294], [77.28982, 12.86243], [77.28962, 12.86167], [77.28914, 12.86114], [77.28793, 12.85994], [77.28718, 12.85943], [77.28695, 12.85885], [77.28697, 12.85824], [77.28745, 12.85738], [77.28795, 12.85675], [77.2876, 12.85687], [77.286, 12.8572], [77.28425, 12.85728], [77.28362, 12.85716], [77.28254, 12.85659], [77.28134, 12.85589], [77.28119, 12.85582], [77.28061, 12.85552], [77.27953, 12.85491], [77.27909, 12.85471], [77.27803, 12.85505], [77.27678, 12.8553], [77.27439, 12.85505], [77.27318, 12.85479], [77.27229, 12.85403], [77.27139, 12.85272], [77.27033, 12.85132], [77.26946, 12.8507], [77.26819, 12.85048], [77.26682, 12.85013], [77.26611, 12.85035], [77.26555, 12.8507], [77.2648, 12.85125], [77.26373, 12.85186], [77.26286, 12.85219], [77.26299, 12.85147], [77.2624, 12.8497], [77.26207, 12.84925], [77.26134, 12.84857], [77.26066, 12.84812], [77.25992, 12.84765], [77.2584, 12.84688], [77.25753, 12.8462], [77.25685, 12.84528], [77.25657, 12.84401], [77.25636, 12.84312], [77.25601, 12.84201], [77.25539, 12.84162], [77.25376, 12.84082], [77.25293, 12.84046], [77.25202, 12.83982], [77.25125, 12.83917], [77.25037, 12.83847], [77.24894, 12.83716], [77.24598, 12.83665], [77.24321, 12.83616], [77.23916, 12.83576], [77.23802, 12.83556], [77.23632, 12.83526], [77.23382, 12.83481], [77.23298, 12.83727], [77.23207, 12.83982], [77.23087, 12.84268], [77.22999, 12.84468], [77.22727, 12.84222], [77.22415, 12.83993], [77.22272, 12.83862], [77.22188, 12.83761], [77.21922, 12.83739], [77.21546, 12.83676], [77.21398, 12.83653], [77.21413, 12.83458], [77.21411, 12.83203], [77.21404, 12.83028], [77.21271, 12.83084], [77.20992, 12.83144], [77.20872, 12.83167], [77.20769, 12.83175], [77.20578, 12.83204], [77.2045, 12.8323], [77.20269, 12.83201], [77.20141, 12.83186], [77.20006, 12.83215], [77.19827, 12.83252], [77.19553, 12.83316], [77.19301, 12.83374], [77.1911, 12.83377], [77.19088, 12.83381], [77.18941, 12.83225], [77.1871, 12.83022], [77.18472, 12.82804], [77.1839, 12.82727], [77.18243, 12.82755], [77.17817, 12.82824], [77.17594, 12.82858], [77.17551, 12.82754], [77.17507, 12.82662], [77.17346, 12.82318], [77.17148, 12.82396], [77.17037, 12.82522], [77.16887, 12.82701], [77.1658, 12.82683], [77.16187, 12.82712], [77.15883, 12.82742], [77.15883, 12.82742], [77.15762, 12.8276], [77.15762, 12.8276], [77.15669, 12.82765], [77.15627, 12.82798], [77.15627, 12.82798], [77.15512, 12.82852], [77.15455, 12.82965], [77.15449, 12.82978], [77.15317, 12.83087], [77.15243, 12.83057], [77.1516, 12.83031], [77.15108, 12.83061], [77.15075, 12.8304], [77.15075, 12.8304], [77.15063, 12.83035], [77.14992, 12.83006], [77.14941, 12.83044], [77.14996, 12.83231], [77.15029, 12.83311], [77.15042, 12.83341], [77.15041, 12.83466], [77.14977, 12.83584], [77.14959, 12.83665], [77.14861, 12.83683], [77.1481, 12.83722], [77.14812, 12.838], [77.14817, 12.84034], [77.14759, 12.84099], [77.14759, 12.84125], [77.14805, 12.84195], [77.14847, 12.84259], [77.14936, 12.84452], [77.14943, 12.84531], [77.14818, 12.84586], [77.14841, 12.84652], [77.14841, 12.84652], [77.14863, 12.84714], [77.14915, 12.84863], [77.1483, 12.84891], [77.14596, 12.84949], [77.14539, 12.85083], [77.14457, 12.85169], [77.14253, 12.85206], [77.14013, 12.85235], [77.13722, 12.85301], [77.13583, 12.85447], [77.13557, 12.85479], [77.13456, 12.85599], [77.13456, 12.85599], [77.13526, 12.85723], [77.13562, 12.85859], [77.13603, 12.86015], [77.13498, 12.86002], [77.13115, 12.85921], [77.13121, 12.86004], [77.13126, 12.86086], [77.1321, 12.86579], [77.13298, 12.87089], [77.13355, 12.87404], [77.13375, 12.87498], [77.13391, 12.87572], [77.13422, 12.87728], [77.13189, 12.87776], [77.13087, 12.87799], [77.13093, 12.87918], [77.13106, 12.8812], [77.13131, 12.88544], [77.13144, 12.88814], [77.12949, 12.88865], [77.1279, 12.88848], [77.12633, 12.88773], [77.12395, 12.88781], [77.12319, 12.88796], [77.12104, 12.88696], [77.12037, 12.88659], [77.11948, 12.88512], [77.1187, 12.88404], [77.11697, 12.88537], [77.11508, 12.88682], [77.11161, 12.88932], [77.11161, 12.88932], [77.11149, 12.88943], [77.11149, 12.88943], [77.10977, 12.89047], [77.10947, 12.89062], [77.10935, 12.89065], [77.10927, 12.89067], [77.10924, 12.89067], [77.10919, 12.89067], [77.10919, 12.89067], [77.10857, 12.89163], [77.10699, 12.89441], [77.10699, 12.89441], [77.11163, 12.89458], [77.11235, 12.89508], [77.11372, 12.89602], [77.11596, 12.89771], [77.11718, 12.89862], [77.11763, 12.89886], [77.11763, 12.89886], [77.12071, 12.89917], [77.12071, 12.89917], [77.12395, 12.89915], [77.12395, 12.89915], [77.12448, 12.89905], [77.12453, 12.89994], [77.12478, 12.90213], [77.12478, 12.90213], [77.1252, 12.90179], [77.12551, 12.90153], [77.12735, 12.90073], [77.1302, 12.89943], [77.13145, 12.8987], [77.13263, 12.89802], [77.13452, 12.89979], [77.13452, 12.89979], [77.13565, 12.90079], [77.13634, 12.9014], [77.13643, 12.90204], [77.13649, 12.90255], [77.13649, 12.90255], [77.13786, 12.90881], [77.13789, 12.90892], [77.13792, 12.90904], [77.13815, 12.91007], [77.13855, 12.91181], [77.13889, 12.91344], [77.13934, 12.9156], [77.13989, 12.9182], [77.1402, 12.91812], [77.1432, 12.91731], [77.14669, 12.91639], [77.14889, 12.91581], [77.15431, 12.91441], [77.15614, 12.91392], [77.15813, 12.9134], [77.15878, 12.9151], [77.16063, 12.91819], [77.16063, 12.91819], [77.16098, 12.91883], [77.16288, 12.92231], [77.16331, 12.92295], [77.16374, 12.92359], [77.16397, 12.92562], [77.16476, 12.92776], [77.16492, 12.92807], [77.16542, 12.92905], [77.16374, 12.9311], [77.16374, 12.9311], [77.16245, 12.93442], [77.16251, 12.93524], [77.16258, 12.93611], [77.16118, 12.93637], [77.16117, 12.93706], [77.16116, 12.93808], [77.15971, 12.93799], [77.15653, 12.94255], [77.15652, 12.94283], [77.15651, 12.94296], [77.15667, 12.94363], [77.15692, 12.94469], [77.15789, 12.94871], [77.15789, 12.94871], [77.15799, 12.94985], [77.15799, 12.94985], [77.15799, 12.9501], [77.15767, 12.95103], [77.15718, 12.95383], [77.15718, 12.95383], [77.15718, 12.95474], [77.15719, 12.95575], [77.1573, 12.9571], [77.15732, 12.95765], [77.15735, 12.95816], [77.15701, 12.95838], [77.15621, 12.95896], [77.15553, 12.95945], [77.15469, 12.95998], [77.15469, 12.95998], [77.15385, 12.96047], [77.1524, 12.96149], [77.15047, 12.96213], [77.14786, 12.96276], [77.14532, 12.96352], [77.14285, 12.96449], [77.14285, 12.96449], [77.14039, 12.96628], [77.13921, 12.96731], [77.1382, 12.96819], [77.13757, 12.96868], [77.13547, 12.97033], [77.13362, 12.97199], [77.13349, 12.97211], [77.13311, 12.97237], [77.13227, 12.97297], [77.13149, 12.97464], [77.13105, 12.97539], [77.13045, 12.97642], [77.12984, 12.97789], [77.12995, 12.97953], [77.13044, 12.98062], [77.13145, 12.98143], [77.13201, 12.98157], [77.13314, 12.98144], [77.13275, 12.98185], [77.1317, 12.98277], [77.13222, 12.9845], [77.13277, 12.98639], [77.13331, 12.98621], [77.13331, 12.98621], [77.13479, 12.98573], [77.13795, 12.98482], [77.14184, 12.98372], [77.14215, 12.98471], [77.14225, 12.98508], [77.14253, 12.98612], [77.14317, 12.98662], [77.14484, 12.98765], [77.14371, 12.98871], [77.14258, 12.99049], [77.1414, 12.99146], [77.13969, 12.99274], [77.13784, 12.99416], [77.13784, 12.99416], [77.13652, 12.99519], [77.13652, 12.99519], [77.13569, 12.99568], [77.13651, 12.99649], [77.13719, 12.99738], [77.1381, 12.99885], [77.138, 12.99951], [77.13797, 12.99976], [77.13797, 12.99976], [77.13733, 13.00123], [77.1367, 13.0022], [77.13575, 13.0031], [77.13501, 13.00404], [77.13437, 13.00535], [77.13318, 13.00603], [77.1321, 13.00673], [77.1321, 13.00673], [77.13164, 13.00707], [77.1305, 13.00677], [77.1305, 13.00677], [77.12874, 13.0067], [77.12632, 13.00655], [77.12534, 13.00682], [77.12486, 13.00648], [77.12451, 13.00624], [77.12445, 13.00514], [77.12434, 13.00384], [77.12494, 13.00327], [77.12716, 13.00123], [77.12963, 12.99869], [77.1294, 12.99776], [77.12948, 12.99555], [77.12395, 12.99527], [77.12211, 12.99524], [77.11764, 12.99508], [77.11383, 12.99622], [77.1138, 12.9958], [77.11282, 12.99581], [77.11281, 12.9962], [77.11143, 12.99616], [77.1089, 12.99625], [77.10658, 12.9965], [77.10617, 12.99368], [77.10572, 12.99367], [77.10551, 12.99266], [77.10449, 12.99331], [77.10409, 12.99356], [77.10172, 12.99513], [77.101, 12.99584], [77.09982, 12.99703], [77.09789, 12.99887], [77.0981, 12.99934], [77.09864, 12.99941], [77.09871, 12.99991], [77.10139, 13.00086], [77.10128, 13.00123], [77.10163, 13.00244], [77.10168, 13.00362], [77.10225, 13.00501], [77.10265, 13.0062], [77.10595, 13.007], [77.10869, 13.00776], [77.11103, 13.00839], [77.11354, 13.0091], [77.11486, 13.00937], [77.11687, 13.00985], [77.1171, 13.01036], [77.11761, 13.01176], [77.11799, 13.01324], [77.11826, 13.01464], [77.11826, 13.01464], [77.11736, 13.01503], [77.11697, 13.01521], [77.11629, 13.01553], [77.11548, 13.01592], [77.1148, 13.01631], [77.11315, 13.01726], [77.11219, 13.01786], [77.1119, 13.018], [77.11126, 13.01832], [77.11062, 13.01912], [77.10858, 13.02158], [77.10858, 13.02158], [77.10786, 13.02185], [77.10675, 13.02227], [77.10537, 13.02282], [77.10372, 13.02349], [77.10245, 13.024], [77.10174, 13.02429], [77.10174, 13.02429], [77.10065, 13.02487], [77.09839, 13.02432], [77.09696, 13.02517], [77.09622, 13.02559], [77.09569, 13.02588], [77.09527, 13.02613], [77.09437, 13.02666], [77.09327, 13.02893], [77.09217, 13.02962], [77.09138, 13.02983], [77.09075, 13.02999], [77.09044, 13.03005], [77.08955, 13.0302], [77.08869, 13.0309], [77.08732, 13.03224], [77.08611, 13.03336], [77.08534, 13.03406], [77.08481, 13.03489], [77.08429, 13.03564], [77.08429, 13.03564], [77.08312, 13.03734], [77.08221, 13.03846], [77.08081, 13.03864], [77.07831, 13.039], [77.07666, 13.03922], [77.07284, 13.03973], [77.07101, 13.04008], [77.06978, 13.04019], [77.07022, 13.04172], [77.07087, 13.04409], [77.07129, 13.04562], [77.07129, 13.04562], [77.0724, 13.04974], [77.07304, 13.05182], [77.07304, 13.05182], [77.0735, 13.05367], [77.07377, 13.05457], [77.07459, 13.05547], [77.07459, 13.05547], [77.07497, 13.05607], [77.07545, 13.05615], [77.07616, 13.05626], [77.07613, 13.05702], [77.07612, 13.05741], [77.07658, 13.05784], [77.07738, 13.05814], [77.07728, 13.05896], [77.07719, 13.05972], [77.07709, 13.06097], [77.07572, 13.0609], [77.07558, 13.06028], [77.07466, 13.06062], [77.07332, 13.0608], [77.07324, 13.06298], [77.07334, 13.06546], [77.07335, 13.06661], [77.07163, 13.06664], [77.07016, 13.06658], [77.06806, 13.06651], [77.06812, 13.06706], [77.06822, 13.06798], [77.07092, 13.06836], [77.07294, 13.06861], [77.07301, 13.0695], [77.07371, 13.06995], [77.07436, 13.07047], [77.07516, 13.07124], [77.07584, 13.07226], [77.07628, 13.07322], [77.07707, 13.07466], [77.07782, 13.07605], [77.07861, 13.07745], [77.07924, 13.07916], [77.07977, 13.08115], [77.08027, 13.08345], [77.08059, 13.08515], [77.08063, 13.08673], [77.08063, 13.08673], [77.08064, 13.08751], [77.08072, 13.08874], [77.08079, 13.09026], [77.08079, 13.09179], [77.0802, 13.09323], [77.0797, 13.09438], [77.07914, 13.0956], [77.07819, 13.09778], [77.07745, 13.10116], [77.07745, 13.10116], [77.07699, 13.1033], [77.07533, 13.10434], [77.07414, 13.1069], [77.07414, 13.1069], [77.07414, 13.1069], [77.07266, 13.11046], [77.07242, 13.111], [77.07197, 13.11206], [77.07134, 13.1145], [77.07108, 13.1158], [77.07067, 13.11753], [77.07057, 13.11835], [77.07046, 13.11929], [77.07046, 13.11929], [77.07032, 13.12085], [77.07044, 13.12204], [77.07057, 13.12325], [77.07069, 13.12427], [77.07088, 13.126], [77.07103, 13.12738], [77.07117, 13.12796], [77.07126, 13.12833], [77.07192, 13.13085], [77.07329, 13.13096], [77.07599, 13.13099], [77.07655, 13.13099], [77.0797, 13.13116], [77.0797, 13.13116], [77.07984, 13.13234], [77.07995, 13.13326], [77.08007, 13.13348], [77.08018, 13.13367], [77.08067, 13.13388], [77.08182, 13.13438], [77.08334, 13.13529], [77.08334, 13.13529], [77.08423, 13.13602], [77.08442, 13.13616], [77.08462, 13.13631], [77.08475, 13.13634], [77.08514, 13.13643], [77.08514, 13.13643], [77.08593, 13.13607], [77.08671, 13.13574], [77.08776, 13.13565], [77.08893, 13.13546], [77.08939, 13.1354], [77.08979, 13.13535], [77.09083, 13.13544], [77.09201, 13.13564], [77.09271, 13.13655], [77.09309, 13.13764], [77.09366, 13.13931], [77.09424, 13.141], [77.095, 13.14301], [77.09551, 13.14448], [77.09593, 13.14582], [77.09748, 13.14572], [77.09832, 13.14567], [77.09883, 13.1456], [77.09933, 13.14554], [77.10224, 13.14515], [77.10408, 13.14478], [77.10408, 13.14478], [77.10542, 13.14457], [77.10613, 13.14331], [77.10666, 13.14271], [77.10666, 13.14271], [77.10679, 13.14271], [77.10811, 13.14263], [77.10842, 13.14072], [77.10898, 13.13871], [77.10916, 13.13731], [77.10775, 13.1367], [77.10761, 13.13581], [77.10753, 13.13528], [77.10764, 13.13463], [77.10788, 13.13327], [77.10788, 13.13327], [77.10788, 13.13327], [77.10974, 13.13342], [77.11011, 13.1334], [77.11029, 13.13251], [77.11029, 13.13251], [77.11042, 13.13251], [77.11121, 13.13246], [77.1118, 13.13239], [77.11244, 13.13183], [77.11266, 13.13123], [77.11379, 13.13085], [77.11496, 13.13035], [77.11524, 13.13028], [77.11612, 13.13003], [77.11612, 13.13003], [77.1164, 13.13055], [77.11709, 13.1315], [77.11767, 13.13316], [77.11817, 13.13517], [77.1183, 13.1369], [77.11823, 13.13742], [77.11772, 13.13785], [77.11643, 13.13935], [77.11513, 13.14038], [77.11539, 13.14177], [77.11551, 13.14256], [77.11597, 13.14395], [77.11639, 13.14496], [77.11667, 13.14503], [77.11702, 13.14513], [77.11719, 13.14586], [77.11827, 13.14599], [77.11909, 13.1461], [77.11938, 13.14628], [77.11938, 13.14628], [77.1195, 13.14661], [77.11973, 13.1473], [77.11994, 13.14887], [77.1201, 13.14935], [77.12015, 13.15069], [77.11938, 13.15094], [77.11926, 13.15128], [77.11987, 13.15328], [77.11989, 13.15534], [77.11961, 13.15689], [77.11891, 13.15815], [77.11876, 13.16004], [77.11876, 13.16132], [77.11885, 13.16208], [77.11966, 13.16287], [77.11966, 13.16287], [77.12069, 13.16254], [77.12178, 13.16243], [77.12268, 13.16253], [77.12318, 13.16257], [77.12398, 13.16307], [77.12527, 13.16339], [77.1265, 13.16359], [77.12676, 13.16371], [77.12682, 13.16391], [77.12686, 13.16431], [77.1268, 13.16489], [77.12791, 13.16489], [77.12902, 13.1651], [77.12899, 13.16548], [77.12912, 13.16587], [77.12917, 13.16604], [77.12919, 13.1661], [77.12926, 13.1663], [77.12979, 13.16624], [77.13001, 13.16622], [77.13115, 13.16626], [77.13202, 13.16748], [77.1335, 13.16938], [77.13448, 13.17105], [77.13448, 13.17105], [77.13515, 13.17193], [77.13612, 13.17213], [77.13654, 13.17236], [77.13665, 13.17308], [77.13669, 13.1733], [77.13669, 13.1733], [77.13758, 13.17586], [77.13853, 13.17817], [77.13912, 13.17768], [77.13945, 13.17742], [77.14004, 13.17697], [77.14124, 13.1754], [77.14158, 13.17491], [77.14206, 13.17421], [77.14206, 13.17421], [77.14208, 13.1742], [77.14262, 13.17393], [77.14279, 13.1739], [77.14297, 13.17387], [77.14376, 13.1739], [77.14452, 13.17393], [77.14624, 13.17399], [77.14628, 13.17399], [77.14782, 13.17399], [77.14807, 13.1745], [77.14829, 13.17501], [77.14879, 13.17618], [77.14879, 13.17618], [77.14912, 13.17705], [77.14969, 13.17853], [77.15011, 13.17974], [77.15039, 13.18057], [77.15062, 13.18108], [77.15102, 13.18198], [77.15204, 13.18481], [77.15204, 13.18481], [77.15335, 13.18818], [77.15355, 13.18902], [77.15423, 13.19063], [77.15486, 13.19214], [77.15528, 13.19314], [77.15528, 13.19314], [77.15549, 13.19336], [77.15638, 13.19334], [77.15678, 13.19335], [77.1578, 13.19336], [77.15863, 13.19355], [77.15921, 13.19369], [77.16104, 13.19446], [77.16298, 13.19544], [77.16416, 13.19595], [77.16481, 13.19623], [77.16653, 13.19697], [77.16653, 13.19697], [77.16606, 13.19558]], [[77.07957, 13.06969], [77.08023, 13.06967], [77.08046, 13.07028], [77.08057, 13.07029], [77.081, 13.07032], [77.08198, 13.07036], [77.08254, 13.07053], [77.08296, 13.07076], [77.08324, 13.07104], [77.08344, 13.07148], [77.08356, 13.07213], [77.08353, 13.07298], [77.08342, 13.07305], [77.08303, 13.07325], [77.08264, 13.0736], [77.08238, 13.07392], [77.0821, 13.07392], [77.08111, 13.07394], [77.07957, 13.06969]]]}}, {"type": "Feature", "properties": {"taluk": "Ramanagara", "district": "Ramanagara", "state": "Karnataka"}, "geometry": {"type": "Polygon", "coordinates": [[[77.29309, 12.87376], [77.2929, 12.87296], [77.29646, 12.87313], [77.29914, 12.87313], [77.30118, 12.87325], [77.30359, 12.87329], [77.30439, 12.8726], [77.30628, 12.87107], [77.30715, 12.86978], [77.30799, 12.86935], [77.30907, 12.86919], [77.30963, 12.86899], [77.31211, 12.86774], [77.31446, 12.86684], [77.31631, 12.86607], [77.31758, 12.86562], [77.31746, 12.86356], [77.31752, 12.86197], [77.31702, 12.85966], [77.31667, 12.85868], [77.31542, 12.85674], [77.31496, 12.85602], [77.31482, 12.85487], [77.31473, 12.85392], [77.3144, 12.85121], [77.31771, 12.85068], [77.31772, 12.85068], [77.31889, 12.85049], [77.31966, 12.85209], [77.32085, 12.85368], [77.32249, 12.8567], [77.32378, 12.8586], [77.32468, 12.85991], [77.32522, 12.86023], [77.32749, 12.86021], [77.32934, 12.86013], [77.33138, 12.86003], [77.33329, 12.85999], [77.33464, 12.85985], [77.33861, 12.85972], [77.34205, 12.8596], [77.34653, 12.85948], [77.34625, 12.86328], [77.3463, 12.8701], [77.35137, 12.87043], [77.35607, 12.8708], [77.36436, 12.87151], [77.3656, 12.87161], [77.36831, 12.86271], [77.36949, 12.8583], [77.36976, 12.85761], [77.37149, 12.85696], [77.3732, 12.85688], [77.3738, 12.85686], [77.37528, 12.85686], [77.37673, 12.85649], [77.37791, 12.85597], [77.37912, 12.85509], [77.37941, 12.85488], [77.37956, 12.85655], [77.37988, 12.85762], [77.38538, 12.85706], [77.38521, 12.85903], [77.3858, 12.85883], [77.38674, 12.8591], [77.38831, 12.86014], [77.38919, 12.86031], [77.39003, 12.86051], [77.39254, 12.86279], [77.3946, 12.86442], [77.39579, 12.86536], [77.39516, 12.86729], [77.3974, 12.86833], [77.39872, 12.86741], [77.40125, 12.86609], [77.40266, 12.86541], [77.4023, 12.86874], [77.40216, 12.86993], [77.40389, 12.87388], [77.40802, 12.8756], [77.41039, 12.87659], [77.41579, 12.87521], [77.41579, 12.8717], [77.42025, 12.87166], [77.42122, 12.87168], [77.42187, 12.87219], [77.42482, 12.87377], [77.42789, 12.87553], [77.42989, 12.87539], [77.4297, 12.87307], [77.42922, 12.87059], [77.42794, 12.87036], [77.42419, 12.87028], [77.41839, 12.86952], [77.41881, 12.8691], [77.41901, 12.86878], [77.4218, 12.86455], [77.4242, 12.86103], [77.42565, 12.85931], [77.427, 12.85822], [77.42786, 12.85758], [77.4289, 12.85666], [77.42922, 12.8552], [77.42823, 12.85364], [77.42752, 12.85232], [77.42693, 12.85082], [77.42664, 12.85031], [77.43112, 12.85031], [77.43786, 12.85018], [77.43665, 12.84872], [77.43589, 12.84755], [77.43516, 12.84667], [77.43445, 12.84582], [77.43406, 12.84518], [77.43379, 12.84433], [77.43378, 12.84413], [77.43373, 12.84321], [77.43383, 12.84254], [77.43431, 12.84178], [77.43464, 12.84105], [77.43457, 12.83977], [77.43455, 12.83917], [77.43282, 12.83937], [77.43142, 12.83949], [77.42964, 12.83957], [77.42866, 12.83938], [77.42751, 12.83891], [77.42663, 12.83856], [77.42581, 12.83836], [77.42512, 12.83778], [77.42342, 12.83626], [77.42332, 12.8361], [77.42225, 12.83437], [77.4212, 12.83205], [77.42064, 12.82944], [77.42014, 12.82776], [77.41959, 12.82626], [77.42288, 12.82502], [77.42556, 12.82389], [77.42817, 12.82301], [77.43138, 12.82176], [77.43344, 12.82333], [77.43395, 12.82225], [77.43473, 12.82122], [77.43546, 12.82071], [77.43531, 12.81978], [77.43504, 12.81915], [77.4346, 12.8181], [77.43408, 12.81722], [77.43401, 12.8167], [77.4342, 12.8159], [77.43512, 12.81467], [77.43605, 12.81309], [77.43621, 12.81174], [77.43605, 12.81063], [77.43604, 12.81035], [77.4366, 12.8104], [77.43987, 12.81119], [77.4412, 12.80997], [77.44359, 12.80823], [77.44386, 12.80923], [77.44444, 12.81001], [77.4453, 12.80968], [77.44623, 12.80999], [77.44604, 12.81111], [77.44552, 12.81213], [77.44617, 12.81362], [77.44657, 12.8148], [77.44766, 12.81524], [77.44835, 12.81588], [77.44886, 12.81649], [77.44886, 12.81732], [77.44936, 12.81781], [77.45009, 12.8181], [77.45158, 12.81805], [77.45319, 12.8175], [77.45545, 12.81668], [77.45748, 12.81561], [77.45955, 12.81448], [77.46008, 12.81355], [77.46163, 12.81158], [77.46417, 12.81039], [77.46588, 12.80861], [77.46839, 12.81102], [77.46957, 12.81035], [77.47049, 12.80953], [77.47122, 12.80947], [77.47176, 12.80949], [77.47219, 12.80963], [77.47265, 12.81008], [77.47317, 12.81049], [77.47405, 12.81069], [77.47469, 12.81073], [77.47538, 12.81063], [77.47668, 12.81023], [77.47742, 12.81004], [77.47739, 12.80879], [77.48004, 12.80863], [77.47993, 12.80834], [77.47854, 12.80636], [77.47897, 12.80465], [77.48028, 12.80293], [77.48168, 12.80134], [77.48209, 12.80085], [77.48469, 12.80077], [77.48053, 12.7983], [77.47833, 12.79713], [77.47629, 12.79677], [77.47504, 12.79697], [77.47404, 12.79714], [77.47105, 12.79959], [77.47113, 12.79906], [77.47113, 12.79787], [77.47009, 12.79734], [77.46963, 12.79648], [77.46942, 12.79571], [77.4693, 12.79506], [77.46934, 12.79461], [77.47088, 12.79305], [77.47121, 12.79114], [77.47192, 12.78934], [77.47321, 12.78717], [77.47522, 12.78441], [77.47649, 12.78338], [77.47772, 12.78151], [77.47595, 12.77272], [77.47532, 12.77031], [77.47499, 12.76882], [77.47453, 12.76727], [77.47412, 12.76578], [77.47401, 12.76445], [77.47447, 12.76372], [77.47575, 12.76288], [77.47635, 12.76227], [77.47594, 12.76114], [77.47573, 12.75973], [77.47573, 12.75916], [77.47511, 12.7591], [77.47486, 12.75908], [77.47419, 12.75865], [77.47463, 12.75786], [77.47457, 12.75737], [77.47392, 12.75714], [77.47355, 12.75692], [77.47409, 12.75616], [77.47452, 12.75512], [77.47477, 12.75469], [77.4728, 12.75353], [77.47055, 12.75232], [77.46674, 12.75125], [77.4672, 12.7507], [77.46759, 12.75025], [77.46842, 12.74934], [77.469, 12.74882], [77.46876, 12.74835], [77.46868, 12.74763], [77.46854, 12.74697], [77.46835, 12.74567], [77.46817, 12.74534], [77.46826, 12.74515], [77.4685, 12.74468], [77.4687, 12.7443], [77.46891, 12.74397], [77.46899, 12.74378], [77.46909, 12.74375], [77.46925, 12.74365], [77.46927, 12.74358], [77.46925, 12.74344], [77.4692, 12.74332], [77.46928, 12.74317], [77.46939, 12.74281], [77.46943, 12.74261], [77.46946, 12.74241], [77.46947, 12.74223], [77.46942, 12.74203], [77.46938, 12.74175], [77.46934, 12.7414], [77.46931, 12.74113], [77.4693, 12.74099], [77.46932, 12.74089], [77.46944, 12.74055], [77.46973, 12.74021], [77.46993, 12.74005], [77.4701, 12.73988], [77.47026, 12.7397], [77.47043, 12.73949], [77.47055, 12.7393], [77.47061, 12.73911], [77.47062, 12.73888], [77.47059, 12.7386], [77.47053, 12.73827], [77.47037, 12.73767], [77.47026, 12.73737], [77.47021, 12.73728], [77.4702, 12.73707], [77.47019, 12.73685], [77.47022, 12.73671], [77.47034, 12.73634], [77.47047, 12.73596], [77.4705, 12.73568], [77.47053, 12.7353], [77.47055, 12.73508], [77.47059, 12.73495], [77.47071, 12.73464], [77.47084, 12.73432], [77.4709, 12.7341], [77.47095, 12.73386], [77.47099, 12.73362], [77.47108, 12.73338], [77.47123, 12.73307], [77.47136, 12.7329], [77.47151, 12.73281], [77.47172, 12.73264], [77.4719, 12.73244], [77.47202, 12.73225], [77.47217, 12.73196], [77.47229, 12.73166], [77.47237, 12.73152], [77.4725, 12.73141], [77.47264, 12.73132], [77.47273, 12.73126], [77.4728, 12.73123], [77.4729, 12.73123], [77.47321, 12.73126], [77.47343, 12.73129], [77.47362, 12.73128], [77.47377, 12.73124], [77.47387, 12.73118], [77.47397, 12.73109], [77.47406, 12.73092], [77.47411, 12.73066], [77.47416, 12.73039], [77.47423, 12.73019], [77.47436, 12.72997], [77.47459, 12.72963], [77.47473, 12.72948], [77.47517, 12.72911], [77.47553, 12.72873], [77.4758, 12.72837], [77.47593, 12.72818], [77.47614, 12.72811], [77.47594, 12.72756], [77.47577, 12.72708], [77.47566, 12.72661], [77.47554, 12.72616], [77.47552, 12.72588], [77.47554, 12.72548], [77.47562, 12.72497], [77.47576, 12.72449], [77.4759, 12.72405], [77.47615, 12.72361], [77.47639, 12.72321], [77.47653, 12.72261], [77.4765, 12.72188], [77.47641, 12.72141], [77.47612, 12.72085], [77.47557, 12.72024], [77.47491, 12.71972], [77.4743, 12.71934], [77.47375, 12.71908], [77.4734, 12.71889], [77.47307, 12.71862], [77.47283, 12.71827], [77.47262, 12.71792], [77.47243, 12.71743], [77.47237, 12.71723], [77.47105, 12.71756], [77.46984, 12.71788], [77.4685, 12.71812], [77.46653, 12.71854], [77.46571, 12.71852], [77.46507, 12.71872], [77.46441, 12.71892], [77.46376, 12.71913], [77.46313, 12.71928], [77.46124, 12.71983], [77.46048, 12.72007], [77.45986, 12.71962], [77.45929, 12.7192], [77.4592, 12.71897], [77.45914, 12.71877], [77.45912, 12.71858], [77.45912, 12.7183], [77.45913, 12.71789], [77.45915, 12.71766], [77.45917, 12.71738], [77.45916, 12.71674], [77.45909, 12.71591], [77.45903, 12.71547], [77.45894, 12.71502], [77.45881, 12.71463], [77.45862, 12.71407], [77.45847, 12.71364], [77.45827, 12.71324], [77.45797, 12.71282], [77.45764, 12.71254], [77.45733, 12.7123], [77.45719, 12.71213], [77.45696, 12.71178], [77.45676, 12.7114], [77.45655, 12.71105], [77.45632, 12.71077], [77.45599, 12.71044], [77.45586, 12.71026], [77.45574, 12.71], [77.45562, 12.70965], [77.45554, 12.70946], [77.4555, 12.70929], [77.45548, 12.70904], [77.45547, 12.70851], [77.45545, 12.70823], [77.45538, 12.70795], [77.45528, 12.70764], [77.45511, 12.70727], [77.45511, 12.70679], [77.45485, 12.70681], [77.45393, 12.70693], [77.45286, 12.70706], [77.45227, 12.70716], [77.45159, 12.70725], [77.4511, 12.70725], [77.45033, 12.70724], [77.44963, 12.70728], [77.44918, 12.70742], [77.44874, 12.70749], [77.44848, 12.70744], [77.44813, 12.70728], [77.44789, 12.70708], [77.44759, 12.70684], [77.44701, 12.7064], [77.4462, 12.70686], [77.4447, 12.70762], [77.44387, 12.70805], [77.44352, 12.70824], [77.44261, 12.70875], [77.44079, 12.70962], [77.44023, 12.70992], [77.43951, 12.7103], [77.43895, 12.71028], [77.43784, 12.71023], [77.43569, 12.71014], [77.43435, 12.71003], [77.43417, 12.70923], [77.43247, 12.70924], [77.43109, 12.70909], [77.43035, 12.70904], [77.42841, 12.70892], [77.4277, 12.70892], [77.42697, 12.70891], [77.42556, 12.70879], [77.4249, 12.70867], [77.42469, 12.70903], [77.42447, 12.70935], [77.42386, 12.70937], [77.42351, 12.70929], [77.42324, 12.70982], [77.42287, 12.71052], [77.42244, 12.71137], [77.42238, 12.7116], [77.4223, 12.71231], [77.4223, 12.71262], [77.42234, 12.71284], [77.42244, 12.71311], [77.42257, 12.71337], [77.42273, 12.7136], [77.42294, 12.71383], [77.42323, 12.71411], [77.42345, 12.71438], [77.42355, 12.71454], [77.42362, 12.71472], [77.42369, 12.71488], [77.42369, 12.71555], [77.42368, 12.71624], [77.42363, 12.71651], [77.4235, 12.71708], [77.42343, 12.71736], [77.42319, 12.71807], [77.42308, 12.71851], [77.42307, 12.71867], [77.42312, 12.71887], [77.42329, 12.71909], [77.42362, 12.71945], [77.42422, 12.72007], [77.42443, 12.72036], [77.42389, 12.72044], [77.42332, 12.72051], [77.42248, 12.72061], [77.42176, 12.72066], [77.4204, 12.72071], [77.4196, 12.72075], [77.41896, 12.72087], [77.41874, 12.7212], [77.41863, 12.72139], [77.41875, 12.72154], [77.41877, 12.72177], [77.41873, 12.72204], [77.41859, 12.72232], [77.41754, 12.72246], [77.41691, 12.72249], [77.41628, 12.72253], [77.4157, 12.72249], [77.415, 12.72232], [77.41435, 12.72217], [77.41304, 12.72197], [77.41178, 12.72179], [77.41111, 12.72179], [77.40987, 12.72176], [77.4091, 12.72181], [77.40876, 12.72176], [77.4082, 12.72081], [77.40804, 12.72042], [77.40796, 12.72005], [77.40794, 12.71959], [77.408, 12.7186], [77.40812, 12.71764], [77.40811, 12.71719], [77.40804, 12.71663], [77.40783, 12.71604], [77.40729, 12.71526], [77.40659, 12.7146], [77.4058, 12.71392], [77.40493, 12.71332], [77.40426, 12.71293], [77.40315, 12.71239], [77.40197, 12.71175], [77.4013, 12.71127], [77.40076, 12.7108], [77.40057, 12.71042], [77.40047, 12.71001], [77.4005, 12.70958], [77.39983, 12.70927], [77.39918, 12.70914], [77.39786, 12.70899], [77.3959, 12.70886], [77.39463, 12.70878], [77.39394, 12.70868], [77.39334, 12.70863], [77.39261, 12.70849], [77.39195, 12.70844], [77.3913, 12.7083], [77.39071, 12.70822], [77.39007, 12.70802], [77.38949, 12.70793], [77.38896, 12.70787], [77.38895, 12.70769], [77.38882, 12.7074], [77.38876, 12.70717], [77.38873, 12.7069], [77.38876, 12.70661], [77.38884, 12.70645], [77.38893, 12.70627], [77.38899, 12.70614], [77.38905, 12.70593], [77.38902, 12.70575], [77.38878, 12.70541], [77.38876, 12.70528], [77.38879, 12.70511], [77.38889, 12.70492], [77.38903, 12.70477], [77.38927, 12.70461], [77.38965, 12.70434], [77.38987, 12.70413], [77.38998, 12.70395], [77.39007, 12.70369], [77.39012, 12.70304], [77.39017, 12.70233], [77.39033, 12.70162], [77.39041, 12.70125], [77.3905, 12.7008], [77.39075, 12.70002], [77.39106, 12.69952], [77.39137, 12.69895], [77.39164, 12.6984], [77.39182, 12.69797], [77.39202, 12.69763], [77.3924, 12.69722], [77.39283, 12.69696], [77.3932, 12.69675], [77.39379, 12.69647], [77.39447, 12.69603], [77.39525, 12.69561], [77.39571, 12.69528], [77.396, 12.69494], [77.39618, 12.6946], [77.39631, 12.69409], [77.39639, 12.6936], [77.39644, 12.69316], [77.39584, 12.69336], [77.39537, 12.69345], [77.39478, 12.6935], [77.39435, 12.69348], [77.39394, 12.69334], [77.39357, 12.69311], [77.39288, 12.69258], [77.3924, 12.69214], [77.39203, 12.6917], [77.39187, 12.69162], [77.3917, 12.69161], [77.39154, 12.69161], [77.39135, 12.69154], [77.39084, 12.69128], [77.3903, 12.69102], [77.38996, 12.69095], [77.38937, 12.69085], [77.38841, 12.69077], [77.38791, 12.69069], [77.38721, 12.69053], [77.38637, 12.69041], [77.38551, 12.6903], [77.38449, 12.69013], [77.38383, 12.69006], [77.38313, 12.69003], [77.38266, 12.69001], [77.38229, 12.69007], [77.38187, 12.6902], [77.38155, 12.69027], [77.38126, 12.6903], [77.38079, 12.69038], [77.38054, 12.69047], [77.38032, 12.69061], [77.3802, 12.69091], [77.38014, 12.69117], [77.38011, 12.69149], [77.38015, 12.69216], [77.38007, 12.6926], [77.37993, 12.69302], [77.37976, 12.6933], [77.37948, 12.69359], [77.37908, 12.69394], [77.37874, 12.69425], [77.37847, 12.69453], [77.37819, 12.69488], [77.37782, 12.69519], [77.37738, 12.6955], [77.3771, 12.69571], [77.37683, 12.6958], [77.37662, 12.6958], [77.37649, 12.6958], [77.37632, 12.69575], [77.37607, 12.69566], [77.37587, 12.69561], [77.37571, 12.69559], [77.37531, 12.69591], [77.37513, 12.69607], [77.37501, 12.69611], [77.3748, 12.69613], [77.37456, 12.69622], [77.37414, 12.69657], [77.37391, 12.6968], [77.3739, 12.69702], [77.37316, 12.69706], [77.3726, 12.69709], [77.37081, 12.69697], [77.37037, 12.6958], [77.37076, 12.69212], [77.37119, 12.68972], [77.37282, 12.68801], [77.3751, 12.6879], [77.37613, 12.68747], [77.37665, 12.68701], [77.37923, 12.6847], [77.38031, 12.68342], [77.3808, 12.68105], [77.38216, 12.67402], [77.38232, 12.67242], [77.38248, 12.67081], [77.38221, 12.66724], [77.38227, 12.66585], [77.38297, 12.66463], [77.38341, 12.66409], [77.38303, 12.66315], [77.38156, 12.66085], [77.38102, 12.65915], [77.38058, 12.65679], [77.38096, 12.65301], [77.38194, 12.65263], [77.38313, 12.65158], [77.38465, 12.64913], [77.38491, 12.64842], [77.38584, 12.64592], [77.38617, 12.64368], [77.38611, 12.64165], [77.38607, 12.64037], [77.38351, 12.632], [77.37846, 12.63088], [77.37678, 12.63801], [77.37596, 12.64233], [77.37581, 12.64279], [77.37553, 12.64361], [77.37477, 12.64431], [77.3745, 12.64537], [77.37363, 12.64847], [77.37233, 12.65306], [77.3713, 12.65511], [77.36984, 12.65666], [77.36745, 12.65815], [77.36625, 12.65895], [77.36565, 12.6597], [77.36473, 12.66162], [77.36299, 12.66189], [77.36141, 12.66281], [77.36129, 12.66208], [77.36118, 12.66142], [77.36097, 12.66069], [77.36094, 12.66], [77.36092, 12.65861], [77.36104, 12.65725], [77.36114, 12.6566], [77.36106, 12.65606], [77.36101, 12.6553], [77.36077, 12.65467], [77.36055, 12.65399], [77.36026, 12.65351], [77.36016, 12.65306], [77.35998, 12.65259], [77.35973, 12.65219], [77.359, 12.65141], [77.35922, 12.65086], [77.35937, 12.64936], [77.35946, 12.64868], [77.3599, 12.64683], [77.36016, 12.64561], [77.35999, 12.64488], [77.35977, 12.64449], [77.35961, 12.64436], [77.35913, 12.64469], [77.35834, 12.64494], [77.35773, 12.64511], [77.35703, 12.64516], [77.35633, 12.64512], [77.35568, 12.64514], [77.35491, 12.64525], [77.3549, 12.64518], [77.35474, 12.64463], [77.35464, 12.64394], [77.35455, 12.64329], [77.35421, 12.6426], [77.35413, 12.64228], [77.35363, 12.64197], [77.35325, 12.64183], [77.35313, 12.64135], [77.35272, 12.64041], [77.35229, 12.64069], [77.35222, 12.64011], [77.35195, 12.63971], [77.35176, 12.63901], [77.35159, 12.63832], [77.3516, 12.63758], [77.3513, 12.63756], [77.35105, 12.63756], [77.35079, 12.63733], [77.35035, 12.63695], [77.35002, 12.6367], [77.34969, 12.6365], [77.34944, 12.63638], [77.34923, 12.63629], [77.34851, 12.63603], [77.34819, 12.63591], [77.34761, 12.63564], [77.34721, 12.63544], [77.34706, 12.6346], [77.34701, 12.63383], [77.347, 12.63358], [77.34706, 12.63306], [77.34711, 12.63242], [77.34711, 12.63182], [77.34715, 12.63115], [77.34721, 12.63056], [77.34715, 12.62987], [77.3471, 12.62926], [77.34696, 12.62868], [77.34693, 12.62806], [77.34691, 12.62773], [77.34689, 12.6277], [77.34654, 12.62717], [77.34622, 12.62654], [77.34574, 12.62571], [77.34511, 12.62441], [77.34479, 12.62373], [77.34453, 12.62318], [77.3444, 12.62275], [77.34423, 12.6221], [77.34402, 12.62161], [77.344, 12.62145], [77.34369, 12.62099], [77.34334, 12.6205], [77.34319, 12.62029], [77.34312, 12.62009], [77.34307, 12.61983], [77.34297, 12.61898], [77.34294, 12.61888], [77.34287, 12.61871], [77.34283, 12.61821], [77.34281, 12.61775], [77.3427, 12.61734], [77.34256, 12.61694], [77.34238, 12.61659], [77.34215, 12.61622], [77.342, 12.616], [77.34191, 12.6158], [77.34189, 12.61565], [77.34192, 12.61551], [77.34202, 12.61531], [77.3421, 12.6151], [77.34207, 12.61493], [77.34198, 12.6148], [77.3418, 12.61469], [77.34162, 12.61462], [77.34153, 12.61453], [77.34149, 12.61444], [77.34147, 12.61418], [77.34146, 12.61402], [77.3414, 12.61391], [77.34132, 12.61378], [77.34105, 12.61354], [77.34093, 12.61341], [77.34086, 12.61327], [77.34077, 12.61295], [77.34069, 12.61264], [77.34061, 12.61254], [77.34034, 12.61232], [77.34002, 12.61213], [77.33987, 12.61209], [77.33959, 12.61168], [77.33916, 12.61122], [77.3387, 12.61074], [77.33815, 12.61032], [77.33749, 12.61003], [77.33691, 12.60986], [77.33613, 12.60963], [77.33564, 12.60951], [77.33585, 12.60865], [77.33614, 12.60671], [77.33614, 12.60496], [77.33623, 12.60383], [77.33497, 12.60378], [77.3336, 12.60336], [77.33234, 12.60294], [77.33122, 12.6021], [77.33075, 12.60176], [77.33027, 12.60148], [77.32977, 12.60134], [77.32788, 12.60084], [77.32738, 12.60061], [77.3271, 12.60036], [77.32677, 12.59941], [77.32621, 12.59737], [77.32575, 12.59552], [77.32542, 12.59475], [77.32475, 12.59437], [77.32425, 12.59408], [77.32301, 12.59335], [77.32251, 12.59299], [77.32202, 12.59251], [77.32139, 12.59217], [77.32076, 12.59151], [77.32, 12.59109], [77.3188, 12.59049], [77.31792, 12.59027], [77.31748, 12.59011], [77.31672, 12.59011], [77.31561, 12.59052], [77.31497, 12.59093], [77.31426, 12.59109], [77.31343, 12.59109], [77.31266, 12.59094], [77.31194, 12.59067], [77.31077, 12.59016], [77.30981, 12.58938], [77.30918, 12.58967], [77.30852, 12.58947], [77.30851, 12.58946], [77.30803, 12.58932], [77.30763, 12.58872], [77.30729, 12.58812], [77.30686, 12.58759], [77.30571, 12.58726], [77.30496, 12.58729], [77.30333, 12.58681], [77.30008, 12.58564], [77.29818, 12.5867], [77.29584, 12.58857], [77.29345, 12.58974], [77.2935, 12.59428], [77.29301, 12.59631], [77.29312, 12.59855], [77.29118, 12.59908], [77.28917, 12.60111], [77.28858, 12.6009], [77.28684, 12.59935], [77.28618, 12.59919], [77.2826, 12.59881], [77.28206, 12.59652], [77.27916, 12.59708], [77.27799, 12.59731], [77.27934, 12.60201], [77.27972, 12.60366], [77.27809, 12.60468], [77.27663, 12.60473], [77.27419, 12.60277], [77.27077, 12.59872], [77.27023, 12.5929], [77.26917, 12.59246], [77.26269, 12.5898], [77.2626, 12.5915], [77.26241, 12.5953], [77.26106, 12.59605], [77.25508, 12.60042], [77.25182, 12.59007], [77.25145, 12.58889], [77.24894, 12.59029], [77.24383, 12.59484], [77.24198, 12.59633], [77.24096, 12.59726], [77.23941, 12.59853], [77.2381, 12.59962], [77.23821, 12.6], [77.23917, 12.60239], [77.2408, 12.60608], [77.24188, 12.60939], [77.24302, 12.61071], [77.24546, 12.6106], [77.24526, 12.61132], [77.24375, 12.614], [77.24346, 12.61484], [77.24354, 12.61597], [77.24378, 12.61688], [77.24407, 12.61798], [77.24437, 12.61862], [77.2448, 12.61951], [77.24554, 12.62064], [77.24609, 12.62118], [77.24628, 12.62224], [77.24658, 12.62263], [77.24713, 12.62328], [77.24751, 12.6234], [77.24792, 12.62328], [77.24859, 12.6228], [77.24894, 12.62198], [77.25026, 12.62074], [77.25176, 12.62032], [77.25294, 12.62026], [77.2536, 12.62153], [77.25436, 12.62308], [77.25802, 12.62328], [77.25865, 12.62505], [77.25897, 12.62581], [77.25942, 12.62691], [77.2606, 12.63037], [77.2662, 12.62933], [77.26625, 12.6265], [77.26651, 12.61953], [77.26657, 12.61729], [77.26857, 12.61707], [77.27313, 12.61674], [77.27738, 12.61643], [77.281, 12.61616], [77.28133, 12.61226], [77.28515, 12.61252], [77.28465, 12.61391], [77.28445, 12.61446], [77.28495, 12.6148], [77.28562, 12.61522], [77.28605, 12.61559], [77.28645, 12.61606], [77.28698, 12.61663], [77.28713, 12.61757], [77.28728, 12.6183], [77.28735, 12.61904], [77.28706, 12.62042], [77.28763, 12.62057], [77.2876, 12.62107], [77.28768, 12.62304], [77.28766, 12.62451], [77.28801, 12.62528], [77.28845, 12.62671], [77.28769, 12.62695], [77.28717, 12.62715], [77.28682, 12.62735], [77.28655, 12.62776], [77.28667, 12.62845], [77.28687, 12.62982], [77.28694, 12.63065], [77.28715, 12.63177], [77.28702, 12.63176], [77.28673, 12.63166], [77.28639, 12.63159], [77.28562, 12.63152], [77.28507, 12.63152], [77.28465, 12.63157], [77.28428, 12.63164], [77.28363, 12.63185], [77.28321, 12.63172], [77.28249, 12.6318], [77.28192, 12.63193], [77.28086, 12.63337], [77.28003, 12.63421], [77.2791, 12.63493], [77.27841, 12.63528], [77.27777, 12.6349], [77.27743, 12.63522], [77.27651, 12.63592], [77.27565, 12.63662], [77.27481, 12.63737], [77.2743, 12.63759], [77.27376, 12.63767], [77.27326, 12.63774], [77.27268, 12.6377], [77.27101, 12.63759], [77.26966, 12.63742], [77.2684, 12.63729], [77.26769, 12.63711], [77.26798, 12.63942], [77.26842, 12.64121], [77.26864, 12.64291], [77.26894, 12.64474], [77.26909, 12.64554], [77.26896, 12.64624], [77.26881, 12.64691], [77.26858, 12.64752], [77.26834, 12.64809], [77.268, 12.64869], [77.26762, 12.64924], [77.26723, 12.64969], [77.26678, 12.65015], [77.26691, 12.65062], [77.26625, 12.65079], [77.2658, 12.65084], [77.26563, 12.65086], [77.26496, 12.65097], [77.2636, 12.65105], [77.26266, 12.65116], [77.26218, 12.65122], [77.26165, 12.65143], [77.2611, 12.65184], [77.26033, 12.65241], [77.25959, 12.65304], [77.25898, 12.65353], [77.25829, 12.65373], [77.2577, 12.65403], [77.25717, 12.65429], [77.2566, 12.65465], [77.25593, 12.65495], [77.25535, 12.65506], [77.25504, 12.65518], [77.25406, 12.65583], [77.25335, 12.65618], [77.2534, 12.65739], [77.25358, 12.65935], [77.25364, 12.66154], [77.25353, 12.66286], [77.25345, 12.66507], [77.25304, 12.66708], [77.25291, 12.66877], [77.25258, 12.67071], [77.25419, 12.67074], [77.25672, 12.67058], [77.25828, 12.6705], [77.26049, 12.67037], [77.26102, 12.67185], [77.26143, 12.67373], [77.2617, 12.67525], [77.26186, 12.67586], [77.26162, 12.67673], [77.26046, 12.67694], [77.25828, 12.67739], [77.25718, 12.67763], [77.2561, 12.67797], [77.25628, 12.67928], [77.25642, 12.68055], [77.25662, 12.68249], [77.2569, 12.68323], [77.25719, 12.68379], [77.2576, 12.68436], [77.25845, 12.68545], [77.25902, 12.68669], [77.25945, 12.68793], [77.2598, 12.68847], [77.26023, 12.68894], [77.26077, 12.68938], [77.26133, 12.6897], [77.26253, 12.69013], [77.2633, 12.69037], [77.26402, 12.6906], [77.26457, 12.6911], [77.26506, 12.69157], [77.26603, 12.69258], [77.26701, 12.69373], [77.26582, 12.69392], [77.26517, 12.69403], [77.26494, 12.69476], [77.2646, 12.69536], [77.26403, 12.69597], [77.26349, 12.69612], [77.26308, 12.69571], [77.26258, 12.69518], [77.26212, 12.69433], [77.26157, 12.69463], [77.26087, 12.69499], [77.2599, 12.69542], [77.25992, 12.69646], [77.25988, 12.69718], [77.25987, 12.69786], [77.25855, 12.6985], [77.25727, 12.69938], [77.25674, 12.69911], [77.25589, 12.69852], [77.25385, 12.69714], [77.25191, 12.69553], [77.25093, 12.69467], [77.25027, 12.69417], [77.24995, 12.69224], [77.24985, 12.6917], [77.24973, 12.69108], [77.24963, 12.69031], [77.24952, 12.68959], [77.24931, 12.68941], [77.24894, 12.68819], [77.24891, 12.68817], [77.24849, 12.68789], [77.24792, 12.68746], [77.24564, 12.68607], [77.24453, 12.68704], [77.24116, 12.68986], [77.24102, 12.68997], [77.24096, 12.69005], [77.24094, 12.69025], [77.24092, 12.6904], [77.2409, 12.69079], [77.24092, 12.69128], [77.24099, 12.69176], [77.24096, 12.69198], [77.24089, 12.69219], [77.2408, 12.69241], [77.24021, 12.69344], [77.23902, 12.69565], [77.23887, 12.69584], [77.23864, 12.69614], [77.23835, 12.696], [77.23808, 12.69509], [77.23784, 12.69438], [77.23766, 12.69391], [77.23759, 12.69376], [77.23751, 12.69362], [77.23727, 12.69332], [77.23663, 12.69265], [77.23467, 12.69068], [77.23408, 12.69006], [77.2328, 12.69127], [77.23219, 12.6919], [77.23189, 12.6922], [77.23144, 12.69254], [77.23076, 12.69313], [77.22816, 12.69535], [77.22725, 12.69617], [77.22728, 12.70329], [77.22776, 12.70741], [77.22829, 12.71158], [77.2288, 12.71575], [77.22858, 12.71728], [77.22773, 12.72353], [77.22742, 12.7259], [77.2251, 12.73075], [77.22498, 12.7311], [77.22469, 12.73234], [77.22463, 12.73309], [77.22458, 12.73389], [77.22458, 12.73447], [77.22453, 12.73655], [77.22271, 12.7376], [77.21954, 12.73985], [77.2173, 12.74167], [77.21622, 12.74265], [77.21609, 12.74276], [77.21583, 12.74307], [77.21562, 12.74338], [77.21548, 12.74365], [77.21541, 12.74383], [77.21533, 12.74413], [77.21522, 12.74457], [77.21509, 12.74501], [77.21491, 12.74538], [77.21473, 12.74562], [77.21462, 12.74569], [77.21436, 12.74583], [77.214, 12.74576], [77.21385, 12.74571], [77.21368, 12.74559], [77.2136, 12.74548], [77.21351, 12.7453], [77.21345, 12.74513], [77.21341, 12.74497], [77.21333, 12.74377], [77.21326, 12.74371], [77.21316, 12.7437], [77.21296, 12.74369], [77.2104, 12.74365], [77.21001, 12.74328], [77.20821, 12.74122], [77.20787, 12.74089], [77.20774, 12.74079], [77.20759, 12.74069], [77.20723, 12.74052], [77.20616, 12.74001], [77.20379, 12.73881], [77.20355, 12.73867], [77.20344, 12.7386], [77.20332, 12.73847], [77.2032, 12.73834], [77.203, 12.73804], [77.20285, 12.73762], [77.20277, 12.73729], [77.2027, 12.73691], [77.20269, 12.73666], [77.2027, 12.7365], [77.20278, 12.73615], [77.20283, 12.73603], [77.20293, 12.73587], [77.20302, 12.73577], [77.20317, 12.73561], [77.20343, 12.73534], [77.20367, 12.73514], [77.20391, 12.73493], [77.20404, 12.73485], [77.20424, 12.73474], [77.20441, 12.73466], [77.20455, 12.73457], [77.2047, 12.73444], [77.20481, 12.7343], [77.20498, 12.73399], [77.20503, 12.73384], [77.20507, 12.73367], [77.2051, 12.73327], [77.20505, 12.73291], [77.20496, 12.73255], [77.20482, 12.73225], [77.2046, 12.73192], [77.20427, 12.73157], [77.20389, 12.73132], [77.20356, 12.73114], [77.20193, 12.73014], [77.20047, 12.72931], [77.19971, 12.72882], [77.19939, 12.72853], [77.19871, 12.7279], [77.19774, 12.72703], [77.19698, 12.72651], [77.19663, 12.72629], [77.19612, 12.72604], [77.19577, 12.72592], [77.19526, 12.72584], [77.19487, 12.72583], [77.19434, 12.72571], [77.19366, 12.72551], [77.19202, 12.72499], [77.19165, 12.72485], [77.18997, 12.72441], [77.18855, 12.724], [77.1863, 12.72598], [77.1846, 12.72725], [77.18382, 12.72791], [77.18361, 12.72807], [77.18341, 12.72821], [77.18328, 12.72827], [77.18313, 12.72833], [77.1829, 12.72834], [77.18282, 12.72881], [77.18269, 12.72927], [77.18252, 12.72972], [77.18219, 12.73035], [77.18185, 12.73117], [77.18171, 12.73153], [77.18101, 12.73322], [77.17948, 12.73688], [77.17819, 12.73997], [77.17806, 12.74035], [77.17801, 12.74059], [77.17803, 12.74076], [77.17807, 12.7412], [77.17814, 12.74141], [77.17823, 12.74159], [77.17852, 12.74222], [77.17874, 12.74256], [77.17901, 12.74285], [77.17931, 12.74311], [77.17987, 12.74365], [77.18045, 12.74419], [77.18172, 12.7454], [77.18298, 12.74614], [77.18399, 12.74664], [77.18505, 12.74725], [77.18578, 12.74778], [77.18657, 12.74842], [77.18702, 12.74889], [77.18749, 12.74948], [77.18763, 12.74969], [77.18769, 12.74985], [77.18778, 12.7501], [77.18782, 12.75026], [77.18787, 12.75039], [77.1879, 12.75047], [77.18798, 12.75061], [77.18808, 12.75075], [77.18846, 12.75125], [77.18961, 12.75398], [77.19022, 12.75493], [77.19074, 12.75602], [77.19174, 12.75815], [77.19268, 12.76013], [77.19337, 12.76141], [77.1934, 12.76215], [77.19601, 12.76204], [77.19988, 12.76189], [77.20394, 12.76196], [77.20394, 12.76331], [77.20389, 12.76384], [77.204, 12.7646], [77.20396, 12.7651], [77.20378, 12.76538], [77.20374, 12.76565], [77.2041, 12.76699], [77.20437, 12.7675], [77.20479, 12.76833], [77.20531, 12.76899], [77.20618, 12.77012], [77.20541, 12.7707], [77.20449, 12.77139], [77.20349, 12.77214], [77.20291, 12.77258], [77.20232, 12.77301], [77.20162, 12.77354], [77.20118, 12.77383], [77.20059, 12.77421], [77.20035, 12.77444], [77.19986, 12.77493], [77.19947, 12.77532], [77.19891, 12.77575], [77.19839, 12.77623], [77.19805, 12.77645], [77.19689, 12.77723], [77.19608, 12.77778], [77.19568, 12.77805], [77.19516, 12.77839], [77.19483, 12.77876], [77.19449, 12.77912], [77.19423, 12.7795], [77.19408, 12.77965], [77.19391, 12.78005], [77.19377, 12.78038], [77.19358, 12.78059], [77.19356, 12.78072], [77.19349, 12.78104], [77.19322, 12.78136], [77.19295, 12.78168], [77.1925, 12.78195], [77.19189, 12.78221], [77.19135, 12.78239], [77.19082, 12.78256], [77.19046, 12.78268], [77.19025, 12.78299], [77.19019, 12.78326], [77.19019, 12.78351], [77.19023, 12.78364], [77.19027, 12.78376], [77.19039, 12.78419], [77.19051, 12.78461], [77.1906, 12.78494], [77.19067, 12.78519], [77.19064, 12.78536], [77.1906, 12.78553], [77.1904, 12.78585], [77.19017, 12.78609], [77.19004, 12.78624], [77.18991, 12.78639], [77.18977, 12.78653], [77.18952, 12.78667], [77.18926, 12.78682], [77.18829, 12.78736], [77.18742, 12.78784], [77.18709, 12.78803], [77.18665, 12.78848], [77.18612, 12.78886], [77.18575, 12.78931], [77.18538, 12.78976], [77.18501, 12.79021], [77.18487, 12.79049], [77.18466, 12.79059], [77.18446, 12.79069], [77.18329, 12.79125], [77.18262, 12.79146], [77.18218, 12.79161], [77.18149, 12.79183], [77.18021, 12.79225], [77.17958, 12.79254], [77.17878, 12.7929], [77.1783, 12.79325], [77.17774, 12.79348], [77.17722, 12.79388], [77.17683, 12.79434], [77.17635, 12.79469], [77.17577, 12.79512], [77.17531, 12.79546], [77.17517, 12.79584], [77.17504, 12.79621], [77.17503, 12.79688], [77.17508, 12.79712], [77.1752, 12.79769], [77.17542, 12.79877], [77.17544, 12.79924], [77.17547, 12.7997], [77.17533, 12.80022], [77.17532, 12.80059], [77.17523, 12.80196], [77.17325, 12.80242], [77.17176, 12.80278], [77.16934, 12.80302], [77.16659, 12.80317], [77.16343, 12.80242], [77.16242, 12.80199], [77.16161, 12.80191], [77.16063, 12.80146], [77.15923, 12.80053], [77.15663, 12.79854], [77.15528, 12.79783], [77.15404, 12.79703], [77.15277, 12.79636], [77.15238, 12.79611], [77.15187, 12.79541], [77.15126, 12.79393], [77.15091, 12.79195], [77.14843, 12.79555], [77.14694, 12.79786], [77.14694, 12.79786], [77.1453, 12.80041], [77.14348, 12.80337], [77.14348, 12.80337], [77.13917, 12.81004], [77.13994, 12.81293], [77.14014, 12.81361], [77.14045, 12.81467], [77.1407, 12.81552], [77.14089, 12.81618], [77.14117, 12.81713], [77.14145, 12.81809], [77.14193, 12.82027], [77.14375, 12.82002], [77.14752, 12.81978], [77.14824, 12.8202], [77.14851, 12.82035], [77.15107, 12.82214], [77.15107, 12.82214], [77.15292, 12.82344], [77.15448, 12.82444], [77.15671, 12.82591], [77.15883, 12.82742], [77.15883, 12.82742], [77.15883, 12.82742], [77.16187, 12.82712], [77.1658, 12.82683], [77.16887, 12.82701], [77.17037, 12.82522], [77.17148, 12.82396], [77.17346, 12.82318], [77.17507, 12.82662], [77.17551, 12.82754], [77.17594, 12.82858], [77.17817, 12.82824], [77.18243, 12.82755], [77.1839, 12.82727], [77.18472, 12.82804], [77.1871, 12.83022], [77.18941, 12.83225], [77.19088, 12.83381], [77.1911, 12.83377], [77.19301, 12.83374], [77.19553, 12.83316], [77.19827, 12.83252], [77.20006, 12.83215], [77.20141, 12.83186], [77.20269, 12.83201], [77.2045, 12.8323], [77.20578, 12.83204], [77.20769, 12.83175], [77.20872, 12.83167], [77.20992, 12.83144], [77.21271, 12.83084], [77.21404, 12.83028], [77.21411, 12.83203], [77.21413, 12.83458], [77.21398, 12.83653], [77.21546, 12.83676], [77.21922, 12.83739], [77.22188, 12.83761], [77.22272, 12.83862], [77.22415, 12.83993], [77.22727, 12.84222], [77.22999, 12.84468], [77.23087, 12.84268], [77.23207, 12.83982], [77.23298, 12.83727], [77.23382, 12.83481], [77.23632, 12.83526], [77.23802, 12.83556], [77.23916, 12.83576], [77.24321, 12.83616], [77.24598, 12.83665], [77.24894, 12.83716], [77.25037, 12.83847], [77.25125, 12.83917], [77.25202, 12.83982], [77.25293, 12.84046], [77.25376, 12.84082], [77.25539, 12.84162], [77.25601, 12.84201], [77.25636, 12.84312], [77.25657, 12.84401], [77.25685, 12.84528], [77.25753, 12.8462], [77.2584, 12.84688], [77.25992, 12.84765], [77.26066, 12.84812], [77.26134, 12.84857], [77.26207, 12.84925], [77.2624, 12.8497], [77.26299, 12.85147], [77.26286, 12.85219], [77.26373, 12.85186], [77.2648, 12.85125], [77.26555, 12.8507], [77.26611, 12.85035], [77.26682, 12.85013], [77.26819, 12.85048], [77.26946, 12.8507], [77.27033, 12.85132], [77.27139, 12.85272], [77.27229, 12.85403], [77.27318, 12.85479], [77.27439, 12.85505], [77.27678, 12.8553], [77.27803, 12.85505], [77.27909, 12.85471], [77.27953, 12.85491], [77.28061, 12.85552], [77.28119, 12.85582], [77.28134, 12.85589], [77.28254, 12.85659], [77.28362, 12.85716], [77.28425, 12.85728], [77.286, 12.8572], [77.2876, 12.85687], [77.28795, 12.85675], [77.28745, 12.85738], [77.28697, 12.85824], [77.28695, 12.85885], [77.28718, 12.85943], [77.28793, 12.85994], [77.28914, 12.86114], [77.28962, 12.86167], [77.28982, 12.86243], [77.2898, 12.86294], [77.28976, 12.86331], [77.28966, 12.8638], [77.28966, 12.86433], [77.28968, 12.8648], [77.28974, 12.86522], [77.28986, 12.86565], [77.28997, 12.86588], [77.29036, 12.86635], [77.29086, 12.86686], [77.2908, 12.86708], [77.29065, 12.86733], [77.29018, 12.86796], [77.28955, 12.86857], [77.28888, 12.86908], [77.28832, 12.86949], [77.28757, 12.87], [77.28745, 12.87045], [77.2878, 12.87202], [77.28903, 12.87584], [77.28926, 12.87672], [77.28932, 12.87713], [77.29457, 12.87694], [77.29309, 12.87376]]]}}, {"type": "Feature", "properties": {"taluk": "Channapatna", "district": "Ramanagara", "state": "Karnataka"}, "geometry": {"type": "Polygon", "coordinates": [[[77.19295, 12.78168], [77.19322, 12.78136], [77.19349, 12.78104], [77.19356, 12.78072], [77.19358, 12.78059], [77.19377, 12.78038], [77.19391, 12.78005], [77.19408, 12.77965], [77.19423, 12.7795], [77.19449, 12.77912], [77.19483, 12.77876], [77.19516, 12.77839], [77.19568, 12.77805], [77.19608, 12.77778], [77.19689, 12.77723], [77.19805, 12.77645], [77.19839, 12.77623], [77.19891, 12.77575], [77.19947, 12.77532], [77.19986, 12.77493], [77.20035, 12.77444], [77.20059, 12.77421], [77.20118, 12.77383], [77.20162, 12.77354], [77.20232, 12.77301], [77.20291, 12.77258], [77.20349, 12.77214], [77.20449, 12.77139], [77.20541, 12.7707], [77.20618, 12.77012], [77.20531, 12.76899], [77.20479, 12.76833], [77.20437, 12.7675], [77.2041, 12.76699], [77.20374, 12.76565], [77.20378, 12.76538], [77.20396, 12.7651], [77.204, 12.7646], [77.20389, 12.76384], [77.20394, 12.76331], [77.20394, 12.76196], [77.19988, 12.76189], [77.19601, 12.76204], [77.1934, 12.76215], [77.19337, 12.76141], [77.19268, 12.76013], [77.19174, 12.75815], [77.19074, 12.75602], [77.19022, 12.75493], [77.18961, 12.75398], [77.18846, 12.75125], [77.18808, 12.75075], [77.18798, 12.75061], [77.1879, 12.75047], [77.18787, 12.75039], [77.18782, 12.75026], [77.18778, 12.7501], [77.18769, 12.74985], [77.18763, 12.74969], [77.18749, 12.74948], [77.18702, 12.74889], [77.18657, 12.74842], [77.18578, 12.74778], [77.18505, 12.74725], [77.18399, 12.74664], [77.18298, 12.74614], [77.18172, 12.7454], [77.18045, 12.74419], [77.17987, 12.74365], [77.17931, 12.74311], [77.17901, 12.74285], [77.17874, 12.74256], [77.17852, 12.74222], [77.17823, 12.74159], [77.17814, 12.74141], [77.17807, 12.7412], [77.17803, 12.74076], [77.17801, 12.74059], [77.17806, 12.74035], [77.17819, 12.73997], [77.17948, 12.73688], [77.18101, 12.73322], [77.18171, 12.73153], [77.18185, 12.73117], [77.18219, 12.73035], [77.18252, 12.72972], [77.18269, 12.72927], [77.18282, 12.72881], [77.1829, 12.72834], [77.18313, 12.72833], [77.18328, 12.72827], [77.18341, 12.72821], [77.18361, 12.72807], [77.18382, 12.72791], [77.1846, 12.72725], [77.1863, 12.72598], [77.18855, 12.724], [77.18997, 12.72441], [77.19165, 12.72485], [77.19202, 12.72499], [77.19366, 12.72551], [77.19434, 12.72571], [77.19487, 12.72583], [77.19526, 12.72584], [77.19577, 12.72592], [77.19612, 12.72604], [77.19663, 12.72629], [77.19698, 12.72651], [77.19774, 12.72703], [77.19871, 12.7279], [77.19939, 12.72853], [77.19971, 12.72882], [77.20047, 12.72931], [77.20193, 12.73014], [77.20356, 12.73114], [77.20389, 12.73132], [77.20427, 12.73157], [77.2046, 12.73192], [77.20482, 12.73225], [77.20496, 12.73255], [77.20505, 12.73291], [77.2051, 12.73327], [77.20507, 12.73367], [77.20503, 12.73384], [77.20498, 12.73399], [77.20481, 12.7343], [77.2047, 12.73444], [77.20455, 12.73457], [77.20441, 12.73466], [77.20424, 12.73474], [77.20404, 12.73485], [77.20391, 12.73493], [77.20367, 12.73514], [77.20343, 12.73534], [77.20317, 12.73561], [77.20302, 12.73577], [77.20293, 12.73587], [77.20283, 12.73603], [77.20278, 12.73615], [77.2027, 12.7365], [77.20269, 12.73666], [77.2027, 12.73691], [77.20277, 12.73729], [77.20285, 12.73762], [77.203, 12.73804], [77.2032, 12.73834], [77.20332, 12.73847], [77.20344, 12.7386], [77.20355, 12.73867], [77.20379, 12.73881], [77.20616, 12.74001], [77.20723, 12.74052], [77.20759, 12.74069], [77.20774, 12.74079], [77.20787, 12.74089], [77.20821, 12.74122], [77.21001, 12.74328], [77.2104, 12.74365], [77.21296, 12.74369], [77.21316, 12.7437], [77.21326, 12.74371], [77.21333, 12.74377], [77.21341, 12.74497], [77.21345, 12.74513], [77.21351, 12.7453], [77.2136, 12.74548], [77.21368, 12.74559], [77.21385, 12.74571], [77.214, 12.74576], [77.21436, 12.74583], [77.21462, 12.74569], [77.21473, 12.74562], [77.21491, 12.74538], [77.21509, 12.74501], [77.21522, 12.74457], [77.21533, 12.74413], [77.21541, 12.74383], [77.21548, 12.74365], [77.21562, 12.74338], [77.21583, 12.74307], [77.21609, 12.74276], [77.21622, 12.74265], [77.2173, 12.74167], [77.21954, 12.73985], [77.22271, 12.7376], [77.22453, 12.73655], [77.22458, 12.73447], [77.22458, 12.73389], [77.22463, 12.73309], [77.22469, 12.73234], [77.22498, 12.7311], [77.2251, 12.73075], [77.22742, 12.7259], [77.22773, 12.72353], [77.22858, 12.71728], [77.2288, 12.71575], [77.22829, 12.71158], [77.22776, 12.70741], [77.22728, 12.70329], [77.22725, 12.69617], [77.22816, 12.69535], [77.23076, 12.69313], [77.23144, 12.69254], [77.23189, 12.6922], [77.23219, 12.6919], [77.2328, 12.69127], [77.23408, 12.69006], [77.23467, 12.69068], [77.23663, 12.69265], [77.23727, 12.69332], [77.23751, 12.69362], [77.23759, 12.69376], [77.23766, 12.69391], [77.23784, 12.69438], [77.23808, 12.69509], [77.23835, 12.696], [77.23864, 12.69614], [77.23887, 12.69584], [77.23902, 12.69565], [77.24021, 12.69344], [77.2408, 12.69241], [77.24089, 12.69219], [77.24096, 12.69198], [77.24099, 12.69176], [77.24092, 12.69128], [77.2409, 12.69079], [77.24092, 12.6904], [77.24094, 12.69025], [77.24096, 12.69005], [77.24102, 12.68997], [77.24116, 12.68986], [77.24453, 12.68704], [77.24564, 12.68607], [77.24792, 12.68746], [77.24849, 12.68789], [77.24891, 12.68817], [77.24894, 12.68819], [77.24931, 12.68941], [77.24952, 12.68959], [77.24963, 12.69031], [77.24973, 12.69108], [77.24985, 12.6917], [77.24995, 12.69224], [77.25027, 12.69417], [77.25093, 12.69467], [77.25191, 12.69553], [77.25385, 12.69714], [77.25589, 12.69852], [77.25674, 12.69911], [77.25727, 12.69938], [77.25855, 12.6985], [77.25987, 12.69786], [77.25988, 12.69718], [77.25992, 12.69646], [77.2599, 12.69542], [77.26087, 12.69499], [77.26157, 12.69463], [77.26212, 12.69433], [77.26258, 12.69518], [77.26308, 12.69571], [77.26349, 12.69612], [77.26403, 12.69597], [77.2646, 12.69536], [77.26494, 12.69476], [77.26517, 12.69403], [77.26582, 12.69392], [77.26701, 12.69373], [77.26603, 12.69258], [77.26506, 12.69157], [77.26457, 12.6911], [77.26402, 12.6906], [77.2633, 12.69037], [77.26253, 12.69013], [77.26133, 12.6897], [77.26077, 12.68938], [77.26023, 12.68894], [77.2598, 12.68847], [77.25945, 12.68793], [77.25902, 12.68669], [77.25845, 12.68545], [77.2576, 12.68436], [77.25719, 12.68379], [77.2569, 12.68323], [77.25662, 12.68249], [77.25642, 12.68055], [77.25628, 12.67928], [77.2561, 12.67797], [77.25718, 12.67763], [77.25828, 12.67739], [77.26046, 12.67694], [77.26162, 12.67673], [77.26186, 12.67586], [77.2617, 12.67525], [77.26143, 12.67373], [77.26102, 12.67185], [77.26049, 12.67037], [77.25828, 12.6705], [77.25672, 12.67058], [77.25419, 12.67074], [77.25258, 12.67071], [77.25291, 12.66877], [77.25304, 12.66708], [77.25345, 12.66507], [77.25353, 12.66286], [77.25364, 12.66154], [77.25358, 12.65935], [77.2534, 12.65739], [77.25335, 12.65618], [77.25406, 12.65583], [77.25504, 12.65518], [77.25535, 12.65506], [77.25593, 12.65495], [77.2566, 12.65465], [77.25717, 12.65429], [77.2577, 12.65403], [77.25829, 12.65373], [77.25898, 12.65353], [77.25959, 12.65304], [77.26033, 12.65241], [77.2611, 12.65184], [77.26165, 12.65143], [77.26218, 12.65122], [77.26266, 12.65116], [77.2636, 12.65105], [77.26496, 12.65097], [77.26563, 12.65086], [77.2658, 12.65084], [77.26625, 12.65079], [77.26691, 12.65062], [77.26678, 12.65015], [77.26723, 12.64969], [77.26762, 12.64924], [77.268, 12.64869], [77.26834, 12.64809], [77.26858, 12.64752], [77.26881, 12.64691], [77.26896, 12.64624], [77.26909, 12.64554], [77.26894, 12.64474], [77.26864, 12.64291], [77.26842, 12.64121], [77.26798, 12.63942], [77.26769, 12.63711], [77.2684, 12.63729], [77.26966, 12.63742], [77.27101, 12.63759], [77.27268, 12.6377], [77.27326, 12.63774], [77.27376, 12.63767], [77.2743, 12.63759], [77.27481, 12.63737], [77.27565, 12.63662], [77.27651, 12.63592], [77.27743, 12.63522], [77.27777, 12.6349], [77.27841, 12.63528], [77.2791, 12.63493], [77.28003, 12.63421], [77.28086, 12.63337], [77.28192, 12.63193], [77.28249, 12.6318], [77.28321, 12.63172], [77.28363, 12.63185], [77.28428, 12.63164], [77.28465, 12.63157], [77.28507, 12.63152], [77.28562, 12.63152], [77.28639, 12.63159], [77.28673, 12.63166], [77.28702, 12.63176], [77.28715, 12.63177], [77.28694, 12.63065], [77.28687, 12.62982], [77.28667, 12.62845], [77.28655, 12.62776], [77.28682, 12.62735], [77.28717, 12.62715], [77.28769, 12.62695], [77.28845, 12.62671], [77.28801, 12.62528], [77.28766, 12.62451], [77.28768, 12.62304], [77.2876, 12.62107], [77.28763, 12.62057], [77.28706, 12.62042], [77.28735, 12.61904], [77.28728, 12.6183], [77.28713, 12.61757], [77.28698, 12.61663], [77.28645, 12.61606], [77.28605, 12.61559], [77.28562, 12.61522], [77.28495, 12.6148], [77.28445, 12.61446], [77.28465, 12.61391], [77.28515, 12.61252], [77.28133, 12.61226], [77.281, 12.61616], [77.27738, 12.61643], [77.27313, 12.61674], [77.26857, 12.61707], [77.26657, 12.61729], [77.26651, 12.61953], [77.26625, 12.6265], [77.2662, 12.62933], [77.2606, 12.63037], [77.25942, 12.62691], [77.25897, 12.62581], [77.25865, 12.62505], [77.25802, 12.62328], [77.25436, 12.62308], [77.2536, 12.62153], [77.25294, 12.62026], [77.25176, 12.62032], [77.25026, 12.62074], [77.24894, 12.62198], [77.24859, 12.6228], [77.24792, 12.62328], [77.24751, 12.6234], [77.24713, 12.62328], [77.24658, 12.62263], [77.24628, 12.62224], [77.24609, 12.62118], [77.24554, 12.62064], [77.2448, 12.61951], [77.24437, 12.61862], [77.24407, 12.61798], [77.24378, 12.61688], [77.24354, 12.61597], [77.24346, 12.61484], [77.24375, 12.614], [77.24526, 12.61132], [77.24546, 12.6106], [77.24302, 12.61071], [77.24188, 12.60939], [77.2408, 12.60608], [77.23917, 12.60239], [77.23821, 12.6], [77.2381, 12.59962], [77.23941, 12.59853], [77.24096, 12.59726], [77.24198, 12.59633], [77.24383, 12.59484], [77.24894, 12.59029], [77.25145, 12.58889], [77.25182, 12.59007], [77.25508, 12.60042], [77.26106, 12.59605], [77.26241, 12.5953], [77.2626, 12.5915], [77.26269, 12.5898], [77.26917, 12.59246], [77.27023, 12.5929], [77.27077, 12.59872], [77.27419, 12.60277], [77.27663, 12.60473], [77.27809, 12.60468], [77.27972, 12.60366], [77.27934, 12.60201], [77.27799, 12.59731], [77.27916, 12.59708], [77.28206, 12.59652], [77.2826, 12.59881], [77.28618, 12.59919], [77.28684, 12.59935], [77.28858, 12.6009], [77.28917, 12.60111], [77.29118, 12.59908], [77.29312, 12.59855], [77.29301, 12.59631], [77.2935, 12.59428], [77.29345, 12.58974], [77.29584, 12.58857], [77.29818, 12.5867], [77.30008, 12.58564], [77.30333, 12.58681], [77.30496, 12.58729], [77.30571, 12.58726], [77.30603, 12.58582], [77.30615, 12.58176], [77.3062, 12.58046], [77.30625, 12.57893], [77.30718, 12.57787], [77.30859, 12.57707], [77.31092, 12.57669], [77.31255, 12.57723], [77.31265, 12.57729], [77.31288, 12.57681], [77.31303, 12.57652], [77.3132, 12.5761], [77.31345, 12.57545], [77.3137, 12.57458], [77.3141, 12.5733], [77.31473, 12.57152], [77.31531, 12.57011], [77.31564, 12.56922], [77.31579, 12.56858], [77.31599, 12.568], [77.31741, 12.56799], [77.31928, 12.56795], [77.32131, 12.56791], [77.32386, 12.56794], [77.32473, 12.56804], [77.32464, 12.56782], [77.32452, 12.56753], [77.32439, 12.56724], [77.32416, 12.56674], [77.32392, 12.56643], [77.3236, 12.56607], [77.32336, 12.56581], [77.3232, 12.56556], [77.32317, 12.56545], [77.3232, 12.56521], [77.32325, 12.56503], [77.32325, 12.56474], [77.32325, 12.56431], [77.32332, 12.564], [77.32336, 12.5639], [77.32342, 12.56379], [77.32369, 12.56351], [77.32387, 12.56329], [77.32414, 12.563], [77.32429, 12.5628], [77.32439, 12.56261], [77.32443, 12.5624], [77.32442, 12.56211], [77.32436, 12.56165], [77.32429, 12.56113], [77.32429, 12.5609], [77.32438, 12.56052], [77.32459, 12.56008], [77.32478, 12.55983], [77.32487, 12.55977], [77.32494, 12.55952], [77.32504, 12.55899], [77.3248, 12.55892], [77.32314, 12.55883], [77.32011, 12.55889], [77.31818, 12.55896], [77.31754, 12.55762], [77.31631, 12.55456], [77.31572, 12.55332], [77.31529, 12.55213], [77.31694, 12.55195], [77.31835, 12.55188], [77.31864, 12.55164], [77.31907, 12.55135], [77.31956, 12.55102], [77.3199, 12.55069], [77.32014, 12.55029], [77.32063, 12.54944], [77.32076, 12.54914], [77.32084, 12.54887], [77.32084, 12.54861], [77.32082, 12.54826], [77.32076, 12.54801], [77.32109, 12.54777], [77.32163, 12.54741], [77.32184, 12.54734], [77.32223, 12.54728], [77.32249, 12.54737], [77.32303, 12.54761], [77.32342, 12.54775], [77.32394, 12.54779], [77.32431, 12.54771], [77.32467, 12.54753], [77.32515, 12.54712], [77.32552, 12.54675], [77.32554, 12.54665], [77.32555, 12.54654], [77.32547, 12.54601], [77.32534, 12.54549], [77.32511, 12.54491], [77.32494, 12.5443], [77.32462, 12.54309], [77.32457, 12.5424], [77.32426, 12.54122], [77.32385, 12.53999], [77.32354, 12.53933], [77.32329, 12.53876], [77.32279, 12.53751], [77.32263, 12.5372], [77.32265, 12.53702], [77.32284, 12.53655], [77.32328, 12.53612], [77.32394, 12.53569], [77.32449, 12.53557], [77.3242, 12.5349], [77.32417, 12.53459], [77.32411, 12.53409], [77.324, 12.53381], [77.32373, 12.53352], [77.32312, 12.53348], [77.32277, 12.53267], [77.32305, 12.53231], [77.32302, 12.53167], [77.32252, 12.5316], [77.32188, 12.53114], [77.32127, 12.53171], [77.31995, 12.53192], [77.31834, 12.53224], [77.31617, 12.5325], [77.31633, 12.53345], [77.31587, 12.53385], [77.31543, 12.53424], [77.31495, 12.53469], [77.31455, 12.5351], [77.31419, 12.53559], [77.31346, 12.53668], [77.31308, 12.53715], [77.31256, 12.53765], [77.31222, 12.53878], [77.31161, 12.5407], [77.31135, 12.5403], [77.31104, 12.53972], [77.31048, 12.53867], [77.31013, 12.53814], [77.3099, 12.53751], [77.30973, 12.53746], [77.30917, 12.53745], [77.30843, 12.53764], [77.30783, 12.538], [77.30735, 12.53846], [77.3069, 12.53905], [77.30663, 12.5395], [77.30605, 12.54076], [77.30561, 12.54209], [77.30538, 12.54325], [77.30515, 12.54446], [77.30504, 12.54507], [77.30501, 12.54573], [77.30528, 12.54603], [77.30565, 12.54643], [77.3057, 12.54719], [77.30557, 12.54722], [77.30527, 12.54723], [77.3049, 12.54717], [77.30453, 12.54703], [77.30419, 12.54689], [77.30372, 12.54676], [77.30327, 12.54668], [77.30274, 12.54668], [77.30231, 12.5467], [77.30166, 12.5468], [77.30073, 12.54693], [77.29995, 12.54701], [77.29946, 12.54704], [77.29925, 12.54662], [77.29904, 12.54615], [77.2989, 12.54569], [77.29816, 12.5457], [77.29752, 12.54576], [77.29639, 12.54575], [77.29572, 12.54564], [77.2955, 12.54558], [77.29501, 12.54541], [77.29448, 12.54527], [77.29407, 12.54521], [77.29323, 12.54518], [77.29286, 12.54549], [77.29223, 12.54567], [77.29184, 12.54625], [77.29164, 12.54677], [77.29113, 12.54682], [77.29067, 12.54674], [77.29009, 12.54663], [77.28936, 12.54651], [77.28889, 12.54642], [77.28865, 12.54638], [77.28791, 12.54629], [77.28791, 12.54581], [77.28784, 12.54543], [77.28741, 12.54537], [77.28684, 12.5454], [77.28641, 12.54544], [77.28591, 12.54547], [77.28554, 12.54548], [77.28566, 12.54512], [77.2857, 12.54478], [77.28576, 12.54406], [77.2858, 12.54329], [77.28579, 12.54283], [77.28603, 12.54183], [77.28619, 12.5408], [77.28625, 12.53997], [77.28645, 12.53866], [77.28667, 12.53703], [77.28683, 12.53642], [77.28707, 12.53569], [77.28733, 12.53446], [77.28792, 12.53213], [77.28804, 12.53144], [77.28792, 12.53084], [77.2847, 12.52997], [77.28228, 12.52929], [77.28094, 12.52892], [77.27903, 12.52856], [77.27854, 12.52949], [77.27776, 12.53039], [77.27675, 12.53029], [77.27581, 12.53009], [77.27513, 12.53118], [77.27385, 12.5339], [77.27285, 12.53655], [77.27211, 12.5378], [77.27491, 12.53955], [77.27618, 12.54048], [77.27664, 12.54115], [77.27662, 12.5419], [77.27599, 12.54246], [77.2748, 12.54291], [77.27158, 12.54352], [77.27063, 12.54381], [77.27182, 12.5458], [77.27304, 12.54759], [77.27111, 12.54767], [77.26957, 12.54732], [77.26824, 12.54692], [77.26704, 12.54636], [77.26647, 12.54625], [77.26558, 12.54615], [77.26498, 12.5462], [77.26455, 12.54671], [77.26446, 12.54724], [77.26468, 12.54788], [77.26509, 12.54838], [77.26574, 12.54892], [77.26677, 12.54935], [77.26775, 12.54964], [77.26913, 12.54996], [77.27022, 12.55022], [77.26883, 12.55119], [77.26756, 12.5519], [77.2662, 12.55212], [77.26437, 12.55184], [77.26368, 12.55178], [77.26332, 12.55177], [77.2629, 12.55177], [77.26215, 12.5517], [77.26149, 12.55151], [77.2604, 12.55102], [77.25919, 12.55052], [77.25842, 12.55021], [77.2578, 12.54996], [77.25718, 12.54967], [77.25658, 12.5494], [77.25592, 12.54911], [77.25527, 12.54891], [77.25462, 12.54882], [77.25389, 12.54866], [77.25326, 12.54835], [77.2531, 12.54822], [77.25272, 12.5479], [77.25224, 12.54731], [77.2518, 12.54664], [77.25144, 12.54589], [77.2513, 12.54523], [77.25133, 12.54448], [77.2514, 12.54382], [77.25178, 12.54322], [77.25221, 12.5427], [77.25254, 12.54218], [77.25274, 12.54152], [77.25296, 12.54095], [77.2532, 12.54035], [77.25333, 12.53972], [77.25357, 12.53911], [77.25373, 12.53847], [77.2539, 12.53774], [77.25407, 12.53709], [77.25411, 12.53653], [77.25424, 12.53583], [77.2544, 12.5352], [77.25513, 12.53496], [77.25597, 12.53468], [77.25655, 12.53446], [77.25729, 12.5342], [77.25737, 12.53356], [77.25741, 12.53284], [77.25746, 12.53213], [77.25753, 12.53145], [77.25611, 12.53122], [77.25541, 12.53094], [77.25459, 12.53066], [77.25393, 12.53035], [77.25402, 12.52975], [77.25411, 12.5289], [77.25433, 12.52769], [77.25448, 12.52691], [77.25458, 12.52632], [77.2547, 12.52557], [77.25481, 12.52502], [77.2549, 12.5244], [77.25503, 12.52372], [77.25516, 12.5231], [77.25525, 12.52242], [77.25534, 12.52185], [77.25549, 12.52114], [77.25559, 12.52058], [77.25571, 12.51998], [77.25582, 12.51931], [77.25591, 12.51871], [77.256, 12.5181], [77.2561, 12.51679], [77.25608, 12.51608], [77.25613, 12.51554], [77.25617, 12.5141], [77.25627, 12.51302], [77.25634, 12.51175], [77.25638, 12.51111], [77.25645, 12.51051], [77.25678, 12.50925], [77.25692, 12.50855], [77.25704, 12.508], [77.25731, 12.50687], [77.25743, 12.50635], [77.25744, 12.50609], [77.25735, 12.50583], [77.25699, 12.5053], [77.25698, 12.50529], [77.25636, 12.50556], [77.25547, 12.50571], [77.25505, 12.50579], [77.25444, 12.50597], [77.25309, 12.50615], [77.25248, 12.50627], [77.25174, 12.50646], [77.25049, 12.5063], [77.24895, 12.50604], [77.24808, 12.50598], [77.24809, 12.50635], [77.24806, 12.50671], [77.24791, 12.50695], [77.24697, 12.50713], [77.24645, 12.50723], [77.24588, 12.50725], [77.2449, 12.50716], [77.24342, 12.50708], [77.24173, 12.50722], [77.24023, 12.50715], [77.23958, 12.50735], [77.23958, 12.50713], [77.23963, 12.50691], [77.23965, 12.50666], [77.23969, 12.50623], [77.23964, 12.50607], [77.23964, 12.50586], [77.23964, 12.50564], [77.23963, 12.50538], [77.23959, 12.5052], [77.23951, 12.50501], [77.23943, 12.50491], [77.23924, 12.50482], [77.23901, 12.50478], [77.23883, 12.50472], [77.23869, 12.50463], [77.23856, 12.50449], [77.23845, 12.50428], [77.2384, 12.50406], [77.23841, 12.50371], [77.23852, 12.50304], [77.23855, 12.50278], [77.23857, 12.50233], [77.23852, 12.50181], [77.23839, 12.50126], [77.23813, 12.50061], [77.23781, 12.4999], [77.23724, 12.49992], [77.23716, 12.49992], [77.23711, 12.49993], [77.23656, 12.49996], [77.2361, 12.50006], [77.23564, 12.5002], [77.23499, 12.50031], [77.23461, 12.50037], [77.23373, 12.5005], [77.23346, 12.5005], [77.23318, 12.5005], [77.23249, 12.50056], [77.23218, 12.50062], [77.23169, 12.5007], [77.23097, 12.50077], [77.23063, 12.5008], [77.22988, 12.50093], [77.22934, 12.50102], [77.2292, 12.50105], [77.22871, 12.50116], [77.2287, 12.50116], [77.22817, 12.50126], [77.22697, 12.50166], [77.22409, 12.50258], [77.22398, 12.50126], [77.22408, 12.50067], [77.22408, 12.50013], [77.22393, 12.49937], [77.22392, 12.49927], [77.22388, 12.49883], [77.22389, 12.49859], [77.2239, 12.49828], [77.22395, 12.4971], [77.22399, 12.49613], [77.22396, 12.49548], [77.22375, 12.49476], [77.22365, 12.49459], [77.22347, 12.49425], [77.22317, 12.49358], [77.22289, 12.49293], [77.22224, 12.49154], [77.22224, 12.49154], [77.22159, 12.4916], [77.22064, 12.49168], [77.21921, 12.49193], [77.21828, 12.49202], [77.21707, 12.4922], [77.21707, 12.4922], [77.21669, 12.49231], [77.21655, 12.49224], [77.21646, 12.49211], [77.21631, 12.4919], [77.21592, 12.49131], [77.21592, 12.49131], [77.21572, 12.4911], [77.21554, 12.49092], [77.21516, 12.4903], [77.21476, 12.48947], [77.21476, 12.48947], [77.21467, 12.48924], [77.2145, 12.4888], [77.21438, 12.48826], [77.21431, 12.48726], [77.21397, 12.486], [77.21381, 12.48556], [77.21381, 12.48556], [77.21359, 12.48526], [77.21327, 12.48507], [77.21287, 12.48505], [77.21187, 12.48501], [77.21095, 12.48498], [77.21033, 12.48498], [77.20989, 12.48498], [77.20934, 12.48497], [77.20829, 12.48495], [77.20829, 12.48495], [77.20797, 12.48499], [77.20778, 12.48501], [77.2077, 12.48502], [77.2077, 12.48502], [77.20747, 12.48502], [77.20699, 12.48499], [77.20664, 12.48499], [77.20627, 12.48502], [77.20609, 12.48508], [77.2058, 12.48519], [77.20572, 12.48593], [77.20572, 12.48593], [77.20564, 12.4869], [77.20564, 12.4869], [77.20566, 12.4874], [77.20577, 12.48841], [77.2059, 12.48931], [77.20596, 12.48972], [77.20604, 12.49026], [77.20603, 12.49044], [77.20591, 12.49056], [77.20572, 12.49058], [77.20495, 12.49056], [77.20495, 12.49056], [77.20401, 12.49056], [77.20241, 12.49058], [77.20116, 12.49059], [77.20098, 12.49059], [77.20062, 12.4906], [77.20044, 12.49058], [77.20016, 12.49054], [77.20005, 12.4904], [77.20002, 12.49027], [77.19998, 12.49002], [77.19998, 12.49002], [77.19994, 12.48974], [77.19992, 12.48963], [77.19978, 12.48921], [77.19978, 12.48921], [77.1996, 12.48875], [77.19952, 12.48861], [77.19937, 12.48833], [77.19928, 12.48808], [77.19921, 12.4879], [77.19911, 12.48734], [77.19889, 12.48651], [77.19889, 12.48651], [77.19863, 12.48562], [77.19863, 12.48562], [77.19783, 12.48325], [77.19737, 12.48335], [77.19685, 12.48347], [77.19597, 12.48362], [77.19484, 12.48372], [77.19457, 12.48332], [77.19457, 12.48332], [77.19415, 12.48288], [77.1935, 12.48233], [77.19325, 12.48212], [77.19299, 12.48192], [77.19271, 12.48193], [77.19257, 12.48194], [77.19195, 12.48202], [77.1911, 12.48203], [77.18996, 12.48205], [77.18899, 12.48202], [77.18823, 12.48191], [77.18804, 12.48188], [77.18726, 12.48163], [77.18694, 12.48146], [77.18661, 12.48139], [77.18598, 12.48135], [77.18569, 12.48131], [77.18509, 12.48123], [77.18421, 12.48115], [77.18302, 12.48101], [77.18207, 12.4808], [77.18173, 12.48071], [77.18051, 12.48037], [77.17888, 12.47964], [77.1784, 12.4794], [77.17819, 12.47932], [77.17809, 12.47934], [77.17809, 12.47934], [77.17763, 12.47961], [77.17729, 12.47974], [77.17651, 12.47994], [77.17593, 12.48017], [77.17593, 12.48017], [77.17578, 12.4803], [77.17578, 12.4803], [77.1757, 12.48057], [77.1757, 12.48071], [77.17571, 12.48098], [77.17585, 12.48174], [77.17585, 12.48204], [77.17585, 12.48257], [77.17509, 12.48283], [77.17401, 12.48296], [77.17382, 12.48299], [77.17288, 12.48326], [77.17193, 12.48347], [77.17171, 12.48356], [77.17168, 12.48357], [77.17157, 12.48361], [77.17157, 12.48361], [77.1713, 12.48385], [77.17107, 12.48399], [77.17086, 12.48412], [77.17019, 12.48445], [77.16948, 12.4847], [77.16948, 12.4847], [77.16885, 12.4849], [77.16812, 12.48527], [77.16774, 12.48459], [77.16744, 12.48411], [77.16688, 12.48306], [77.16641, 12.48208], [77.16641, 12.48208], [77.16613, 12.48119], [77.16613, 12.48119], [77.16587, 12.48022], [77.16576, 12.47958], [77.16573, 12.47917], [77.1657, 12.47869], [77.1657, 12.47833], [77.16556, 12.47788], [77.16556, 12.47788], [77.16527, 12.47689], [77.16508, 12.47582], [77.16491, 12.47521], [77.16476, 12.47503], [77.16462, 12.47498], [77.16462, 12.47498], [77.16418, 12.47504], [77.16376, 12.47506], [77.16357, 12.47506], [77.16342, 12.47507], [77.1631, 12.47509], [77.16284, 12.47515], [77.16267, 12.47518], [77.16239, 12.47523], [77.16166, 12.47522], [77.16099, 12.47526], [77.16043, 12.47531], [77.16043, 12.47531], [77.15993, 12.4754], [77.15968, 12.47543], [77.15933, 12.47548], [77.15875, 12.47556], [77.15835, 12.47561], [77.15832, 12.47561], [77.15829, 12.47561], [77.15792, 12.47558], [77.15786, 12.47555], [77.15777, 12.4755], [77.15771, 12.47541], [77.15771, 12.47524], [77.15771, 12.47502], [77.15764, 12.47463], [77.15743, 12.47419], [77.15716, 12.47359], [77.15675, 12.47287], [77.15619, 12.47223], [77.15566, 12.47171], [77.15458, 12.47083], [77.15373, 12.47012], [77.15357, 12.46999], [77.15269, 12.46904], [77.15269, 12.46904], [77.15262, 12.46894], [77.15211, 12.46822], [77.15162, 12.46729], [77.15139, 12.46685], [77.15098, 12.46567], [77.15069, 12.46474], [77.15069, 12.46474], [77.15023, 12.46435], [77.14951, 12.46355], [77.1488, 12.46279], [77.14831, 12.46243], [77.14778, 12.46218], [77.14719, 12.46204], [77.14631, 12.46199], [77.14585, 12.46201], [77.14541, 12.46204], [77.14487, 12.46214], [77.14463, 12.46219], [77.14376, 12.4624], [77.14296, 12.46267], [77.14237, 12.46284], [77.14183, 12.46301], [77.14141, 12.46318], [77.14062, 12.46375], [77.13978, 12.46446], [77.13978, 12.46446], [77.13889, 12.46534], [77.13797, 12.4662], [77.13764, 12.46663], [77.13741, 12.46691], [77.13716, 12.46728], [77.13694, 12.46762], [77.13671, 12.46796], [77.13654, 12.46821], [77.13626, 12.46881], [77.13626, 12.46881], [77.13567, 12.4696], [77.13551, 12.4698], [77.13482, 12.47086], [77.13442, 12.47187], [77.13442, 12.47187], [77.13415, 12.47295], [77.13396, 12.47387], [77.1339, 12.47538], [77.13386, 12.47563], [77.13382, 12.47589], [77.13369, 12.47638], [77.13369, 12.47661], [77.13369, 12.47674], [77.13376, 12.47729], [77.13376, 12.47787], [77.13376, 12.47787], [77.13364, 12.47831], [77.13337, 12.47877], [77.13305, 12.47918], [77.13304, 12.4792], [77.13253, 12.4796], [77.13183, 12.48009], [77.1318, 12.4801], [77.13147, 12.48026], [77.13118, 12.48032], [77.13087, 12.48038], [77.13033, 12.48036], [77.12999, 12.48035], [77.1297, 12.48033], [77.12919, 12.48029], [77.12864, 12.48025], [77.12818, 12.48025], [77.12731, 12.48025], [77.12731, 12.48025], [77.12646, 12.48029], [77.12538, 12.48024], [77.12541, 12.48052], [77.12546, 12.48094], [77.12546, 12.48132], [77.1254, 12.48153], [77.12538, 12.48161], [77.1248, 12.48276], [77.12419, 12.48373], [77.12396, 12.48407], [77.12396, 12.48407], [77.12391, 12.48425], [77.12391, 12.4844], [77.12397, 12.48455], [77.124, 12.48462], [77.12414, 12.48484], [77.12425, 12.48501], [77.1246, 12.48574], [77.12487, 12.48658], [77.12491, 12.48673], [77.12506, 12.48739], [77.12517, 12.48801], [77.12524, 12.48849], [77.12543, 12.48882], [77.12543, 12.48882], [77.12573, 12.4893], [77.12623, 12.48993], [77.12623, 12.48993], [77.1266, 12.49037], [77.12677, 12.49059], [77.12691, 12.49079], [77.12729, 12.49143], [77.12729, 12.49143], [77.12756, 12.49182], [77.12772, 12.49206], [77.12781, 12.49228], [77.12782, 12.49231], [77.12816, 12.4932], [77.12816, 12.4932], [77.12836, 12.49372], [77.12863, 12.49424], [77.12891, 12.49479], [77.12891, 12.49479], [77.12919, 12.49528], [77.12928, 12.4954], [77.12943, 12.49561], [77.12951, 12.49569], [77.12964, 12.49585], [77.12985, 12.49604], [77.12992, 12.49614], [77.12998, 12.49623], [77.13022, 12.49656], [77.13022, 12.49656], [77.13032, 12.49676], [77.13053, 12.4974], [77.13062, 12.4977], [77.1307, 12.49826], [77.13083, 12.49922], [77.1309, 12.50018], [77.13037, 12.50126], [77.13051, 12.50159], [77.13056, 12.50183], [77.13063, 12.5022], [77.13067, 12.50262], [77.13065, 12.50289], [77.13063, 12.50321], [77.13063, 12.50321], [77.13044, 12.50359], [77.13003, 12.50429], [77.12988, 12.50471], [77.12986, 12.50504], [77.12986, 12.50504], [77.12991, 12.50535], [77.13, 12.50569], [77.13017, 12.50594], [77.13027, 12.50607], [77.13033, 12.50641], [77.13035, 12.50932], [77.13035, 12.50935], [77.13035, 12.50935], [77.13029, 12.50939], [77.1301, 12.50941], [77.12997, 12.50942], [77.12991, 12.50955], [77.13043, 12.51258], [77.13078, 12.51545], [77.13082, 12.51588], [77.1309, 12.51667], [77.13107, 12.51744], [77.13157, 12.51835], [77.13157, 12.51835], [77.1317, 12.51865], [77.13168, 12.51878], [77.13091, 12.51961], [77.1308, 12.51974], [77.13032, 12.52014], [77.13032, 12.52014], [77.12965, 12.52047], [77.12933, 12.52054], [77.12932, 12.52054], [77.12912, 12.52059], [77.12895, 12.52063], [77.12827, 12.52078], [77.12808, 12.52091], [77.1279, 12.52104], [77.12762, 12.52146], [77.12731, 12.52194], [77.12721, 12.52208], [77.12675, 12.5224], [77.12504, 12.52328], [77.12501, 12.52409], [77.12501, 12.52409], [77.12586, 12.52687], [77.12665, 12.5297], [77.12691, 12.53054], [77.12727, 12.53167], [77.12729, 12.5318], [77.1271, 12.53236], [77.1271, 12.53236], [77.12651, 12.5336], [77.12592, 12.53447], [77.12529, 12.53541], [77.12529, 12.53541], [77.12396, 12.53707], [77.12396, 12.53707], [77.12263, 12.53874], [77.12065, 12.54114], [77.12013, 12.5413], [77.11946, 12.54151], [77.11649, 12.54235], [77.11567, 12.54262], [77.11454, 12.54301], [77.11454, 12.54301], [77.11451, 12.54612], [77.11451, 12.54612], [77.1145, 12.54854], [77.11445, 12.55213], [77.11447, 12.55287], [77.11447, 12.55287], [77.11447, 12.55308], [77.11448, 12.55332], [77.11682, 12.5553], [77.11682, 12.5553], [77.11744, 12.55497], [77.11801, 12.55488], [77.11856, 12.55492], [77.11899, 12.55501], [77.11933, 12.55513], [77.11968, 12.55531], [77.12005, 12.55561], [77.12138, 12.55502], [77.12279, 12.55465], [77.12329, 12.55451], [77.12372, 12.55444], [77.12396, 12.5544], [77.1278, 12.55335], [77.12789, 12.55456], [77.12805, 12.55652], [77.1281, 12.55818], [77.12817, 12.56017], [77.12821, 12.56113], [77.12835, 12.5638], [77.12852, 12.56667], [77.1285, 12.5677], [77.12847, 12.56847], [77.12848, 12.56995], [77.1267, 12.57089], [77.12587, 12.57142], [77.12463, 12.5725], [77.12463, 12.5725], [77.12454, 12.57258], [77.12396, 12.57312], [77.12346, 12.57362], [77.12278, 12.57446], [77.12198, 12.57545], [77.1206, 12.57712], [77.11904, 12.579], [77.11881, 12.57924], [77.11862, 12.57951], [77.11813, 12.5802], [77.11694, 12.58197], [77.11693, 12.58302], [77.11677, 12.58491], [77.11649, 12.58622], [77.11649, 12.58622], [77.11648, 12.58628], [77.11572, 12.589], [77.11572, 12.589], [77.11552, 12.58984], [77.11499, 12.59242], [77.11491, 12.59285], [77.11491, 12.59285], [77.1146, 12.59433], [77.1142, 12.59646], [77.1122, 12.59657], [77.10998, 12.59668], [77.10989, 12.59724], [77.10976, 12.59805], [77.10958, 12.59947], [77.10932, 12.60101], [77.10907, 12.60265], [77.10904, 12.60285], [77.10893, 12.60351], [77.10883, 12.60416], [77.10874, 12.60478], [77.10864, 12.60547], [77.1083, 12.60705], [77.10813, 12.60789], [77.1081, 12.60842], [77.10813, 12.60864], [77.10813, 12.60864], [77.10815, 12.60873], [77.10815, 12.60873], [77.10825, 12.60887], [77.10878, 12.60968], [77.1089, 12.60987], [77.10898, 12.61001], [77.1092, 12.61072], [77.10939, 12.61155], [77.10947, 12.61189], [77.10968, 12.61302], [77.11026, 12.61485], [77.11026, 12.61485], [77.11104, 12.61617], [77.11208, 12.61599], [77.11229, 12.61599], [77.11239, 12.61604], [77.11246, 12.61608], [77.1125, 12.6161], [77.11263, 12.61618], [77.11273, 12.61623], [77.11277, 12.61625], [77.11296, 12.61629], [77.114, 12.61651], [77.11405, 12.61654], [77.11411, 12.61657], [77.11416, 12.61663], [77.11418, 12.61665], [77.11421, 12.61712], [77.11421, 12.61712], [77.11596, 12.61736], [77.11669, 12.61753], [77.11669, 12.61753], [77.11686, 12.61756], [77.11759, 12.61757], [77.11774, 12.61759], [77.11781, 12.61761], [77.11784, 12.61761], [77.11787, 12.61762], [77.11796, 12.61765], [77.11817, 12.61774], [77.11843, 12.61786], [77.11892, 12.61808], [77.1216, 12.61913], [77.1225, 12.61949], [77.12249, 12.62082], [77.12249, 12.62082], [77.12249, 12.62082], [77.12244, 12.62262], [77.12236, 12.62365], [77.12144, 12.62429], [77.12115, 12.6245], [77.12019, 12.62505], [77.11952, 12.62557], [77.11952, 12.62557], [77.11934, 12.62576], [77.11925, 12.62592], [77.11922, 12.62597], [77.11907, 12.62625], [77.11905, 12.62678], [77.11903, 12.62725], [77.11801, 12.62727], [77.11676, 12.6273], [77.11676, 12.6273], [77.11672, 12.62871], [77.11619, 12.62869], [77.11619, 12.62869], [77.11549, 12.62866], [77.11248, 12.62884], [77.11054, 12.62862], [77.10905, 12.6284], [77.10806, 12.62826], [77.10466, 12.62766], [77.10466, 12.62766], [77.10371, 12.62949], [77.1032, 12.63048], [77.10218, 12.63048], [77.10037, 12.63049], [77.10037, 12.63049], [77.10037, 12.6308], [77.10032, 12.63433], [77.10031, 12.63625], [77.10031, 12.63754], [77.10031, 12.63811], [77.10027, 12.6401], [77.10022, 12.6407], [77.10011, 12.64209], [77.1, 12.64297], [77.1, 12.64297], [77.1, 12.64297], [77.09999, 12.64335], [77.09997, 12.64408], [77.09989, 12.64518], [77.09982, 12.64607], [77.09977, 12.64672], [77.09967, 12.64797], [77.09951, 12.64967], [77.0995, 12.6498], [77.09943, 12.65061], [77.09939, 12.65101], [77.09926, 12.6523], [77.09914, 12.65396], [77.09913, 12.65412], [77.09902, 12.65599], [77.09891, 12.65706], [77.09885, 12.65769], [77.09873, 12.65943], [77.09873, 12.65974], [77.09873, 12.65974], [77.09873, 12.66113], [77.09866, 12.66355], [77.09866, 12.66355], [77.09876, 12.66496], [77.09885, 12.66683], [77.09894, 12.6687], [77.09904, 12.67058], [77.09922, 12.67332], [77.09878, 12.67386], [77.09806, 12.67472], [77.09806, 12.67472], [77.09775, 12.67518], [77.09752, 12.67551], [77.0969, 12.67554], [77.09646, 12.67556], [77.09357, 12.67571], [77.09357, 12.67571], [77.09082, 12.67582], [77.09067, 12.67582], [77.0882, 12.67591], [77.08556, 12.67603], [77.08273, 12.67614], [77.08029, 12.67623], [77.07987, 12.67662], [77.07987, 12.67662], [77.07802, 12.67832], [77.07747, 12.67831], [77.07693, 12.67831], [77.076, 12.67829], [77.076, 12.67829], [77.07499, 12.67938], [77.07368, 12.68069], [77.0737, 12.68108], [77.07371, 12.68123], [77.07377, 12.68272], [77.0738, 12.68296], [77.07386, 12.68302], [77.0739, 12.68303], [77.07393, 12.68304], [77.07573, 12.683], [77.0757, 12.68422], [77.07569, 12.68489], [77.07463, 12.68499], [77.07375, 12.68506], [77.07375, 12.68506], [77.07333, 12.68661], [77.07333, 12.68661], [77.07285, 12.68949], [77.07282, 12.69128], [77.07279, 12.69309], [77.07267, 12.69487], [77.07252, 12.69673], [77.07252, 12.69856], [77.07254, 12.70036], [77.07254, 12.7004], [77.07254, 12.70147], [77.07257, 12.7019], [77.0726, 12.70235], [77.07265, 12.70286], [77.07267, 12.70302], [77.07272, 12.70341], [77.07281, 12.70418], [77.07294, 12.70474], [77.0731, 12.70545], [77.07321, 12.70582], [77.07333, 12.70623], [77.07343, 12.7064], [77.07392, 12.70705], [77.0748, 12.708], [77.07518, 12.70833], [77.07522, 12.70841], [77.07524, 12.70844], [77.07523, 12.70889], [77.07523, 12.70906], [77.07512, 12.71101], [77.07608, 12.71195], [77.07648, 12.71263], [77.07652, 12.71279], [77.07659, 12.71305], [77.0767, 12.7142], [77.07707, 12.71615], [77.07707, 12.71615], [77.07733, 12.71793], [77.07762, 12.71968], [77.07766, 12.72018], [77.0777, 12.72061], [77.0777, 12.72077], [77.07772, 12.72156], [77.07856, 12.72184], [77.07925, 12.72207], [77.07972, 12.72404], [77.08069, 12.72819], [77.08139, 12.73141], [77.08129, 12.73141], [77.08116, 12.7314], [77.08102, 12.7314], [77.08088, 12.7314], [77.08088, 12.7314], [77.0807, 12.73148], [77.08048, 12.73167], [77.08048, 12.73167], [77.0803, 12.73188], [77.0803, 12.73188], [77.08022, 12.73201], [77.08022, 12.73201], [77.0801, 12.73237], [77.08004, 12.73284], [77.08004, 12.73284], [77.08001, 12.73318], [77.08003, 12.73334], [77.0801, 12.73367], [77.08066, 12.73479], [77.08108, 12.73562], [77.08194, 12.73757], [77.08293, 12.73951], [77.08376, 12.74122], [77.08371, 12.74184], [77.08364, 12.74285], [77.08287, 12.74371], [77.08287, 12.74371], [77.08125, 12.74544], [77.08052, 12.74645], [77.08052, 12.74645], [77.08052, 12.74645], [77.08038, 12.74664], [77.08038, 12.74664], [77.0798, 12.74745], [77.07923, 12.74834], [77.07911, 12.74876], [77.0791, 12.74896], [77.07916, 12.7494], [77.0795, 12.75124], [77.07978, 12.7519], [77.08011, 12.75268], [77.08011, 12.75342], [77.08011, 12.75423], [77.08013, 12.75908], [77.08287, 12.75897], [77.08455, 12.75753], [77.08548, 12.75629], [77.08667, 12.75469], [77.08767, 12.7538], [77.08724, 12.75277], [77.08724, 12.75277], [77.09261, 12.75267], [77.09287, 12.75492], [77.09243, 12.75593], [77.09166, 12.75738], [77.09145, 12.75952], [77.09145, 12.75952], [77.09157, 12.76084], [77.09241, 12.7634], [77.09253, 12.76376], [77.09325, 12.76555], [77.09398, 12.76737], [77.09501, 12.77022], [77.09534, 12.7711], [77.09551, 12.77154], [77.09551, 12.77154], [77.09642, 12.77372], [77.0975, 12.77626], [77.09773, 12.77636], [77.10157, 12.77793], [77.10157, 12.77793], [77.10458, 12.77924], [77.10458, 12.77924], [77.10753, 12.78026], [77.1089, 12.77854], [77.1089, 12.77854], [77.11042, 12.77756], [77.11194, 12.77704], [77.11297, 12.77698], [77.11371, 12.77693], [77.11507, 12.77649], [77.11562, 12.77579], [77.11572, 12.77576], [77.11593, 12.7757], [77.11682, 12.77582], [77.11706, 12.77606], [77.11765, 12.77501], [77.11765, 12.77501], [77.11845, 12.77507], [77.11901, 12.77511], [77.12015, 12.77476], [77.12052, 12.77439], [77.12082, 12.7741], [77.12127, 12.77408], [77.12176, 12.77405], [77.12226, 12.77379], [77.12226, 12.77379], [77.12255, 12.77362], [77.12383, 12.77391], [77.12434, 12.77387], [77.12457, 12.77392], [77.12467, 12.77394], [77.1247, 12.774], [77.12475, 12.7741], [77.12508, 12.77414], [77.12529, 12.77414], [77.12537, 12.77416], [77.1255, 12.77419], [77.12574, 12.77436], [77.12581, 12.77445], [77.12586, 12.77452], [77.12602, 12.77467], [77.12603, 12.77482], [77.12603, 12.77482], [77.126, 12.77512], [77.126, 12.77552], [77.126, 12.7758], [77.12613, 12.77596], [77.12631, 12.77606], [77.12646, 12.77612], [77.12662, 12.7762], [77.12672, 12.77623], [77.12687, 12.77628], [77.12733, 12.77633], [77.1276, 12.77637], [77.12775, 12.77646], [77.12783, 12.77656], [77.12791, 12.77668], [77.12797, 12.77676], [77.1281, 12.77694], [77.12821, 12.77697], [77.1283, 12.77701], [77.12848, 12.77702], [77.12857, 12.77703], [77.12868, 12.77703], [77.12878, 12.77717], [77.12893, 12.77739], [77.12895, 12.77749], [77.129, 12.77771], [77.1292, 12.77808], [77.1296, 12.77847], [77.13007, 12.77892], [77.13036, 12.7792], [77.13052, 12.77936], [77.13067, 12.77951], [77.13087, 12.7797], [77.13297, 12.78086], [77.1331, 12.78111], [77.13328, 12.78126], [77.13334, 12.78132], [77.13357, 12.78167], [77.1336, 12.78178], [77.13369, 12.78202], [77.13376, 12.78224], [77.1339, 12.78234], [77.13403, 12.78239], [77.13415, 12.78244], [77.13448, 12.78257], [77.13463, 12.78262], [77.13482, 12.78258], [77.13482, 12.78258], [77.13504, 12.78251], [77.13526, 12.78244], [77.13543, 12.78248], [77.13546, 12.78249], [77.13561, 12.78252], [77.13561, 12.78252], [77.1357, 12.78268], [77.1357, 12.78268], [77.13592, 12.78303], [77.13592, 12.78303], [77.13606, 12.78326], [77.13615, 12.7834], [77.13631, 12.7835], [77.13639, 12.78355], [77.13646, 12.7836], [77.13652, 12.78363], [77.13657, 12.78366], [77.13664, 12.78371], [77.13665, 12.78371], [77.13667, 12.78373], [77.13674, 12.78369], [77.13675, 12.78344], [77.13675, 12.78339], [77.13675, 12.78327], [77.13676, 12.78322], [77.13676, 12.78315], [77.13684, 12.78306], [77.137, 12.78288], [77.1372, 12.78276], [77.13764, 12.78277], [77.13775, 12.78278], [77.13785, 12.78278], [77.13811, 12.7827], [77.13833, 12.78249], [77.13873, 12.78233], [77.13881, 12.78233], [77.13903, 12.78234], [77.13925, 12.78235], [77.13934, 12.78236], [77.13969, 12.78237], [77.14004, 12.78231], [77.14016, 12.78229], [77.14024, 12.78227], [77.14045, 12.78221], [77.14054, 12.78218], [77.14079, 12.78197], [77.14112, 12.78186], [77.14139, 12.78197], [77.1416, 12.78214], [77.14193, 12.7824], [77.14222, 12.78242], [77.1425, 12.78244], [77.14293, 12.78235], [77.14305, 12.78233], [77.14305, 12.78233], [77.14343, 12.78234], [77.14522, 12.7816], [77.14632, 12.78275], [77.14686, 12.78332], [77.14686, 12.78332], [77.14978, 12.78654], [77.15022, 12.78704], [77.15022, 12.78704], [77.15091, 12.79195], [77.15091, 12.79195], [77.15126, 12.79393], [77.15187, 12.79541], [77.15238, 12.79611], [77.15277, 12.79636], [77.15404, 12.79703], [77.15528, 12.79783], [77.15663, 12.79854], [77.15923, 12.80053], [77.16063, 12.80146], [77.16161, 12.80191], [77.16242, 12.80199], [77.16343, 12.80242], [77.16659, 12.80317], [77.16934, 12.80302], [77.17176, 12.80278], [77.17325, 12.80242], [77.17523, 12.80196], [77.17532, 12.80059], [77.17533, 12.80022], [77.17547, 12.7997], [77.17544, 12.79924], [77.17542, 12.79877], [77.1752, 12.79769], [77.17508, 12.79712], [77.17503, 12.79688], [77.17504, 12.79621], [77.17517, 12.79584], [77.17531, 12.79546], [77.17577, 12.79512], [77.17635, 12.79469], [77.17683, 12.79434], [77.17722, 12.79388], [77.17774, 12.79348], [77.1783, 12.79325], [77.17878, 12.7929], [77.17958, 12.79254], [77.18021, 12.79225], [77.18149, 12.79183], [77.18218, 12.79161], [77.18262, 12.79146], [77.18329, 12.79125], [77.18446, 12.79069], [77.18466, 12.79059], [77.18487, 12.79049], [77.18501, 12.79021], [77.18538, 12.78976], [77.18575, 12.78931], [77.18612, 12.78886], [77.18665, 12.78848], [77.18709, 12.78803], [77.18742, 12.78784], [77.18829, 12.78736], [77.18926, 12.78682], [77.18952, 12.78667], [77.18977, 12.78653], [77.18991, 12.78639], [77.19004, 12.78624], [77.19017, 12.78609], [77.1904, 12.78585], [77.1906, 12.78553], [77.19064, 12.78536], [77.19067, 12.78519], [77.1906, 12.78494], [77.19051, 12.78461], [77.19039, 12.78419], [77.19027, 12.78376], [77.19023, 12.78364], [77.19019, 12.78351], [77.19019, 12.78326], [77.19025, 12.78299], [77.19046, 12.78268], [77.19082, 12.78256], [77.19135, 12.78239], [77.19189, 12.78221], [77.1925, 12.78195], [77.19295, 12.78168]]]}}, {"type": "Feature", "properties": {"taluk": "Kanakapura", "district": "Ramanagara", "state": "Karnataka"}, "geometry": {"type": "Polygon", "coordinates": [[[77.55772, 12.77242], [77.55759, 12.77139], [77.55817, 12.77041], [77.55883, 12.76961], [77.55883, 12.76923], [77.55871, 12.7684], [77.55858, 12.76734], [77.55895, 12.76646], [77.56015, 12.76498], [77.56122, 12.76324], [77.56254, 12.7613], [77.56353, 12.76035], [77.56489, 12.75956], [77.56547, 12.75895], [77.56641, 12.75948], [77.56815, 12.76024], [77.56972, 12.76065], [77.57029, 12.7613], [77.57103, 12.76293], [77.57161, 12.7649], [77.57186, 12.76597], [77.57165, 12.76756], [77.57107, 12.77166], [77.57091, 12.77458], [77.57083, 12.77803], [77.57956, 12.78635], [77.58042, 12.78723], [77.58243, 12.78606], [77.58414, 12.78506], [77.58748, 12.78354], [77.59053, 12.78176], [77.59206, 12.78043], [77.59222, 12.7799], [77.59214, 12.77853], [77.5921, 12.77739], [77.59235, 12.77698], [77.59309, 12.7758], [77.59316, 12.77568], [77.59437, 12.77364], [77.5954, 12.77196], [77.59548, 12.77022], [77.59548, 12.76916], [77.597, 12.76696], [77.59746, 12.76593], [77.59764, 12.76494], [77.59791, 12.76346], [77.59816, 12.76096], [77.59799, 12.75898], [77.59725, 12.75746], [77.5958, 12.75557], [77.59544, 12.75481], [77.59473, 12.7523], [77.59411, 12.752], [77.59279, 12.7517], [77.59057, 12.75162], [77.58743, 12.75181], [77.58442, 12.75193], [77.5815, 12.752], [77.57956, 12.75193], [77.57815, 12.75162], [77.57712, 12.75159], [77.57609, 12.75208], [77.57539, 12.7513], [77.575, 12.7503], [77.57466, 12.74841], [77.57451, 12.74787], [77.57407, 12.74765], [77.57281, 12.74636], [77.57099, 12.74345], [77.57019, 12.74278], [77.56971, 12.74166], [77.56868, 12.73836], [77.56764, 12.73447], [77.57024, 12.73192], [77.5691, 12.72994], [77.56907, 12.72991], [77.56893, 12.72979], [77.56473, 12.7325], [77.55579, 12.73274], [77.55591, 12.73084], [77.55652, 12.72638], [77.55775, 12.72121], [77.5591, 12.71615], [77.55937, 12.71465], [77.56073, 12.71174], [77.5623, 12.70845], [77.56302, 12.70694], [77.56511, 12.70261], [77.56634, 12.70159], [77.56743, 12.70109], [77.56788, 12.70099], [77.56828, 12.70105], [77.56969, 12.70181], [77.57188, 12.70336], [77.57349, 12.70485], [77.57631, 12.7067], [77.57933, 12.70864], [77.58089, 12.71008], [77.58184, 12.7111], [77.58269, 12.71202], [77.5848, 12.71396], [77.5918, 12.72002], [77.59414, 12.72208], [77.59998, 12.71831], [77.60523, 12.71515], [77.61398, 12.71005], [77.61544, 12.70917], [77.61476, 12.70614], [77.61318, 12.69925], [77.60554, 12.69222], [77.60379, 12.68567], [77.60179, 12.67951], [77.59936, 12.6727], [77.5966, 12.66978], [77.5955, 12.66854], [77.59517, 12.66723], [77.59517, 12.66531], [77.59517, 12.66381], [77.59561, 12.66153], [77.59726, 12.65744], [77.59726, 12.65744], [77.59612, 12.65028], [77.59668, 12.64889], [77.59668, 12.64888], [77.59832, 12.64515], [77.5993, 12.64332], [77.59933, 12.64327], [77.59949, 12.64297], [77.5995, 12.64295], [77.59956, 12.64284], [77.59964, 12.64269], [77.60073, 12.64303], [77.60073, 12.64303], [77.60385, 12.63896], [77.60474, 12.63759], [77.60333, 12.63532], [77.60388, 12.63404], [77.60512, 12.63228], [77.60604, 12.63061], [77.60623, 12.62891], [77.60602, 12.628], [77.60462, 12.62676], [77.6034, 12.62626], [77.60163, 12.6255], [77.60117, 12.62535], [77.60055, 12.62498], [77.59988, 12.62432], [77.59964, 12.62407], [77.59896, 12.62335], [77.59873, 12.6231], [77.59822, 12.62273], [77.59776, 12.6225], [77.59728, 12.62239], [77.59728, 12.62239], [77.59645, 12.62239], [77.59587, 12.62238], [77.59587, 12.62238], [77.5956, 12.6223], [77.59485, 12.62163], [77.59407, 12.62106], [77.59316, 12.62012], [77.59264, 12.61935], [77.59139, 12.61634], [77.59102, 12.61524], [77.591, 12.61399], [77.591, 12.61399], [77.591, 12.61399], [77.591, 12.61221], [77.59101, 12.61217], [77.59129, 12.61036], [77.59155, 12.60912], [77.59155, 12.60909], [77.59157, 12.60864], [77.59173, 12.608], [77.59181, 12.60539], [77.59176, 12.60229], [77.5917, 12.59928], [77.59169, 12.59876], [77.59163, 12.5961], [77.5916, 12.59501], [77.59157, 12.59402], [77.59156, 12.59354], [77.59142, 12.59209], [77.59132, 12.59193], [77.59132, 12.59193], [77.59118, 12.59192], [77.58948, 12.59268], [77.58932, 12.59268], [77.58932, 12.59268], [77.58932, 12.59268], [77.58928, 12.59259], [77.58941, 12.59144], [77.58941, 12.59142], [77.58953, 12.59118], [77.5895, 12.59083], [77.58925, 12.59041], [77.58915, 12.59026], [77.58908, 12.58991], [77.58917, 12.58933], [77.58852, 12.58761], [77.58806, 12.58664], [77.58703, 12.58444], [77.58425, 12.5788], [77.58407, 12.57848], [77.58397, 12.57683], [77.5839, 12.57623], [77.5838, 12.57588], [77.58358, 12.5756], [77.58327, 12.57534], [77.58004, 12.57353], [77.57934, 12.57309], [77.58027, 12.56961], [77.58032, 12.56928], [77.58031, 12.56918], [77.58016, 12.56886], [77.57983, 12.5683], [77.57968, 12.5679], [77.57965, 12.56748], [77.57974, 12.56722], [77.58011, 12.56657], [77.58066, 12.56591], [77.58075, 12.56571], [77.58071, 12.56537], [77.58056, 12.55945], [77.58035, 12.55165], [77.58035, 12.55159], [77.58035, 12.55159], [77.58267, 12.54942], [77.58628, 12.54585], [77.5864, 12.54572], [77.58638, 12.54566], [77.58575, 12.5429], [77.58555, 12.54172], [77.5855, 12.54084], [77.58553, 12.53977], [77.58542, 12.53873], [77.58546, 12.5368], [77.58604, 12.53246], [77.58662, 12.53021], [77.58691, 12.52952], [77.58845, 12.52683], [77.5885, 12.52662], [77.5878, 12.52028], [77.58779, 12.52019], [77.58779, 12.52019], [77.5872, 12.51475], [77.58758, 12.51491], [77.58924, 12.51558], [77.58924, 12.51558], [77.58968, 12.51558], [77.59083, 12.51527], [77.59177, 12.51516], [77.59215, 12.51519], [77.59215, 12.51519], [77.59269, 12.51556], [77.59278, 12.5156], [77.59358, 12.51601], [77.59358, 12.51601], [77.59393, 12.51608], [77.59501, 12.51606], [77.59795, 12.51578], [77.60128, 12.51567], [77.60235, 12.51537], [77.60572, 12.51441], [77.60677, 12.51413], [77.60945, 12.51421], [77.60945, 12.51422], [77.61089, 12.51426], [77.61116, 12.51426], [77.61116, 12.51426], [77.61116, 12.51426], [77.61171, 12.51447], [77.61169, 12.51455], [77.61177, 12.51468], [77.61196, 12.51479], [77.6122, 12.51492], [77.61242, 12.51494], [77.61242, 12.51494], [77.61248, 12.51492], [77.6125, 12.51486], [77.61253, 12.5148], [77.61252, 12.51468], [77.61249, 12.51462], [77.61306, 12.51321], [77.61424, 12.51153], [77.61485, 12.51074], [77.61629, 12.5093], [77.61633, 12.50918], [77.61623, 12.50896], [77.61572, 12.50837], [77.61544, 12.50788], [77.6152, 12.50719], [77.61509, 12.50592], [77.61515, 12.50444], [77.61507, 12.50416], [77.61484, 12.50402], [77.61402, 12.50363], [77.61319, 12.50305], [77.61185, 12.50185], [77.61123, 12.50132], [77.61089, 12.50106], [77.61031, 12.50071], [77.60975, 12.50041], [77.60869, 12.49993], [77.60869, 12.49993], [77.60729, 12.49931], [77.60729, 12.49931], [77.60667, 12.49904], [77.60641, 12.49893], [77.60641, 12.49893], [77.60541, 12.49852], [77.60541, 12.49852], [77.60462, 12.49816], [77.60462, 12.49816], [77.60309, 12.49744], [77.60309, 12.49744], [77.60272, 12.49731], [77.60272, 12.49731], [77.60247, 12.49718], [77.6024, 12.49715], [77.60225, 12.49693], [77.6018, 12.49633], [77.6016, 12.49592], [77.60127, 12.49548], [77.60089, 12.49496], [77.60062, 12.49468], [77.60017, 12.49426], [77.59966, 12.49382], [77.59923, 12.49341], [77.59883, 12.49298], [77.59854, 12.49257], [77.59803, 12.49207], [77.59767, 12.49161], [77.59729, 12.4912], [77.59658, 12.49037], [77.59658, 12.49037], [77.59617, 12.48996], [77.59617, 12.48996], [77.59588, 12.48975], [77.59542, 12.48941], [77.59462, 12.48889], [77.59402, 12.48851], [77.59402, 12.48851], [77.5935, 12.488], [77.5935, 12.488], [77.59348, 12.48798], [77.59314, 12.48766], [77.5929, 12.48727], [77.59262, 12.48664], [77.59232, 12.48592], [77.59193, 12.48529], [77.59193, 12.48529], [77.59187, 12.48524], [77.59187, 12.48524], [77.5918, 12.48518], [77.5917, 12.48519], [77.59123, 12.48535], [77.59084, 12.48545], [77.59035, 12.4855], [77.58977, 12.48561], [77.58928, 12.48564], [77.58887, 12.48572], [77.58875, 12.48563], [77.58875, 12.48563], [77.58811, 12.48466], [77.58766, 12.48403], [77.58725, 12.48336], [77.58725, 12.48336], [77.58673, 12.48264], [77.58673, 12.48264], [77.58666, 12.48253], [77.58648, 12.48228], [77.58639, 12.48215], [77.58622, 12.48201], [77.58597, 12.48195], [77.58552, 12.48178], [77.58524, 12.48159], [77.58524, 12.48159], [77.58511, 12.4814], [77.58505, 12.4813], [77.58478, 12.48074], [77.58478, 12.48074], [77.58433, 12.48001], [77.58433, 12.48001], [77.58404, 12.47947], [77.58397, 12.47932], [77.58397, 12.47932], [77.58396, 12.47932], [77.58368, 12.47895], [77.58368, 12.47895], [77.58368, 12.4788], [77.58394, 12.47871], [77.58445, 12.47856], [77.58494, 12.47825], [77.58562, 12.47773], [77.58603, 12.47734], [77.58637, 12.47711], [77.58664, 12.47715], [77.58702, 12.47726], [77.58748, 12.47739], [77.58816, 12.47758], [77.58869, 12.47768], [77.58921, 12.47733], [77.58973, 12.47713], [77.59023, 12.47689], [77.59107, 12.47683], [77.5928, 12.47658], [77.59349, 12.47635], [77.59379, 12.47617], [77.59391, 12.47593], [77.59405, 12.47551], [77.59416, 12.47536], [77.59477, 12.47508], [77.59524, 12.47489], [77.59569, 12.4748], [77.59592, 12.4748], [77.59619, 12.4749], [77.59664, 12.47505], [77.59691, 12.47522], [77.59691, 12.47522], [77.59736, 12.47553], [77.59736, 12.47553], [77.59763, 12.47575], [77.59779, 12.47587], [77.59804, 12.47606], [77.59804, 12.47606], [77.5984, 12.47618], [77.59877, 12.47605], [77.59965, 12.47576], [77.6005, 12.47559], [77.60149, 12.47531], [77.60234, 12.47513], [77.60342, 12.47486], [77.60415, 12.47472], [77.60466, 12.47465], [77.60519, 12.4746], [77.6056, 12.47464], [77.60598, 12.47472], [77.60598, 12.47472], [77.60676, 12.47492], [77.60678, 12.47492], [77.60678, 12.47492], [77.60679, 12.47493], [77.60711, 12.47503], [77.60742, 12.47512], [77.60742, 12.47512], [77.60742, 12.47512], [77.60799, 12.47559], [77.60855, 12.47602], [77.60906, 12.47646], [77.6099, 12.47721], [77.61026, 12.47757], [77.61085, 12.47807], [77.61138, 12.47858], [77.61216, 12.47933], [77.61269, 12.47979], [77.61353, 12.48056], [77.61436, 12.48121], [77.6149, 12.48164], [77.61563, 12.48218], [77.61615, 12.48256], [77.61649, 12.48284], [77.61688, 12.48332], [77.61738, 12.48405], [77.61767, 12.48454], [77.61831, 12.48575], [77.61899, 12.48668], [77.6195, 12.48744], [77.62033, 12.4884], [77.62089, 12.48921], [77.62118, 12.48959], [77.62166, 12.49033], [77.62218, 12.4911], [77.62286, 12.49213], [77.62325, 12.49272], [77.62367, 12.49335], [77.62417, 12.49404], [77.62472, 12.49478], [77.62518, 12.49534], [77.62554, 12.49573], [77.6259, 12.49611], [77.62609, 12.49631], [77.62643, 12.49624], [77.62643, 12.49624], [77.62681, 12.49606], [77.62707, 12.49588], [77.62769, 12.49557], [77.62827, 12.49527], [77.62857, 12.49506], [77.62866, 12.49502], [77.62889, 12.49493], [77.62889, 12.49493], [77.62948, 12.4945], [77.62953, 12.49443], [77.62999, 12.49381], [77.63004, 12.49375], [77.63004, 12.49375], [77.63007, 12.49371], [77.63054, 12.49299], [77.63096, 12.49236], [77.63147, 12.49159], [77.63184, 12.49097], [77.63205, 12.49066], [77.63236, 12.48992], [77.63257, 12.48943], [77.63279, 12.48917], [77.63297, 12.48901], [77.63334, 12.48888], [77.63334, 12.48888], [77.63406, 12.48861], [77.63406, 12.48861], [77.63443, 12.48817], [77.63463, 12.4876], [77.6348, 12.48684], [77.63472, 12.48666], [77.63459, 12.48641], [77.6344, 12.48614], [77.63422, 12.48579], [77.63407, 12.48537], [77.63404, 12.48526], [77.63394, 12.48493], [77.63375, 12.48451], [77.63341, 12.48367], [77.63339, 12.48348], [77.63331, 12.4834], [77.63326, 12.48311], [77.63295, 12.48169], [77.63292, 12.48135], [77.63288, 12.48071], [77.63274, 12.48021], [77.63257, 12.47983], [77.6324, 12.47912], [77.63236, 12.47855], [77.63237, 12.47801], [77.63237, 12.47792], [77.63246, 12.4774], [77.63253, 12.47713], [77.63259, 12.47686], [77.63261, 12.47665], [77.63266, 12.47639], [77.63276, 12.47605], [77.63278, 12.47571], [77.6326, 12.47531], [77.63238, 12.47501], [77.63235, 12.47167], [77.63248, 12.47126], [77.63253, 12.47121], [77.63263, 12.47108], [77.63263, 12.47108], [77.63291, 12.47082], [77.63298, 12.47075], [77.63298, 12.47075], [77.63307, 12.47067], [77.63313, 12.47062], [77.63315, 12.4706], [77.63315, 12.4706], [77.63314, 12.47045], [77.63295, 12.47044], [77.6327, 12.47043], [77.63249, 12.47039], [77.63187, 12.47034], [77.63076, 12.47027], [77.63071, 12.47008], [77.63071, 12.46968], [77.63072, 12.46944], [77.63072, 12.46926], [77.63071, 12.4692], [77.6307, 12.46895], [77.63059, 12.46848], [77.63044, 12.46812], [77.63028, 12.46792], [77.63004, 12.4677], [77.62964, 12.46738], [77.62947, 12.46717], [77.62934, 12.46692], [77.62933, 12.46691], [77.62924, 12.46677], [77.62923, 12.46649], [77.62932, 12.46618], [77.62944, 12.46588], [77.62956, 12.46575], [77.62956, 12.46575], [77.62968, 12.4656], [77.62968, 12.4656], [77.62968, 12.4656], [77.62987, 12.46547], [77.63025, 12.46531], [77.63047, 12.46522], [77.6306, 12.46511], [77.6306, 12.46511], [77.6306, 12.4649], [77.63058, 12.46487], [77.63048, 12.46476], [77.63028, 12.46461], [77.63014, 12.46451], [77.63012, 12.46405], [77.62989, 12.4631], [77.62972, 12.46234], [77.62948, 12.46118], [77.62942, 12.46065], [77.62923, 12.46024], [77.62881, 12.45972], [77.62833, 12.45927], [77.62822, 12.4592], [77.62811, 12.45914], [77.62811, 12.45914], [77.62811, 12.45914], [77.62783, 12.45898], [77.62745, 12.4587], [77.62717, 12.45845], [77.62717, 12.45796], [77.62714, 12.45755], [77.62712, 12.45712], [77.62719, 12.45633], [77.62725, 12.4554], [77.62725, 12.4554], [77.62734, 12.4542], [77.62734, 12.4542], [77.62734, 12.4542], [77.62759, 12.45333], [77.62777, 12.45304], [77.62807, 12.45242], [77.62847, 12.4515], [77.62877, 12.45059], [77.62894, 12.45007], [77.62902, 12.4494], [77.62914, 12.44847], [77.62915, 12.44759], [77.62915, 12.44635], [77.629, 12.44525], [77.62852, 12.44406], [77.62819, 12.44322], [77.62819, 12.44321], [77.62794, 12.44265], [77.62745, 12.44193], [77.62745, 12.44193], [77.62713, 12.44139], [77.62698, 12.44112], [77.6269, 12.44013], [77.62684, 12.43922], [77.6269, 12.43828], [77.62685, 12.43734], [77.62694, 12.43652], [77.627, 12.43608], [77.62704, 12.43531], [77.627, 12.43457], [77.62698, 12.43369], [77.62685, 12.43324], [77.62642, 12.43234], [77.62623, 12.43177], [77.6261, 12.43117], [77.62608, 12.43076], [77.62622, 12.43016], [77.62636, 12.42973], [77.62671, 12.42893], [77.62673, 12.42887], [77.62674, 12.42887], [77.62709, 12.42804], [77.6274, 12.4275], [77.62789, 12.42678], [77.62852, 12.42593], [77.62887, 12.42547], [77.62909, 12.42513], [77.62912, 12.42472], [77.62919, 12.4238], [77.62924, 12.4228], [77.6294, 12.42126], [77.62954, 12.4202], [77.62962, 12.41901], [77.62965, 12.41856], [77.62962, 12.41832], [77.62955, 12.4182], [77.62922, 12.41793], [77.62917, 12.41787], [77.62873, 12.41741], [77.62799, 12.41683], [77.6275, 12.41627], [77.62689, 12.4157], [77.62615, 12.41497], [77.62571, 12.4146], [77.62531, 12.41417], [77.62495, 12.41386], [77.6237, 12.41269], [77.62339, 12.41241], [77.62333, 12.41226], [77.62333, 12.41224], [77.62334, 12.41198], [77.62335, 12.41136], [77.62335, 12.41131], [77.62335, 12.40978], [77.62338, 12.40745], [77.62338, 12.40739], [77.62338, 12.40739], [77.62338, 12.40739], [77.62341, 12.40645], [77.62333, 12.40501], [77.62319, 12.40351], [77.62319, 12.4035], [77.62308, 12.40219], [77.62294, 12.40126], [77.62277, 12.39977], [77.62259, 12.39818], [77.62244, 12.39672], [77.62229, 12.39532], [77.62213, 12.39414], [77.62198, 12.3932], [77.62187, 12.39241], [77.62175, 12.39141], [77.62165, 12.39068], [77.62146, 12.38955], [77.62131, 12.38841], [77.62113, 12.38759], [77.62103, 12.38679], [77.62089, 12.38584], [77.6208, 12.38468], [77.62065, 12.38354], [77.62058, 12.38301], [77.62048, 12.38251], [77.62031, 12.38217], [77.61998, 12.38196], [77.61925, 12.38169], [77.61855, 12.38139], [77.61816, 12.3812], [77.61809, 12.3811], [77.61808, 12.38066], [77.61796, 12.37942], [77.61786, 12.37831], [77.6178, 12.37741], [77.61773, 12.37645], [77.61764, 12.37527], [77.61757, 12.3743], [77.61741, 12.3735], [77.61728, 12.37265], [77.61719, 12.37174], [77.61711, 12.37071], [77.617, 12.3698], [77.61695, 12.3692], [77.61688, 12.36878], [77.61685, 12.36838], [77.61681, 12.3682], [77.61681, 12.3682], [77.61652, 12.36823], [77.61652, 12.36823], [77.61633, 12.36824], [77.61633, 12.36824], [77.61626, 12.36806], [77.61609, 12.3675], [77.61584, 12.36687], [77.61568, 12.36633], [77.61566, 12.36626], [77.61566, 12.36626], [77.61551, 12.36583], [77.61529, 12.36514], [77.61516, 12.36458], [77.6151, 12.3643], [77.61493, 12.36376], [77.61492, 12.36374], [77.61471, 12.36316], [77.61456, 12.36279], [77.6145, 12.3625], [77.6145, 12.3625], [77.61435, 12.36224], [77.6141, 12.36208], [77.6141, 12.36208], [77.61382, 12.36182], [77.61382, 12.36182], [77.61341, 12.3614], [77.61303, 12.36112], [77.61302, 12.36112], [77.61233, 12.36108], [77.61208, 12.36107], [77.61097, 12.36103], [77.60986, 12.36103], [77.60986, 12.36103], [77.60913, 12.36104], [77.60839, 12.36108], [77.60838, 12.36108], [77.60762, 12.36105], [77.60761, 12.36105], [77.6069, 12.36073], [77.6064, 12.36055], [77.6064, 12.36055], [77.60639, 12.36055], [77.60565, 12.36017], [77.60547, 12.3601], [77.60521, 12.36001], [77.60472, 12.35974], [77.60471, 12.35973], [77.60422, 12.3595], [77.6037, 12.35921], [77.60325, 12.35908], [77.60325, 12.35908], [77.60325, 12.35908], [77.60254, 12.35886], [77.60196, 12.35874], [77.60195, 12.35874], [77.60133, 12.35861], [77.60091, 12.3585], [77.60084, 12.35843], [77.60082, 12.3584], [77.60076, 12.35825], [77.60074, 12.35822], [77.6006, 12.35795], [77.60043, 12.35769], [77.60026, 12.35714], [77.59988, 12.35623], [77.59951, 12.35508], [77.59939, 12.35443], [77.59916, 12.35361], [77.59897, 12.35298], [77.59887, 12.3522], [77.59884, 12.35158], [77.59882, 12.35105], [77.59883, 12.35089], [77.59886, 12.35058], [77.59882, 12.35036], [77.59882, 12.35035], [77.59882, 12.35035], [77.59869, 12.34999], [77.59854, 12.34978], [77.5983, 12.34951], [77.59829, 12.3495], [77.5979, 12.34929], [77.59729, 12.34887], [77.59692, 12.34853], [77.59654, 12.34809], [77.59597, 12.34745], [77.59566, 12.34713], [77.59528, 12.34654], [77.59476, 12.34583], [77.59435, 12.34523], [77.59396, 12.34464], [77.59341, 12.34383], [77.59291, 12.34298], [77.59256, 12.34221], [77.59226, 12.34161], [77.59215, 12.34129], [77.59201, 12.34089], [77.59175, 12.34042], [77.59154, 12.34014], [77.59124, 12.34006], [77.59121, 12.34005], [77.5907, 12.33988], [77.58978, 12.33956], [77.5892, 12.33937], [77.58917, 12.33936], [77.58894, 12.33929], [77.58816, 12.33903], [77.5873, 12.33874], [77.58649, 12.33842], [77.58595, 12.33819], [77.58581, 12.33813], [77.58554, 12.33804], [77.58468, 12.33798], [77.58467, 12.33798], [77.58402, 12.33794], [77.58332, 12.33789], [77.58331, 12.33789], [77.5826, 12.33786], [77.58222, 12.33777], [77.58171, 12.3374], [77.58169, 12.33738], [77.58123, 12.33704], [77.58101, 12.33682], [77.58084, 12.33664], [77.58046, 12.33611], [77.58046, 12.33611], [77.58026, 12.33599], [77.58005, 12.33598], [77.57973, 12.33592], [77.57972, 12.33592], [77.57912, 12.33579], [77.57866, 12.33569], [77.57858, 12.33567], [77.57852, 12.33555], [77.57846, 12.33535], [77.57846, 12.33534], [77.57839, 12.335], [77.57828, 12.33466], [77.57811, 12.33422], [77.57786, 12.33355], [77.57785, 12.33353], [77.5776, 12.33278], [77.57727, 12.33173], [77.577, 12.33092], [77.5767, 12.33011], [77.57664, 12.32982], [77.57649, 12.32916], [77.57625, 12.3286], [77.57612, 12.3279], [77.57578, 12.32696], [77.57543, 12.32616], [77.5754, 12.32608], [77.57519, 12.32543], [77.57472, 12.32458], [77.57426, 12.32363], [77.57401, 12.32311], [77.57394, 12.323], [77.57353, 12.32241], [77.57335, 12.32214], [77.57301, 12.32167], [77.5726, 12.32105], [77.57258, 12.32102], [77.57248, 12.32077], [77.57211, 12.31991], [77.57181, 12.31926], [77.57179, 12.31922], [77.57152, 12.31861], [77.5715, 12.31855], [77.57121, 12.31787], [77.57091, 12.31712], [77.57062, 12.31647], [77.57024, 12.31544], [77.56984, 12.31468], [77.5694, 12.31364], [77.56906, 12.3129], [77.56904, 12.31285], [77.56861, 12.31192], [77.56852, 12.31169], [77.56825, 12.31095], [77.56784, 12.31014], [77.56783, 12.31012], [77.56782, 12.31011], [77.56757, 12.30941], [77.56723, 12.30871], [77.56694, 12.30793], [77.56663, 12.30733], [77.56633, 12.30679], [77.56601, 12.30625], [77.566, 12.30624], [77.56587, 12.3061], [77.56584, 12.30606], [77.56583, 12.30606], [77.56565, 12.306], [77.56537, 12.306], [77.56475, 12.30597], [77.56401, 12.30594], [77.56267, 12.3059], [77.56175, 12.30588], [77.56073, 12.30585], [77.55994, 12.30581], [77.55919, 12.30579], [77.55848, 12.30576], [77.55806, 12.30576], [77.55791, 12.30573], [77.55791, 12.30573], [77.55789, 12.30568], [77.55791, 12.30538], [77.55794, 12.30471], [77.55793, 12.30395], [77.55793, 12.30341], [77.5579, 12.30321], [77.5578, 12.30316], [77.55715, 12.30285], [77.55638, 12.30249], [77.55583, 12.30212], [77.55539, 12.30185], [77.55504, 12.30159], [77.55462, 12.30102], [77.55428, 12.30049], [77.55411, 12.30017], [77.55359, 12.29937], [77.5533, 12.2989], [77.55293, 12.29832], [77.55264, 12.29791], [77.5524, 12.29745], [77.55227, 12.29702], [77.55208, 12.29646], [77.55199, 12.29606], [77.55183, 12.29475], [77.55169, 12.29368], [77.55162, 12.29319], [77.55153, 12.29232], [77.5515, 12.2919], [77.5514, 12.29141], [77.55134, 12.29121], [77.55108, 12.29115], [77.5507, 12.29105], [77.55025, 12.29096], [77.54951, 12.29079], [77.54903, 12.2907], [77.54902, 12.2907], [77.54844, 12.29063], [77.54844, 12.29063], [77.54758, 12.29066], [77.54758, 12.29066], [77.54654, 12.29066], [77.54654, 12.29066], [77.54515, 12.2907], [77.54515, 12.2907], [77.54407, 12.29072], [77.54407, 12.29072], [77.54317, 12.29077], [77.54317, 12.29077], [77.54243, 12.29076], [77.54243, 12.29076], [77.54177, 12.29082], [77.54177, 12.29082], [77.54121, 12.29083], [77.54121, 12.29083], [77.54085, 12.29083], [77.54085, 12.29083], [77.54012, 12.29087], [77.54012, 12.29087], [77.53908, 12.29094], [77.53908, 12.29094], [77.53819, 12.29104], [77.53819, 12.29104], [77.53723, 12.29108], [77.53723, 12.29108], [77.53677, 12.29116], [77.53677, 12.29116], [77.53617, 12.29123], [77.53617, 12.29123], [77.53527, 12.29126], [77.53527, 12.29126], [77.53458, 12.29132], [77.53458, 12.29132], [77.53457, 12.29132], [77.53457, 12.29132], [77.53456, 12.29132], [77.53421, 12.29134], [77.53421, 12.29134], [77.5336, 12.29138], [77.5336, 12.29138], [77.53317, 12.29146], [77.53317, 12.29146], [77.53293, 12.29149], [77.53293, 12.29149], [77.53284, 12.29146], [77.53279, 12.29141], [77.53272, 12.29123], [77.53246, 12.29033], [77.53213, 12.28939], [77.53189, 12.28853], [77.53161, 12.28782], [77.53145, 12.28723], [77.53121, 12.28655], [77.53097, 12.28609], [77.53066, 12.28557], [77.5302, 12.28469], [77.52974, 12.2839], [77.52943, 12.2834], [77.52907, 12.2827], [77.52878, 12.28201], [77.52848, 12.28139], [77.52817, 12.28084], [77.52808, 12.28057], [77.52785, 12.28003], [77.52757, 12.27948], [77.52737, 12.27896], [77.52722, 12.27877], [77.52712, 12.27871], [77.52688, 12.27869], [77.52688, 12.27869], [77.52661, 12.27871], [77.52661, 12.27871], [77.52611, 12.27871], [77.52611, 12.27871], [77.52558, 12.27871], [77.52558, 12.27871], [77.52507, 12.27862], [77.52507, 12.27862], [77.52456, 12.27854], [77.52456, 12.27854], [77.5237, 12.27823], [77.52302, 12.27796], [77.52302, 12.27796], [77.52273, 12.27788], [77.52273, 12.27788], [77.52228, 12.27792], [77.52228, 12.27792], [77.52188, 12.27795], [77.52188, 12.27795], [77.52136, 12.27789], [77.52136, 12.27789], [77.52056, 12.27767], [77.52056, 12.27767], [77.51944, 12.27722], [77.51944, 12.27722], [77.51843, 12.27691], [77.51843, 12.27691], [77.51784, 12.27669], [77.51784, 12.27669], [77.5173, 12.27651], [77.5173, 12.27651], [77.51626, 12.27612], [77.51626, 12.27612], [77.51536, 12.27584], [77.51536, 12.27584], [77.51464, 12.27554], [77.51464, 12.27554], [77.51419, 12.27538], [77.51419, 12.27538], [77.51402, 12.27538], [77.51402, 12.27538], [77.51376, 12.27553], [77.51376, 12.27553], [77.51376, 12.27553], [77.51376, 12.27553], [77.51337, 12.27575], [77.51337, 12.27575], [77.51337, 12.27575], [77.51337, 12.27575], [77.51337, 12.27575], [77.51337, 12.27575], [77.51294, 12.27594], [77.51294, 12.27594], [77.51251, 12.27594], [77.51251, 12.27594], [77.51197, 12.27592], [77.51197, 12.27592], [77.511, 12.27592], [77.511, 12.27592], [77.50997, 12.27593], [77.50997, 12.27593], [77.50949, 12.27593], [77.50949, 12.27593], [77.50912, 12.27591], [77.50912, 12.27591], [77.50852, 12.27594], [77.50838, 12.276], [77.50838, 12.276], [77.50768, 12.27643], [77.50767, 12.27643], [77.50721, 12.27681], [77.50667, 12.27722], [77.50608, 12.27763], [77.50571, 12.27794], [77.50544, 12.27815], [77.50496, 12.27852], [77.5045, 12.27892], [77.50424, 12.2791], [77.50363, 12.27958], [77.50328, 12.27982], [77.50327, 12.27982], [77.5026, 12.28035], [77.50225, 12.28077], [77.50206, 12.28101], [77.50164, 12.28152], [77.50133, 12.28193], [77.50111, 12.28219], [77.50111, 12.28219], [77.50086, 12.28234], [77.50051, 12.28246], [77.49998, 12.28257], [77.49908, 12.28267], [77.49892, 12.28268], [77.49817, 12.28245], [77.49674, 12.28218], [77.49623, 12.28187], [77.49527, 12.28054], [77.49373, 12.27902], [77.49328, 12.27887], [77.49246, 12.27905], [77.49145, 12.27922], [77.48954, 12.27969], [77.48837, 12.28003], [77.4876, 12.2805], [77.48725, 12.28005], [77.48616, 12.27866], [77.48568, 12.27718], [77.4851, 12.27505], [77.48297, 12.27373], [77.48092, 12.27233], [77.47906, 12.27127], [77.47887, 12.27024], [77.47831, 12.26863], [77.47783, 12.26689], [77.47703, 12.26446], [77.4773, 12.26241], [77.47762, 12.2602], [77.4782, 12.25921], [77.47352, 12.25561], [77.47315, 12.25409], [77.47309, 12.25237], [77.47241, 12.2513], [77.47202, 12.24987], [77.47181, 12.24806], [77.47141, 12.24497], [77.47112, 12.24351], [77.47094, 12.24355], [77.46987, 12.24361], [77.46924, 12.2435], [77.46855, 12.2433], [77.468, 12.24323], [77.46695, 12.24339], [77.46611, 12.24372], [77.46528, 12.24428], [77.4641, 12.24522], [77.46334, 12.24605], [77.46233, 12.24749], [77.46116, 12.24857], [77.46031, 12.24887], [77.45953, 12.24902], [77.45871, 12.24889], [77.45794, 12.2485], [77.4569, 12.24785], [77.45586, 12.2475], [77.4551, 12.24746], [77.45377, 12.24756], [77.45281, 12.24783], [77.45193, 12.24805], [77.45126, 12.24837], [77.45017, 12.24904], [77.4491, 12.24949], [77.44832, 12.25001], [77.44817, 12.25026], [77.44801, 12.25132], [77.4483, 12.25469], [77.44816, 12.25664], [77.44779, 12.25867], [77.44736, 12.26066], [77.44704, 12.26226], [77.44643, 12.26338], [77.44526, 12.26511], [77.44413, 12.26649], [77.44329, 12.26805], [77.44282, 12.26939], [77.44228, 12.27029], [77.44092, 12.27288], [77.4402, 12.27496], [77.43889, 12.27686], [77.43777, 12.27925], [77.43711, 12.27995], [77.43608, 12.2812], [77.43519, 12.28219], [77.43421, 12.2834], [77.43252, 12.28547], [77.4314, 12.28655], [77.43032, 12.28712], [77.43032, 12.28712], [77.42746, 12.28794], [77.42465, 12.28881], [77.42264, 12.28954], [77.42154, 12.28967], [77.42034, 12.28954], [77.41928, 12.28934], [77.41823, 12.28885], [77.41721, 12.28818], [77.41701, 12.28799], [77.41555, 12.28696], [77.4119, 12.28384], [77.4105, 12.28267], [77.40911, 12.28142], [77.40639, 12.28025], [77.40348, 12.27943], [77.39937, 12.27909], [77.39549, 12.27939], [77.39149, 12.27921], [77.38872, 12.27939], [77.3853, 12.27995], [77.3824, 12.28043], [77.37926, 12.28099], [77.37715, 12.28112], [77.37537, 12.28151], [77.37363, 12.28163], [77.37227, 12.28163], [77.37199, 12.28189], [77.37012, 12.2825], [77.36791, 12.28315], [77.36632, 12.28367], [77.36548, 12.28388], [77.36356, 12.28349], [77.36042, 12.28245], [77.35615, 12.28051], [77.35353, 12.2793], [77.35084, 12.27886], [77.34889, 12.27891], [77.34678, 12.27934], [77.34435, 12.28042], [77.34252, 12.28159], [77.34139, 12.28267], [77.34027, 12.28409], [77.33914, 12.28535], [77.33858, 12.28647], [77.33802, 12.28785], [77.33741, 12.28928], [77.33605, 12.29174], [77.33483, 12.29429], [77.3337, 12.29636], [77.33282, 12.29843], [77.33145, 12.30081], [77.32968, 12.30388], [77.32836, 12.30621], [77.32738, 12.30721], [77.32691, 12.30768], [77.3253, 12.30795], [77.32446, 12.30961], [77.32369, 12.31018], [77.32361, 12.31071], [77.32365, 12.31086], [77.32446, 12.31086], [77.32449, 12.31103], [77.32431, 12.31128], [77.32269, 12.31274], [77.32334, 12.31458], [77.32345, 12.31713], [77.32388, 12.31944], [77.32468, 12.32338], [77.32507, 12.32647], [77.32603, 12.33027], [77.32676, 12.33252], [77.32903, 12.33902], [77.3313, 12.34619], [77.33242, 12.34939], [77.33334, 12.35244], [77.3338, 12.35418], [77.33272, 12.35663], [77.33111, 12.36014], [77.33057, 12.36213], [77.32922, 12.36461], [77.32806, 12.36692], [77.32594, 12.37065], [77.32432, 12.37363], [77.3224, 12.37661], [77.31899, 12.38251], [77.31482, 12.38969], [77.31337, 12.39237], [77.30987, 12.39171], [77.30605, 12.39136], [77.3033, 12.39104], [77.30158, 12.39083], [77.3002, 12.39104], [77.29883, 12.39114], [77.29738, 12.39153], [77.29616, 12.39167], [77.29264, 12.39191], [77.28982, 12.3922], [77.28829, 12.39258], [77.28593, 12.39307], [77.28554, 12.39744], [77.28485, 12.40201], [77.28435, 12.40676], [77.28399, 12.40688], [77.2837, 12.4065], [77.28334, 12.40657], [77.28334, 12.40692], [77.28277, 12.40688], [77.28267, 12.40715], [77.28181, 12.4072], [77.28172, 12.40924], [77.28258, 12.40889], [77.2834, 12.40884], [77.2839, 12.40889], [77.28407, 12.40919], [77.28384, 12.41109], [77.28413, 12.41109], [77.28388, 12.41185], [77.28344, 12.41317], [77.28334, 12.4138], [77.28309, 12.41447], [77.28297, 12.41546], [77.2828, 12.41616], [77.28217, 12.41606], [77.28212, 12.41676], [77.28201, 12.41815], [77.28187, 12.41848], [77.28181, 12.41876], [77.28181, 12.41905], [77.28189, 12.41943], [77.28193, 12.41979], [77.28194, 12.42027], [77.28179, 12.42081], [77.28209, 12.421], [77.28252, 12.42097], [77.28346, 12.42096], [77.28415, 12.42086], [77.28484, 12.42079], [77.28598, 12.42084], [77.28601, 12.42143], [77.28596, 12.42165], [77.28524, 12.42172], [77.28512, 12.42338], [77.28529, 12.42413], [77.28522, 12.42454], [77.2852, 12.42488], [77.28537, 12.42523], [77.28545, 12.42536], [77.28529, 12.42563], [77.28531, 12.42602], [77.28555, 12.42634], [77.28555, 12.42664], [77.2855, 12.427], [77.28534, 12.42762], [77.28521, 12.4281], [77.28521, 12.42868], [77.2832, 12.42881], [77.28184, 12.42887], [77.28045, 12.42891], [77.28042, 12.4295], [77.27909, 12.42934], [77.27802, 12.42929], [77.27764, 12.42935], [77.27743, 12.42975], [77.27668, 12.42991], [77.27604, 12.43], [77.27539, 12.43019], [77.27515, 12.43035], [77.27467, 12.43036], [77.27432, 12.43013], [77.27333, 12.42955], [77.27306, 12.4301], [77.27318, 12.43065], [77.27288, 12.43134], [77.2721, 12.432], [77.27201, 12.43243], [77.27132, 12.43305], [77.27024, 12.43361], [77.27004, 12.43398], [77.27028, 12.43479], [77.2706, 12.4353], [77.2712, 12.43586], [77.27163, 12.4363], [77.2723, 12.43655], [77.27284, 12.43692], [77.27329, 12.43746], [77.27369, 12.43814], [77.2743, 12.43913], [77.27479, 12.43963], [77.27461, 12.44006], [77.2743, 12.44049], [77.27389, 12.44287], [77.27351, 12.445], [77.27344, 12.44599], [77.27331, 12.44711], [77.27339, 12.44922], [77.27328, 12.44998], [77.27261, 12.45158], [77.27213, 12.453], [77.2718, 12.45436], [77.27139, 12.45573], [77.27079, 12.45784], [77.2703, 12.45947], [77.26977, 12.46194], [77.26915, 12.4648], [77.26432, 12.46162], [77.26304, 12.46221], [77.26232, 12.46258], [77.26131, 12.46287], [77.26042, 12.46297], [77.25953, 12.46317], [77.25833, 12.46335], [77.25761, 12.4635], [77.25467, 12.46964], [77.25422, 12.47032], [77.2539, 12.4698], [77.25362, 12.4696], [77.25269, 12.46954], [77.25205, 12.46934], [77.25135, 12.46923], [77.25064, 12.46911], [77.25016, 12.46899], [77.24983, 12.46901], [77.24895, 12.4691], [77.24838, 12.4689], [77.24761, 12.46872], [77.24667, 12.46857], [77.24616, 12.46847], [77.24616, 12.46847], [77.24576, 12.46832], [77.24576, 12.46832], [77.24531, 12.46804], [77.24517, 12.46796], [77.24457, 12.4684], [77.24392, 12.46896], [77.2438, 12.46898], [77.24369, 12.469], [77.24354, 12.46893], [77.24336, 12.46884], [77.24336, 12.46884], [77.24341, 12.47002], [77.24294, 12.47002], [77.24246, 12.47002], [77.24028, 12.46998], [77.23619, 12.47], [77.2361, 12.47103], [77.23603, 12.47198], [77.23606, 12.47241], [77.23607, 12.47274], [77.23568, 12.47271], [77.23528, 12.47269], [77.23531, 12.47348], [77.23528, 12.47458], [77.23542, 12.47475], [77.2357, 12.47485], [77.2363, 12.47507], [77.2363, 12.47531], [77.2363, 12.47549], [77.23632, 12.47665], [77.23632, 12.47665], [77.23627, 12.47778], [77.23625, 12.47791], [77.23581, 12.47792], [77.23495, 12.47798], [77.23495, 12.47798], [77.23493, 12.47902], [77.23493, 12.48038], [77.23493, 12.48052], [77.23511, 12.48245], [77.23514, 12.48296], [77.23517, 12.48342], [77.23384, 12.48353], [77.23194, 12.4835], [77.23078, 12.48357], [77.23047, 12.4836], [77.22979, 12.48367], [77.22975, 12.48265], [77.2297, 12.48163], [77.22966, 12.4807], [77.22962, 12.47978], [77.22962, 12.47978], [77.22957, 12.47975], [77.22949, 12.4797], [77.22916, 12.47967], [77.22847, 12.47962], [77.22776, 12.4795], [77.22721, 12.4795], [77.22699, 12.47795], [77.22691, 12.4777], [77.22686, 12.47753], [77.22667, 12.47665], [77.22656, 12.47526], [77.22653, 12.47479], [77.22653, 12.47479], [77.22602, 12.4748], [77.22546, 12.47443], [77.22557, 12.47481], [77.22566, 12.47627], [77.22571, 12.47709], [77.22577, 12.47766], [77.2259, 12.47892], [77.22603, 12.48142], [77.22603, 12.48142], [77.22608, 12.48263], [77.22612, 12.48307], [77.2262, 12.4838], [77.22542, 12.48385], [77.22529, 12.48434], [77.2253, 12.48588], [77.22547, 12.48641], [77.22557, 12.48674], [77.22558, 12.48701], [77.22558, 12.4873], [77.22562, 12.4877], [77.22565, 12.48807], [77.2257, 12.4884], [77.22574, 12.48872], [77.2258, 12.48948], [77.2258, 12.48948], [77.2258, 12.48948], [77.22743, 12.489], [77.22743, 12.489], [77.22759, 12.48893], [77.22842, 12.48857], [77.22918, 12.48827], [77.23016, 12.48808], [77.23079, 12.48788], [77.23079, 12.48788], [77.23166, 12.48749], [77.23233, 12.48729], [77.23285, 12.48721], [77.23343, 12.48709], [77.23409, 12.4869], [77.2343, 12.48671], [77.2343, 12.48671], [77.23431, 12.48671], [77.23457, 12.4866], [77.23501, 12.48656], [77.23501, 12.48656], [77.23515, 12.48655], [77.23544, 12.48652], [77.23596, 12.48633], [77.23612, 12.4866], [77.23617, 12.48729], [77.23641, 12.48765], [77.2369, 12.48784], [77.23721, 12.48794], [77.23754, 12.48805], [77.23789, 12.48823], [77.23815, 12.48839], [77.23822, 12.48847], [77.2383, 12.48855], [77.23839, 12.48878], [77.23852, 12.48903], [77.23852, 12.48903], [77.2386, 12.4894], [77.2386, 12.4894], [77.23855, 12.4903], [77.23829, 12.49158], [77.23808, 12.49236], [77.23808, 12.49236], [77.23808, 12.4927], [77.23817, 12.49393], [77.23823, 12.49434], [77.23833, 12.49493], [77.23834, 12.49545], [77.23836, 12.49609], [77.23832, 12.4975], [77.2383, 12.49877], [77.23826, 12.49902], [77.23823, 12.49918], [77.2379, 12.49977], [77.23787, 12.49981], [77.23781, 12.4999], [77.23813, 12.50061], [77.23839, 12.50126], [77.23852, 12.50181], [77.23857, 12.50233], [77.23855, 12.50278], [77.23852, 12.50304], [77.23841, 12.50371], [77.2384, 12.50406], [77.23845, 12.50428], [77.23856, 12.50449], [77.23869, 12.50463], [77.23883, 12.50472], [77.23901, 12.50478], [77.23924, 12.50482], [77.23943, 12.50491], [77.23951, 12.50501], [77.23959, 12.5052], [77.23963, 12.50538], [77.23964, 12.50564], [77.23964, 12.50586], [77.23964, 12.50607], [77.23969, 12.50623], [77.23965, 12.50666], [77.23963, 12.50691], [77.23958, 12.50713], [77.23958, 12.50735], [77.24023, 12.50715], [77.24173, 12.50722], [77.24342, 12.50708], [77.2449, 12.50716], [77.24588, 12.50725], [77.24645, 12.50723], [77.24697, 12.50713], [77.24791, 12.50695], [77.24806, 12.50671], [77.24809, 12.50635], [77.24808, 12.50598], [77.24895, 12.50604], [77.25049, 12.5063], [77.25174, 12.50646], [77.25248, 12.50627], [77.25309, 12.50615], [77.25444, 12.50597], [77.25505, 12.50579], [77.25547, 12.50571], [77.25636, 12.50556], [77.25698, 12.50529], [77.25699, 12.5053], [77.25735, 12.50583], [77.25744, 12.50609], [77.25743, 12.50635], [77.25731, 12.50687], [77.25704, 12.508], [77.25692, 12.50855], [77.25678, 12.50925], [77.25645, 12.51051], [77.25638, 12.51111], [77.25634, 12.51175], [77.25627, 12.51302], [77.25617, 12.5141], [77.25613, 12.51554], [77.25608, 12.51608], [77.2561, 12.51679], [77.256, 12.5181], [77.25591, 12.51871], [77.25582, 12.51931], [77.25571, 12.51998], [77.25559, 12.52058], [77.25549, 12.52114], [77.25534, 12.52185], [77.25525, 12.52242], [77.25516, 12.5231], [77.25503, 12.52372], [77.2549, 12.5244], [77.25481, 12.52502], [77.2547, 12.52557], [77.25458, 12.52632], [77.25448, 12.52691], [77.25433, 12.52769], [77.25411, 12.5289], [77.25402, 12.52975], [77.25393, 12.53035], [77.25459, 12.53066], [77.25541, 12.53094], [77.25611, 12.53122], [77.25753, 12.53145], [77.25746, 12.53213], [77.25741, 12.53284], [77.25737, 12.53356], [77.25729, 12.5342], [77.25655, 12.53446], [77.25597, 12.53468], [77.25513, 12.53496], [77.2544, 12.5352], [77.25424, 12.53583], [77.25411, 12.53653], [77.25407, 12.53709], [77.2539, 12.53774], [77.25373, 12.53847], [77.25357, 12.53911], [77.25333, 12.53972], [77.2532, 12.54035], [77.25296, 12.54095], [77.25274, 12.54152], [77.25254, 12.54218], [77.25221, 12.5427], [77.25178, 12.54322], [77.2514, 12.54382], [77.25133, 12.54448], [77.2513, 12.54523], [77.25144, 12.54589], [77.2518, 12.54664], [77.25224, 12.54731], [77.25272, 12.5479], [77.2531, 12.54822], [77.25326, 12.54835], [77.25389, 12.54866], [77.25462, 12.54882], [77.25527, 12.54891], [77.25592, 12.54911], [77.25658, 12.5494], [77.25718, 12.54967], [77.2578, 12.54996], [77.25842, 12.55021], [77.25919, 12.55052], [77.2604, 12.55102], [77.26149, 12.55151], [77.26215, 12.5517], [77.2629, 12.55177], [77.26332, 12.55177], [77.26368, 12.55178], [77.26437, 12.55184], [77.2662, 12.55212], [77.26756, 12.5519], [77.26883, 12.55119], [77.27022, 12.55022], [77.26913, 12.54996], [77.26775, 12.54964], [77.26677, 12.54935], [77.26574, 12.54892], [77.26509, 12.54838], [77.26468, 12.54788], [77.26446, 12.54724], [77.26455, 12.54671], [77.26498, 12.5462], [77.26558, 12.54615], [77.26647, 12.54625], [77.26704, 12.54636], [77.26824, 12.54692], [77.26957, 12.54732], [77.27111, 12.54767], [77.27304, 12.54759], [77.27182, 12.5458], [77.27063, 12.54381], [77.27158, 12.54352], [77.2748, 12.54291], [77.27599, 12.54246], [77.27662, 12.5419], [77.27664, 12.54115], [77.27618, 12.54048], [77.27491, 12.53955], [77.27211, 12.5378], [77.27285, 12.53655], [77.27385, 12.5339], [77.27513, 12.53118], [77.27581, 12.53009], [77.27675, 12.53029], [77.27776, 12.53039], [77.27854, 12.52949], [77.27903, 12.52856], [77.28094, 12.52892], [77.28228, 12.52929], [77.2847, 12.52997], [77.28792, 12.53084], [77.28804, 12.53144], [77.28792, 12.53213], [77.28733, 12.53446], [77.28707, 12.53569], [77.28683, 12.53642], [77.28667, 12.53703], [77.28645, 12.53866], [77.28625, 12.53997], [77.28619, 12.5408], [77.28603, 12.54183], [77.28579, 12.54283], [77.2858, 12.54329], [77.28576, 12.54406], [77.2857, 12.54478], [77.28566, 12.54512], [77.28554, 12.54548], [77.28591, 12.54547], [77.28641, 12.54544], [77.28684, 12.5454], [77.28741, 12.54537], [77.28784, 12.54543], [77.28791, 12.54581], [77.28791, 12.54629], [77.28865, 12.54638], [77.28889, 12.54642], [77.28936, 12.54651], [77.29009, 12.54663], [77.29067, 12.54674], [77.29113, 12.54682], [77.29164, 12.54677], [77.29184, 12.54625], [77.29223, 12.54567], [77.29286, 12.54549], [77.29323, 12.54518], [77.29407, 12.54521], [77.29448, 12.54527], [77.29501, 12.54541], [77.2955, 12.54558], [77.29572, 12.54564], [77.29639, 12.54575], [77.29752, 12.54576], [77.29816, 12.5457], [77.2989, 12.54569], [77.29904, 12.54615], [77.29925, 12.54662], [77.29946, 12.54704], [77.29995, 12.54701], [77.30073, 12.54693], [77.30166, 12.5468], [77.30231, 12.5467], [77.30274, 12.54668], [77.30327, 12.54668], [77.30372, 12.54676], [77.30419, 12.54689], [77.30453, 12.54703], [77.3049, 12.54717], [77.30527, 12.54723], [77.30557, 12.54722], [77.3057, 12.54719], [77.30565, 12.54643], [77.30528, 12.54603], [77.30501, 12.54573], [77.30504, 12.54507], [77.30515, 12.54446], [77.30538, 12.54325], [77.30561, 12.54209], [77.30605, 12.54076], [77.30663, 12.5395], [77.3069, 12.53905], [77.30735, 12.53846], [77.30783, 12.538], [77.30843, 12.53764], [77.30917, 12.53745], [77.30973, 12.53746], [77.3099, 12.53751], [77.31013, 12.53814], [77.31048, 12.53867], [77.31104, 12.53972], [77.31135, 12.5403], [77.31161, 12.5407], [77.31222, 12.53878], [77.31256, 12.53765], [77.31308, 12.53715], [77.31346, 12.53668], [77.31419, 12.53559], [77.31455, 12.5351], [77.31495, 12.53469], [77.31543, 12.53424], [77.31587, 12.53385], [77.31633, 12.53345], [77.31617, 12.5325], [77.31834, 12.53224], [77.31995, 12.53192], [77.32127, 12.53171], [77.32188, 12.53114], [77.32252, 12.5316], [77.32302, 12.53167], [77.32305, 12.53231], [77.32277, 12.53267], [77.32312, 12.53348], [77.32373, 12.53352], [77.324, 12.53381], [77.32411, 12.53409], [77.32417, 12.53459], [77.3242, 12.5349], [77.32449, 12.53557], [77.32394, 12.53569], [77.32328, 12.53612], [77.32284, 12.53655], [77.32265, 12.53702], [77.32263, 12.5372], [77.32279, 12.53751], [77.32329, 12.53876], [77.32354, 12.53933], [77.32385, 12.53999], [77.32426, 12.54122], [77.32457, 12.5424], [77.32462, 12.54309], [77.32494, 12.5443], [77.32511, 12.54491], [77.32534, 12.54549], [77.32547, 12.54601], [77.32555, 12.54654], [77.32554, 12.54665], [77.32552, 12.54675], [77.32515, 12.54712], [77.32467, 12.54753], [77.32431, 12.54771], [77.32394, 12.54779], [77.32342, 12.54775], [77.32303, 12.54761], [77.32249, 12.54737], [77.32223, 12.54728], [77.32184, 12.54734], [77.32163, 12.54741], [77.32109, 12.54777], [77.32076, 12.54801], [77.32082, 12.54826], [77.32084, 12.54861], [77.32084, 12.54887], [77.32076, 12.54914], [77.32063, 12.54944], [77.32014, 12.55029], [77.3199, 12.55069], [77.31956, 12.55102], [77.31907, 12.55135], [77.31864, 12.55164], [77.31835, 12.55188], [77.31694, 12.55195], [77.31529, 12.55213], [77.31572, 12.55332], [77.31631, 12.55456], [77.31754, 12.55762], [77.31818, 12.55896], [77.32011, 12.55889], [77.32314, 12.55883], [77.3248, 12.55892], [77.32504, 12.55899], [77.32494, 12.55952], [77.32487, 12.55977], [77.32478, 12.55983], [77.32459, 12.56008], [77.32438, 12.56052], [77.32429, 12.5609], [77.32429, 12.56113], [77.32436, 12.56165], [77.32442, 12.56211], [77.32443, 12.5624], [77.32439, 12.56261], [77.32429, 12.5628], [77.32414, 12.563], [77.32387, 12.56329], [77.32369, 12.56351], [77.32342, 12.56379], [77.32336, 12.5639], [77.32332, 12.564], [77.32325, 12.56431], [77.32325, 12.56474], [77.32325, 12.56503], [77.3232, 12.56521], [77.32317, 12.56545], [77.3232, 12.56556], [77.32336, 12.56581], [77.3236, 12.56607], [77.32392, 12.56643], [77.32416, 12.56674], [77.32439, 12.56724], [77.32452, 12.56753], [77.32464, 12.56782], [77.32473, 12.56804], [77.32386, 12.56794], [77.32131, 12.56791], [77.31928, 12.56795], [77.31741, 12.56799], [77.31599, 12.568], [77.31579, 12.56858], [77.31564, 12.56922], [77.31531, 12.57011], [77.31473, 12.57152], [77.3141, 12.5733], [77.3137, 12.57458], [77.31345, 12.57545], [77.3132, 12.5761], [77.31303, 12.57652], [77.31288, 12.57681], [77.31265, 12.57729], [77.31255, 12.57723], [77.31092, 12.57669], [77.30859, 12.57707], [77.30718, 12.57787], [77.30625, 12.57893], [77.3062, 12.58046], [77.30615, 12.58176], [77.30603, 12.58582], [77.30571, 12.58726], [77.30686, 12.58759], [77.30729, 12.58812], [77.30763, 12.58872], [77.30803, 12.58932], [77.30851, 12.58946], [77.30852, 12.58947], [77.30918, 12.58967], [77.30981, 12.58938], [77.31077, 12.59016], [77.31194, 12.59067], [77.31266, 12.59094], [77.31343, 12.59109], [77.31426, 12.59109], [77.31497, 12.59093], [77.31561, 12.59052], [77.31672, 12.59011], [77.31748, 12.59011], [77.31792, 12.59027], [77.3188, 12.59049], [77.32, 12.59109], [77.32076, 12.59151], [77.32139, 12.59217], [77.32202, 12.59251], [77.32251, 12.59299], [77.32301, 12.59335], [77.32425, 12.59408], [77.32475, 12.59437], [77.32542, 12.59475], [77.32575, 12.59552], [77.32621, 12.59737], [77.32677, 12.59941], [77.3271, 12.60036], [77.32738, 12.60061], [77.32788, 12.60084], [77.32977, 12.60134], [77.33027, 12.60148], [77.33075, 12.60176], [77.33122, 12.6021], [77.33234, 12.60294], [77.3336, 12.60336], [77.33497, 12.60378], [77.33623, 12.60383], [77.33614, 12.60496], [77.33614, 12.60671], [77.33585, 12.60865], [77.33564, 12.60951], [77.33613, 12.60963], [77.33691, 12.60986], [77.33749, 12.61003], [77.33815, 12.61032], [77.3387, 12.61074], [77.33916, 12.61122], [77.33959, 12.61168], [77.33987, 12.61209], [77.34002, 12.61213], [77.34034, 12.61232], [77.34061, 12.61254], [77.34069, 12.61264], [77.34077, 12.61295], [77.34086, 12.61327], [77.34093, 12.61341], [77.34105, 12.61354], [77.34132, 12.61378], [77.3414, 12.61391], [77.34146, 12.61402], [77.34147, 12.61418], [77.34149, 12.61444], [77.34153, 12.61453], [77.34162, 12.61462], [77.3418, 12.61469], [77.34198, 12.6148], [77.34207, 12.61493], [77.3421, 12.6151], [77.34202, 12.61531], [77.34192, 12.61551], [77.34189, 12.61565], [77.34191, 12.6158], [77.342, 12.616], [77.34215, 12.61622], [77.34238, 12.61659], [77.34256, 12.61694], [77.3427, 12.61734], [77.34281, 12.61775], [77.34283, 12.61821], [77.34287, 12.61871], [77.34294, 12.61888], [77.34297, 12.61898], [77.34307, 12.61983], [77.34312, 12.62009], [77.34319, 12.62029], [77.34334, 12.6205], [77.34369, 12.62099], [77.344, 12.62145], [77.34402, 12.62161], [77.34423, 12.6221], [77.3444, 12.62275], [77.34453, 12.62318], [77.34479, 12.62373], [77.34511, 12.62441], [77.34574, 12.62571], [77.34622, 12.62654], [77.34654, 12.62717], [77.34689, 12.6277], [77.34691, 12.62773], [77.34693, 12.62806], [77.34696, 12.62868], [77.3471, 12.62926], [77.34715, 12.62987], [77.34721, 12.63056], [77.34715, 12.63115], [77.34711, 12.63182], [77.34711, 12.63242], [77.34706, 12.63306], [77.347, 12.63358], [77.34701, 12.63383], [77.34706, 12.6346], [77.34721, 12.63544], [77.34761, 12.63564], [77.34819, 12.63591], [77.34851, 12.63603], [77.34923, 12.63629], [77.34944, 12.63638], [77.34969, 12.6365], [77.35002, 12.6367], [77.35035, 12.63695], [77.35079, 12.63733], [77.35105, 12.63756], [77.3513, 12.63756], [77.3516, 12.63758], [77.35159, 12.63832], [77.35176, 12.63901], [77.35195, 12.63971], [77.35222, 12.64011], [77.35229, 12.64069], [77.35272, 12.64041], [77.35313, 12.64135], [77.35325, 12.64183], [77.35363, 12.64197], [77.35413, 12.64228], [77.35421, 12.6426], [77.35455, 12.64329], [77.35464, 12.64394], [77.35474, 12.64463], [77.3549, 12.64518], [77.35491, 12.64525], [77.35568, 12.64514], [77.35633, 12.64512], [77.35703, 12.64516], [77.35773, 12.64511], [77.35834, 12.64494], [77.35913, 12.64469], [77.35961, 12.64436], [77.35977, 12.64449], [77.35999, 12.64488], [77.36016, 12.64561], [77.3599, 12.64683], [77.35946, 12.64868], [77.35937, 12.64936], [77.35922, 12.65086], [77.359, 12.65141], [77.35973, 12.65219], [77.35998, 12.65259], [77.36016, 12.65306], [77.36026, 12.65351], [77.36055, 12.65399], [77.36077, 12.65467], [77.36101, 12.6553], [77.36106, 12.65606], [77.36114, 12.6566], [77.36104, 12.65725], [77.36092, 12.65861], [77.36094, 12.66], [77.36097, 12.66069], [77.36118, 12.66142], [77.36129, 12.66208], [77.36141, 12.66281], [77.36299, 12.66189], [77.36473, 12.66162], [77.36565, 12.6597], [77.36625, 12.65895], [77.36745, 12.65815], [77.36984, 12.65666], [77.3713, 12.65511], [77.37233, 12.65306], [77.37363, 12.64847], [77.3745, 12.64537], [77.37477, 12.64431], [77.37553, 12.64361], [77.37581, 12.64279], [77.37596, 12.64233], [77.37678, 12.63801], [77.37846, 12.63088], [77.38351, 12.632], [77.38607, 12.64037], [77.38611, 12.64165], [77.38617, 12.64368], [77.38584, 12.64592], [77.38491, 12.64842], [77.38465, 12.64913], [77.38313, 12.65158], [77.38194, 12.65263], [77.38096, 12.65301], [77.38058, 12.65679], [77.38102, 12.65915], [77.38156, 12.66085], [77.38303, 12.66315], [77.38341, 12.66409], [77.38297, 12.66463], [77.38227, 12.66585], [77.38221, 12.66724], [77.38248, 12.67081], [77.38232, 12.67242], [77.38216, 12.67402], [77.3808, 12.68105], [77.38031, 12.68342], [77.37923, 12.6847], [77.37665, 12.68701], [77.37613, 12.68747], [77.3751, 12.6879], [77.37282, 12.68801], [77.37119, 12.68972], [77.37076, 12.69212], [77.37037, 12.6958], [77.37081, 12.69697], [77.3726, 12.69709], [77.37316, 12.69706], [77.3739, 12.69702], [77.37391, 12.6968], [77.37414, 12.69657], [77.37456, 12.69622], [77.3748, 12.69613], [77.37501, 12.69611], [77.37513, 12.69607], [77.37531, 12.69591], [77.37571, 12.69559], [77.37587, 12.69561], [77.37607, 12.69566], [77.37632, 12.69575], [77.37649, 12.6958], [77.37662, 12.6958], [77.37683, 12.6958], [77.3771, 12.69571], [77.37738, 12.6955], [77.37782, 12.69519], [77.37819, 12.69488], [77.37847, 12.69453], [77.37874, 12.69425], [77.37908, 12.69394], [77.37948, 12.69359], [77.37976, 12.6933], [77.37993, 12.69302], [77.38007, 12.6926], [77.38015, 12.69216], [77.38011, 12.69149], [77.38014, 12.69117], [77.3802, 12.69091], [77.38032, 12.69061], [77.38054, 12.69047], [77.38079, 12.69038], [77.38126, 12.6903], [77.38155, 12.69027], [77.38187, 12.6902], [77.38229, 12.69007], [77.38266, 12.69001], [77.38313, 12.69003], [77.38383, 12.69006], [77.38449, 12.69013], [77.38551, 12.6903], [77.38637, 12.69041], [77.38721, 12.69053], [77.38791, 12.69069], [77.38841, 12.69077], [77.38937, 12.69085], [77.38996, 12.69095], [77.3903, 12.69102], [77.39084, 12.69128], [77.39135, 12.69154], [77.39154, 12.69161], [77.3917, 12.69161], [77.39187, 12.69162], [77.39203, 12.6917], [77.3924, 12.69214], [77.39288, 12.69258], [77.39357, 12.69311], [77.39394, 12.69334], [77.39435, 12.69348], [77.39478, 12.6935], [77.39537, 12.69345], [77.39584, 12.69336], [77.39644, 12.69316], [77.39639, 12.6936], [77.39631, 12.69409], [77.39618, 12.6946], [77.396, 12.69494], [77.39571, 12.69528], [77.39525, 12.69561], [77.39447, 12.69603], [77.39379, 12.69647], [77.3932, 12.69675], [77.39283, 12.69696], [77.3924, 12.69722], [77.39202, 12.69763], [77.39182, 12.69797], [77.39164, 12.6984], [77.39137, 12.69895], [77.39106, 12.69952], [77.39075, 12.70002], [77.3905, 12.7008], [77.39041, 12.70125], [77.39033, 12.70162], [77.39017, 12.70233], [77.39012, 12.70304], [77.39007, 12.70369], [77.38998, 12.70395], [77.38987, 12.70413], [77.38965, 12.70434], [77.38927, 12.70461], [77.38903, 12.70477], [77.38889, 12.70492], [77.38879, 12.70511], [77.38876, 12.70528], [77.38878, 12.70541], [77.38902, 12.70575], [77.38905, 12.70593], [77.38899, 12.70614], [77.38893, 12.70627], [77.38884, 12.70645], [77.38876, 12.70661], [77.38873, 12.7069], [77.38876, 12.70717], [77.38882, 12.7074], [77.38895, 12.70769], [77.38896, 12.70787], [77.38949, 12.70793], [77.39007, 12.70802], [77.39071, 12.70822], [77.3913, 12.7083], [77.39195, 12.70844], [77.39261, 12.70849], [77.39334, 12.70863], [77.39394, 12.70868], [77.39463, 12.70878], [77.3959, 12.70886], [77.39786, 12.70899], [77.39918, 12.70914], [77.39983, 12.70927], [77.4005, 12.70958], [77.40047, 12.71001], [77.40057, 12.71042], [77.40076, 12.7108], [77.4013, 12.71127], [77.40197, 12.71175], [77.40315, 12.71239], [77.40426, 12.71293], [77.40493, 12.71332], [77.4058, 12.71392], [77.40659, 12.7146], [77.40729, 12.71526], [77.40783, 12.71604], [77.40804, 12.71663], [77.40811, 12.71719], [77.40812, 12.71764], [77.408, 12.7186], [77.40794, 12.71959], [77.40796, 12.72005], [77.40804, 12.72042], [77.4082, 12.72081], [77.40876, 12.72176], [77.4091, 12.72181], [77.40987, 12.72176], [77.41111, 12.72179], [77.41178, 12.72179], [77.41304, 12.72197], [77.41435, 12.72217], [77.415, 12.72232], [77.4157, 12.72249], [77.41628, 12.72253], [77.41691, 12.72249], [77.41754, 12.72246], [77.41859, 12.72232], [77.41873, 12.72204], [77.41877, 12.72177], [77.41875, 12.72154], [77.41863, 12.72139], [77.41874, 12.7212], [77.41896, 12.72087], [77.4196, 12.72075], [77.4204, 12.72071], [77.42176, 12.72066], [77.42248, 12.72061], [77.42332, 12.72051], [77.42389, 12.72044], [77.42443, 12.72036], [77.42422, 12.72007], [77.42362, 12.71945], [77.42329, 12.71909], [77.42312, 12.71887], [77.42307, 12.71867], [77.42308, 12.71851], [77.42319, 12.71807], [77.42343, 12.71736], [77.4235, 12.71708], [77.42363, 12.71651], [77.42368, 12.71624], [77.42369, 12.71555], [77.42369, 12.71488], [77.42362, 12.71472], [77.42355, 12.71454], [77.42345, 12.71438], [77.42323, 12.71411], [77.42294, 12.71383], [77.42273, 12.7136], [77.42257, 12.71337], [77.42244, 12.71311], [77.42234, 12.71284], [77.4223, 12.71262], [77.4223, 12.71231], [77.42238, 12.7116], [77.42244, 12.71137], [77.42287, 12.71052], [77.42324, 12.70982], [77.42351, 12.70929], [77.42386, 12.70937], [77.42447, 12.70935], [77.42469, 12.70903], [77.4249, 12.70867], [77.42556, 12.70879], [77.42697, 12.70891], [77.4277, 12.70892], [77.42841, 12.70892], [77.43035, 12.70904], [77.43109, 12.70909], [77.43247, 12.70924], [77.43417, 12.70923], [77.43435, 12.71003], [77.43569, 12.71014], [77.43784, 12.71023], [77.43895, 12.71028], [77.43951, 12.7103], [77.44023, 12.70992], [77.44079, 12.70962], [77.44261, 12.70875], [77.44352, 12.70824], [77.44387, 12.70805], [77.4447, 12.70762], [77.4462, 12.70686], [77.44701, 12.7064], [77.44759, 12.70684], [77.44789, 12.70708], [77.44813, 12.70728], [77.44848, 12.70744], [77.44874, 12.70749], [77.44918, 12.70742], [77.44963, 12.70728], [77.45033, 12.70724], [77.4511, 12.70725], [77.45159, 12.70725], [77.45227, 12.70716], [77.45286, 12.70706], [77.45393, 12.70693], [77.45485, 12.70681], [77.45511, 12.70679], [77.45511, 12.70727], [77.45528, 12.70764], [77.45538, 12.70795], [77.45545, 12.70823], [77.45547, 12.70851], [77.45548, 12.70904], [77.4555, 12.70929], [77.45554, 12.70946], [77.45562, 12.70965], [77.45574, 12.71], [77.45586, 12.71026], [77.45599, 12.71044], [77.45632, 12.71077], [77.45655, 12.71105], [77.45676, 12.7114], [77.45696, 12.71178], [77.45719, 12.71213], [77.45733, 12.7123], [77.45764, 12.71254], [77.45797, 12.71282], [77.45827, 12.71324], [77.45847, 12.71364], [77.45862, 12.71407], [77.45881, 12.71463], [77.45894, 12.71502], [77.45903, 12.71547], [77.45909, 12.71591], [77.45916, 12.71674], [77.45917, 12.71738], [77.45915, 12.71766], [77.45913, 12.71789], [77.45912, 12.7183], [77.45912, 12.71858], [77.45914, 12.71877], [77.4592, 12.71897], [77.45929, 12.7192], [77.45986, 12.71962], [77.46048, 12.72007], [77.46124, 12.71983], [77.46313, 12.71928], [77.46376, 12.71913], [77.46441, 12.71892], [77.46507, 12.71872], [77.46571, 12.71852], [77.46653, 12.71854], [77.4685, 12.71812], [77.46984, 12.71788], [77.47105, 12.71756], [77.47237, 12.71723], [77.47243, 12.71743], [77.47262, 12.71792], [77.47283, 12.71827], [77.47307, 12.71862], [77.4734, 12.71889], [77.47375, 12.71908], [77.4743, 12.71934], [77.47491, 12.71972], [77.47557, 12.72024], [77.47612, 12.72085], [77.47641, 12.72141], [77.4765, 12.72188], [77.47653, 12.72261], [77.47639, 12.72321], [77.47615, 12.72361], [77.4759, 12.72405], [77.47576, 12.72449], [77.47562, 12.72497], [77.47554, 12.72548], [77.47552, 12.72588], [77.47554, 12.72616], [77.47566, 12.72661], [77.47577, 12.72708], [77.47594, 12.72756], [77.47614, 12.72811], [77.47593, 12.72818], [77.4758, 12.72837], [77.47553, 12.72873], [77.47517, 12.72911], [77.47473, 12.72948], [77.47459, 12.72963], [77.47436, 12.72997], [77.47423, 12.73019], [77.47416, 12.73039], [77.47411, 12.73066], [77.47406, 12.73092], [77.47397, 12.73109], [77.47387, 12.73118], [77.47377, 12.73124], [77.47362, 12.73128], [77.47343, 12.73129], [77.47321, 12.73126], [77.4729, 12.73123], [77.4728, 12.73123], [77.47273, 12.73126], [77.47264, 12.73132], [77.4725, 12.73141], [77.47237, 12.73152], [77.47229, 12.73166], [77.47217, 12.73196], [77.47202, 12.73225], [77.4719, 12.73244], [77.47172, 12.73264], [77.47151, 12.73281], [77.47136, 12.7329], [77.47123, 12.73307], [77.47108, 12.73338], [77.47099, 12.73362], [77.47095, 12.73386], [77.4709, 12.7341], [77.47084, 12.73432], [77.47071, 12.73464], [77.47059, 12.73495], [77.47055, 12.73508], [77.47053, 12.7353], [77.4705, 12.73568], [77.47047, 12.73596], [77.47034, 12.73634], [77.47022, 12.73671], [77.47019, 12.73685], [77.4702, 12.73707], [77.47021, 12.73728], [77.47026, 12.73737], [77.47037, 12.73767], [77.47053, 12.73827], [77.47059, 12.7386], [77.47062, 12.73888], [77.47061, 12.73911], [77.47055, 12.7393], [77.47043, 12.73949], [77.47026, 12.7397], [77.4701, 12.73988], [77.46993, 12.74005], [77.46973, 12.74021], [77.46944, 12.74055], [77.46932, 12.74089], [77.4693, 12.74099], [77.46931, 12.74113], [77.46934, 12.7414], [77.46938, 12.74175], [77.46942, 12.74203], [77.46947, 12.74223], [77.46946, 12.74241], [77.46943, 12.74261], [77.46939, 12.74281], [77.46928, 12.74317], [77.4692, 12.74332], [77.46925, 12.74344], [77.46927, 12.74358], [77.46925, 12.74365], [77.46909, 12.74375], [77.46899, 12.74378], [77.46891, 12.74397], [77.4687, 12.7443], [77.4685, 12.74468], [77.46826, 12.74515], [77.46817, 12.74534], [77.46835, 12.74567], [77.46854, 12.74697], [77.46868, 12.74763], [77.46876, 12.74835], [77.469, 12.74882], [77.46842, 12.74934], [77.46759, 12.75025], [77.4672, 12.7507], [77.46674, 12.75125], [77.47055, 12.75232], [77.4728, 12.75353], [77.47477, 12.75469], [77.47605, 12.75474], [77.47638, 12.75454], [77.4766, 12.7543], [77.47682, 12.75391], [77.47692, 12.75338], [77.4771, 12.75299], [77.47734, 12.75271], [77.47769, 12.75242], [77.47811, 12.75218], [77.47866, 12.75183], [77.47918, 12.75125], [77.47938, 12.7511], [77.47961, 12.75093], [77.47971, 12.75085], [77.47993, 12.75067], [77.48011, 12.75052], [77.48027, 12.75041], [77.4805, 12.75027], [77.48079, 12.75017], [77.48138, 12.74999], [77.48166, 12.7499], [77.48186, 12.74986], [77.48206, 12.74979], [77.48246, 12.74964], [77.48248, 12.74963], [77.4829, 12.74942], [77.48315, 12.74928], [77.48336, 12.74914], [77.48357, 12.74896], [77.48379, 12.74869], [77.48401, 12.74832], [77.48426, 12.74792], [77.48444, 12.74759], [77.48463, 12.74727], [77.48473, 12.74705], [77.48488, 12.74665], [77.48503, 12.74621], [77.48514, 12.7459], [77.48525, 12.74566], [77.48539, 12.74538], [77.48555, 12.74507], [77.48573, 12.74479], [77.48588, 12.7446], [77.48602, 12.74432], [77.48609, 12.74407], [77.48611, 12.74387], [77.48613, 12.7432], [77.48614, 12.74289], [77.48613, 12.74279], [77.48722, 12.7426], [77.48884, 12.74227], [77.49009, 12.74209], [77.49078, 12.74194], [77.49141, 12.74184], [77.49186, 12.74182], [77.49189, 12.74146], [77.49199, 12.74115], [77.49224, 12.74074], [77.49245, 12.74012], [77.49334, 12.74017], [77.49474, 12.74029], [77.49891, 12.73932], [77.5012, 12.73751], [77.50324, 12.73659], [77.50397, 12.73485], [77.50492, 12.73238], [77.50509, 12.73388], [77.50529, 12.73522], [77.50791, 12.73627], [77.50968, 12.73742], [77.51012, 12.73816], [77.51082, 12.74091], [77.51241, 12.74587], [77.51381, 12.75022], [77.5176, 12.74711], [77.52088, 12.74435], [77.52, 12.74135], [77.51853, 12.73673], [77.52127, 12.73241], [77.52342, 12.7368], [77.52414, 12.7387], [77.52487, 12.73969], [77.52654, 12.74202], [77.52856, 12.74416], [77.53178, 12.74755], [77.53264, 12.74856], [77.53251, 12.75128], [77.53222, 12.75185], [77.53274, 12.75253], [77.5331, 12.75307], [77.53346, 12.75348], [77.53351, 12.75387], [77.53346, 12.75435], [77.53355, 12.75482], [77.53389, 12.75515], [77.53414, 12.75553], [77.53431, 12.75596], [77.53465, 12.75624], [77.53515, 12.75595], [77.53561, 12.75546], [77.53608, 12.75492], [77.53629, 12.7544], [77.53702, 12.7534], [77.53787, 12.75234], [77.53866, 12.75152], [77.53871, 12.75128], [77.53903, 12.75088], [77.5401, 12.75047], [77.54048, 12.74985], [77.54071, 12.75016], [77.54071, 12.7507], [77.54067, 12.75126], [77.54126, 12.75303], [77.5417, 12.75428], [77.54217, 12.75541], [77.5427, 12.75676], [77.54274, 12.75725], [77.54288, 12.75845], [77.54315, 12.75951], [77.54396, 12.76195], [77.54458, 12.76374], [77.54513, 12.76499], [77.54539, 12.76615], [77.54539, 12.76618], [77.54583, 12.76811], [77.54632, 12.77006], [77.54865, 12.77127], [77.55069, 12.77096], [77.5509, 12.77091], [77.55106, 12.77138], [77.55167, 12.77221], [77.55232, 12.77218], [77.55177, 12.7735], [77.54883, 12.77386], [77.54745, 12.77402], [77.54687, 12.77436], [77.54587, 12.77506], [77.54485, 12.77565], [77.54404, 12.77598], [77.54405, 12.77614], [77.54408, 12.77662], [77.54425, 12.77727], [77.54453, 12.77784], [77.54494, 12.77882], [77.54587, 12.78054], [77.54664, 12.78242], [77.54792, 12.78389], [77.54864, 12.7849], [77.54881, 12.78598], [77.54857, 12.78645], [77.548, 12.7875], [77.54721, 12.78915], [77.5467, 12.79033], [77.54628, 12.79089], [77.54534, 12.79182], [77.54456, 12.79274], [77.54315, 12.7942], [77.54307, 12.79744], [77.54489, 12.79865], [77.5486, 12.80047], [77.55009, 12.80039], [77.55207, 12.80002], [77.5538, 12.79964], [77.55602, 12.79941], [77.55693, 12.7991], [77.55629, 12.79605], [77.55471, 12.78856], [77.56279, 12.78711], [77.56147, 12.784], [77.55545, 12.78142], [77.55561, 12.77933], [77.5561, 12.77689], [77.55726, 12.77454], [77.55767, 12.77333], [77.55772, 12.77242]]]}}]}