{"type": "FeatureCollection", "features": [{"type": "Feature", "properties": {"taluk": "Satyavedu", "district": "Tirupati", "state": "Andhra Pradesh"}, "geometry": {"type": "Polygon", "coordinates": [[[79.99854, 13.55594], [79.99983, 13.55537], [80.0013, 13.55545], [80.00218, 13.55532], [80.00315, 13.55514], [80.00389, 13.55493], [80.00459, 13.55425], [80.0052, 13.55347], [80.00606, 13.55297], [80.00621, 13.55283], [80.00652, 13.55151], [80.00714, 13.55009], [80.00746, 13.54828], [80.00823, 13.54643], [80.00841, 13.54561], [80.00774, 13.54545], [80.00553, 13.54526], [80.00426, 13.54486], [80.00344, 13.54444], [80.0019, 13.54324], [80.00108, 13.54255], [80.00077, 13.54227], [80.00051, 13.54217], [79.99972, 13.54231], [79.9986, 13.54272], [79.9986, 13.53764], [79.9986, 13.53749], [79.9986, 13.53428], [79.99934, 13.53259], [79.99966, 13.53111], [80.0002, 13.52915], [80.00033, 13.52841], [80.00052, 13.52568], [80.00198, 13.52559], [80.00518, 13.52548], [80.00692, 13.52557], [80.00799, 13.52581], [80.01092, 13.52679], [80.01362, 13.52813], [80.01686, 13.52949], [80.01761, 13.52956], [80.01765, 13.52956], [80.01763, 13.52828], [80.0177, 13.52715], [80.01796, 13.52549], [80.01827, 13.52326], [80.01887, 13.52111], [80.01905, 13.52055], [80.01925, 13.51995], [80.01952, 13.51925], [80.01992, 13.51893], [80.0216, 13.518], [80.02307, 13.51738], [80.02388, 13.51656], [80.02514, 13.51518], [80.02659, 13.5142], [80.02716, 13.51372], [80.02719, 13.5137], [80.02978, 13.51527], [80.03114, 13.5163], [80.0336, 13.51747], [80.03502, 13.51815], [80.03549, 13.5183], [80.03552, 13.51831], [80.03682, 13.51776], [80.03856, 13.51716], [80.04148, 13.51593], [80.04447, 13.51452], [80.04646, 13.51351], [80.04805, 13.51253], [80.0484, 13.51227], [80.04842, 13.51225], [80.04809, 13.51027], [80.04775, 13.50709], [80.04725, 13.50224], [80.04718, 13.50131], [80.04676, 13.49798], [80.04662, 13.49368], [80.04659, 13.49369], [80.04656, 13.4937], [80.04313, 13.49454], [80.04039, 13.49541], [80.03527, 13.497], [80.03307, 13.49756], [80.03091, 13.49805], [80.03, 13.49819], [80.0276, 13.49819], [80.02339, 13.49817], [80.01894, 13.49817], [80.0159, 13.49795], [80.0159, 13.4979], [80.01588, 13.49765], [80.01582, 13.49764], [80.01557, 13.49756], [80.01498, 13.4971], [80.01496, 13.49708], [80.0146, 13.4966], [80.01444, 13.49612], [80.01444, 13.49612], [80.01449, 13.49569], [80.01482, 13.49367], [80.01483, 13.4923], [80.01483, 13.49226], [80.01492, 13.49086], [80.01494, 13.49045], [80.01584, 13.48903], [80.01529, 13.4883], [80.01433, 13.48726], [80.0139, 13.48644], [80.01379, 13.4859], [80.0137, 13.48544], [80.01352, 13.48519], [80.0132, 13.48509], [80.01304, 13.48505], [80.01264, 13.48518], [80.0122, 13.48547], [80.01184, 13.48518], [80.01175, 13.4851], [80.00983, 13.48315], [80.00762, 13.48135], [80.00749, 13.47864], [80.00746, 13.47864], [80.00582, 13.47863], [79.99869, 13.47857], [79.9986, 13.47857], [79.99857, 13.47857], [79.99237, 13.47876], [79.98762, 13.47903], [79.98408, 13.47958], [79.98407, 13.47952], [79.98405, 13.47942], [79.9824, 13.47046], [79.98235, 13.47045], [79.98219, 13.47043], [79.98217, 13.47043], [79.97312, 13.46919], [79.97242, 13.46909], [79.97242, 13.46905], [79.97205, 13.46507], [79.9727, 13.46435], [79.9726, 13.46224], [79.97214, 13.45996], [79.9727, 13.45869], [79.97214, 13.44745], [79.9721, 13.44562], [79.97204, 13.44263], [79.9713, 13.44075], [79.97111, 13.44026], [79.97287, 13.43972], [79.97232, 13.43734], [79.97352, 13.43561], [79.97278, 13.43387], [79.97241, 13.4326], [79.9725, 13.43132], [79.97334, 13.42967], [79.97328, 13.42962], [79.97281, 13.4292], [79.97278, 13.42918], [79.97222, 13.42867], [79.97073, 13.4284], [79.97073, 13.42836], [79.97073, 13.4273], [79.97067, 13.42729], [79.96961, 13.42721], [79.96886, 13.42721], [79.96802, 13.42676], [79.9679, 13.42676], [79.96789, 13.42676], [79.96681, 13.42675], [79.9667, 13.42673], [79.96579, 13.42657], [79.96578, 13.42653], [79.96551, 13.42511], [79.96546, 13.4251], [79.96318, 13.42475], [79.96313, 13.4247], [79.96197, 13.42338], [79.96195, 13.42338], [79.95964, 13.4232], [79.95749, 13.42356], [79.95746, 13.4235], [79.95665, 13.42219], [79.95663, 13.4222], [79.95507, 13.42238], [79.95507, 13.42347], [79.95572, 13.42521], [79.95255, 13.42584], [79.95252, 13.42579], [79.95153, 13.42402], [79.9515, 13.42402], [79.94948, 13.42375], [79.94818, 13.42503], [79.94529, 13.42476], [79.94158, 13.42511], [79.94147, 13.42512], [79.93961, 13.42503], [79.93962, 13.42498], [79.93979, 13.42385], [79.9411, 13.42265], [79.9411, 13.42074], [79.94203, 13.41973], [79.94184, 13.41673], [79.94184, 13.41672], [79.94178, 13.41672], [79.94016, 13.41672], [79.93858, 13.41618], [79.937, 13.41682], [79.93458, 13.41645], [79.93457, 13.41645], [79.93465, 13.41642], [79.93662, 13.41572], [79.93774, 13.41489], [79.93839, 13.4128], [79.94221, 13.4128], [79.94249, 13.41106], [79.94243, 13.41104], [79.94142, 13.41074], [79.94142, 13.41071], [79.94138, 13.41015], [79.94254, 13.40996], [79.94254, 13.40914], [79.94366, 13.40892], [79.94366, 13.40796], [79.94531, 13.40777], [79.94566, 13.40774], [79.9457, 13.40773], [79.94445, 13.40627], [79.94417, 13.40495], [79.94323, 13.40257], [79.94193, 13.40134], [79.94184, 13.40079], [79.94179, 13.40077], [79.94128, 13.40061], [79.94129, 13.40058], [79.94137, 13.40024], [79.94249, 13.39993], [79.94295, 13.39973], [79.94299, 13.39971], [79.94323, 13.3996], [79.94347, 13.39865], [79.94431, 13.39806], [79.94436, 13.39687], [79.94659, 13.39632], [79.94724, 13.39673], [79.94841, 13.39641], [79.95144, 13.39677], [79.95405, 13.39695], [79.95623, 13.39714], [79.95847, 13.39618], [79.95921, 13.39604], [79.95925, 13.39604], [79.9595, 13.39599], [79.96145, 13.3956], [79.96164, 13.39469], [79.96257, 13.39423], [79.96275, 13.39136], [79.96257, 13.38844], [79.96251, 13.38842], [79.96145, 13.38816], [79.96145, 13.38812], [79.96145, 13.38711], [79.96135, 13.38647], [79.9613, 13.38643], [79.96084, 13.38611], [79.96084, 13.3861], [79.96075, 13.38524], [79.96024, 13.38387], [79.95949, 13.38227], [79.95847, 13.38118], [79.95814, 13.37954], [79.95812, 13.37947], [79.95805, 13.37918], [79.95802, 13.37916], [79.958, 13.37915], [79.95534, 13.37789], [79.9539, 13.37712], [79.95157, 13.37844], [79.94999, 13.37981], [79.9497, 13.38073], [79.94967, 13.38075], [79.9491, 13.38105], [79.94859, 13.3826], [79.94822, 13.38324], [79.94819, 13.38314], [79.94803, 13.38264], [79.94821, 13.38201], [79.94815, 13.38198], [79.94766, 13.38173], [79.94668, 13.38136], [79.94616, 13.38127], [79.94565, 13.38178], [79.94505, 13.38178], [79.94509, 13.38172], [79.94582, 13.38072], [79.94729, 13.37872], [79.94808, 13.37876], [79.94817, 13.37827], [79.9478, 13.37776], [79.94794, 13.37753], [79.94854, 13.37767], [79.94887, 13.37781], [79.94919, 13.37767], [79.94901, 13.37666], [79.94868, 13.37566], [79.94947, 13.37548], [79.9491, 13.37479], [79.94907, 13.37479], [79.9485, 13.37479], [79.94849, 13.37474], [79.94845, 13.37447], [79.94839, 13.37445], [79.94808, 13.37433], [79.94807, 13.3743], [79.94644, 13.36818], [79.9464, 13.36818], [79.94542, 13.36822], [79.94542, 13.36817], [79.94542, 13.36685], [79.94584, 13.36672], [79.94584, 13.36598], [79.94625, 13.36598], [79.94607, 13.36493], [79.94569, 13.36452], [79.94565, 13.36374], [79.94559, 13.36369], [79.94547, 13.36359], [79.94528, 13.36342], [79.9429, 13.36356], [79.9422, 13.36356], [79.94222, 13.36351], [79.9429, 13.36127], [79.94288, 13.36127], [79.94283, 13.36127], [79.94099, 13.36128], [79.941, 13.36123], [79.94117, 13.35995], [79.93801, 13.35552], [79.93799, 13.35553], [79.93591, 13.35644], [79.93589, 13.35637], [79.93512, 13.35411], [79.93508, 13.35412], [79.93377, 13.35448], [79.93375, 13.35442], [79.93325, 13.35306], [79.93311, 13.35192], [79.93306, 13.35191], [79.9313, 13.35151], [79.92976, 13.3548], [79.92921, 13.35562], [79.92757, 13.35603], [79.92776, 13.3569], [79.92741, 13.35695], [79.92654, 13.35708], [79.92529, 13.35836], [79.9211, 13.35932], [79.91605, 13.35986], [79.91597, 13.35987], [79.91597, 13.35981], [79.91579, 13.35827], [79.91681, 13.35808], [79.91532, 13.35489], [79.91336, 13.35224], [79.9149, 13.35156], [79.91471, 13.35061], [79.91518, 13.35061], [79.91485, 13.34814], [79.91484, 13.34814], [79.9148, 13.34813], [79.91243, 13.34772], [79.91038, 13.34727], [79.90912, 13.34621], [79.90842, 13.34563], [79.90777, 13.34508], [79.90516, 13.34353], [79.90515, 13.34351], [79.90446, 13.34198], [79.90381, 13.34043], [79.90377, 13.34042], [79.90176, 13.34011], [79.90018, 13.33937], [79.89838, 13.33817], [79.89813, 13.33801], [79.89636, 13.33697], [79.89515, 13.33669], [79.89427, 13.33678], [79.89217, 13.33523], [79.89002, 13.33496], [79.88681, 13.3351], [79.88499, 13.33386], [79.88457, 13.33357], [79.88112, 13.33757], [79.8811, 13.33759], [79.87968, 13.33924], [79.87922, 13.34387], [79.87878, 13.3463], [79.8763, 13.35191], [79.87585, 13.35665], [79.87675, 13.35732], [79.87911, 13.35819], [79.88046, 13.35918], [79.8799, 13.36194], [79.88013, 13.36382], [79.87788, 13.3662], [79.87765, 13.36686], [79.87765, 13.36808], [79.87821, 13.36962], [79.87788, 13.37392], [79.87709, 13.37646], [79.87675, 13.37877], [79.87518, 13.3813], [79.8709, 13.38624], [79.87089, 13.38641], [79.87088, 13.38648], [79.87045, 13.39065], [79.87181, 13.39187], [79.87315, 13.39572], [79.87619, 13.39793], [79.87551, 13.39848], [79.87563, 13.40112], [79.87371, 13.40377], [79.87348, 13.40388], [79.87344, 13.40391], [79.86764, 13.40684], [79.8637, 13.40683], [79.85954, 13.40573], [79.85672, 13.41102], [79.85652, 13.41469], [79.85652, 13.4148], [79.8565, 13.4151], [79.84739, 13.42524], [79.84008, 13.42744], [79.8401, 13.42751], [79.84086, 13.42943], [79.84525, 13.43124], [79.8457, 13.43421], [79.84491, 13.43719], [79.84513, 13.4395], [79.84784, 13.44094], [79.85065, 13.44336], [79.85072, 13.44336], [79.85357, 13.44336], [79.85707, 13.4416], [79.86055, 13.4384], [79.86168, 13.43863], [79.8646, 13.44116], [79.86573, 13.44016], [79.86618, 13.43994], [79.86674, 13.44138], [79.86809, 13.44094], [79.86809, 13.44215], [79.87101, 13.44534], [79.87214, 13.44887], [79.87394, 13.44986], [79.87912, 13.45152], [79.88126, 13.45075], [79.88407, 13.44876], [79.88542, 13.44876], [79.88632, 13.45097], [79.88801, 13.45251], [79.89144, 13.45408], [79.89147, 13.45412], [79.8915, 13.45416], [79.89521, 13.45658], [79.89893, 13.46071], [79.89895, 13.46077], [79.90073, 13.46479], [79.90083, 13.46589], [79.9005, 13.47052], [79.90106, 13.47118], [79.9023, 13.47206], [79.90129, 13.47503], [79.90106, 13.4757], [79.90283, 13.47802], [79.90284, 13.47803], [79.90405, 13.47962], [79.90417, 13.47978], [79.90414, 13.47977], [79.9041, 13.47977], [79.90407, 13.47978], [79.90393, 13.47982], [79.90314, 13.48006], [79.903, 13.4801], [79.903, 13.4801], [79.90298, 13.4801], [79.90298, 13.4801], [79.90298, 13.4801], [79.90298, 13.4801], [79.90297, 13.4801], [79.90297, 13.4801], [79.89521, 13.48055], [79.88801, 13.48253], [79.88677, 13.48463], [79.88497, 13.48528], [79.88182, 13.4886], [79.87957, 13.49443], [79.87541, 13.49476], [79.86899, 13.49498], [79.86499, 13.49433], [79.86505, 13.49455], [79.86392, 13.494], [79.85661, 13.49708], [79.85728, 13.49863], [79.85915, 13.50125], [79.85992, 13.50248], [79.86054, 13.50339], [79.86138, 13.50447], [79.8629, 13.50538], [79.86384, 13.50591], [79.86566, 13.50726], [79.86719, 13.50901], [79.86791, 13.51058], [79.86833, 13.51096], [79.86976, 13.51219], [79.87013, 13.51264], [79.87046, 13.51378], [79.87104, 13.51675], [79.87112, 13.51807], [79.87204, 13.51818], [79.87365, 13.51879], [79.87533, 13.5194], [79.87685, 13.51958], [79.87724, 13.51995], [79.87739, 13.52051], [79.87684, 13.52203], [79.87824, 13.52242], [79.87842, 13.52179], [79.87894, 13.5202], [79.88014, 13.5203], [79.88141, 13.52072], [79.88364, 13.52121], [79.88414, 13.52145], [79.88492, 13.5223], [79.88591, 13.52195], [79.88851, 13.52185], [79.89057, 13.52113], [79.8915, 13.52128], [79.89376, 13.52287], [79.89529, 13.52402], [79.89805, 13.5262], [79.8987, 13.52665], [79.89996, 13.52644], [79.90103, 13.52609], [79.90108, 13.52607], [79.90286, 13.52559], [79.90466, 13.52548], [79.90697, 13.52562], [79.90839, 13.52716], [79.90936, 13.52699], [79.91, 13.52565], [79.91029, 13.52438], [79.91111, 13.52375], [79.91199, 13.52356], [79.91259, 13.52351], [79.91456, 13.52318], [79.91495, 13.52311], [79.91567, 13.52313], [79.91625, 13.52313], [79.91687, 13.52343], [79.91735, 13.52361], [79.91838, 13.52402], [79.91946, 13.52455], [79.92009, 13.52484], [79.9211, 13.52567], [79.92143, 13.52623], [79.92158, 13.52663], [79.92195, 13.52705], [79.92234, 13.52748], [79.92315, 13.52837], [79.92368, 13.52871], [79.92452, 13.52959], [79.92467, 13.52993], [79.92475, 13.5305], [79.92478, 13.5305], [79.92661, 13.53052], [79.9272, 13.53058], [79.92779, 13.53055], [79.92852, 13.53064], [79.92968, 13.5307], [79.93081, 13.53072], [79.9321, 13.53075], [79.93334, 13.53073], [79.93463, 13.53071], [79.93593, 13.53081], [79.93728, 13.5308], [79.93787, 13.53079], [79.93791, 13.53079], [79.94101, 13.5309], [79.94226, 13.53087], [79.94411, 13.53083], [79.94517, 13.53083], [79.9457, 13.53062], [79.94751, 13.53034], [79.94796, 13.5295], [79.94889, 13.52864], [79.95033, 13.52793], [79.95039, 13.5279], [79.95089, 13.52765], [79.95191, 13.52693], [79.95444, 13.52611], [79.95688, 13.52474], [79.95808, 13.52394], [79.95947, 13.52263], [79.95965, 13.52166], [79.95986, 13.52055], [79.96018, 13.52029], [79.96098, 13.52032], [79.96195, 13.52047], [79.96283, 13.52015], [79.96456, 13.5197], [79.96516, 13.51965], [79.96523, 13.51964], [79.96584, 13.51948], [79.96669, 13.51976], [79.96749, 13.52068], [79.96814, 13.52161], [79.96944, 13.52316], [79.96973, 13.5238], [79.97045, 13.52497], [79.97053, 13.52608], [79.9706, 13.52612], [79.97096, 13.52629], [79.97141, 13.52619], [79.97204, 13.5262], [79.97316, 13.52628], [79.97424, 13.5262], [79.97647, 13.52628], [79.977, 13.52633], [79.9783, 13.52675], [79.97997, 13.52747], [79.97997, 13.52758], [79.98001, 13.52872], [79.98001, 13.52995], [79.97864, 13.53023], [79.9776, 13.53038], [79.978, 13.53288], [79.97824, 13.53464], [79.97834, 13.5359], [79.98013, 13.53577], [79.98085, 13.53582], [79.98269, 13.53571], [79.98509, 13.53565], [79.98506, 13.53676], [79.98494, 13.53799], [79.98469, 13.53932], [79.98659, 13.53925], [79.98661, 13.53925], [79.98765, 13.539], [79.98892, 13.53907], [79.98976, 13.53882], [79.99246, 13.5383], [79.99415, 13.53811], [79.99553, 13.53794], [79.99665, 13.53787], [79.99761, 13.53759], [79.99764, 13.53759], [79.99798, 13.53751], [79.99792, 13.53758], [79.99776, 13.53782], [79.99775, 13.53782], [79.99771, 13.53789], [79.99771, 13.53789], [79.9977, 13.5379], [79.9977, 13.5379], [79.99549, 13.54178], [79.99414, 13.54425], [79.99428, 13.54575], [79.99527, 13.55221], [79.99546, 13.55413], [79.99564, 13.55424], [79.9968, 13.55493], [79.99854, 13.55594]]]}}, {"type": "Feature", "properties": {"taluk": "Ambattur", "district": "Chennai", "state": "Tamil Nadu"}, "geometry": {"type": "Polygon", "coordinates": [[[80.17072, 13.14091], [80.17151, 13.14091], [80.17528, 13.13888], [80.17532, 13.13886], [80.17533, 13.13886], [80.17545, 13.13883], [80.1794, 13.13809], [80.18281, 13.13745], [80.18649, 13.14003], [80.18741, 13.14003], [80.18829, 13.13954], [80.18833, 13.13951], [80.18912, 13.13733], [80.19267, 13.13578], [80.19254, 13.13462], [80.19531, 13.13076], [80.19649, 13.13025], [80.20065, 13.13089], [80.2007, 13.1309], [80.20437, 13.12722], [80.20433, 13.12677], [80.2043, 13.12632], [80.20418, 13.12619], [80.20355, 13.12604], [80.2035, 13.12602], [80.20347, 13.12602], [80.20344, 13.12602], [80.20342, 13.12601], [80.20339, 13.12601], [80.20338, 13.12601], [80.20337, 13.12601], [80.20336, 13.12601], [80.20336, 13.12601], [80.20335, 13.12601], [80.20333, 13.12601], [80.20283, 13.12601], [80.20282, 13.12601], [80.20281, 13.12601], [80.20281, 13.12601], [80.20278, 13.12601], [80.20278, 13.12601], [80.20275, 13.12601], [80.20275, 13.12601], [80.20274, 13.12601], [80.20274, 13.12601], [80.20271, 13.12601], [80.20268, 13.12601], [80.20267, 13.12601], [80.20265, 13.12601], [80.20264, 13.12601], [80.20263, 13.12601], [80.20258, 13.12601], [80.20258, 13.12601], [80.20258, 13.12601], [80.20216, 13.12601], [80.20215, 13.12601], [80.20213, 13.12601], [80.20211, 13.12601], [80.20206, 13.12601], [80.20201, 13.12602], [80.20201, 13.12602], [80.20197, 13.12602], [80.20197, 13.12602], [80.20193, 13.12603], [80.2019, 13.12604], [80.202, 13.12409], [80.202, 13.12409], [80.202, 13.12407], [80.202, 13.12406], [80.202, 13.12404], [80.202, 13.12403], [80.20247, 13.11993], [80.20247, 13.11989], [80.20248, 13.11985], [80.20248, 13.11971], [80.20248, 13.11966], [80.20248, 13.11965], [80.20248, 13.11965], [80.20244, 13.11949], [80.20243, 13.11946], [80.20241, 13.11941], [80.20235, 13.11929], [80.20235, 13.11928], [80.20235, 13.11928], [80.20225, 13.11915], [80.20223, 13.11913], [80.20199, 13.11887], [80.20214, 13.11841], [80.20215, 13.11841], [80.20216, 13.11841], [80.20217, 13.11841], [80.20224, 13.11841], [80.20225, 13.11841], [80.20231, 13.11841], [80.20248, 13.11841], [80.20251, 13.11841], [80.20163, 13.11694], [80.20075, 13.11545], [80.20073, 13.11543], [80.20073, 13.11542], [80.20073, 13.11542], [80.20072, 13.1154], [80.20072, 13.1154], [80.20071, 13.11538], [80.2007, 13.11536], [80.19972, 13.11316], [80.19957, 13.11282], [80.19955, 13.1128], [80.19954, 13.11277], [80.19954, 13.11277], [80.19954, 13.11276], [80.19954, 13.11276], [80.19954, 13.11276], [80.19954, 13.11275], [80.19953, 13.11275], [80.19898, 13.11157], [80.19746, 13.10837], [80.19746, 13.10837], [80.19746, 13.10837], [80.1974, 13.10825], [80.19735, 13.10813], [80.19694, 13.1081], [80.19529, 13.10794], [80.19528, 13.1078], [80.19525, 13.10723], [80.19525, 13.10722], [80.19525, 13.10722], [80.19525, 13.10722], [80.19525, 13.10721], [80.19525, 13.10721], [80.19525, 13.10718], [80.19523, 13.10687], [80.19513, 13.1056], [80.19513, 13.10558], [80.19513, 13.10557], [80.19513, 13.10556], [80.19512, 13.10556], [80.19512, 13.10556], [80.19512, 13.10555], [80.19512, 13.10555], [80.19509, 13.10496], [80.19502, 13.10352], [80.19491, 13.10132], [80.1949, 13.10127], [80.1949, 13.10125], [80.1949, 13.10125], [80.1949, 13.10124], [80.19489, 13.10118], [80.19489, 13.10118], [80.19487, 13.10112], [80.19485, 13.10105], [80.19428, 13.09956], [80.19431, 13.09954], [80.19433, 13.09953], [80.19434, 13.09953], [80.19435, 13.09952], [80.19438, 13.0995], [80.1944, 13.09949], [80.19442, 13.09948], [80.19446, 13.09946], [80.19486, 13.0993], [80.19574, 13.09894], [80.19575, 13.09894], [80.1958, 13.09891], [80.1958, 13.09891], [80.19584, 13.09889], [80.19585, 13.09889], [80.19586, 13.09888], [80.19586, 13.09888], [80.19589, 13.09886], [80.19591, 13.09884], [80.19592, 13.09884], [80.19594, 13.09883], [80.19596, 13.09881], [80.19598, 13.0988], [80.196, 13.09862], [80.19602, 13.09844], [80.19603, 13.09835], [80.19603, 13.09835], [80.19603, 13.0983], [80.19603, 13.09826], [80.19602, 13.09822], [80.19601, 13.09816], [80.196, 13.09811], [80.19599, 13.09807], [80.19561, 13.09686], [80.1956, 13.09684], [80.19559, 13.09682], [80.19558, 13.09679], [80.19558, 13.09678], [80.19558, 13.09678], [80.19557, 13.09678], [80.19557, 13.09677], [80.19401, 13.09321], [80.19397, 13.09312], [80.19403, 13.09308], [80.19408, 13.09305], [80.19411, 13.09304], [80.19413, 13.09302], [80.19415, 13.09301], [80.19417, 13.09299], [80.1954, 13.09207], [80.1959, 13.0917], [80.1959, 13.0917], [80.19599, 13.09162], [80.19601, 13.0916], [80.19606, 13.09154], [80.19607, 13.09154], [80.19608, 13.09151], [80.19609, 13.09151], [80.19613, 13.09145], [80.19613, 13.09145], [80.19613, 13.09145], [80.19613, 13.09144], [80.19618, 13.09135], [80.19618, 13.09135], [80.19651, 13.09065], [80.19651, 13.09063], [80.19652, 13.09063], [80.19658, 13.09057], [80.19611, 13.08875], [80.1961, 13.08872], [80.19609, 13.08868], [80.19607, 13.08865], [80.19606, 13.08862], [80.19407, 13.08412], [80.19339, 13.08259], [80.19316, 13.08207], [80.19224, 13.07997], [80.19223, 13.07995], [80.19222, 13.07994], [80.19222, 13.07993], [80.19222, 13.07993], [80.19222, 13.07992], [80.19221, 13.07991], [80.19145, 13.07845], [80.19138, 13.07832], [80.19118, 13.07666], [80.19109, 13.07593], [80.19108, 13.07586], [80.1901, 13.0752], [80.18922, 13.07447], [80.18914, 13.07444], [80.18695, 13.07361], [80.18461, 13.07312], [80.1825, 13.07295], [80.1825, 13.07295], [80.1824, 13.07293], [80.18118, 13.07277], [80.18024, 13.07253], [80.17946, 13.07235], [80.17928, 13.07229], [80.17879, 13.07246], [80.17834, 13.07267], [80.17821, 13.0729], [80.17811, 13.07311], [80.17783, 13.07397], [80.17776, 13.07406], [80.17775, 13.07407], [80.17579, 13.07633], [80.17446, 13.07821], [80.1735, 13.08009], [80.17386, 13.08163], [80.17377, 13.0817], [80.17277, 13.08257], [80.17121, 13.08339], [80.16905, 13.08292], [80.16809, 13.08292], [80.164, 13.08444], [80.16244, 13.08362], [80.16184, 13.08185], [80.16137, 13.08114], [80.16128, 13.08121], [80.16028, 13.08208], [80.155, 13.08337], [80.15247, 13.08572], [80.15079, 13.08725], [80.14718, 13.08772], [80.1461, 13.08819], [80.14608, 13.08825], [80.14549, 13.08984], [80.14541, 13.08992], [80.14453, 13.09078], [80.14448, 13.09083], [80.14417, 13.09114], [80.14429, 13.09278], [80.14489, 13.09432], [80.14332, 13.09667], [80.14325, 13.09675], [80.14188, 13.0982], [80.14187, 13.0982], [80.14044, 13.09855], [80.14043, 13.09862], [80.1402, 13.10696], [80.14021, 13.10701], [80.14195, 13.11265], [80.14208, 13.11512], [80.14333, 13.11797], [80.14381, 13.12248], [80.14408, 13.12501], [80.1471, 13.12848], [80.14798, 13.13045], [80.14709, 13.13466], [80.14578, 13.13941], [80.14877, 13.13933], [80.151, 13.14037], [80.15429, 13.14231], [80.15547, 13.14244], [80.1581, 13.14205], [80.16165, 13.14051], [80.16441, 13.13613], [80.16586, 13.13575], [80.16744, 13.13949], [80.16796, 13.14104], [80.16822, 13.1422], [80.16966, 13.14297], [80.17072, 13.14091]]]}}, {"type": "Feature", "properties": {"taluk": "Aminjikarai", "district": "Chennai", "state": "Tamil Nadu"}, "geometry": {"type": "Polygon", "coordinates": [[[80.19726, 13.10552], [80.20517, 13.10593], [80.20811, 13.10476], [80.20924, 13.10403], [80.21037, 13.1039], [80.21053, 13.1029], [80.21109, 13.10215], [80.21104, 13.10067], [80.21086, 13.09788], [80.21074, 13.09596], [80.21187, 13.09579], [80.21252, 13.09565], [80.21275, 13.09569], [80.21291, 13.09635], [80.2152, 13.09616], [80.21548, 13.0972], [80.21608, 13.09692], [80.21802, 13.09606], [80.21819, 13.09462], [80.21806, 13.09372], [80.21799, 13.09217], [80.218, 13.09077], [80.2197, 13.09066], [80.22032, 13.09064], [80.22074, 13.09063], [80.22247, 13.09061], [80.22252, 13.09062], [80.22254, 13.09062], [80.22303, 13.09059], [80.22342, 13.09054], [80.22344, 13.09054], [80.22412, 13.09038], [80.22419, 13.09036], [80.2242, 13.09036], [80.22421, 13.09036], [80.22422, 13.09037], [80.22423, 13.09037], [80.22433, 13.09039], [80.22437, 13.09039], [80.22472, 13.08961], [80.22474, 13.08957], [80.22476, 13.08952], [80.22479, 13.08948], [80.22482, 13.08943], [80.22551, 13.08853], [80.22553, 13.0885], [80.22556, 13.08847], [80.22559, 13.08844], [80.22562, 13.08841], [80.22666, 13.08747], [80.22668, 13.08746], [80.2267, 13.08744], [80.22672, 13.08743], [80.22674, 13.08741], [80.22734, 13.08698], [80.22738, 13.08695], [80.2275, 13.08706], [80.22882, 13.08836], [80.22883, 13.08837], [80.22888, 13.08832], [80.23177, 13.08667], [80.23181, 13.08665], [80.23121, 13.08656], [80.23028, 13.08496], [80.23051, 13.08451], [80.23065, 13.08371], [80.23064, 13.08364], [80.23052, 13.08165], [80.23029, 13.08041], [80.23013, 13.07932], [80.23003, 13.07809], [80.23007, 13.07727], [80.23028, 13.07506], [80.2302, 13.0743], [80.23017, 13.07366], [80.22954, 13.07224], [80.22944, 13.07201], [80.22924, 13.07132], [80.22904, 13.07063], [80.22858, 13.06988], [80.2284, 13.06907], [80.22865, 13.06825], [80.2288, 13.06714], [80.22884, 13.06687], [80.22876, 13.06627], [80.22764, 13.0663], [80.22698, 13.06641], [80.22508, 13.0669], [80.22405, 13.06709], [80.22225, 13.06841], [80.22138, 13.06918], [80.22024, 13.06863], [80.22001, 13.06856], [80.21971, 13.06847], [80.21913, 13.06864], [80.21842, 13.06869], [80.21804, 13.06857], [80.21769, 13.06833], [80.21681, 13.06722], [80.21612, 13.06598], [80.21588, 13.06531], [80.2161, 13.06373], [80.21597, 13.06187], [80.21527, 13.06189], [80.21405, 13.06233], [80.21226, 13.06414], [80.20966, 13.06511], [80.20893, 13.06431], [80.20863, 13.06342], [80.20828, 13.06262], [80.20777, 13.06188], [80.20682, 13.06044], [80.20505, 13.06064], [80.20318, 13.0608], [80.20139, 13.06084], [80.20116, 13.06082], [80.20112, 13.06082], [80.19992, 13.06073], [80.19988, 13.05954], [80.20013, 13.05947], [80.19994, 13.05727], [80.19852, 13.0574], [80.1971, 13.05761], [80.19631, 13.05719], [80.19263, 13.05623], [80.19224, 13.05613], [80.18801, 13.05507], [80.18674, 13.05513], [80.18604, 13.05547], [80.18513, 13.05585], [80.18482, 13.05577], [80.18482, 13.05577], [80.18477, 13.05576], [80.18476, 13.05575], [80.18474, 13.05575], [80.18473, 13.05575], [80.18469, 13.05574], [80.18467, 13.05574], [80.18466, 13.05574], [80.18465, 13.05574], [80.18461, 13.05573], [80.18459, 13.05573], [80.18459, 13.05573], [80.18457, 13.05573], [80.18453, 13.05574], [80.18452, 13.05574], [80.18452, 13.05574], [80.18403, 13.05576], [80.18401, 13.05576], [80.18464, 13.05693], [80.18467, 13.05698], [80.18469, 13.05701], [80.18471, 13.05703], [80.18472, 13.05706], [80.18474, 13.05708], [80.18478, 13.05712], [80.18606, 13.05847], [80.18607, 13.05848], [80.18647, 13.05888], [80.18675, 13.05917], [80.18676, 13.05918], [80.18682, 13.05926], [80.18689, 13.05935], [80.1869, 13.05939], [80.18694, 13.05945], [80.18694, 13.05945], [80.18694, 13.05945], [80.18697, 13.05955], [80.18704, 13.05978], [80.18789, 13.06002], [80.1879, 13.06002], [80.1879, 13.06002], [80.18791, 13.06002], [80.18798, 13.06005], [80.18798, 13.06005], [80.18802, 13.06006], [80.18804, 13.06007], [80.18807, 13.06008], [80.18811, 13.0601], [80.18817, 13.06014], [80.18837, 13.06026], [80.18863, 13.06043], [80.18863, 13.06044], [80.18872, 13.06048], [80.18881, 13.06052], [80.18885, 13.06054], [80.1889, 13.06055], [80.18899, 13.06057], [80.1893, 13.06062], [80.1893, 13.06062], [80.18931, 13.06065], [80.1898, 13.06255], [80.1898, 13.06255], [80.1898, 13.06255], [80.1898, 13.06255], [80.1898, 13.06256], [80.18981, 13.06256], [80.18981, 13.06256], [80.18981, 13.06257], [80.19016, 13.06411], [80.19017, 13.06412], [80.19056, 13.06582], [80.19057, 13.06584], [80.19057, 13.06586], [80.19057, 13.06587], [80.19058, 13.0659], [80.19058, 13.06591], [80.19058, 13.06593], [80.19058, 13.06596], [80.19058, 13.066], [80.19058, 13.06602], [80.19061, 13.0673], [80.19062, 13.06742], [80.19063, 13.06747], [80.19064, 13.06753], [80.19064, 13.06753], [80.19064, 13.06753], [80.19066, 13.06758], [80.19068, 13.06764], [80.19073, 13.06773], [80.19074, 13.06775], [80.19074, 13.06775], [80.19074, 13.06776], [80.191, 13.06873], [80.19102, 13.06878], [80.19103, 13.06884], [80.19103, 13.06884], [80.19103, 13.0689], [80.19103, 13.06891], [80.19103, 13.06896], [80.19103, 13.06896], [80.19103, 13.069], [80.19102, 13.06901], [80.19045, 13.06952], [80.19042, 13.06955], [80.19039, 13.06957], [80.19039, 13.06958], [80.19037, 13.06959], [80.19036, 13.06961], [80.19034, 13.06963], [80.19033, 13.06964], [80.19028, 13.0697], [80.19031, 13.0699], [80.19034, 13.07022], [80.1904, 13.07073], [80.19041, 13.07089], [80.19038, 13.07106], [80.19036, 13.07112], [80.19032, 13.07122], [80.19032, 13.07122], [80.19032, 13.07122], [80.19024, 13.07136], [80.19012, 13.07152], [80.19012, 13.07154], [80.19012, 13.07155], [80.1902, 13.07203], [80.19034, 13.0729], [80.19041, 13.07344], [80.19041, 13.07344], [80.19048, 13.07345], [80.19063, 13.07348], [80.19076, 13.0735], [80.19076, 13.0735], [80.19077, 13.07351], [80.19077, 13.07351], [80.19077, 13.07351], [80.19079, 13.07351], [80.1908, 13.07351], [80.1908, 13.07351], [80.19108, 13.07586], [80.19109, 13.07593], [80.19118, 13.07666], [80.19138, 13.07832], [80.19145, 13.07845], [80.19221, 13.07991], [80.19222, 13.07992], [80.19222, 13.07993], [80.19222, 13.07993], [80.19222, 13.07994], [80.19223, 13.07995], [80.19224, 13.07997], [80.19316, 13.08207], [80.19339, 13.08259], [80.19407, 13.08412], [80.19606, 13.08862], [80.19607, 13.08865], [80.19609, 13.08868], [80.1961, 13.08872], [80.19611, 13.08875], [80.19658, 13.09057], [80.19652, 13.09063], [80.19651, 13.09063], [80.19651, 13.09065], [80.19618, 13.09135], [80.19618, 13.09135], [80.19613, 13.09144], [80.19613, 13.09145], [80.19613, 13.09145], [80.19613, 13.09145], [80.19609, 13.09151], [80.19608, 13.09151], [80.19607, 13.09154], [80.19606, 13.09154], [80.19601, 13.0916], [80.19599, 13.09162], [80.1959, 13.0917], [80.1959, 13.0917], [80.1954, 13.09207], [80.19417, 13.09299], [80.19415, 13.09301], [80.19413, 13.09302], [80.19411, 13.09304], [80.19408, 13.09305], [80.19403, 13.09308], [80.19397, 13.09312], [80.19401, 13.09321], [80.19557, 13.09677], [80.19557, 13.09678], [80.19558, 13.09678], [80.19558, 13.09678], [80.19558, 13.09679], [80.19559, 13.09682], [80.1956, 13.09684], [80.19561, 13.09686], [80.19599, 13.09807], [80.196, 13.09811], [80.19601, 13.09816], [80.19602, 13.09822], [80.19603, 13.09826], [80.19603, 13.0983], [80.19603, 13.09835], [80.19603, 13.09835], [80.19602, 13.09844], [80.196, 13.09862], [80.19598, 13.0988], [80.19596, 13.09881], [80.19594, 13.09883], [80.19592, 13.09884], [80.19591, 13.09884], [80.19589, 13.09886], [80.19586, 13.09888], [80.19586, 13.09888], [80.19585, 13.09889], [80.19584, 13.09889], [80.1958, 13.09891], [80.1958, 13.09891], [80.19575, 13.09894], [80.19574, 13.09894], [80.19486, 13.0993], [80.19446, 13.09946], [80.19442, 13.09948], [80.1944, 13.09949], [80.19438, 13.0995], [80.19435, 13.09952], [80.19434, 13.09953], [80.19433, 13.09953], [80.19431, 13.09954], [80.19428, 13.09956], [80.19485, 13.10105], [80.19487, 13.10112], [80.19489, 13.10118], [80.19489, 13.10118], [80.1949, 13.10124], [80.1949, 13.10125], [80.1949, 13.10125], [80.1949, 13.10127], [80.19491, 13.10132], [80.19502, 13.10352], [80.19509, 13.10496], [80.19512, 13.10555], [80.19512, 13.10555], [80.19512, 13.10556], [80.19512, 13.10556], [80.19513, 13.10556], [80.19513, 13.10557], [80.19513, 13.10558], [80.19513, 13.1056], [80.19523, 13.10687], [80.19525, 13.10718], [80.19525, 13.10721], [80.19525, 13.10721], [80.19525, 13.10722], [80.19525, 13.10722], [80.19525, 13.10722], [80.19525, 13.10723], [80.19528, 13.1078], [80.19529, 13.10794], [80.19726, 13.10552]]]}}, {"type": "Feature", "properties": {"taluk": "Ayanavaram", "district": "Chennai", "state": "Tamil Nadu"}, "geometry": {"type": "Polygon", "coordinates": [[[80.21482, 13.13108], [80.21575, 13.13097], [80.21792, 13.13066], [80.21794, 13.13065], [80.21795, 13.13065], [80.21797, 13.13065], [80.22076, 13.13032], [80.22231, 13.12995], [80.22233, 13.12994], [80.22235, 13.12994], [80.22307, 13.12922], [80.22389, 13.1284], [80.22497, 13.12765], [80.22636, 13.12669], [80.22642, 13.12669], [80.22664, 13.12669], [80.2267, 13.12669], [80.23114, 13.12675], [80.23118, 13.12675], [80.23162, 13.12674], [80.23281, 13.12672], [80.23282, 13.12672], [80.23284, 13.12672], [80.23423, 13.1267], [80.23461, 13.1267], [80.23472, 13.12461], [80.23562, 13.1245], [80.23543, 13.12181], [80.2349, 13.11622], [80.23424, 13.11374], [80.23351, 13.11385], [80.23323, 13.11228], [80.23557, 13.11166], [80.23626, 13.11345], [80.23701, 13.11293], [80.23886, 13.11171], [80.23998, 13.11224], [80.24352, 13.11261], [80.24427, 13.11253], [80.24448, 13.11204], [80.24432, 13.11042], [80.2437, 13.10935], [80.24331, 13.10852], [80.24301, 13.10719], [80.24245, 13.10584], [80.24244, 13.10552], [80.24241, 13.10482], [80.24263, 13.10414], [80.24304, 13.10354], [80.24356, 13.10322], [80.24381, 13.10189], [80.24347, 13.09984], [80.24288, 13.09814], [80.24266, 13.0975], [80.24222, 13.09765], [80.24183, 13.09773], [80.24149, 13.09657], [80.24106, 13.09565], [80.24095, 13.09539], [80.24087, 13.09428], [80.24079, 13.09338], [80.24072, 13.09284], [80.24071, 13.09269], [80.24009, 13.09275], [80.24008, 13.09276], [80.23948, 13.09281], [80.23948, 13.09282], [80.23947, 13.09282], [80.23762, 13.09312], [80.23697, 13.09316], [80.23696, 13.09316], [80.23696, 13.09316], [80.23695, 13.09317], [80.2357, 13.0933], [80.23538, 13.09334], [80.23534, 13.09334], [80.2346, 13.09337], [80.2341, 13.09334], [80.23346, 13.09331], [80.23285, 13.09324], [80.23246, 13.09314], [80.23194, 13.08674], [80.23181, 13.08665], [80.23177, 13.08667], [80.22888, 13.08832], [80.22883, 13.08837], [80.22882, 13.08836], [80.2275, 13.08706], [80.22738, 13.08695], [80.22734, 13.08698], [80.22674, 13.08741], [80.22672, 13.08743], [80.2267, 13.08744], [80.22668, 13.08746], [80.22666, 13.08747], [80.22562, 13.08841], [80.22559, 13.08844], [80.22556, 13.08847], [80.22553, 13.0885], [80.22551, 13.08853], [80.22482, 13.08943], [80.22479, 13.08948], [80.22476, 13.08952], [80.22474, 13.08957], [80.22472, 13.08961], [80.22437, 13.09039], [80.22433, 13.09039], [80.22423, 13.09037], [80.22422, 13.09037], [80.22421, 13.09036], [80.2242, 13.09036], [80.22419, 13.09036], [80.22412, 13.09038], [80.22344, 13.09054], [80.22342, 13.09054], [80.22303, 13.09059], [80.22254, 13.09062], [80.22252, 13.09062], [80.22247, 13.09061], [80.22074, 13.09063], [80.22032, 13.09064], [80.2197, 13.09066], [80.218, 13.09077], [80.21799, 13.09217], [80.21806, 13.09372], [80.21819, 13.09462], [80.21802, 13.09606], [80.21608, 13.09692], [80.21548, 13.0972], [80.2152, 13.09616], [80.21291, 13.09635], [80.21275, 13.09569], [80.21252, 13.09565], [80.21187, 13.09579], [80.21074, 13.09596], [80.21086, 13.09788], [80.21104, 13.10067], [80.21109, 13.10215], [80.21053, 13.1029], [80.21037, 13.1039], [80.20924, 13.10403], [80.20811, 13.10476], [80.20517, 13.10593], [80.19726, 13.10552], [80.19529, 13.10794], [80.19694, 13.1081], [80.19735, 13.10813], [80.1974, 13.10825], [80.19746, 13.10837], [80.19746, 13.10837], [80.19746, 13.10837], [80.19898, 13.11157], [80.19953, 13.11275], [80.19954, 13.11275], [80.19954, 13.11276], [80.19954, 13.11276], [80.19954, 13.11276], [80.19954, 13.11277], [80.19954, 13.11277], [80.19955, 13.1128], [80.19957, 13.11282], [80.19972, 13.11316], [80.2007, 13.11536], [80.20071, 13.11538], [80.20072, 13.1154], [80.20072, 13.1154], [80.20073, 13.11542], [80.20073, 13.11542], [80.20073, 13.11543], [80.20075, 13.11545], [80.20163, 13.11694], [80.20251, 13.11841], [80.20248, 13.11841], [80.20231, 13.11841], [80.20225, 13.11841], [80.20224, 13.11841], [80.20217, 13.11841], [80.20216, 13.11841], [80.20215, 13.11841], [80.20214, 13.11841], [80.20199, 13.11887], [80.20223, 13.11913], [80.20225, 13.11915], [80.20235, 13.11928], [80.20235, 13.11928], [80.20235, 13.11929], [80.20241, 13.11941], [80.20243, 13.11946], [80.20244, 13.11949], [80.20248, 13.11965], [80.20248, 13.11965], [80.20248, 13.11966], [80.20248, 13.11971], [80.20248, 13.11985], [80.20247, 13.11989], [80.20247, 13.11993], [80.202, 13.12403], [80.202, 13.12404], [80.202, 13.12406], [80.202, 13.12407], [80.202, 13.12409], [80.202, 13.12409], [80.2019, 13.12604], [80.20193, 13.12603], [80.20197, 13.12602], [80.20197, 13.12602], [80.20201, 13.12602], [80.20201, 13.12602], [80.20206, 13.12601], [80.20211, 13.12601], [80.20213, 13.12601], [80.20215, 13.12601], [80.20216, 13.12601], [80.20258, 13.12601], [80.20258, 13.12601], [80.20258, 13.12601], [80.20263, 13.12601], [80.20264, 13.12601], [80.20265, 13.12601], [80.20267, 13.12601], [80.20268, 13.12601], [80.20271, 13.12601], [80.20274, 13.12601], [80.20274, 13.12601], [80.20275, 13.12601], [80.20275, 13.12601], [80.20278, 13.12601], [80.20278, 13.12601], [80.20281, 13.12601], [80.20281, 13.12601], [80.20282, 13.12601], [80.20283, 13.12601], [80.20333, 13.12601], [80.20335, 13.12601], [80.20336, 13.12601], [80.20336, 13.12601], [80.20337, 13.12601], [80.20338, 13.12601], [80.20339, 13.12601], [80.20342, 13.12601], [80.20344, 13.12602], [80.20347, 13.12602], [80.2035, 13.12602], [80.20355, 13.12604], [80.20418, 13.12619], [80.2043, 13.12632], [80.20433, 13.12677], [80.20437, 13.12722], [80.20531, 13.1274], [80.20531, 13.1274], [80.20612, 13.12786], [80.20614, 13.12787], [80.2139, 13.13119], [80.21482, 13.13108]]]}}, {"type": "Feature", "properties": {"taluk": "Chengalpattu", "district": "Chengalpattu", "state": "Tamil Nadu"}, "geometry": {"type": "Polygon", "coordinates": [[[80.12048, 12.89651], [80.12359, 12.89373], [80.12493, 12.89251], [80.12654, 12.891], [80.12762, 12.89002], [80.12907, 12.88942], [80.12969, 12.88936], [80.13013, 12.88993], [80.13071, 12.89081], [80.13133, 12.89148], [80.13145, 12.89154], [80.13265, 12.89214], [80.13398, 12.89248], [80.13614, 12.89242], [80.13846, 12.89211], [80.14059, 12.89184], [80.14221, 12.89179], [80.14327, 12.89148], [80.14354, 12.89081], [80.14376, 12.89018], [80.14388, 12.88963], [80.14391, 12.88924], [80.14376, 12.88875], [80.14348, 12.8886], [80.14277, 12.88875], [80.14218, 12.88863], [80.14122, 12.888], [80.1402, 12.88669], [80.13996, 12.88608], [80.13993, 12.8849], [80.13993, 12.88345], [80.14022, 12.87992], [80.13861, 12.881], [80.13836, 12.88117], [80.13819, 12.88129], [80.13738, 12.88185], [80.13686, 12.8823], [80.13608, 12.88278], [80.1355, 12.88272], [80.13329, 12.88184], [80.13297, 12.88166], [80.13136, 12.8808], [80.12951, 12.87963], [80.12801, 12.87869], [80.12718, 12.8782], [80.12651, 12.87757], [80.12593, 12.87701], [80.12556, 12.87659], [80.12531, 12.8763], [80.12504, 12.87596], [80.12475, 12.87559], [80.12471, 12.87553], [80.12367, 12.87418], [80.12325, 12.87301], [80.12271, 12.8715], [80.12248, 12.87109], [80.1224, 12.87061], [80.12221, 12.86991], [80.1221, 12.86917], [80.12203, 12.86869], [80.12203, 12.86792], [80.12182, 12.86756], [80.1218, 12.86712], [80.12167, 12.86634], [80.1215, 12.86553], [80.12168, 12.86494], [80.12149, 12.86455], [80.12129, 12.86417], [80.12024, 12.86364], [80.12154, 12.86307], [80.12196, 12.86276], [80.12205, 12.8627], [80.12238, 12.86228], [80.12327, 12.86071], [80.12342, 12.86058], [80.12354, 12.86046], [80.12376, 12.86018], [80.12431, 12.8591], [80.1246, 12.85876], [80.12477, 12.85816], [80.125, 12.8578], [80.12564, 12.85819], [80.12623, 12.85849], [80.12647, 12.85864], [80.12719, 12.85885], [80.1276, 12.85901], [80.12797, 12.85958], [80.12825, 12.86023], [80.1287, 12.86102], [80.1288, 12.86134], [80.12894, 12.86179], [80.12926, 12.86227], [80.12974, 12.86302], [80.1308, 12.86457], [80.13136, 12.86553], [80.13185, 12.86656], [80.13188, 12.86664], [80.13255, 12.86742], [80.13318, 12.86842], [80.13392, 12.86955], [80.13463, 12.87052], [80.13537, 12.87115], [80.13567, 12.87118], [80.13603, 12.87121], [80.13613, 12.87121], [80.13696, 12.87095], [80.13885, 12.87012], [80.14024, 12.86947], [80.14041, 12.86939], [80.14139, 12.86907], [80.14245, 12.86855], [80.14312, 12.86813], [80.14343, 12.868], [80.14398, 12.86764], [80.14461, 12.86793], [80.14549, 12.86889], [80.14634, 12.86953], [80.14648, 12.86965], [80.14704, 12.8701], [80.14789, 12.87091], [80.14875, 12.87137], [80.1495, 12.87145], [80.15003, 12.87161], [80.15027, 12.8717], [80.15037, 12.87171], [80.15053, 12.87171], [80.1507, 12.87175], [80.15081, 12.8718], [80.15136, 12.87182], [80.15277, 12.87196], [80.15392, 12.87226], [80.15463, 12.87241], [80.15487, 12.87241], [80.15508, 12.87247], [80.15559, 12.87271], [80.15673, 12.87306], [80.1574, 12.8733], [80.15864, 12.8733], [80.15929, 12.87339], [80.15992, 12.87329], [80.16079, 12.87318], [80.16167, 12.87313], [80.16223, 12.87299], [80.16226, 12.87283], [80.16245, 12.87184], [80.16258, 12.87111], [80.16269, 12.87079], [80.16282, 12.87042], [80.16296, 12.87014], [80.16311, 12.86973], [80.16374, 12.86931], [80.16404, 12.86912], [80.1649, 12.86828], [80.16554, 12.86717], [80.16593, 12.86667], [80.16654, 12.86656], [80.16654, 12.86658], [80.16726, 12.86643], [80.16786, 12.86639], [80.16859, 12.86594], [80.16878, 12.86572], [80.16912, 12.8655], [80.16942, 12.86457], [80.16953, 12.8631], [80.16944, 12.86239], [80.16949, 12.86193], [80.16951, 12.86114], [80.1695, 12.86038], [80.16964, 12.85956], [80.16963, 12.85932], [80.16955, 12.859], [80.16898, 12.85849], [80.16866, 12.85802], [80.16789, 12.85723], [80.16697, 12.85692], [80.16614, 12.8565], [80.16532, 12.85564], [80.16479, 12.85533], [80.16407, 12.85529], [80.16244, 12.855], [80.16142, 12.85477], [80.15933, 12.85427], [80.15851, 12.85407], [80.1577, 12.85387], [80.15664, 12.85315], [80.15631, 12.85289], [80.15551, 12.8529], [80.15486, 12.85293], [80.15465, 12.85294], [80.15385, 12.85326], [80.15308, 12.8536], [80.15164, 12.85426], [80.15038, 12.85481], [80.14946, 12.8552], [80.14879, 12.85569], [80.14786, 12.8562], [80.14672, 12.85659], [80.14632, 12.85674], [80.14564, 12.85681], [80.14503, 12.85687], [80.14416, 12.85694], [80.14174, 12.85691], [80.14125, 12.85462], [80.14099, 12.85387], [80.14053, 12.85254], [80.13913, 12.84916], [80.13776, 12.84613], [80.13663, 12.8433], [80.13619, 12.84051], [80.1358, 12.83763], [80.1352, 12.83622], [80.13472, 12.83567], [80.13489, 12.83537], [80.13502, 12.83464], [80.13539, 12.83377], [80.13566, 12.83335], [80.13663, 12.83174], [80.13811, 12.83026], [80.13885, 12.82947], [80.13966, 12.82861], [80.14008, 12.82823], [80.1404, 12.82798], [80.14064, 12.8278], [80.1412, 12.82762], [80.14183, 12.8275], [80.14076, 12.82548], [80.13969, 12.82341], [80.13903, 12.82198], [80.13838, 12.82074], [80.13822, 12.82053], [80.13817, 12.82027], [80.13809, 12.82], [80.13807, 12.81994], [80.13785, 12.81882], [80.13766, 12.81821], [80.13839, 12.81782], [80.13931, 12.81737], [80.14014, 12.81681], [80.14103, 12.81629], [80.14218, 12.81573], [80.14314, 12.81515], [80.14425, 12.81448], [80.14495, 12.81431], [80.14629, 12.81395], [80.14638, 12.81372], [80.14635, 12.81312], [80.14666, 12.81294], [80.1479, 12.81143], [80.14795, 12.80927], [80.14795, 12.80925], [80.14798, 12.80787], [80.14798, 12.80786], [80.14887, 12.80864], [80.1489, 12.80867], [80.14896, 12.80873], [80.14981, 12.80949], [80.14981, 12.80947], [80.14981, 12.8094], [80.14984, 12.80801], [80.14907, 12.80621], [80.14813, 12.80407], [80.14755, 12.80124], [80.14704, 12.79986], [80.14513, 12.79963], [80.14505, 12.79872], [80.14498, 12.79635], [80.14489, 12.79509], [80.14489, 12.79507], [80.14467, 12.795], [80.14374, 12.79493], [80.14351, 12.79492], [80.14207, 12.79483], [80.14089, 12.79492], [80.13864, 12.79505], [80.13738, 12.79508], [80.13715, 12.79532], [80.13669, 12.79426], [80.13617, 12.79315], [80.13589, 12.79256], [80.1356, 12.79197], [80.13503, 12.791], [80.13438, 12.78989], [80.13432, 12.78978], [80.13382, 12.78883], [80.13303, 12.78789], [80.13218, 12.78693], [80.13127, 12.78604], [80.13034, 12.78514], [80.12929, 12.78402], [80.13014, 12.78316], [80.13146, 12.7812], [80.13173, 12.78088], [80.1319, 12.78066], [80.13295, 12.77916], [80.13405, 12.77758], [80.13635, 12.77439], [80.13632, 12.77409], [80.13534, 12.77257], [80.13476, 12.77154], [80.13474, 12.77149], [80.13347, 12.76955], [80.13187, 12.76751], [80.13111, 12.76654], [80.12855, 12.76388], [80.12691, 12.76195], [80.12658, 12.76167], [80.1275, 12.76121], [80.1286, 12.76132], [80.12889, 12.76142], [80.1289, 12.76143], [80.12966, 12.76177], [80.12988, 12.76187], [80.13021, 12.76237], [80.13049, 12.76277], [80.13135, 12.76256], [80.13313, 12.76217], [80.13393, 12.76199], [80.1342, 12.76194], [80.13405, 12.7613], [80.13407, 12.76129], [80.13459, 12.76121], [80.13433, 12.75987], [80.13405, 12.75908], [80.13378, 12.75829], [80.13159, 12.75808], [80.13037, 12.75797], [80.1291, 12.75771], [80.1311, 12.75547], [80.13203, 12.75445], [80.13216, 12.75428], [80.13226, 12.75415], [80.13215, 12.75352], [80.13208, 12.7532], [80.13113, 12.75325], [80.12992, 12.75347], [80.12869, 12.75365], [80.12705, 12.75381], [80.126, 12.75432], [80.12499, 12.75445], [80.12465, 12.75452], [80.1239, 12.75406], [80.12336, 12.75459], [80.12339, 12.75494], [80.12234, 12.75492], [80.12235, 12.75563], [80.12204, 12.75572], [80.121, 12.75568], [80.12094, 12.75524], [80.11973, 12.75537], [80.11858, 12.75549], [80.11862, 12.75589], [80.1183, 12.75672], [80.11856, 12.75822], [80.11869, 12.7591], [80.11874, 12.7593], [80.11874, 12.75931], [80.11874, 12.75931], [80.11676, 12.75997], [80.11297, 12.76138], [80.11188, 12.76165], [80.11154, 12.76182], [80.10982, 12.76268], [80.10879, 12.76351], [80.10838, 12.76393], [80.10797, 12.76436], [80.10714, 12.76498], [80.10637, 12.76586], [80.10533, 12.7666], [80.10482, 12.76701], [80.10384, 12.76747], [80.10291, 12.7678], [80.10165, 12.76824], [80.10053, 12.76871], [80.09973, 12.76912], [80.09833, 12.76979], [80.09764, 12.77008], [80.0961, 12.77083], [80.09526, 12.77116], [80.0945, 12.77134], [80.09424, 12.77141], [80.09414, 12.77146], [80.09376, 12.77166], [80.09279, 12.77194], [80.09196, 12.77206], [80.09148, 12.77202], [80.09051, 12.77145], [80.0904, 12.77134], [80.08968, 12.77057], [80.08873, 12.76895], [80.08774, 12.76741], [80.08714, 12.76626], [80.08645, 12.7651], [80.08569, 12.76414], [80.08504, 12.76346], [80.08339, 12.76209], [80.08232, 12.76101], [80.08112, 12.76001], [80.08048, 12.75936], [80.08047, 12.75935], [80.08037, 12.75923], [80.07997, 12.75931], [80.07971, 12.75939], [80.0787, 12.7597], [80.07791, 12.75985], [80.07679, 12.75987], [80.07604, 12.75984], [80.07547, 12.75982], [80.07424, 12.75978], [80.07394, 12.75951], [80.07319, 12.75784], [80.07284, 12.75675], [80.07282, 12.75585], [80.07301, 12.75443], [80.07309, 12.75386], [80.07285, 12.75306], [80.07246, 12.75236], [80.07205, 12.75192], [80.07143, 12.75189], [80.06527, 12.75153], [80.06451, 12.75136], [80.06383, 12.75136], [80.06311, 12.75152], [80.06184, 12.75139], [80.06094, 12.75137], [80.06008, 12.75135], [80.05888, 12.75146], [80.05566, 12.74881], [80.05501, 12.74827], [80.05375, 12.74502], [80.05351, 12.7444], [80.0535, 12.74438], [80.05119, 12.74145], [80.04952, 12.73934], [80.04906, 12.73698], [80.04988, 12.73769], [80.05015, 12.73792], [80.05104, 12.7387], [80.05152, 12.73911], [80.05168, 12.7384], [80.05177, 12.73775], [80.05145, 12.73763], [80.05113, 12.73751], [80.0512, 12.73716], [80.05126, 12.7368], [80.05143, 12.73642], [80.05167, 12.73633], [80.052, 12.73635], [80.05233, 12.73636], [80.05239, 12.73608], [80.05245, 12.73582], [80.05251, 12.73555], [80.05263, 12.73527], [80.05275, 12.73505], [80.05288, 12.73483], [80.05295, 12.73468], [80.05303, 12.73454], [80.05298, 12.73427], [80.05254, 12.7342], [80.05227, 12.73416], [80.05211, 12.73414], [80.05114, 12.73402], [80.05045, 12.73397], [80.05044, 12.73359], [80.05044, 12.73353], [80.04997, 12.73355], [80.04949, 12.73358], [80.0495, 12.73363], [80.04951, 12.73376], [80.04952, 12.73395], [80.04886, 12.73384], [80.04827, 12.73363], [80.04822, 12.73285], [80.04807, 12.73206], [80.04808, 12.73113], [80.04754, 12.73113], [80.04751, 12.73092], [80.04703, 12.73092], [80.04655, 12.73091], [80.04652, 12.73122], [80.04561, 12.73118], [80.04504, 12.73116], [80.045, 12.73091], [80.04501, 12.73044], [80.04524, 12.73038], [80.04561, 12.7303], [80.04599, 12.73022], [80.04668, 12.73015], [80.04673, 12.72998], [80.04683, 12.72959], [80.04641, 12.7294], [80.04649, 12.72913], [80.04671, 12.72836], [80.04715, 12.72839], [80.04719, 12.72839], [80.04767, 12.72841], [80.04807, 12.72834], [80.04883, 12.72799], [80.04992, 12.7275], [80.05086, 12.72713], [80.05135, 12.72688], [80.05184, 12.72663], [80.05217, 12.72638], [80.05218, 12.72573], [80.05219, 12.72477], [80.05218, 12.72472], [80.0521, 12.72377], [80.052, 12.72184], [80.05193, 12.7209], [80.05195, 12.72042], [80.05195, 12.71987], [80.05191, 12.71845], [80.05191, 12.71827], [80.0519, 12.71805], [80.0519, 12.71782], [80.05178, 12.71661], [80.05181, 12.71616], [80.05183, 12.71616], [80.05223, 12.7161], [80.05291, 12.7161], [80.05365, 12.7163], [80.05408, 12.71637], [80.0545, 12.71596], [80.05446, 12.7155], [80.05436, 12.71496], [80.05432, 12.71438], [80.05429, 12.71416], [80.05414, 12.71335], [80.05412, 12.71321], [80.05408, 12.71276], [80.05372, 12.71258], [80.05352, 12.71285], [80.05122, 12.71478], [80.05121, 12.71476], [80.05094, 12.71449], [80.05122, 12.71432], [80.05135, 12.71383], [80.05176, 12.71347], [80.05199, 12.71332], [80.05197, 12.71279], [80.05195, 12.71251], [80.05195, 12.71246], [80.05212, 12.71227], [80.05205, 12.71189], [80.05188, 12.71106], [80.05201, 12.71097], [80.05216, 12.71087], [80.0527, 12.71036], [80.05257, 12.70982], [80.05242, 12.70916], [80.05247, 12.70902], [80.0528, 12.70815], [80.05292, 12.70784], [80.05341, 12.70681], [80.05341, 12.70658], [80.0531, 12.7062], [80.05305, 12.70614], [80.05276, 12.70548], [80.0523, 12.70469], [80.05192, 12.70484], [80.05151, 12.70501], [80.05146, 12.70503], [80.04966, 12.70572], [80.04879, 12.70515], [80.04756, 12.7041], [80.04751, 12.70383], [80.0472, 12.70217], [80.0474, 12.70101], [80.04853, 12.70136], [80.04924, 12.70158], [80.05018, 12.70194], [80.05046, 12.70202], [80.05078, 12.7019], [80.05114, 12.70154], [80.05135, 12.70124], [80.0515, 12.70103], [80.05194, 12.70071], [80.05266, 12.70031], [80.05313, 12.70023], [80.05349, 12.70016], [80.054, 12.70014], [80.05412, 12.70004], [80.05424, 12.69994], [80.05433, 12.69962], [80.05436, 12.6995], [80.05437, 12.6993], [80.05453, 12.69903], [80.05449, 12.69867], [80.05425, 12.69851], [80.05369, 12.69886], [80.05329, 12.69902], [80.05301, 12.69906], [80.05265, 12.69897], [80.05218, 12.69821], [80.05198, 12.69765], [80.05166, 12.69777], [80.05062, 12.69812], [80.05042, 12.69808], [80.05054, 12.69765], [80.05088, 12.69727], [80.05089, 12.69726], [80.05118, 12.69648], [80.05099, 12.69482], [80.05095, 12.69425], [80.05106, 12.69397], [80.05215, 12.69309], [80.05307, 12.6925], [80.05364, 12.69173], [80.05391, 12.6907], [80.05392, 12.68991], [80.05376, 12.68869], [80.05368, 12.688], [80.05333, 12.68512], [80.05307, 12.68452], [80.05284, 12.68397], [80.05252, 12.68353], [80.04905, 12.68361], [80.04873, 12.68362], [80.04863, 12.68268], [80.04778, 12.68273], [80.04774, 12.68357], [80.04494, 12.68428], [80.04336, 12.68468], [80.04334, 12.68457], [80.04237, 12.67818], [80.04226, 12.67821], [80.03921, 12.67906], [80.0384, 12.67711], [80.03835, 12.67698], [80.03772, 12.67547], [80.03744, 12.67486], [80.03665, 12.67464], [80.03602, 12.67447], [80.03525, 12.67371], [80.03441, 12.67257], [80.03357, 12.67263], [80.03175, 12.67299], [80.03131, 12.67307], [80.03224, 12.67365], [80.0324, 12.67374], [80.02794, 12.67699], [80.02491, 12.67941], [80.02482, 12.67911], [80.02352, 12.67484], [80.02139, 12.67515], [80.01696, 12.67591], [80.01163, 12.67679], [80.00898, 12.67735], [80.00634, 12.67349], [80.00564, 12.67248], [80.00563, 12.67224], [80.00556, 12.67122], [80.00545, 12.66845], [80.00543, 12.66788], [80.00431, 12.66666], [80.00342, 12.66556], [80.00296, 12.66447], [80.00276, 12.66335], [80.00267, 12.66282], [80.00229, 12.66073], [80.00219, 12.66017], [80.00206, 12.65945], [80.00162, 12.65992], [80.00108, 12.66048], [80.00069, 12.6609], [80.0, 12.66204], [79.9993, 12.66244], [79.9986, 12.66284], [79.99786, 12.66367], [79.99723, 12.6643], [79.99616, 12.66464], [79.99408, 12.66489], [79.99126, 12.66532], [79.9895, 12.66564], [79.98907, 12.66571], [79.98877, 12.66554], [79.9872, 12.66494], [79.98642, 12.66451], [79.9862, 12.66439], [79.98515, 12.66319], [79.98397, 12.66188], [79.98391, 12.66186], [79.98385, 12.66184], [79.98373, 12.66179], [79.9821, 12.66163], [79.98103, 12.66152], [79.98038, 12.66124], [79.97986, 12.66089], [79.97972, 12.66253], [79.97733, 12.66142], [79.97626, 12.66105], [79.97596, 12.66106], [79.97574, 12.66073], [79.97521, 12.65974], [79.97475, 12.65861], [79.97425, 12.65747], [79.97391, 12.65682], [79.97376, 12.65654], [79.9736, 12.65626], [79.9727, 12.65438], [79.97264, 12.65425], [79.97231, 12.65353], [79.97218, 12.65314], [79.9719, 12.65232], [79.97176, 12.65159], [79.9717, 12.65131], [79.97163, 12.65074], [79.97156, 12.64963], [79.97151, 12.64892], [79.9715, 12.64882], [79.97149, 12.64854], [79.97152, 12.64826], [79.97154, 12.64806], [79.97162, 12.64796], [79.97179, 12.6477], [79.97192, 12.6474], [79.97202, 12.64687], [79.97221, 12.64622], [79.97266, 12.64463], [79.97275, 12.64431], [79.97298, 12.64341], [79.97266, 12.64309], [79.9726, 12.64302], [79.97242, 12.6428], [79.97196, 12.64218], [79.9718, 12.64197], [79.97067, 12.63966], [79.96988, 12.63788], [79.96988, 12.63788], [79.96955, 12.63717], [79.96854, 12.63501], [79.96854, 12.63501], [79.96851, 12.63498], [79.96814, 12.63452], [79.96792, 12.63451], [79.96783, 12.63451], [79.96743, 12.63449], [79.96743, 12.63432], [79.96747, 12.63404], [79.96793, 12.63362], [79.96817, 12.63327], [79.96812, 12.62996], [79.96798, 12.62824], [79.96711, 12.62787], [79.96617, 12.62737], [79.96544, 12.62685], [79.96541, 12.62686], [79.96512, 12.62695], [79.96404, 12.62783], [79.96267, 12.62894], [79.96177, 12.62929], [79.96105, 12.62935], [79.96007, 12.62974], [79.95841, 12.63083], [79.95727, 12.63146], [79.95528, 12.63194], [79.95208, 12.63271], [79.95135, 12.63282], [79.94831, 12.63316], [79.94574, 12.63386], [79.94574, 12.63389], [79.94576, 12.63396], [79.94639, 12.63721], [79.94681, 12.63918], [79.94723, 12.64124], [79.94758, 12.64264], [79.95061, 12.64268], [79.95082, 12.64268], [79.95082, 12.64273], [79.95118, 12.64522], [79.95127, 12.64615], [79.95114, 12.64691], [79.95094, 12.64891], [79.95091, 12.65096], [79.95111, 12.65273], [79.95065, 12.65273], [79.94978, 12.65274], [79.9479, 12.65274], [79.94804, 12.65393], [79.94851, 12.65709], [79.94885, 12.65873], [79.95031, 12.65924], [79.95174, 12.65968], [79.95174, 12.65968], [79.95208, 12.66093], [79.95208, 12.66093], [79.95264, 12.66211], [79.95326, 12.66319], [79.95391, 12.66417], [79.95392, 12.6642], [79.95427, 12.66531], [79.95482, 12.66684], [79.95482, 12.66684], [79.95476, 12.6674], [79.95476, 12.66745], [79.95476, 12.66745], [79.95476, 12.66871], [79.95476, 12.66871], [79.95482, 12.6696], [79.95499, 12.67032], [79.95499, 12.67032], [79.9555, 12.67161], [79.95577, 12.67291], [79.95577, 12.67291], [79.95615, 12.67413], [79.95667, 12.67572], [79.95674, 12.67596], [79.95674, 12.67596], [79.95686, 12.67728], [79.95691, 12.67865], [79.95671, 12.68055], [79.95687, 12.68174], [79.9572, 12.68306], [79.95789, 12.68519], [79.95789, 12.6852], [79.95789, 12.6852], [79.95792, 12.68532], [79.95793, 12.68538], [79.95805, 12.68603], [79.95794, 12.6869], [79.95758, 12.68808], [79.95726, 12.68904], [79.95697, 12.69355], [79.95685, 12.69847], [79.95677, 12.69848], [79.95562, 12.69867], [79.95275, 12.6994], [79.95291, 12.7013], [79.95292, 12.70339], [79.95281, 12.70565], [79.95262, 12.70714], [79.9523, 12.70853], [79.95199, 12.71005], [79.95171, 12.71084], [79.9512, 12.71176], [79.95005, 12.71345], [79.94838, 12.71613], [79.9466, 12.71864], [79.94603, 12.71938], [79.94447, 12.72159], [79.94327, 12.72378], [79.94221, 12.72515], [79.94211, 12.72548], [79.94213, 12.72606], [79.94213, 12.72617], [79.94214, 12.72659], [79.94219, 12.7281], [79.94213, 12.72833], [79.94209, 12.72849], [79.942, 12.72889], [79.94134, 12.73023], [79.94035, 12.73156], [79.93806, 12.73394], [79.93583, 12.7357], [79.93554, 12.73591], [79.93544, 12.73598], [79.93411, 12.73696], [79.93259, 12.73845], [79.9314, 12.73977], [79.9302, 12.74135], [79.9285, 12.74367], [79.92787, 12.74436], [79.92659, 12.74578], [79.92554, 12.74673], [79.9255, 12.74676], [79.92449, 12.74768], [79.92337, 12.74837], [79.92157, 12.74978], [79.92128, 12.75003], [79.9214, 12.75019], [79.91951, 12.75177], [79.91919, 12.75201], [79.9185, 12.75242], [79.91764, 12.75276], [79.91652, 12.75297], [79.91488, 12.75313], [79.91302, 12.75354], [79.91113, 12.75391], [79.90962, 12.75415], [79.90891, 12.75426], [79.90864, 12.75431], [79.90766, 12.75447], [79.90631, 12.7548], [79.90473, 12.75516], [79.90356, 12.75563], [79.90291, 12.75606], [79.90209, 12.75664], [79.90185, 12.75677], [79.90118, 12.75713], [79.90005, 12.75777], [79.89801, 12.75887], [79.89187, 12.76195], [79.88974, 12.76309], [79.88818, 12.76405], [79.88607, 12.7651], [79.88394, 12.7663], [79.88276, 12.76688], [79.88249, 12.76701], [79.88424, 12.76868], [79.88633, 12.77055], [79.88852, 12.77194], [79.8908, 12.77321], [79.89103, 12.77334], [79.8871, 12.77436], [79.88751, 12.77678], [79.88372, 12.77721], [79.88171, 12.77722], [79.87973, 12.77768], [79.87707, 12.77752], [79.87707, 12.77756], [79.87703, 12.77867], [79.87695, 12.77944], [79.87691, 12.77971], [79.87687, 12.78002], [79.87769, 12.78031], [79.87913, 12.78102], [79.87995, 12.78089], [79.88112, 12.78123], [79.88234, 12.78143], [79.88408, 12.78175], [79.88562, 12.78227], [79.88714, 12.78252], [79.88821, 12.78241], [79.88978, 12.78278], [79.89041, 12.78296], [79.89095, 12.78291], [79.89103, 12.7829], [79.89144, 12.78286], [79.89277, 12.78311], [79.89455, 12.78406], [79.89543, 12.78422], [79.89783, 12.78438], [79.90127, 12.78446], [79.90159, 12.78556], [79.9025, 12.78743], [79.9035, 12.78812], [79.9046, 12.78874], [79.9055, 12.78959], [79.9059, 12.79025], [79.90651, 12.79176], [79.90726, 12.7937], [79.9076, 12.79532], [79.90815, 12.79715], [79.90903, 12.79892], [79.90934, 12.79952], [79.90946, 12.79974], [79.91027, 12.79987], [79.91068, 12.79989], [79.91095, 12.79965], [79.9111, 12.79952], [79.91167, 12.7996], [79.9117, 12.80004], [79.91228, 12.79985], [79.91339, 12.79963], [79.91551, 12.79918], [79.91709, 12.79889], [79.91858, 12.79827], [79.91867, 12.79823], [79.91975, 12.79778], [79.92089, 12.79723], [79.92218, 12.79669], [79.92308, 12.79628], [79.92398, 12.79587], [79.92482, 12.79516], [79.92518, 12.79474], [79.92583, 12.79558], [79.92628, 12.79677], [79.92635, 12.79843], [79.92667, 12.79839], [79.92697, 12.79802], [79.927, 12.79799], [79.92733, 12.79758], [79.92795, 12.79667], [79.92862, 12.79602], [79.92917, 12.79554], [79.92952, 12.79515], [79.9296, 12.79461], [79.92959, 12.79411], [79.9295, 12.79379], [79.92973, 12.79312], [79.93129, 12.79144], [79.93166, 12.79116], [79.93183, 12.79102], [79.9318, 12.79057], [79.93203, 12.7896], [79.93214, 12.78893], [79.93233, 12.78798], [79.93238, 12.78744], [79.93262, 12.78707], [79.93312, 12.7867], [79.93362, 12.78648], [79.93411, 12.7862], [79.93444, 12.78591], [79.93472, 12.78559], [79.93499, 12.7848], [79.93515, 12.78444], [79.93597, 12.7846], [79.93672, 12.7847], [79.93729, 12.78459], [79.93764, 12.78458], [79.93934, 12.78341], [79.93921, 12.78415], [79.94031, 12.78454], [79.94048, 12.78539], [79.94076, 12.78601], [79.9409, 12.78693], [79.94061, 12.78791], [79.94034, 12.78924], [79.94024, 12.7901], [79.94021, 12.79046], [79.94026, 12.79059], [79.94154, 12.79079], [79.94354, 12.79086], [79.9451, 12.79076], [79.94608, 12.79075], [79.94669, 12.79076], [79.94708, 12.79091], [79.94758, 12.79095], [79.94869, 12.79086], [79.94945, 12.79076], [79.95155, 12.79086], [79.95194, 12.79084], [79.95347, 12.79078], [79.9555, 12.79068], [79.956, 12.79077], [79.95656, 12.79121], [79.95713, 12.79185], [79.95743, 12.79255], [79.95773, 12.79338], [79.95813, 12.79416], [79.95841, 12.79507], [79.95864, 12.79582], [79.95928, 12.79652], [79.95957, 12.79685], [79.95962, 12.7972], [79.96001, 12.79748], [79.96022, 12.79818], [79.96051, 12.7992], [79.96066, 12.79997], [79.96072, 12.80098], [79.96121, 12.80224], [79.96159, 12.80311], [79.96177, 12.80382], [79.96179, 12.80447], [79.96182, 12.80512], [79.9622, 12.80631], [79.9627, 12.80755], [79.96333, 12.80862], [79.96359, 12.80911], [79.96373, 12.80939], [79.96353, 12.80949], [79.96353, 12.80949], [79.96223, 12.81], [79.96119, 12.81032], [79.95958, 12.81051], [79.95872, 12.81062], [79.95849, 12.81065], [79.95835, 12.8108], [79.95818, 12.81179], [79.95815, 12.81347], [79.95814, 12.81429], [79.95768, 12.81449], [79.95677, 12.81454], [79.95691, 12.81532], [79.95733, 12.81604], [79.95728, 12.81684], [79.95697, 12.81695], [79.9562, 12.81714], [79.95601, 12.81723], [79.95622, 12.81766], [79.95679, 12.81838], [79.95698, 12.81865], [79.95699, 12.81975], [79.95692, 12.82234], [79.95692, 12.82428], [79.95687, 12.82491], [79.95687, 12.82495], [79.95684, 12.82527], [79.95694, 12.82521], [79.95702, 12.82517], [79.95759, 12.82485], [79.95785, 12.82473], [79.95833, 12.82425], [79.95882, 12.82397], [79.95941, 12.82398], [79.95948, 12.82398], [79.95952, 12.82399], [79.96013, 12.8241], [79.96051, 12.8241], [79.96071, 12.82383], [79.96078, 12.82337], [79.96089, 12.82306], [79.961, 12.82283], [79.96113, 12.82259], [79.96132, 12.82225], [79.96181, 12.8216], [79.96254, 12.82032], [79.96341, 12.81887], [79.96389, 12.818], [79.96407, 12.8177], [79.96429, 12.81731], [79.96447, 12.81695], [79.96476, 12.81655], [79.9653, 12.81597], [79.96563, 12.81559], [79.96626, 12.81498], [79.9665, 12.81473], [79.96682, 12.81445], [79.96688, 12.81439], [79.96696, 12.81439], [79.96778, 12.81404], [79.96893, 12.81384], [79.96999, 12.81374], [79.97119, 12.81364], [79.9712, 12.81364], [79.97123, 12.81364], [79.97125, 12.81364], [79.97179, 12.81359], [79.9727, 12.81351], [79.97347, 12.81361], [79.97412, 12.81383], [79.97481, 12.81418], [79.97548, 12.81442], [79.97639, 12.81452], [79.97688, 12.81461], [79.97759, 12.81475], [79.97797, 12.81469], [79.97835, 12.81462], [79.97839, 12.8146], [79.97854, 12.81456], [79.97955, 12.81429], [79.98067, 12.81395], [79.98166, 12.81356], [79.98286, 12.81318], [79.98327, 12.81317], [79.98399, 12.8128], [79.98431, 12.81262], [79.9849, 12.81229], [79.98571, 12.81183], [79.98674, 12.81114], [79.98786, 12.81044], [79.98895, 12.80996], [79.99041, 12.8098], [79.99207, 12.80961], [79.99298, 12.80963], [79.99349, 12.80989], [79.99376, 12.81035], [79.9938, 12.81042], [79.99398, 12.81065], [79.9943, 12.81092], [79.99532, 12.81105], [79.99563, 12.81118], [79.99641, 12.81141], [79.9965, 12.81144], [79.99662, 12.81147], [79.99756, 12.81167], [79.99813, 12.81224], [79.99815, 12.81226], [79.99837, 12.81231], [79.99854, 12.81239], [79.99901, 12.81238], [79.99972, 12.81214], [80.0, 12.81217], [80.0, 12.81217], [80.0, 12.81217], [80.00037, 12.81222], [80.00098, 12.81254], [80.00179, 12.81273], [80.00248, 12.81285], [80.00308, 12.81292], [80.00403, 12.81294], [80.0061, 12.81296], [80.00639, 12.81191], [80.00665, 12.81052], [80.00681, 12.80924], [80.00881, 12.8094], [80.00937, 12.80943], [80.00927, 12.80979], [80.00922, 12.8103], [80.00882, 12.81287], [80.00852, 12.81447], [80.00851, 12.81452], [80.00863, 12.81467], [80.00864, 12.81468], [80.00887, 12.81494], [80.01013, 12.81573], [80.01103, 12.81623], [80.01154, 12.81654], [80.0119, 12.81682], [80.01213, 12.817], [80.01265, 12.81725], [80.01327, 12.81739], [80.01339, 12.81738], [80.01479, 12.81726], [80.01598, 12.81734], [80.01732, 12.81748], [80.01812, 12.81821], [80.01834, 12.81837], [80.01867, 12.8187], [80.01912, 12.81939], [80.01969, 12.82006], [80.02024, 12.82055], [80.02124, 12.82154], [80.02171, 12.82183], [80.02203, 12.82205], [80.02232, 12.82217], [80.02279, 12.82224], [80.02289, 12.82226], [80.023, 12.82227], [80.02359, 12.8224], [80.02398, 12.82241], [80.02485, 12.82262], [80.02614, 12.82259], [80.02703, 12.82259], [80.02799, 12.82263], [80.02959, 12.82277], [80.03037, 12.82263], [80.03034, 12.82295], [80.03026, 12.82362], [80.03004, 12.82449], [80.02996, 12.82536], [80.03, 12.82583], [80.03028, 12.82639], [80.03049, 12.82703], [80.03079, 12.8279], [80.0318, 12.82926], [80.03191, 12.83041], [80.03283, 12.83075], [80.03361, 12.83135], [80.03388, 12.83163], [80.03573, 12.83357], [80.03611, 12.83366], [80.03651, 12.83378], [80.03736, 12.83389], [80.03803, 12.83399], [80.03967, 12.83418], [80.04027, 12.83428], [80.04026, 12.83453], [80.04029, 12.83454], [80.0401, 12.83917], [80.04016, 12.83967], [80.04217, 12.83977], [80.04231, 12.83978], [80.04264, 12.8398], [80.0447, 12.83991], [80.04475, 12.83991], [80.04527, 12.83995], [80.04555, 12.83997], [80.04585, 12.83987], [80.04618, 12.83978], [80.04652, 12.83944], [80.04692, 12.83904], [80.0474, 12.83885], [80.04783, 12.83881], [80.04815, 12.83883], [80.04849, 12.83881], [80.04908, 12.8388], [80.04975, 12.83889], [80.05064, 12.83905], [80.05079, 12.83924], [80.05105, 12.83959], [80.05122, 12.83989], [80.05144, 12.8404], [80.0517, 12.84114], [80.05192, 12.84212], [80.0522, 12.84274], [80.05233, 12.8439], [80.05261, 12.84527], [80.05268, 12.84694], [80.05275, 12.84822], [80.05317, 12.84975], [80.05326, 12.85006], [80.05337, 12.85056], [80.05346, 12.85076], [80.05367, 12.85144], [80.05423, 12.85264], [80.05423, 12.85265], [80.05453, 12.85329], [80.05495, 12.8541], [80.05508, 12.8544], [80.05557, 12.85546], [80.05566, 12.85562], [80.05605, 12.85683], [80.05686, 12.85823], [80.05766, 12.85936], [80.05802, 12.8599], [80.05848, 12.86041], [80.05863, 12.86068], [80.05899, 12.86104], [80.05926, 12.86124], [80.05948, 12.86157], [80.05972, 12.86199], [80.06044, 12.86269], [80.06076, 12.86306], [80.06093, 12.86318], [80.06134, 12.86368], [80.0613, 12.86452], [80.06092, 12.86508], [80.06029, 12.86624], [80.06025, 12.86647], [80.0602, 12.86673], [80.0602, 12.86734], [80.06028, 12.86791], [80.06021, 12.86838], [80.06011, 12.86901], [80.05997, 12.87001], [80.05975, 12.87059], [80.05958, 12.87128], [80.05929, 12.87198], [80.05908, 12.87283], [80.05855, 12.87377], [80.05819, 12.87433], [80.05767, 12.87494], [80.05722, 12.87541], [80.05655, 12.87587], [80.05588, 12.87623], [80.05523, 12.87679], [80.0549, 12.87748], [80.05475, 12.87777], [80.05465, 12.87814], [80.05453, 12.87841], [80.05414, 12.87919], [80.05388, 12.87966], [80.05385, 12.87988], [80.05381, 12.88077], [80.05334, 12.88093], [80.05315, 12.881], [80.05314, 12.881], [80.05273, 12.88125], [80.05218, 12.88153], [80.05195, 12.88203], [80.0521, 12.88251], [80.05227, 12.88307], [80.05246, 12.88318], [80.05268, 12.88349], [80.05332, 12.88387], [80.05379, 12.88444], [80.05406, 12.88508], [80.05438, 12.88556], [80.05468, 12.88582], [80.05481, 12.88598], [80.05494, 12.8861], [80.05513, 12.88663], [80.05547, 12.88775], [80.05568, 12.88813], [80.05582, 12.88828], [80.05623, 12.88869], [80.05668, 12.88905], [80.05696, 12.88992], [80.05698, 12.89056], [80.05706, 12.89114], [80.05708, 12.89137], [80.05753, 12.8928], [80.058, 12.89342], [80.05833, 12.89402], [80.05871, 12.89455], [80.05867, 12.89455], [80.0585, 12.89536], [80.05849, 12.89561], [80.05846, 12.89609], [80.05886, 12.89656], [80.05912, 12.89681], [80.05936, 12.89693], [80.05989, 12.89686], [80.05995, 12.89721], [80.06008, 12.89796], [80.0602, 12.89854], [80.06008, 12.89894], [80.06015, 12.90009], [80.06059, 12.90083], [80.06082, 12.90094], [80.06094, 12.90099], [80.06124, 12.90126], [80.0613, 12.90129], [80.06233, 12.90092], [80.06437, 12.90057], [80.0653, 12.90014], [80.06661, 12.8994], [80.06669, 12.89938], [80.06823, 12.89897], [80.06925, 12.8987], [80.07123, 12.89872], [80.07237, 12.89872], [80.07255, 12.89874], [80.07452, 12.89888], [80.07684, 12.89917], [80.07814, 12.89927], [80.07941, 12.89936], [80.0795, 12.89934], [80.07975, 12.89927], [80.08014, 12.89916], [80.08046, 12.89907], [80.08087, 12.89887], [80.08231, 12.89816], [80.08328, 12.89769], [80.0834, 12.89767], [80.09073, 12.8962], [80.09277, 12.89579], [80.0953, 12.8953], [80.09597, 12.8952], [80.09632, 12.89518], [80.09842, 12.89508], [80.09979, 12.89505], [80.10073, 12.89499], [80.10238, 12.89701], [80.10402, 12.89946], [80.10436, 12.89997], [80.10554, 12.90175], [80.10561, 12.90187], [80.10679, 12.90328], [80.10691, 12.90342], [80.10695, 12.90347], [80.10736, 12.90404], [80.10739, 12.90409], [80.10745, 12.90416], [80.10779, 12.90473], [80.10802, 12.90507], [80.10876, 12.90558], [80.10883, 12.90562], [80.10888, 12.90565], [80.10918, 12.90581], [80.10941, 12.90582], [80.10965, 12.90583], [80.11005, 12.90586], [80.11071, 12.9057], [80.11247, 12.90524], [80.11285, 12.90514], [80.11289, 12.90513], [80.11423, 12.90477], [80.11505, 12.90462], [80.11575, 12.90448], [80.1163, 12.90436], [80.11677, 12.9034], [80.11764, 12.90266], [80.11829, 12.90182], [80.1192, 12.90065], [80.1195, 12.89938], [80.12048, 12.89651]]]}}, {"type": "Feature", "properties": {"taluk": "Chennai", "district": "Chennai", "state": "Tamil Nadu"}, "geometry": {"type": "Polygon", "coordinates": [[[80.23534, 13.09334], [80.23538, 13.09334], [80.2357, 13.0933], [80.23695, 13.09317], [80.23696, 13.09316], [80.23696, 13.09316], [80.23697, 13.09316], [80.23762, 13.09312], [80.23947, 13.09282], [80.23948, 13.09282], [80.23948, 13.09281], [80.24008, 13.09276], [80.24009, 13.09275], [80.24071, 13.09269], [80.24055, 13.09118], [80.24055, 13.09117], [80.24055, 13.09116], [80.24055, 13.09116], [80.24055, 13.09115], [80.24046, 13.09018], [80.24024, 13.08792], [80.24012, 13.08519], [80.24008, 13.08431], [80.24006, 13.08422], [80.23998, 13.08395], [80.24023, 13.08387], [80.24073, 13.08359], [80.24075, 13.08359], [80.24076, 13.08358], [80.24078, 13.08358], [80.24109, 13.08343], [80.2428, 13.0828], [80.24291, 13.08278], [80.24301, 13.08275], [80.24311, 13.08271], [80.2434, 13.08263], [80.2434, 13.08263], [80.2434, 13.08263], [80.2434, 13.08263], [80.24341, 13.08263], [80.24549, 13.08211], [80.2457, 13.08206], [80.24567, 13.08187], [80.24561, 13.08164], [80.24552, 13.08122], [80.24547, 13.08095], [80.24545, 13.08043], [80.24542, 13.07991], [80.24551, 13.07994], [80.24561, 13.07998], [80.24578, 13.08009], [80.24592, 13.08021], [80.24598, 13.08012], [80.24607, 13.07997], [80.24612, 13.07987], [80.24618, 13.07977], [80.24626, 13.07968], [80.24634, 13.0796], [80.24652, 13.07946], [80.24655, 13.07943], [80.24694, 13.07951], [80.24701, 13.07952], [80.24707, 13.07954], [80.24713, 13.07956], [80.24716, 13.07958], [80.24719, 13.07959], [80.2472, 13.07959], [80.24726, 13.0792], [80.24726, 13.07919], [80.24727, 13.07918], [80.24727, 13.07917], [80.24727, 13.07916], [80.2473, 13.07889], [80.24682, 13.07875], [80.24678, 13.07874], [80.24675, 13.07873], [80.24671, 13.07871], [80.24667, 13.07869], [80.24655, 13.07863], [80.24663, 13.07845], [80.24664, 13.07843], [80.24665, 13.07841], [80.24666, 13.07839], [80.24667, 13.07837], [80.24683, 13.07808], [80.24684, 13.07806], [80.24731, 13.07806], [80.24736, 13.07806], [80.24858, 13.07847], [80.249, 13.07888], [80.2495, 13.0791], [80.25031, 13.07924], [80.2509, 13.0792], [80.25155, 13.07917], [80.25225, 13.07908], [80.25344, 13.07913], [80.25414, 13.07916], [80.25528, 13.07929], [80.25653, 13.07939], [80.2578, 13.07965], [80.25826, 13.07971], [80.25898, 13.0798], [80.25917, 13.07983], [80.25922, 13.07983], [80.25917, 13.0797], [80.25895, 13.07914], [80.25894, 13.07912], [80.25953, 13.07911], [80.26016, 13.07919], [80.26072, 13.07932], [80.26132, 13.07944], [80.26194, 13.07959], [80.26324, 13.07931], [80.26329, 13.0793], [80.26332, 13.07874], [80.26357, 13.07835], [80.26358, 13.07833], [80.26402, 13.07763], [80.26402, 13.07757], [80.26402, 13.07689], [80.264, 13.0759], [80.26396, 13.07462], [80.26438, 13.07474], [80.26456, 13.07479], [80.26544, 13.0752], [80.26587, 13.07466], [80.26616, 13.07437], [80.26656, 13.07395], [80.2669, 13.0735], [80.26697, 13.0734], [80.26746, 13.07289], [80.26792, 13.07237], [80.26823, 13.07199], [80.26855, 13.07138], [80.26858, 13.07103], [80.26868, 13.07084], [80.26874, 13.07054], [80.26882, 13.0704], [80.26889, 13.07025], [80.26899, 13.07007], [80.26905, 13.06992], [80.26908, 13.06976], [80.26908, 13.06953], [80.26908, 13.06919], [80.26908, 13.06916], [80.26901, 13.06838], [80.26948, 13.06829], [80.26939, 13.068], [80.26908, 13.06743], [80.26881, 13.06702], [80.26847, 13.06637], [80.26798, 13.06594], [80.26729, 13.06553], [80.26651, 13.06498], [80.26511, 13.06365], [80.26467, 13.06314], [80.26306, 13.06201], [80.26172, 13.06093], [80.26141, 13.06061], [80.26114, 13.06041], [80.26077, 13.06011], [80.26019, 13.05964], [80.25973, 13.0593], [80.25909, 13.05876], [80.25848, 13.05824], [80.25785, 13.05787], [80.25754, 13.05763], [80.25695, 13.05714], [80.25643, 13.05672], [80.25587, 13.05618], [80.2552, 13.05565], [80.25446, 13.05509], [80.254, 13.05468], [80.2534, 13.05419], [80.25254, 13.05355], [80.25135, 13.05264], [80.25098, 13.05239], [80.25035, 13.05244], [80.25011, 13.0529], [80.24976, 13.05335], [80.24974, 13.05335], [80.2492, 13.05322], [80.24859, 13.05316], [80.24797, 13.05309], [80.24775, 13.05306], [80.24771, 13.05305], [80.24768, 13.05304], [80.24765, 13.05303], [80.24764, 13.05303], [80.24761, 13.05302], [80.24591, 13.0527], [80.24587, 13.05269], [80.24582, 13.05269], [80.24578, 13.05268], [80.24573, 13.05268], [80.24271, 13.05269], [80.24267, 13.05269], [80.24263, 13.05269], [80.24259, 13.05269], [80.24256, 13.05268], [80.24124, 13.05247], [80.24119, 13.05246], [80.24113, 13.05246], [80.24108, 13.05246], [80.24103, 13.05246], [80.24048, 13.0525], [80.24043, 13.0525], [80.24039, 13.05251], [80.24034, 13.05251], [80.2403, 13.05252], [80.23701, 13.05339], [80.237, 13.05339], [80.237, 13.05339], [80.23699, 13.05339], [80.23699, 13.05339], [80.23361, 13.05419], [80.23358, 13.0542], [80.23355, 13.0542], [80.23352, 13.05421], [80.23349, 13.05421], [80.23201, 13.05436], [80.232, 13.05436], [80.23199, 13.05436], [80.23198, 13.05437], [80.23197, 13.05437], [80.23157, 13.05442], [80.23144, 13.05345], [80.23145, 13.0534], [80.23145, 13.05337], [80.2324, 13.05336], [80.23241, 13.05336], [80.23248, 13.05331], [80.23222, 13.05258], [80.23219, 13.05251], [80.23216, 13.05245], [80.23212, 13.05239], [80.23209, 13.05234], [80.23159, 13.05169], [80.23157, 13.05166], [80.23155, 13.05163], [80.23154, 13.0516], [80.23152, 13.05157], [80.23111, 13.0508], [80.23108, 13.05073], [80.23105, 13.05065], [80.23103, 13.05057], [80.23101, 13.05049], [80.23045, 13.04582], [80.23045, 13.0458], [80.23045, 13.04579], [80.23045, 13.04578], [80.23045, 13.04577], [80.23044, 13.04565], [80.23044, 13.04561], [80.23043, 13.04557], [80.23042, 13.04553], [80.23041, 13.04549], [80.22973, 13.04292], [80.22973, 13.04291], [80.22972, 13.0429], [80.22972, 13.0429], [80.22972, 13.04289], [80.22957, 13.0422], [80.22954, 13.04212], [80.22952, 13.04205], [80.22949, 13.04198], [80.22945, 13.04191], [80.22902, 13.04123], [80.22898, 13.04117], [80.22895, 13.04111], [80.22893, 13.04105], [80.22891, 13.04099], [80.22844, 13.0393], [80.22799, 13.03768], [80.22797, 13.03762], [80.22796, 13.03756], [80.22796, 13.0375], [80.22795, 13.03744], [80.22795, 13.03743], [80.22791, 13.03746], [80.22309, 13.04018], [80.22308, 13.04018], [80.22307, 13.04019], [80.22306, 13.0402], [80.22306, 13.0402], [80.22304, 13.0402], [80.223, 13.04022], [80.22275, 13.04035], [80.22008, 13.04165], [80.21851, 13.04242], [80.2185, 13.04242], [80.21844, 13.04252], [80.21928, 13.04724], [80.21924, 13.04727], [80.21919, 13.04729], [80.21865, 13.04741], [80.21863, 13.04741], [80.21861, 13.04742], [80.21858, 13.04743], [80.21856, 13.04743], [80.21856, 13.04743], [80.21856, 13.04744], [80.21928, 13.05232], [80.21924, 13.05232], [80.21922, 13.05232], [80.21561, 13.05083], [80.21556, 13.05083], [80.21553, 13.05086], [80.21531, 13.05102], [80.21531, 13.05235], [80.21533, 13.05294], [80.2153, 13.05379], [80.21401, 13.05378], [80.21332, 13.05365], [80.21268, 13.05354], [80.213, 13.05255], [80.21265, 13.05209], [80.21231, 13.05196], [80.21145, 13.05201], [80.21105, 13.05229], [80.21085, 13.05297], [80.21076, 13.05377], [80.20966, 13.05393], [80.2089, 13.05421], [80.20872, 13.05459], [80.2086, 13.05678], [80.20858, 13.05771], [80.20882, 13.05939], [80.20873, 13.05991], [80.20754, 13.06033], [80.20682, 13.06044], [80.20777, 13.06188], [80.20828, 13.06262], [80.20863, 13.06342], [80.20893, 13.06431], [80.20966, 13.06511], [80.21226, 13.06414], [80.21405, 13.06233], [80.21527, 13.06189], [80.21597, 13.06187], [80.2161, 13.06373], [80.21588, 13.06531], [80.21612, 13.06598], [80.21681, 13.06722], [80.21769, 13.06833], [80.21804, 13.06857], [80.21842, 13.06869], [80.21913, 13.06864], [80.21971, 13.06847], [80.22001, 13.06856], [80.22024, 13.06863], [80.22138, 13.06918], [80.22225, 13.06841], [80.22405, 13.06709], [80.22508, 13.0669], [80.22698, 13.06641], [80.22764, 13.0663], [80.22876, 13.06627], [80.22884, 13.06687], [80.2288, 13.06714], [80.22865, 13.06825], [80.2284, 13.06907], [80.22858, 13.06988], [80.22904, 13.07063], [80.22924, 13.07132], [80.22944, 13.07201], [80.22954, 13.07224], [80.23017, 13.07366], [80.2302, 13.0743], [80.23028, 13.07506], [80.23007, 13.07727], [80.23003, 13.07809], [80.23013, 13.07932], [80.23029, 13.08041], [80.23052, 13.08165], [80.23064, 13.08364], [80.23065, 13.08371], [80.23051, 13.08451], [80.23028, 13.08496], [80.23121, 13.08656], [80.23181, 13.08665], [80.23194, 13.08674], [80.23246, 13.09314], [80.23285, 13.09324], [80.23346, 13.09331], [80.2341, 13.09334], [80.2346, 13.09337], [80.23534, 13.09334]]]}}, {"type": "Feature", "properties": {"taluk": "Guindy", "district": "Chennai", "state": "Tamil Nadu"}, "geometry": {"type": "Polygon", "coordinates": [[[80.23197, 13.05437], [80.23198, 13.05437], [80.23199, 13.05436], [80.232, 13.05436], [80.23201, 13.05436], [80.23349, 13.05421], [80.23352, 13.05421], [80.23355, 13.0542], [80.23358, 13.0542], [80.23361, 13.05419], [80.23699, 13.05339], [80.23699, 13.05339], [80.237, 13.05339], [80.237, 13.05339], [80.23701, 13.05339], [80.2403, 13.05252], [80.24034, 13.05251], [80.24039, 13.05251], [80.24043, 13.0525], [80.24048, 13.0525], [80.24103, 13.05246], [80.24108, 13.05246], [80.24113, 13.05246], [80.24119, 13.05246], [80.24124, 13.05247], [80.24256, 13.05268], [80.24259, 13.05269], [80.24263, 13.05269], [80.24267, 13.05269], [80.24271, 13.05269], [80.24573, 13.05268], [80.24578, 13.05268], [80.24582, 13.05269], [80.24587, 13.05269], [80.24591, 13.0527], [80.24761, 13.05302], [80.24764, 13.05303], [80.24765, 13.05303], [80.24768, 13.05304], [80.24771, 13.05305], [80.24775, 13.05306], [80.24797, 13.05309], [80.24859, 13.05316], [80.2492, 13.05322], [80.24974, 13.05335], [80.24976, 13.05335], [80.25011, 13.0529], [80.25035, 13.05244], [80.25035, 13.05242], [80.25023, 13.05172], [80.25, 13.05065], [80.24953, 13.04925], [80.24928, 13.04858], [80.24859, 13.04803], [80.24815, 13.04782], [80.24802, 13.0477], [80.24792, 13.04756], [80.24785, 13.0474], [80.24782, 13.04724], [80.24738, 13.04388], [80.24738, 13.04388], [80.24738, 13.04387], [80.24738, 13.04387], [80.24738, 13.04386], [80.24698, 13.04121], [80.24698, 13.04119], [80.24697, 13.04117], [80.24697, 13.04114], [80.24696, 13.04112], [80.24569, 13.03618], [80.24568, 13.03616], [80.24568, 13.03614], [80.24567, 13.03611], [80.24566, 13.03609], [80.24552, 13.0357], [80.24546, 13.03545], [80.24549, 13.03518], [80.24554, 13.03506], [80.24551, 13.03504], [80.24386, 13.0338], [80.24338, 13.03338], [80.24376, 13.03286], [80.24388, 13.03247], [80.2439, 13.03187], [80.2438, 13.03113], [80.24369, 13.03044], [80.24365, 13.03001], [80.24289, 13.03013], [80.24196, 13.03052], [80.24122, 13.03088], [80.2405, 13.03128], [80.23985, 13.02964], [80.2399, 13.02843], [80.23894, 13.02653], [80.23935, 13.02601], [80.2404, 13.02644], [80.24149, 13.02673], [80.24275, 13.02647], [80.24396, 13.02532], [80.244, 13.02528], [80.244, 13.02524], [80.24572, 13.02358], [80.24572, 13.02358], [80.24572, 13.02358], [80.24573, 13.02357], [80.24573, 13.02357], [80.24679, 13.02251], [80.24683, 13.02247], [80.24687, 13.02242], [80.24691, 13.02237], [80.24694, 13.02232], [80.24712, 13.02201], [80.24715, 13.02195], [80.24718, 13.02188], [80.2472, 13.02181], [80.24722, 13.02174], [80.24754, 13.02014], [80.24931, 13.0177], [80.25007, 13.01634], [80.25137, 13.0152], [80.25339, 13.01346], [80.25459, 13.01264], [80.25588, 13.01196], [80.25666, 13.01155], [80.25765, 13.01154], [80.25842, 13.01184], [80.25922, 13.01235], [80.25922, 13.01191], [80.25893, 13.01031], [80.25843, 13.00808], [80.25834, 13.00785], [80.25825, 13.00763], [80.25748, 13.00676], [80.25717, 13.00677], [80.25657, 13.0068], [80.2544, 13.0066], [80.25163, 13.00692], [80.25005, 13.00693], [80.24879, 13.00673], [80.24729, 13.00673], [80.24401, 13.00669], [80.24298, 13.00662], [80.24289, 13.00622], [80.24289, 13.0062], [80.24288, 13.00618], [80.24288, 13.00616], [80.24288, 13.00615], [80.24218, 13.00374], [80.24217, 13.00372], [80.24299, 13.00366], [80.24302, 13.00366], [80.24308, 13.00357], [80.24308, 13.00349], [80.24301, 13.00259], [80.24294, 13.00162], [80.24317, 13.00088], [80.24318, 13.00057], [80.24406, 13.0], [80.24408, 12.99953], [80.2441, 12.999], [80.24418, 12.99805], [80.2438, 12.99693], [80.24366, 12.99599], [80.24366, 12.99539], [80.24371, 12.99498], [80.24395, 12.99436], [80.24416, 12.99412], [80.24422, 12.99404], [80.24428, 12.99398], [80.24425, 12.99367], [80.24396, 12.99312], [80.2437, 12.99269], [80.24301, 12.99189], [80.24268, 12.99171], [80.24239, 12.99165], [80.24189, 12.99165], [80.24146, 12.99167], [80.24096, 12.9917], [80.24045, 12.99174], [80.24012, 12.99183], [80.23976, 12.99191], [80.23931, 12.99189], [80.23893, 12.99171], [80.23859, 12.99132], [80.23843, 12.99101], [80.23835, 12.99058], [80.23841, 12.98989], [80.23848, 12.98819], [80.23837, 12.98758], [80.23806, 12.98712], [80.2377, 12.98674], [80.23727, 12.98646], [80.23671, 12.98589], [80.23636, 12.98502], [80.2362, 12.98438], [80.23617, 12.98427], [80.23606, 12.9843], [80.23549, 12.98443], [80.23304, 12.98448], [80.23148, 12.98456], [80.22951, 12.98493], [80.22892, 12.98499], [80.22769, 12.98501], [80.22686, 12.98524], [80.22619, 12.98582], [80.22498, 12.9865], [80.22326, 12.98811], [80.22135, 12.98982], [80.22133, 12.98984], [80.22079, 12.99062], [80.21895, 12.99273], [80.21792, 12.99455], [80.21752, 12.99526], [80.217, 12.99704], [80.21717, 12.998], [80.21748, 12.99886], [80.21841, 13.00017], [80.21872, 13.00074], [80.2191, 13.00118], [80.21916, 13.00127], [80.22008, 13.00287], [80.21996, 13.0029], [80.2148, 13.00416], [80.20987, 13.00482], [80.2107, 13.00832], [80.21082, 13.0089], [80.20941, 13.00841], [80.20608, 13.01084], [80.20427, 13.01216], [80.20422, 13.0122], [80.20418, 13.01223], [80.1991, 13.01589], [80.19874, 13.01614], [80.19871, 13.01746], [80.1987, 13.01773], [80.19869, 13.018], [80.19857, 13.0187], [80.19875, 13.01992], [80.19895, 13.02134], [80.19912, 13.0224], [80.19941, 13.02424], [80.1996, 13.02543], [80.19992, 13.02699], [80.20048, 13.02828], [80.20151, 13.02846], [80.20241, 13.02849], [80.20365, 13.02827], [80.20486, 13.02787], [80.20693, 13.02779], [80.20813, 13.02749], [80.20897, 13.02702], [80.21, 13.02634], [80.21062, 13.02581], [80.21088, 13.02535], [80.21122, 13.02448], [80.21132, 13.02336], [80.21143, 13.02151], [80.21202, 13.02053], [80.21294, 13.01958], [80.2131, 13.01942], [80.2141, 13.01891], [80.21544, 13.01851], [80.2162, 13.01825], [80.21658, 13.01782], [80.21681, 13.01765], [80.21702, 13.0175], [80.21789, 13.0174], [80.2187, 13.01718], [80.21949, 13.01704], [80.22016, 13.01688], [80.22087, 13.01671], [80.22156, 13.01651], [80.22237, 13.01646], [80.22329, 13.01654], [80.22387, 13.01686], [80.22428, 13.0173], [80.225, 13.0177], [80.22484, 13.0182], [80.22466, 13.01856], [80.22452, 13.01889], [80.22433, 13.01933], [80.2243, 13.0197], [80.22429, 13.01973], [80.22434, 13.0199], [80.22437, 13.02008], [80.22446, 13.02024], [80.22459, 13.02044], [80.22475, 13.02066], [80.2249, 13.0209], [80.22445, 13.02229], [80.22688, 13.02357], [80.22734, 13.02432], [80.22736, 13.02544], [80.22742, 13.0259], [80.22748, 13.02651], [80.227, 13.0278], [80.22703, 13.02831], [80.22705, 13.02884], [80.22736, 13.02921], [80.22874, 13.03095], [80.22935, 13.03095], [80.2307, 13.03133], [80.23088, 13.03066], [80.23088, 13.03011], [80.23095, 13.02966], [80.23096, 13.0287], [80.23101, 13.02821], [80.23199, 13.02829], [80.23287, 13.0284], [80.23307, 13.02771], [80.23406, 13.0286], [80.23581, 13.03038], [80.23728, 13.03175], [80.23723, 13.03249], [80.23879, 13.03273], [80.23901, 13.03495], [80.23878, 13.03643], [80.23814, 13.03625], [80.23318, 13.03546], [80.23087, 13.03461], [80.22938, 13.03426], [80.22872, 13.03506], [80.22857, 13.03592], [80.22929, 13.03707], [80.22955, 13.03878], [80.22844, 13.0393], [80.22891, 13.04099], [80.22893, 13.04105], [80.22895, 13.04111], [80.22898, 13.04117], [80.22902, 13.04123], [80.22945, 13.04191], [80.22949, 13.04198], [80.22952, 13.04205], [80.22954, 13.04212], [80.22957, 13.0422], [80.22972, 13.04289], [80.22972, 13.0429], [80.22972, 13.0429], [80.22973, 13.04291], [80.22973, 13.04292], [80.23041, 13.04549], [80.23042, 13.04553], [80.23043, 13.04557], [80.23044, 13.04561], [80.23044, 13.04565], [80.23045, 13.04577], [80.23045, 13.04578], [80.23045, 13.04579], [80.23045, 13.0458], [80.23045, 13.04582], [80.23101, 13.05049], [80.23103, 13.05057], [80.23105, 13.05065], [80.23108, 13.05073], [80.23111, 13.0508], [80.23152, 13.05157], [80.23154, 13.0516], [80.23155, 13.05163], [80.23157, 13.05166], [80.23159, 13.05169], [80.23209, 13.05234], [80.23212, 13.05239], [80.23216, 13.05245], [80.23219, 13.05251], [80.23222, 13.05258], [80.23248, 13.05331], [80.23241, 13.05336], [80.2324, 13.05336], [80.23145, 13.05337], [80.23145, 13.0534], [80.23144, 13.05345], [80.23157, 13.05442], [80.23197, 13.05437]]]}}, {"type": "Feature", "properties": {"taluk": "Mathavaram", "district": "Chennai", "state": "Tamil Nadu"}, "geometry": {"type": "Polygon", "coordinates": [[[80.24313, 13.1842], [80.24259, 13.18304], [80.24314, 13.18193], [80.24317, 13.18187], [80.24441, 13.18137], [80.24448, 13.18134], [80.24475, 13.18014], [80.24476, 13.18009], [80.24403, 13.17916], [80.24341, 13.1761], [80.24245, 13.17331], [80.24179, 13.17114], [80.24183, 13.16989], [80.24183, 13.16771], [80.24183, 13.16758], [80.24309, 13.16828], [80.24863, 13.16605], [80.25053, 13.166], [80.25166, 13.1656], [80.25174, 13.16557], [80.25405, 13.16506], [80.25673, 13.16362], [80.25815, 13.16251], [80.25818, 13.16249], [80.2586, 13.16205], [80.25868, 13.16196], [80.25954, 13.16023], [80.25956, 13.15924], [80.25928, 13.15737], [80.25928, 13.15567], [80.25878, 13.15366], [80.25862, 13.15227], [80.25842, 13.1507], [80.25819, 13.14985], [80.25819, 13.14985], [80.25814, 13.14985], [80.25472, 13.15], [80.25443, 13.14955], [80.25145, 13.14982], [80.25145, 13.14981], [80.25144, 13.14981], [80.25131, 13.1495], [80.25122, 13.14931], [80.25097, 13.14901], [80.25053, 13.1485], [80.25051, 13.14847], [80.25051, 13.14823], [80.2505, 13.14818], [80.25044, 13.1479], [80.25037, 13.14761], [80.25033, 13.14747], [80.25019, 13.14723], [80.25005, 13.14703], [80.24998, 13.14695], [80.24997, 13.14694], [80.2497, 13.14669], [80.2496, 13.14661], [80.24956, 13.14659], [80.24947, 13.14653], [80.24937, 13.14648], [80.24885, 13.14649], [80.2479, 13.14725], [80.24785, 13.14726], [80.24754, 13.14734], [80.24754, 13.14731], [80.24753, 13.14731], [80.24747, 13.14611], [80.24735, 13.14406], [80.24453, 13.14433], [80.24416, 13.14438], [80.24234, 13.14456], [80.24234, 13.14454], [80.24233, 13.14455], [80.24229, 13.14348], [80.24175, 13.14345], [80.24089, 13.14339], [80.24078, 13.14337], [80.24016, 13.14324], [80.24016, 13.14321], [80.24016, 13.14321], [80.24018, 13.14118], [80.24022, 13.14049], [80.24022, 13.14044], [80.24026, 13.13986], [80.2405, 13.13591], [80.24052, 13.13591], [80.24052, 13.1359], [80.24308, 13.13567], [80.24307, 13.13556], [80.24289, 13.13389], [80.24188, 13.13389], [80.24181, 13.13369], [80.24165, 13.13335], [80.24143, 13.13255], [80.24142, 13.13249], [80.24142, 13.13247], [80.24142, 13.13022], [80.2414, 13.12991], [80.24141, 13.1296], [80.24139, 13.12918], [80.24142, 13.12888], [80.24142, 13.12868], [80.24142, 13.12866], [80.24142, 13.12851], [80.24139, 13.12835], [80.24144, 13.12822], [80.24145, 13.12808], [80.24142, 13.12807], [80.23991, 13.12798], [80.23829, 13.12767], [80.23657, 13.12754], [80.23634, 13.12754], [80.23633, 13.12754], [80.2363, 13.12754], [80.23626, 13.12754], [80.23626, 13.12754], [80.23625, 13.12754], [80.23625, 13.12754], [80.23624, 13.12754], [80.23624, 13.12754], [80.23624, 13.12754], [80.23623, 13.12754], [80.23623, 13.12754], [80.23622, 13.12754], [80.23622, 13.12754], [80.23622, 13.12754], [80.23621, 13.12754], [80.23619, 13.12754], [80.23618, 13.12754], [80.23618, 13.12754], [80.2361, 13.12754], [80.23577, 13.12755], [80.23572, 13.12755], [80.23557, 13.12755], [80.23549, 13.12755], [80.23548, 13.12754], [80.23547, 13.12753], [80.23479, 13.12687], [80.23476, 13.12684], [80.23461, 13.1267], [80.23423, 13.1267], [80.23284, 13.12672], [80.23282, 13.12672], [80.23281, 13.12672], [80.23162, 13.12674], [80.23118, 13.12675], [80.23114, 13.12675], [80.2267, 13.12669], [80.22664, 13.12669], [80.22642, 13.12669], [80.22636, 13.12669], [80.22497, 13.12765], [80.22389, 13.1284], [80.22307, 13.12922], [80.22235, 13.12994], [80.22233, 13.12994], [80.22231, 13.12995], [80.22076, 13.13032], [80.21797, 13.13065], [80.21795, 13.13065], [80.21794, 13.13065], [80.21792, 13.13066], [80.21575, 13.13097], [80.21482, 13.13108], [80.2139, 13.13119], [80.20614, 13.12787], [80.20612, 13.12786], [80.20531, 13.1274], [80.20531, 13.1274], [80.20437, 13.12722], [80.2007, 13.1309], [80.20065, 13.13089], [80.19649, 13.13025], [80.19531, 13.13076], [80.19254, 13.13462], [80.19267, 13.13578], [80.18912, 13.13733], [80.18833, 13.13951], [80.18829, 13.13954], [80.18741, 13.14003], [80.18649, 13.14003], [80.18281, 13.13745], [80.1794, 13.13809], [80.17545, 13.13883], [80.17713, 13.13963], [80.17744, 13.14069], [80.17775, 13.14222], [80.17773, 13.14243], [80.17649, 13.14449], [80.17599, 13.14523], [80.17574, 13.1459], [80.17563, 13.14651], [80.17583, 13.14718], [80.17597, 13.14734], [80.1763, 13.14744], [80.17711, 13.14729], [80.17799, 13.14775], [80.17814, 13.14797], [80.17823, 13.14878], [80.17848, 13.14913], [80.17996, 13.14781], [80.18144, 13.14735], [80.18225, 13.14724], [80.18337, 13.14727], [80.1845, 13.14756], [80.18534, 13.14796], [80.18591, 13.14809], [80.18671, 13.14853], [80.18786, 13.14939], [80.18877, 13.14995], [80.19108, 13.15134], [80.19449, 13.1538], [80.19459, 13.15398], [80.19468, 13.15432], [80.19448, 13.1546], [80.19381, 13.15577], [80.19378, 13.15583], [80.19376, 13.15586], [80.19314, 13.15698], [80.19267, 13.1579], [80.19306, 13.15838], [80.19314, 13.15872], [80.19304, 13.15893], [80.19265, 13.15983], [80.1924, 13.16033], [80.19248, 13.16155], [80.19262, 13.162], [80.19391, 13.16375], [80.19393, 13.16399], [80.19388, 13.16437], [80.19343, 13.16545], [80.19336, 13.16601], [80.19327, 13.16608], [80.19294, 13.16636], [80.19288, 13.16643], [80.19246, 13.16686], [80.19245, 13.16687], [80.19141, 13.16748], [80.19136, 13.16755], [80.19083, 13.16822], [80.1908, 13.16872], [80.19194, 13.1711], [80.19248, 13.17315], [80.19277, 13.17314], [80.19349, 13.17311], [80.19364, 13.1731], [80.1942, 13.17335], [80.19427, 13.17363], [80.19431, 13.17422], [80.19442, 13.17467], [80.19467, 13.17516], [80.19505, 13.17537], [80.19572, 13.17537], [80.19573, 13.17537], [80.19616, 13.17502], [80.19635, 13.17483], [80.19637, 13.17481], [80.19704, 13.17468], [80.19705, 13.17467], [80.19751, 13.17439], [80.19754, 13.17436], [80.19847, 13.17468], [80.19875, 13.17496], [80.19915, 13.17545], [80.19939, 13.17593], [80.19961, 13.17642], [80.1995, 13.17684], [80.19882, 13.17868], [80.19871, 13.17949], [80.19882, 13.18012], [80.1991, 13.18071], [80.19956, 13.18123], [80.20183, 13.18137], [80.20184, 13.18137], [80.20291, 13.1805], [80.20394, 13.17963], [80.20579, 13.17789], [80.20723, 13.17682], [80.20725, 13.17681], [80.2092, 13.17597], [80.20924, 13.17595], [80.20925, 13.17595], [80.20949, 13.17584], [80.21064, 13.17529], [80.21177, 13.17474], [80.2118, 13.17473], [80.21417, 13.17296], [80.21418, 13.17295], [80.2159, 13.17227], [80.21593, 13.17226], [80.21744, 13.17426], [80.21827, 13.17603], [80.21955, 13.17893], [80.22149, 13.18062], [80.2221, 13.1822], [80.22396, 13.18426], [80.22449, 13.18398], [80.22538, 13.18375], [80.22685, 13.18375], [80.22694, 13.18376], [80.22717, 13.18379], [80.22868, 13.18399], [80.22974, 13.18419], [80.22977, 13.1842], [80.23094, 13.18442], [80.2342, 13.1847], [80.23774, 13.1853], [80.24005, 13.1855], [80.24209, 13.18538], [80.2421, 13.18538], [80.24313, 13.1842]]]}}, {"type": "Feature", "properties": {"taluk": "Maduravoyal", "district": "Chennai", "state": "Tamil Nadu"}, "geometry": {"type": "Polygon", "coordinates": [[[80.164, 13.08444], [80.16809, 13.08292], [80.16905, 13.08292], [80.17121, 13.08339], [80.17277, 13.08257], [80.17377, 13.0817], [80.17386, 13.08163], [80.1735, 13.08009], [80.17446, 13.07821], [80.17579, 13.07633], [80.17775, 13.07407], [80.17776, 13.07406], [80.17783, 13.07397], [80.17811, 13.07311], [80.17821, 13.0729], [80.17834, 13.07267], [80.17879, 13.07246], [80.17928, 13.07229], [80.17946, 13.07235], [80.18024, 13.07253], [80.18118, 13.07277], [80.1824, 13.07293], [80.1825, 13.07295], [80.1825, 13.07295], [80.18461, 13.07312], [80.18695, 13.07361], [80.18914, 13.07444], [80.18922, 13.07447], [80.1901, 13.0752], [80.19108, 13.07586], [80.1908, 13.07351], [80.1908, 13.07351], [80.19079, 13.07351], [80.19077, 13.07351], [80.19077, 13.07351], [80.19077, 13.07351], [80.19076, 13.0735], [80.19076, 13.0735], [80.19063, 13.07348], [80.19048, 13.07345], [80.19041, 13.07344], [80.19041, 13.07344], [80.19034, 13.0729], [80.1902, 13.07203], [80.19012, 13.07155], [80.19012, 13.07154], [80.19012, 13.07152], [80.19024, 13.07136], [80.19032, 13.07122], [80.19032, 13.07122], [80.19032, 13.07122], [80.19036, 13.07112], [80.19038, 13.07106], [80.19041, 13.07089], [80.1904, 13.07073], [80.19034, 13.07022], [80.19031, 13.0699], [80.19028, 13.0697], [80.19033, 13.06964], [80.19034, 13.06963], [80.19036, 13.06961], [80.19037, 13.06959], [80.19039, 13.06958], [80.19039, 13.06957], [80.19042, 13.06955], [80.19045, 13.06952], [80.19102, 13.06901], [80.19103, 13.069], [80.19103, 13.06896], [80.19103, 13.06896], [80.19103, 13.06891], [80.19103, 13.0689], [80.19103, 13.06884], [80.19103, 13.06884], [80.19102, 13.06878], [80.191, 13.06873], [80.19074, 13.06776], [80.19074, 13.06775], [80.19074, 13.06775], [80.19073, 13.06773], [80.19068, 13.06764], [80.19066, 13.06758], [80.19064, 13.06753], [80.19064, 13.06753], [80.19064, 13.06753], [80.19063, 13.06747], [80.19062, 13.06742], [80.19061, 13.0673], [80.19058, 13.06602], [80.19058, 13.066], [80.19058, 13.06596], [80.19058, 13.06593], [80.19058, 13.06591], [80.19058, 13.0659], [80.19057, 13.06587], [80.19057, 13.06586], [80.19057, 13.06584], [80.19056, 13.06582], [80.19017, 13.06412], [80.19016, 13.06411], [80.18981, 13.06257], [80.18981, 13.06256], [80.18981, 13.06256], [80.1898, 13.06256], [80.1898, 13.06255], [80.1898, 13.06255], [80.1898, 13.06255], [80.1898, 13.06255], [80.18931, 13.06065], [80.1893, 13.06062], [80.1893, 13.06062], [80.18899, 13.06057], [80.1889, 13.06055], [80.18885, 13.06054], [80.18881, 13.06052], [80.18872, 13.06048], [80.18863, 13.06044], [80.18863, 13.06043], [80.18837, 13.06026], [80.18817, 13.06014], [80.18811, 13.0601], [80.18807, 13.06008], [80.18804, 13.06007], [80.18802, 13.06006], [80.18798, 13.06005], [80.18798, 13.06005], [80.18791, 13.06002], [80.1879, 13.06002], [80.1879, 13.06002], [80.18789, 13.06002], [80.18704, 13.05978], [80.18697, 13.05955], [80.18694, 13.05945], [80.18694, 13.05945], [80.18694, 13.05945], [80.1869, 13.05939], [80.18689, 13.05935], [80.18682, 13.05926], [80.18676, 13.05918], [80.18675, 13.05917], [80.18647, 13.05888], [80.18607, 13.05848], [80.18606, 13.05847], [80.18478, 13.05712], [80.18474, 13.05708], [80.18472, 13.05706], [80.18471, 13.05703], [80.18469, 13.05701], [80.18467, 13.05698], [80.18464, 13.05693], [80.18401, 13.05576], [80.18403, 13.05576], [80.18452, 13.05574], [80.18452, 13.05574], [80.18453, 13.05574], [80.18457, 13.05573], [80.18459, 13.05573], [80.18459, 13.05573], [80.18461, 13.05573], [80.18465, 13.05574], [80.18466, 13.05574], [80.18467, 13.05574], [80.18469, 13.05574], [80.18473, 13.05575], [80.18474, 13.05575], [80.18476, 13.05575], [80.18477, 13.05576], [80.18482, 13.05577], [80.18482, 13.05577], [80.18513, 13.05585], [80.18489, 13.05519], [80.1849, 13.0535], [80.1849, 13.05343], [80.18491, 13.05282], [80.18491, 13.05273], [80.18498, 13.05079], [80.18523, 13.04909], [80.18555, 13.04685], [80.1857, 13.04586], [80.18586, 13.04485], [80.18626, 13.04281], [80.18686, 13.04312], [80.18709, 13.04257], [80.18721, 13.04074], [80.18722, 13.04051], [80.18723, 13.04039], [80.18732, 13.03905], [80.18731, 13.03904], [80.18708, 13.03847], [80.18671, 13.03641], [80.18679, 13.03505], [80.18679, 13.03493], [80.18671, 13.03352], [80.1867, 13.03339], [80.18694, 13.03339], [80.18693, 13.03305], [80.18746, 13.03308], [80.18763, 13.03179], [80.18763, 13.03178], [80.18758, 13.0304], [80.18748, 13.02849], [80.18863, 13.02847], [80.18862, 13.02808], [80.18968, 13.02811], [80.18967, 13.02804], [80.18949, 13.0245], [80.18858, 13.02304], [80.18858, 13.02304], [80.18807, 13.02304], [80.18775, 13.02308], [80.18748, 13.02319], [80.18726, 13.02337], [80.18677, 13.02389], [80.18604, 13.02438], [80.1853, 13.02487], [80.18524, 13.02485], [80.18502, 13.02476], [80.18475, 13.02455], [80.18429, 13.02481], [80.18404, 13.02504], [80.18378, 13.02521], [80.18341, 13.02528], [80.1831, 13.02515], [80.18278, 13.025], [80.18268, 13.0248], [80.18246, 13.02456], [80.18244, 13.02442], [80.18239, 13.02423], [80.18226, 13.02401], [80.18203, 13.02378], [80.18188, 13.0236], [80.1814, 13.02322], [80.18088, 13.02269], [80.18033, 13.02246], [80.17971, 13.02244], [80.17895, 13.02277], [80.17818, 13.02325], [80.17739, 13.0239], [80.17727, 13.02411], [80.17677, 13.02441], [80.17675, 13.02443], [80.17668, 13.02446], [80.176, 13.02481], [80.17592, 13.02476], [80.17586, 13.02458], [80.1757, 13.02433], [80.17552, 13.02425], [80.17528, 13.02444], [80.1746, 13.02509], [80.17411, 13.02532], [80.17354, 13.02538], [80.1729, 13.02528], [80.17232, 13.02518], [80.17185, 13.02533], [80.1706, 13.02494], [80.17016, 13.02491], [80.16813, 13.02527], [80.16748, 13.02526], [80.16728, 13.02481], [80.1669, 13.02432], [80.16645, 13.02388], [80.16621, 13.02356], [80.1661, 13.02288], [80.16605, 13.02193], [80.16558, 13.02192], [80.16521, 13.02193], [80.16479, 13.02207], [80.16477, 13.0228], [80.16491, 13.0238], [80.16478, 13.02473], [80.16452, 13.02518], [80.16348, 13.02508], [80.1625, 13.02499], [80.16237, 13.02489], [80.1621, 13.02428], [80.16165, 13.02316], [80.15931, 13.0237], [80.15931, 13.02383], [80.15931, 13.02486], [80.15867, 13.02489], [80.15652, 13.02507], [80.15472, 13.0253], [80.15305, 13.02537], [80.1519, 13.02572], [80.15024, 13.02602], [80.14944, 13.02573], [80.14801, 13.025], [80.14673, 13.02462], [80.1458, 13.02439], [80.14456, 13.02433], [80.14442, 13.02798], [80.14429, 13.03085], [80.14428, 13.03163], [80.14435, 13.03168], [80.14438, 13.0317], [80.14452, 13.03171], [80.14637, 13.03199], [80.14647, 13.03208], [80.1465, 13.03212], [80.1465, 13.03221], [80.1464, 13.03458], [80.14564, 13.03748], [80.14558, 13.03748], [80.14377, 13.03787], [80.14328, 13.03799], [80.14316, 13.03802], [80.14197, 13.0383], [80.14219, 13.03885], [80.14178, 13.03899], [80.14137, 13.03914], [80.14147, 13.04048], [80.14059, 13.04045], [80.14056, 13.04048], [80.1402, 13.04137], [80.14003, 13.04147], [80.13883, 13.04143], [80.1391, 13.04263], [80.13938, 13.04374], [80.13964, 13.04472], [80.13969, 13.04503], [80.13991, 13.04569], [80.13894, 13.04563], [80.13747, 13.04538], [80.1358, 13.04497], [80.13439, 13.04465], [80.13548, 13.04834], [80.13741, 13.04845], [80.14059, 13.04895], [80.14166, 13.05124], [80.14234, 13.05357], [80.14419, 13.05379], [80.14429, 13.0538], [80.14629, 13.05404], [80.14629, 13.0541], [80.14615, 13.05546], [80.1457, 13.05698], [80.14651, 13.05843], [80.14665, 13.0592], [80.14681, 13.06114], [80.14849, 13.06441], [80.14919, 13.06433], [80.15161, 13.06343], [80.15341, 13.06279], [80.15395, 13.06285], [80.15406, 13.06286], [80.15372, 13.06114], [80.15386, 13.05808], [80.15344, 13.05706], [80.15283, 13.05626], [80.15264, 13.05548], [80.15284, 13.05465], [80.15281, 13.05427], [80.15265, 13.05402], [80.15164, 13.05336], [80.15017, 13.05327], [80.14932, 13.05341], [80.14944, 13.05086], [80.14944, 13.05077], [80.15086, 13.05088], [80.15291, 13.05029], [80.15296, 13.05027], [80.15336, 13.04949], [80.14951, 13.04888], [80.14951, 13.04763], [80.14729, 13.04574], [80.14599, 13.04429], [80.14572, 13.03998], [80.14572, 13.03986], [80.14681, 13.04026], [80.14796, 13.04045], [80.14925, 13.04079], [80.15099, 13.04084], [80.15285, 13.04062], [80.15417, 13.04088], [80.15661, 13.0411], [80.15793, 13.04129], [80.15796, 13.04129], [80.15878, 13.04168], [80.15982, 13.04353], [80.16032, 13.04488], [80.16038, 13.04618], [80.16001, 13.04742], [80.15939, 13.04871], [80.15908, 13.04951], [80.15913, 13.05108], [80.15899, 13.05224], [80.15939, 13.05364], [80.15978, 13.05577], [80.1602, 13.05863], [80.16084, 13.06429], [80.16218, 13.06438], [80.1622, 13.06451], [80.16249, 13.06628], [80.16299, 13.06863], [80.16279, 13.0699], [80.16237, 13.07133], [80.1634, 13.07343], [80.16137, 13.08114], [80.16184, 13.08185], [80.16244, 13.08362], [80.164, 13.08444]]]}}, {"type": "Feature", "properties": {"taluk": "Mambalam", "district": "Chennai", "state": "Tamil Nadu"}, "geometry": {"type": "Polygon", "coordinates": [[[80.20318, 13.0608], [80.20505, 13.06064], [80.20682, 13.06044], [80.20754, 13.06033], [80.20873, 13.05991], [80.20882, 13.05939], [80.20858, 13.05771], [80.2086, 13.05678], [80.20872, 13.05459], [80.2089, 13.05421], [80.20966, 13.05393], [80.21076, 13.05377], [80.21085, 13.05297], [80.21105, 13.05229], [80.21145, 13.05201], [80.21231, 13.05196], [80.21265, 13.05209], [80.213, 13.05255], [80.21268, 13.05354], [80.21332, 13.05365], [80.21401, 13.05378], [80.2153, 13.05379], [80.21533, 13.05294], [80.21531, 13.05235], [80.21531, 13.05102], [80.21553, 13.05086], [80.21556, 13.05083], [80.21561, 13.05083], [80.21922, 13.05232], [80.21924, 13.05232], [80.21928, 13.05232], [80.21856, 13.04744], [80.21856, 13.04743], [80.21856, 13.04743], [80.21858, 13.04743], [80.21861, 13.04742], [80.21863, 13.04741], [80.21865, 13.04741], [80.21919, 13.04729], [80.21924, 13.04727], [80.21928, 13.04724], [80.21844, 13.04252], [80.2185, 13.04242], [80.21851, 13.04242], [80.22008, 13.04165], [80.22275, 13.04035], [80.223, 13.04022], [80.22304, 13.0402], [80.22306, 13.0402], [80.22306, 13.0402], [80.22307, 13.04019], [80.22308, 13.04018], [80.22309, 13.04018], [80.22791, 13.03746], [80.22795, 13.03743], [80.22795, 13.03744], [80.22796, 13.0375], [80.22796, 13.03756], [80.22797, 13.03762], [80.22799, 13.03768], [80.22844, 13.0393], [80.22955, 13.03878], [80.22929, 13.03707], [80.22857, 13.03592], [80.22872, 13.03506], [80.22938, 13.03426], [80.23087, 13.03461], [80.23318, 13.03546], [80.23814, 13.03625], [80.23878, 13.03643], [80.23901, 13.03495], [80.23879, 13.03273], [80.23723, 13.03249], [80.23728, 13.03175], [80.23581, 13.03038], [80.23406, 13.0286], [80.23307, 13.02771], [80.23287, 13.0284], [80.23199, 13.02829], [80.23101, 13.02821], [80.23096, 13.0287], [80.23095, 13.02966], [80.23088, 13.03011], [80.23088, 13.03066], [80.2307, 13.03133], [80.22935, 13.03095], [80.22874, 13.03095], [80.22736, 13.02921], [80.22705, 13.02884], [80.22703, 13.02831], [80.227, 13.0278], [80.22748, 13.02651], [80.22742, 13.0259], [80.22736, 13.02544], [80.22734, 13.02432], [80.22688, 13.02357], [80.22445, 13.02229], [80.2249, 13.0209], [80.22475, 13.02066], [80.22459, 13.02044], [80.22446, 13.02024], [80.22437, 13.02008], [80.22434, 13.0199], [80.22429, 13.01973], [80.2243, 13.0197], [80.22433, 13.01933], [80.22452, 13.01889], [80.22466, 13.01856], [80.22484, 13.0182], [80.225, 13.0177], [80.22428, 13.0173], [80.22387, 13.01686], [80.22329, 13.01654], [80.22237, 13.01646], [80.22156, 13.01651], [80.22087, 13.01671], [80.22016, 13.01688], [80.21949, 13.01704], [80.2187, 13.01718], [80.21789, 13.0174], [80.21702, 13.0175], [80.21681, 13.01765], [80.21658, 13.01782], [80.2162, 13.01825], [80.21544, 13.01851], [80.2141, 13.01891], [80.2131, 13.01942], [80.21294, 13.01958], [80.21202, 13.02053], [80.21143, 13.02151], [80.21132, 13.02336], [80.21122, 13.02448], [80.21088, 13.02535], [80.21062, 13.02581], [80.21, 13.02634], [80.20897, 13.02702], [80.20813, 13.02749], [80.20693, 13.02779], [80.20486, 13.02787], [80.20365, 13.02827], [80.20241, 13.02849], [80.20151, 13.02846], [80.20048, 13.02828], [80.2, 13.02866], [80.19843, 13.02866], [80.1982, 13.02873], [80.19793, 13.02863], [80.19768, 13.02863], [80.19763, 13.02866], [80.19758, 13.02868], [80.1975, 13.02869], [80.19734, 13.02867], [80.19721, 13.02864], [80.19709, 13.02858], [80.19674, 13.02858], [80.19668, 13.0286], [80.19659, 13.0286], [80.1962, 13.02853], [80.19616, 13.02851], [80.19613, 13.02848], [80.19596, 13.02844], [80.1959, 13.02956], [80.19588, 13.02956], [80.19491, 13.02909], [80.19466, 13.02886], [80.19322, 13.02818], [80.1931, 13.02807], [80.19296, 13.02797], [80.19292, 13.02797], [80.19278, 13.02783], [80.19278, 13.0278], [80.19274, 13.0277], [80.19172, 13.02678], [80.19157, 13.02666], [80.19137, 13.02661], [80.19133, 13.02659], [80.19129, 13.02643], [80.1911, 13.02612], [80.19087, 13.02586], [80.19057, 13.02562], [80.19027, 13.02527], [80.19014, 13.02505], [80.19004, 13.02491], [80.18984, 13.02483], [80.18955, 13.02459], [80.18949, 13.0245], [80.18967, 13.02804], [80.18968, 13.02811], [80.18862, 13.02808], [80.18863, 13.02847], [80.18748, 13.02849], [80.18758, 13.0304], [80.18763, 13.03178], [80.18763, 13.03179], [80.18746, 13.03308], [80.18693, 13.03305], [80.18694, 13.03339], [80.1867, 13.03339], [80.18671, 13.03352], [80.18679, 13.03493], [80.18679, 13.03505], [80.18671, 13.03641], [80.18708, 13.03847], [80.18731, 13.03904], [80.18732, 13.03905], [80.18723, 13.04039], [80.18722, 13.04051], [80.18721, 13.04074], [80.18709, 13.04257], [80.18686, 13.04312], [80.18626, 13.04281], [80.18586, 13.04485], [80.1857, 13.04586], [80.18555, 13.04685], [80.18523, 13.04909], [80.18498, 13.05079], [80.18491, 13.05273], [80.18491, 13.05282], [80.1849, 13.05343], [80.1849, 13.0535], [80.18489, 13.05519], [80.18513, 13.05585], [80.18604, 13.05547], [80.18674, 13.05513], [80.18801, 13.05507], [80.19224, 13.05613], [80.19263, 13.05623], [80.19631, 13.05719], [80.1971, 13.05761], [80.19852, 13.0574], [80.19994, 13.05727], [80.20013, 13.05947], [80.19988, 13.05954], [80.19992, 13.06073], [80.20112, 13.06082], [80.20116, 13.06082], [80.20139, 13.06084], [80.20318, 13.0608]]]}}, {"type": "Feature", "properties": {"taluk": "Mylapore", "district": "Chennai", "state": "Tamil Nadu"}, "geometry": {"type": "Polygon", "coordinates": [[[80.27103, 13.08094], [80.27219, 13.08027], [80.27321, 13.07946], [80.2738, 13.07874], [80.27389, 13.07788], [80.27394, 13.07741], [80.27408, 13.07671], [80.27425, 13.07598], [80.27436, 13.07516], [80.27422, 13.07474], [80.2739, 13.07436], [80.27402, 13.07395], [80.27465, 13.0733], [80.27468, 13.07327], [80.27502, 13.07295], [80.27536, 13.07264], [80.27647, 13.07179], [80.27722, 13.07125], [80.27852, 13.07035], [80.2798, 13.0696], [80.28049, 13.06954], [80.2813, 13.06953], [80.28205, 13.06959], [80.28348, 13.06966], [80.28389, 13.06963], [80.28418, 13.06955], [80.28474, 13.06921], [80.28526, 13.06896], [80.28653, 13.0688], [80.28706, 13.06859], [80.28909, 13.0686], [80.2883, 13.06738], [80.28809, 13.06706], [80.28791, 13.06679], [80.28749, 13.06624], [80.28741, 13.06579], [80.2872, 13.06527], [80.28699, 13.06488], [80.28686, 13.06458], [80.28679, 13.06436], [80.28675, 13.06416], [80.28672, 13.06394], [80.28672, 13.06373], [80.28672, 13.0635], [80.28672, 13.0633], [80.28669, 13.0631], [80.28664, 13.06288], [80.28649, 13.06252], [80.28622, 13.06183], [80.28605, 13.06155], [80.28602, 13.06151], [80.28582, 13.06099], [80.28574, 13.06072], [80.28567, 13.06044], [80.28561, 13.05978], [80.28554, 13.05889], [80.28548, 13.05831], [80.28525, 13.05763], [80.28456, 13.05578], [80.28424, 13.05483], [80.28405, 13.05421], [80.28376, 13.05301], [80.28347, 13.0518], [80.28339, 13.05145], [80.28335, 13.05108], [80.28311, 13.04969], [80.2831, 13.04965], [80.28281, 13.04827], [80.28255, 13.04706], [80.28234, 13.04629], [80.28228, 13.04603], [80.28215, 13.04496], [80.28206, 13.04438], [80.28195, 13.04392], [80.28187, 13.04331], [80.2818, 13.04286], [80.28163, 13.0422], [80.28152, 13.04182], [80.28147, 13.04151], [80.28137, 13.04112], [80.2812, 13.04037], [80.28106, 13.03962], [80.28095, 13.03875], [80.28084, 13.03773], [80.28069, 13.0367], [80.28061, 13.03635], [80.28054, 13.03575], [80.28028, 13.03382], [80.27996, 13.03204], [80.27973, 13.03063], [80.27963, 13.02886], [80.27951, 13.02779], [80.27934, 13.02583], [80.27922, 13.02508], [80.27911, 13.02412], [80.2789, 13.02282], [80.27872, 13.02196], [80.27838, 13.02008], [80.27823, 13.01876], [80.27813, 13.01798], [80.27806, 13.0164], [80.27805, 13.01622], [80.27804, 13.01616], [80.27802, 13.0161], [80.27746, 13.01472], [80.27686, 13.01314], [80.27675, 13.01304], [80.27662, 13.01295], [80.27643, 13.01289], [80.27631, 13.01288], [80.27622, 13.01292], [80.27615, 13.01298], [80.2761, 13.01303], [80.27593, 13.01263], [80.27598, 13.0126], [80.27604, 13.01255], [80.27636, 13.01209], [80.27638, 13.012], [80.27642, 13.01192], [80.27644, 13.01182], [80.27654, 13.0112], [80.27654, 13.01112], [80.27569, 13.0112], [80.27503, 13.01124], [80.27378, 13.01141], [80.27285, 13.01173], [80.27195, 13.01216], [80.27104, 13.01247], [80.27023, 13.01277], [80.2696, 13.01291], [80.26902, 13.01285], [80.26802, 13.01262], [80.26728, 13.01238], [80.26619, 13.01217], [80.26522, 13.01206], [80.26377, 13.01208], [80.26285, 13.01208], [80.26184, 13.01189], [80.26083, 13.01169], [80.26017, 13.0117], [80.25972, 13.01186], [80.25927, 13.01238], [80.25922, 13.01235], [80.25842, 13.01184], [80.25765, 13.01154], [80.25666, 13.01155], [80.25588, 13.01196], [80.25459, 13.01264], [80.25339, 13.01346], [80.25137, 13.0152], [80.25007, 13.01634], [80.24931, 13.0177], [80.24754, 13.02014], [80.24722, 13.02174], [80.2472, 13.02181], [80.24718, 13.02188], [80.24715, 13.02195], [80.24712, 13.02201], [80.24694, 13.02232], [80.24691, 13.02237], [80.24687, 13.02242], [80.24683, 13.02247], [80.24679, 13.02251], [80.24573, 13.02357], [80.24573, 13.02357], [80.24572, 13.02358], [80.24572, 13.02358], [80.24572, 13.02358], [80.244, 13.02524], [80.244, 13.02528], [80.24396, 13.02532], [80.24275, 13.02647], [80.24149, 13.02673], [80.2404, 13.02644], [80.23935, 13.02601], [80.23894, 13.02653], [80.2399, 13.02843], [80.23985, 13.02964], [80.2405, 13.03128], [80.24122, 13.03088], [80.24196, 13.03052], [80.24289, 13.03013], [80.24365, 13.03001], [80.24369, 13.03044], [80.2438, 13.03113], [80.2439, 13.03187], [80.24388, 13.03247], [80.24376, 13.03286], [80.24338, 13.03338], [80.24386, 13.0338], [80.24551, 13.03504], [80.24554, 13.03506], [80.24549, 13.03518], [80.24546, 13.03545], [80.24552, 13.0357], [80.24566, 13.03609], [80.24567, 13.03611], [80.24568, 13.03614], [80.24568, 13.03616], [80.24569, 13.03618], [80.24696, 13.04112], [80.24697, 13.04114], [80.24697, 13.04117], [80.24698, 13.04119], [80.24698, 13.04121], [80.24738, 13.04386], [80.24738, 13.04387], [80.24738, 13.04387], [80.24738, 13.04388], [80.24738, 13.04388], [80.24782, 13.04724], [80.24785, 13.0474], [80.24792, 13.04756], [80.24802, 13.0477], [80.24815, 13.04782], [80.24859, 13.04803], [80.24928, 13.04858], [80.24953, 13.04925], [80.25, 13.05065], [80.25023, 13.05172], [80.25035, 13.05242], [80.25035, 13.05244], [80.25098, 13.05239], [80.25135, 13.05264], [80.25254, 13.05355], [80.2534, 13.05419], [80.254, 13.05468], [80.25446, 13.05509], [80.2552, 13.05565], [80.25587, 13.05618], [80.25643, 13.05672], [80.25695, 13.05714], [80.25754, 13.05763], [80.25785, 13.05787], [80.25848, 13.05824], [80.25909, 13.05876], [80.25973, 13.0593], [80.26019, 13.05964], [80.26077, 13.06011], [80.26114, 13.06041], [80.26141, 13.06061], [80.26172, 13.06093], [80.26306, 13.06201], [80.26467, 13.06314], [80.26511, 13.06365], [80.26651, 13.06498], [80.26729, 13.06553], [80.26798, 13.06594], [80.26847, 13.06637], [80.26881, 13.06702], [80.26908, 13.06743], [80.26939, 13.068], [80.26948, 13.06829], [80.26901, 13.06838], [80.26908, 13.06916], [80.26908, 13.06919], [80.26908, 13.06953], [80.26908, 13.06976], [80.26905, 13.06992], [80.26899, 13.07007], [80.26889, 13.07025], [80.26882, 13.0704], [80.26874, 13.07054], [80.26868, 13.07084], [80.26858, 13.07103], [80.26855, 13.07138], [80.26823, 13.07199], [80.26792, 13.07237], [80.26746, 13.07289], [80.26697, 13.0734], [80.2669, 13.0735], [80.26656, 13.07395], [80.26616, 13.07437], [80.26587, 13.07466], [80.26544, 13.0752], [80.26456, 13.07479], [80.26438, 13.07474], [80.26396, 13.07462], [80.264, 13.0759], [80.26402, 13.07689], [80.26402, 13.07757], [80.26402, 13.07763], [80.26358, 13.07833], [80.26422, 13.07827], [80.26514, 13.07814], [80.26546, 13.07907], [80.26572, 13.0797], [80.26625, 13.0804], [80.2674, 13.08118], [80.26822, 13.08132], [80.26943, 13.08134], [80.27103, 13.08094]]]}}, {"type": "Feature", "properties": {"taluk": "Pallavaram", "district": "Chengalpattu", "state": "Tamil Nadu"}, "geometry": {"type": "Polygon", "coordinates": [[[80.13964, 13.04472], [80.13938, 13.04374], [80.1391, 13.04263], [80.13883, 13.04143], [80.14003, 13.04147], [80.1402, 13.04137], [80.14056, 13.04048], [80.14059, 13.04045], [80.14147, 13.04048], [80.14137, 13.03914], [80.14178, 13.03899], [80.14219, 13.03885], [80.14197, 13.0383], [80.14316, 13.03802], [80.14328, 13.03799], [80.14377, 13.03787], [80.14558, 13.03748], [80.14564, 13.03748], [80.1464, 13.03458], [80.1465, 13.03221], [80.1465, 13.03212], [80.14647, 13.03208], [80.14637, 13.03199], [80.14452, 13.03171], [80.14438, 13.0317], [80.14435, 13.03168], [80.14428, 13.03163], [80.14429, 13.03085], [80.14442, 13.02798], [80.14456, 13.02433], [80.14401, 13.02358], [80.14407, 13.02303], [80.14407, 13.023], [80.14508, 13.02229], [80.14517, 13.02223], [80.14485, 13.01707], [80.14484, 13.017], [80.14641, 13.0167], [80.14722, 13.01606], [80.14729, 13.01608], [80.14823, 13.01634], [80.14865, 13.01618], [80.14943, 13.01659], [80.14949, 13.0168], [80.15012, 13.01706], [80.15095, 13.01711], [80.15184, 13.01701], [80.15258, 13.0168], [80.15353, 13.01624], [80.15436, 13.01542], [80.15463, 13.01516], [80.15491, 13.01496], [80.15499, 13.0149], [80.15515, 13.01441], [80.15515, 13.01439], [80.15552, 13.01408], [80.15599, 13.01413], [80.15636, 13.01439], [80.15704, 13.01491], [80.15817, 13.01541], [80.15819, 13.01542], [80.15856, 13.01486], [80.15888, 13.01445], [80.15895, 13.01436], [80.15895, 13.01401], [80.15895, 13.01401], [80.15971, 13.01327], [80.15979, 13.01319], [80.16048, 13.01225], [80.16128, 13.01099], [80.16129, 13.0105], [80.16048, 13.00935], [80.15983, 13.00862], [80.15971, 13.00797], [80.16008, 13.00745], [80.16013, 13.00739], [80.16129, 13.00674], [80.16371, 13.00608], [80.16374, 13.00608], [80.16517, 13.00424], [80.16516, 13.00423], [80.16421, 13.00298], [80.16327, 13.00212], [80.16182, 13.0008], [80.16145, 12.99997], [80.16068, 12.99798], [80.16233, 12.99422], [80.16239, 12.9941], [80.16303, 12.99302], [80.16367, 12.99197], [80.16431, 12.99096], [80.16491, 12.99012], [80.16551, 12.98941], [80.16644, 12.98829], [80.16745, 12.98662], [80.16793, 12.98536], [80.16841, 12.98326], [80.16851, 12.98219], [80.16863, 12.98108], [80.1687, 12.98072], [80.16877, 12.98048], [80.16892, 12.98025], [80.16897, 12.98019], [80.16902, 12.98016], [80.16912, 12.98011], [80.16956, 12.9799], [80.17119, 12.97973], [80.17244, 12.97956], [80.1738, 12.97945], [80.17616, 12.97972], [80.17797, 12.97984], [80.17801, 12.97985], [80.17873, 12.97967], [80.17933, 12.97948], [80.17999, 12.97909], [80.1803, 12.97878], [80.18039, 12.9787], [80.1807, 12.97824], [80.18094, 12.97515], [80.18127, 12.97218], [80.18169, 12.97118], [80.18169, 12.97118], [80.18251, 12.97039], [80.18355, 12.96988], [80.18524, 12.9689], [80.18585, 12.96836], [80.18602, 12.96821], [80.18603, 12.96821], [80.18689, 12.96883], [80.18917, 12.96975], [80.18994, 12.96991], [80.19063, 12.9701], [80.19109, 12.97004], [80.19148, 12.96984], [80.19186, 12.96962], [80.19242, 12.96929], [80.19279, 12.96908], [80.19441, 12.96873], [80.19501, 12.96861], [80.19518, 12.96857], [80.19573, 12.96853], [80.19588, 12.96854], [80.19588, 12.96854], [80.19588, 12.96854], [80.1959, 12.96819], [80.19598, 12.96719], [80.19595, 12.96642], [80.1959, 12.96559], [80.19584, 12.96415], [80.19569, 12.96277], [80.19563, 12.96021], [80.19577, 12.95993], [80.19606, 12.95976], [80.19662, 12.95968], [80.19739, 12.95976], [80.19822, 12.95976], [80.19887, 12.95971], [80.19981, 12.95953], [80.20034, 12.95921], [80.20076, 12.95886], [80.20095, 12.9585], [80.20097, 12.95827], [80.20092, 12.958], [80.20073, 12.95771], [80.20059, 12.95741], [80.20069, 12.95677], [80.2008, 12.95625], [80.20096, 12.95571], [80.20114, 12.95532], [80.20168, 12.95461], [80.20233, 12.95368], [80.20229, 12.95311], [80.20205, 12.95282], [80.20172, 12.95264], [80.20122, 12.95255], [80.2008, 12.95216], [80.20037, 12.95164], [80.19973, 12.95092], [80.19907, 12.9504], [80.19906, 12.95039], [80.19895, 12.95033], [80.19859, 12.95028], [80.19822, 12.95028], [80.1977, 12.95038], [80.19741, 12.95055], [80.19712, 12.95085], [80.19694, 12.95123], [80.1963, 12.95187], [80.19587, 12.95212], [80.19562, 12.95216], [80.19505, 12.95197], [80.19452, 12.95172], [80.19406, 12.95151], [80.19351, 12.95138], [80.19295, 12.95134], [80.19252, 12.95129], [80.19184, 12.95129], [80.19096, 12.95129], [80.18964, 12.95135], [80.18884, 12.95146], [80.18825, 12.95144], [80.18746, 12.95111], [80.18672, 12.95066], [80.18622, 12.95001], [80.18561, 12.94916], [80.18526, 12.94822], [80.18509, 12.94777], [80.18509, 12.94777], [80.18481, 12.94772], [80.18461, 12.94774], [80.18389, 12.94787], [80.18343, 12.94789], [80.18234, 12.94812], [80.18151, 12.94804], [80.18066, 12.94807], [80.18034, 12.94822], [80.18002, 12.94836], [80.1794, 12.94851], [80.17802, 12.94808], [80.17678, 12.94782], [80.17608, 12.94761], [80.17529, 12.94712], [80.17462, 12.94717], [80.17414, 12.9473], [80.17378, 12.94732], [80.17327, 12.94721], [80.1726, 12.94679], [80.17157, 12.94594], [80.17054, 12.94476], [80.16964, 12.94396], [80.16747, 12.94266], [80.16614, 12.94167], [80.1658, 12.94121], [80.16547, 12.94058], [80.16521, 12.93923], [80.16452, 12.93827], [80.1641, 12.9382], [80.16336, 12.93821], [80.16263, 12.93856], [80.16196, 12.93861], [80.16148, 12.93827], [80.16114, 12.93785], [80.16069, 12.93755], [80.16029, 12.93755], [80.15995, 12.93762], [80.15957, 12.9378], [80.15915, 12.93811], [80.15889, 12.93828], [80.15845, 12.93834], [80.1578, 12.93822], [80.15687, 12.9375], [80.15687, 12.9375], [80.1557, 12.9366], [80.15462, 12.93622], [80.15439, 12.93628], [80.15415, 12.93635], [80.1537, 12.93657], [80.15338, 12.93673], [80.15274, 12.93697], [80.15212, 12.93712], [80.15051, 12.93707], [80.14814, 12.93723], [80.14754, 12.93744], [80.14748, 12.9375], [80.14747, 12.9375], [80.14705, 12.93789], [80.14651, 12.93841], [80.14581, 12.93899], [80.14481, 12.93952], [80.14393, 12.93969], [80.14184, 12.94075], [80.14116, 12.94138], [80.14045, 12.94218], [80.14002, 12.9426], [80.13958, 12.94302], [80.13898, 12.94357], [80.13839, 12.94388], [80.13786, 12.94406], [80.13554, 12.94464], [80.13554, 12.94464], [80.13544, 12.94466], [80.13495, 12.94478], [80.13281, 12.9451], [80.13276, 12.94509], [80.13275, 12.94509], [80.13219, 12.94505], [80.1317, 12.94508], [80.13048, 12.94513], [80.12967, 12.94511], [80.12964, 12.94507], [80.12959, 12.945], [80.12958, 12.94512], [80.12948, 12.94594], [80.12923, 12.94702], [80.1286, 12.94813], [80.12799, 12.94888], [80.12733, 12.94938], [80.12698, 12.9495], [80.12571, 12.94951], [80.11974, 12.94946], [80.11972, 12.94946], [80.1174, 12.95016], [80.1172, 12.94955], [80.11688, 12.94857], [80.11632, 12.94699], [80.11594, 12.94699], [80.11416, 12.9473], [80.11311, 12.94715], [80.11251, 12.94694], [80.11249, 12.94692], [80.11122, 12.9466], [80.11122, 12.9466], [80.11078, 12.94655], [80.11061, 12.94658], [80.10858, 12.94697], [80.10666, 12.94755], [80.10452, 12.94867], [80.10354, 12.94938], [80.10353, 12.94965], [80.10354, 12.95006], [80.10344, 12.9505], [80.10348, 12.95099], [80.10366, 12.95188], [80.10376, 12.95263], [80.10417, 12.95336], [80.10417, 12.95348], [80.10417, 12.95495], [80.10326, 12.95511], [80.10205, 12.95528], [80.10067, 12.95553], [80.09993, 12.95579], [80.09911, 12.95639], [80.09837, 12.95704], [80.09748, 12.95757], [80.09655, 12.95755], [80.09571, 12.95761], [80.09489, 12.95774], [80.09431, 12.95799], [80.09355, 12.95836], [80.09138, 12.9592], [80.09005, 12.95982], [80.08931, 12.96032], [80.08924, 12.96039], [80.08885, 12.96082], [80.08877, 12.9609], [80.08819, 12.96147], [80.08745, 12.96183], [80.08713, 12.96192], [80.08658, 12.96188], [80.08614, 12.96164], [80.08556, 12.96145], [80.08515, 12.96137], [80.08472, 12.96148], [80.08449, 12.96161], [80.08442, 12.96168], [80.08433, 12.96179], [80.08428, 12.96199], [80.08423, 12.96268], [80.08432, 12.96337], [80.08511, 12.96549], [80.08538, 12.96645], [80.0855, 12.96736], [80.08581, 12.96881], [80.08568, 12.96931], [80.08567, 12.96946], [80.08511, 12.97015], [80.08405, 12.97121], [80.08405, 12.97121], [80.08355, 12.9716], [80.08316, 12.97178], [80.08306, 12.97179], [80.08275, 12.97185], [80.08243, 12.97199], [80.08193, 12.97226], [80.08157, 12.97253], [80.08113, 12.97278], [80.08051, 12.97299], [80.08038, 12.97298], [80.08028, 12.97281], [80.08015, 12.97255], [80.0801, 12.9723], [80.0801, 12.97211], [80.08013, 12.97174], [80.0801, 12.97138], [80.08014, 12.97025], [80.08009, 12.9699], [80.08008, 12.96976], [80.08002, 12.96966], [80.07997, 12.96959], [80.07984, 12.96951], [80.07948, 12.96943], [80.07824, 12.96928], [80.07752, 12.9692], [80.07658, 12.96908], [80.07603, 12.96897], [80.07569, 12.96898], [80.07524, 12.96902], [80.07492, 12.96909], [80.07477, 12.96915], [80.07455, 12.96933], [80.07447, 12.96941], [80.07425, 12.96963], [80.07423, 12.96966], [80.07399, 12.96988], [80.07376, 12.97003], [80.07358, 12.97006], [80.07337, 12.97007], [80.07328, 12.97004], [80.07292, 12.96993], [80.07283, 12.96988], [80.07255, 12.9697], [80.07231, 12.96943], [80.07211, 12.96908], [80.07207, 12.96896], [80.07214, 12.96779], [80.07181, 12.96652], [80.07159, 12.96541], [80.07115, 12.96406], [80.07074, 12.96334], [80.07049, 12.96309], [80.06978, 12.96271], [80.06922, 12.96251], [80.06871, 12.9623], [80.06833, 12.96221], [80.06809, 12.96211], [80.0678, 12.96192], [80.06756, 12.96166], [80.06733, 12.96133], [80.06718, 12.96102], [80.06708, 12.96065], [80.06686, 12.95979], [80.06669, 12.95919], [80.06668, 12.95917], [80.06667, 12.95917], [80.06639, 12.9592], [80.06605, 12.9591], [80.06553, 12.95879], [80.06496, 12.95831], [80.06496, 12.95846], [80.06493, 12.95892], [80.06485, 12.95921], [80.06431, 12.95994], [80.06429, 12.96027], [80.06407, 12.96135], [80.064, 12.96165], [80.06393, 12.96165], [80.06276, 12.96173], [80.06142, 12.96163], [80.06155, 12.96031], [80.06168, 12.959], [80.0619, 12.95786], [80.05981, 12.95773], [80.05946, 12.95769], [80.05802, 12.95825], [80.05801, 12.95831], [80.05798, 12.95859], [80.05791, 12.95859], [80.05661, 12.9586], [80.05537, 12.9585], [80.0543, 12.95835], [80.05405, 12.95834], [80.05314, 12.95886], [80.05286, 12.95902], [80.05206, 12.95969], [80.05203, 12.95973], [80.05185, 12.95996], [80.05127, 12.96056], [80.05107, 12.96088], [80.05067, 12.96165], [80.05054, 12.96193], [80.05024, 12.96436], [80.05023, 12.9647], [80.05014, 12.9647], [80.04762, 12.96475], [80.0476, 12.96483], [80.04733, 12.96599], [80.04706, 12.96728], [80.04692, 12.96795], [80.04745, 12.96846], [80.04784, 12.96886], [80.04823, 12.96928], [80.04826, 12.96938], [80.04843, 12.96983], [80.04845, 12.97029], [80.04844, 12.97113], [80.04873, 12.97192], [80.04876, 12.97289], [80.04883, 12.97394], [80.04922, 12.97481], [80.05009, 12.97546], [80.05082, 12.97609], [80.0515, 12.97698], [80.05211, 12.97795], [80.05255, 12.97904], [80.05272, 12.97984], [80.05255, 12.9806], [80.0527, 12.98162], [80.05273, 12.98181], [80.05275, 12.98193], [80.05279, 12.98216], [80.05281, 12.98231], [80.05284, 12.98253], [80.05291, 12.98279], [80.05324, 12.9829], [80.05364, 12.98305], [80.05471, 12.98296], [80.05525, 12.98267], [80.05564, 12.98239], [80.05598, 12.9822], [80.05655, 12.982], [80.05704, 12.98197], [80.05735, 12.9821], [80.05826, 12.9822], [80.05902, 12.98236], [80.05953, 12.98241], [80.06026, 12.98238], [80.06107, 12.98212], [80.06145, 12.98194], [80.0621, 12.98188], [80.06238, 12.98196], [80.06265, 12.98236], [80.06346, 12.98457], [80.06394, 12.98667], [80.06416, 12.9875], [80.064, 12.98833], [80.06334, 12.98908], [80.06331, 12.9891], [80.06187, 12.99015], [80.06185, 12.99019], [80.06168, 12.99047], [80.06123, 12.99219], [80.06115, 12.99403], [80.06108, 12.9964], [80.06079, 12.9976], [80.0607, 12.99857], [80.0607, 12.9993], [80.06072, 13.00069], [80.06074, 13.00123], [80.06074, 13.00129], [80.06066, 13.00131], [80.05932, 13.00168], [80.05723, 13.00237], [80.05724, 13.00243], [80.05743, 13.00446], [80.05772, 13.00753], [80.05848, 13.00888], [80.0631, 13.00846], [80.07075, 13.01162], [80.0721, 13.01218], [80.07225, 13.01224], [80.07234, 13.01228], [80.07314, 13.01261], [80.07317, 13.01265], [80.07463, 13.01487], [80.07603, 13.01725], [80.0784, 13.01661], [80.07984, 13.01622], [80.07984, 13.01622], [80.07997, 13.01615], [80.08002, 13.01612], [80.08005, 13.01612], [80.08031, 13.01618], [80.08031, 13.01618], [80.08055, 13.01669], [80.08096, 13.01757], [80.08105, 13.01773], [80.08129, 13.01805], [80.08129, 13.01805], [80.08136, 13.01812], [80.08143, 13.0182], [80.08161, 13.01836], [80.08171, 13.01845], [80.0819, 13.01862], [80.08209, 13.01891], [80.08209, 13.01891], [80.0822, 13.01917], [80.08233, 13.01971], [80.08236, 13.01995], [80.08235, 13.0202], [80.08234, 13.02038], [80.08229, 13.02162], [80.08229, 13.02162], [80.08226, 13.02249], [80.08229, 13.02303], [80.08236, 13.02388], [80.08238, 13.02414], [80.08245, 13.02472], [80.08257, 13.02511], [80.0827, 13.02558], [80.08288, 13.02616], [80.08298, 13.02648], [80.0833, 13.027], [80.08336, 13.0271], [80.08355, 13.0275], [80.08368, 13.02782], [80.08373, 13.02795], [80.08376, 13.02834], [80.08377, 13.02845], [80.08372, 13.02901], [80.08372, 13.02901], [80.08359, 13.02945], [80.08344, 13.02984], [80.08308, 13.03049], [80.08269, 13.0312], [80.08265, 13.03128], [80.08258, 13.03142], [80.08251, 13.03158], [80.08245, 13.0317], [80.08245, 13.0317], [80.08242, 13.03185], [80.08234, 13.03216], [80.08229, 13.03262], [80.08235, 13.03351], [80.08238, 13.03378], [80.0824, 13.03402], [80.08266, 13.035], [80.08281, 13.03588], [80.08283, 13.03618], [80.08243, 13.03669], [80.08224, 13.03685], [80.08164, 13.03745], [80.08164, 13.03745], [80.08127, 13.038], [80.08118, 13.03813], [80.08118, 13.03813], [80.081, 13.03862], [80.08086, 13.039], [80.08089, 13.03957], [80.08107, 13.04013], [80.08107, 13.04013], [80.08125, 13.0405], [80.08136, 13.04067], [80.08136, 13.04067], [80.0815, 13.04082], [80.0815, 13.04082], [80.08165, 13.04093], [80.08179, 13.04104], [80.08196, 13.04112], [80.08213, 13.04119], [80.08213, 13.04119], [80.08217, 13.0412], [80.08232, 13.04122], [80.08246, 13.0412], [80.08263, 13.04118], [80.08291, 13.04107], [80.08322, 13.04091], [80.08361, 13.04071], [80.08414, 13.04046], [80.08444, 13.04037], [80.0846, 13.04033], [80.08492, 13.04032], [80.08492, 13.04032], [80.08513, 13.04033], [80.08545, 13.04036], [80.08545, 13.04036], [80.0859, 13.04041], [80.08609, 13.04045], [80.08618, 13.04047], [80.08653, 13.0406], [80.08653, 13.0406], [80.08687, 13.04076], [80.08704, 13.04084], [80.08721, 13.04092], [80.08737, 13.041], [80.08746, 13.04104], [80.08755, 13.04105], [80.08763, 13.04107], [80.08793, 13.0411], [80.08822, 13.04113], [80.08824, 13.04113], [80.08837, 13.04113], [80.08859, 13.04111], [80.08875, 13.04105], [80.0888, 13.04103], [80.08882, 13.04102], [80.089, 13.04094], [80.08922, 13.04086], [80.08937, 13.04081], [80.08985, 13.04063], [80.08985, 13.04063], [80.09037, 13.04038], [80.09136, 13.03973], [80.09157, 13.03959], [80.09203, 13.03928], [80.09249, 13.03898], [80.093, 13.0387], [80.09337, 13.03851], [80.09357, 13.0384], [80.09412, 13.03802], [80.09466, 13.03765], [80.09512, 13.03732], [80.09546, 13.03703], [80.09557, 13.03688], [80.09561, 13.03683], [80.09566, 13.03679], [80.09621, 13.03632], [80.09621, 13.03632], [80.09662, 13.03607], [80.09696, 13.03586], [80.09788, 13.03548], [80.09791, 13.03547], [80.09875, 13.03511], [80.0992, 13.03494], [80.0992, 13.03494], [80.09942, 13.03494], [80.09951, 13.03494], [80.0998, 13.035], [80.10018, 13.03536], [80.10034, 13.03561], [80.10045, 13.03581], [80.10074, 13.03689], [80.10092, 13.03728], [80.10112, 13.03772], [80.10134, 13.03841], [80.10151, 13.03879], [80.10151, 13.03879], [80.10186, 13.03907], [80.10216, 13.03919], [80.10261, 13.03936], [80.10346, 13.03953], [80.10411, 13.03962], [80.10431, 13.0396], [80.10431, 13.0396], [80.10449, 13.03955], [80.10449, 13.03955], [80.10451, 13.03954], [80.10481, 13.03945], [80.1051, 13.03947], [80.10534, 13.03956], [80.10576, 13.03976], [80.10637, 13.04013], [80.10667, 13.04033], [80.10677, 13.0404], [80.10711, 13.04076], [80.10755, 13.04117], [80.1078, 13.0414], [80.10791, 13.0415], [80.1081, 13.04164], [80.10822, 13.04173], [80.10822, 13.04173], [80.10837, 13.0418], [80.10855, 13.04179], [80.10874, 13.04177], [80.10915, 13.04169], [80.10943, 13.04163], [80.11026, 13.04142], [80.11026, 13.04142], [80.11109, 13.04114], [80.11125, 13.0411], [80.11147, 13.04105], [80.1119, 13.04098], [80.11192, 13.04098], [80.112, 13.04097], [80.11389, 13.04067], [80.11405, 13.04064], [80.11458, 13.04057], [80.11521, 13.0404], [80.11595, 13.04014], [80.11646, 13.03988], [80.11646, 13.03988], [80.11652, 13.03983], [80.11676, 13.03966], [80.11704, 13.03938], [80.11723, 13.03915], [80.1174, 13.03894], [80.11775, 13.03831], [80.11802, 13.03778], [80.11802, 13.03778], [80.11821, 13.03734], [80.11827, 13.03649], [80.11827, 13.03649], [80.11825, 13.03632], [80.11823, 13.03613], [80.11824, 13.03604], [80.11824, 13.03588], [80.11841, 13.0355], [80.1185, 13.03542], [80.11878, 13.03518], [80.11909, 13.03499], [80.11992, 13.03455], [80.12079, 13.0341], [80.12079, 13.0341], [80.12167, 13.03364], [80.12223, 13.03337], [80.12223, 13.03337], [80.12256, 13.03326], [80.12305, 13.03324], [80.12305, 13.03324], [80.12348, 13.03335], [80.12432, 13.0336], [80.1255, 13.03383], [80.12648, 13.03404], [80.127, 13.03407], [80.127, 13.03407], [80.12755, 13.03408], [80.1279, 13.03419], [80.12794, 13.0342], [80.12796, 13.03422], [80.12844, 13.03462], [80.12874, 13.03497], [80.12878, 13.03511], [80.12883, 13.0353], [80.12853, 13.03594], [80.12853, 13.03594], [80.12809, 13.03697], [80.12794, 13.03746], [80.12794, 13.03746], [80.12788, 13.03831], [80.12807, 13.0396], [80.12837, 13.04098], [80.12872, 13.0423], [80.12908, 13.04335], [80.1292, 13.04411], [80.1292, 13.04412], [80.12939, 13.04514], [80.12939, 13.04514], [80.13253, 13.04505], [80.13263, 13.04431], [80.13427, 13.04463], [80.13436, 13.04465], [80.13439, 13.04465], [80.1358, 13.04497], [80.13747, 13.04538], [80.13894, 13.04563], [80.13991, 13.04569], [80.13969, 13.04503], [80.13964, 13.04472]]]}}, {"type": "Feature", "properties": {"taluk": "Perambur", "district": "Chennai", "state": "Tamil Nadu"}, "geometry": {"type": "Polygon", "coordinates": [[[80.2606, 13.15017], [80.26081, 13.15019], [80.26352, 13.1499], [80.26541, 13.14944], [80.26604, 13.14906], [80.26692, 13.14867], [80.26819, 13.14829], [80.26824, 13.14827], [80.26825, 13.14827], [80.26825, 13.14827], [80.26822, 13.14816], [80.2682, 13.14799], [80.26809, 13.148], [80.26773, 13.14802], [80.26764, 13.14745], [80.26759, 13.14707], [80.26758, 13.14707], [80.26758, 13.14706], [80.26602, 13.14702], [80.2658, 13.14598], [80.26571, 13.14521], [80.26528, 13.1412], [80.26525, 13.1409], [80.26525, 13.1409], [80.26525, 13.14089], [80.26936, 13.14008], [80.27347, 13.13927], [80.27382, 13.13924], [80.27399, 13.1392], [80.2741, 13.13918], [80.27415, 13.13917], [80.27337, 13.13776], [80.27315, 13.13627], [80.27291, 13.13425], [80.27154, 13.13039], [80.27058, 13.1281], [80.27016, 13.12709], [80.27015, 13.12708], [80.27021, 13.12704], [80.2703, 13.12697], [80.27064, 13.12667], [80.27137, 13.12618], [80.27187, 13.12584], [80.2723, 13.12539], [80.27278, 13.12491], [80.27271, 13.12433], [80.27253, 13.12366], [80.2724, 13.12306], [80.27228, 13.12242], [80.27193, 13.12116], [80.27164, 13.11997], [80.27129, 13.11869], [80.27115, 13.11806], [80.27078, 13.11691], [80.27053, 13.11569], [80.27031, 13.11506], [80.27002, 13.11387], [80.26944, 13.1114], [80.26978, 13.10966], [80.27102, 13.10749], [80.27159, 13.10634], [80.27119, 13.10498], [80.27118, 13.10495], [80.27081, 13.1048], [80.27041, 13.10426], [80.27012, 13.10374], [80.26944, 13.10372], [80.26881, 13.10376], [80.26837, 13.10369], [80.26831, 13.10323], [80.26819, 13.10226], [80.26819, 13.10173], [80.26748, 13.10177], [80.26603, 13.10186], [80.26458, 13.10193], [80.26449, 13.10151], [80.26424, 13.09943], [80.2635, 13.09957], [80.26288, 13.09975], [80.26223, 13.09986], [80.26156, 13.09992], [80.26084, 13.09994], [80.26031, 13.09988], [80.26028, 13.09988], [80.25987, 13.0998], [80.25938, 13.09961], [80.25825, 13.09877], [80.25681, 13.09897], [80.25552, 13.09926], [80.25457, 13.09949], [80.25366, 13.09873], [80.25218, 13.09837], [80.25148, 13.09796], [80.24954, 13.09775], [80.24804, 13.0975], [80.2473, 13.09684], [80.2462, 13.09687], [80.2453, 13.09698], [80.24385, 13.09726], [80.24266, 13.0975], [80.24288, 13.09814], [80.24347, 13.09984], [80.24381, 13.10189], [80.24356, 13.10322], [80.24304, 13.10354], [80.24263, 13.10414], [80.24241, 13.10482], [80.24244, 13.10552], [80.24245, 13.10584], [80.24301, 13.10719], [80.24331, 13.10852], [80.2437, 13.10935], [80.24432, 13.11042], [80.24448, 13.11204], [80.24427, 13.11253], [80.24352, 13.11261], [80.23998, 13.11224], [80.23886, 13.11171], [80.23701, 13.11293], [80.23626, 13.11345], [80.23557, 13.11166], [80.23323, 13.11228], [80.23351, 13.11385], [80.23424, 13.11374], [80.2349, 13.11622], [80.23543, 13.12181], [80.23562, 13.1245], [80.23472, 13.12461], [80.23461, 13.1267], [80.23476, 13.12684], [80.23479, 13.12687], [80.23547, 13.12753], [80.23548, 13.12754], [80.23549, 13.12755], [80.23557, 13.12755], [80.23572, 13.12755], [80.23577, 13.12755], [80.2361, 13.12754], [80.23618, 13.12754], [80.23618, 13.12754], [80.23619, 13.12754], [80.23621, 13.12754], [80.23622, 13.12754], [80.23622, 13.12754], [80.23622, 13.12754], [80.23623, 13.12754], [80.23623, 13.12754], [80.23624, 13.12754], [80.23624, 13.12754], [80.23624, 13.12754], [80.23625, 13.12754], [80.23625, 13.12754], [80.23626, 13.12754], [80.23626, 13.12754], [80.2363, 13.12754], [80.23633, 13.12754], [80.23634, 13.12754], [80.23657, 13.12754], [80.23829, 13.12767], [80.23991, 13.12798], [80.24142, 13.12807], [80.24145, 13.12808], [80.24144, 13.12822], [80.24139, 13.12835], [80.24142, 13.12851], [80.24142, 13.12866], [80.24142, 13.12868], [80.24142, 13.12888], [80.24139, 13.12918], [80.24141, 13.1296], [80.2414, 13.12991], [80.24142, 13.13022], [80.24142, 13.13247], [80.24142, 13.13249], [80.24143, 13.13255], [80.24165, 13.13335], [80.24181, 13.13369], [80.24188, 13.13389], [80.24289, 13.13389], [80.24307, 13.13556], [80.24308, 13.13567], [80.24052, 13.1359], [80.24052, 13.13591], [80.2405, 13.13591], [80.24026, 13.13986], [80.24022, 13.14044], [80.24022, 13.14049], [80.24018, 13.14118], [80.24016, 13.14321], [80.24016, 13.14321], [80.24016, 13.14324], [80.24078, 13.14337], [80.24089, 13.14339], [80.24175, 13.14345], [80.24229, 13.14348], [80.24233, 13.14455], [80.24234, 13.14454], [80.24234, 13.14456], [80.24416, 13.14438], [80.24453, 13.14433], [80.24735, 13.14406], [80.24747, 13.14611], [80.24753, 13.14731], [80.24754, 13.14731], [80.24754, 13.14734], [80.24785, 13.14726], [80.2479, 13.14725], [80.24885, 13.14649], [80.24937, 13.14648], [80.24947, 13.14653], [80.24956, 13.14659], [80.2496, 13.14661], [80.2497, 13.14669], [80.24997, 13.14694], [80.24998, 13.14695], [80.25005, 13.14703], [80.25019, 13.14723], [80.25033, 13.14747], [80.25037, 13.14761], [80.25044, 13.1479], [80.2505, 13.14818], [80.25051, 13.14823], [80.25051, 13.14847], [80.25053, 13.1485], [80.25097, 13.14901], [80.25122, 13.14931], [80.25131, 13.1495], [80.25144, 13.14981], [80.25145, 13.14981], [80.25145, 13.14982], [80.25443, 13.14955], [80.25472, 13.15], [80.25814, 13.14985], [80.25819, 13.14985], [80.25819, 13.14985], [80.25946, 13.15002], [80.25979, 13.15023], [80.2606, 13.15017]]]}}, {"type": "Feature", "properties": {"taluk": "Purasawalkam", "district": "Chennai", "state": "Tamil Nadu"}, "geometry": {"type": "Polygon", "coordinates": [[[80.31075, 13.10838], [80.31079, 13.10827], [80.31079, 13.10816], [80.31075, 13.10803], [80.31071, 13.10791], [80.31063, 13.10778], [80.31013, 13.10728], [80.31006, 13.10711], [80.30993, 13.10684], [80.30959, 13.10619], [80.30903, 13.10533], [80.3088, 13.10505], [80.30861, 13.10477], [80.30835, 13.10441], [80.30779, 13.10351], [80.30695, 13.10249], [80.30623, 13.10175], [80.30571, 13.10136], [80.30526, 13.10092], [80.30492, 13.10059], [80.30467, 13.10023], [80.30439, 13.09957], [80.30409, 13.099], [80.30393, 13.09858], [80.30391, 13.09844], [80.30394, 13.09824], [80.30405, 13.09759], [80.30412, 13.09717], [80.30416, 13.09679], [80.30419, 13.09604], [80.30409, 13.09555], [80.30399, 13.09525], [80.3039, 13.09475], [80.3038, 13.09442], [80.30357, 13.09355], [80.30314, 13.09257], [80.30278, 13.09193], [80.30191, 13.09095], [80.30176, 13.09081], [80.30173, 13.09073], [80.30174, 13.09064], [80.30179, 13.09061], [80.30217, 13.09045], [80.30225, 13.09038], [80.30231, 13.09031], [80.30233, 13.0902], [80.30234, 13.09013], [80.30232, 13.09002], [80.3022, 13.08992], [80.30198, 13.0899], [80.30167, 13.08998], [80.30136, 13.09009], [80.30119, 13.09014], [80.30107, 13.09015], [80.30096, 13.09011], [80.30092, 13.09007], [80.30048, 13.08951], [80.30022, 13.08907], [80.29986, 13.08843], [80.29944, 13.0878], [80.29903, 13.08724], [80.29865, 13.08675], [80.29845, 13.0865], [80.2983, 13.08628], [80.29815, 13.08599], [80.29786, 13.0856], [80.29747, 13.0851], [80.29702, 13.08447], [80.29664, 13.08389], [80.29615, 13.08316], [80.29562, 13.08232], [80.29524, 13.08168], [80.29514, 13.08151], [80.29486, 13.08103], [80.29431, 13.08016], [80.29381, 13.07943], [80.29326, 13.07844], [80.29265, 13.07725], [80.29201, 13.0759], [80.29172, 13.07522], [80.29142, 13.0745], [80.29124, 13.0741], [80.29109, 13.07373], [80.29102, 13.07356], [80.29086, 13.07317], [80.29052, 13.07225], [80.29026, 13.07155], [80.28991, 13.07086], [80.28963, 13.07014], [80.28924, 13.06914], [80.28916, 13.06894], [80.28913, 13.0688], [80.28909, 13.0686], [80.28706, 13.06859], [80.28653, 13.0688], [80.28526, 13.06896], [80.28474, 13.06921], [80.28418, 13.06955], [80.28389, 13.06963], [80.28348, 13.06966], [80.28205, 13.06959], [80.2813, 13.06953], [80.28049, 13.06954], [80.2798, 13.0696], [80.27852, 13.07035], [80.27722, 13.07125], [80.27647, 13.07179], [80.27536, 13.07264], [80.27502, 13.07295], [80.27468, 13.07327], [80.27465, 13.0733], [80.27402, 13.07395], [80.2739, 13.07436], [80.27422, 13.07474], [80.27436, 13.07516], [80.27425, 13.07598], [80.27408, 13.07671], [80.27394, 13.07741], [80.27389, 13.07788], [80.2738, 13.07874], [80.27321, 13.07946], [80.27219, 13.08027], [80.27103, 13.08094], [80.26943, 13.08134], [80.26822, 13.08132], [80.2674, 13.08118], [80.26625, 13.0804], [80.26572, 13.0797], [80.26546, 13.07907], [80.26514, 13.07814], [80.26422, 13.07827], [80.26358, 13.07833], [80.26357, 13.07835], [80.26332, 13.07874], [80.26329, 13.0793], [80.26324, 13.07931], [80.26194, 13.07959], [80.26132, 13.07944], [80.26072, 13.07932], [80.26016, 13.07919], [80.25953, 13.07911], [80.25894, 13.07912], [80.25895, 13.07914], [80.25917, 13.0797], [80.25922, 13.07983], [80.25917, 13.07983], [80.25898, 13.0798], [80.25826, 13.07971], [80.2578, 13.07965], [80.25653, 13.07939], [80.25528, 13.07929], [80.25414, 13.07916], [80.25344, 13.07913], [80.25225, 13.07908], [80.25155, 13.07917], [80.2509, 13.0792], [80.25031, 13.07924], [80.2495, 13.0791], [80.249, 13.07888], [80.24858, 13.07847], [80.24736, 13.07806], [80.24731, 13.07806], [80.24684, 13.07806], [80.24683, 13.07808], [80.24667, 13.07837], [80.24666, 13.07839], [80.24665, 13.07841], [80.24664, 13.07843], [80.24663, 13.07845], [80.24655, 13.07863], [80.24667, 13.07869], [80.24671, 13.07871], [80.24675, 13.07873], [80.24678, 13.07874], [80.24682, 13.07875], [80.2473, 13.07889], [80.24727, 13.07916], [80.24727, 13.07917], [80.24727, 13.07918], [80.24726, 13.07919], [80.24726, 13.0792], [80.2472, 13.07959], [80.24719, 13.07959], [80.24716, 13.07958], [80.24713, 13.07956], [80.24707, 13.07954], [80.24701, 13.07952], [80.24694, 13.07951], [80.24655, 13.07943], [80.24652, 13.07946], [80.24634, 13.0796], [80.24626, 13.07968], [80.24618, 13.07977], [80.24612, 13.07987], [80.24607, 13.07997], [80.24598, 13.08012], [80.24592, 13.08021], [80.24578, 13.08009], [80.24561, 13.07998], [80.24551, 13.07994], [80.24542, 13.07991], [80.24545, 13.08043], [80.24547, 13.08095], [80.24552, 13.08122], [80.24561, 13.08164], [80.24567, 13.08187], [80.2457, 13.08206], [80.24549, 13.08211], [80.24341, 13.08263], [80.2434, 13.08263], [80.2434, 13.08263], [80.2434, 13.08263], [80.2434, 13.08263], [80.24311, 13.08271], [80.24301, 13.08275], [80.24291, 13.08278], [80.2428, 13.0828], [80.24109, 13.08343], [80.24078, 13.08358], [80.24076, 13.08358], [80.24075, 13.08359], [80.24073, 13.08359], [80.24023, 13.08387], [80.23998, 13.08395], [80.24006, 13.08422], [80.24008, 13.08431], [80.24012, 13.08519], [80.24024, 13.08792], [80.24046, 13.09018], [80.24055, 13.09115], [80.24055, 13.09116], [80.24055, 13.09116], [80.24055, 13.09117], [80.24055, 13.09118], [80.24071, 13.09269], [80.24072, 13.09284], [80.24079, 13.09338], [80.24087, 13.09428], [80.24095, 13.09539], [80.24106, 13.09565], [80.24149, 13.09657], [80.24183, 13.09773], [80.24222, 13.09765], [80.24266, 13.0975], [80.24385, 13.09726], [80.2453, 13.09698], [80.2462, 13.09687], [80.2473, 13.09684], [80.24804, 13.0975], [80.24954, 13.09775], [80.25148, 13.09796], [80.25218, 13.09837], [80.25366, 13.09873], [80.25457, 13.09949], [80.25552, 13.09926], [80.25681, 13.09897], [80.25825, 13.09877], [80.25938, 13.09961], [80.25987, 13.0998], [80.26028, 13.09988], [80.26031, 13.09988], [80.26084, 13.09994], [80.26156, 13.09992], [80.26223, 13.09986], [80.26288, 13.09975], [80.2635, 13.09957], [80.26424, 13.09943], [80.26449, 13.10151], [80.26458, 13.10193], [80.26603, 13.10186], [80.26748, 13.10177], [80.26819, 13.10173], [80.26819, 13.10226], [80.26831, 13.10323], [80.26837, 13.10369], [80.26881, 13.10376], [80.26944, 13.10372], [80.27012, 13.10374], [80.27041, 13.10426], [80.27081, 13.1048], [80.27118, 13.10495], [80.27119, 13.10498], [80.27252, 13.10398], [80.27304, 13.10377], [80.27347, 13.10381], [80.27503, 13.10414], [80.27586, 13.10431], [80.27798, 13.105], [80.2794, 13.10554], [80.27991, 13.10566], [80.28026, 13.10558], [80.28099, 13.10538], [80.2828, 13.10521], [80.28414, 13.10508], [80.28474, 13.10503], [80.2859, 13.10476], [80.28668, 13.10454], [80.29068, 13.10271], [80.29316, 13.10182], [80.29452, 13.10117], [80.29617, 13.10047], [80.29748, 13.10007], [80.30173, 13.09867], [80.30164, 13.09857], [80.30153, 13.09848], [80.30141, 13.09843], [80.30125, 13.09838], [80.30108, 13.09838], [80.30095, 13.09843], [80.30085, 13.09848], [80.30071, 13.0986], [80.30062, 13.09869], [80.30059, 13.09874], [80.30054, 13.09875], [80.30051, 13.09873], [80.30048, 13.09869], [80.30008, 13.0978], [80.3, 13.09766], [80.2999, 13.09761], [80.29974, 13.09761], [80.29963, 13.09765], [80.29953, 13.09773], [80.29945, 13.09782], [80.2994, 13.0979], [80.29937, 13.09804], [80.2994, 13.09816], [80.29949, 13.09841], [80.29955, 13.09853], [80.29971, 13.09881], [80.29974, 13.0989], [80.29973, 13.09896], [80.29969, 13.099], [80.29964, 13.09901], [80.29958, 13.09899], [80.29953, 13.09894], [80.29947, 13.09875], [80.29939, 13.09858], [80.29933, 13.09843], [80.29923, 13.09838], [80.29913, 13.09837], [80.29905, 13.09839], [80.29895, 13.09842], [80.29887, 13.09845], [80.29878, 13.0985], [80.29867, 13.09859], [80.29859, 13.09868], [80.29856, 13.09878], [80.29857, 13.09891], [80.29864, 13.09904], [80.29869, 13.09912], [80.29879, 13.09931], [80.2988, 13.0994], [80.29876, 13.09947], [80.29863, 13.09955], [80.29852, 13.09959], [80.29844, 13.0996], [80.29836, 13.09956], [80.29832, 13.09949], [80.29821, 13.0991], [80.29817, 13.09902], [80.29811, 13.09898], [80.298, 13.09899], [80.29717, 13.09926], [80.29703, 13.09929], [80.29697, 13.09929], [80.29691, 13.09926], [80.29687, 13.09921], [80.29611, 13.09727], [80.29559, 13.09532], [80.29516, 13.09391], [80.29489, 13.09308], [80.29488, 13.09303], [80.29488, 13.093], [80.29495, 13.09291], [80.29532, 13.09275], [80.29657, 13.09237], [80.29853, 13.09155], [80.3002, 13.09105], [80.30031, 13.09105], [80.30067, 13.09112], [80.30077, 13.09118], [80.30191, 13.09228], [80.30235, 13.09285], [80.30253, 13.09319], [80.30285, 13.09391], [80.30305, 13.09448], [80.30311, 13.09466], [80.30329, 13.09552], [80.3034, 13.09658], [80.30335, 13.09723], [80.30332, 13.09738], [80.30329, 13.09747], [80.30322, 13.09756], [80.30302, 13.09768], [80.30289, 13.09776], [80.30267, 13.0978], [80.30241, 13.09786], [80.30222, 13.09797], [80.30212, 13.09809], [80.30208, 13.09823], [80.30207, 13.09835], [80.3021, 13.09846], [80.30213, 13.09856], [80.3022, 13.09866], [80.30226, 13.09873], [80.30231, 13.09877], [80.30237, 13.0988], [80.30246, 13.09879], [80.30254, 13.09875], [80.30266, 13.0985], [80.30272, 13.09842], [80.30279, 13.09835], [80.30287, 13.09833], [80.30292, 13.09833], [80.30296, 13.09837], [80.3031, 13.09873], [80.30316, 13.09894], [80.30333, 13.09936], [80.30348, 13.09965], [80.30368, 13.09993], [80.30398, 13.10044], [80.3041, 13.10077], [80.30408, 13.10095], [80.30403, 13.10111], [80.30395, 13.10132], [80.30389, 13.10165], [80.30387, 13.10176], [80.30384, 13.10191], [80.30379, 13.10238], [80.30378, 13.10249], [80.30379, 13.10251], [80.3038, 13.10259], [80.30383, 13.10263], [80.3039, 13.10266], [80.30407, 13.10269], [80.30421, 13.10271], [80.3043, 13.10268], [80.30435, 13.10262], [80.30438, 13.10243], [80.30444, 13.10217], [80.30452, 13.10183], [80.30465, 13.10124], [80.30469, 13.10119], [80.30477, 13.1012], [80.30483, 13.10125], [80.30506, 13.10151], [80.3055, 13.10203], [80.30611, 13.10259], [80.3066, 13.10317], [80.30723, 13.10389], [80.30768, 13.10465], [80.30806, 13.10514], [80.30829, 13.10556], [80.30878, 13.10629], [80.30909, 13.10686], [80.30929, 13.10718], [80.30966, 13.10783], [80.30983, 13.10832], [80.30989, 13.10837], [80.30998, 13.10838], [80.31011, 13.10837], [80.31025, 13.10838], [80.31039, 13.10839], [80.3105, 13.1084], [80.31064, 13.10841], [80.31075, 13.10838]]]}}, {"type": "Feature", "properties": {"taluk": "Tambaram", "district": "Chengalpattu", "state": "Tamil Nadu"}, "geometry": {"type": "Polygon", "coordinates": [[[80.1963, 12.95187], [80.19694, 12.95123], [80.19712, 12.95085], [80.19741, 12.95055], [80.1977, 12.95038], [80.19822, 12.95028], [80.19859, 12.95028], [80.19895, 12.95033], [80.19927, 12.94903], [80.19927, 12.94814], [80.19923, 12.9473], [80.19875, 12.94622], [80.19823, 12.94555], [80.19747, 12.94506], [80.19651, 12.9447], [80.19585, 12.94425], [80.19485, 12.94331], [80.19426, 12.9428], [80.19376, 12.94258], [80.19326, 12.94244], [80.19248, 12.94235], [80.19174, 12.94235], [80.19099, 12.94229], [80.19011, 12.94192], [80.18978, 12.94156], [80.18937, 12.94115], [80.18919, 12.94077], [80.18886, 12.94001], [80.18862, 12.93948], [80.18851, 12.9386], [80.18827, 12.93821], [80.18794, 12.93785], [80.18905, 12.93777], [80.19004, 12.93767], [80.19095, 12.93757], [80.19284, 12.93753], [80.19432, 12.93716], [80.19548, 12.93666], [80.19632, 12.93633], [80.19628, 12.93592], [80.19627, 12.93578], [80.19632, 12.93561], [80.19646, 12.93546], [80.19673, 12.93534], [80.19711, 12.93516], [80.19764, 12.93493], [80.19818, 12.93442], [80.19855, 12.93398], [80.19882, 12.9338], [80.19904, 12.93357], [80.19918, 12.93346], [80.19922, 12.93336], [80.19925, 12.93326], [80.19923, 12.93313], [80.19914, 12.93301], [80.19908, 12.93294], [80.19892, 12.93279], [80.19864, 12.93259], [80.19848, 12.93246], [80.19832, 12.93224], [80.19819, 12.93199], [80.19815, 12.93179], [80.19814, 12.93162], [80.19814, 12.93149], [80.19816, 12.93137], [80.19831, 12.93119], [80.1984, 12.93112], [80.19857, 12.93097], [80.19868, 12.93079], [80.19872, 12.93062], [80.19872, 12.93038], [80.19872, 12.92995], [80.19866, 12.92899], [80.19856, 12.92795], [80.19871, 12.92712], [80.19921, 12.92639], [80.20018, 12.92495], [80.2014, 12.92388], [80.20119, 12.92355], [80.20087, 12.92295], [80.2006, 12.92175], [80.20045, 12.9193], [80.20029, 12.91789], [80.19999, 12.91652], [80.19926, 12.91511], [80.19876, 12.91376], [80.19861, 12.91245], [80.19873, 12.91155], [80.19883, 12.9111], [80.19934, 12.91111], [80.20135, 12.91114], [80.20206, 12.91105], [80.20226, 12.91103], [80.20406, 12.91076], [80.20632, 12.91051], [80.20818, 12.91054], [80.20912, 12.91044], [80.21061, 12.91044], [80.21203, 12.9105], [80.21248, 12.91058], [80.21284, 12.91064], [80.21362, 12.91052], [80.21406, 12.91045], [80.21567, 12.91036], [80.21664, 12.91048], [80.21738, 12.91056], [80.2176, 12.90937], [80.21759, 12.90657], [80.21758, 12.90376], [80.21743, 12.90097], [80.21734, 12.89821], [80.21719, 12.89546], [80.21679, 12.89269], [80.21648, 12.89021], [80.21595, 12.88846], [80.21546, 12.88769], [80.21495, 12.88664], [80.21449, 12.88466], [80.21372, 12.88235], [80.21357, 12.88153], [80.21354, 12.88102], [80.2135, 12.88041], [80.21282, 12.87903], [80.21192, 12.87791], [80.20985, 12.87634], [80.20933, 12.87551], [80.2091, 12.87455], [80.20893, 12.87285], [80.20805, 12.87507], [80.20771, 12.87569], [80.20673, 12.87557], [80.20535, 12.87537], [80.20471, 12.87478], [80.20419, 12.87391], [80.20373, 12.87276], [80.20373, 12.87275], [80.20372, 12.87273], [80.2022, 12.87184], [80.20209, 12.87164], [80.20187, 12.87125], [80.20134, 12.8702], [80.20082, 12.86866], [80.20033, 12.86716], [80.2002, 12.86665], [80.1996, 12.8657], [80.199, 12.86408], [80.19827, 12.86254], [80.19763, 12.861], [80.19741, 12.85899], [80.19767, 12.85768], [80.1979, 12.85731], [80.19811, 12.85616], [80.19778, 12.85585], [80.19754, 12.85536], [80.19754, 12.85535], [80.19723, 12.85478], [80.19648, 12.85433], [80.19536, 12.85342], [80.19465, 12.85267], [80.19324, 12.85139], [80.19206, 12.85076], [80.19122, 12.85104], [80.19105, 12.85162], [80.1911, 12.85284], [80.19077, 12.8553], [80.19053, 12.85609], [80.18945, 12.85729], [80.18888, 12.85779], [80.18847, 12.8582], [80.18785, 12.85838], [80.18704, 12.85854], [80.18647, 12.85901], [80.18652, 12.85907], [80.18626, 12.85938], [80.18609, 12.8599], [80.18554, 12.86085], [80.18511, 12.86197], [80.18448, 12.86262], [80.18377, 12.8628], [80.18298, 12.86316], [80.18195, 12.86345], [80.18109, 12.86369], [80.18004, 12.86408], [80.17956, 12.86433], [80.17904, 12.86473], [80.17863, 12.86495], [80.17787, 12.86552], [80.17764, 12.86594], [80.17708, 12.86645], [80.17631, 12.8671], [80.17608, 12.86763], [80.17551, 12.86784], [80.17553, 12.86749], [80.17548, 12.86748], [80.17474, 12.86722], [80.17464, 12.86673], [80.17447, 12.86643], [80.17432, 12.86617], [80.1742, 12.86596], [80.17402, 12.86564], [80.17305, 12.8645], [80.17212, 12.86322], [80.17189, 12.8618], [80.17168, 12.85982], [80.17071, 12.85942], [80.16964, 12.85956], [80.1695, 12.86038], [80.16951, 12.86114], [80.16949, 12.86193], [80.16944, 12.86239], [80.16953, 12.8631], [80.16942, 12.86457], [80.16912, 12.8655], [80.16878, 12.86572], [80.16859, 12.86594], [80.16786, 12.86639], [80.16726, 12.86643], [80.16654, 12.86658], [80.16654, 12.86656], [80.16593, 12.86667], [80.16554, 12.86717], [80.1649, 12.86828], [80.16404, 12.86912], [80.16374, 12.86931], [80.16311, 12.86973], [80.16296, 12.87014], [80.16282, 12.87042], [80.16269, 12.87079], [80.16258, 12.87111], [80.16245, 12.87184], [80.16226, 12.87283], [80.16223, 12.87299], [80.16167, 12.87313], [80.16079, 12.87318], [80.15992, 12.87329], [80.15929, 12.87339], [80.15864, 12.8733], [80.1574, 12.8733], [80.15673, 12.87306], [80.15559, 12.87271], [80.15508, 12.87247], [80.15487, 12.87241], [80.15463, 12.87241], [80.15392, 12.87226], [80.15277, 12.87196], [80.15136, 12.87182], [80.15081, 12.8718], [80.1507, 12.87175], [80.15053, 12.87171], [80.15037, 12.87171], [80.15027, 12.8717], [80.15003, 12.87161], [80.1495, 12.87145], [80.14875, 12.87137], [80.14789, 12.87091], [80.14704, 12.8701], [80.14648, 12.86965], [80.14634, 12.86953], [80.14549, 12.86889], [80.14461, 12.86793], [80.14398, 12.86764], [80.14343, 12.868], [80.14312, 12.86813], [80.14245, 12.86855], [80.14139, 12.86907], [80.14041, 12.86939], [80.14024, 12.86947], [80.13885, 12.87012], [80.13696, 12.87095], [80.13613, 12.87121], [80.13603, 12.87121], [80.13567, 12.87118], [80.13537, 12.87115], [80.13463, 12.87052], [80.13392, 12.86955], [80.13318, 12.86842], [80.13255, 12.86742], [80.13188, 12.86664], [80.13185, 12.86656], [80.13136, 12.86553], [80.1308, 12.86457], [80.12974, 12.86302], [80.12926, 12.86227], [80.12894, 12.86179], [80.1288, 12.86134], [80.1287, 12.86102], [80.12825, 12.86023], [80.12797, 12.85958], [80.1276, 12.85901], [80.12719, 12.85885], [80.12647, 12.85864], [80.12623, 12.85849], [80.12564, 12.85819], [80.125, 12.8578], [80.12477, 12.85816], [80.1246, 12.85876], [80.12431, 12.8591], [80.12376, 12.86018], [80.12354, 12.86046], [80.12342, 12.86058], [80.12327, 12.86071], [80.12238, 12.86228], [80.12205, 12.8627], [80.12196, 12.86276], [80.12154, 12.86307], [80.12024, 12.86364], [80.12129, 12.86417], [80.12149, 12.86455], [80.12168, 12.86494], [80.1215, 12.86553], [80.12167, 12.86634], [80.1218, 12.86712], [80.12182, 12.86756], [80.12203, 12.86792], [80.12203, 12.86869], [80.1221, 12.86917], [80.12221, 12.86991], [80.1224, 12.87061], [80.12248, 12.87109], [80.12271, 12.8715], [80.12325, 12.87301], [80.12367, 12.87418], [80.12471, 12.87553], [80.12475, 12.87559], [80.12504, 12.87596], [80.12531, 12.8763], [80.12556, 12.87659], [80.12593, 12.87701], [80.12651, 12.87757], [80.12718, 12.8782], [80.12801, 12.87869], [80.12951, 12.87963], [80.13136, 12.8808], [80.13297, 12.88166], [80.13329, 12.88184], [80.1355, 12.88272], [80.13608, 12.88278], [80.13686, 12.8823], [80.13738, 12.88185], [80.13819, 12.88129], [80.13836, 12.88117], [80.13861, 12.881], [80.14022, 12.87992], [80.13993, 12.88345], [80.13993, 12.8849], [80.13996, 12.88608], [80.1402, 12.88669], [80.14122, 12.888], [80.14218, 12.88863], [80.14277, 12.88875], [80.14348, 12.8886], [80.14376, 12.88875], [80.14391, 12.88924], [80.14388, 12.88963], [80.14376, 12.89018], [80.14354, 12.89081], [80.14327, 12.89148], [80.14221, 12.89179], [80.14059, 12.89184], [80.13846, 12.89211], [80.13614, 12.89242], [80.13398, 12.89248], [80.13265, 12.89214], [80.13145, 12.89154], [80.13133, 12.89148], [80.13071, 12.89081], [80.13013, 12.88993], [80.12969, 12.88936], [80.12907, 12.88942], [80.12762, 12.89002], [80.12654, 12.891], [80.12493, 12.89251], [80.12359, 12.89373], [80.12048, 12.89651], [80.1195, 12.89938], [80.1192, 12.90065], [80.11829, 12.90182], [80.11764, 12.90266], [80.11677, 12.9034], [80.1163, 12.90436], [80.11575, 12.90448], [80.11505, 12.90462], [80.11423, 12.90477], [80.11289, 12.90513], [80.11285, 12.90514], [80.11247, 12.90524], [80.11071, 12.9057], [80.11005, 12.90586], [80.10965, 12.90583], [80.10941, 12.90582], [80.10918, 12.90581], [80.10888, 12.90565], [80.10883, 12.90562], [80.10876, 12.90558], [80.10802, 12.90507], [80.10779, 12.90473], [80.10745, 12.90416], [80.10739, 12.90409], [80.10736, 12.90404], [80.10695, 12.90347], [80.10691, 12.90342], [80.10679, 12.90328], [80.10561, 12.90187], [80.10554, 12.90175], [80.10436, 12.89997], [80.10402, 12.89946], [80.10238, 12.89701], [80.10073, 12.89499], [80.09979, 12.89505], [80.09842, 12.89508], [80.09632, 12.89518], [80.09597, 12.8952], [80.0953, 12.8953], [80.09277, 12.89579], [80.09073, 12.8962], [80.0834, 12.89767], [80.08328, 12.89769], [80.08231, 12.89816], [80.08087, 12.89887], [80.08046, 12.89907], [80.08014, 12.89916], [80.07975, 12.89927], [80.0795, 12.89934], [80.07941, 12.89936], [80.07814, 12.89927], [80.07684, 12.89917], [80.07452, 12.89888], [80.07255, 12.89874], [80.07237, 12.89872], [80.07123, 12.89872], [80.06925, 12.8987], [80.06823, 12.89897], [80.06669, 12.89938], [80.06661, 12.8994], [80.0653, 12.90014], [80.06437, 12.90057], [80.06233, 12.90092], [80.0613, 12.90129], [80.06173, 12.90275], [80.06177, 12.90289], [80.06205, 12.90343], [80.06262, 12.90404], [80.06299, 12.90454], [80.06329, 12.90498], [80.06362, 12.90543], [80.06418, 12.90653], [80.06507, 12.90771], [80.0655, 12.90871], [80.06674, 12.91032], [80.06755, 12.91184], [80.06777, 12.913], [80.0676, 12.91372], [80.06763, 12.91437], [80.06828, 12.91493], [80.06875, 12.91521], [80.06934, 12.9155], [80.07011, 12.91652], [80.07025, 12.9169], [80.07029, 12.91748], [80.07059, 12.91779], [80.0712, 12.91792], [80.07139, 12.91788], [80.07214, 12.91786], [80.07348, 12.91828], [80.07459, 12.91918], [80.07559, 12.91982], [80.07649, 12.92037], [80.07746, 12.92103], [80.07764, 12.92117], [80.07795, 12.92142], [80.07826, 12.92163], [80.07858, 12.92183], [80.07908, 12.92217], [80.07943, 12.92248], [80.07988, 12.92292], [80.08017, 12.92319], [80.08094, 12.92394], [80.08196, 12.92503], [80.08241, 12.92539], [80.08289, 12.92558], [80.08372, 12.9258], [80.084, 12.92611], [80.08417, 12.92637], [80.08436, 12.92742], [80.08451, 12.9282], [80.08455, 12.92939], [80.08461, 12.93008], [80.08473, 12.93062], [80.08504, 12.93133], [80.08528, 12.93215], [80.08558, 12.93284], [80.08606, 12.93358], [80.08651, 12.93425], [80.08695, 12.93519], [80.08692, 12.93572], [80.08693, 12.93737], [80.0875, 12.93953], [80.08813, 12.94108], [80.08857, 12.94202], [80.08866, 12.94221], [80.08869, 12.94227], [80.08914, 12.94296], [80.0894, 12.94364], [80.0899, 12.94438], [80.08993, 12.94443], [80.09008, 12.94476], [80.09009, 12.94478], [80.09038, 12.9454], [80.09117, 12.94679], [80.09173, 12.94691], [80.09256, 12.94682], [80.09306, 12.94677], [80.09307, 12.94677], [80.09311, 12.94676], [80.09336, 12.94674], [80.09341, 12.94673], [80.0935, 12.94671], [80.09487, 12.94648], [80.09683, 12.94613], [80.09852, 12.94563], [80.09866, 12.94559], [80.09984, 12.94568], [80.09997, 12.94675], [80.10041, 12.94729], [80.10088, 12.94781], [80.10091, 12.94854], [80.10094, 12.94965], [80.10097, 12.95006], [80.10091, 12.95039], [80.10198, 12.95013], [80.10316, 12.94965], [80.10354, 12.94938], [80.10452, 12.94867], [80.10666, 12.94755], [80.10858, 12.94697], [80.11061, 12.94658], [80.11078, 12.94655], [80.11122, 12.9466], [80.11122, 12.9466], [80.11249, 12.94692], [80.11251, 12.94694], [80.11311, 12.94715], [80.11416, 12.9473], [80.11594, 12.94699], [80.11632, 12.94699], [80.11688, 12.94857], [80.1172, 12.94955], [80.1174, 12.95016], [80.11972, 12.94946], [80.11974, 12.94946], [80.12571, 12.94951], [80.12698, 12.9495], [80.12733, 12.94938], [80.12799, 12.94888], [80.1286, 12.94813], [80.12923, 12.94702], [80.12948, 12.94594], [80.12958, 12.94512], [80.12959, 12.945], [80.12964, 12.94507], [80.12967, 12.94511], [80.13048, 12.94513], [80.1317, 12.94508], [80.13219, 12.94505], [80.13275, 12.94509], [80.13276, 12.94509], [80.13281, 12.9451], [80.13495, 12.94478], [80.13544, 12.94466], [80.13554, 12.94464], [80.13554, 12.94464], [80.13786, 12.94406], [80.13839, 12.94388], [80.13898, 12.94357], [80.13958, 12.94302], [80.14002, 12.9426], [80.14045, 12.94218], [80.14116, 12.94138], [80.14184, 12.94075], [80.14393, 12.93969], [80.14481, 12.93952], [80.14581, 12.93899], [80.14651, 12.93841], [80.14705, 12.93789], [80.14747, 12.9375], [80.14748, 12.9375], [80.14754, 12.93744], [80.14814, 12.93723], [80.15051, 12.93707], [80.15212, 12.93712], [80.15274, 12.93697], [80.15338, 12.93673], [80.1537, 12.93657], [80.15415, 12.93635], [80.15439, 12.93628], [80.15462, 12.93622], [80.1557, 12.9366], [80.15687, 12.9375], [80.15687, 12.9375], [80.1578, 12.93822], [80.15845, 12.93834], [80.15889, 12.93828], [80.15915, 12.93811], [80.15957, 12.9378], [80.15995, 12.93762], [80.16029, 12.93755], [80.16069, 12.93755], [80.16114, 12.93785], [80.16148, 12.93827], [80.16196, 12.93861], [80.16263, 12.93856], [80.16336, 12.93821], [80.1641, 12.9382], [80.16452, 12.93827], [80.16521, 12.93923], [80.16547, 12.94058], [80.1658, 12.94121], [80.16614, 12.94167], [80.16747, 12.94266], [80.16964, 12.94396], [80.17054, 12.94476], [80.17157, 12.94594], [80.1726, 12.94679], [80.17327, 12.94721], [80.17378, 12.94732], [80.17414, 12.9473], [80.17462, 12.94717], [80.17529, 12.94712], [80.17608, 12.94761], [80.17678, 12.94782], [80.17802, 12.94808], [80.1794, 12.94851], [80.18002, 12.94836], [80.18034, 12.94822], [80.18066, 12.94807], [80.18151, 12.94804], [80.18234, 12.94812], [80.18343, 12.94789], [80.18389, 12.94787], [80.18461, 12.94774], [80.18481, 12.94772], [80.18509, 12.94777], [80.18509, 12.94777], [80.18526, 12.94822], [80.18561, 12.94916], [80.18622, 12.95001], [80.18672, 12.95066], [80.18746, 12.95111], [80.18825, 12.95144], [80.18884, 12.95146], [80.18964, 12.95135], [80.19096, 12.95129], [80.19184, 12.95129], [80.19252, 12.95129], [80.19295, 12.95134], [80.19351, 12.95138], [80.19406, 12.95151], [80.19452, 12.95172], [80.19505, 12.95197], [80.19562, 12.95216], [80.19587, 12.95212], [80.1963, 12.95187]]]}}, {"type": "Feature", "properties": {"taluk": "Tiruporur", "district": "Chengalpattu", "state": "Tamil Nadu"}, "geometry": {"type": "Polygon", "coordinates": [[[80.22252, 12.85232], [80.22564, 12.85215], [80.22736, 12.8522], [80.22829, 12.85223], [80.23066, 12.85223], [80.23267, 12.85215], [80.23287, 12.85221], [80.23294, 12.85224], [80.23307, 12.85239], [80.2334, 12.85296], [80.23354, 12.85312], [80.23376, 12.85348], [80.23619, 12.8581], [80.2362, 12.85812], [80.23638, 12.85834], [80.23766, 12.85823], [80.23959, 12.85787], [80.24065, 12.85759], [80.24233, 12.85739], [80.24374, 12.85739], [80.24728, 12.85697], [80.24767, 12.85691], [80.24912, 12.8567], [80.24921, 12.85444], [80.24922, 12.85197], [80.2491, 12.8487], [80.2491, 12.84713], [80.24894, 12.84456], [80.24879, 12.84262], [80.24877, 12.84189], [80.24869, 12.83813], [80.24874, 12.83663], [80.24882, 12.83502], [80.24883, 12.83472], [80.24877, 12.83357], [80.24869, 12.83226], [80.24852, 12.83141], [80.24844, 12.83046], [80.24849, 12.82921], [80.24857, 12.82803], [80.24856, 12.82629], [80.24847, 12.82516], [80.24837, 12.82411], [80.24828, 12.82332], [80.24825, 12.82243], [80.24821, 12.82164], [80.24836, 12.82045], [80.24835, 12.81975], [80.24835, 12.81878], [80.24825, 12.81739], [80.24822, 12.81694], [80.24817, 12.81594], [80.24818, 12.81537], [80.24835, 12.81405], [80.24843, 12.81327], [80.24829, 12.81234], [80.24824, 12.81177], [80.24818, 12.81096], [80.24816, 12.81002], [80.24824, 12.80895], [80.24835, 12.80823], [80.24857, 12.80753], [80.24867, 12.80699], [80.2487, 12.80681], [80.2487, 12.80624], [80.2487, 12.80604], [80.24867, 12.80548], [80.24866, 12.80523], [80.24886, 12.80276], [80.24893, 12.80219], [80.249, 12.80161], [80.2491, 12.80105], [80.24927, 12.80016], [80.24948, 12.79967], [80.24969, 12.79919], [80.24979, 12.79873], [80.2499, 12.79809], [80.24989, 12.7973], [80.24987, 12.79651], [80.24982, 12.79599], [80.24982, 12.79564], [80.24984, 12.79526], [80.24989, 12.79475], [80.24999, 12.79431], [80.25017, 12.79394], [80.25042, 12.79331], [80.25063, 12.7927], [80.25101, 12.79215], [80.25127, 12.79177], [80.25153, 12.79139], [80.25169, 12.791], [80.25187, 12.79058], [80.25215, 12.79023], [80.25248, 12.79004], [80.25272, 12.79002], [80.2533, 12.79006], [80.25357, 12.79008], [80.25386, 12.79008], [80.25426, 12.78999], [80.25441, 12.78985], [80.25457, 12.78957], [80.25461, 12.7893], [80.25462, 12.78904], [80.25463, 12.78884], [80.25457, 12.78856], [80.25448, 12.78821], [80.25442, 12.78802], [80.25441, 12.78773], [80.25444, 12.78752], [80.25451, 12.78726], [80.25461, 12.78684], [80.25468, 12.78655], [80.25482, 12.78627], [80.25499, 12.78589], [80.25509, 12.78553], [80.25514, 12.78515], [80.25518, 12.78474], [80.25526, 12.78425], [80.25528, 12.78388], [80.25524, 12.78322], [80.25515, 12.7827], [80.25502, 12.78214], [80.25485, 12.78164], [80.25461, 12.78096], [80.25448, 12.78058], [80.25446, 12.78054], [80.25439, 12.78032], [80.25384, 12.779], [80.25356, 12.77818], [80.25323, 12.77683], [80.25311, 12.77631], [80.25286, 12.77538], [80.25259, 12.77466], [80.25232, 12.77407], [80.25201, 12.77325], [80.25177, 12.77277], [80.25164, 12.77244], [80.25147, 12.77199], [80.25125, 12.771], [80.25118, 12.7708], [80.25063, 12.76933], [80.25035, 12.76851], [80.25001, 12.7669], [80.24979, 12.76586], [80.24919, 12.76423], [80.24626, 12.75498], [80.24578, 12.75374], [80.24546, 12.75275], [80.24533, 12.75197], [80.24537, 12.75161], [80.24541, 12.75137], [80.24514, 12.75094], [80.24485, 12.74962], [80.24439, 12.74859], [80.24393, 12.74707], [80.24326, 12.74567], [80.24275, 12.74427], [80.242, 12.74231], [80.241, 12.73994], [80.24021, 12.73738], [80.24017, 12.73731], [80.23981, 12.73661], [80.23948, 12.73559], [80.23909, 12.73471], [80.23874, 12.73389], [80.23819, 12.7322], [80.2373, 12.72985], [80.23678, 12.72834], [80.236, 12.72662], [80.23584, 12.72575], [80.23557, 12.72489], [80.23536, 12.72428], [80.23518, 12.72377], [80.23502, 12.72307], [80.23473, 12.72209], [80.23428, 12.7212], [80.23383, 12.71994], [80.23345, 12.71874], [80.23281, 12.71689], [80.23176, 12.71463], [80.23118, 12.71304], [80.2306, 12.71162], [80.23013, 12.71034], [80.22971, 12.70921], [80.22924, 12.70807], [80.22901, 12.7073], [80.2284, 12.70519], [80.22777, 12.7037], [80.2271, 12.70173], [80.22686, 12.70103], [80.22618, 12.69943], [80.22566, 12.69801], [80.22526, 12.6969], [80.22477, 12.69571], [80.22434, 12.6946], [80.22386, 12.69307], [80.2234, 12.69158], [80.22311, 12.69084], [80.22269, 12.6901], [80.22252, 12.68965], [80.22249, 12.68957], [80.22236, 12.68902], [80.22228, 12.68865], [80.22219, 12.68827], [80.22199, 12.68767], [80.2216, 12.68653], [80.22126, 12.68545], [80.22091, 12.68433], [80.22038, 12.68292], [80.22016, 12.68226], [80.21951, 12.68034], [80.21908, 12.67931], [80.21862, 12.67786], [80.21803, 12.67642], [80.21737, 12.6749], [80.21692, 12.67356], [80.21638, 12.67238], [80.21601, 12.67139], [80.21564, 12.67042], [80.21523, 12.66938], [80.21483, 12.66843], [80.21456, 12.66765], [80.21406, 12.66652], [80.21354, 12.66513], [80.21334, 12.66448], [80.21325, 12.66419], [80.21276, 12.66262], [80.21239, 12.66114], [80.21227, 12.66032], [80.21155, 12.65851], [80.2109, 12.6571], [80.21031, 12.65562], [80.20983, 12.65409], [80.2098, 12.65402], [80.20976, 12.65403], [80.20849, 12.65451], [80.20833, 12.65455], [80.20651, 12.65504], [80.20532, 12.65505], [80.20462, 12.65506], [80.20291, 12.65505], [80.19941, 12.65392], [80.19749, 12.65312], [80.19685, 12.65212], [80.19544, 12.64881], [80.19363, 12.64635], [80.1936, 12.64624], [80.19358, 12.64613], [80.19289, 12.64337], [80.19211, 12.63858], [80.19165, 12.63835], [80.19102, 12.63794], [80.1908, 12.63765], [80.19038, 12.63623], [80.18994, 12.63541], [80.18979, 12.63505], [80.18975, 12.6347], [80.18973, 12.63412], [80.18951, 12.63388], [80.18922, 12.63355], [80.18922, 12.63308], [80.18921, 12.63244], [80.18909, 12.63222], [80.18865, 12.63188], [80.18826, 12.63154], [80.18816, 12.63126], [80.18798, 12.6306], [80.18777, 12.63011], [80.18723, 12.62927], [80.18603, 12.62751], [80.18566, 12.62636], [80.18539, 12.62599], [80.1851, 12.62577], [80.18396, 12.62616], [80.18387, 12.62619], [80.18381, 12.62621], [80.18308, 12.62648], [80.18225, 12.6266], [80.18122, 12.62664], [80.17982, 12.6266], [80.17824, 12.62651], [80.17808, 12.6275], [80.17606, 12.62729], [80.17392, 12.62691], [80.1722, 12.62674], [80.17114, 12.62681], [80.16912, 12.62687], [80.1661, 12.62699], [80.16487, 12.62696], [80.16354, 12.62696], [80.16175, 12.62684], [80.16165, 12.62684], [80.16162, 12.62684], [80.16051, 12.62635], [80.15999, 12.62603], [80.15875, 12.62666], [80.15713, 12.62753], [80.15565, 12.62809], [80.15398, 12.62842], [80.1526, 12.62849], [80.1525, 12.62849], [80.15101, 12.62846], [80.14995, 12.62825], [80.14908, 12.62769], [80.1479, 12.62663], [80.14672, 12.62544], [80.14485, 12.62444], [80.14365, 12.62393], [80.14281, 12.62337], [80.14194, 12.62259], [80.14088, 12.62132], [80.14052, 12.62103], [80.13989, 12.62127], [80.13769, 12.62215], [80.13636, 12.62265], [80.13564, 12.62319], [80.13555, 12.62325], [80.13541, 12.62335], [80.1346, 12.62402], [80.13372, 12.62452], [80.13279, 12.62486], [80.13133, 12.62568], [80.13049, 12.62637], [80.12897, 12.62782], [80.1271, 12.62963], [80.127, 12.62972], [80.12678, 12.62963], [80.12558, 12.62905], [80.12471, 12.62855], [80.12375, 12.62897], [80.12345, 12.62908], [80.12286, 12.62929], [80.12172, 12.62993], [80.12161, 12.6324], [80.12118, 12.6362], [80.11651, 12.63813], [80.11637, 12.63794], [80.11319, 12.63372], [80.11162, 12.63367], [80.11056, 12.63176], [80.10946, 12.62962], [80.10906, 12.62869], [80.10929, 12.62811], [80.1092, 12.62811], [80.10915, 12.62811], [80.10765, 12.62802], [80.10651, 12.62806], [80.10585, 12.62843], [80.10542, 12.62904], [80.1052, 12.6289], [80.10504, 12.62877], [80.10462, 12.62872], [80.10314, 12.62937], [80.10254, 12.62978], [80.1021, 12.63026], [80.10176, 12.63021], [80.10124, 12.63], [80.10062, 12.63005], [80.1004, 12.63023], [80.10036, 12.63026], [80.10031, 12.63031], [80.10033, 12.63081], [80.10028, 12.63176], [80.10001, 12.63257], [80.09975, 12.63321], [80.09977, 12.63405], [80.09982, 12.63474], [80.09953, 12.63517], [80.09953, 12.63519], [80.09953, 12.63528], [80.09951, 12.6356], [80.10011, 12.63854], [80.09918, 12.63871], [80.09882, 12.63827], [80.09835, 12.63835], [80.09807, 12.63806], [80.09752, 12.63824], [80.09695, 12.63815], [80.09362, 12.63813], [80.09383, 12.64067], [80.09262, 12.64073], [80.0919, 12.64329], [80.09158, 12.64294], [80.0911, 12.64242], [80.08993, 12.64205], [80.08673, 12.64196], [80.08543, 12.64186], [80.08009, 12.64139], [80.08004, 12.64196], [80.08001, 12.64242], [80.07999, 12.64262], [80.07978, 12.64261], [80.07935, 12.64219], [80.07931, 12.64216], [80.07892, 12.64177], [80.0789, 12.64175], [80.07886, 12.6417], [80.07883, 12.64165], [80.07879, 12.6416], [80.07875, 12.64155], [80.07872, 12.6415], [80.07868, 12.64146], [80.07867, 12.64144], [80.07865, 12.64141], [80.07861, 12.64136], [80.07857, 12.64131], [80.07854, 12.64126], [80.0785, 12.64121], [80.07847, 12.64117], [80.07843, 12.64112], [80.07842, 12.6411], [80.07841, 12.64108], [80.0784, 12.64106], [80.07839, 12.64103], [80.07837, 12.64101], [80.07836, 12.64098], [80.07835, 12.64096], [80.07834, 12.64094], [80.07833, 12.64091], [80.07831, 12.64089], [80.0783, 12.64086], [80.07829, 12.64084], [80.07828, 12.64081], [80.07826, 12.64079], [80.07825, 12.64076], [80.07824, 12.64074], [80.07823, 12.64071], [80.07822, 12.64069], [80.0782, 12.64066], [80.07819, 12.64064], [80.07818, 12.64061], [80.07817, 12.64059], [80.07815, 12.64056], [80.07814, 12.64054], [80.07813, 12.64051], [80.07812, 12.64049], [80.07811, 12.64046], [80.07809, 12.64044], [80.07808, 12.64041], [80.07807, 12.64039], [80.07806, 12.64036], [80.07804, 12.64034], [80.07804, 12.64032], [80.07803, 12.64031], [80.07802, 12.64029], [80.07801, 12.64026], [80.078, 12.64024], [80.07798, 12.64021], [80.07797, 12.64019], [80.07796, 12.64016], [80.07795, 12.64014], [80.07794, 12.64011], [80.07792, 12.64009], [80.07791, 12.64006], [80.07783, 12.63989], [80.07739, 12.63911], [80.07708, 12.63826], [80.07708, 12.63824], [80.07708, 12.63824], [80.07802, 12.63824], [80.07824, 12.63802], [80.07951, 12.63607], [80.07964, 12.63562], [80.07987, 12.63421], [80.07987, 12.63306], [80.08001, 12.63226], [80.08015, 12.62993], [80.08016, 12.62965], [80.08016, 12.62955], [80.08019, 12.6282], [80.07902, 12.62696], [80.07708, 12.62696], [80.07555, 12.627], [80.07537, 12.6274], [80.07527, 12.6278], [80.07537, 12.62917], [80.07545, 12.63015], [80.0746, 12.63015], [80.07419, 12.62997], [80.07338, 12.62966], [80.07266, 12.62948], [80.07211, 12.62935], [80.07157, 12.62868], [80.07126, 12.62797], [80.07126, 12.62762], [80.07144, 12.62713], [80.07184, 12.62629], [80.07202, 12.62572], [80.07198, 12.62505], [80.07184, 12.62412], [80.07266, 12.62381], [80.07442, 12.6231], [80.07406, 12.62084], [80.07379, 12.61911], [80.07355, 12.61922], [80.07225, 12.61982], [80.07031, 12.62066], [80.06895, 12.62124], [80.06895, 12.62186], [80.06922, 12.62177], [80.06945, 12.62266], [80.06959, 12.62399], [80.06967, 12.62519], [80.06959, 12.62576], [80.06909, 12.62682], [80.06886, 12.62642], [80.06886, 12.62589], [80.06818, 12.62439], [80.06651, 12.62421], [80.06615, 12.62429], [80.06611, 12.62461], [80.0662, 12.62496], [80.06647, 12.62541], [80.06525, 12.62563], [80.06516, 12.62483], [80.06455, 12.62496], [80.06315, 12.62527], [80.06188, 12.62536], [80.06121, 12.62549], [80.06062, 12.62651], [80.06012, 12.62744], [80.05976, 12.62647], [80.05947, 12.62511], [80.05918, 12.62416], [80.05881, 12.62403], [80.05741, 12.62429], [80.05615, 12.62456], [80.05647, 12.6258], [80.05637, 12.62651], [80.05637, 12.62731], [80.05642, 12.62855], [80.05651, 12.63108], [80.0566, 12.63321], [80.05674, 12.63467], [80.05633, 12.63538], [80.05574, 12.63682], [80.05571, 12.63688], [80.05527, 12.63735], [80.0548, 12.63784], [80.05336, 12.63949], [80.05225, 12.64073], [80.05219, 12.64078], [80.05146, 12.64132], [80.05172, 12.64228], [80.05197, 12.64318], [80.05216, 12.64417], [80.05205, 12.64429], [80.05196, 12.64439], [80.05153, 12.64471], [80.05125, 12.64491], [80.05098, 12.64511], [80.0504, 12.64552], [80.04974, 12.64604], [80.04926, 12.64621], [80.04869, 12.64618], [80.04812, 12.64615], [80.04748, 12.64617], [80.04476, 12.64635], [80.04333, 12.64697], [80.04236, 12.64732], [80.04102, 12.64801], [80.0401, 12.64852], [80.03874, 12.64935], [80.03764, 12.65009], [80.03689, 12.65045], [80.03649, 12.65068], [80.0353, 12.65119], [80.03467, 12.6506], [80.03398, 12.65105], [80.03338, 12.65145], [80.03275, 12.65215], [80.03235, 12.65274], [80.03199, 12.65361], [80.0315, 12.65475], [80.03156, 12.65582], [80.03137, 12.65679], [80.03105, 12.65745], [80.03067, 12.65875], [80.03052, 12.65934], [80.03049, 12.65943], [80.02859, 12.65977], [80.02755, 12.65969], [80.02637, 12.65947], [80.02536, 12.65938], [80.02616, 12.66139], [80.0262, 12.66147], [80.02623, 12.66148], [80.02636, 12.66151], [80.02664, 12.66157], [80.02686, 12.66191], [80.02747, 12.66344], [80.02949, 12.66334], [80.03092, 12.66311], [80.03175, 12.66297], [80.03308, 12.663], [80.03372, 12.66301], [80.03385, 12.66299], [80.03388, 12.66298], [80.03396, 12.66297], [80.03397, 12.66369], [80.03395, 12.66375], [80.03388, 12.66376], [80.03282, 12.66401], [80.03157, 12.66436], [80.02914, 12.66504], [80.02787, 12.66503], [80.02659, 12.66529], [80.02515, 12.66575], [80.02521, 12.66669], [80.02535, 12.66713], [80.02448, 12.66801], [80.02532, 12.66884], [80.02637, 12.67003], [80.02686, 12.67128], [80.02649, 12.67203], [80.02544, 12.67291], [80.02424, 12.6743], [80.02352, 12.67484], [80.02482, 12.67911], [80.02491, 12.67941], [80.02794, 12.67699], [80.0324, 12.67374], [80.03224, 12.67365], [80.03131, 12.67307], [80.03175, 12.67299], [80.03357, 12.67263], [80.03441, 12.67257], [80.03525, 12.67371], [80.03602, 12.67447], [80.03665, 12.67464], [80.03744, 12.67486], [80.03772, 12.67547], [80.03835, 12.67698], [80.0384, 12.67711], [80.03921, 12.67906], [80.04226, 12.67821], [80.04237, 12.67818], [80.04334, 12.68457], [80.04336, 12.68468], [80.04494, 12.68428], [80.04774, 12.68357], [80.04778, 12.68273], [80.04863, 12.68268], [80.04873, 12.68362], [80.04905, 12.68361], [80.05252, 12.68353], [80.05284, 12.68397], [80.05307, 12.68452], [80.05333, 12.68512], [80.05368, 12.688], [80.05376, 12.68869], [80.05392, 12.68991], [80.05391, 12.6907], [80.05364, 12.69173], [80.05307, 12.6925], [80.05215, 12.69309], [80.05106, 12.69397], [80.05095, 12.69425], [80.05099, 12.69482], [80.05118, 12.69648], [80.05089, 12.69726], [80.05088, 12.69727], [80.05054, 12.69765], [80.05042, 12.69808], [80.05062, 12.69812], [80.05166, 12.69777], [80.05198, 12.69765], [80.05218, 12.69821], [80.05265, 12.69897], [80.05301, 12.69906], [80.05329, 12.69902], [80.05369, 12.69886], [80.05425, 12.69851], [80.05449, 12.69867], [80.05453, 12.69903], [80.05437, 12.6993], [80.05436, 12.6995], [80.05433, 12.69962], [80.05424, 12.69994], [80.05412, 12.70004], [80.054, 12.70014], [80.05349, 12.70016], [80.05313, 12.70023], [80.05266, 12.70031], [80.05194, 12.70071], [80.0515, 12.70103], [80.05135, 12.70124], [80.05114, 12.70154], [80.05078, 12.7019], [80.05046, 12.70202], [80.05018, 12.70194], [80.04924, 12.70158], [80.04853, 12.70136], [80.0474, 12.70101], [80.0472, 12.70217], [80.04751, 12.70383], [80.04756, 12.7041], [80.04879, 12.70515], [80.04966, 12.70572], [80.05146, 12.70503], [80.05151, 12.70501], [80.05192, 12.70484], [80.0523, 12.70469], [80.05276, 12.70548], [80.05305, 12.70614], [80.0531, 12.7062], [80.05341, 12.70658], [80.05341, 12.70681], [80.05292, 12.70784], [80.0528, 12.70815], [80.05247, 12.70902], [80.05242, 12.70916], [80.05257, 12.70982], [80.0527, 12.71036], [80.05216, 12.71087], [80.05201, 12.71097], [80.05188, 12.71106], [80.05205, 12.71189], [80.05212, 12.71227], [80.05195, 12.71246], [80.05195, 12.71251], [80.05197, 12.71279], [80.05199, 12.71332], [80.05176, 12.71347], [80.05135, 12.71383], [80.05122, 12.71432], [80.05094, 12.71449], [80.05121, 12.71476], [80.05122, 12.71478], [80.05352, 12.71285], [80.05372, 12.71258], [80.05408, 12.71276], [80.05412, 12.71321], [80.05414, 12.71335], [80.05429, 12.71416], [80.05432, 12.71438], [80.05436, 12.71496], [80.05446, 12.7155], [80.0545, 12.71596], [80.05408, 12.71637], [80.05365, 12.7163], [80.05291, 12.7161], [80.05223, 12.7161], [80.05183, 12.71616], [80.05181, 12.71616], [80.05178, 12.71661], [80.0519, 12.71782], [80.0519, 12.71805], [80.05191, 12.71827], [80.05191, 12.71845], [80.05195, 12.71987], [80.05195, 12.72042], [80.05193, 12.7209], [80.052, 12.72184], [80.0521, 12.72377], [80.05218, 12.72472], [80.05219, 12.72477], [80.05218, 12.72573], [80.05217, 12.72638], [80.05184, 12.72663], [80.05135, 12.72688], [80.05086, 12.72713], [80.04992, 12.7275], [80.04883, 12.72799], [80.04807, 12.72834], [80.04767, 12.72841], [80.04719, 12.72839], [80.04715, 12.72839], [80.04671, 12.72836], [80.04649, 12.72913], [80.04641, 12.7294], [80.04683, 12.72959], [80.04673, 12.72998], [80.04668, 12.73015], [80.04599, 12.73022], [80.04561, 12.7303], [80.04524, 12.73038], [80.04501, 12.73044], [80.045, 12.73091], [80.04504, 12.73116], [80.04561, 12.73118], [80.04652, 12.73122], [80.04655, 12.73091], [80.04703, 12.73092], [80.04751, 12.73092], [80.04754, 12.73113], [80.04808, 12.73113], [80.04807, 12.73206], [80.04822, 12.73285], [80.04827, 12.73363], [80.04886, 12.73384], [80.04952, 12.73395], [80.04951, 12.73376], [80.0495, 12.73363], [80.04949, 12.73358], [80.04997, 12.73355], [80.05044, 12.73353], [80.05044, 12.73359], [80.05045, 12.73397], [80.05114, 12.73402], [80.05211, 12.73414], [80.05227, 12.73416], [80.05254, 12.7342], [80.05298, 12.73427], [80.05303, 12.73454], [80.05295, 12.73468], [80.05288, 12.73483], [80.05275, 12.73505], [80.05263, 12.73527], [80.05251, 12.73555], [80.05245, 12.73582], [80.05239, 12.73608], [80.05233, 12.73636], [80.052, 12.73635], [80.05167, 12.73633], [80.05143, 12.73642], [80.05126, 12.7368], [80.0512, 12.73716], [80.05113, 12.73751], [80.05145, 12.73763], [80.05177, 12.73775], [80.05168, 12.7384], [80.05152, 12.73911], [80.05104, 12.7387], [80.05015, 12.73792], [80.04988, 12.73769], [80.04906, 12.73698], [80.04952, 12.73934], [80.05119, 12.74145], [80.0535, 12.74438], [80.05351, 12.7444], [80.05375, 12.74502], [80.05501, 12.74827], [80.05566, 12.74881], [80.05888, 12.75146], [80.06008, 12.75135], [80.06094, 12.75137], [80.06184, 12.75139], [80.06311, 12.75152], [80.06383, 12.75136], [80.06451, 12.75136], [80.06527, 12.75153], [80.07143, 12.75189], [80.07205, 12.75192], [80.07246, 12.75236], [80.07285, 12.75306], [80.07309, 12.75386], [80.07301, 12.75443], [80.07282, 12.75585], [80.07284, 12.75675], [80.07319, 12.75784], [80.07394, 12.75951], [80.07424, 12.75978], [80.07547, 12.75982], [80.07604, 12.75984], [80.07679, 12.75987], [80.07791, 12.75985], [80.0787, 12.7597], [80.07971, 12.75939], [80.07997, 12.75931], [80.08037, 12.75923], [80.08047, 12.75935], [80.08048, 12.75936], [80.08112, 12.76001], [80.08232, 12.76101], [80.08339, 12.76209], [80.08504, 12.76346], [80.08569, 12.76414], [80.08645, 12.7651], [80.08714, 12.76626], [80.08774, 12.76741], [80.08873, 12.76895], [80.08968, 12.77057], [80.0904, 12.77134], [80.09051, 12.77145], [80.09148, 12.77202], [80.09196, 12.77206], [80.09279, 12.77194], [80.09376, 12.77166], [80.09414, 12.77146], [80.09424, 12.77141], [80.0945, 12.77134], [80.09526, 12.77116], [80.0961, 12.77083], [80.09764, 12.77008], [80.09833, 12.76979], [80.09973, 12.76912], [80.10053, 12.76871], [80.10165, 12.76824], [80.10291, 12.7678], [80.10384, 12.76747], [80.10482, 12.76701], [80.10533, 12.7666], [80.10637, 12.76586], [80.10714, 12.76498], [80.10797, 12.76436], [80.10838, 12.76393], [80.10879, 12.76351], [80.10982, 12.76268], [80.11154, 12.76182], [80.11188, 12.76165], [80.11297, 12.76138], [80.11676, 12.75997], [80.11874, 12.75931], [80.11874, 12.75931], [80.11874, 12.7593], [80.11869, 12.7591], [80.11856, 12.75822], [80.1183, 12.75672], [80.11862, 12.75589], [80.11858, 12.75549], [80.11973, 12.75537], [80.12094, 12.75524], [80.121, 12.75568], [80.12204, 12.75572], [80.12235, 12.75563], [80.12234, 12.75492], [80.12339, 12.75494], [80.12336, 12.75459], [80.1239, 12.75406], [80.12465, 12.75452], [80.12499, 12.75445], [80.126, 12.75432], [80.12705, 12.75381], [80.12869, 12.75365], [80.12992, 12.75347], [80.13113, 12.75325], [80.13208, 12.7532], [80.13215, 12.75352], [80.13226, 12.75415], [80.13216, 12.75428], [80.13203, 12.75445], [80.1311, 12.75547], [80.1291, 12.75771], [80.13037, 12.75797], [80.13159, 12.75808], [80.13378, 12.75829], [80.13405, 12.75908], [80.13433, 12.75987], [80.13459, 12.76121], [80.13407, 12.76129], [80.13405, 12.7613], [80.1342, 12.76194], [80.13393, 12.76199], [80.13313, 12.76217], [80.13135, 12.76256], [80.13049, 12.76277], [80.13021, 12.76237], [80.12988, 12.76187], [80.12966, 12.76177], [80.1289, 12.76143], [80.12889, 12.76142], [80.1286, 12.76132], [80.1275, 12.76121], [80.12658, 12.76167], [80.12691, 12.76195], [80.12855, 12.76388], [80.13111, 12.76654], [80.13187, 12.76751], [80.13347, 12.76955], [80.13474, 12.77149], [80.13476, 12.77154], [80.13534, 12.77257], [80.13632, 12.77409], [80.13635, 12.77439], [80.13405, 12.77758], [80.13295, 12.77916], [80.1319, 12.78066], [80.13173, 12.78088], [80.13146, 12.7812], [80.13014, 12.78316], [80.12929, 12.78402], [80.13034, 12.78514], [80.13127, 12.78604], [80.13218, 12.78693], [80.13303, 12.78789], [80.13382, 12.78883], [80.13432, 12.78978], [80.13438, 12.78989], [80.13503, 12.791], [80.1356, 12.79197], [80.13589, 12.79256], [80.13617, 12.79315], [80.13669, 12.79426], [80.13715, 12.79532], [80.13738, 12.79508], [80.13864, 12.79505], [80.14089, 12.79492], [80.14207, 12.79483], [80.14351, 12.79492], [80.14374, 12.79493], [80.14467, 12.795], [80.14489, 12.79507], [80.14489, 12.79509], [80.14498, 12.79635], [80.14505, 12.79872], [80.14513, 12.79963], [80.14704, 12.79986], [80.14755, 12.80124], [80.14813, 12.80407], [80.14907, 12.80621], [80.14984, 12.80801], [80.14981, 12.8094], [80.14981, 12.80947], [80.14981, 12.80949], [80.14896, 12.80873], [80.1489, 12.80867], [80.14887, 12.80864], [80.14798, 12.80786], [80.14798, 12.80787], [80.14795, 12.80925], [80.14795, 12.80927], [80.1479, 12.81143], [80.14666, 12.81294], [80.14635, 12.81312], [80.14638, 12.81372], [80.14629, 12.81395], [80.14495, 12.81431], [80.14425, 12.81448], [80.14314, 12.81515], [80.14218, 12.81573], [80.14103, 12.81629], [80.14014, 12.81681], [80.13931, 12.81737], [80.13839, 12.81782], [80.13766, 12.81821], [80.13785, 12.81882], [80.13807, 12.81994], [80.13809, 12.82], [80.13817, 12.82027], [80.13822, 12.82053], [80.13838, 12.82074], [80.13903, 12.82198], [80.13969, 12.82341], [80.14076, 12.82548], [80.14183, 12.8275], [80.1412, 12.82762], [80.14064, 12.8278], [80.1404, 12.82798], [80.14008, 12.82823], [80.13966, 12.82861], [80.13885, 12.82947], [80.13811, 12.83026], [80.13663, 12.83174], [80.13566, 12.83335], [80.13539, 12.83377], [80.13502, 12.83464], [80.13489, 12.83537], [80.13472, 12.83567], [80.1352, 12.83622], [80.1358, 12.83763], [80.13619, 12.84051], [80.13663, 12.8433], [80.13776, 12.84613], [80.13913, 12.84916], [80.14053, 12.85254], [80.14099, 12.85387], [80.14125, 12.85462], [80.14174, 12.85691], [80.14416, 12.85694], [80.14503, 12.85687], [80.14564, 12.85681], [80.14632, 12.85674], [80.14672, 12.85659], [80.14786, 12.8562], [80.14879, 12.85569], [80.14946, 12.8552], [80.15038, 12.85481], [80.15164, 12.85426], [80.15308, 12.8536], [80.15385, 12.85326], [80.15465, 12.85294], [80.15486, 12.85293], [80.15551, 12.8529], [80.15631, 12.85289], [80.15664, 12.85315], [80.1577, 12.85387], [80.15851, 12.85407], [80.15933, 12.85427], [80.16142, 12.85477], [80.16244, 12.855], [80.16407, 12.85529], [80.16479, 12.85533], [80.16532, 12.85564], [80.16614, 12.8565], [80.16697, 12.85692], [80.16789, 12.85723], [80.16866, 12.85802], [80.16898, 12.85849], [80.16955, 12.859], [80.16963, 12.85932], [80.16964, 12.85956], [80.17071, 12.85942], [80.17168, 12.85982], [80.17189, 12.8618], [80.17212, 12.86322], [80.17305, 12.8645], [80.17402, 12.86564], [80.1742, 12.86596], [80.17432, 12.86617], [80.17447, 12.86643], [80.17464, 12.86673], [80.17474, 12.86722], [80.17548, 12.86748], [80.17553, 12.86749], [80.17551, 12.86784], [80.17608, 12.86763], [80.17631, 12.8671], [80.17708, 12.86645], [80.17764, 12.86594], [80.17787, 12.86552], [80.17863, 12.86495], [80.17904, 12.86473], [80.17956, 12.86433], [80.18004, 12.86408], [80.18109, 12.86369], [80.18195, 12.86345], [80.18298, 12.86316], [80.18377, 12.8628], [80.18448, 12.86262], [80.18511, 12.86197], [80.18554, 12.86085], [80.18609, 12.8599], [80.18626, 12.85938], [80.18652, 12.85907], [80.18647, 12.85901], [80.18704, 12.85854], [80.18785, 12.85838], [80.18847, 12.8582], [80.18888, 12.85779], [80.18945, 12.85729], [80.19053, 12.85609], [80.19077, 12.8553], [80.1911, 12.85284], [80.19105, 12.85162], [80.19122, 12.85104], [80.19206, 12.85076], [80.19324, 12.85139], [80.19465, 12.85267], [80.19536, 12.85342], [80.19648, 12.85433], [80.19723, 12.85478], [80.19754, 12.85535], [80.19754, 12.85536], [80.19778, 12.85585], [80.19811, 12.85616], [80.1979, 12.85731], [80.19767, 12.85768], [80.19741, 12.85899], [80.19763, 12.861], [80.19827, 12.86254], [80.199, 12.86408], [80.1996, 12.8657], [80.2002, 12.86665], [80.20033, 12.86716], [80.20082, 12.86866], [80.20134, 12.8702], [80.20187, 12.87125], [80.20209, 12.87164], [80.2022, 12.87184], [80.20372, 12.87273], [80.20373, 12.87275], [80.20373, 12.87276], [80.20419, 12.87391], [80.20471, 12.87478], [80.20535, 12.87537], [80.20673, 12.87557], [80.20771, 12.87569], [80.20805, 12.87507], [80.20893, 12.87285], [80.20959, 12.8709], [80.21014, 12.86927], [80.21112, 12.86636], [80.21202, 12.86334], [80.21288, 12.86085], [80.21388, 12.85944], [80.21478, 12.8584], [80.21542, 12.85766], [80.21559, 12.85721], [80.21585, 12.8567], [80.21658, 12.85642], [80.2172, 12.85616], [80.21741, 12.85557], [80.21776, 12.85455], [80.21958, 12.85405], [80.22002, 12.85251], [80.22252, 12.85232]]]}}, {"type": "Feature", "properties": {"taluk": "Tiruvottiyur", "district": "Chennai", "state": "Tamil Nadu"}, "geometry": {"type": "Polygon", "coordinates": [[[80.33188, 13.23544], [80.33188, 13.23471], [80.332, 13.23494], [80.33218, 13.23515], [80.33236, 13.23528], [80.33253, 13.23533], [80.33271, 13.23538], [80.33293, 13.23539], [80.33314, 13.23534], [80.33323, 13.23529], [80.33331, 13.2352], [80.33336, 13.23511], [80.33339, 13.23503], [80.33342, 13.23493], [80.33343, 13.23483], [80.33318, 13.23428], [80.3321, 13.23212], [80.33187, 13.23148], [80.33152, 13.23045], [80.33119, 13.22961], [80.33042, 13.22756], [80.33006, 13.22647], [80.32977, 13.22571], [80.32931, 13.22472], [80.32916, 13.22413], [80.32837, 13.22093], [80.32827, 13.22033], [80.32791, 13.21877], [80.32769, 13.21802], [80.32718, 13.21617], [80.32668, 13.21443], [80.32652, 13.21374], [80.32629, 13.21285], [80.32601, 13.21181], [80.32543, 13.20966], [80.32525, 13.20902], [80.3248, 13.20709], [80.32463, 13.20649], [80.32433, 13.20497], [80.32402, 13.20356], [80.32402, 13.20355], [80.32401, 13.20348], [80.32383, 13.20295], [80.32321, 13.20099], [80.32247, 13.19851], [80.32178, 13.19637], [80.32156, 13.1957], [80.32096, 13.19359], [80.32039, 13.19193], [80.32029, 13.19167], [80.32022, 13.19134], [80.32017, 13.19106], [80.32008, 13.19069], [80.31962, 13.18954], [80.31895, 13.18753], [80.31859, 13.18662], [80.31829, 13.18574], [80.31783, 13.18456], [80.31749, 13.18353], [80.31709, 13.18243], [80.31661, 13.18145], [80.31627, 13.18074], [80.31609, 13.18021], [80.31591, 13.17929], [80.31583, 13.17842], [80.31555, 13.17761], [80.31535, 13.17734], [80.31466, 13.1764], [80.31424, 13.17565], [80.31392, 13.17519], [80.31371, 13.17457], [80.31346, 13.17325], [80.31327, 13.17268], [80.31234, 13.17053], [80.31238, 13.1699], [80.3128, 13.16952], [80.3129, 13.16887], [80.31289, 13.16788], [80.31278, 13.16745], [80.31267, 13.16721], [80.31232, 13.16639], [80.31149, 13.16451], [80.31077, 13.16269], [80.31036, 13.16177], [80.31012, 13.16147], [80.30989, 13.16112], [80.30972, 13.16079], [80.30939, 13.15979], [80.30939, 13.15979], [80.30925, 13.15933], [80.30913, 13.15898], [80.30883, 13.15818], [80.30861, 13.15763], [80.30828, 13.15685], [80.30763, 13.15521], [80.30742, 13.15468], [80.30713, 13.15415], [80.30676, 13.15349], [80.3062, 13.15259], [80.30555, 13.15154], [80.30459, 13.15022], [80.30412, 13.14941], [80.30351, 13.14807], [80.30336, 13.14768], [80.30335, 13.14734], [80.30337, 13.147], [80.30335, 13.14668], [80.30321, 13.14632], [80.30293, 13.14563], [80.30246, 13.14485], [80.30208, 13.14434], [80.30169, 13.14385], [80.30131, 13.1434], [80.30112, 13.14309], [80.3011, 13.1431], [80.30014, 13.14334], [80.30006, 13.14336], [80.29731, 13.14407], [80.29729, 13.14405], [80.29729, 13.14405], [80.29723, 13.14399], [80.29719, 13.14396], [80.29716, 13.14394], [80.29707, 13.14393], [80.29706, 13.14393], [80.29706, 13.14393], [80.29702, 13.14395], [80.29697, 13.14397], [80.29689, 13.14404], [80.29689, 13.14404], [80.29689, 13.14404], [80.29686, 13.14407], [80.29672, 13.14422], [80.29672, 13.14422], [80.29672, 13.14422], [80.29672, 13.14423], [80.29666, 13.14427], [80.29664, 13.14427], [80.2966, 13.14427], [80.29657, 13.14427], [80.29654, 13.14427], [80.29654, 13.14427], [80.29612, 13.14428], [80.29537, 13.1443], [80.29402, 13.14434], [80.2938, 13.14435], [80.29358, 13.14436], [80.29358, 13.14435], [80.29358, 13.14435], [80.29354, 13.14402], [80.29348, 13.14393], [80.29348, 13.14393], [80.29348, 13.14393], [80.2934, 13.14388], [80.2934, 13.14388], [80.29333, 13.14387], [80.29326, 13.14386], [80.29326, 13.14386], [80.29284, 13.1439], [80.29258, 13.14392], [80.29117, 13.14404], [80.29064, 13.14414], [80.29064, 13.14414], [80.29031, 13.14426], [80.29029, 13.14427], [80.29029, 13.14427], [80.29028, 13.14428], [80.29027, 13.14428], [80.29027, 13.14428], [80.28937, 13.14473], [80.28869, 13.14507], [80.28836, 13.14523], [80.28836, 13.14523], [80.28835, 13.14523], [80.28835, 13.14524], [80.28834, 13.14524], [80.28834, 13.14524], [80.28833, 13.14524], [80.28832, 13.14525], [80.28832, 13.14525], [80.28787, 13.14542], [80.28786, 13.14542], [80.2874, 13.1456], [80.28739, 13.1456], [80.28739, 13.1456], [80.28738, 13.1456], [80.28737, 13.14561], [80.28636, 13.14597], [80.28631, 13.14594], [80.28627, 13.14592], [80.28182, 13.1436], [80.28181, 13.1436], [80.28181, 13.1436], [80.2817, 13.14353], [80.28074, 13.14297], [80.28031, 13.14272], [80.2803, 13.14272], [80.28029, 13.14271], [80.28025, 13.14269], [80.28025, 13.14269], [80.28021, 13.14267], [80.28021, 13.14267], [80.2777, 13.14117], [80.27688, 13.1407], [80.27568, 13.14003], [80.27568, 13.14003], [80.27559, 13.13998], [80.27415, 13.13917], [80.2741, 13.13918], [80.27399, 13.1392], [80.27382, 13.13924], [80.27347, 13.13927], [80.26936, 13.14008], [80.26525, 13.14089], [80.26525, 13.1409], [80.26525, 13.1409], [80.26528, 13.1412], [80.26571, 13.14521], [80.2658, 13.14598], [80.26602, 13.14702], [80.26758, 13.14706], [80.26758, 13.14707], [80.26759, 13.14707], [80.26764, 13.14745], [80.26773, 13.14802], [80.26809, 13.148], [80.2682, 13.14799], [80.26822, 13.14816], [80.26825, 13.14827], [80.26825, 13.14827], [80.26824, 13.14827], [80.26819, 13.14829], [80.26692, 13.14867], [80.26604, 13.14906], [80.26541, 13.14944], [80.26352, 13.1499], [80.26081, 13.15019], [80.2606, 13.15017], [80.25979, 13.15023], [80.25946, 13.15002], [80.25819, 13.14985], [80.25842, 13.1507], [80.25862, 13.15227], [80.25878, 13.15366], [80.25928, 13.15567], [80.25928, 13.15737], [80.25956, 13.15924], [80.25954, 13.16023], [80.25868, 13.16196], [80.2586, 13.16205], [80.25818, 13.16249], [80.25815, 13.16251], [80.25673, 13.16362], [80.25405, 13.16506], [80.25174, 13.16557], [80.25166, 13.1656], [80.25053, 13.166], [80.24863, 13.16605], [80.24309, 13.16828], [80.24183, 13.16758], [80.24183, 13.16771], [80.24183, 13.16989], [80.24179, 13.17114], [80.24245, 13.17331], [80.24341, 13.1761], [80.24403, 13.17916], [80.24476, 13.18009], [80.24475, 13.18014], [80.24448, 13.18134], [80.24441, 13.18137], [80.24317, 13.18187], [80.24314, 13.18193], [80.24259, 13.18304], [80.24313, 13.1842], [80.2421, 13.18538], [80.24209, 13.18538], [80.24005, 13.1855], [80.23774, 13.1853], [80.2342, 13.1847], [80.23094, 13.18442], [80.22977, 13.1842], [80.22974, 13.18419], [80.22868, 13.18399], [80.22717, 13.18379], [80.22694, 13.18376], [80.22685, 13.18375], [80.22538, 13.18375], [80.22449, 13.18398], [80.22396, 13.18426], [80.22395, 13.18431], [80.22375, 13.18538], [80.22294, 13.18766], [80.22244, 13.19005], [80.22216, 13.19085], [80.22275, 13.19581], [80.22267, 13.19765], [80.22227, 13.19837], [80.22239, 13.19936], [80.22275, 13.19976], [80.22706, 13.1981], [80.23042, 13.19699], [80.23182, 13.19651], [80.2335, 13.19635], [80.23455, 13.19633], [80.23541, 13.19667], [80.23589, 13.19771], [80.23624, 13.19917], [80.2364, 13.20197], [80.23589, 13.20386], [80.23678, 13.2038], [80.23745, 13.20354], [80.23808, 13.20318], [80.23845, 13.20279], [80.23873, 13.20219], [80.23885, 13.20156], [80.23855, 13.19948], [80.24381, 13.19892], [80.24858, 13.19864], [80.24884, 13.19865], [80.24888, 13.19865], [80.24897, 13.20035], [80.24904, 13.20159], [80.24902, 13.20282], [80.249, 13.20343], [80.24906, 13.20472], [80.24967, 13.20481], [80.24989, 13.20545], [80.24999, 13.20609], [80.25161, 13.2058], [80.25277, 13.20571], [80.25407, 13.20581], [80.25534, 13.20586], [80.25604, 13.20588], [80.25652, 13.20547], [80.25698, 13.20484], [80.25767, 13.20477], [80.25838, 13.20455], [80.25947, 13.20434], [80.26016, 13.20425], [80.26134, 13.20401], [80.26197, 13.20389], [80.26389, 13.20359], [80.2653, 13.20335], [80.26656, 13.20329], [80.26721, 13.20329], [80.26848, 13.20328], [80.26915, 13.20324], [80.26976, 13.20327], [80.27044, 13.20327], [80.27087, 13.20384], [80.27132, 13.20435], [80.27132, 13.20435], [80.27132, 13.20437], [80.27079, 13.20624], [80.27081, 13.20633], [80.27165, 13.212], [80.2724, 13.21638], [80.27268, 13.21806], [80.27174, 13.22005], [80.27079, 13.22161], [80.27056, 13.22299], [80.27049, 13.22347], [80.2707, 13.22408], [80.27076, 13.22425], [80.27113, 13.22532], [80.27313, 13.22747], [80.27531, 13.22933], [80.27773, 13.23043], [80.28074, 13.2305], [80.28281, 13.22993], [80.28429, 13.22842], [80.28427, 13.22834], [80.28382, 13.22599], [80.2838, 13.22543], [80.28377, 13.22466], [80.28377, 13.22304], [80.2839, 13.2213], [80.28467, 13.21986], [80.28615, 13.21888], [80.28816, 13.21854], [80.29058, 13.21854], [80.293, 13.21716], [80.29478, 13.21502], [80.29661, 13.21358], [80.29735, 13.21326], [80.29874, 13.21266], [80.30075, 13.21267], [80.30335, 13.21285], [80.30582, 13.21384], [80.31011, 13.21603], [80.31012, 13.21603], [80.31021, 13.21608], [80.31086, 13.21692], [80.31129, 13.21752], [80.31267, 13.21954], [80.3137, 13.2212], [80.3148, 13.2229], [80.31523, 13.22344], [80.316, 13.2244], [80.31677, 13.22534], [80.31747, 13.22645], [80.31758, 13.22703], [80.31759, 13.2277], [80.31766, 13.22897], [80.31768, 13.22957], [80.31768, 13.22962], [80.31769, 13.22962], [80.31833, 13.22986], [80.31893, 13.23005], [80.31959, 13.23026], [80.32014, 13.23053], [80.32079, 13.23076], [80.32139, 13.23102], [80.32307, 13.23154], [80.32446, 13.23211], [80.32506, 13.23236], [80.32621, 13.23299], [80.32733, 13.23372], [80.32836, 13.23441], [80.32893, 13.23476], [80.32954, 13.23505], [80.33013, 13.2351], [80.33076, 13.23521], [80.33136, 13.23539], [80.33188, 13.23544]]]}}, {"type": "Feature", "properties": {"taluk": "Tondiarpet", "district": "Chennai", "state": "Tamil Nadu"}, "geometry": {"type": "Polygon", "coordinates": [[[80.28737, 13.14561], [80.28738, 13.1456], [80.28739, 13.1456], [80.28739, 13.1456], [80.2874, 13.1456], [80.28786, 13.14542], [80.28787, 13.14542], [80.28832, 13.14525], [80.28832, 13.14525], [80.28833, 13.14524], [80.28834, 13.14524], [80.28834, 13.14524], [80.28835, 13.14524], [80.28835, 13.14523], [80.28836, 13.14523], [80.28836, 13.14523], [80.28869, 13.14507], [80.28937, 13.14473], [80.29027, 13.14428], [80.29027, 13.14428], [80.29028, 13.14428], [80.29029, 13.14427], [80.29029, 13.14427], [80.29031, 13.14426], [80.29064, 13.14414], [80.29064, 13.14414], [80.29117, 13.14404], [80.29258, 13.14392], [80.29284, 13.1439], [80.29326, 13.14386], [80.29326, 13.14386], [80.29333, 13.14387], [80.2934, 13.14388], [80.2934, 13.14388], [80.29348, 13.14393], [80.29348, 13.14393], [80.29348, 13.14393], [80.29354, 13.14402], [80.29358, 13.14435], [80.29358, 13.14435], [80.29358, 13.14436], [80.2938, 13.14435], [80.29402, 13.14434], [80.29537, 13.1443], [80.29612, 13.14428], [80.29654, 13.14427], [80.29654, 13.14427], [80.29657, 13.14427], [80.2966, 13.14427], [80.29664, 13.14427], [80.29666, 13.14427], [80.29672, 13.14423], [80.29672, 13.14422], [80.29672, 13.14422], [80.29672, 13.14422], [80.29686, 13.14407], [80.29689, 13.14404], [80.29689, 13.14404], [80.29689, 13.14404], [80.29697, 13.14397], [80.29702, 13.14395], [80.29706, 13.14393], [80.29706, 13.14393], [80.29707, 13.14393], [80.29716, 13.14394], [80.29719, 13.14396], [80.29723, 13.14399], [80.29729, 13.14405], [80.29729, 13.14405], [80.29731, 13.14407], [80.30006, 13.14336], [80.30014, 13.14334], [80.3011, 13.1431], [80.30112, 13.14309], [80.30093, 13.14279], [80.30065, 13.14232], [80.3004, 13.14175], [80.30014, 13.14114], [80.29971, 13.14025], [80.29941, 13.13964], [80.29895, 13.13878], [80.29852, 13.13774], [80.29844, 13.13749], [80.29839, 13.13725], [80.29836, 13.137], [80.29835, 13.13668], [80.29835, 13.13651], [80.29835, 13.13638], [80.29832, 13.13628], [80.29817, 13.13593], [80.29798, 13.13554], [80.29794, 13.13542], [80.29791, 13.13528], [80.29792, 13.13513], [80.29795, 13.13495], [80.29804, 13.13475], [80.29813, 13.13467], [80.29832, 13.13462], [80.29848, 13.13462], [80.29861, 13.13466], [80.29876, 13.13468], [80.29893, 13.13468], [80.29914, 13.13465], [80.29984, 13.13453], [80.30063, 13.13441], [80.30142, 13.13427], [80.30163, 13.1342], [80.30202, 13.13405], [80.30227, 13.13394], [80.30272, 13.13367], [80.30298, 13.13342], [80.30316, 13.13317], [80.30324, 13.13303], [80.30331, 13.13283], [80.30339, 13.13263], [80.30358, 13.13221], [80.30367, 13.13198], [80.30399, 13.13145], [80.30414, 13.13124], [80.30425, 13.13096], [80.30425, 13.1306], [80.30423, 13.13039], [80.30421, 13.13029], [80.30414, 13.13018], [80.30402, 13.1301], [80.30394, 13.13005], [80.30388, 13.13], [80.30382, 13.12991], [80.30375, 13.12977], [80.30372, 13.12968], [80.30367, 13.12958], [80.30362, 13.12952], [80.30357, 13.12947], [80.30352, 13.12943], [80.30343, 13.1294], [80.30329, 13.12939], [80.30318, 13.12943], [80.30289, 13.12968], [80.30274, 13.12985], [80.3025, 13.1301], [80.3022, 13.13056], [80.30194, 13.131], [80.30179, 13.13126], [80.30174, 13.13136], [80.30172, 13.13146], [80.30172, 13.13157], [80.3017, 13.13166], [80.30163, 13.13176], [80.30156, 13.13184], [80.30144, 13.13193], [80.30108, 13.13221], [80.30051, 13.13251], [80.30012, 13.13266], [80.2998, 13.13275], [80.29959, 13.13279], [80.29938, 13.13279], [80.29922, 13.13275], [80.29911, 13.1327], [80.29891, 13.13266], [80.2988, 13.13266], [80.29852, 13.13273], [80.29816, 13.13284], [80.29808, 13.13286], [80.29798, 13.13283], [80.29784, 13.13271], [80.29766, 13.1324], [80.29748, 13.13196], [80.29743, 13.13135], [80.29751, 13.13064], [80.29763, 13.13004], [80.29768, 13.12993], [80.29774, 13.12984], [80.29784, 13.12976], [80.29821, 13.12966], [80.29851, 13.12957], [80.29873, 13.12948], [80.29903, 13.12935], [80.2991, 13.1293], [80.29915, 13.12919], [80.29915, 13.12906], [80.2991, 13.12895], [80.29906, 13.12882], [80.29897, 13.12857], [80.29804, 13.12697], [80.29766, 13.12634], [80.29743, 13.12568], [80.29732, 13.12502], [80.29728, 13.12488], [80.29725, 13.12481], [80.29713, 13.12476], [80.29704, 13.12474], [80.29695, 13.12473], [80.29683, 13.1247], [80.29673, 13.12464], [80.29671, 13.12454], [80.29671, 13.12441], [80.29671, 13.12425], [80.29674, 13.12413], [80.2968, 13.12403], [80.29686, 13.12393], [80.29708, 13.12378], [80.29778, 13.12303], [80.29819, 13.12278], [80.2984, 13.1227], [80.29865, 13.12267], [80.29885, 13.12268], [80.29895, 13.12268], [80.29932, 13.12279], [80.29961, 13.12293], [80.29983, 13.12311], [80.30002, 13.12329], [80.30093, 13.12433], [80.3023, 13.12627], [80.30314, 13.12767], [80.3042, 13.12918], [80.30467, 13.12988], [80.30487, 13.13019], [80.30491, 13.13029], [80.30494, 13.13042], [80.30497, 13.13053], [80.305, 13.13059], [80.30503, 13.13063], [80.30509, 13.13067], [80.30519, 13.13068], [80.30527, 13.13068], [80.30536, 13.13065], [80.30542, 13.13059], [80.30548, 13.13051], [80.30553, 13.13039], [80.30556, 13.13023], [80.30557, 13.13002], [80.30554, 13.12989], [80.30536, 13.12964], [80.30448, 13.1283], [80.30361, 13.12698], [80.30253, 13.12547], [80.30171, 13.12437], [80.30116, 13.1235], [80.30084, 13.12291], [80.30066, 13.12257], [80.30059, 13.12235], [80.30049, 13.12199], [80.30045, 13.1217], [80.30042, 13.12141], [80.30041, 13.12111], [80.30043, 13.12095], [80.30046, 13.12075], [80.3005, 13.12057], [80.30058, 13.12037], [80.30076, 13.11995], [80.30108, 13.11932], [80.30155, 13.11843], [80.30172, 13.11791], [80.30182, 13.11751], [80.30186, 13.11611], [80.3019, 13.11566], [80.30195, 13.11537], [80.30201, 13.11513], [80.30208, 13.11483], [80.30273, 13.11349], [80.30305, 13.11283], [80.30311, 13.11273], [80.30342, 13.11233], [80.30482, 13.11066], [80.30489, 13.11054], [80.30495, 13.1104], [80.30497, 13.11022], [80.30497, 13.11007], [80.30494, 13.10996], [80.3049, 13.10979], [80.30447, 13.10835], [80.30444, 13.10822], [80.30434, 13.10722], [80.30415, 13.10626], [80.30408, 13.10616], [80.30396, 13.10608], [80.30387, 13.10604], [80.30364, 13.10601], [80.30339, 13.10606], [80.30313, 13.10623], [80.303, 13.10635], [80.30291, 13.10644], [80.30282, 13.10666], [80.30279, 13.10682], [80.30278, 13.10713], [80.30281, 13.10745], [80.30283, 13.10754], [80.30288, 13.10765], [80.30296, 13.10773], [80.3031, 13.1078], [80.30319, 13.10784], [80.30328, 13.10788], [80.30336, 13.10799], [80.30341, 13.10816], [80.30341, 13.10825], [80.30336, 13.10838], [80.30328, 13.10853], [80.30318, 13.1087], [80.30311, 13.10879], [80.30308, 13.10889], [80.30308, 13.10919], [80.3031, 13.10929], [80.30314, 13.10936], [80.30322, 13.10946], [80.30332, 13.10954], [80.30343, 13.10962], [80.30346, 13.10967], [80.30351, 13.10977], [80.30353, 13.10984], [80.30354, 13.10988], [80.30353, 13.10994], [80.30299, 13.11074], [80.30255, 13.11133], [80.30201, 13.11208], [80.30198, 13.11212], [80.30195, 13.11215], [80.3019, 13.11218], [80.30186, 13.1122], [80.30183, 13.11221], [80.30179, 13.11222], [80.30171, 13.11221], [80.30165, 13.11219], [80.3016, 13.11216], [80.30153, 13.11212], [80.30148, 13.11208], [80.30146, 13.11204], [80.30093, 13.1106], [80.30057, 13.10942], [80.30018, 13.10842], [80.30014, 13.10836], [80.30011, 13.10835], [80.30003, 13.10833], [80.29994, 13.10834], [80.29986, 13.10836], [80.29978, 13.10839], [80.29968, 13.1084], [80.29961, 13.1084], [80.29956, 13.10838], [80.29948, 13.10835], [80.29941, 13.1083], [80.29935, 13.10822], [80.29931, 13.10814], [80.29929, 13.10806], [80.29924, 13.10717], [80.29926, 13.10707], [80.29929, 13.10703], [80.29932, 13.107], [80.29958, 13.10697], [80.29965, 13.10691], [80.29968, 13.10682], [80.29967, 13.10671], [80.29929, 13.10578], [80.29886, 13.10441], [80.29862, 13.10303], [80.29828, 13.1019], [80.29827, 13.10181], [80.29838, 13.10079], [80.29841, 13.10064], [80.29844, 13.10048], [80.29847, 13.1004], [80.29874, 13.1002], [80.29927, 13.10002], [80.3002, 13.09985], [80.30095, 13.09966], [80.30139, 13.09944], [80.30155, 13.09927], [80.3017, 13.09908], [80.30175, 13.09896], [80.30175, 13.09882], [80.30173, 13.09867], [80.29748, 13.10007], [80.29617, 13.10047], [80.29452, 13.10117], [80.29316, 13.10182], [80.29068, 13.10271], [80.28668, 13.10454], [80.2859, 13.10476], [80.28474, 13.10503], [80.28414, 13.10508], [80.2828, 13.10521], [80.28099, 13.10538], [80.28026, 13.10558], [80.27991, 13.10566], [80.2794, 13.10554], [80.27798, 13.105], [80.27586, 13.10431], [80.27503, 13.10414], [80.27347, 13.10381], [80.27304, 13.10377], [80.27252, 13.10398], [80.27119, 13.10498], [80.27159, 13.10634], [80.27102, 13.10749], [80.26978, 13.10966], [80.26944, 13.1114], [80.27002, 13.11387], [80.27031, 13.11506], [80.27053, 13.11569], [80.27078, 13.11691], [80.27115, 13.11806], [80.27129, 13.11869], [80.27164, 13.11997], [80.27193, 13.12116], [80.27228, 13.12242], [80.2724, 13.12306], [80.27253, 13.12366], [80.27271, 13.12433], [80.27278, 13.12491], [80.2723, 13.12539], [80.27187, 13.12584], [80.27137, 13.12618], [80.27064, 13.12667], [80.2703, 13.12697], [80.27021, 13.12704], [80.27015, 13.12708], [80.27016, 13.12709], [80.27058, 13.1281], [80.27154, 13.13039], [80.27291, 13.13425], [80.27315, 13.13627], [80.27337, 13.13776], [80.27415, 13.13917], [80.27559, 13.13998], [80.27568, 13.14003], [80.27568, 13.14003], [80.27688, 13.1407], [80.2777, 13.14117], [80.28021, 13.14267], [80.28021, 13.14267], [80.28025, 13.14269], [80.28025, 13.14269], [80.28029, 13.14271], [80.2803, 13.14272], [80.28031, 13.14272], [80.28074, 13.14297], [80.2817, 13.14353], [80.28181, 13.1436], [80.28181, 13.1436], [80.28182, 13.1436], [80.28627, 13.14592], [80.28631, 13.14594], [80.28636, 13.14597], [80.28737, 13.14561]]]}}, {"type": "Feature", "properties": {"taluk": "Velachery", "district": "Chennai", "state": "Tamil Nadu"}, "geometry": {"type": "Polygon", "coordinates": [[[80.27195, 13.01216], [80.27285, 13.01173], [80.27378, 13.01141], [80.27503, 13.01124], [80.27569, 13.0112], [80.27654, 13.01112], [80.27646, 13.01076], [80.27642, 13.0106], [80.27586, 13.00932], [80.27557, 13.00825], [80.27517, 13.00705], [80.27476, 13.00574], [80.2745, 13.00494], [80.27381, 13.00275], [80.27379, 13.00269], [80.27332, 13.00133], [80.27331, 13.0013], [80.27322, 13.00103], [80.27273, 12.99915], [80.27242, 12.99801], [80.27209, 12.997], [80.2719, 12.99528], [80.27183, 12.9947], [80.27182, 12.99459], [80.27179, 12.99443], [80.2715, 12.99325], [80.27076, 12.99029], [80.27041, 12.98863], [80.27, 12.98661], [80.26947, 12.98431], [80.26887, 12.98134], [80.26879, 12.98067], [80.26879, 12.98061], [80.26869, 12.97997], [80.26844, 12.97902], [80.26821, 12.97732], [80.26786, 12.97524], [80.26783, 12.97509], [80.26783, 12.97509], [80.26783, 12.97509], [80.26777, 12.97509], [80.26488, 12.97515], [80.26357, 12.97514], [80.26159, 12.97578], [80.26004, 12.97602], [80.2571, 12.97638], [80.25302, 12.97667], [80.25298, 12.98033], [80.24987, 12.98136], [80.2477, 12.98217], [80.24764, 12.9822], [80.24687, 12.98249], [80.24335, 12.98392], [80.2435, 12.98191], [80.24351, 12.98188], [80.24359, 12.98049], [80.24366, 12.9799], [80.24284, 12.97942], [80.24193, 12.97888], [80.24076, 12.97826], [80.23907, 12.97729], [80.23726, 12.97674], [80.23721, 12.97673], [80.23609, 12.97639], [80.23388, 12.97553], [80.23234, 12.9747], [80.23179, 12.9744], [80.23134, 12.97415], [80.23081, 12.97386], [80.22881, 12.97256], [80.22833, 12.9716], [80.22584, 12.96915], [80.22401, 12.96741], [80.22244, 12.96585], [80.22244, 12.96585], [80.22121, 12.96508], [80.2195, 12.96606], [80.21902, 12.96633], [80.21792, 12.96696], [80.21625, 12.96738], [80.21262, 12.97158], [80.20889, 12.97566], [80.2091, 12.97695], [80.20749, 12.97728], [80.20765, 12.98028], [80.20646, 12.98057], [80.2057, 12.98293], [80.20416, 12.98305], [80.20447, 12.9859], [80.20453, 12.98689], [80.20464, 12.98766], [80.20494, 12.98882], [80.20575, 12.99097], [80.2067, 12.99415], [80.20738, 12.9966], [80.20782, 12.99753], [80.20805, 12.99839], [80.20812, 12.9989], [80.20835, 12.99926], [80.20852, 13.00002], [80.20882, 13.00061], [80.20893, 13.00095], [80.20904, 13.0013], [80.20934, 13.00257], [80.20987, 13.00481], [80.20987, 13.00482], [80.2148, 13.00416], [80.21996, 13.0029], [80.22008, 13.00287], [80.21916, 13.00127], [80.2191, 13.00118], [80.21872, 13.00074], [80.21841, 13.00017], [80.21748, 12.99886], [80.21717, 12.998], [80.217, 12.99704], [80.21752, 12.99526], [80.21792, 12.99455], [80.21895, 12.99273], [80.22079, 12.99062], [80.22133, 12.98984], [80.22135, 12.98982], [80.22326, 12.98811], [80.22498, 12.9865], [80.22619, 12.98582], [80.22686, 12.98524], [80.22769, 12.98501], [80.22892, 12.98499], [80.22951, 12.98493], [80.23148, 12.98456], [80.23304, 12.98448], [80.23549, 12.98443], [80.23606, 12.9843], [80.23617, 12.98427], [80.2362, 12.98438], [80.23636, 12.98502], [80.23671, 12.98589], [80.23727, 12.98646], [80.2377, 12.98674], [80.23806, 12.98712], [80.23837, 12.98758], [80.23848, 12.98819], [80.23841, 12.98989], [80.23835, 12.99058], [80.23843, 12.99101], [80.23859, 12.99132], [80.23893, 12.99171], [80.23931, 12.99189], [80.23976, 12.99191], [80.24012, 12.99183], [80.24045, 12.99174], [80.24096, 12.9917], [80.24146, 12.99167], [80.24189, 12.99165], [80.24239, 12.99165], [80.24268, 12.99171], [80.24301, 12.99189], [80.2437, 12.99269], [80.24396, 12.99312], [80.24425, 12.99367], [80.24428, 12.99398], [80.24422, 12.99404], [80.24416, 12.99412], [80.24395, 12.99436], [80.24371, 12.99498], [80.24366, 12.99539], [80.24366, 12.99599], [80.2438, 12.99693], [80.24418, 12.99805], [80.2441, 12.999], [80.24408, 12.99953], [80.24406, 13.0], [80.24318, 13.00057], [80.24317, 13.00088], [80.24294, 13.00162], [80.24301, 13.00259], [80.24308, 13.00349], [80.24308, 13.00357], [80.24302, 13.00366], [80.24299, 13.00366], [80.24217, 13.00372], [80.24218, 13.00374], [80.24288, 13.00615], [80.24288, 13.00616], [80.24288, 13.00618], [80.24289, 13.0062], [80.24289, 13.00622], [80.24298, 13.00662], [80.24401, 13.00669], [80.24729, 13.00673], [80.24879, 13.00673], [80.25005, 13.00693], [80.25163, 13.00692], [80.2544, 13.0066], [80.25657, 13.0068], [80.25717, 13.00677], [80.25748, 13.00676], [80.25825, 13.00763], [80.25834, 13.00785], [80.25843, 13.00808], [80.25893, 13.01031], [80.25922, 13.01191], [80.25922, 13.01235], [80.25927, 13.01238], [80.25972, 13.01186], [80.26017, 13.0117], [80.26083, 13.01169], [80.26184, 13.01189], [80.26285, 13.01208], [80.26377, 13.01208], [80.26522, 13.01206], [80.26619, 13.01217], [80.26728, 13.01238], [80.26802, 13.01262], [80.26902, 13.01285], [80.2696, 13.01291], [80.27023, 13.01277], [80.27104, 13.01247], [80.27195, 13.01216]]]}}, {"type": "Feature", "properties": {"taluk": "Alandur", "district": "Kanchipuram", "state": "Tamil Nadu"}, "geometry": {"type": "Polygon", "coordinates": [[[80.1959, 13.02956], [80.19596, 13.02844], [80.19613, 13.02848], [80.19616, 13.02851], [80.1962, 13.02853], [80.19659, 13.0286], [80.19668, 13.0286], [80.19674, 13.02858], [80.19709, 13.02858], [80.19721, 13.02864], [80.19734, 13.02867], [80.1975, 13.02869], [80.19758, 13.02868], [80.19763, 13.02866], [80.19768, 13.02863], [80.19793, 13.02863], [80.1982, 13.02873], [80.19843, 13.02866], [80.2, 13.02866], [80.20048, 13.02828], [80.19992, 13.02699], [80.1996, 13.02543], [80.19941, 13.02424], [80.19912, 13.0224], [80.19895, 13.02134], [80.19875, 13.01992], [80.19857, 13.0187], [80.19869, 13.018], [80.1987, 13.01773], [80.19871, 13.01746], [80.19874, 13.01614], [80.1991, 13.01589], [80.20418, 13.01223], [80.20422, 13.0122], [80.20427, 13.01216], [80.20608, 13.01084], [80.20941, 13.00841], [80.21082, 13.0089], [80.2107, 13.00832], [80.20987, 13.00482], [80.20987, 13.00481], [80.20934, 13.00257], [80.20904, 13.0013], [80.20893, 13.00095], [80.20882, 13.00061], [80.20852, 13.00002], [80.20835, 12.99926], [80.20812, 12.9989], [80.20805, 12.99839], [80.20782, 12.99753], [80.20738, 12.9966], [80.2067, 12.99415], [80.20575, 12.99097], [80.20494, 12.98882], [80.20464, 12.98766], [80.20453, 12.98689], [80.20447, 12.9859], [80.20416, 12.98305], [80.2057, 12.98293], [80.20646, 12.98057], [80.20765, 12.98028], [80.20749, 12.97728], [80.20677, 12.97807], [80.20651, 12.97828], [80.2065, 12.97829], [80.20649, 12.9783], [80.20623, 12.97851], [80.20527, 12.97905], [80.20442, 12.97964], [80.20365, 12.97984], [80.20314, 12.98001], [80.20265, 12.98013], [80.20235, 12.98013], [80.20191, 12.97999], [80.20113, 12.9798], [80.20047, 12.97998], [80.2001, 12.98018], [80.20004, 12.98022], [80.1997, 12.98046], [80.19932, 12.98081], [80.19886, 12.98126], [80.19831, 12.98167], [80.1982, 12.98169], [80.19776, 12.98176], [80.19726, 12.98175], [80.19641, 12.98185], [80.19628, 12.9819], [80.19578, 12.98208], [80.19512, 12.98228], [80.1951, 12.98228], [80.19436, 12.98232], [80.19351, 12.98225], [80.19292, 12.98205], [80.1928, 12.98194], [80.19268, 12.98182], [80.19253, 12.98152], [80.19259, 12.98096], [80.1927, 12.98043], [80.19287, 12.9797], [80.19297, 12.97924], [80.19313, 12.97851], [80.19324, 12.97778], [80.19323, 12.97736], [80.19303, 12.9765], [80.19281, 12.97571], [80.19237, 12.97491], [80.19184, 12.9735], [80.19172, 12.97276], [80.19185, 12.97229], [80.19199, 12.97185], [80.19251, 12.97134], [80.1929, 12.97111], [80.1939, 12.97081], [80.19463, 12.97082], [80.19574, 12.97076], [80.19634, 12.97054], [80.19672, 12.97029], [80.19686, 12.96998], [80.19681, 12.96952], [80.19665, 12.96905], [80.19635, 12.96884], [80.19597, 12.96874], [80.19592, 12.96863], [80.19591, 12.9686], [80.19588, 12.96854], [80.19573, 12.96853], [80.19518, 12.96857], [80.19501, 12.96861], [80.19441, 12.96873], [80.19279, 12.96908], [80.19242, 12.96929], [80.19186, 12.96962], [80.19148, 12.96984], [80.19109, 12.97004], [80.19063, 12.9701], [80.18994, 12.96991], [80.18917, 12.96975], [80.18689, 12.96883], [80.18603, 12.96821], [80.18602, 12.96821], [80.18585, 12.96836], [80.18524, 12.9689], [80.18355, 12.96988], [80.18251, 12.97039], [80.18169, 12.97118], [80.18169, 12.97118], [80.18127, 12.97218], [80.18094, 12.97515], [80.1807, 12.97824], [80.18039, 12.9787], [80.1803, 12.97878], [80.17999, 12.97909], [80.17933, 12.97948], [80.17873, 12.97967], [80.17801, 12.97985], [80.17797, 12.97984], [80.17616, 12.97972], [80.1738, 12.97945], [80.17244, 12.97956], [80.17119, 12.97973], [80.16956, 12.9799], [80.16912, 12.98011], [80.16902, 12.98016], [80.16897, 12.98019], [80.16892, 12.98025], [80.16877, 12.98048], [80.1687, 12.98072], [80.16863, 12.98108], [80.16851, 12.98219], [80.16841, 12.98326], [80.16793, 12.98536], [80.16745, 12.98662], [80.16644, 12.98829], [80.16551, 12.98941], [80.16491, 12.99012], [80.16431, 12.99096], [80.16367, 12.99197], [80.16303, 12.99302], [80.16239, 12.9941], [80.16233, 12.99422], [80.16068, 12.99798], [80.16145, 12.99997], [80.16182, 13.0008], [80.16327, 13.00212], [80.16421, 13.00298], [80.16516, 13.00423], [80.16517, 13.00424], [80.16374, 13.00608], [80.16371, 13.00608], [80.16129, 13.00674], [80.16013, 13.00739], [80.16008, 13.00745], [80.15971, 13.00797], [80.15983, 13.00862], [80.16048, 13.00935], [80.16129, 13.0105], [80.16128, 13.01099], [80.16048, 13.01225], [80.15979, 13.01319], [80.15971, 13.01327], [80.15895, 13.01401], [80.15895, 13.01401], [80.15895, 13.01436], [80.15888, 13.01445], [80.15856, 13.01486], [80.15819, 13.01542], [80.15817, 13.01541], [80.15704, 13.01491], [80.15636, 13.01439], [80.15599, 13.01413], [80.15552, 13.01408], [80.15515, 13.01439], [80.15515, 13.01441], [80.15499, 13.0149], [80.15491, 13.01496], [80.15463, 13.01516], [80.15436, 13.01542], [80.15353, 13.01624], [80.15258, 13.0168], [80.15184, 13.01701], [80.15095, 13.01711], [80.15012, 13.01706], [80.14949, 13.0168], [80.14943, 13.01659], [80.14865, 13.01618], [80.14823, 13.01634], [80.14729, 13.01608], [80.14722, 13.01606], [80.14641, 13.0167], [80.14484, 13.017], [80.14485, 13.01707], [80.14517, 13.02223], [80.14508, 13.02229], [80.14407, 13.023], [80.14407, 13.02303], [80.14401, 13.02358], [80.14456, 13.02433], [80.1458, 13.02439], [80.14673, 13.02462], [80.14801, 13.025], [80.14944, 13.02573], [80.15024, 13.02602], [80.1519, 13.02572], [80.15305, 13.02537], [80.15472, 13.0253], [80.15652, 13.02507], [80.15867, 13.02489], [80.15931, 13.02486], [80.15931, 13.02383], [80.15931, 13.0237], [80.16165, 13.02316], [80.1621, 13.02428], [80.16237, 13.02489], [80.1625, 13.02499], [80.16348, 13.02508], [80.16452, 13.02518], [80.16478, 13.02473], [80.16491, 13.0238], [80.16477, 13.0228], [80.16479, 13.02207], [80.16521, 13.02193], [80.16558, 13.02192], [80.16605, 13.02193], [80.1661, 13.02288], [80.16621, 13.02356], [80.16645, 13.02388], [80.1669, 13.02432], [80.16728, 13.02481], [80.16748, 13.02526], [80.16813, 13.02527], [80.17016, 13.02491], [80.1706, 13.02494], [80.17185, 13.02533], [80.17232, 13.02518], [80.1729, 13.02528], [80.17354, 13.02538], [80.17411, 13.02532], [80.1746, 13.02509], [80.17528, 13.02444], [80.17552, 13.02425], [80.1757, 13.02433], [80.17586, 13.02458], [80.17592, 13.02476], [80.176, 13.02481], [80.17668, 13.02446], [80.17675, 13.02443], [80.17677, 13.02441], [80.17727, 13.02411], [80.17739, 13.0239], [80.17818, 13.02325], [80.17895, 13.02277], [80.17971, 13.02244], [80.18033, 13.02246], [80.18088, 13.02269], [80.1814, 13.02322], [80.18188, 13.0236], [80.18203, 13.02378], [80.18226, 13.02401], [80.18239, 13.02423], [80.18244, 13.02442], [80.18246, 13.02456], [80.18268, 13.0248], [80.18278, 13.025], [80.1831, 13.02515], [80.18341, 13.02528], [80.18378, 13.02521], [80.18404, 13.02504], [80.18429, 13.02481], [80.18475, 13.02455], [80.18502, 13.02476], [80.18524, 13.02485], [80.1853, 13.02487], [80.18604, 13.02438], [80.18677, 13.02389], [80.18726, 13.02337], [80.18748, 13.02319], [80.18775, 13.02308], [80.18807, 13.02304], [80.18858, 13.02304], [80.18858, 13.02304], [80.18949, 13.0245], [80.18955, 13.02459], [80.18984, 13.02483], [80.19004, 13.02491], [80.19014, 13.02505], [80.19027, 13.02527], [80.19057, 13.02562], [80.19087, 13.02586], [80.1911, 13.02612], [80.19129, 13.02643], [80.19133, 13.02659], [80.19137, 13.02661], [80.19157, 13.02666], [80.19172, 13.02678], [80.19274, 13.0277], [80.19278, 13.0278], [80.19278, 13.02783], [80.19292, 13.02797], [80.19296, 13.02797], [80.1931, 13.02807], [80.19322, 13.02818], [80.19466, 13.02886], [80.19491, 13.02909], [80.19588, 13.02956], [80.1959, 13.02956]]]}}, {"type": "Feature", "properties": {"taluk": "Poonamallee", "district": "Kanchipuram", "state": "Tamil Nadu"}, "geometry": {"type": "Polygon", "coordinates": [[[80.0711, 13.03738], [80.07115, 13.03733], [80.0712, 13.03728], [80.07123, 13.03724], [80.07134, 13.03712], [80.07159, 13.03671], [80.07159, 13.03671], [80.07196, 13.03612], [80.07196, 13.03612], [80.07209, 13.03593], [80.07231, 13.03548], [80.07277, 13.03463], [80.07292, 13.03427], [80.07296, 13.03414], [80.07303, 13.03397], [80.07307, 13.03366], [80.07307, 13.03366], [80.07307, 13.0335], [80.07309, 13.03304], [80.07304, 13.03257], [80.07305, 13.03225], [80.07305, 13.03225], [80.07311, 13.0319], [80.07318, 13.03149], [80.07337, 13.03103], [80.07337, 13.03103], [80.07367, 13.03047], [80.0738, 13.03024], [80.07413, 13.02967], [80.07588, 13.02578], [80.07795, 13.02029], [80.07921, 13.01707], [80.07964, 13.01642], [80.07984, 13.01622], [80.0784, 13.01661], [80.07603, 13.01725], [80.07463, 13.01487], [80.07317, 13.01265], [80.07314, 13.01261], [80.07234, 13.01228], [80.07225, 13.01224], [80.0721, 13.01218], [80.07075, 13.01162], [80.0631, 13.00846], [80.05848, 13.00888], [80.05847, 13.00896], [80.05788, 13.01208], [80.05781, 13.01212], [80.05762, 13.01223], [80.057, 13.01228], [80.05617, 13.01236], [80.05532, 13.01257], [80.05199, 13.01256], [80.05063, 13.01272], [80.04799, 13.01279], [80.04578, 13.01304], [80.04237, 13.01327], [80.0401, 13.01309], [80.03876, 13.01322], [80.03618, 13.0137], [80.03415, 13.01409], [80.03239, 13.01455], [80.02983, 13.01458], [80.02711, 13.01523], [80.02569, 13.01583], [80.02366, 13.01684], [80.02219, 13.0177], [80.01819, 13.01898], [80.0181, 13.01904], [80.01731, 13.01957], [80.01569, 13.02024], [80.01507, 13.02053], [80.01449, 13.02061], [80.01386, 13.02061], [80.0129, 13.02072], [80.01249, 13.02109], [80.01249, 13.0211], [80.01225, 13.02181], [80.01304, 13.02232], [80.01372, 13.02313], [80.01405, 13.02442], [80.0147, 13.02466], [80.01552, 13.02514], [80.01732, 13.02539], [80.01921, 13.0256], [80.0212, 13.02572], [80.02304, 13.02687], [80.02279, 13.02611], [80.0224, 13.02496], [80.02237, 13.02465], [80.02234, 13.02428], [80.02246, 13.0239], [80.02264, 13.02373], [80.02282, 13.02357], [80.02347, 13.02302], [80.02451, 13.02265], [80.02509, 13.02215], [80.02644, 13.02066], [80.0268, 13.0204], [80.02735, 13.02001], [80.02788, 13.01984], [80.02788, 13.01984], [80.02865, 13.01982], [80.02998, 13.02001], [80.03082, 13.02014], [80.03215, 13.02035], [80.0328, 13.02035], [80.03316, 13.02035], [80.03485, 13.02026], [80.03611, 13.02006], [80.03756, 13.01984], [80.04021, 13.01939], [80.0419, 13.01911], [80.04272, 13.01904], [80.04304, 13.01906], [80.04311, 13.01907], [80.04352, 13.01921], [80.04376, 13.01947], [80.04396, 13.01985], [80.04398, 13.02029], [80.04384, 13.02077], [80.04343, 13.02145], [80.04257, 13.02382], [80.04233, 13.02478], [80.042, 13.02679], [80.04179, 13.02753], [80.04177, 13.0276], [80.04151, 13.02838], [80.0415, 13.02853], [80.04149, 13.02876], [80.04181, 13.02946], [80.04201, 13.0297], [80.04201, 13.0297], [80.04207, 13.02972], [80.04215, 13.02976], [80.04224, 13.02974], [80.04252, 13.02966], [80.04252, 13.02966], [80.04301, 13.02938], [80.04344, 13.02908], [80.04344, 13.02908], [80.04429, 13.02829], [80.04503, 13.02763], [80.04533, 13.02737], [80.04533, 13.02737], [80.04552, 13.02701], [80.04577, 13.02632], [80.0459, 13.02602], [80.04596, 13.02574], [80.04587, 13.02542], [80.04583, 13.02531], [80.04563, 13.02478], [80.04556, 13.02456], [80.04556, 13.02456], [80.04553, 13.02432], [80.04555, 13.02408], [80.0456, 13.024], [80.04572, 13.02385], [80.04605, 13.02357], [80.04659, 13.02318], [80.04732, 13.0229], [80.04732, 13.0229], [80.04749, 13.02286], [80.04772, 13.0228], [80.04851, 13.02269], [80.04941, 13.02265], [80.05038, 13.02265], [80.05106, 13.02266], [80.05158, 13.02266], [80.05201, 13.02269], [80.05216, 13.02272], [80.05244, 13.02277], [80.05279, 13.02293], [80.05298, 13.02301], [80.05381, 13.02351], [80.05534, 13.02442], [80.05618, 13.02526], [80.05636, 13.02537], [80.05649, 13.02545], [80.05722, 13.02583], [80.05736, 13.0259], [80.05736, 13.0259], [80.0584, 13.02628], [80.05945, 13.02669], [80.06038, 13.02729], [80.06071, 13.02774], [80.06071, 13.02774], [80.06095, 13.02888], [80.06106, 13.02944], [80.06101, 13.03009], [80.06101, 13.03009], [80.06081, 13.03095], [80.06076, 13.03195], [80.06085, 13.03239], [80.06093, 13.0328], [80.06105, 13.03301], [80.06127, 13.0334], [80.06171, 13.03389], [80.06234, 13.03452], [80.06281, 13.03477], [80.06332, 13.0349], [80.06352, 13.03492], [80.06369, 13.03493], [80.06408, 13.03487], [80.06439, 13.03481], [80.06498, 13.03459], [80.06527, 13.03446], [80.06566, 13.0344], [80.06615, 13.03437], [80.06681, 13.03432], [80.06719, 13.03434], [80.06728, 13.03434], [80.0684, 13.03453], [80.06873, 13.03474], [80.06882, 13.03485], [80.06894, 13.03498], [80.06954, 13.03601], [80.06999, 13.03667], [80.07017, 13.03687], [80.07033, 13.03705], [80.07044, 13.03717], [80.07045, 13.03719], [80.07045, 13.03719], [80.07062, 13.03729], [80.07082, 13.03738], [80.07082, 13.03738], [80.07102, 13.03741], [80.07105, 13.03742], [80.0711, 13.03738]]]}}, {"type": "Feature", "properties": {"taluk": "Sholinganallur", "district": "Kanchipuram", "state": "Tamil Nadu"}, "geometry": {"type": "Polygon", "coordinates": [[[80.26159, 12.97578], [80.26357, 12.97514], [80.26488, 12.97515], [80.26777, 12.97509], [80.26783, 12.97509], [80.26783, 12.97509], [80.26711, 12.97277], [80.26673, 12.971], [80.26641, 12.96963], [80.26616, 12.96821], [80.2661, 12.96779], [80.26608, 12.96769], [80.26608, 12.96763], [80.26596, 12.96681], [80.26569, 12.9651], [80.26542, 12.96323], [80.26505, 12.96126], [80.26471, 12.95991], [80.26439, 12.95882], [80.26418, 12.95804], [80.26417, 12.95804], [80.26416, 12.95797], [80.26416, 12.95795], [80.26389, 12.95643], [80.26358, 12.95487], [80.2632, 12.95389], [80.26263, 12.9518], [80.26247, 12.95067], [80.26206, 12.94858], [80.26189, 12.94681], [80.26172, 12.94593], [80.2615, 12.94521], [80.26116, 12.94415], [80.26105, 12.94308], [80.26095, 12.94218], [80.26094, 12.94214], [80.26081, 12.94164], [80.26079, 12.94159], [80.26048, 12.94038], [80.26027, 12.93864], [80.25962, 12.93553], [80.2594, 12.93455], [80.25923, 12.93353], [80.25921, 12.93242], [80.25917, 12.93172], [80.25888, 12.92971], [80.25872, 12.92851], [80.2587, 12.92748], [80.25862, 12.92674], [80.25841, 12.92598], [80.25797, 12.92415], [80.25781, 12.92316], [80.25769, 12.92226], [80.25767, 12.92148], [80.25755, 12.91887], [80.25754, 12.91779], [80.25737, 12.9167], [80.25681, 12.91321], [80.25673, 12.91247], [80.25646, 12.91068], [80.25631, 12.90909], [80.25608, 12.90718], [80.25605, 12.90686], [80.25604, 12.9068], [80.2559, 12.90567], [80.25573, 12.90404], [80.25523, 12.90083], [80.25493, 12.8989], [80.25433, 12.89563], [80.254, 12.89355], [80.25351, 12.89049], [80.2529, 12.8869], [80.25242, 12.88352], [80.25228, 12.88251], [80.25225, 12.88233], [80.25224, 12.88228], [80.25216, 12.8817], [80.25168, 12.87787], [80.25168, 12.87682], [80.25168, 12.87673], [80.25164, 12.87613], [80.25161, 12.87542], [80.25152, 12.87459], [80.25127, 12.87314], [80.25105, 12.87184], [80.25085, 12.86971], [80.25047, 12.86689], [80.25032, 12.86566], [80.24999, 12.86277], [80.2496, 12.85983], [80.2495, 12.85907], [80.24935, 12.85717], [80.24912, 12.8567], [80.24767, 12.85691], [80.24728, 12.85697], [80.24374, 12.85739], [80.24233, 12.85739], [80.24065, 12.85759], [80.23959, 12.85787], [80.23766, 12.85823], [80.23638, 12.85834], [80.2362, 12.85812], [80.23619, 12.8581], [80.23376, 12.85348], [80.23354, 12.85312], [80.2334, 12.85296], [80.23307, 12.85239], [80.23294, 12.85224], [80.23287, 12.85221], [80.23267, 12.85215], [80.23066, 12.85223], [80.22829, 12.85223], [80.22736, 12.8522], [80.22564, 12.85215], [80.22252, 12.85232], [80.22002, 12.85251], [80.21958, 12.85405], [80.21776, 12.85455], [80.21741, 12.85557], [80.2172, 12.85616], [80.21658, 12.85642], [80.21585, 12.8567], [80.21559, 12.85721], [80.21542, 12.85766], [80.21478, 12.8584], [80.21388, 12.85944], [80.21288, 12.86085], [80.21202, 12.86334], [80.21112, 12.86636], [80.21014, 12.86927], [80.20959, 12.8709], [80.20893, 12.87285], [80.2091, 12.87455], [80.20933, 12.87551], [80.20985, 12.87634], [80.21192, 12.87791], [80.21282, 12.87903], [80.2135, 12.88041], [80.21354, 12.88102], [80.21357, 12.88153], [80.21372, 12.88235], [80.21449, 12.88466], [80.21495, 12.88664], [80.21546, 12.88769], [80.21595, 12.88846], [80.21648, 12.89021], [80.21679, 12.89269], [80.21719, 12.89546], [80.21734, 12.89821], [80.21743, 12.90097], [80.21758, 12.90376], [80.21759, 12.90657], [80.2176, 12.90937], [80.21738, 12.91056], [80.21664, 12.91048], [80.21567, 12.91036], [80.21406, 12.91045], [80.21362, 12.91052], [80.21284, 12.91064], [80.21248, 12.91058], [80.21203, 12.9105], [80.21061, 12.91044], [80.20912, 12.91044], [80.20818, 12.91054], [80.20632, 12.91051], [80.20406, 12.91076], [80.20226, 12.91103], [80.20206, 12.91105], [80.20135, 12.91114], [80.19934, 12.91111], [80.19883, 12.9111], [80.19873, 12.91155], [80.19861, 12.91245], [80.19876, 12.91376], [80.19926, 12.91511], [80.19999, 12.91652], [80.20029, 12.91789], [80.20045, 12.9193], [80.2006, 12.92175], [80.20087, 12.92295], [80.20119, 12.92355], [80.2014, 12.92388], [80.20018, 12.92495], [80.19921, 12.92639], [80.19871, 12.92712], [80.19856, 12.92795], [80.19866, 12.92899], [80.19872, 12.92995], [80.19872, 12.93038], [80.19872, 12.93062], [80.19868, 12.93079], [80.19857, 12.93097], [80.1984, 12.93112], [80.19831, 12.93119], [80.19816, 12.93137], [80.19814, 12.93149], [80.19814, 12.93162], [80.19815, 12.93179], [80.19819, 12.93199], [80.19832, 12.93224], [80.19848, 12.93246], [80.19864, 12.93259], [80.19892, 12.93279], [80.19908, 12.93294], [80.19914, 12.93301], [80.19923, 12.93313], [80.19925, 12.93326], [80.19922, 12.93336], [80.19918, 12.93346], [80.19904, 12.93357], [80.19882, 12.9338], [80.19855, 12.93398], [80.19818, 12.93442], [80.19764, 12.93493], [80.19711, 12.93516], [80.19673, 12.93534], [80.19646, 12.93546], [80.19632, 12.93561], [80.19627, 12.93578], [80.19628, 12.93592], [80.19632, 12.93633], [80.19548, 12.93666], [80.19432, 12.93716], [80.19284, 12.93753], [80.19095, 12.93757], [80.19004, 12.93767], [80.18905, 12.93777], [80.18794, 12.93785], [80.18827, 12.93821], [80.18851, 12.9386], [80.18862, 12.93948], [80.18886, 12.94001], [80.18919, 12.94077], [80.18937, 12.94115], [80.18978, 12.94156], [80.19011, 12.94192], [80.19099, 12.94229], [80.19174, 12.94235], [80.19248, 12.94235], [80.19326, 12.94244], [80.19376, 12.94258], [80.19426, 12.9428], [80.19485, 12.94331], [80.19585, 12.94425], [80.19651, 12.9447], [80.19747, 12.94506], [80.19823, 12.94555], [80.19875, 12.94622], [80.19923, 12.9473], [80.19927, 12.94814], [80.19927, 12.94903], [80.19895, 12.95033], [80.19906, 12.95039], [80.19907, 12.9504], [80.19973, 12.95092], [80.20037, 12.95164], [80.2008, 12.95216], [80.20122, 12.95255], [80.20172, 12.95264], [80.20205, 12.95282], [80.20229, 12.95311], [80.20233, 12.95368], [80.20168, 12.95461], [80.20114, 12.95532], [80.20096, 12.95571], [80.2008, 12.95625], [80.20069, 12.95677], [80.20059, 12.95741], [80.20073, 12.95771], [80.20092, 12.958], [80.20097, 12.95827], [80.20095, 12.9585], [80.20076, 12.95886], [80.20034, 12.95921], [80.19981, 12.95953], [80.19887, 12.95971], [80.19822, 12.95976], [80.19739, 12.95976], [80.19662, 12.95968], [80.19606, 12.95976], [80.19577, 12.95993], [80.19563, 12.96021], [80.19569, 12.96277], [80.19584, 12.96415], [80.1959, 12.96559], [80.19595, 12.96642], [80.19598, 12.96719], [80.1959, 12.96819], [80.19588, 12.96854], [80.19588, 12.96854], [80.19588, 12.96854], [80.19591, 12.9686], [80.19592, 12.96863], [80.19597, 12.96874], [80.19635, 12.96884], [80.19665, 12.96905], [80.19681, 12.96952], [80.19686, 12.96998], [80.19672, 12.97029], [80.19634, 12.97054], [80.19574, 12.97076], [80.19463, 12.97082], [80.1939, 12.97081], [80.1929, 12.97111], [80.19251, 12.97134], [80.19199, 12.97185], [80.19185, 12.97229], [80.19172, 12.97276], [80.19184, 12.9735], [80.19237, 12.97491], [80.19281, 12.97571], [80.19303, 12.9765], [80.19323, 12.97736], [80.19324, 12.97778], [80.19313, 12.97851], [80.19297, 12.97924], [80.19287, 12.9797], [80.1927, 12.98043], [80.19259, 12.98096], [80.19253, 12.98152], [80.19268, 12.98182], [80.1928, 12.98194], [80.19292, 12.98205], [80.19351, 12.98225], [80.19436, 12.98232], [80.1951, 12.98228], [80.19512, 12.98228], [80.19578, 12.98208], [80.19628, 12.9819], [80.19641, 12.98185], [80.19726, 12.98175], [80.19776, 12.98176], [80.1982, 12.98169], [80.19831, 12.98167], [80.19886, 12.98126], [80.19932, 12.98081], [80.1997, 12.98046], [80.20004, 12.98022], [80.2001, 12.98018], [80.20047, 12.97998], [80.20113, 12.9798], [80.20191, 12.97999], [80.20235, 12.98013], [80.20265, 12.98013], [80.20314, 12.98001], [80.20365, 12.97984], [80.20442, 12.97964], [80.20527, 12.97905], [80.20623, 12.97851], [80.20649, 12.9783], [80.2065, 12.97829], [80.20651, 12.97828], [80.20677, 12.97807], [80.20749, 12.97728], [80.2091, 12.97695], [80.20889, 12.97566], [80.21262, 12.97158], [80.21625, 12.96738], [80.21792, 12.96696], [80.21902, 12.96633], [80.2195, 12.96606], [80.22121, 12.96508], [80.22244, 12.96585], [80.22244, 12.96585], [80.22401, 12.96741], [80.22584, 12.96915], [80.22833, 12.9716], [80.22881, 12.97256], [80.23081, 12.97386], [80.23134, 12.97415], [80.23179, 12.9744], [80.23234, 12.9747], [80.23388, 12.97553], [80.23609, 12.97639], [80.23721, 12.97673], [80.23726, 12.97674], [80.23907, 12.97729], [80.24076, 12.97826], [80.24193, 12.97888], [80.24284, 12.97942], [80.24366, 12.9799], [80.24359, 12.98049], [80.24351, 12.98188], [80.2435, 12.98191], [80.24335, 12.98392], [80.24687, 12.98249], [80.24764, 12.9822], [80.2477, 12.98217], [80.24987, 12.98136], [80.25298, 12.98033], [80.25302, 12.97667], [80.2571, 12.97638], [80.26004, 12.97602], [80.26159, 12.97578]]]}}, {"type": "Feature", "properties": {"taluk": "Sriperumbudur", "district": "Kanchipuram", "state": "Tamil Nadu"}, "geometry": {"type": "Polygon", "coordinates": [[[79.99084, 13.05381], [79.9916, 13.0534], [79.99165, 13.05326], [79.99146, 13.05282], [79.99145, 13.05282], [79.99145, 13.05282], [79.99129, 13.05247], [79.99103, 13.05193], [79.99086, 13.05157], [79.99062, 13.05171], [79.99062, 13.05171], [79.99051, 13.05178], [79.98939, 13.05241], [79.98774, 13.05332], [79.98774, 13.05332], [79.9868, 13.0538], [79.98609, 13.05279], [79.98541, 13.05202], [79.98459, 13.05131], [79.98459, 13.05131], [79.98451, 13.05123], [79.9836, 13.0504], [79.98314, 13.05007], [79.98228, 13.04978], [79.9817, 13.04969], [79.9817, 13.04969], [79.9817, 13.04969], [79.98062, 13.04962], [79.9801, 13.04948], [79.9801, 13.04948], [79.97946, 13.0493], [79.97887, 13.04916], [79.97879, 13.04786], [79.97873, 13.0467], [79.97864, 13.04577], [79.97861, 13.04543], [79.97852, 13.04495], [79.97852, 13.04495], [79.97837, 13.04413], [79.97838, 13.04398], [79.97838, 13.04398], [79.97839, 13.04376], [79.97839, 13.04376], [79.9786, 13.04379], [79.9786, 13.04379], [79.97878, 13.0438], [79.97878, 13.0438], [79.97878, 13.04379], [79.97872, 13.04314], [79.97832, 13.04312], [79.97829, 13.04238], [79.97826, 13.0415], [79.97826, 13.04106], [79.97826, 13.04106], [79.97829, 13.04039], [79.97823, 13.04008], [79.97771, 13.03976], [79.97739, 13.03965], [79.97728, 13.03963], [79.97715, 13.03961], [79.97646, 13.03964], [79.97525, 13.03977], [79.97513, 13.03979], [79.9748, 13.03984], [79.97452, 13.0394], [79.97423, 13.03894], [79.97421, 13.03891], [79.97421, 13.03891], [79.97428, 13.03884], [79.97443, 13.03868], [79.97458, 13.03841], [79.97502, 13.03789], [79.97548, 13.03754], [79.97591, 13.03713], [79.97657, 13.03643], [79.97769, 13.03526], [79.97833, 13.03458], [79.97833, 13.03458], [79.97856, 13.03431], [79.97893, 13.03386], [79.97953, 13.03313], [79.97953, 13.03313], [79.98021, 13.03251], [79.98077, 13.03223], [79.9811, 13.03211], [79.98191, 13.0317], [79.98231, 13.03155], [79.98232, 13.03154], [79.9828, 13.03136], [79.98396, 13.03092], [79.98441, 13.03067], [79.98513, 13.03048], [79.98652, 13.03041], [79.98652, 13.03041], [79.98738, 13.03034], [79.98743, 13.03034], [79.98764, 13.03049], [79.98846, 13.03142], [79.98907, 13.03222], [79.98937, 13.03262], [79.98971, 13.03308], [79.98994, 13.0334], [79.9903, 13.03391], [79.9906, 13.03427], [79.99096, 13.0347], [79.9914, 13.03564], [79.99174, 13.03637], [79.99246, 13.03959], [79.99246, 13.03959], [79.99276, 13.04041], [79.9933, 13.04195], [79.99425, 13.04556], [79.99425, 13.04556], [79.99456, 13.04674], [79.99456, 13.04674], [79.99543, 13.0461], [79.99687, 13.04528], [79.99814, 13.04508], [79.99814, 13.04508], [79.99861, 13.04506], [80.00617, 13.04249], [80.01129, 13.0425], [80.01135, 13.04249], [80.01145, 13.04248], [80.01321, 13.04232], [80.01334, 13.04229], [80.01348, 13.04226], [80.01439, 13.0419], [80.01647, 13.04145], [80.01852, 13.04107], [80.01852, 13.04107], [80.01987, 13.0412], [80.02216, 13.04087], [80.02256, 13.04074], [80.02378, 13.04035], [80.02463, 13.03938], [80.02493, 13.03903], [80.02506, 13.03881], [80.02519, 13.0386], [80.0252, 13.03763], [80.02513, 13.03743], [80.02402, 13.03425], [80.02407, 13.03377], [80.02407, 13.03377], [80.02439, 13.03321], [80.02441, 13.03318], [80.02448, 13.03264], [80.02424, 13.03164], [80.02309, 13.02704], [80.02308, 13.02698], [80.02304, 13.02687], [80.0212, 13.02572], [80.01921, 13.0256], [80.01732, 13.02539], [80.01552, 13.02514], [80.0147, 13.02466], [80.01405, 13.02442], [80.01372, 13.02313], [80.01304, 13.02232], [80.01225, 13.02181], [80.01249, 13.0211], [80.01249, 13.02109], [80.0129, 13.02072], [80.01386, 13.02061], [80.01449, 13.02061], [80.01507, 13.02053], [80.01569, 13.02024], [80.01731, 13.01957], [80.0181, 13.01904], [80.01819, 13.01898], [80.02219, 13.0177], [80.02366, 13.01684], [80.02569, 13.01583], [80.02711, 13.01523], [80.02983, 13.01458], [80.03239, 13.01455], [80.03415, 13.01409], [80.03618, 13.0137], [80.03876, 13.01322], [80.0401, 13.01309], [80.04237, 13.01327], [80.04578, 13.01304], [80.04799, 13.01279], [80.05063, 13.01272], [80.05199, 13.01256], [80.05532, 13.01257], [80.05617, 13.01236], [80.057, 13.01228], [80.05762, 13.01223], [80.05781, 13.01212], [80.05788, 13.01208], [80.05847, 13.00896], [80.05848, 13.00888], [80.05772, 13.00753], [80.05743, 13.00446], [80.05724, 13.00243], [80.05723, 13.00237], [80.05932, 13.00168], [80.06066, 13.00131], [80.06074, 13.00129], [80.06074, 13.00123], [80.06072, 13.00069], [80.0607, 12.9993], [80.0607, 12.99857], [80.06079, 12.9976], [80.06108, 12.9964], [80.06115, 12.99403], [80.06123, 12.99219], [80.06168, 12.99047], [80.06185, 12.99019], [80.06187, 12.99015], [80.06331, 12.9891], [80.06334, 12.98908], [80.064, 12.98833], [80.06416, 12.9875], [80.06394, 12.98667], [80.06346, 12.98457], [80.06265, 12.98236], [80.06238, 12.98196], [80.0621, 12.98188], [80.06145, 12.98194], [80.06107, 12.98212], [80.06026, 12.98238], [80.05953, 12.98241], [80.05902, 12.98236], [80.05826, 12.9822], [80.05735, 12.9821], [80.05704, 12.98197], [80.05655, 12.982], [80.05598, 12.9822], [80.05564, 12.98239], [80.05525, 12.98267], [80.05471, 12.98296], [80.05364, 12.98305], [80.05324, 12.9829], [80.05291, 12.98279], [80.05284, 12.98253], [80.05281, 12.98231], [80.05279, 12.98216], [80.05275, 12.98193], [80.05273, 12.98181], [80.0527, 12.98162], [80.05255, 12.9806], [80.05272, 12.97984], [80.05255, 12.97904], [80.05211, 12.97795], [80.0515, 12.97698], [80.05082, 12.97609], [80.05009, 12.97546], [80.04922, 12.97481], [80.04883, 12.97394], [80.04876, 12.97289], [80.04873, 12.97192], [80.04844, 12.97113], [80.04845, 12.97029], [80.04843, 12.96983], [80.04826, 12.96938], [80.04823, 12.96928], [80.04784, 12.96886], [80.04745, 12.96846], [80.04692, 12.96795], [80.04706, 12.96728], [80.04733, 12.96599], [80.0476, 12.96483], [80.04762, 12.96475], [80.05014, 12.9647], [80.05023, 12.9647], [80.05024, 12.96436], [80.05054, 12.96193], [80.05067, 12.96165], [80.05107, 12.96088], [80.05127, 12.96056], [80.05185, 12.95996], [80.05203, 12.95973], [80.05206, 12.95969], [80.05286, 12.95902], [80.05314, 12.95886], [80.05405, 12.95834], [80.0543, 12.95835], [80.05537, 12.9585], [80.05661, 12.9586], [80.05791, 12.95859], [80.05798, 12.95859], [80.05801, 12.95831], [80.05802, 12.95825], [80.05946, 12.95769], [80.05981, 12.95773], [80.0619, 12.95786], [80.06168, 12.959], [80.06155, 12.96031], [80.06142, 12.96163], [80.06276, 12.96173], [80.06393, 12.96165], [80.064, 12.96165], [80.06407, 12.96135], [80.06429, 12.96027], [80.06431, 12.95994], [80.06485, 12.95921], [80.06493, 12.95892], [80.06496, 12.95846], [80.06496, 12.95831], [80.06553, 12.95879], [80.06605, 12.9591], [80.06639, 12.9592], [80.06667, 12.95917], [80.06668, 12.95917], [80.06669, 12.95919], [80.06686, 12.95979], [80.06708, 12.96065], [80.06718, 12.96102], [80.06733, 12.96133], [80.06756, 12.96166], [80.0678, 12.96192], [80.06809, 12.96211], [80.06833, 12.96221], [80.06871, 12.9623], [80.06922, 12.96251], [80.06978, 12.96271], [80.07049, 12.96309], [80.07074, 12.96334], [80.07115, 12.96406], [80.07159, 12.96541], [80.07181, 12.96652], [80.07214, 12.96779], [80.07207, 12.96896], [80.07211, 12.96908], [80.07231, 12.96943], [80.07255, 12.9697], [80.07283, 12.96988], [80.07292, 12.96993], [80.07328, 12.97004], [80.07337, 12.97007], [80.07358, 12.97006], [80.07376, 12.97003], [80.07399, 12.96988], [80.07423, 12.96966], [80.07425, 12.96963], [80.07447, 12.96941], [80.07455, 12.96933], [80.07477, 12.96915], [80.07492, 12.96909], [80.07524, 12.96902], [80.07569, 12.96898], [80.07603, 12.96897], [80.07658, 12.96908], [80.07752, 12.9692], [80.07824, 12.96928], [80.07948, 12.96943], [80.07984, 12.96951], [80.07997, 12.96959], [80.08002, 12.96966], [80.08008, 12.96976], [80.08009, 12.9699], [80.08014, 12.97025], [80.0801, 12.97138], [80.08013, 12.97174], [80.0801, 12.97211], [80.0801, 12.9723], [80.08015, 12.97255], [80.08028, 12.97281], [80.08038, 12.97298], [80.08051, 12.97299], [80.08113, 12.97278], [80.08157, 12.97253], [80.08193, 12.97226], [80.08243, 12.97199], [80.08275, 12.97185], [80.08306, 12.97179], [80.08316, 12.97178], [80.08355, 12.9716], [80.08405, 12.97121], [80.08405, 12.97121], [80.08511, 12.97015], [80.08567, 12.96946], [80.08568, 12.96931], [80.08581, 12.96881], [80.0855, 12.96736], [80.08538, 12.96645], [80.08511, 12.96549], [80.08432, 12.96337], [80.08423, 12.96268], [80.08428, 12.96199], [80.08433, 12.96179], [80.08442, 12.96168], [80.08449, 12.96161], [80.08472, 12.96148], [80.08515, 12.96137], [80.08556, 12.96145], [80.08614, 12.96164], [80.08658, 12.96188], [80.08713, 12.96192], [80.08745, 12.96183], [80.08819, 12.96147], [80.08877, 12.9609], [80.08885, 12.96082], [80.08924, 12.96039], [80.08931, 12.96032], [80.09005, 12.95982], [80.09138, 12.9592], [80.09355, 12.95836], [80.09431, 12.95799], [80.09489, 12.95774], [80.09571, 12.95761], [80.09655, 12.95755], [80.09748, 12.95757], [80.09837, 12.95704], [80.09911, 12.95639], [80.09993, 12.95579], [80.10067, 12.95553], [80.10205, 12.95528], [80.10326, 12.95511], [80.10417, 12.95495], [80.10417, 12.95348], [80.10417, 12.95336], [80.10376, 12.95263], [80.10366, 12.95188], [80.10348, 12.95099], [80.10344, 12.9505], [80.10354, 12.95006], [80.10353, 12.94965], [80.10354, 12.94938], [80.10316, 12.94965], [80.10198, 12.95013], [80.10091, 12.95039], [80.10097, 12.95006], [80.10094, 12.94965], [80.10091, 12.94854], [80.10088, 12.94781], [80.10041, 12.94729], [80.09997, 12.94675], [80.09984, 12.94568], [80.09866, 12.94559], [80.09852, 12.94563], [80.09683, 12.94613], [80.09487, 12.94648], [80.0935, 12.94671], [80.09341, 12.94673], [80.09336, 12.94674], [80.09311, 12.94676], [80.09307, 12.94677], [80.09306, 12.94677], [80.09256, 12.94682], [80.09173, 12.94691], [80.09117, 12.94679], [80.09038, 12.9454], [80.09009, 12.94478], [80.09008, 12.94476], [80.08993, 12.94443], [80.0899, 12.94438], [80.0894, 12.94364], [80.08914, 12.94296], [80.08869, 12.94227], [80.08866, 12.94221], [80.08857, 12.94202], [80.08813, 12.94108], [80.0875, 12.93953], [80.08693, 12.93737], [80.08692, 12.93572], [80.08695, 12.93519], [80.08651, 12.93425], [80.08606, 12.93358], [80.08558, 12.93284], [80.08528, 12.93215], [80.08504, 12.93133], [80.08473, 12.93062], [80.08461, 12.93008], [80.08455, 12.92939], [80.08451, 12.9282], [80.08436, 12.92742], [80.08417, 12.92637], [80.084, 12.92611], [80.08372, 12.9258], [80.08289, 12.92558], [80.08241, 12.92539], [80.08196, 12.92503], [80.08094, 12.92394], [80.08017, 12.92319], [80.07988, 12.92292], [80.07943, 12.92248], [80.07908, 12.92217], [80.07858, 12.92183], [80.07826, 12.92163], [80.07795, 12.92142], [80.07764, 12.92117], [80.07746, 12.92103], [80.07649, 12.92037], [80.07559, 12.91982], [80.07459, 12.91918], [80.07348, 12.91828], [80.07214, 12.91786], [80.07139, 12.91788], [80.0712, 12.91792], [80.07059, 12.91779], [80.07029, 12.91748], [80.07025, 12.9169], [80.07011, 12.91652], [80.06934, 12.9155], [80.06875, 12.91521], [80.06828, 12.91493], [80.06763, 12.91437], [80.0676, 12.91372], [80.06777, 12.913], [80.06755, 12.91184], [80.06674, 12.91032], [80.0655, 12.90871], [80.06507, 12.90771], [80.06418, 12.90653], [80.06362, 12.90543], [80.06329, 12.90498], [80.06299, 12.90454], [80.06262, 12.90404], [80.06205, 12.90343], [80.06177, 12.90289], [80.06173, 12.90275], [80.0613, 12.90129], [80.06124, 12.90126], [80.06094, 12.90099], [80.06082, 12.90094], [80.06059, 12.90083], [80.06015, 12.90009], [80.06008, 12.89894], [80.0602, 12.89854], [80.06008, 12.89796], [80.05995, 12.89721], [80.05989, 12.89686], [80.05936, 12.89693], [80.05912, 12.89681], [80.05886, 12.89656], [80.05846, 12.89609], [80.05849, 12.89561], [80.0585, 12.89536], [80.05867, 12.89455], [80.05871, 12.89455], [80.05833, 12.89402], [80.058, 12.89342], [80.05753, 12.8928], [80.05708, 12.89137], [80.05706, 12.89114], [80.05698, 12.89056], [80.05696, 12.88992], [80.05668, 12.88905], [80.05623, 12.88869], [80.05582, 12.88828], [80.05568, 12.88813], [80.05547, 12.88775], [80.05513, 12.88663], [80.05494, 12.8861], [80.05481, 12.88598], [80.05468, 12.88582], [80.05438, 12.88556], [80.05406, 12.88508], [80.05379, 12.88444], [80.05332, 12.88387], [80.05268, 12.88349], [80.05246, 12.88318], [80.05227, 12.88307], [80.0521, 12.88251], [80.05195, 12.88203], [80.05218, 12.88153], [80.05273, 12.88125], [80.05314, 12.881], [80.05315, 12.881], [80.05334, 12.88093], [80.05381, 12.88077], [80.05385, 12.87988], [80.05388, 12.87966], [80.05414, 12.87919], [80.05453, 12.87841], [80.05465, 12.87814], [80.05475, 12.87777], [80.0549, 12.87748], [80.05523, 12.87679], [80.05588, 12.87623], [80.05655, 12.87587], [80.05722, 12.87541], [80.05767, 12.87494], [80.05819, 12.87433], [80.05855, 12.87377], [80.05908, 12.87283], [80.05929, 12.87198], [80.05958, 12.87128], [80.05975, 12.87059], [80.05997, 12.87001], [80.06011, 12.86901], [80.06021, 12.86838], [80.06028, 12.86791], [80.0602, 12.86734], [80.0602, 12.86673], [80.06025, 12.86647], [80.06029, 12.86624], [80.06092, 12.86508], [80.0613, 12.86452], [80.06134, 12.86368], [80.06093, 12.86318], [80.06076, 12.86306], [80.06044, 12.86269], [80.05972, 12.86199], [80.05948, 12.86157], [80.05926, 12.86124], [80.05899, 12.86104], [80.05863, 12.86068], [80.05848, 12.86041], [80.05802, 12.8599], [80.05766, 12.85936], [80.05686, 12.85823], [80.05605, 12.85683], [80.05566, 12.85562], [80.05557, 12.85546], [80.05508, 12.8544], [80.05495, 12.8541], [80.05453, 12.85329], [80.05423, 12.85265], [80.05423, 12.85264], [80.05367, 12.85144], [80.05346, 12.85076], [80.05337, 12.85056], [80.05326, 12.85006], [80.05317, 12.84975], [80.05275, 12.84822], [80.05268, 12.84694], [80.05261, 12.84527], [80.05233, 12.8439], [80.0522, 12.84274], [80.05192, 12.84212], [80.0517, 12.84114], [80.05144, 12.8404], [80.05122, 12.83989], [80.05105, 12.83959], [80.05079, 12.83924], [80.05064, 12.83905], [80.04975, 12.83889], [80.04908, 12.8388], [80.04849, 12.83881], [80.04815, 12.83883], [80.04783, 12.83881], [80.0474, 12.83885], [80.04692, 12.83904], [80.04652, 12.83944], [80.04618, 12.83978], [80.04585, 12.83987], [80.04555, 12.83997], [80.04527, 12.83995], [80.04475, 12.83991], [80.0447, 12.83991], [80.04264, 12.8398], [80.04231, 12.83978], [80.04217, 12.83977], [80.04016, 12.83967], [80.0401, 12.83917], [80.04029, 12.83454], [80.04026, 12.83453], [80.04027, 12.83428], [80.03967, 12.83418], [80.03803, 12.83399], [80.03736, 12.83389], [80.03651, 12.83378], [80.03611, 12.83366], [80.03573, 12.83357], [80.03388, 12.83163], [80.03361, 12.83135], [80.03283, 12.83075], [80.03191, 12.83041], [80.0318, 12.82926], [80.03079, 12.8279], [80.03049, 12.82703], [80.03028, 12.82639], [80.03, 12.82583], [80.02996, 12.82536], [80.03004, 12.82449], [80.03026, 12.82362], [80.03034, 12.82295], [80.03037, 12.82263], [80.02959, 12.82277], [80.02799, 12.82263], [80.02703, 12.82259], [80.02614, 12.82259], [80.02485, 12.82262], [80.02398, 12.82241], [80.02359, 12.8224], [80.023, 12.82227], [80.02289, 12.82226], [80.02279, 12.82224], [80.02232, 12.82217], [80.02203, 12.82205], [80.02171, 12.82183], [80.02124, 12.82154], [80.02024, 12.82055], [80.01969, 12.82006], [80.01912, 12.81939], [80.01867, 12.8187], [80.01834, 12.81837], [80.01812, 12.81821], [80.01732, 12.81748], [80.01598, 12.81734], [80.01479, 12.81726], [80.01339, 12.81738], [80.01327, 12.81739], [80.01265, 12.81725], [80.01213, 12.817], [80.0119, 12.81682], [80.01154, 12.81654], [80.01103, 12.81623], [80.01013, 12.81573], [80.00887, 12.81494], [80.00864, 12.81468], [80.00863, 12.81467], [80.00851, 12.81452], [80.00852, 12.81447], [80.00882, 12.81287], [80.00922, 12.8103], [80.00927, 12.80979], [80.00937, 12.80943], [80.00881, 12.8094], [80.00681, 12.80924], [80.00665, 12.81052], [80.00639, 12.81191], [80.0061, 12.81296], [80.00403, 12.81294], [80.00308, 12.81292], [80.00248, 12.81285], [80.00179, 12.81273], [80.00098, 12.81254], [80.00037, 12.81222], [80.0, 12.81217], [80.0, 12.81217], [80.0, 12.81217], [79.99972, 12.81214], [79.99901, 12.81238], [79.99854, 12.81239], [79.99837, 12.81231], [79.99815, 12.81226], [79.99813, 12.81224], [79.99756, 12.81167], [79.99662, 12.81147], [79.9965, 12.81144], [79.99641, 12.81141], [79.99563, 12.81118], [79.99532, 12.81105], [79.9943, 12.81092], [79.99398, 12.81065], [79.9938, 12.81042], [79.99376, 12.81035], [79.99349, 12.80989], [79.99298, 12.80963], [79.99207, 12.80961], [79.99041, 12.8098], [79.98895, 12.80996], [79.98786, 12.81044], [79.98674, 12.81114], [79.98571, 12.81183], [79.9849, 12.81229], [79.98431, 12.81262], [79.98399, 12.8128], [79.98327, 12.81317], [79.98286, 12.81318], [79.98166, 12.81356], [79.98067, 12.81395], [79.97955, 12.81429], [79.97854, 12.81456], [79.97839, 12.8146], [79.97835, 12.81462], [79.97797, 12.81469], [79.97759, 12.81475], [79.97688, 12.81461], [79.97639, 12.81452], [79.97548, 12.81442], [79.97481, 12.81418], [79.97412, 12.81383], [79.97347, 12.81361], [79.9727, 12.81351], [79.97179, 12.81359], [79.97125, 12.81364], [79.97123, 12.81364], [79.9712, 12.81364], [79.97119, 12.81364], [79.96999, 12.81374], [79.96893, 12.81384], [79.96778, 12.81404], [79.96696, 12.81439], [79.96688, 12.81439], [79.96682, 12.81445], [79.9665, 12.81473], [79.96626, 12.81498], [79.96563, 12.81559], [79.9653, 12.81597], [79.96476, 12.81655], [79.96447, 12.81695], [79.96429, 12.81731], [79.96407, 12.8177], [79.96389, 12.818], [79.96341, 12.81887], [79.96254, 12.82032], [79.96181, 12.8216], [79.96132, 12.82225], [79.96113, 12.82259], [79.961, 12.82283], [79.96089, 12.82306], [79.96078, 12.82337], [79.96071, 12.82383], [79.96051, 12.8241], [79.96013, 12.8241], [79.95952, 12.82399], [79.95948, 12.82398], [79.95941, 12.82398], [79.95882, 12.82397], [79.95833, 12.82425], [79.95785, 12.82473], [79.95759, 12.82485], [79.95702, 12.82517], [79.95694, 12.82521], [79.95684, 12.82527], [79.95687, 12.82495], [79.95687, 12.82491], [79.95692, 12.82428], [79.95692, 12.82234], [79.95699, 12.81975], [79.95698, 12.81865], [79.95679, 12.81838], [79.95622, 12.81766], [79.95601, 12.81723], [79.9562, 12.81714], [79.95697, 12.81695], [79.95728, 12.81684], [79.95733, 12.81604], [79.95691, 12.81532], [79.95677, 12.81454], [79.95768, 12.81449], [79.95814, 12.81429], [79.95815, 12.81347], [79.95818, 12.81179], [79.95835, 12.8108], [79.95849, 12.81065], [79.95872, 12.81062], [79.95958, 12.81051], [79.96119, 12.81032], [79.96223, 12.81], [79.96353, 12.80949], [79.96353, 12.80949], [79.96373, 12.80939], [79.96359, 12.80911], [79.96333, 12.80862], [79.9627, 12.80755], [79.9622, 12.80631], [79.96182, 12.80512], [79.96179, 12.80447], [79.96177, 12.80382], [79.96159, 12.80311], [79.96121, 12.80224], [79.96072, 12.80098], [79.96066, 12.79997], [79.96051, 12.7992], [79.96022, 12.79818], [79.96001, 12.79748], [79.95962, 12.7972], [79.95957, 12.79685], [79.95928, 12.79652], [79.95864, 12.79582], [79.95841, 12.79507], [79.95813, 12.79416], [79.95773, 12.79338], [79.95743, 12.79255], [79.95713, 12.79185], [79.95656, 12.79121], [79.956, 12.79077], [79.9555, 12.79068], [79.95347, 12.79078], [79.95194, 12.79084], [79.95155, 12.79086], [79.94945, 12.79076], [79.94869, 12.79086], [79.94758, 12.79095], [79.94708, 12.79091], [79.94669, 12.79076], [79.94608, 12.79075], [79.9451, 12.79076], [79.94354, 12.79086], [79.94154, 12.79079], [79.94026, 12.79059], [79.94021, 12.79046], [79.94024, 12.7901], [79.94034, 12.78924], [79.94061, 12.78791], [79.9409, 12.78693], [79.94076, 12.78601], [79.94048, 12.78539], [79.94031, 12.78454], [79.93921, 12.78415], [79.93934, 12.78341], [79.93764, 12.78458], [79.93729, 12.78459], [79.93672, 12.7847], [79.93597, 12.7846], [79.93515, 12.78444], [79.93499, 12.7848], [79.93472, 12.78559], [79.93444, 12.78591], [79.93411, 12.7862], [79.93362, 12.78648], [79.93312, 12.7867], [79.93262, 12.78707], [79.93238, 12.78744], [79.93233, 12.78798], [79.93214, 12.78893], [79.93203, 12.7896], [79.9318, 12.79057], [79.93183, 12.79102], [79.93166, 12.79116], [79.93129, 12.79144], [79.92973, 12.79312], [79.9295, 12.79379], [79.92959, 12.79411], [79.9296, 12.79461], [79.92952, 12.79515], [79.92917, 12.79554], [79.92862, 12.79602], [79.92795, 12.79667], [79.92733, 12.79758], [79.927, 12.79799], [79.92697, 12.79802], [79.92667, 12.79839], [79.92635, 12.79843], [79.92628, 12.79677], [79.92583, 12.79558], [79.92518, 12.79474], [79.92482, 12.79516], [79.92398, 12.79587], [79.92308, 12.79628], [79.92218, 12.79669], [79.92089, 12.79723], [79.91975, 12.79778], [79.91867, 12.79823], [79.91858, 12.79827], [79.91709, 12.79889], [79.91551, 12.79918], [79.91339, 12.79963], [79.91228, 12.79985], [79.9117, 12.80004], [79.91167, 12.7996], [79.9111, 12.79952], [79.91095, 12.79965], [79.91068, 12.79989], [79.91027, 12.79987], [79.90946, 12.79974], [79.90934, 12.79952], [79.90894, 12.79962], [79.90812, 12.8003], [79.90755, 12.80114], [79.9072, 12.80152], [79.90642, 12.80231], [79.90581, 12.8029], [79.90489, 12.80417], [79.90473, 12.80543], [79.90467, 12.80639], [79.90409, 12.80675], [79.90408, 12.80695], [79.90408, 12.80704], [79.90407, 12.80711], [79.90404, 12.80819], [79.90373, 12.80943], [79.90361, 12.81081], [79.90356, 12.81363], [79.90362, 12.81457], [79.90381, 12.81583], [79.90371, 12.8168], [79.90374, 12.81766], [79.90373, 12.8177], [79.90346, 12.81828], [79.90304, 12.8192], [79.9024, 12.81948], [79.90167, 12.82014], [79.90209, 12.82105], [79.90242, 12.82155], [79.90248, 12.82164], [79.90279, 12.82212], [79.90275, 12.82254], [79.90232, 12.8225], [79.90193, 12.82317], [79.90178, 12.82374], [79.90177, 12.8238], [79.90177, 12.8238], [79.90359, 12.8237], [79.90598, 12.82416], [79.906, 12.82471], [79.906, 12.82592], [79.9063, 12.82712], [79.9069, 12.82848], [79.90713, 12.82939], [79.908, 12.83109], [79.9094, 12.83095], [79.90971, 12.83092], [79.90972, 12.83095], [79.90976, 12.83135], [79.90942, 12.83464], [79.90942, 12.83611], [79.90975, 12.83834], [79.90975, 12.83913], [79.90899, 12.83939], [79.90901, 12.83994], [79.90907, 12.84064], [79.90876, 12.84081], [79.90779, 12.8408], [79.90537, 12.84099], [79.90393, 12.84131], [79.9042, 12.84225], [79.90468, 12.8437], [79.90486, 12.84449], [79.90484, 12.84523], [79.90496, 12.84613], [79.90504, 12.84664], [79.90504, 12.84747], [79.90492, 12.84885], [79.90507, 12.84929], [79.9051, 12.84936], [79.90515, 12.84951], [79.90533, 12.85007], [79.90516, 12.85065], [79.90453, 12.85139], [79.90481, 12.85181], [79.90537, 12.85267], [79.90543, 12.85293], [79.90546, 12.85304], [79.90565, 12.85382], [79.90623, 12.85565], [79.90693, 12.85774], [79.90748, 12.85921], [79.90838, 12.86112], [79.90842, 12.86202], [79.90838, 12.86296], [79.90869, 12.86391], [79.90955, 12.86528], [79.90971, 12.866], [79.90959, 12.86597], [79.90873, 12.86579], [79.90785, 12.86587], [79.9077, 12.86602], [79.90765, 12.86661], [79.90618, 12.86753], [79.90323, 12.86895], [79.90185, 12.86965], [79.90168, 12.86972], [79.90158, 12.86975], [79.90034, 12.87021], [79.90054, 12.87104], [79.89926, 12.87122], [79.8977, 12.87173], [79.89684, 12.87173], [79.89586, 12.87203], [79.8951, 12.8726], [79.8942, 12.87149], [79.89371, 12.87165], [79.89277, 12.87197], [79.89118, 12.87243], [79.88921, 12.873], [79.88774, 12.8737], [79.88659, 12.87438], [79.88534, 12.87474], [79.88495, 12.875], [79.88462, 12.87549], [79.88347, 12.87577], [79.88217, 12.87631], [79.88008, 12.87697], [79.88004, 12.87697], [79.87994, 12.87699], [79.87742, 12.87735], [79.87422, 12.87778], [79.87347, 12.87773], [79.87271, 12.87802], [79.87259, 12.87849], [79.87262, 12.88008], [79.87171, 12.88132], [79.87112, 12.88121], [79.86948, 12.88073], [79.86753, 12.88016], [79.86577, 12.87962], [79.86471, 12.87943], [79.86409, 12.87873], [79.86337, 12.8781], [79.86304, 12.87806], [79.86292, 12.87805], [79.86181, 12.87792], [79.86042, 12.8777], [79.85944, 12.87731], [79.85731, 12.87741], [79.85588, 12.87746], [79.85234, 12.87762], [79.85229, 12.87765], [79.85144, 12.87827], [79.85088, 12.87904], [79.84996, 12.88052], [79.84889, 12.88236], [79.84745, 12.88313], [79.84581, 12.88401], [79.84291, 12.88576], [79.84085, 12.8869], [79.84083, 12.88695], [79.84043, 12.88841], [79.83998, 12.88945], [79.83922, 12.88982], [79.8376, 12.89106], [79.83597, 12.89217], [79.83463, 12.89321], [79.83454, 12.89327], [79.83426, 12.89349], [79.83342, 12.89408], [79.83302, 12.8945], [79.8325, 12.89492], [79.83223, 12.89526], [79.83183, 12.89584], [79.8313, 12.89625], [79.82982, 12.89615], [79.82868, 12.89623], [79.82697, 12.89606], [79.82654, 12.89773], [79.82649, 12.89773], [79.82529, 12.89757], [79.82525, 12.89757], [79.82521, 12.89756], [79.82404, 12.89742], [79.82245, 12.89764], [79.82044, 12.89806], [79.81973, 12.89814], [79.81871, 12.89798], [79.81755, 12.89796], [79.81645, 12.89797], [79.81569, 12.8976], [79.81529, 12.89729], [79.8146, 12.89674], [79.81346, 12.89632], [79.81204, 12.89589], [79.81199, 12.89589], [79.81104, 12.89589], [79.81116, 12.89642], [79.8118, 12.89643], [79.81177, 12.89684], [79.81121, 12.89688], [79.81132, 12.89765], [79.81175, 12.89796], [79.81158, 12.8987], [79.81063, 12.89842], [79.81058, 12.8984], [79.80782, 12.89707], [79.80645, 12.89645], [79.80541, 12.89602], [79.80436, 12.89559], [79.8034, 12.89524], [79.80281, 12.8949], [79.80196, 12.89446], [79.79896, 12.89314], [79.79732, 12.89236], [79.79585, 12.89187], [79.79421, 12.89162], [79.79226, 12.89133], [79.79217, 12.8914], [79.79185, 12.89164], [79.79118, 12.89201], [79.79058, 12.89222], [79.78955, 12.89256], [79.78874, 12.8928], [79.78805, 12.89296], [79.78752, 12.89297], [79.78718, 12.89304], [79.78636, 12.89338], [79.78546, 12.89367], [79.78372, 12.89411], [79.78163, 12.89452], [79.77962, 12.89501], [79.77854, 12.89533], [79.77781, 12.89557], [79.77758, 12.89559], [79.77758, 12.89567], [79.77757, 12.8958], [79.7776, 12.89643], [79.77759, 12.89701], [79.7776, 12.89737], [79.77763, 12.89817], [79.77765, 12.89899], [79.77766, 12.89982], [79.77767, 12.90064], [79.77769, 12.90143], [79.77768, 12.90218], [79.7777, 12.90264], [79.77771, 12.90271], [79.77773, 12.90313], [79.77772, 12.90394], [79.77769, 12.9048], [79.77769, 12.90563], [79.7777, 12.90645], [79.77769, 12.90732], [79.77776, 12.90811], [79.77858, 12.90801], [79.7792, 12.90794], [79.78022, 12.90781], [79.78169, 12.90763], [79.78295, 12.90751], [79.78435, 12.90737], [79.78555, 12.90724], [79.78556, 12.90773], [79.78557, 12.90811], [79.78555, 12.90886], [79.78553, 12.90968], [79.78553, 12.91048], [79.78551, 12.91123], [79.78649, 12.91128], [79.78657, 12.91128], [79.78657, 12.91107], [79.78653, 12.90986], [79.78652, 12.90982], [79.78716, 12.90949], [79.78831, 12.90895], [79.78896, 12.90867], [79.78972, 12.90848], [79.79049, 12.90844], [79.79146, 12.90836], [79.79259, 12.9084], [79.79392, 12.90834], [79.79464, 12.90841], [79.79629, 12.90837], [79.79768, 12.90813], [79.79794, 12.90813], [79.79862, 12.90823], [79.79945, 12.90825], [79.80018, 12.90839], [79.80076, 12.90862], [79.80159, 12.90885], [79.80257, 12.90903], [79.80345, 12.90941], [79.80437, 12.90974], [79.8052, 12.91005], [79.80574, 12.91016], [79.80578, 12.91017], [79.8069, 12.91015], [79.8072, 12.91223], [79.80789, 12.91255], [79.80882, 12.91299], [79.80936, 12.91309], [79.80962, 12.91453], [79.80953, 12.91524], [79.80937, 12.91627], [79.80912, 12.91631], [79.80743, 12.91679], [79.80625, 12.91708], [79.80486, 12.91728], [79.80335, 12.91765], [79.80185, 12.91803], [79.80017, 12.91859], [79.79807, 12.91918], [79.79693, 12.91958], [79.79673, 12.92001], [79.79632, 12.92069], [79.79608, 12.92103], [79.79604, 12.92104], [79.79551, 12.92118], [79.79432, 12.92143], [79.79205, 12.92189], [79.79077, 12.92229], [79.79048, 12.92224], [79.79013, 12.92214], [79.78996, 12.9223], [79.78981, 12.92223], [79.78929, 12.92209], [79.78838, 12.92219], [79.78774, 12.9224], [79.78737, 12.92245], [79.78721, 12.92233], [79.78698, 12.92192], [79.78666, 12.92078], [79.78665, 12.92053], [79.78633, 12.91897], [79.78512, 12.91903], [79.78461, 12.91788], [79.78561, 12.91742], [79.78545, 12.91499], [79.78535, 12.91498], [79.78471, 12.91506], [79.78462, 12.91507], [79.78443, 12.91509], [79.78317, 12.91543], [79.78182, 12.91577], [79.78037, 12.91623], [79.77898, 12.91663], [79.7778, 12.91705], [79.77574, 12.91762], [79.77469, 12.91804], [79.77469, 12.91805], [79.77479, 12.91837], [79.7754, 12.91983], [79.77559, 12.92006], [79.77589, 12.92019], [79.77698, 12.92011], [79.7773, 12.92016], [79.7774, 12.92045], [79.77745, 12.92105], [79.77737, 12.92159], [79.77672, 12.92212], [79.77668, 12.92231], [79.77708, 12.92318], [79.77731, 12.92377], [79.77784, 12.92394], [79.77882, 12.92391], [79.77896, 12.92495], [79.77909, 12.92601], [79.77941, 12.92752], [79.77971, 12.92851], [79.77993, 12.92932], [79.78001, 12.93016], [79.77987, 12.93087], [79.77963, 12.93147], [79.77933, 12.93198], [79.77907, 12.93213], [79.77858, 12.93247], [79.77832, 12.93288], [79.77816, 12.93343], [79.77767, 12.93447], [79.77733, 12.93535], [79.77733, 12.93592], [79.77759, 12.93616], [79.77825, 12.9365], [79.7785, 12.93658], [79.77908, 12.93653], [79.77996, 12.9365], [79.78106, 12.93649], [79.78211, 12.93669], [79.78211, 12.9367], [79.78232, 12.93707], [79.78288, 12.9391], [79.78329, 12.94022], [79.78423, 12.94019], [79.78432, 12.94063], [79.78449, 12.94114], [79.78467, 12.94159], [79.78459, 12.94221], [79.78452, 12.94314], [79.78453, 12.94316], [79.78473, 12.94462], [79.78486, 12.9455], [79.78515, 12.94713], [79.78548, 12.94853], [79.78573, 12.95002], [79.78606, 12.95053], [79.78611, 12.95056], [79.78726, 12.95121], [79.78861, 12.95195], [79.78879, 12.95219], [79.78873, 12.95275], [79.7884, 12.95311], [79.7879, 12.95316], [79.78769, 12.95358], [79.78784, 12.95369], [79.78799, 12.95399], [79.788, 12.95418], [79.78764, 12.95438], [79.78722, 12.95467], [79.78717, 12.9549], [79.78696, 12.95557], [79.78674, 12.95571], [79.78622, 12.95605], [79.78569, 12.95641], [79.78496, 12.95749], [79.78454, 12.95805], [79.78422, 12.95819], [79.78416, 12.95818], [79.78352, 12.95802], [79.78254, 12.95753], [79.78176, 12.9569], [79.78127, 12.95614], [79.7807, 12.95524], [79.77908, 12.9532], [79.77864, 12.95254], [79.77721, 12.95073], [79.77586, 12.94922], [79.77486, 12.95019], [79.7748, 12.9502], [79.77463, 12.95022], [79.77426, 12.95006], [79.77334, 12.94965], [79.77242, 12.94932], [79.77107, 12.94883], [79.77015, 12.9486], [79.76922, 12.9485], [79.76872, 12.94867], [79.76839, 12.94901], [79.76808, 12.94951], [79.76788, 12.95046], [79.76762, 12.95123], [79.76698, 12.95245], [79.76628, 12.95322], [79.76585, 12.95374], [79.76531, 12.9545], [79.76468, 12.95531], [79.76425, 12.95564], [79.76439, 12.95593], [79.76456, 12.95638], [79.76469, 12.95682], [79.76456, 12.95741], [79.76454, 12.9575], [79.76451, 12.9576], [79.76446, 12.95869], [79.7643, 12.95921], [79.76394, 12.95939], [79.76317, 12.95947], [79.76263, 12.95955], [79.76271, 12.95983], [79.76302, 12.9603], [79.76358, 12.96137], [79.76398, 12.96233], [79.76397, 12.96316], [79.76361, 12.96469], [79.76352, 12.96569], [79.76327, 12.96725], [79.76328, 12.96729], [79.76333, 12.96819], [79.76332, 12.96952], [79.76318, 12.97055], [79.76316, 12.97109], [79.76244, 12.97114], [79.76198, 12.97121], [79.76189, 12.97141], [79.76206, 12.9717], [79.7627, 12.97212], [79.76284, 12.9725], [79.76276, 12.97341], [79.76278, 12.97528], [79.76273, 12.97601], [79.7626, 12.97688], [79.7625, 12.97839], [79.7642, 12.97847], [79.76422, 12.97848], [79.76413, 12.97917], [79.76405, 12.97994], [79.76388, 12.98135], [79.76398, 12.98212], [79.76399, 12.98214], [79.76598, 12.98216], [79.7673, 12.98246], [79.76846, 12.98286], [79.76976, 12.98361], [79.76977, 12.98364], [79.76985, 12.98401], [79.76947, 12.98602], [79.76929, 12.98686], [79.76877, 12.98812], [79.76832, 12.9892], [79.76818, 12.98925], [79.76739, 12.98934], [79.76675, 12.98936], [79.76609, 12.98958], [79.76562, 12.98973], [79.76518, 12.98967], [79.76461, 12.98945], [79.76455, 12.98958], [79.76441, 12.99004], [79.76418, 12.9908], [79.76368, 12.99136], [79.76318, 12.99164], [79.76278, 12.99171], [79.76269, 12.99172], [79.76206, 12.99183], [79.76159, 12.99195], [79.76147, 12.99228], [79.76074, 12.99253], [79.75962, 12.993], [79.7584, 12.99333], [79.75745, 12.9937], [79.75685, 12.99372], [79.75602, 12.99359], [79.75521, 12.99368], [79.75455, 12.99368], [79.75409, 12.99351], [79.75369, 12.99356], [79.75297, 12.99378], [79.75223, 12.99389], [79.75172, 12.9938], [79.75126, 12.99359], [79.7508, 12.99293], [79.75013, 12.99278], [79.74864, 12.99255], [79.74789, 12.99242], [79.74621, 12.99217], [79.74409, 12.99193], [79.74259, 12.99185], [79.7409, 12.99136], [79.73946, 12.9908], [79.73831, 12.99064], [79.74006, 12.99249], [79.74289, 12.99461], [79.74399, 12.99517], [79.74528, 12.99584], [79.74602, 12.99673], [79.74628, 12.99705], [79.7471, 12.99871], [79.7477, 13.00022], [79.74769, 13.00109], [79.74769, 13.0013], [79.74759, 13.0029], [79.74855, 13.00361], [79.74874, 13.00375], [79.74874, 13.00375], [79.74884, 13.0038], [79.75032, 13.00476], [79.75097, 13.0052], [79.75135, 13.00546], [79.75277, 13.00628], [79.75277, 13.00628], [79.7538, 13.00693], [79.7538, 13.00693], [79.75501, 13.00768], [79.75503, 13.0077], [79.75503, 13.0077], [79.7565, 13.00854], [79.75747, 13.00895], [79.75839, 13.00945], [79.75913, 13.00985], [79.76084, 13.01087], [79.76084, 13.01087], [79.76169, 13.01136], [79.76234, 13.01176], [79.76302, 13.01217], [79.76431, 13.01296], [79.76536, 13.01357], [79.76636, 13.01417], [79.76744, 13.01476], [79.76744, 13.01476], [79.76782, 13.01497], [79.76787, 13.01502], [79.76793, 13.01509], [79.76794, 13.01524], [79.76794, 13.01534], [79.76793, 13.01556], [79.7679, 13.0159], [79.76786, 13.0162], [79.76786, 13.01624], [79.76786, 13.01624], [79.76788, 13.01639], [79.76789, 13.0164], [79.76789, 13.01641], [79.76805, 13.01656], [79.76813, 13.01663], [79.76835, 13.0168], [79.76866, 13.01703], [79.76866, 13.01703], [79.76883, 13.01711], [79.76893, 13.01713], [79.7691, 13.01716], [79.76942, 13.01717], [79.76979, 13.01725], [79.77053, 13.01758], [79.77097, 13.01787], [79.77131, 13.01804], [79.77149, 13.01812], [79.77177, 13.01824], [79.77224, 13.01844], [79.77311, 13.0188], [79.77314, 13.01882], [79.77314, 13.01882], [79.77394, 13.01915], [79.77464, 13.01947], [79.77504, 13.01965], [79.77504, 13.01965], [79.77589, 13.02011], [79.77589, 13.02011], [79.77604, 13.02018], [79.77639, 13.02033], [79.77715, 13.02074], [79.77782, 13.02115], [79.77822, 13.02139], [79.77842, 13.02151], [79.7786, 13.02162], [79.77862, 13.02163], [79.77862, 13.02163], [79.77939, 13.02201], [79.78001, 13.02232], [79.78059, 13.02253], [79.78101, 13.02257], [79.78131, 13.0226], [79.78211, 13.02266], [79.78292, 13.02274], [79.78323, 13.0228], [79.78345, 13.02285], [79.784, 13.02288], [79.7841, 13.02288], [79.7841, 13.02288], [79.78488, 13.02283], [79.78663, 13.0226], [79.78663, 13.0226], [79.78736, 13.02246], [79.78741, 13.02246], [79.78741, 13.02246], [79.78779, 13.02251], [79.78816, 13.02281], [79.78907, 13.02369], [79.78989, 13.02457], [79.79084, 13.02501], [79.79241, 13.02572], [79.79241, 13.02572], [79.79355, 13.02628], [79.79519, 13.02702], [79.79519, 13.02702], [79.7958, 13.02731], [79.79667, 13.02767], [79.79674, 13.02754], [79.79702, 13.02666], [79.79751, 13.02514], [79.79788, 13.02398], [79.79821, 13.02306], [79.79853, 13.02186], [79.79856, 13.02161], [79.79861, 13.02118], [79.79859, 13.02088], [79.79855, 13.02048], [79.7986, 13.02009], [79.79868, 13.01977], [79.79906, 13.01934], [79.79947, 13.01829], [79.80051, 13.01605], [79.80075, 13.01555], [79.80105, 13.01495], [79.80191, 13.01521], [79.8039, 13.01591], [79.8039, 13.01591], [79.80555, 13.01649], [79.80555, 13.01649], [79.80696, 13.01697], [79.80696, 13.01697], [79.80862, 13.01747], [79.81029, 13.01808], [79.81045, 13.01814], [79.81084, 13.01783], [79.81084, 13.01783], [79.81151, 13.01674], [79.81253, 13.01546], [79.81349, 13.01417], [79.81406, 13.01309], [79.81484, 13.01135], [79.81558, 13.00989], [79.81655, 13.00795], [79.81719, 13.0065], [79.81782, 13.00505], [79.8181, 13.00451], [79.81811, 13.00447], [79.81824, 13.00383], [79.81811, 13.00248], [79.81805, 13.00134], [79.81817, 12.99956], [79.81819, 12.99783], [79.81841, 12.99564], [79.81844, 12.99536], [79.81861, 12.99395], [79.81882, 12.99295], [79.819, 12.99211], [79.81901, 12.99205], [79.81893, 12.99203], [79.818, 12.99175], [79.81626, 12.99107], [79.81586, 12.99106], [79.81538, 12.99104], [79.8143, 12.99081], [79.81368, 12.99068], [79.81365, 12.99067], [79.81357, 12.99065], [79.81346, 12.99063], [79.81296, 12.99031], [79.813, 12.98946], [79.81343, 12.98865], [79.8144, 12.98681], [79.81444, 12.98674], [79.81483, 12.98656], [79.81483, 12.98656], [79.81545, 12.98677], [79.81644, 12.98706], [79.81764, 12.98742], [79.81925, 12.988], [79.81925, 12.988], [79.81935, 12.98801], [79.81986, 12.98806], [79.81999, 12.98793], [79.81999, 12.98704], [79.81999, 12.98704], [79.81982, 12.98626], [79.81925, 12.98529], [79.81925, 12.98529], [79.81907, 12.98504], [79.81852, 12.98424], [79.8184, 12.98402], [79.818, 12.98325], [79.8181, 12.98259], [79.81864, 12.9821], [79.81885, 12.98177], [79.81922, 12.98118], [79.81973, 12.98073], [79.81973, 12.98073], [79.81983, 12.98062], [79.82113, 12.97913], [79.82113, 12.97913], [79.82118, 12.97902], [79.82156, 12.97829], [79.82141, 12.97744], [79.82126, 12.9772], [79.82102, 12.97681], [79.82085, 12.97636], [79.82084, 12.97548], [79.82093, 12.9743], [79.82097, 12.97373], [79.82155, 12.97252], [79.82219, 12.9714], [79.82229, 12.97088], [79.82238, 12.97041], [79.82226, 12.96828], [79.8224, 12.96786], [79.8224, 12.96763], [79.82241, 12.96726], [79.82236, 12.96655], [79.82236, 12.96655], [79.82186, 12.96547], [79.82186, 12.96547], [79.82165, 12.96447], [79.82165, 12.96447], [79.82164, 12.96445], [79.82138, 12.96383], [79.82122, 12.96351], [79.82104, 12.96318], [79.82102, 12.96289], [79.82101, 12.96271], [79.82099, 12.96251], [79.8211, 12.9623], [79.82125, 12.96202], [79.82136, 12.96195], [79.82161, 12.96182], [79.82184, 12.96184], [79.82265, 12.96228], [79.82265, 12.96228], [79.82344, 12.96285], [79.82396, 12.96313], [79.8246, 12.96347], [79.82527, 12.96371], [79.82588, 12.96366], [79.8261, 12.96365], [79.8261, 12.96365], [79.82649, 12.96369], [79.82732, 12.96387], [79.82866, 12.964], [79.82957, 12.96402], [79.8304, 12.96404], [79.83135, 12.96398], [79.83186, 12.96388], [79.83186, 12.96388], [79.83298, 12.96323], [79.83447, 12.96255], [79.83447, 12.96255], [79.83478, 12.96239], [79.83468, 12.96211], [79.83389, 12.96142], [79.8332, 12.96051], [79.83252, 12.95915], [79.83252, 12.95915], [79.83238, 12.95888], [79.83213, 12.95842], [79.83218, 12.95838], [79.83236, 12.95823], [79.83259, 12.95826], [79.83277, 12.95829], [79.83319, 12.95838], [79.83353, 12.95845], [79.83429, 12.95856], [79.83547, 12.95872], [79.83678, 12.95895], [79.83753, 12.95902], [79.83753, 12.95902], [79.8387, 12.95894], [79.83963, 12.95889], [79.84031, 12.95885], [79.84146, 12.95876], [79.84307, 12.9584], [79.8445, 12.95796], [79.84602, 12.95739], [79.84819, 12.95643], [79.84849, 12.95612], [79.84852, 12.95587], [79.8486, 12.95506], [79.84868, 12.95459], [79.84873, 12.95425], [79.84874, 12.9542], [79.84858, 12.95367], [79.84854, 12.95317], [79.84864, 12.95311], [79.84896, 12.95295], [79.84933, 12.95282], [79.84969, 12.95269], [79.85072, 12.95258], [79.85095, 12.95255], [79.85095, 12.95255], [79.85197, 12.9523], [79.85197, 12.9523], [79.85215, 12.95218], [79.85243, 12.95199], [79.85249, 12.95179], [79.85253, 12.95163], [79.8524, 12.95078], [79.85246, 12.94865], [79.85251, 12.94855], [79.85257, 12.94839], [79.85257, 12.94839], [79.85264, 12.94838], [79.85274, 12.94837], [79.85298, 12.94853], [79.85306, 12.94858], [79.85328, 12.94871], [79.8537, 12.94896], [79.85422, 12.94909], [79.85499, 12.94927], [79.85624, 12.94939], [79.85715, 12.94949], [79.85767, 12.94947], [79.85827, 12.94944], [79.85952, 12.94923], [79.86055, 12.94904], [79.86133, 12.94913], [79.8636, 12.94897], [79.86553, 12.94865], [79.86758, 12.94817], [79.86884, 12.94792], [79.87038, 12.94757], [79.87138, 12.94752], [79.87148, 12.94751], [79.87209, 12.94686], [79.87209, 12.94686], [79.87313, 12.94684], [79.87376, 12.94685], [79.87522, 12.94711], [79.87818, 12.94746], [79.87825, 12.94805], [79.8795, 12.94819], [79.88164, 12.94812], [79.88335, 12.94794], [79.88353, 12.94731], [79.88414, 12.94718], [79.88466, 12.94703], [79.88517, 12.9469], [79.88522, 12.94688], [79.88528, 12.94686], [79.8867, 12.94631], [79.88745, 12.94617], [79.88812, 12.94604], [79.88901, 12.94576], [79.88977, 12.94552], [79.89042, 12.94505], [79.89072, 12.9451], [79.89226, 12.94587], [79.89311, 12.9466], [79.8937, 12.94752], [79.89414, 12.94781], [79.89439, 12.94788], [79.89472, 12.94797], [79.89512, 12.94863], [79.89513, 12.94865], [79.89505, 12.94924], [79.89506, 12.95008], [79.89515, 12.95033], [79.89526, 12.95062], [79.89547, 12.95146], [79.8955, 12.9523], [79.89574, 12.95334], [79.89582, 12.95487], [79.89596, 12.95653], [79.89595, 12.95804], [79.89595, 12.95804], [79.89607, 12.95861], [79.89614, 12.95898], [79.89615, 12.95903], [79.89615, 12.95903], [79.89629, 12.95906], [79.89642, 12.95908], [79.89726, 12.95923], [79.89787, 12.96052], [79.89818, 12.96045], [79.89844, 12.9604], [79.89849, 12.96062], [79.89853, 12.96084], [79.89853, 12.96084], [79.8992, 12.96069], [79.90013, 12.96228], [79.90068, 12.96326], [79.90088, 12.96362], [79.90146, 12.96413], [79.9017, 12.96461], [79.90231, 12.96551], [79.90283, 12.96586], [79.90353, 12.96643], [79.90466, 12.96672], [79.90521, 12.96667], [79.90598, 12.96661], [79.90598, 12.96661], [79.90702, 12.96627], [79.90777, 12.96613], [79.90808, 12.96607], [79.90909, 12.966], [79.91009, 12.96594], [79.91022, 12.96593], [79.91024, 12.96597], [79.9106, 12.96667], [79.90993, 12.96681], [79.90953, 12.9669], [79.90971, 12.96846], [79.90978, 12.96902], [79.91031, 12.96947], [79.91067, 12.97], [79.91068, 12.97016], [79.91069, 12.97031], [79.91032, 12.97109], [79.91032, 12.97109], [79.91036, 12.97134], [79.91049, 12.9721], [79.9106, 12.97379], [79.91187, 12.97355], [79.91187, 12.97355], [79.91275, 12.97554], [79.91275, 12.97554], [79.91285, 12.97577], [79.91286, 12.97579], [79.91366, 12.97762], [79.91404, 12.97892], [79.91397, 12.97895], [79.91161, 12.97974], [79.91161, 12.97974], [79.91126, 12.97982], [79.90971, 12.98017], [79.90903, 12.98037], [79.90862, 12.98049], [79.90841, 12.98083], [79.90828, 12.98102], [79.90828, 12.98102], [79.90782, 12.98124], [79.90732, 12.98169], [79.90732, 12.98169], [79.90623, 12.98259], [79.90472, 12.98297], [79.90329, 12.9832], [79.90301, 12.9841], [79.90273, 12.98499], [79.90168, 12.98515], [79.90167, 12.98575], [79.90139, 12.98623], [79.90109, 12.98679], [79.90065, 12.98712], [79.90065, 12.98712], [79.89992, 12.98755], [79.89992, 12.98755], [79.89881, 12.98792], [79.89685, 12.98862], [79.89683, 12.98899], [79.89679, 12.98955], [79.89679, 12.98955], [79.89614, 12.98974], [79.895, 12.99008], [79.89278, 12.99059], [79.89279, 12.99144], [79.89111, 12.99156], [79.89108, 12.99197], [79.88921, 12.99223], [79.88921, 12.99223], [79.88915, 12.99315], [79.88923, 12.99366], [79.88923, 12.99366], [79.88924, 12.99371], [79.88951, 12.99377], [79.89099, 12.99405], [79.89192, 12.99424], [79.89192, 12.99424], [79.89359, 12.9947], [79.8945, 12.99506], [79.89588, 12.99572], [79.89755, 12.99597], [79.89769, 12.99545], [79.89769, 12.99545], [79.89801, 12.99547], [79.89951, 12.99554], [79.89951, 12.99554], [79.89987, 12.99568], [79.90018, 12.99579], [79.90012, 12.99626], [79.90046, 12.99639], [79.90107, 12.99677], [79.90248, 12.99795], [79.90286, 12.99842], [79.90373, 12.99949], [79.90476, 13.00063], [79.90507, 13.00097], [79.90524, 13.00114], [79.90546, 13.00136], [79.90565, 13.00165], [79.90593, 13.00207], [79.90603, 13.00249], [79.90627, 13.00252], [79.90626, 13.0031], [79.90646, 13.00308], [79.90659, 13.00306], [79.90655, 13.00329], [79.90646, 13.00372], [79.90692, 13.00384], [79.90842, 13.0042], [79.90905, 13.00396], [79.90996, 13.00304], [79.91005, 13.00288], [79.91061, 13.00183], [79.91069, 13.00165], [79.91081, 13.00135], [79.91087, 13.00123], [79.91093, 13.00111], [79.91131, 13.00057], [79.91156, 13.0003], [79.91156, 13.0003], [79.91213, 12.99956], [79.91245, 12.99932], [79.91261, 12.99919], [79.913, 12.99906], [79.91374, 12.9988], [79.91374, 12.9988], [79.91507, 12.99794], [79.91585, 12.99773], [79.91793, 12.99728], [79.91872, 12.99707], [79.91934, 12.9969], [79.9203, 12.99632], [79.92145, 12.99536], [79.92148, 12.99533], [79.92209, 12.99491], [79.92238, 12.99471], [79.92282, 12.99422], [79.92324, 12.99377], [79.92379, 12.9929], [79.92432, 12.99165], [79.92455, 12.99112], [79.92495, 12.99071], [79.92495, 12.99071], [79.92563, 12.99034], [79.92563, 12.99034], [79.92602, 12.99024], [79.92606, 12.99023], [79.92611, 12.99023], [79.92752, 12.99007], [79.92752, 12.99007], [79.92859, 12.99005], [79.92894, 12.99029], [79.9294, 12.99049], [79.92957, 12.99056], [79.92957, 12.99056], [79.93061, 12.99068], [79.93135, 12.99094], [79.93213, 12.9912], [79.93225, 12.99174], [79.93244, 12.99258], [79.9347, 12.99251], [79.93581, 12.99247], [79.93581, 12.99247], [79.93597, 12.99335], [79.93606, 12.99335], [79.93623, 12.99335], [79.93625, 12.99426], [79.93625, 12.99426], [79.93642, 12.99425], [79.93654, 12.99425], [79.93656, 12.99431], [79.93658, 12.99436], [79.93658, 12.99436], [79.93729, 12.99604], [79.93729, 12.99604], [79.93743, 12.99608], [79.93785, 12.99619], [79.93806, 12.99695], [79.93852, 12.99726], [79.93852, 12.99726], [79.93872, 12.99769], [79.93906, 12.99785], [79.93953, 12.99807], [79.93953, 12.99807], [79.93981, 12.99877], [79.94096, 12.9999], [79.94152, 13.00052], [79.94165, 13.00068], [79.94165, 13.00068], [79.94221, 13.00095], [79.94221, 13.00095], [79.94221, 13.00096], [79.94226, 13.00134], [79.94226, 13.00134], [79.94227, 13.00159], [79.94227, 13.00301], [79.94212, 13.00449], [79.94212, 13.00533], [79.94212, 13.00578], [79.9421, 13.0059], [79.94208, 13.00603], [79.94197, 13.00626], [79.94197, 13.00627], [79.94184, 13.00652], [79.94188, 13.00672], [79.94189, 13.00676], [79.94189, 13.00676], [79.94195, 13.00695], [79.94195, 13.00695], [79.94188, 13.00781], [79.94184, 13.00857], [79.94184, 13.00857], [79.94184, 13.00857], [79.94178, 13.00859], [79.94169, 13.00862], [79.94155, 13.00868], [79.94061, 13.00897], [79.93882, 13.0095], [79.93732, 13.0101], [79.93732, 13.0101], [79.93681, 13.01032], [79.93568, 13.01053], [79.93513, 13.01063], [79.93488, 13.01068], [79.93447, 13.01075], [79.93348, 13.0111], [79.933, 13.01157], [79.93272, 13.0119], [79.93259, 13.01206], [79.93168, 13.01309], [79.93168, 13.01309], [79.93095, 13.01393], [79.92906, 13.014], [79.92906, 13.014], [79.92842, 13.01412], [79.92824, 13.01408], [79.92811, 13.01406], [79.92782, 13.01408], [79.92746, 13.01409], [79.92673, 13.01415], [79.92626, 13.01418], [79.92561, 13.01418], [79.92315, 13.01425], [79.92146, 13.01428], [79.92144, 13.01428], [79.92046, 13.01428], [79.92006, 13.01428], [79.91994, 13.01493], [79.91997, 13.01616], [79.91995, 13.01654], [79.91994, 13.01682], [79.91996, 13.01704], [79.92, 13.01743], [79.92001, 13.01813], [79.92002, 13.01851], [79.92003, 13.01901], [79.92004, 13.0195], [79.92004, 13.0195], [79.91881, 13.01939], [79.91881, 13.01939], [79.91877, 13.01903], [79.91877, 13.01903], [79.91753, 13.01885], [79.91753, 13.01885], [79.91747, 13.019], [79.91744, 13.0191], [79.91701, 13.01901], [79.91687, 13.01876], [79.91505, 13.01843], [79.91349, 13.0182], [79.91314, 13.01813], [79.91219, 13.01791], [79.91138, 13.01766], [79.91138, 13.01766], [79.9114, 13.01706], [79.91132, 13.01605], [79.91114, 13.01483], [79.91101, 13.01463], [79.91101, 13.01463], [79.91086, 13.01466], [79.91075, 13.01468], [79.9107, 13.01471], [79.90967, 13.01524], [79.90932, 13.01532], [79.90908, 13.01538], [79.90885, 13.01541], [79.90868, 13.01543], [79.90866, 13.01579], [79.90871, 13.01647], [79.90841, 13.01659], [79.90811, 13.01678], [79.90752, 13.0169], [79.90748, 13.01724], [79.90703, 13.01742], [79.90689, 13.01747], [79.90689, 13.01747], [79.90676, 13.01713], [79.90655, 13.01677], [79.90628, 13.0163], [79.90613, 13.01631], [79.90594, 13.01632], [79.90534, 13.01628], [79.90488, 13.01625], [79.90441, 13.01627], [79.90381, 13.01629], [79.90318, 13.0166], [79.90288, 13.01679], [79.90163, 13.01684], [79.90041, 13.01698], [79.90041, 13.01701], [79.9003, 13.01793], [79.90025, 13.01925], [79.90016, 13.01962], [79.89905, 13.01955], [79.89911, 13.02043], [79.89932, 13.02062], [79.89942, 13.02071], [79.89972, 13.0208], [79.89949, 13.02141], [79.89968, 13.02186], [79.89977, 13.02206], [79.89985, 13.02205], [79.90011, 13.02204], [79.89998, 13.02299], [79.89951, 13.02317], [79.89962, 13.02351], [79.89993, 13.02441], [79.89978, 13.02444], [79.8995, 13.0245], [79.89962, 13.02516], [79.89997, 13.02516], [79.90037, 13.02516], [79.90037, 13.02516], [79.90043, 13.02566], [79.90058, 13.02689], [79.89974, 13.02713], [79.89993, 13.02779], [79.90009, 13.02835], [79.90023, 13.02878], [79.90038, 13.02923], [79.90045, 13.02972], [79.90048, 13.02991], [79.90009, 13.03007], [79.89993, 13.03014], [79.89997, 13.03067], [79.90002, 13.03119], [79.90007, 13.03147], [79.89805, 13.03139], [79.89798, 13.03163], [79.89793, 13.03178], [79.89709, 13.03178], [79.89726, 13.03242], [79.89726, 13.03243], [79.89726, 13.03243], [79.89744, 13.03296], [79.89763, 13.03357], [79.89772, 13.03385], [79.89781, 13.03442], [79.89787, 13.03488], [79.89792, 13.03611], [79.898, 13.03667], [79.898, 13.03671], [79.89812, 13.03758], [79.89812, 13.03758], [79.89827, 13.03855], [79.89829, 13.03884], [79.89831, 13.03919], [79.89838, 13.03978], [79.89842, 13.04012], [79.89915, 13.03988], [79.89917, 13.03996], [79.89921, 13.04017], [79.89955, 13.04153], [79.89978, 13.04194], [79.90008, 13.04279], [79.90016, 13.04325], [79.90019, 13.0434], [79.90036, 13.04435], [79.90042, 13.04465], [79.90043, 13.04496], [79.90044, 13.04503], [79.90046, 13.04554], [79.90066, 13.04677], [79.90064, 13.04839], [79.90064, 13.04839], [79.90067, 13.0491], [79.90068, 13.04946], [79.90076, 13.04945], [79.90098, 13.04943], [79.90227, 13.04928], [79.90328, 13.04916], [79.90407, 13.04905], [79.90486, 13.04894], [79.90556, 13.04878], [79.90664, 13.04857], [79.90756, 13.0483], [79.90756, 13.0483], [79.90729, 13.04742], [79.90806, 13.0474], [79.90894, 13.04727], [79.90894, 13.04727], [79.9095, 13.04707], [79.90978, 13.04684], [79.90992, 13.04678], [79.91015, 13.04668], [79.91031, 13.04667], [79.91043, 13.04667], [79.91079, 13.04663], [79.91127, 13.04658], [79.91171, 13.04659], [79.91182, 13.0464], [79.91194, 13.04623], [79.91194, 13.04623], [79.91232, 13.04637], [79.91243, 13.0464], [79.9128, 13.04639], [79.91292, 13.04689], [79.91323, 13.04694], [79.9141, 13.0469], [79.91488, 13.04691], [79.91586, 13.04698], [79.91586, 13.04698], [79.91631, 13.04711], [79.91698, 13.04734], [79.91696, 13.04752], [79.91693, 13.0478], [79.91725, 13.04775], [79.91725, 13.04775], [79.91735, 13.04773], [79.91771, 13.04766], [79.91779, 13.04764], [79.918, 13.0472], [79.91806, 13.04658], [79.9181, 13.04499], [79.9181, 13.04499], [79.91802, 13.0445], [79.91799, 13.04428], [79.918, 13.04334], [79.91851, 13.04324], [79.91839, 13.0425], [79.91839, 13.0425], [79.91839, 13.0425], [79.91806, 13.04248], [79.91795, 13.04163], [79.91775, 13.04153], [79.91781, 13.04039], [79.91761, 13.04037], [79.91751, 13.03978], [79.91757, 13.03977], [79.91766, 13.03975], [79.9176, 13.03917], [79.91769, 13.03913], [79.91775, 13.03911], [79.91775, 13.03862], [79.91765, 13.03797], [79.91765, 13.03797], [79.91708, 13.03789], [79.91718, 13.03731], [79.91726, 13.03693], [79.91706, 13.03642], [79.91736, 13.03635], [79.91736, 13.03635], [79.9174, 13.03609], [79.91748, 13.03562], [79.91791, 13.03534], [79.91803, 13.03518], [79.9181, 13.0351], [79.9182, 13.03498], [79.9182, 13.03498], [79.91841, 13.03493], [79.9192, 13.03486], [79.91967, 13.03481], [79.91997, 13.03476], [79.92052, 13.03467], [79.9209, 13.0346], [79.92143, 13.03449], [79.92143, 13.03449], [79.92196, 13.03438], [79.9223, 13.03429], [79.92248, 13.03424], [79.92334, 13.03409], [79.92414, 13.03386], [79.92414, 13.03386], [79.92474, 13.03372], [79.92474, 13.03372], [79.92481, 13.03371], [79.92504, 13.03365], [79.9257, 13.03352], [79.92765, 13.03342], [79.92994, 13.03314], [79.93065, 13.03308], [79.93145, 13.03301], [79.9324, 13.03291], [79.93302, 13.03285], [79.93339, 13.03284], [79.93396, 13.03282], [79.93499, 13.03279], [79.9358, 13.03267], [79.93605, 13.03262], [79.93623, 13.03259], [79.93677, 13.03259], [79.93677, 13.03259], [79.93783, 13.0327], [79.9387, 13.03281], [79.93903, 13.03283], [79.9397, 13.03288], [79.9404, 13.03297], [79.94108, 13.03305], [79.94119, 13.03307], [79.94128, 13.03309], [79.94128, 13.03309], [79.94141, 13.0331], [79.94199, 13.03316], [79.9424, 13.03315], [79.94267, 13.03315], [79.94295, 13.03313], [79.94325, 13.0331], [79.94377, 13.03313], [79.94419, 13.03315], [79.9444, 13.03314], [79.94484, 13.03314], [79.9452, 13.03316], [79.94552, 13.03319], [79.94572, 13.03316], [79.94581, 13.03315], [79.94581, 13.03315], [79.94643, 13.03324], [79.94677, 13.03323], [79.947, 13.03308], [79.94731, 13.03294], [79.94759, 13.03293], [79.9478, 13.03292], [79.9481, 13.03291], [79.94847, 13.03289], [79.94866, 13.03281], [79.94896, 13.03268], [79.94902, 13.03279], [79.94906, 13.03286], [79.94916, 13.0333], [79.94925, 13.03369], [79.9511, 13.03454], [79.95167, 13.03482], [79.95216, 13.03507], [79.95218, 13.03542], [79.95223, 13.03546], [79.95241, 13.03556], [79.95306, 13.03575], [79.95307, 13.03575], [79.95303, 13.03589], [79.95298, 13.03605], [79.953, 13.03606], [79.95308, 13.0361], [79.95319, 13.03616], [79.95437, 13.03694], [79.95438, 13.03695], [79.9544, 13.03696], [79.9544, 13.03696], [79.95563, 13.03777], [79.95649, 13.03774], [79.9578, 13.03781], [79.9596, 13.03786], [79.96048, 13.03785], [79.96116, 13.03783], [79.96535, 13.0377], [79.96535, 13.0377], [79.96878, 13.03748], [79.96883, 13.03748], [79.96888, 13.03773], [79.96888, 13.03774], [79.96895, 13.03815], [79.96905, 13.03856], [79.96904, 13.03859], [79.96904, 13.03869], [79.96904, 13.03883], [79.96889, 13.03925], [79.96829, 13.03984], [79.96826, 13.04035], [79.9683, 13.04071], [79.9683, 13.04071], [79.96844, 13.04179], [79.96861, 13.04229], [79.96867, 13.04247], [79.96867, 13.04247], [79.96878, 13.04353], [79.96883, 13.04378], [79.96885, 13.04389], [79.96893, 13.0442], [79.96909, 13.04482], [79.96916, 13.04512], [79.96922, 13.04534], [79.96928, 13.04574], [79.96946, 13.04678], [79.96964, 13.04795], [79.96974, 13.04845], [79.96974, 13.04845], [79.96987, 13.04901], [79.97031, 13.04936], [79.97069, 13.04959], [79.97139, 13.05002], [79.97141, 13.05004], [79.97166, 13.05004], [79.97166, 13.05004], [79.97196, 13.05005], [79.97274, 13.05002], [79.97382, 13.04998], [79.97538, 13.04988], [79.97669, 13.04975], [79.97703, 13.0498], [79.97773, 13.05044], [79.97836, 13.0505], [79.97913, 13.05111], [79.98023, 13.0519], [79.98023, 13.0519], [79.98043, 13.05199], [79.98047, 13.05201], [79.98047, 13.05201], [79.98125, 13.05222], [79.98174, 13.05229], [79.9821, 13.05225], [79.98271, 13.0522], [79.98375, 13.05196], [79.98419, 13.05282], [79.98419, 13.05282], [79.98422, 13.05295], [79.98427, 13.05313], [79.98486, 13.05313], [79.9851, 13.05313], [79.98564, 13.05317], [79.98574, 13.05403], [79.98595, 13.05457], [79.98596, 13.05459], [79.98623, 13.0553], [79.98638, 13.05572], [79.98654, 13.05618], [79.98654, 13.05618], [79.9868, 13.05608], [79.98687, 13.05604], [79.98687, 13.05604], [79.98711, 13.0559], [79.98795, 13.05537], [79.98899, 13.05472], [79.98987, 13.05429], [79.98988, 13.05428], [79.99084, 13.05381]]]}}, {"type": "Feature", "properties": {"taluk": "Uthiramerur", "district": "Kanchipuram", "state": "Tamil Nadu"}, "geometry": {"type": "Polygon", "coordinates": [[[79.88276, 12.76688], [79.88394, 12.7663], [79.88607, 12.7651], [79.88818, 12.76405], [79.88974, 12.76309], [79.89187, 12.76195], [79.89801, 12.75887], [79.90005, 12.75777], [79.90118, 12.75713], [79.90185, 12.75677], [79.90209, 12.75664], [79.90291, 12.75606], [79.90356, 12.75563], [79.90473, 12.75516], [79.90631, 12.7548], [79.90766, 12.75447], [79.90864, 12.75431], [79.90891, 12.75426], [79.90962, 12.75415], [79.91113, 12.75391], [79.91302, 12.75354], [79.91488, 12.75313], [79.91652, 12.75297], [79.91764, 12.75276], [79.9185, 12.75242], [79.91919, 12.75201], [79.91951, 12.75177], [79.9214, 12.75019], [79.92128, 12.75003], [79.92157, 12.74978], [79.92337, 12.74837], [79.92449, 12.74768], [79.9255, 12.74676], [79.92554, 12.74673], [79.92659, 12.74578], [79.92787, 12.74436], [79.9285, 12.74367], [79.9302, 12.74135], [79.9314, 12.73977], [79.93259, 12.73845], [79.93411, 12.73696], [79.93544, 12.73598], [79.93554, 12.73591], [79.93583, 12.7357], [79.93806, 12.73394], [79.94035, 12.73156], [79.94134, 12.73023], [79.942, 12.72889], [79.94209, 12.72849], [79.94213, 12.72833], [79.94219, 12.7281], [79.94214, 12.72659], [79.94213, 12.72617], [79.94213, 12.72606], [79.94211, 12.72548], [79.94221, 12.72515], [79.94327, 12.72378], [79.94447, 12.72159], [79.94603, 12.71938], [79.9466, 12.71864], [79.94838, 12.71613], [79.95005, 12.71345], [79.9512, 12.71176], [79.95171, 12.71084], [79.95199, 12.71005], [79.9523, 12.70853], [79.95262, 12.70714], [79.95281, 12.70565], [79.95292, 12.70339], [79.95291, 12.7013], [79.95275, 12.6994], [79.95104, 12.69971], [79.94862, 12.69994], [79.94688, 12.70004], [79.94715, 12.70078], [79.94564, 12.70061], [79.94553, 12.7011], [79.94366, 12.70228], [79.94324, 12.7027], [79.94078, 12.70271], [79.93468, 12.70264], [79.9311, 12.70238], [79.93116, 12.70048], [79.93134, 12.69889], [79.93149, 12.69767], [79.93167, 12.69667], [79.9318, 12.69596], [79.93223, 12.69534], [79.93225, 12.69532], [79.93021, 12.69536], [79.93012, 12.69624], [79.92692, 12.69612], [79.92442, 12.69587], [79.92235, 12.69608], [79.91815, 12.69622], [79.9173, 12.69624], [79.91705, 12.69624], [79.91678, 12.69517], [79.91682, 12.69411], [79.91671, 12.69289], [79.9165, 12.692], [79.91617, 12.69153], [79.91602, 12.69119], [79.91609, 12.69095], [79.91639, 12.69058], [79.91675, 12.69019], [79.91668, 12.68943], [79.91689, 12.68839], [79.91702, 12.68726], [79.91712, 12.68391], [79.91726, 12.68357], [79.9171, 12.68296], [79.91699, 12.68248], [79.91788, 12.68196], [79.9183, 12.68189], [79.91871, 12.68103], [79.92045, 12.68095], [79.92096, 12.68085], [79.92112, 12.68068], [79.92129, 12.68017], [79.92123, 12.67926], [79.92116, 12.67892], [79.92115, 12.67883], [79.92104, 12.67828], [79.92101, 12.67717], [79.92118, 12.67598], [79.92139, 12.67442], [79.92143, 12.67368], [79.92142, 12.67364], [79.9214, 12.67349], [79.92132, 12.67311], [79.9211, 12.67243], [79.92085, 12.67211], [79.92049, 12.67159], [79.92041, 12.67096], [79.92074, 12.67056], [79.92098, 12.67002], [79.92147, 12.66873], [79.92176, 12.66684], [79.92197, 12.66517], [79.92217, 12.66339], [79.92222, 12.66246], [79.92222, 12.66243], [79.9227, 12.66134], [79.92336, 12.65937], [79.92357, 12.65846], [79.92355, 12.65728], [79.92347, 12.65669], [79.92329, 12.65412], [79.92315, 12.65292], [79.92311, 12.65126], [79.92306, 12.65097], [79.92336, 12.65073], [79.92372, 12.65043], [79.92392, 12.65017], [79.92419, 12.65015], [79.9244, 12.64994], [79.92434, 12.64957], [79.92404, 12.64891], [79.92405, 12.64857], [79.9242, 12.64833], [79.92485, 12.64788], [79.92502, 12.64764], [79.92513, 12.64647], [79.92507, 12.64595], [79.9253, 12.64541], [79.92554, 12.64447], [79.92584, 12.64425], [79.92641, 12.64405], [79.92656, 12.6438], [79.9264, 12.64346], [79.92601, 12.64304], [79.92578, 12.64243], [79.92559, 12.64236], [79.92509, 12.6426], [79.92491, 12.64266], [79.92485, 12.64258], [79.92516, 12.64228], [79.92608, 12.64169], [79.92759, 12.64042], [79.92798, 12.63992], [79.92837, 12.6389], [79.92855, 12.63793], [79.92852, 12.63717], [79.92824, 12.63684], [79.92737, 12.6361], [79.92685, 12.63535], [79.92611, 12.63434], [79.92536, 12.63352], [79.92533, 12.63349], [79.92489, 12.63301], [79.9245, 12.63258], [79.92329, 12.63291], [79.92006, 12.634], [79.91776, 12.6347], [79.91311, 12.63612], [79.9135, 12.63801], [79.91323, 12.6381], [79.91203, 12.6382], [79.91206, 12.63876], [79.91023, 12.63958], [79.90914, 12.64018], [79.90639, 12.64056], [79.90394, 12.64083], [79.89945, 12.64138], [79.89763, 12.64159], [79.89696, 12.64163], [79.89638, 12.63963], [79.8958, 12.63749], [79.89539, 12.63633], [79.89537, 12.63633], [79.89441, 12.63636], [79.89392, 12.6356], [79.89277, 12.63415], [79.89232, 12.63327], [79.8919, 12.63202], [79.88888, 12.63206], [79.88879, 12.63062], [79.88801, 12.63037], [79.88682, 12.63063], [79.88672, 12.63065], [79.88614, 12.63078], [79.88502, 12.63135], [79.88422, 12.63164], [79.88328, 12.63189], [79.88298, 12.63195], [79.8828, 12.63189], [79.88253, 12.63171], [79.88238, 12.63156], [79.88117, 12.63127], [79.879, 12.63096], [79.87854, 12.63088], [79.87866, 12.63059], [79.87713, 12.63091], [79.87684, 12.63069], [79.87509, 12.63103], [79.87364, 12.63102], [79.87243, 12.62931], [79.8705, 12.62655], [79.86824, 12.62655], [79.86317, 12.62662], [79.86306, 12.62662], [79.86304, 12.62663], [79.86205, 12.62692], [79.85789, 12.62842], [79.85534, 12.62932], [79.85444, 12.62986], [79.85147, 12.63054], [79.84782, 12.63148], [79.84783, 12.63087], [79.84587, 12.63098], [79.84581, 12.63096], [79.84563, 12.63092], [79.8448, 12.62848], [79.844, 12.6288], [79.84361, 12.6264], [79.8428, 12.62594], [79.8416, 12.62511], [79.84067, 12.62389], [79.83728, 12.62306], [79.83673, 12.62313], [79.83618, 12.62319], [79.8327, 12.62358], [79.83226, 12.62363], [79.82968, 12.62349], [79.8267, 12.62262], [79.82355, 12.62065], [79.82052, 12.62061], [79.8203, 12.62271], [79.81783, 12.62372], [79.81775, 12.62376], [79.8167, 12.62419], [79.81127, 12.62642], [79.8102, 12.62724], [79.80648, 12.62887], [79.80528, 12.62907], [79.80528, 12.62907], [79.80574, 12.62821], [79.80606, 12.62663], [79.80727, 12.62437], [79.80785, 12.62205], [79.80807, 12.6203], [79.80918, 12.61921], [79.81105, 12.61764], [79.81172, 12.61594], [79.81185, 12.61532], [79.81163, 12.61414], [79.81118, 12.61288], [79.81101, 12.61248], [79.81208, 12.61117], [79.81234, 12.60978], [79.81345, 12.60838], [79.81412, 12.60746], [79.81503, 12.60641], [79.8151, 12.60632], [79.81528, 12.60611], [79.81563, 12.60358], [79.81537, 12.60219], [79.81537, 12.60214], [79.8139, 12.59847], [79.81345, 12.59694], [79.81176, 12.59707], [79.81203, 12.59581], [79.81128, 12.59554], [79.81217, 12.59249], [79.81239, 12.59262], [79.8127, 12.59078], [79.81448, 12.58799], [79.81474, 12.58753], [79.81476, 12.58751], [79.8159, 12.58733], [79.81662, 12.58786], [79.8171, 12.58864], [79.81726, 12.5889], [79.81759, 12.58855], [79.81741, 12.58741], [79.81737, 12.58628], [79.8175, 12.58492], [79.8171, 12.58379], [79.8171, 12.58238], [79.81763, 12.58125], [79.81919, 12.58046], [79.82062, 12.5789], [79.82022, 12.57598], [79.82066, 12.57558], [79.82129, 12.57484], [79.82134, 12.5693], [79.82134, 12.56929], [79.82089, 12.56907], [79.81973, 12.56759], [79.81929, 12.5655], [79.81925, 12.5655], [79.81665, 12.56554], [79.8132, 12.5658], [79.81324, 12.56527], [79.81128, 12.56562], [79.80622, 12.56649], [79.7959, 12.5682], [79.79479, 12.56448], [79.79276, 12.56062], [79.79274, 12.56062], [79.79195, 12.56049], [79.79048, 12.56118], [79.78964, 12.56105], [79.78791, 12.56188], [79.78777, 12.5611], [79.78635, 12.56105], [79.78546, 12.56105], [79.78204, 12.56044], [79.78013, 12.56048], [79.77888, 12.55616], [79.77627, 12.55619], [79.77649, 12.55506], [79.77685, 12.55194], [79.77686, 12.5519], [79.77327, 12.5511], [79.77322, 12.55112], [79.7701, 12.55188], [79.76868, 12.55223], [79.76579, 12.55087], [79.76369, 12.55022], [79.7637, 12.5503], [79.7641, 12.55424], [79.76303, 12.55454], [79.76339, 12.55559], [79.76303, 12.5565], [79.7625, 12.55673], [79.76201, 12.55734], [79.76192, 12.55773], [79.76054, 12.55847], [79.76031, 12.55851], [79.75965, 12.55865], [79.75765, 12.56009], [79.75436, 12.56153], [79.75368, 12.56174], [79.75368, 12.56174], [79.75367, 12.56172], [79.75325, 12.56078], [79.75272, 12.5586], [79.75258, 12.55458], [79.75232, 12.55117], [79.75229, 12.54931], [79.75228, 12.54922], [79.75228, 12.54894], [79.75317, 12.54881], [79.75307, 12.54811], [79.75477, 12.54803], [79.75424, 12.54536], [79.75397, 12.54392], [79.75406, 12.54361], [79.7549, 12.54318], [79.75496, 12.54314], [79.75494, 12.54313], [79.75388, 12.54248], [79.75246, 12.5423], [79.75132, 12.54139], [79.75065, 12.54108], [79.75061, 12.54025], [79.74981, 12.53982], [79.74923, 12.5385], [79.74905, 12.53811], [79.74866, 12.53831], [79.74853, 12.53831], [79.74831, 12.53668], [79.74583, 12.53762], [79.74517, 12.53477], [79.74468, 12.53474], [79.74444, 12.5334], [79.74424, 12.53295], [79.74393, 12.53189], [79.74385, 12.53194], [79.74344, 12.5322], [79.74262, 12.53245], [79.74262, 12.53245], [79.74148, 12.53283], [79.74145, 12.53285], [79.74125, 12.53295], [79.74087, 12.53345], [79.73961, 12.5353], [79.73909, 12.53603], [79.73895, 12.53612], [79.73846, 12.53642], [79.7369, 12.5377], [79.73583, 12.53853], [79.73583, 12.53853], [79.73503, 12.53897], [79.73486, 12.53907], [79.73486, 12.53907], [79.7347, 12.53911], [79.7337, 12.5394], [79.732, 12.53992], [79.73141, 12.5401], [79.73021, 12.5405], [79.72983, 12.5407], [79.7292, 12.54106], [79.7288, 12.54128], [79.72735, 12.54242], [79.72517, 12.54422], [79.72207, 12.54676], [79.72112, 12.54747], [79.721, 12.5475], [79.71997, 12.5477], [79.71917, 12.5479], [79.71858, 12.54805], [79.71798, 12.54822], [79.71747, 12.54836], [79.71709, 12.54852], [79.71643, 12.54881], [79.71582, 12.54912], [79.71526, 12.54939], [79.71463, 12.54959], [79.71463, 12.54959], [79.71466, 12.54966], [79.71478, 12.5499], [79.71488, 12.55013], [79.71576, 12.55189], [79.71615, 12.55193], [79.71629, 12.55236], [79.71661, 12.55315], [79.71699, 12.55418], [79.7172, 12.555], [79.71749, 12.55602], [79.71761, 12.55686], [79.71761, 12.5569], [79.71762, 12.55694], [79.71777, 12.55759], [79.71787, 12.55805], [79.71804, 12.55883], [79.71813, 12.55912], [79.71821, 12.55939], [79.71824, 12.55966], [79.71827, 12.55993], [79.71833, 12.56048], [79.71833, 12.56049], [79.71838, 12.56093], [79.7187, 12.56282], [79.71908, 12.56398], [79.71922, 12.56459], [79.71917, 12.56462], [79.71907, 12.56467], [79.71888, 12.56476], [79.71842, 12.56509], [79.7184, 12.56516], [79.71838, 12.56525], [79.71827, 12.56544], [79.71819, 12.56589], [79.71804, 12.56619], [79.71796, 12.56637], [79.71769, 12.56724], [79.71735, 12.56744], [79.7171, 12.56759], [79.7171, 12.56759], [79.71704, 12.56776], [79.71693, 12.56808], [79.71693, 12.56808], [79.7156, 12.56831], [79.71555, 12.56833], [79.71527, 12.5684], [79.7147, 12.56846], [79.7147, 12.56842], [79.7147, 12.56841], [79.7147, 12.56796], [79.71428, 12.56796], [79.71426, 12.56815], [79.71426, 12.56815], [79.71421, 12.56815], [79.71408, 12.56815], [79.71394, 12.56815], [79.71394, 12.56814], [79.71394, 12.56813], [79.71394, 12.56777], [79.71211, 12.56772], [79.7121, 12.56787], [79.71209, 12.56802], [79.71161, 12.56804], [79.71161, 12.56804], [79.71146, 12.56805], [79.71138, 12.56827], [79.70961, 12.56825], [79.7096, 12.56815], [79.7096, 12.56815], [79.70959, 12.56802], [79.7079, 12.56836], [79.70788, 12.56851], [79.70788, 12.56851], [79.70786, 12.56873], [79.70786, 12.56873], [79.70691, 12.56904], [79.70691, 12.56904], [79.70685, 12.56906], [79.70565, 12.56945], [79.70565, 12.56945], [79.70574, 12.57025], [79.70586, 12.57142], [79.70605, 12.57259], [79.70621, 12.57313], [79.70635, 12.57363], [79.70636, 12.57376], [79.70645, 12.57454], [79.70662, 12.57509], [79.70666, 12.5751], [79.70673, 12.57511], [79.7078, 12.57528], [79.70797, 12.57536], [79.70801, 12.57563], [79.70809, 12.57623], [79.70852, 12.5763], [79.70872, 12.57638], [79.70874, 12.57638], [79.70902, 12.5765], [79.70935, 12.57662], [79.70936, 12.57662], [79.70959, 12.57671], [79.71055, 12.577], [79.71171, 12.57746], [79.71174, 12.57748], [79.71178, 12.57749], [79.71291, 12.57801], [79.71344, 12.57813], [79.71359, 12.57844], [79.71392, 12.57826], [79.71435, 12.57867], [79.71521, 12.57858], [79.71521, 12.57858], [79.7155, 12.58016], [79.71578, 12.58115], [79.71662, 12.58101], [79.71796, 12.58061], [79.7196, 12.58023], [79.71969, 12.58021], [79.72038, 12.58005], [79.72038, 12.57964], [79.72038, 12.57964], [79.72158, 12.57959], [79.72165, 12.57958], [79.72316, 12.57951], [79.72361, 12.57929], [79.72366, 12.57926], [79.72421, 12.57898], [79.72426, 12.57896], [79.72493, 12.57897], [79.72518, 12.57943], [79.72531, 12.57986], [79.7253, 12.5799], [79.72526, 12.58016], [79.72522, 12.58042], [79.72527, 12.58114], [79.72533, 12.58216], [79.72538, 12.583], [79.72539, 12.58327], [79.72533, 12.58335], [79.7252, 12.5835], [79.72518, 12.58365], [79.72514, 12.58394], [79.72503, 12.58454], [79.72497, 12.58487], [79.72487, 12.58579], [79.72487, 12.58579], [79.72481, 12.58603], [79.72461, 12.58677], [79.72461, 12.58739], [79.72417, 12.58743], [79.72415, 12.58743], [79.72388, 12.58754], [79.72339, 12.58774], [79.72211, 12.58831], [79.72133, 12.58865], [79.71883, 12.58983], [79.719, 12.59029], [79.7191, 12.59056], [79.71885, 12.59069], [79.71857, 12.59082], [79.71853, 12.59085], [79.71848, 12.59086], [79.71672, 12.59118], [79.71672, 12.59118], [79.71488, 12.59131], [79.71411, 12.59136], [79.71411, 12.59136], [79.71327, 12.59173], [79.71262, 12.59202], [79.71218, 12.59225], [79.7121, 12.59229], [79.71182, 12.59244], [79.71172, 12.59255], [79.71125, 12.59304], [79.71024, 12.59347], [79.71002, 12.59351], [79.70868, 12.5937], [79.70757, 12.59388], [79.70713, 12.59395], [79.70688, 12.59399], [79.70618, 12.59411], [79.70515, 12.59448], [79.70429, 12.59478], [79.70262, 12.59544], [79.70174, 12.59583], [79.70115, 12.596], [79.70109, 12.59602], [79.70103, 12.59603], [79.69991, 12.59618], [79.69987, 12.59618], [79.69987, 12.59618], [79.69982, 12.59608], [79.6998, 12.59602], [79.69978, 12.59598], [79.69962, 12.59561], [79.69959, 12.59542], [79.69955, 12.59517], [79.69946, 12.59507], [79.69941, 12.595], [79.69941, 12.595], [79.699, 12.59494], [79.69848, 12.59498], [79.69848, 12.59498], [79.69837, 12.59498], [79.6982, 12.59496], [79.69816, 12.59491], [79.69816, 12.59491], [79.69804, 12.59476], [79.6976, 12.59463], [79.69735, 12.59449], [79.6973, 12.59447], [79.69728, 12.59468], [79.69723, 12.59529], [79.6966, 12.59637], [79.69612, 12.59705], [79.69532, 12.59726], [79.69501, 12.59736], [79.69431, 12.59759], [79.69426, 12.59763], [79.69391, 12.59788], [79.69384, 12.59804], [79.69376, 12.59821], [79.69386, 12.59886], [79.69387, 12.59893], [79.69378, 12.59895], [79.69311, 12.5991], [79.69284, 12.59921], [79.69278, 12.59924], [79.69265, 12.59934], [79.69244, 12.59951], [79.69223, 12.59991], [79.69193, 12.59999], [79.69184, 12.60027], [79.69184, 12.60028], [79.69181, 12.60038], [79.69181, 12.60038], [79.69124, 12.60038], [79.69124, 12.60038], [79.69107, 12.6004], [79.69063, 12.60046], [79.69082, 12.60113], [79.69082, 12.60113], [79.68952, 12.60138], [79.68854, 12.60153], [79.6884, 12.60156], [79.68836, 12.60156], [79.68831, 12.60151], [79.68819, 12.60139], [79.68723, 12.60044], [79.68562, 12.60007], [79.68442, 12.59852], [79.68344, 12.5983], [79.68341, 12.59829], [79.68188, 12.59811], [79.68083, 12.59805], [79.67889, 12.59838], [79.67883, 12.59838], [79.67756, 12.59854], [79.67751, 12.59854], [79.67732, 12.59824], [79.67684, 12.59746], [79.67654, 12.59697], [79.6759, 12.59569], [79.67519, 12.59547], [79.6745, 12.59526], [79.67422, 12.59491], [79.67374, 12.59449], [79.67263, 12.59347], [79.67243, 12.59329], [79.6721, 12.59333], [79.67137, 12.59376], [79.67092, 12.59402], [79.67048, 12.594], [79.66934, 12.59414], [79.66881, 12.59431], [79.66868, 12.59413], [79.66861, 12.59404], [79.66798, 12.59425], [79.66761, 12.59433], [79.66743, 12.59437], [79.66722, 12.59437], [79.66715, 12.59371], [79.66669, 12.5936], [79.66581, 12.5934], [79.66576, 12.59344], [79.66404, 12.59495], [79.66256, 12.5965], [79.66219, 12.59701], [79.66126, 12.59822], [79.66122, 12.59826], [79.66119, 12.59825], [79.66051, 12.59809], [79.66036, 12.59805], [79.66036, 12.59805], [79.66009, 12.59823], [79.66009, 12.59823], [79.66, 12.59828], [79.65971, 12.59804], [79.65946, 12.59804], [79.65935, 12.59804], [79.65933, 12.59956], [79.65933, 12.59956], [79.65923, 12.59999], [79.65916, 12.60033], [79.65855, 12.60093], [79.65823, 12.60093], [79.65773, 12.60019], [79.65772, 12.60018], [79.65729, 12.59942], [79.65697, 12.59944], [79.65588, 12.59948], [79.65537, 12.60052], [79.65548, 12.60093], [79.65507, 12.60125], [79.65484, 12.60143], [79.65484, 12.60143], [79.65473, 12.60149], [79.65413, 12.60184], [79.65441, 12.60225], [79.65419, 12.60274], [79.65409, 12.60298], [79.65385, 12.60306], [79.65247, 12.60354], [79.65242, 12.60345], [79.65203, 12.60271], [79.65032, 12.60329], [79.65003, 12.60339], [79.64982, 12.60285], [79.64975, 12.60269], [79.6497, 12.60268], [79.64717, 12.6024], [79.64567, 12.60308], [79.64551, 12.60339], [79.64543, 12.60359], [79.64529, 12.60393], [79.64519, 12.60442], [79.64513, 12.60462], [79.64506, 12.60486], [79.64485, 12.60523], [79.64454, 12.6055], [79.64455, 12.60557], [79.64473, 12.60651], [79.64473, 12.60653], [79.64473, 12.60653], [79.6449, 12.60726], [79.645, 12.60767], [79.64523, 12.60864], [79.64508, 12.60893], [79.6451, 12.60909], [79.64517, 12.60959], [79.64519, 12.61003], [79.64519, 12.61008], [79.64519, 12.61013], [79.6452, 12.61026], [79.64521, 12.61057], [79.64374, 12.61319], [79.64384, 12.61392], [79.64386, 12.61412], [79.64405, 12.61503], [79.64407, 12.61524], [79.64408, 12.61536], [79.64408, 12.61536], [79.64408, 12.61536], [79.64393, 12.61584], [79.64393, 12.61597], [79.64393, 12.616], [79.64414, 12.61718], [79.64414, 12.61718], [79.64428, 12.61774], [79.64454, 12.62059], [79.6448, 12.62411], [79.64481, 12.62425], [79.64544, 12.6252], [79.64498, 12.62539], [79.64459, 12.62647], [79.64459, 12.62647], [79.64448, 12.62676], [79.64443, 12.62676], [79.64377, 12.62676], [79.64208, 12.62676], [79.63811, 12.62663], [79.63718, 12.6266], [79.63709, 12.62784], [79.63709, 12.62784], [79.63706, 12.62798], [79.63688, 12.62889], [79.63626, 12.62906], [79.63581, 12.62918], [79.63536, 12.6293], [79.63488, 12.62943], [79.63404, 12.62976], [79.6336, 12.62988], [79.63314, 12.63], [79.63246, 12.63017], [79.63232, 12.63023], [79.63032, 12.63102], [79.63032, 12.63134], [79.63037, 12.63169], [79.63039, 12.6318], [79.63043, 12.63216], [79.63082, 12.63457], [79.63083, 12.63465], [79.63086, 12.63495], [79.63094, 12.63519], [79.63105, 12.63552], [79.63114, 12.63567], [79.63118, 12.63573], [79.63147, 12.63584], [79.63188, 12.63597], [79.63192, 12.63598], [79.63229, 12.6361], [79.63232, 12.63672], [79.63233, 12.63699], [79.63238, 12.63731], [79.63242, 12.63759], [79.63166, 12.63802], [79.63166, 12.63802], [79.63118, 12.63831], [79.63141, 12.63866], [79.6316, 12.63891], [79.6316, 12.63891], [79.6317, 12.63904], [79.63201, 12.63949], [79.63202, 12.63951], [79.63212, 12.63964], [79.63269, 12.64038], [79.63273, 12.64043], [79.63274, 12.64044], [79.63317, 12.64096], [79.63317, 12.64096], [79.63332, 12.64115], [79.63332, 12.64115], [79.63361, 12.64153], [79.63389, 12.64189], [79.63442, 12.64249], [79.63526, 12.64365], [79.63572, 12.64421], [79.63589, 12.64435], [79.63633, 12.64431], [79.63661, 12.64439], [79.63671, 12.64468], [79.63665, 12.6448], [79.63663, 12.64514], [79.63671, 12.64559], [79.63675, 12.64619], [79.6368, 12.64681], [79.63686, 12.64718], [79.63696, 12.64772], [79.63696, 12.64775], [79.63703, 12.64846], [79.63707, 12.64898], [79.63701, 12.64962], [79.63694, 12.65011], [79.63707, 12.65032], [79.63734, 12.65071], [79.6376, 12.65104], [79.63762, 12.65132], [79.63772, 12.65185], [79.63762, 12.65249], [79.63762, 12.65335], [79.63762, 12.65416], [79.63825, 12.65424], [79.63839, 12.65528], [79.63926, 12.65542], [79.64048, 12.65565], [79.64145, 12.65588], [79.64139, 12.65662], [79.64143, 12.65711], [79.64218, 12.65722], [79.64311, 12.65739], [79.64342, 12.65857], [79.6433, 12.6596], [79.64338, 12.66163], [79.64338, 12.66165], [79.64338, 12.66165], [79.64351, 12.66321], [79.64355, 12.66474], [79.64374, 12.66526], [79.64426, 12.6662], [79.64428, 12.66625], [79.64435, 12.66638], [79.64534, 12.66834], [79.64616, 12.66985], [79.64627, 12.67], [79.64644, 12.67024], [79.64657, 12.67038], [79.64658, 12.67039], [79.64789, 12.67054], [79.64873, 12.67051], [79.64921, 12.67054], [79.6505, 12.67059], [79.65125, 12.67074], [79.6521, 12.67082], [79.65292, 12.67098], [79.65416, 12.67092], [79.65507, 12.67088], [79.65599, 12.6709], [79.65683, 12.67088], [79.65765, 12.67084], [79.65864, 12.67086], [79.65947, 12.67086], [79.6614, 12.67042], [79.66315, 12.66997], [79.6646, 12.6696], [79.66593, 12.66908], [79.66668, 12.66877], [79.66757, 12.66828], [79.66959, 12.66699], [79.67102, 12.66652], [79.67203, 12.66635], [79.67323, 12.66625], [79.67441, 12.66629], [79.67495, 12.66629], [79.67527, 12.66645], [79.67577, 12.66662], [79.67641, 12.66689], [79.67712, 12.66724], [79.67794, 12.66763], [79.6783, 12.66778], [79.67883, 12.66792], [79.67911, 12.66797], [79.67948, 12.66795], [79.67955, 12.66794], [79.67993, 12.66793], [79.68055, 12.6679], [79.68135, 12.6679], [79.68188, 12.66796], [79.68249, 12.66798], [79.68312, 12.66827], [79.6835, 12.66848], [79.68394, 12.66867], [79.68418, 12.66879], [79.68435, 12.66889], [79.68493, 12.66941], [79.68561, 12.66995], [79.68609, 12.67022], [79.68656, 12.67051], [79.68704, 12.67073], [79.68763, 12.67108], [79.68818, 12.67129], [79.68919, 12.67178], [79.68986, 12.67211], [79.69068, 12.67245], [79.69167, 12.67284], [79.69226, 12.67307], [79.69294, 12.67341], [79.69418, 12.67387], [79.6946, 12.67399], [79.69572, 12.67421], [79.69576, 12.67421], [79.6958, 12.67422], [79.69816, 12.6745], [79.69824, 12.67451], [79.69832, 12.67452], [79.69869, 12.67455], [79.69872, 12.67456], [79.69885, 12.67457], [79.69957, 12.67471], [79.70077, 12.67488], [79.7014, 12.67503], [79.70144, 12.67504], [79.70184, 12.67513], [79.7023, 12.67524], [79.70235, 12.67525], [79.7031, 12.67542], [79.7042, 12.67575], [79.70489, 12.67607], [79.70517, 12.6762], [79.70521, 12.67622], [79.70524, 12.67623], [79.70551, 12.67635], [79.70554, 12.67636], [79.70557, 12.67638], [79.7056, 12.67639], [79.70645, 12.6768], [79.70775, 12.67752], [79.70897, 12.67831], [79.70941, 12.67858], [79.70944, 12.67859], [79.71019, 12.67905], [79.71063, 12.67936], [79.71064, 12.67937], [79.71091, 12.67957], [79.71121, 12.67974], [79.71123, 12.67975], [79.71148, 12.6799], [79.71148, 12.6799], [79.71196, 12.68025], [79.71232, 12.68044], [79.71234, 12.68045], [79.7127, 12.68064], [79.71371, 12.68116], [79.71485, 12.6817], [79.71623, 12.68227], [79.71758, 12.68279], [79.71892, 12.6832], [79.72049, 12.68368], [79.72097, 12.68377], [79.72103, 12.68378], [79.72152, 12.68388], [79.72145, 12.68437], [79.72145, 12.68439], [79.7214, 12.68479], [79.72188, 12.68482], [79.7219, 12.68482], [79.72213, 12.68483], [79.72219, 12.68483], [79.72255, 12.68485], [79.72325, 12.685], [79.7234, 12.68508], [79.72342, 12.68509], [79.72405, 12.68541], [79.72464, 12.68571], [79.72487, 12.68583], [79.72556, 12.68622], [79.72623, 12.68665], [79.72623, 12.68665], [79.72721, 12.68737], [79.72803, 12.68812], [79.7282, 12.68826], [79.72821, 12.68828], [79.7286, 12.68861], [79.72863, 12.68864], [79.72865, 12.68865], [79.72888, 12.68882], [79.72889, 12.68883], [79.72925, 12.68909], [79.73085, 12.69006], [79.73128, 12.6903], [79.7313, 12.69032], [79.73263, 12.69107], [79.73361, 12.69157], [79.73449, 12.69196], [79.73511, 12.6921], [79.73513, 12.69211], [79.73546, 12.69219], [79.7359, 12.69233], [79.73593, 12.69234], [79.73608, 12.69238], [79.73611, 12.69239], [79.73611, 12.69239], [79.73614, 12.6924], [79.7367, 12.69256], [79.73773, 12.69307], [79.73824, 12.69318], [79.73826, 12.69319], [79.7383, 12.6932], [79.73834, 12.69321], [79.73837, 12.69321], [79.7388, 12.69332], [79.739, 12.69332], [79.73901, 12.69332], [79.7392, 12.69332], [79.7394, 12.69337], [79.73941, 12.69337], [79.73961, 12.69342], [79.74015, 12.6936], [79.74017, 12.69361], [79.74018, 12.69361], [79.74024, 12.69364], [79.74027, 12.69365], [79.74085, 12.69394], [79.7411, 12.6941], [79.74111, 12.69411], [79.74114, 12.69413], [79.74125, 12.69421], [79.74126, 12.69423], [79.74148, 12.69442], [79.74194, 12.69487], [79.74216, 12.69512], [79.74216, 12.69512], [79.74217, 12.69513], [79.74235, 12.69532], [79.74264, 12.6956], [79.74265, 12.69561], [79.74276, 12.69572], [79.74276, 12.69572], [79.7429, 12.69586], [79.74291, 12.69587], [79.74319, 12.69617], [79.7435, 12.69658], [79.74369, 12.69695], [79.74371, 12.69722], [79.74371, 12.69733], [79.74371, 12.69733], [79.74372, 12.6975], [79.74373, 12.69789], [79.74369, 12.69883], [79.74369, 12.69888], [79.74369, 12.69892], [79.74367, 12.69942], [79.74365, 12.69998], [79.74363, 12.70049], [79.74359, 12.70127], [79.74359, 12.7013], [79.74359, 12.7013], [79.74365, 12.70198], [79.74367, 12.7021], [79.74378, 12.70287], [79.74445, 12.70293], [79.74484, 12.70305], [79.74513, 12.7033], [79.74537, 12.70377], [79.74567, 12.70454], [79.74592, 12.70535], [79.74612, 12.70607], [79.7464, 12.70659], [79.74676, 12.70715], [79.74728, 12.70782], [79.74795, 12.70859], [79.74865, 12.70948], [79.75031, 12.71031], [79.75146, 12.71083], [79.75236, 12.71097], [79.75283, 12.71097], [79.75391, 12.71045], [79.75428, 12.71039], [79.75538, 12.71061], [79.75701, 12.71095], [79.75705, 12.71096], [79.7571, 12.71098], [79.75802, 12.71133], [79.7604, 12.71144], [79.76141, 12.71145], [79.76358, 12.7116], [79.76568, 12.71159], [79.76718, 12.71217], [79.76859, 12.71274], [79.76987, 12.71303], [79.77238, 12.71339], [79.77434, 12.71393], [79.7748, 12.71407], [79.7749, 12.71409], [79.77502, 12.71413], [79.77871, 12.71537], [79.78183, 12.7164], [79.78347, 12.71718], [79.78352, 12.71721], [79.78357, 12.71724], [79.78441, 12.71785], [79.78443, 12.71786], [79.78443, 12.71786], [79.78489, 12.71808], [79.78583, 12.71818], [79.78715, 12.71796], [79.78784, 12.71896], [79.78931, 12.72078], [79.79083, 12.72336], [79.79208, 12.72528], [79.79284, 12.72572], [79.79285, 12.72572], [79.79278, 12.72577], [79.79195, 12.72642], [79.79309, 12.72758], [79.79467, 12.72917], [79.79648, 12.73034], [79.79842, 12.73162], [79.79845, 12.73164], [79.79848, 12.73164], [79.80049, 12.73188], [79.80248, 12.73205], [79.80655, 12.73195], [79.80968, 12.73182], [79.81126, 12.73146], [79.81195, 12.73132], [79.81201, 12.73131], [79.81334, 12.73145], [79.81476, 12.73183], [79.81608, 12.73271], [79.8169, 12.73335], [79.81756, 12.73339], [79.81795, 12.73395], [79.81797, 12.73397], [79.81798, 12.73399], [79.81946, 12.73654], [79.82018, 12.73782], [79.82098, 12.73925], [79.82166, 12.74006], [79.822, 12.74043], [79.82204, 12.74047], [79.82239, 12.74085], [79.82346, 12.74177], [79.82544, 12.74295], [79.82823, 12.74419], [79.8298, 12.7449], [79.83038, 12.7454], [79.8306, 12.74574], [79.83064, 12.74722], [79.83064, 12.74726], [79.83064, 12.74729], [79.83051, 12.7507], [79.83066, 12.75136], [79.83085, 12.75164], [79.83105, 12.75206], [79.83115, 12.7523], [79.83141, 12.7527], [79.83172, 12.75312], [79.832, 12.7535], [79.8323, 12.75388], [79.83266, 12.75428], [79.83323, 12.75472], [79.83365, 12.75499], [79.83455, 12.7555], [79.83479, 12.75561], [79.83588, 12.75614], [79.837, 12.75675], [79.83783, 12.75705], [79.83786, 12.75706], [79.83788, 12.75707], [79.83843, 12.75718], [79.83978, 12.7574], [79.84079, 12.75767], [79.84141, 12.75803], [79.84219, 12.75842], [79.84283, 12.75886], [79.84307, 12.759], [79.84345, 12.75919], [79.84395, 12.75939], [79.84443, 12.75957], [79.84473, 12.75968], [79.84498, 12.75986], [79.84526, 12.76015], [79.84552, 12.76042], [79.84587, 12.76077], [79.84623, 12.76111], [79.84665, 12.76148], [79.84707, 12.76172], [79.84753, 12.76194], [79.84804, 12.76212], [79.84854, 12.76223], [79.84915, 12.76239], [79.84944, 12.76243], [79.84968, 12.76242], [79.84973, 12.76242], [79.84977, 12.76241], [79.85035, 12.76228], [79.85112, 12.76201], [79.85173, 12.76184], [79.85256, 12.76164], [79.85311, 12.76153], [79.85382, 12.76153], [79.85468, 12.76148], [79.85546, 12.76149], [79.85608, 12.7616], [79.8569, 12.76182], [79.85748, 12.76214], [79.85808, 12.76253], [79.85857, 12.763], [79.85888, 12.76339], [79.85888, 12.76368], [79.85895, 12.76421], [79.85891, 12.7645], [79.85897, 12.76534], [79.85902, 12.76591], [79.85905, 12.76673], [79.8591, 12.76673], [79.85988, 12.76677], [79.86103, 12.76675], [79.86171, 12.76678], [79.86277, 12.76684], [79.86341, 12.76683], [79.86421, 12.76682], [79.86554, 12.76678], [79.86629, 12.76675], [79.86722, 12.76675], [79.86793, 12.76675], [79.86891, 12.76677], [79.87008, 12.76679], [79.87012, 12.76679], [79.87016, 12.76679], [79.8709, 12.76674], [79.87224, 12.76675], [79.87319, 12.76676], [79.87431, 12.76679], [79.875, 12.76679], [79.87613, 12.7668], [79.87685, 12.76677], [79.87824, 12.76671], [79.87908, 12.76669], [79.88062, 12.76661], [79.88145, 12.76667], [79.88249, 12.76701], [79.88276, 12.76688]]]}}, {"type": "Feature", "properties": {"taluk": "Avadi", "district": "Thiruvallur", "state": "Tamil Nadu"}, "geometry": {"type": "Polygon", "coordinates": [[[80.0842, 13.20554], [80.08571, 13.20382], [80.09021, 13.20402], [80.09988, 13.20286], [80.10692, 13.20287], [80.107, 13.2025], [80.10767, 13.19958], [80.10769, 13.1995], [80.10848, 13.1874], [80.11495, 13.18756], [80.11839, 13.18727], [80.12339, 13.18575], [80.12939, 13.18296], [80.13593, 13.17999], [80.13856, 13.17865], [80.1386, 13.17862], [80.14025, 13.17791], [80.14025, 13.17791], [80.13856, 13.17967], [80.13717, 13.18134], [80.13654, 13.1817], [80.1357, 13.18232], [80.13498, 13.18261], [80.13581, 13.18376], [80.13609, 13.18475], [80.13645, 13.18531], [80.1365, 13.18537], [80.13653, 13.18542], [80.13695, 13.18601], [80.13766, 13.18735], [80.13975, 13.18992], [80.14436, 13.19355], [80.14775, 13.19309], [80.14777, 13.19309], [80.14995, 13.19301], [80.15041, 13.19337], [80.15133, 13.1946], [80.15313, 13.19455], [80.15536, 13.19442], [80.15675, 13.19447], [80.15718, 13.19444], [80.16071, 13.19416], [80.16148, 13.1941], [80.16169, 13.1942], [80.16183, 13.19459], [80.16234, 13.19544], [80.16263, 13.19566], [80.16282, 13.19569], [80.1631, 13.19562], [80.16688, 13.19491], [80.17006, 13.19409], [80.17219, 13.19359], [80.17295, 13.19352], [80.17302, 13.19352], [80.17121, 13.19217], [80.1682, 13.19047], [80.1661, 13.18912], [80.16404, 13.18862], [80.16277, 13.18798], [80.16205, 13.18706], [80.1618, 13.18638], [80.16068, 13.18584], [80.15967, 13.1856], [80.1589, 13.18528], [80.15873, 13.18346], [80.15869, 13.1825], [80.15914, 13.18113], [80.15965, 13.17949], [80.16092, 13.17815], [80.16168, 13.17726], [80.16418, 13.1768], [80.16461, 13.17648], [80.16516, 13.17549], [80.1657, 13.17443], [80.16661, 13.17379], [80.16693, 13.17336], [80.16686, 13.17261], [80.16737, 13.17148], [80.16788, 13.17099], [80.169, 13.17056], [80.16991, 13.17039], [80.1707, 13.16996], [80.17165, 13.169], [80.1715, 13.16812], [80.1711, 13.16755], [80.16879, 13.16651], [80.16799, 13.16594], [80.16713, 13.16538], [80.16383, 13.16466], [80.1638, 13.16464], [80.16253, 13.16388], [80.16127, 13.1627], [80.16018, 13.16096], [80.15924, 13.16001], [80.15856, 13.15855], [80.15798, 13.1567], [80.15766, 13.15621], [80.15686, 13.15596], [80.15628, 13.15599], [80.15577, 13.15645], [80.15498, 13.15755], [80.15447, 13.15794], [80.15396, 13.15808], [80.15345, 13.15797], [80.15237, 13.15723], [80.1515, 13.15669], [80.14763, 13.15616], [80.13769, 13.15411], [80.13768, 13.1541], [80.1376, 13.15369], [80.13731, 13.15213], [80.13668, 13.1509], [80.13529, 13.15151], [80.13416, 13.15188], [80.13491, 13.15126], [80.13479, 13.15027], [80.1358, 13.15028], [80.13694, 13.14941], [80.1377, 13.14793], [80.13896, 13.14707], [80.14136, 13.14447], [80.14476, 13.14386], [80.14476, 13.143], [80.14363, 13.14225], [80.14427, 13.14065], [80.14573, 13.13945], [80.14578, 13.13941], [80.14709, 13.13466], [80.14798, 13.13045], [80.1471, 13.12848], [80.14408, 13.12501], [80.14381, 13.12248], [80.14333, 13.11797], [80.14208, 13.11512], [80.14195, 13.11265], [80.14021, 13.10701], [80.1402, 13.10696], [80.14043, 13.09862], [80.14044, 13.09855], [80.14187, 13.0982], [80.14188, 13.0982], [80.14325, 13.09675], [80.14332, 13.09667], [80.14489, 13.09432], [80.14473, 13.09423], [80.13437, 13.08844], [80.13413, 13.08831], [80.13304, 13.08894], [80.13192, 13.08904], [80.13138, 13.08931], [80.13061, 13.08957], [80.12896, 13.08945], [80.12705, 13.0893], [80.12524, 13.08866], [80.12104, 13.08638], [80.12108, 13.08653], [80.12127, 13.08732], [80.12127, 13.08732], [80.12107, 13.08752], [80.12098, 13.08757], [80.12082, 13.08768], [80.1203, 13.08766], [80.11967, 13.08737], [80.11856, 13.08661], [80.116, 13.08636], [80.11243, 13.08628], [80.11195, 13.0864], [80.11158, 13.08667], [80.11108, 13.08667], [80.11061, 13.08647], [80.11024, 13.08613], [80.1093, 13.08613], [80.10842, 13.08603], [80.1079, 13.08576], [80.10756, 13.08542], [80.10746, 13.08436], [80.10746, 13.08435], [80.10737, 13.08442], [80.10726, 13.08451], [80.10507, 13.08609], [80.10375, 13.08723], [80.10375, 13.08724], [80.10363, 13.08796], [80.10286, 13.08908], [80.10278, 13.08915], [80.10219, 13.08969], [80.10162, 13.08978], [80.10162, 13.08985], [80.10165, 13.09065], [80.10185, 13.09156], [80.10258, 13.0924], [80.10282, 13.09249], [80.10387, 13.09287], [80.10306, 13.09338], [80.10282, 13.09353], [80.10109, 13.09478], [80.09933, 13.09599], [80.0993, 13.09603], [80.09877, 13.09699], [80.09805, 13.0981], [80.09797, 13.09817], [80.09668, 13.09932], [80.09334, 13.1019], [80.09126, 13.10329], [80.08871, 13.10151], [80.08799, 13.10061], [80.0874, 13.09993], [80.08721, 13.09926], [80.08734, 13.09888], [80.08734, 13.09888], [80.08784, 13.09841], [80.08793, 13.09833], [80.08793, 13.09763], [80.08754, 13.09715], [80.08738, 13.09641], [80.08767, 13.09571], [80.08797, 13.09494], [80.08755, 13.09324], [80.08622, 13.09051], [80.08613, 13.08747], [80.08623, 13.08462], [80.08474, 13.08249], [80.08456, 13.08268], [80.0834, 13.08392], [80.08238, 13.08497], [80.08201, 13.08551], [80.08195, 13.08556], [80.08177, 13.0857], [80.08148, 13.0857], [80.08094, 13.08562], [80.0809, 13.08571], [80.08076, 13.08601], [80.08023, 13.08875], [80.08055, 13.08922], [80.08121, 13.0899], [80.08129, 13.09042], [80.08097, 13.09113], [80.08089, 13.0912], [80.07977, 13.09217], [80.07977, 13.09218], [80.0799, 13.09314], [80.08001, 13.09369], [80.08088, 13.09508], [80.08086, 13.09675], [80.08039, 13.09855], [80.0803, 13.09861], [80.07977, 13.09902], [80.07873, 13.09907], [80.07856, 13.09906], [80.07846, 13.09906], [80.07826, 13.09921], [80.07797, 13.09952], [80.07757, 13.09989], [80.0773, 13.10019], [80.07689, 13.10044], [80.07656, 13.10064], [80.0759, 13.10104], [80.07547, 13.10119], [80.07502, 13.10121], [80.07466, 13.10109], [80.0744, 13.10099], [80.07382, 13.101], [80.0733, 13.10107], [80.07283, 13.10113], [80.07225, 13.10127], [80.07188, 13.10148], [80.07123, 13.10182], [80.0707, 13.10202], [80.06992, 13.10211], [80.06903, 13.10216], [80.06808, 13.10215], [80.06716, 13.10215], [80.06631, 13.10214], [80.0655, 13.1022], [80.06458, 13.10237], [80.06395, 13.10255], [80.0632, 13.10266], [80.06254, 13.10275], [80.06208, 13.10297], [80.06125, 13.10321], [80.06051, 13.10344], [80.05932, 13.10381], [80.05869, 13.10398], [80.05814, 13.10399], [80.05757, 13.10387], [80.05757, 13.10387], [80.05638, 13.10216], [80.05509, 13.10127], [80.05347, 13.10059], [80.05294, 13.10022], [80.05179, 13.09975], [80.0504, 13.09962], [80.04934, 13.09893], [80.04838, 13.09833], [80.04718, 13.09728], [80.04683, 13.09623], [80.04553, 13.09526], [80.04478, 13.09476], [80.0447, 13.09473], [80.04469, 13.09472], [80.04337, 13.09413], [80.04234, 13.09242], [80.04139, 13.09163], [80.0406, 13.0916], [80.03998, 13.0916], [80.03947, 13.09201], [80.03946, 13.09202], [80.03753, 13.09231], [80.03695, 13.09075], [80.03583, 13.08856], [80.03549, 13.08853], [80.03448, 13.0884], [80.03073, 13.08881], [80.02914, 13.08908], [80.02913, 13.08915], [80.0291, 13.08974], [80.0291, 13.09019], [80.02895, 13.09037], [80.02893, 13.09038], [80.02833, 13.09052], [80.02555, 13.09081], [80.0238, 13.09135], [80.02148, 13.09102], [80.01388, 13.09151], [80.01002, 13.09184], [80.00503, 13.09219], [80.00388, 13.09203], [80.0038, 13.09203], [80.00325, 13.09207], [80.00044, 13.09145], [80.00056, 13.09501], [80.00056, 13.09506], [80.00057, 13.09705], [80.00204, 13.09772], [80.00241, 13.09705], [80.00309, 13.09726], [80.00728, 13.0983], [80.00895, 13.09917], [80.00978, 13.1002], [80.01067, 13.10313], [80.01087, 13.10452], [80.01034, 13.10868], [80.00983, 13.10888], [80.00982, 13.10889], [80.00979, 13.10891], [80.00944, 13.10915], [80.00943, 13.10916], [80.00942, 13.10917], [80.00922, 13.10936], [80.00919, 13.1094], [80.00915, 13.10944], [80.00912, 13.10948], [80.00909, 13.10953], [80.00878, 13.11001], [80.00881, 13.11014], [80.00881, 13.11016], [80.00882, 13.11017], [80.00882, 13.11019], [80.00882, 13.1102], [80.00888, 13.11067], [80.00888, 13.11068], [80.00888, 13.11068], [80.00888, 13.11069], [80.00888, 13.1107], [80.00912, 13.11214], [80.00913, 13.11219], [80.00913, 13.11225], [80.00913, 13.11231], [80.00913, 13.11237], [80.00907, 13.11289], [80.00902, 13.11291], [80.009, 13.11292], [80.00898, 13.11293], [80.00895, 13.11293], [80.00893, 13.11294], [80.00636, 13.11409], [80.00633, 13.11423], [80.00638, 13.11436], [80.0064, 13.11444], [80.00644, 13.11451], [80.00648, 13.11457], [80.00653, 13.11464], [80.00678, 13.11495], [80.00678, 13.11496], [80.00678, 13.11496], [80.00679, 13.11497], [80.00679, 13.11497], [80.00714, 13.11543], [80.00719, 13.1155], [80.00725, 13.11556], [80.00732, 13.11561], [80.00739, 13.11566], [80.00765, 13.11582], [80.00771, 13.11585], [80.00777, 13.11588], [80.00783, 13.11591], [80.00789, 13.11593], [80.00855, 13.11611], [80.00857, 13.11611], [80.00858, 13.11612], [80.00859, 13.11612], [80.0086, 13.11612], [80.00965, 13.11643], [80.01085, 13.11628], [80.01088, 13.11622], [80.01101, 13.11592], [80.01133, 13.11562], [80.01274, 13.1149], [80.01363, 13.11485], [80.01421, 13.115], [80.01478, 13.11888], [80.01088, 13.12207], [80.01064, 13.12226], [80.01088, 13.12248], [80.01132, 13.12288], [80.01121, 13.12534], [80.01325, 13.12535], [80.01309, 13.12616], [80.01309, 13.12617], [80.0143, 13.12622], [80.01461, 13.12735], [80.01655, 13.12771], [80.02278, 13.12819], [80.0265, 13.12835], [80.02891, 13.12892], [80.03001, 13.12933], [80.0332, 13.13031], [80.03323, 13.13032], [80.03327, 13.13033], [80.03332, 13.13035], [80.03535, 13.13103], [80.041, 13.13176], [80.04105, 13.13612], [80.04068, 13.13803], [80.04066, 13.13805], [80.03997, 13.13925], [80.03916, 13.14077], [80.03869, 13.14089], [80.03809, 13.14152], [80.03821, 13.14257], [80.03804, 13.14468], [80.0378, 13.14734], [80.03839, 13.15015], [80.03927, 13.15253], [80.03929, 13.15337], [80.03881, 13.15661], [80.03841, 13.15746], [80.03834, 13.15754], [80.03725, 13.15875], [80.03606, 13.15984], [80.03542, 13.16136], [80.03557, 13.16347], [80.03569, 13.16554], [80.03544, 13.16745], [80.03492, 13.16933], [80.03413, 13.17041], [80.03264, 13.17173], [80.03258, 13.17178], [80.03256, 13.17182], [80.03193, 13.17252], [80.03114, 13.17291], [80.03016, 13.17326], [80.02944, 13.17325], [80.0284, 13.17335], [80.0284, 13.17338], [80.02874, 13.17832], [80.0289, 13.17979], [80.02861, 13.1805], [80.02848, 13.1812], [80.0288, 13.18242], [80.02948, 13.18406], [80.02956, 13.18589], [80.02956, 13.18589], [80.03112, 13.18645], [80.03155, 13.18645], [80.03314, 13.18759], [80.03316, 13.1876], [80.03322, 13.18764], [80.04214, 13.19344], [80.04217, 13.19346], [80.04226, 13.19352], [80.04313, 13.1941], [80.04349, 13.19452], [80.04359, 13.19513], [80.04554, 13.19509], [80.04563, 13.19509], [80.04631, 13.19508], [80.0462, 13.19694], [80.04977, 13.1968], [80.05196, 13.19682], [80.05199, 13.19682], [80.05197, 13.19754], [80.05338, 13.19778], [80.05441, 13.19813], [80.05612, 13.19895], [80.05659, 13.19938], [80.05675, 13.19925], [80.05702, 13.19853], [80.05824, 13.19869], [80.05869, 13.1989], [80.059, 13.19914], [80.05936, 13.19934], [80.06112, 13.19982], [80.06206, 13.2003], [80.06269, 13.20095], [80.06353, 13.20225], [80.06375, 13.20341], [80.06406, 13.20383], [80.06418, 13.20382], [80.06515, 13.20355], [80.06518, 13.20354], [80.06528, 13.20351], [80.0681, 13.20252], [80.07068, 13.20161], [80.07379, 13.20037], [80.07405, 13.19973], [80.07495, 13.19966], [80.07548, 13.20128], [80.07626, 13.20132], [80.0764, 13.20129], [80.0772, 13.20112], [80.07761, 13.20216], [80.07766, 13.20227], [80.07773, 13.20238], [80.07777, 13.20245], [80.07894, 13.20322], [80.07897, 13.20324], [80.07906, 13.2033], [80.0817, 13.20504], [80.0842, 13.20554]]]}}, {"type": "Feature", "properties": {"taluk": "Gummidipoondi", "district": "Thiruvallur", "state": "Tamil Nadu"}, "geometry": {"type": "Polygon", "coordinates": [[[80.08382, 13.54476], [80.08605, 13.54064], [80.08761, 13.53771], [80.08778, 13.5374], [80.0878, 13.53737], [80.08864, 13.5354], [80.08857, 13.53538], [80.08634, 13.53459], [80.08439, 13.53375], [80.08284, 13.5328], [80.08199, 13.53197], [80.08136, 13.53108], [80.0797, 13.52887], [80.07887, 13.52795], [80.07739, 13.527], [80.07714, 13.5268], [80.07712, 13.52636], [80.07711, 13.52629], [80.07707, 13.5244], [80.07695, 13.51994], [80.07683, 13.51843], [80.07682, 13.51803], [80.07681, 13.5174], [80.07662, 13.51363], [80.07676, 13.5072], [80.07676, 13.50584], [80.07676, 13.50582], [80.0768, 13.50384], [80.07701, 13.50132], [80.07723, 13.50019], [80.07722, 13.49856], [80.07717, 13.49605], [80.07721, 13.49552], [80.07735, 13.49473], [80.0777, 13.49354], [80.07771, 13.4935], [80.07795, 13.4927], [80.07814, 13.49205], [80.07819, 13.49125], [80.07814, 13.49011], [80.0782, 13.48978], [80.07819, 13.48881], [80.07887, 13.48877], [80.08095, 13.48851], [80.08305, 13.48839], [80.08463, 13.48827], [80.08854, 13.48796], [80.09078, 13.4879], [80.09233, 13.48783], [80.09404, 13.48779], [80.09692, 13.48773], [80.0982, 13.48767], [80.09868, 13.48763], [80.09871, 13.48763], [80.09924, 13.48758], [80.10295, 13.48697], [80.10306, 13.48695], [80.10155, 13.48901], [80.10094, 13.48984], [80.10093, 13.48985], [80.1038, 13.49223], [80.10516, 13.49335], [80.10584, 13.49141], [80.10599, 13.491], [80.1064, 13.48987], [80.1073, 13.48934], [80.10821, 13.48892], [80.10884, 13.48953], [80.10889, 13.48958], [80.10997, 13.49077], [80.1108, 13.49165], [80.11103, 13.49189], [80.11119, 13.49221], [80.11151, 13.49328], [80.11198, 13.4957], [80.112, 13.49581], [80.11203, 13.49593], [80.11231, 13.4972], [80.11275, 13.49857], [80.11284, 13.49909], [80.11263, 13.49969], [80.1122, 13.50045], [80.11204, 13.50065], [80.1119, 13.50133], [80.11182, 13.50225], [80.11203, 13.50381], [80.1126, 13.50557], [80.11274, 13.50589], [80.11277, 13.50595], [80.11303, 13.50591], [80.1144, 13.50541], [80.11628, 13.50442], [80.11718, 13.50397], [80.11775, 13.50385], [80.11884, 13.50369], [80.1206, 13.50364], [80.12312, 13.50347], [80.12379, 13.50347], [80.12428, 13.50357], [80.12481, 13.50381], [80.12586, 13.50445], [80.12611, 13.50457], [80.12674, 13.50463], [80.12711, 13.50431], [80.12771, 13.50382], [80.12877, 13.50266], [80.12971, 13.50226], [80.13075, 13.50173], [80.13171, 13.50144], [80.13238, 13.50146], [80.13321, 13.50144], [80.13429, 13.50194], [80.13633, 13.50348], [80.13701, 13.50385], [80.13703, 13.50387], [80.13729, 13.50401], [80.13797, 13.50423], [80.13798, 13.50423], [80.13847, 13.50433], [80.13921, 13.50427], [80.13985, 13.50408], [80.14112, 13.50331], [80.14316, 13.5022], [80.14461, 13.50133], [80.14553, 13.49949], [80.14594, 13.4981], [80.14606, 13.49761], [80.146, 13.49721], [80.14578, 13.49599], [80.14547, 13.49361], [80.14523, 13.49234], [80.14522, 13.49209], [80.14522, 13.49195], [80.14517, 13.49162], [80.14514, 13.49142], [80.14516, 13.49141], [80.14655, 13.49132], [80.14801, 13.49128], [80.14838, 13.49125], [80.14957, 13.49088], [80.14995, 13.49075], [80.15025, 13.49071], [80.15075, 13.49104], [80.15132, 13.49088], [80.15175, 13.49083], [80.15287, 13.49048], [80.1533, 13.49033], [80.1533, 13.49033], [80.15378, 13.49083], [80.15384, 13.49089], [80.15432, 13.49072], [80.15452, 13.49065], [80.15588, 13.49027], [80.15734, 13.48964], [80.15863, 13.48906], [80.16007, 13.48875], [80.16058, 13.48869], [80.16154, 13.48837], [80.16198, 13.48827], [80.16241, 13.48825], [80.16304, 13.48823], [80.16456, 13.4883], [80.16616, 13.48843], [80.16927, 13.48876], [80.17081, 13.4889], [80.17176, 13.48912], [80.17233, 13.48948], [80.1732, 13.49007], [80.17354, 13.49002], [80.17408, 13.48982], [80.17438, 13.48976], [80.1749, 13.49002], [80.17622, 13.49074], [80.17712, 13.49117], [80.17648, 13.49068], [80.17619, 13.48985], [80.17547, 13.48869], [80.17483, 13.48793], [80.17448, 13.48719], [80.17448, 13.48698], [80.17468, 13.48675], [80.17458, 13.48634], [80.17419, 13.48554], [80.17444, 13.48476], [80.17467, 13.48375], [80.17499, 13.48303], [80.17522, 13.48205], [80.17534, 13.48151], [80.17461, 13.48081], [80.17346, 13.47982], [80.1734, 13.47935], [80.1734, 13.47822], [80.17354, 13.47747], [80.17354, 13.47723], [80.17318, 13.4767], [80.17338, 13.47635], [80.1734, 13.47631], [80.17515, 13.47603], [80.17701, 13.4755], [80.17819, 13.47517], [80.1786, 13.47504], [80.17865, 13.47502], [80.17884, 13.47467], [80.1792, 13.47461], [80.17934, 13.4744], [80.17948, 13.47401], [80.17986, 13.47355], [80.18053, 13.473], [80.18115, 13.47251], [80.18151, 13.47223], [80.18179, 13.47194], [80.18183, 13.47141], [80.18218, 13.47146], [80.18241, 13.4715], [80.18269, 13.47133], [80.18289, 13.47106], [80.18304, 13.47072], [80.18289, 13.46971], [80.18284, 13.46917], [80.18288, 13.46836], [80.18307, 13.46738], [80.18312, 13.4665], [80.18318, 13.46461], [80.18316, 13.46461], [80.18277, 13.46468], [80.18224, 13.46475], [80.18181, 13.46497], [80.18173, 13.46513], [80.18127, 13.46524], [80.18004, 13.46532], [80.17889, 13.46526], [80.17828, 13.46547], [80.17761, 13.46573], [80.17706, 13.46588], [80.17654, 13.46598], [80.17575, 13.46587], [80.17432, 13.46566], [80.17285, 13.46548], [80.17216, 13.46525], [80.17174, 13.46501], [80.17118, 13.46414], [80.17041, 13.46322], [80.16933, 13.46203], [80.16894, 13.46154], [80.16892, 13.46118], [80.16896, 13.46032], [80.16903, 13.45868], [80.16904, 13.45767], [80.16909, 13.4566], [80.16909, 13.45609], [80.16921, 13.45528], [80.16927, 13.45478], [80.1692, 13.45395], [80.16901, 13.45307], [80.16901, 13.45306], [80.16883, 13.45264], [80.16854, 13.45241], [80.16776, 13.45234], [80.16706, 13.45224], [80.1668, 13.45125], [80.16617, 13.45084], [80.16579, 13.4507], [80.16579, 13.4507], [80.16562, 13.44963], [80.1659, 13.44944], [80.16566, 13.44787], [80.16566, 13.44776], [80.16623, 13.44769], [80.16621, 13.44743], [80.16683, 13.44728], [80.16671, 13.4467], [80.16755, 13.44629], [80.16742, 13.44578], [80.16834, 13.44525], [80.16797, 13.44385], [80.16753, 13.44243], [80.16731, 13.44162], [80.16741, 13.44138], [80.16796, 13.44113], [80.16818, 13.44093], [80.16825, 13.4405], [80.16832, 13.44009], [80.16833, 13.43999], [80.16908, 13.43992], [80.16933, 13.43984], [80.16936, 13.43948], [80.17034, 13.43932], [80.1712, 13.43929], [80.17198, 13.43929], [80.17301, 13.43916], [80.17361, 13.43902], [80.17417, 13.43922], [80.17464, 13.43934], [80.17526, 13.43933], [80.1759, 13.43928], [80.17682, 13.43897], [80.17749, 13.43869], [80.17836, 13.43844], [80.17902, 13.43828], [80.18036, 13.43794], [80.18134, 13.4376], [80.18218, 13.43738], [80.18273, 13.43738], [80.18295, 13.43752], [80.18298, 13.43754], [80.18337, 13.43811], [80.18366, 13.43842], [80.18426, 13.43852], [80.18508, 13.43846], [80.18566, 13.43864], [80.18593, 13.43886], [80.18594, 13.43886], [80.18655, 13.4389], [80.18687, 13.43885], [80.18701, 13.43869], [80.18702, 13.43807], [80.18714, 13.43781], [80.18763, 13.43758], [80.18823, 13.43731], [80.18861, 13.43701], [80.18876, 13.43672], [80.18929, 13.43542], [80.1896, 13.4344], [80.19002, 13.43322], [80.1902, 13.43283], [80.1906, 13.43239], [80.19095, 13.43202], [80.19126, 13.43173], [80.19145, 13.43137], [80.19147, 13.43105], [80.19131, 13.43056], [80.19132, 13.43025], [80.1915, 13.42994], [80.19194, 13.42965], [80.19257, 13.42937], [80.19279, 13.42912], [80.19288, 13.42858], [80.19265, 13.42763], [80.19244, 13.42713], [80.19212, 13.42668], [80.19195, 13.42619], [80.19168, 13.42553], [80.19168, 13.42552], [80.19166, 13.4255], [80.19095, 13.42449], [80.18969, 13.42251], [80.18939, 13.42227], [80.18786, 13.42174], [80.18654, 13.42128], [80.18512, 13.42098], [80.18439, 13.42083], [80.18429, 13.42081], [80.18434, 13.41951], [80.18444, 13.41907], [80.18505, 13.41834], [80.18564, 13.41757], [80.18634, 13.41677], [80.18695, 13.41616], [80.1874, 13.41591], [80.18912, 13.41545], [80.19045, 13.41517], [80.19168, 13.41487], [80.19203, 13.41468], [80.19237, 13.41427], [80.19257, 13.41377], [80.19284, 13.41354], [80.1932, 13.41341], [80.19364, 13.41341], [80.194, 13.41334], [80.19438, 13.41318], [80.19447, 13.41289], [80.19455, 13.41253], [80.19471, 13.41242], [80.19533, 13.41222], [80.19646, 13.41206], [80.19709, 13.41196], [80.19785, 13.41179], [80.19789, 13.41178], [80.19795, 13.4097], [80.19805, 13.40852], [80.19814, 13.40688], [80.19814, 13.40638], [80.19787, 13.4052], [80.19727, 13.40348], [80.19715, 13.40306], [80.19731, 13.40238], [80.19792, 13.40056], [80.1983, 13.39986], [80.19877, 13.39898], [80.19882, 13.3989], [80.19878, 13.3989], [80.19618, 13.39921], [80.19619, 13.39914], [80.19625, 13.39849], [80.19615, 13.39762], [80.196, 13.39632], [80.19598, 13.3948], [80.19591, 13.39287], [80.19597, 13.39209], [80.19632, 13.39009], [80.1964, 13.3893], [80.19646, 13.38692], [80.19636, 13.38523], [80.19636, 13.38522], [80.19613, 13.38528], [80.19443, 13.3857], [80.19436, 13.38525], [80.19434, 13.38508], [80.19429, 13.38508], [80.19237, 13.3851], [80.19112, 13.38514], [80.19009, 13.38522], [80.18973, 13.38526], [80.18954, 13.38582], [80.18837, 13.38611], [80.18603, 13.38635], [80.18427, 13.38661], [80.18168, 13.38681], [80.17992, 13.38699], [80.17633, 13.38711], [80.17522, 13.38724], [80.17504, 13.38741], [80.17502, 13.38757], [80.17517, 13.38784], [80.1752, 13.38789], [80.17521, 13.38791], [80.17528, 13.38835], [80.17565, 13.38864], [80.17616, 13.38875], [80.17671, 13.38886], [80.17736, 13.38904], [80.17789, 13.38914], [80.17815, 13.38943], [80.17834, 13.39], [80.17866, 13.39028], [80.17911, 13.3904], [80.17981, 13.39031], [80.18036, 13.39009], [80.18066, 13.38993], [80.18102, 13.38992], [80.18128, 13.39005], [80.18132, 13.39046], [80.18129, 13.39128], [80.18104, 13.3921], [80.18089, 13.39274], [80.18071, 13.39332], [80.18044, 13.39397], [80.18018, 13.39431], [80.18, 13.39445], [80.17925, 13.3944], [80.1777, 13.39416], [80.17682, 13.39426], [80.17572, 13.394], [80.17459, 13.39388], [80.1733, 13.39385], [80.17175, 13.39376], [80.17093, 13.39381], [80.17005, 13.39386], [80.1695, 13.39405], [80.16867, 13.39415], [80.16754, 13.3941], [80.16661, 13.3941], [80.1656, 13.39416], [80.16425, 13.39422], [80.16314, 13.39425], [80.16211, 13.39413], [80.16141, 13.39414], [80.16138, 13.39413], [80.15998, 13.39366], [80.15836, 13.3932], [80.15661, 13.39269], [80.155, 13.39241], [80.15438, 13.39233], [80.15333, 13.39238], [80.15147, 13.39236], [80.1506, 13.39228], [80.1499, 13.39199], [80.14891, 13.39165], [80.14888, 13.39164], [80.14778, 13.39133], [80.14612, 13.39127], [80.14521, 13.39127], [80.14458, 13.39121], [80.14392, 13.39115], [80.14235, 13.39118], [80.14221, 13.39101], [80.14188, 13.39058], [80.14136, 13.38982], [80.14101, 13.3891], [80.1406, 13.38832], [80.14039, 13.38777], [80.14045, 13.38696], [80.14068, 13.3861], [80.14068, 13.38608], [80.14073, 13.38605], [80.14192, 13.38521], [80.14262, 13.38458], [80.14317, 13.38407], [80.14366, 13.38357], [80.14425, 13.38278], [80.14479, 13.3817], [80.14524, 13.38067], [80.14559, 13.38004], [80.14561, 13.38002], [80.146, 13.37976], [80.14668, 13.37968], [80.14748, 13.37975], [80.14813, 13.37987], [80.1487, 13.37997], [80.14921, 13.38016], [80.14975, 13.37987], [80.15045, 13.37963], [80.1511, 13.37954], [80.15187, 13.37951], [80.15191, 13.37951], [80.15178, 13.379], [80.15178, 13.37842], [80.15166, 13.37795], [80.15137, 13.37683], [80.15122, 13.37618], [80.15106, 13.37589], [80.15036, 13.37463], [80.14966, 13.37317], [80.14899, 13.37163], [80.14779, 13.3716], [80.14668, 13.37207], [80.14573, 13.37245], [80.14367, 13.37039], [80.144, 13.36982], [80.14412, 13.36924], [80.14397, 13.3685], [80.14404, 13.36848], [80.14448, 13.36838], [80.14457, 13.36698], [80.14461, 13.36696], [80.14485, 13.36684], [80.14499, 13.36619], [80.14503, 13.36618], [80.14681, 13.36558], [80.14709, 13.36472], [80.14713, 13.36471], [80.14867, 13.36441], [80.14882, 13.36429], [80.14871, 13.36372], [80.14852, 13.36323], [80.14851, 13.36321], [80.14773, 13.36176], [80.14668, 13.35954], [80.14594, 13.35769], [80.14509, 13.35526], [80.14431, 13.35296], [80.14397, 13.35158], [80.14396, 13.35154], [80.14403, 13.35154], [80.14552, 13.35159], [80.14648, 13.35129], [80.14697, 13.35084], [80.14754, 13.34963], [80.14756, 13.34962], [80.14806, 13.34952], [80.14834, 13.35085], [80.15146, 13.35039], [80.15149, 13.35039], [80.1532, 13.35035], [80.15751, 13.34988], [80.15893, 13.34523], [80.15954, 13.34299], [80.15957, 13.34297], [80.16136, 13.34219], [80.16188, 13.33986], [80.16261, 13.33799], [80.16264, 13.33799], [80.16675, 13.33836], [80.16708, 13.33697], [80.16704, 13.33579], [80.16684, 13.33374], [80.16684, 13.33372], [80.16583, 13.33371], [80.16542, 13.33234], [80.16514, 13.3308], [80.16457, 13.33038], [80.16355, 13.33001], [80.16365, 13.32915], [80.16427, 13.32723], [80.16475, 13.32512], [80.16479, 13.3251], [80.16906, 13.32297], [80.16912, 13.32294], [80.16871, 13.32225], [80.16871, 13.32225], [80.16658, 13.31881], [80.16657, 13.31881], [80.16541, 13.31919], [80.164, 13.31888], [80.16255, 13.31869], [80.16205, 13.31889], [80.16089, 13.31934], [80.15929, 13.31993], [80.15759, 13.32024], [80.15587, 13.3205], [80.15465, 13.32036], [80.15328, 13.32011], [80.15177, 13.31948], [80.14991, 13.31957], [80.14989, 13.3196], [80.14942, 13.32029], [80.14941, 13.32031], [80.14855, 13.32231], [80.14781, 13.32421], [80.14679, 13.3266], [80.14676, 13.32665], [80.1449, 13.32736], [80.14337, 13.32789], [80.14202, 13.32786], [80.14103, 13.32753], [80.13969, 13.32711], [80.13885, 13.32721], [80.13801, 13.32744], [80.1374, 13.32787], [80.13724, 13.32917], [80.13704, 13.33189], [80.13666, 13.3348], [80.13879, 13.3362], [80.13939, 13.33653], [80.13977, 13.33674], [80.14, 13.33687], [80.13869, 13.33657], [80.13759, 13.33622], [80.1367, 13.33602], [80.13663, 13.33603], [80.13545, 13.33617], [80.13432, 13.33643], [80.13365, 13.33691], [80.13365, 13.33691], [80.13307, 13.33764], [80.13259, 13.33853], [80.13214, 13.33945], [80.13164, 13.3402], [80.13162, 13.34024], [80.13049, 13.34137], [80.12972, 13.3417], [80.12912, 13.34156], [80.1282, 13.34137], [80.12722, 13.3412], [80.12612, 13.34113], [80.12607, 13.34114], [80.12516, 13.34126], [80.12397, 13.34155], [80.12314, 13.34202], [80.12254, 13.34263], [80.12193, 13.34336], [80.12155, 13.34431], [80.12153, 13.34435], [80.12137, 13.34477], [80.12064, 13.34593], [80.11977, 13.34729], [80.1191, 13.34821], [80.11907, 13.34825], [80.11903, 13.34831], [80.1186, 13.34846], [80.11802, 13.34868], [80.11714, 13.34872], [80.11647, 13.3487], [80.11526, 13.34856], [80.11409, 13.34851], [80.11323, 13.34855], [80.11319, 13.34855], [80.11239, 13.34872], [80.11175, 13.34901], [80.11064, 13.35002], [80.10976, 13.35094], [80.10907, 13.35171], [80.10787, 13.35315], [80.10782, 13.35321], [80.10709, 13.35378], [80.10637, 13.35387], [80.10547, 13.35393], [80.10541, 13.35393], [80.10537, 13.35394], [80.10377, 13.35406], [80.10239, 13.35423], [80.10105, 13.35437], [80.0999, 13.35447], [80.09889, 13.35462], [80.09783, 13.35478], [80.09691, 13.35514], [80.09589, 13.35559], [80.09472, 13.35611], [80.0936, 13.35665], [80.09231, 13.35709], [80.09145, 13.35722], [80.09076, 13.35711], [80.0902, 13.35683], [80.08962, 13.35637], [80.08849, 13.35529], [80.08732, 13.35411], [80.08731, 13.35411], [80.08608, 13.3527], [80.08608, 13.35269], [80.08557, 13.35206], [80.08453, 13.3511], [80.08319, 13.34977], [80.0821, 13.34846], [80.08176, 13.34754], [80.08176, 13.34679], [80.08156, 13.34553], [80.08115, 13.3446], [80.08088, 13.34358], [80.08087, 13.34354], [80.08087, 13.34278], [80.08115, 13.34196], [80.08152, 13.34132], [80.08226, 13.34026], [80.0827, 13.33929], [80.083, 13.33828], [80.0832, 13.33732], [80.08316, 13.33665], [80.08297, 13.33599], [80.08227, 13.3337], [80.08154, 13.33412], [80.08118, 13.33343], [80.08067, 13.33243], [80.07993, 13.33155], [80.0795, 13.33119], [80.07918, 13.33088], [80.07881, 13.33064], [80.07834, 13.33045], [80.07785, 13.33036], [80.07719, 13.33037], [80.07685, 13.33044], [80.07631, 13.33058], [80.07531, 13.33082], [80.07456, 13.33105], [80.0737, 13.33121], [80.07257, 13.33093], [80.07132, 13.33131], [80.0712, 13.33131], [80.07117, 13.33131], [80.07063, 13.33131], [80.06995, 13.33123], [80.0689, 13.33091], [80.06846, 13.33056], [80.06743, 13.3297], [80.06698, 13.32932], [80.06637, 13.32843], [80.06546, 13.32769], [80.06431, 13.32707], [80.06294, 13.32676], [80.06165, 13.32657], [80.06094, 13.3266], [80.06071, 13.32664], [80.06067, 13.32665], [80.05973, 13.32682], [80.05657, 13.32728], [80.05462, 13.3272], [80.05395, 13.32703], [80.05267, 13.3269], [80.0508, 13.32651], [80.05045, 13.32643], [80.05042, 13.32642], [80.04711, 13.32565], [80.0459, 13.32524], [80.04414, 13.32435], [80.04284, 13.32303], [80.04236, 13.32202], [80.04239, 13.32128], [80.04256, 13.32002], [80.04288, 13.31878], [80.04363, 13.31596], [80.04419, 13.31412], [80.0444, 13.31344], [80.04443, 13.31335], [80.04463, 13.3127], [80.04212, 13.31284], [80.04084, 13.31281], [80.03967, 13.31286], [80.03966, 13.31307], [80.03955, 13.31479], [80.03932, 13.31668], [80.03807, 13.31706], [80.03704, 13.31769], [80.03641, 13.3195], [80.03516, 13.31943], [80.03383, 13.31936], [80.03312, 13.31914], [80.03259, 13.319], [80.03218, 13.31854], [80.03172, 13.31822], [80.03167, 13.31848], [80.03139, 13.31993], [80.0313, 13.32059], [80.03125, 13.3206], [80.03119, 13.3206], [80.02996, 13.3207], [80.02878, 13.32089], [80.02701, 13.32119], [80.02698, 13.32122], [80.02643, 13.32168], [80.0248, 13.32351], [80.02474, 13.32351], [80.02473, 13.32351], [80.02399, 13.32351], [80.02341, 13.32341], [80.02326, 13.32538], [80.02323, 13.32652], [80.0227, 13.32626], [80.02192, 13.32535], [80.01934, 13.32353], [80.01798, 13.32282], [80.01652, 13.32205], [80.01609, 13.32185], [80.01539, 13.32165], [80.01441, 13.3218], [80.01309, 13.32057], [80.01111, 13.32033], [80.01069, 13.32072], [80.01027, 13.32111], [80.00838, 13.32127], [80.00837, 13.32127], [80.00835, 13.32127], [80.00676, 13.32137], [80.00659, 13.32181], [80.00457, 13.32201], [80.00393, 13.32204], [80.00388, 13.32283], [80.00387, 13.32292], [80.00367, 13.32582], [80.00344, 13.32827], [80.00339, 13.32942], [80.00315, 13.32994], [80.00283, 13.33034], [80.0026, 13.3309], [80.00257, 13.33153], [80.00254, 13.33206], [80.00128, 13.33225], [80.00063, 13.33247], [80.00064, 13.33249], [80.0009, 13.33319], [80.00212, 13.33612], [80.00245, 13.33723], [80.0026, 13.33864], [80.00269, 13.33928], [80.0027, 13.33945], [80.00282, 13.34115], [80.00295, 13.34301], [80.00291, 13.34342], [80.00291, 13.34344], [80.00288, 13.34373], [80.00237, 13.3447], [80.00186, 13.34605], [80.00164, 13.34731], [80.00132, 13.3484], [80.00112, 13.34909], [80.00108, 13.3491], [79.99861, 13.34972], [79.99218, 13.35177], [79.99215, 13.35178], [79.98857, 13.35303], [79.98857, 13.35304], [79.98814, 13.35312], [79.98627, 13.3535], [79.98482, 13.35348], [79.98316, 13.35331], [79.98312, 13.35331], [79.98312, 13.35331], [79.98312, 13.35331], [79.98304, 13.3533], [79.98205, 13.35314], [79.98204, 13.35314], [79.98204, 13.35314], [79.98116, 13.3529], [79.97979, 13.35238], [79.97863, 13.35208], [79.97715, 13.35146], [79.97711, 13.35145], [79.9768, 13.3514], [79.97579, 13.35109], [79.97516, 13.35063], [79.97411, 13.34999], [79.97281, 13.34914], [79.97193, 13.34856], [79.97092, 13.34819], [79.96997, 13.34779], [79.96858, 13.34738], [79.96751, 13.34705], [79.96625, 13.3467], [79.96471, 13.34628], [79.96353, 13.34593], [79.96275, 13.34586], [79.96256, 13.34591], [79.96197, 13.34593], [79.96095, 13.34628], [79.96091, 13.3463], [79.95912, 13.34728], [79.95758, 13.34792], [79.95593, 13.34858], [79.95404, 13.34968], [79.95195, 13.35031], [79.95192, 13.35031], [79.9512, 13.3504], [79.9505, 13.35045], [79.94944, 13.35034], [79.9485, 13.35005], [79.94736, 13.34998], [79.94733, 13.34998], [79.94622, 13.34999], [79.94471, 13.34982], [79.94361, 13.34957], [79.94248, 13.34918], [79.94104, 13.34878], [79.93957, 13.34831], [79.93862, 13.34814], [79.93788, 13.34812], [79.93687, 13.34822], [79.93535, 13.34838], [79.93532, 13.34838], [79.93498, 13.34843], [79.9334, 13.34865], [79.93336, 13.34869], [79.93256, 13.34974], [79.9313, 13.35151], [79.93306, 13.35191], [79.93311, 13.35192], [79.93325, 13.35306], [79.93375, 13.35442], [79.93377, 13.35448], [79.93508, 13.35412], [79.93512, 13.35411], [79.93589, 13.35637], [79.93591, 13.35644], [79.93799, 13.35553], [79.93801, 13.35552], [79.94117, 13.35995], [79.941, 13.36123], [79.94099, 13.36128], [79.94283, 13.36127], [79.94288, 13.36127], [79.9429, 13.36127], [79.94222, 13.36351], [79.9422, 13.36356], [79.9429, 13.36356], [79.94528, 13.36342], [79.94547, 13.36359], [79.94559, 13.36369], [79.94565, 13.36374], [79.94569, 13.36452], [79.94607, 13.36493], [79.94625, 13.36598], [79.94584, 13.36598], [79.94584, 13.36672], [79.94542, 13.36685], [79.94542, 13.36817], [79.94542, 13.36822], [79.9464, 13.36818], [79.94644, 13.36818], [79.94807, 13.3743], [79.94808, 13.37433], [79.94839, 13.37445], [79.94845, 13.37447], [79.94849, 13.37474], [79.9485, 13.37479], [79.94907, 13.37479], [79.9491, 13.37479], [79.94947, 13.37548], [79.94868, 13.37566], [79.94901, 13.37666], [79.94919, 13.37767], [79.94887, 13.37781], [79.94854, 13.37767], [79.94794, 13.37753], [79.9478, 13.37776], [79.94817, 13.37827], [79.94808, 13.37876], [79.94729, 13.37872], [79.94582, 13.38072], [79.94509, 13.38172], [79.94505, 13.38178], [79.94565, 13.38178], [79.94616, 13.38127], [79.94668, 13.38136], [79.94766, 13.38173], [79.94815, 13.38198], [79.94821, 13.38201], [79.94803, 13.38264], [79.94819, 13.38314], [79.94822, 13.38324], [79.94859, 13.3826], [79.9491, 13.38105], [79.94967, 13.38075], [79.9497, 13.38073], [79.94999, 13.37981], [79.95157, 13.37844], [79.9539, 13.37712], [79.95534, 13.37789], [79.958, 13.37915], [79.95802, 13.37916], [79.95805, 13.37918], [79.95812, 13.37947], [79.95814, 13.37954], [79.95847, 13.38118], [79.95949, 13.38227], [79.96024, 13.38387], [79.96075, 13.38524], [79.96084, 13.3861], [79.96084, 13.38611], [79.9613, 13.38643], [79.96135, 13.38647], [79.96145, 13.38711], [79.96145, 13.38812], [79.96145, 13.38816], [79.96251, 13.38842], [79.96257, 13.38844], [79.96275, 13.39136], [79.96257, 13.39423], [79.96164, 13.39469], [79.96145, 13.3956], [79.9595, 13.39599], [79.95925, 13.39604], [79.95921, 13.39604], [79.95847, 13.39618], [79.95623, 13.39714], [79.95405, 13.39695], [79.95144, 13.39677], [79.94841, 13.39641], [79.94724, 13.39673], [79.94659, 13.39632], [79.94436, 13.39687], [79.94431, 13.39806], [79.94347, 13.39865], [79.94323, 13.3996], [79.94299, 13.39971], [79.94295, 13.39973], [79.94249, 13.39993], [79.94137, 13.40024], [79.94129, 13.40058], [79.94128, 13.40061], [79.94179, 13.40077], [79.94184, 13.40079], [79.94193, 13.40134], [79.94323, 13.40257], [79.94417, 13.40495], [79.94445, 13.40627], [79.9457, 13.40773], [79.94566, 13.40774], [79.94531, 13.40777], [79.94366, 13.40796], [79.94366, 13.40892], [79.94254, 13.40914], [79.94254, 13.40996], [79.94138, 13.41015], [79.94142, 13.41071], [79.94142, 13.41074], [79.94243, 13.41104], [79.94249, 13.41106], [79.94221, 13.4128], [79.93839, 13.4128], [79.93774, 13.41489], [79.93662, 13.41572], [79.93465, 13.41642], [79.93457, 13.41645], [79.93458, 13.41645], [79.937, 13.41682], [79.93858, 13.41618], [79.94016, 13.41672], [79.94178, 13.41672], [79.94184, 13.41672], [79.94184, 13.41673], [79.94203, 13.41973], [79.9411, 13.42074], [79.9411, 13.42265], [79.93979, 13.42385], [79.93962, 13.42498], [79.93961, 13.42503], [79.94147, 13.42512], [79.94158, 13.42511], [79.94529, 13.42476], [79.94818, 13.42503], [79.94948, 13.42375], [79.9515, 13.42402], [79.95153, 13.42402], [79.95252, 13.42579], [79.95255, 13.42584], [79.95572, 13.42521], [79.95507, 13.42347], [79.95507, 13.42238], [79.95663, 13.4222], [79.95665, 13.42219], [79.95746, 13.4235], [79.95749, 13.42356], [79.95964, 13.4232], [79.96195, 13.42338], [79.96197, 13.42338], [79.96313, 13.4247], [79.96318, 13.42475], [79.96546, 13.4251], [79.96551, 13.42511], [79.96578, 13.42653], [79.96579, 13.42657], [79.9667, 13.42673], [79.96681, 13.42675], [79.96789, 13.42676], [79.9679, 13.42676], [79.96802, 13.42676], [79.96886, 13.42721], [79.96961, 13.42721], [79.97067, 13.42729], [79.97073, 13.4273], [79.97073, 13.42836], [79.97073, 13.4284], [79.97222, 13.42867], [79.97278, 13.42918], [79.97281, 13.4292], [79.97328, 13.42962], [79.97334, 13.42967], [79.9725, 13.43132], [79.97241, 13.4326], [79.97278, 13.43387], [79.97352, 13.43561], [79.97232, 13.43734], [79.97287, 13.43972], [79.97111, 13.44026], [79.9713, 13.44075], [79.97204, 13.44263], [79.9721, 13.44562], [79.97214, 13.44745], [79.9727, 13.45869], [79.97214, 13.45996], [79.9726, 13.46224], [79.9727, 13.46435], [79.97205, 13.46507], [79.97242, 13.46905], [79.97242, 13.46909], [79.97312, 13.46919], [79.98217, 13.47043], [79.98219, 13.47043], [79.98235, 13.47045], [79.9824, 13.47046], [79.98405, 13.47942], [79.98407, 13.47952], [79.98408, 13.47958], [79.98762, 13.47903], [79.99237, 13.47876], [79.99857, 13.47857], [79.9986, 13.47857], [79.99869, 13.47857], [80.00582, 13.47863], [80.00746, 13.47864], [80.00749, 13.47864], [80.00762, 13.48135], [80.00983, 13.48315], [80.01175, 13.4851], [80.01184, 13.48518], [80.0122, 13.48547], [80.01264, 13.48518], [80.01304, 13.48505], [80.0132, 13.48509], [80.01352, 13.48519], [80.0137, 13.48544], [80.01379, 13.4859], [80.0139, 13.48644], [80.01433, 13.48726], [80.01529, 13.4883], [80.01584, 13.48903], [80.01494, 13.49045], [80.01492, 13.49086], [80.01483, 13.49226], [80.01483, 13.4923], [80.01482, 13.49367], [80.01449, 13.49569], [80.01444, 13.49612], [80.01444, 13.49612], [80.0146, 13.4966], [80.01496, 13.49708], [80.01498, 13.4971], [80.01557, 13.49756], [80.01582, 13.49764], [80.01588, 13.49765], [80.0159, 13.4979], [80.0159, 13.49795], [80.01894, 13.49817], [80.02339, 13.49817], [80.0276, 13.49819], [80.03, 13.49819], [80.03091, 13.49805], [80.03307, 13.49756], [80.03527, 13.497], [80.04039, 13.49541], [80.04313, 13.49454], [80.04656, 13.4937], [80.04659, 13.49369], [80.04662, 13.49368], [80.04676, 13.49798], [80.04718, 13.50131], [80.04725, 13.50224], [80.04775, 13.50709], [80.04809, 13.51027], [80.04842, 13.51225], [80.0484, 13.51227], [80.04805, 13.51253], [80.04646, 13.51351], [80.04447, 13.51452], [80.04148, 13.51593], [80.03856, 13.51716], [80.03682, 13.51776], [80.03552, 13.51831], [80.03549, 13.5183], [80.03502, 13.51815], [80.0336, 13.51747], [80.03114, 13.5163], [80.02978, 13.51527], [80.02719, 13.5137], [80.02716, 13.51372], [80.02659, 13.5142], [80.02514, 13.51518], [80.02388, 13.51656], [80.02307, 13.51738], [80.0216, 13.518], [80.01992, 13.51893], [80.01952, 13.51925], [80.01925, 13.51995], [80.01905, 13.52055], [80.01887, 13.52111], [80.01827, 13.52326], [80.01796, 13.52549], [80.0177, 13.52715], [80.01763, 13.52828], [80.01765, 13.52956], [80.01761, 13.52956], [80.01686, 13.52949], [80.01362, 13.52813], [80.01092, 13.52679], [80.00799, 13.52581], [80.00692, 13.52557], [80.00518, 13.52548], [80.00198, 13.52559], [80.00052, 13.52568], [80.00033, 13.52841], [80.0002, 13.52915], [79.99966, 13.53111], [79.99934, 13.53259], [79.9986, 13.53428], [79.9986, 13.53749], [79.9986, 13.53764], [79.9986, 13.54272], [79.99972, 13.54231], [80.00051, 13.54217], [80.00077, 13.54227], [80.00108, 13.54255], [80.0019, 13.54324], [80.00344, 13.54444], [80.00426, 13.54486], [80.00553, 13.54526], [80.00774, 13.54545], [80.00841, 13.54561], [80.01025, 13.54603], [80.01169, 13.54653], [80.01209, 13.54668], [80.01338, 13.54715], [80.01513, 13.54726], [80.01689, 13.54718], [80.01871, 13.5469], [80.02015, 13.54639], [80.0211, 13.5455], [80.02177, 13.54495], [80.02325, 13.54599], [80.02366, 13.54611], [80.02387, 13.54605], [80.0239, 13.54604], [80.02459, 13.54516], [80.0258, 13.54298], [80.02581, 13.54295], [80.0262, 13.54227], [80.02803, 13.53944], [80.02844, 13.53882], [80.02897, 13.53878], [80.03183, 13.53846], [80.0341, 13.53831], [80.03412, 13.53831], [80.03422, 13.53831], [80.03548, 13.53843], [80.03615, 13.53856], [80.03797, 13.53897], [80.03806, 13.53898], [80.03811, 13.53899], [80.0398, 13.53901], [80.04107, 13.53869], [80.04253, 13.5376], [80.04304, 13.53745], [80.04532, 13.53757], [80.04674, 13.53755], [80.0501, 13.53722], [80.05384, 13.53686], [80.0569, 13.53664], [80.05693, 13.53664], [80.05801, 13.53938], [80.05981, 13.54241], [80.06107, 13.54392], [80.06109, 13.54395], [80.06275, 13.54536], [80.06411, 13.54562], [80.06489, 13.54547], [80.06551, 13.54525], [80.06551, 13.54525], [80.06586, 13.54513], [80.06729, 13.54443], [80.0684, 13.54461], [80.07151, 13.54554], [80.07603, 13.54659], [80.07838, 13.54764], [80.07949, 13.54847], [80.08098, 13.54955], [80.08126, 13.54975], [80.08382, 13.54476]]]}}, {"type": "Feature", "properties": {"taluk": "Ponneri", "district": "Thiruvallur", "state": "Tamil Nadu"}, "geometry": {"type": "Polygon", "coordinates": [[[80.30364, 13.47313], [80.30583, 13.46862], [80.30642, 13.46771], [80.30719, 13.46685], [80.3107, 13.46357], [80.31126, 13.46297], [80.3117, 13.46264], [80.31327, 13.46119], [80.31346, 13.46111], [80.31353, 13.46096], [80.31371, 13.46087], [80.31591, 13.45848], [80.31626, 13.45792], [80.31709, 13.45696], [80.31732, 13.45644], [80.32503, 13.44441], [80.32526, 13.44403], [80.32602, 13.44168], [80.32612, 13.43995], [80.32637, 13.43791], [80.32726, 13.4339], [80.32751, 13.43239], [80.32751, 13.43238], [80.32763, 13.43168], [80.32767, 13.43099], [80.32773, 13.43089], [80.32769, 13.43071], [80.32796, 13.4288], [80.32807, 13.42719], [80.32822, 13.42626], [80.32828, 13.42435], [80.32837, 13.42405], [80.32835, 13.42151], [80.32843, 13.42026], [80.32851, 13.41987], [80.32853, 13.4156], [80.32859, 13.4155], [80.32863, 13.41428], [80.32893, 13.41102], [80.32918, 13.40674], [80.3294, 13.40518], [80.32941, 13.40507], [80.32959, 13.40381], [80.33007, 13.40193], [80.33115, 13.39511], [80.33195, 13.39174], [80.33222, 13.39023], [80.33225, 13.39009], [80.33248, 13.38878], [80.33307, 13.38617], [80.3337, 13.38251], [80.33382, 13.38228], [80.33401, 13.38119], [80.33518, 13.37668], [80.33737, 13.36987], [80.33778, 13.36823], [80.3379, 13.36804], [80.33827, 13.36582], [80.33862, 13.36434], [80.33872, 13.36418], [80.33897, 13.36295], [80.33921, 13.36108], [80.33932, 13.36087], [80.33929, 13.36077], [80.33942, 13.36023], [80.33975, 13.35949], [80.34006, 13.35531], [80.34077, 13.35162], [80.34102, 13.35067], [80.34105, 13.35056], [80.34199, 13.34707], [80.34289, 13.34203], [80.34415, 13.33247], [80.34412, 13.33197], [80.34419, 13.33188], [80.34417, 13.33168], [80.34417, 13.33162], [80.34416, 13.33157], [80.34424, 13.33143], [80.34498, 13.32371], [80.34536, 13.3176], [80.34566, 13.31644], [80.34577, 13.31641], [80.34576, 13.31618], [80.34587, 13.31601], [80.34637, 13.31433], [80.34646, 13.31345], [80.34655, 13.31327], [80.34654, 13.31013], [80.34637, 13.30726], [80.34572, 13.30088], [80.34553, 13.29686], [80.34563, 13.29533], [80.34563, 13.29524], [80.34567, 13.29469], [80.3457, 13.29201], [80.34558, 13.2902], [80.34552, 13.28697], [80.34536, 13.28532], [80.34536, 13.2813], [80.34527, 13.27989], [80.34507, 13.27865], [80.34489, 13.27794], [80.3438, 13.27497], [80.34296, 13.27336], [80.34172, 13.27141], [80.34061, 13.26901], [80.34028, 13.26812], [80.33909, 13.26386], [80.33824, 13.26201], [80.33802, 13.26086], [80.33799, 13.26054], [80.33799, 13.26049], [80.3379, 13.25954], [80.33747, 13.25738], [80.33664, 13.25452], [80.33629, 13.25283], [80.3362, 13.25135], [80.33638, 13.25039], [80.33628, 13.24965], [80.33624, 13.24935], [80.33605, 13.24853], [80.33567, 13.24656], [80.33542, 13.2448], [80.33515, 13.24291], [80.33507, 13.24212], [80.33495, 13.24101], [80.33485, 13.23991], [80.33474, 13.23908], [80.33462, 13.23863], [80.33448, 13.23828], [80.33423, 13.23792], [80.33403, 13.23767], [80.33361, 13.2372], [80.33339, 13.23699], [80.33314, 13.23679], [80.33287, 13.23664], [80.33246, 13.23642], [80.33209, 13.23627], [80.33188, 13.23617], [80.33188, 13.23544], [80.33136, 13.23539], [80.33076, 13.23521], [80.33013, 13.2351], [80.32954, 13.23505], [80.32893, 13.23476], [80.32836, 13.23441], [80.32733, 13.23372], [80.32621, 13.23299], [80.32506, 13.23236], [80.32446, 13.23211], [80.32307, 13.23154], [80.32139, 13.23102], [80.32079, 13.23076], [80.32014, 13.23053], [80.31959, 13.23026], [80.31893, 13.23005], [80.31833, 13.22986], [80.31769, 13.22962], [80.31768, 13.22962], [80.31768, 13.22957], [80.31766, 13.22897], [80.31759, 13.2277], [80.31758, 13.22703], [80.31747, 13.22645], [80.31677, 13.22534], [80.316, 13.2244], [80.31523, 13.22344], [80.3148, 13.2229], [80.3137, 13.2212], [80.31267, 13.21954], [80.31129, 13.21752], [80.31086, 13.21692], [80.31021, 13.21608], [80.31012, 13.21603], [80.31011, 13.21603], [80.30582, 13.21384], [80.30335, 13.21285], [80.30075, 13.21267], [80.29874, 13.21266], [80.29735, 13.21326], [80.29661, 13.21358], [80.29478, 13.21502], [80.293, 13.21716], [80.29058, 13.21854], [80.28816, 13.21854], [80.28615, 13.21888], [80.28467, 13.21986], [80.2839, 13.2213], [80.28377, 13.22304], [80.28377, 13.22466], [80.2838, 13.22543], [80.28382, 13.22599], [80.28427, 13.22834], [80.28429, 13.22842], [80.28281, 13.22993], [80.28074, 13.2305], [80.27773, 13.23043], [80.27531, 13.22933], [80.27313, 13.22747], [80.27113, 13.22532], [80.27076, 13.22425], [80.2707, 13.22408], [80.27049, 13.22347], [80.27056, 13.22299], [80.27079, 13.22161], [80.27174, 13.22005], [80.27268, 13.21806], [80.2724, 13.21638], [80.27165, 13.212], [80.27081, 13.20633], [80.27079, 13.20624], [80.27132, 13.20437], [80.27132, 13.20435], [80.27132, 13.20435], [80.27087, 13.20384], [80.27044, 13.20327], [80.26976, 13.20327], [80.26915, 13.20324], [80.26848, 13.20328], [80.26721, 13.20329], [80.26656, 13.20329], [80.2653, 13.20335], [80.26389, 13.20359], [80.26197, 13.20389], [80.26134, 13.20401], [80.26016, 13.20425], [80.25947, 13.20434], [80.25838, 13.20455], [80.25767, 13.20477], [80.25698, 13.20484], [80.25652, 13.20547], [80.25604, 13.20588], [80.25534, 13.20586], [80.25407, 13.20581], [80.25277, 13.20571], [80.25161, 13.2058], [80.24999, 13.20609], [80.24989, 13.20545], [80.24967, 13.20481], [80.24906, 13.20472], [80.249, 13.20343], [80.24902, 13.20282], [80.24904, 13.20159], [80.24897, 13.20035], [80.24888, 13.19865], [80.24884, 13.19865], [80.24858, 13.19864], [80.24381, 13.19892], [80.23855, 13.19948], [80.23885, 13.20156], [80.23873, 13.20219], [80.23845, 13.20279], [80.23808, 13.20318], [80.23745, 13.20354], [80.23678, 13.2038], [80.23589, 13.20386], [80.2364, 13.20197], [80.23624, 13.19917], [80.23589, 13.19771], [80.23541, 13.19667], [80.23455, 13.19633], [80.2335, 13.19635], [80.23182, 13.19651], [80.23042, 13.19699], [80.22706, 13.1981], [80.22275, 13.19976], [80.22239, 13.19936], [80.22227, 13.19837], [80.22267, 13.19765], [80.22275, 13.19581], [80.22216, 13.19085], [80.22244, 13.19005], [80.22294, 13.18766], [80.22375, 13.18538], [80.22395, 13.18431], [80.22396, 13.18426], [80.2221, 13.1822], [80.22149, 13.18062], [80.21955, 13.17893], [80.21827, 13.17603], [80.21744, 13.17426], [80.21593, 13.17226], [80.2159, 13.17227], [80.21418, 13.17295], [80.21417, 13.17296], [80.2118, 13.17473], [80.21177, 13.17474], [80.21064, 13.17529], [80.20949, 13.17584], [80.20925, 13.17595], [80.20924, 13.17595], [80.2092, 13.17597], [80.20725, 13.17681], [80.20723, 13.17682], [80.20579, 13.17789], [80.20394, 13.17963], [80.20291, 13.1805], [80.20184, 13.18137], [80.20183, 13.18137], [80.19956, 13.18123], [80.1991, 13.18071], [80.19882, 13.18012], [80.19871, 13.17949], [80.19882, 13.17868], [80.1995, 13.17684], [80.19961, 13.17642], [80.19939, 13.17593], [80.19915, 13.17545], [80.19875, 13.17496], [80.19847, 13.17468], [80.19754, 13.17436], [80.19751, 13.17439], [80.19705, 13.17467], [80.19704, 13.17468], [80.19637, 13.17481], [80.19635, 13.17483], [80.19616, 13.17502], [80.19573, 13.17537], [80.19572, 13.17537], [80.19505, 13.17537], [80.19467, 13.17516], [80.19442, 13.17467], [80.19431, 13.17422], [80.19427, 13.17363], [80.1942, 13.17335], [80.19364, 13.1731], [80.19349, 13.17311], [80.19277, 13.17314], [80.19248, 13.17315], [80.19194, 13.1711], [80.1908, 13.16872], [80.19083, 13.16822], [80.19136, 13.16755], [80.19141, 13.16748], [80.19245, 13.16687], [80.19246, 13.16686], [80.19288, 13.16643], [80.19294, 13.16636], [80.19327, 13.16608], [80.19336, 13.16601], [80.19343, 13.16545], [80.19388, 13.16437], [80.19393, 13.16399], [80.19391, 13.16375], [80.19262, 13.162], [80.19248, 13.16155], [80.1924, 13.16033], [80.19265, 13.15983], [80.19304, 13.15893], [80.19314, 13.15872], [80.19306, 13.15838], [80.19267, 13.1579], [80.19314, 13.15698], [80.19376, 13.15586], [80.19378, 13.15583], [80.19381, 13.15577], [80.19448, 13.1546], [80.19468, 13.15432], [80.19459, 13.15398], [80.19449, 13.1538], [80.19108, 13.15134], [80.18877, 13.14995], [80.18786, 13.14939], [80.18671, 13.14853], [80.18591, 13.14809], [80.18534, 13.14796], [80.1845, 13.14756], [80.18337, 13.14727], [80.18225, 13.14724], [80.18144, 13.14735], [80.17996, 13.14781], [80.17848, 13.14913], [80.17823, 13.14878], [80.17814, 13.14797], [80.17799, 13.14775], [80.17711, 13.14729], [80.1763, 13.14744], [80.17597, 13.14734], [80.17583, 13.14718], [80.17563, 13.14651], [80.17574, 13.1459], [80.17599, 13.14523], [80.17649, 13.14449], [80.17773, 13.14243], [80.17775, 13.14222], [80.17744, 13.14069], [80.17713, 13.13963], [80.17545, 13.13883], [80.17533, 13.13886], [80.17532, 13.13886], [80.17528, 13.13888], [80.17151, 13.14091], [80.17072, 13.14091], [80.16966, 13.14297], [80.16822, 13.1422], [80.16796, 13.14104], [80.16744, 13.13949], [80.16586, 13.13575], [80.16441, 13.13613], [80.16165, 13.14051], [80.1581, 13.14205], [80.15547, 13.14244], [80.15429, 13.14231], [80.151, 13.14037], [80.14877, 13.13933], [80.14578, 13.13941], [80.14573, 13.13945], [80.14427, 13.14065], [80.14363, 13.14225], [80.14476, 13.143], [80.14476, 13.14386], [80.14136, 13.14447], [80.13896, 13.14707], [80.1377, 13.14793], [80.13694, 13.14941], [80.1358, 13.15028], [80.13479, 13.15027], [80.13491, 13.15126], [80.13416, 13.15188], [80.13529, 13.15151], [80.13668, 13.1509], [80.13731, 13.15213], [80.1376, 13.15369], [80.13768, 13.1541], [80.13769, 13.15411], [80.14763, 13.15616], [80.1515, 13.15669], [80.15237, 13.15723], [80.15345, 13.15797], [80.15396, 13.15808], [80.15447, 13.15794], [80.15498, 13.15755], [80.15577, 13.15645], [80.15628, 13.15599], [80.15686, 13.15596], [80.15766, 13.15621], [80.15798, 13.1567], [80.15856, 13.15855], [80.15924, 13.16001], [80.16018, 13.16096], [80.16127, 13.1627], [80.16253, 13.16388], [80.1638, 13.16464], [80.16383, 13.16466], [80.16713, 13.16538], [80.16799, 13.16594], [80.16879, 13.16651], [80.1711, 13.16755], [80.1715, 13.16812], [80.17165, 13.169], [80.1707, 13.16996], [80.16991, 13.17039], [80.169, 13.17056], [80.16788, 13.17099], [80.16737, 13.17148], [80.16686, 13.17261], [80.16693, 13.17336], [80.16661, 13.17379], [80.1657, 13.17443], [80.16516, 13.17549], [80.16461, 13.17648], [80.16418, 13.1768], [80.16168, 13.17726], [80.16092, 13.17815], [80.15965, 13.17949], [80.15914, 13.18113], [80.15869, 13.1825], [80.15873, 13.18346], [80.1589, 13.18528], [80.15967, 13.1856], [80.16068, 13.18584], [80.1618, 13.18638], [80.16205, 13.18706], [80.16277, 13.18798], [80.16404, 13.18862], [80.1661, 13.18912], [80.1682, 13.19047], [80.17121, 13.19217], [80.17302, 13.19352], [80.17295, 13.19352], [80.17219, 13.19359], [80.17006, 13.19409], [80.16688, 13.19491], [80.1631, 13.19562], [80.16282, 13.19569], [80.16263, 13.19566], [80.16234, 13.19544], [80.16183, 13.19459], [80.16169, 13.1942], [80.16148, 13.1941], [80.16071, 13.19416], [80.15718, 13.19444], [80.15675, 13.19447], [80.15536, 13.19442], [80.15313, 13.19455], [80.15133, 13.1946], [80.15041, 13.19337], [80.14995, 13.19301], [80.14777, 13.19309], [80.14775, 13.19309], [80.14436, 13.19355], [80.13975, 13.18992], [80.13766, 13.18735], [80.13695, 13.18601], [80.13653, 13.18542], [80.1365, 13.18537], [80.13645, 13.18531], [80.13609, 13.18475], [80.13581, 13.18376], [80.13498, 13.18261], [80.1357, 13.18232], [80.13654, 13.1817], [80.13717, 13.18134], [80.13856, 13.17967], [80.14025, 13.17791], [80.14025, 13.17791], [80.1386, 13.17862], [80.13856, 13.17865], [80.13593, 13.17999], [80.12939, 13.18296], [80.12339, 13.18575], [80.11839, 13.18727], [80.11495, 13.18756], [80.10848, 13.1874], [80.10769, 13.1995], [80.10767, 13.19958], [80.107, 13.2025], [80.10692, 13.20287], [80.10655, 13.21539], [80.10655, 13.2154], [80.10655, 13.21551], [80.10685, 13.21691], [80.10839, 13.21791], [80.10912, 13.21819], [80.10913, 13.2182], [80.10931, 13.2183], [80.11048, 13.21897], [80.11371, 13.21931], [80.11394, 13.21948], [80.11409, 13.22176], [80.1141, 13.22185], [80.1141, 13.22186], [80.11415, 13.22653], [80.11477, 13.22714], [80.11523, 13.22747], [80.11539, 13.23047], [80.1133, 13.23002], [80.11318, 13.23025], [80.11307, 13.2323], [80.1142, 13.23252], [80.11547, 13.23343], [80.11555, 13.23349], [80.11557, 13.23351], [80.11663, 13.23515], [80.11669, 13.23525], [80.1167, 13.23529], [80.11731, 13.23786], [80.11764, 13.24153], [80.11809, 13.24336], [80.11877, 13.24447], [80.1203, 13.24558], [80.1204, 13.24562], [80.12172, 13.24609], [80.12291, 13.2462], [80.12484, 13.24587], [80.1254, 13.24587], [80.12659, 13.24643], [80.12807, 13.2446], [80.13045, 13.24499], [80.13156, 13.24717], [80.13158, 13.24721], [80.13124, 13.24921], [80.13192, 13.24944], [80.13203, 13.25027], [80.13194, 13.25135], [80.1316, 13.25267], [80.1313, 13.25505], [80.13121, 13.2563], [80.12949, 13.25643], [80.12931, 13.25644], [80.12807, 13.25653], [80.12738, 13.25671], [80.12679, 13.25685], [80.12643, 13.25721], [80.12628, 13.25766], [80.12582, 13.25779], [80.12577, 13.25845], [80.12563, 13.25894], [80.12519, 13.25949], [80.12424, 13.26092], [80.12428, 13.2613], [80.1241, 13.26155], [80.12422, 13.26186], [80.12424, 13.26192], [80.12428, 13.26202], [80.12437, 13.26254], [80.12431, 13.26361], [80.12409, 13.26419], [80.12407, 13.26469], [80.12391, 13.26549], [80.12397, 13.26792], [80.12398, 13.26884], [80.12399, 13.26905], [80.12309, 13.26897], [80.12316, 13.26962], [80.12317, 13.2708], [80.12333, 13.27132], [80.12356, 13.27201], [80.12359, 13.27264], [80.1235, 13.27387], [80.12341, 13.27449], [80.12343, 13.27507], [80.12355, 13.27642], [80.12366, 13.27714], [80.12367, 13.27722], [80.12381, 13.27817], [80.12447, 13.27919], [80.12496, 13.27961], [80.12569, 13.27991], [80.12555, 13.28116], [80.12532, 13.28245], [80.12486, 13.28414], [80.12454, 13.28604], [80.12441, 13.28672], [80.12268, 13.28669], [80.12214, 13.28672], [80.12118, 13.28677], [80.12194, 13.28764], [80.1214, 13.28836], [80.12162, 13.28903], [80.12205, 13.28951], [80.12239, 13.29002], [80.1226, 13.2903], [80.12272, 13.29048], [80.12305, 13.29093], [80.12407, 13.29153], [80.12399, 13.29218], [80.12379, 13.29276], [80.12363, 13.29335], [80.12335, 13.29394], [80.12336, 13.29453], [80.12343, 13.29509], [80.12363, 13.29587], [80.1231, 13.29634], [80.12287, 13.2969], [80.12297, 13.29725], [80.12376, 13.29743], [80.1247, 13.29754], [80.12483, 13.29803], [80.125, 13.29864], [80.1251, 13.29906], [80.12475, 13.29945], [80.12494, 13.29984], [80.12407, 13.30083], [80.12367, 13.30123], [80.12216, 13.3022], [80.12146, 13.30271], [80.12145, 13.30322], [80.12138, 13.30369], [80.12129, 13.3042], [80.11877, 13.30502], [80.11766, 13.30534], [80.11579, 13.30594], [80.11484, 13.30632], [80.11484, 13.30722], [80.11423, 13.3073], [80.11399, 13.30773], [80.11332, 13.30766], [80.11282, 13.30806], [80.1118, 13.30875], [80.11085, 13.30964], [80.10952, 13.30968], [80.10765, 13.30978], [80.1072, 13.30982], [80.10712, 13.30982], [80.10595, 13.30992], [80.10336, 13.31016], [80.1001, 13.31042], [80.09663, 13.3108], [80.09585, 13.31081], [80.09437, 13.31171], [80.09371, 13.31209], [80.09327, 13.31261], [80.09299, 13.31267], [80.09269, 13.313], [80.09236, 13.31305], [80.09103, 13.31324], [80.09018, 13.31318], [80.08996, 13.31317], [80.08941, 13.3133], [80.08881, 13.31347], [80.08831, 13.31373], [80.08781, 13.314], [80.08725, 13.31415], [80.08665, 13.3143], [80.08664, 13.3143], [80.08655, 13.31431], [80.08589, 13.31442], [80.08466, 13.31469], [80.08375, 13.31524], [80.08323, 13.31552], [80.08161, 13.31615], [80.08034, 13.3165], [80.07979, 13.31672], [80.0792, 13.3168], [80.0791, 13.31682], [80.07884, 13.31685], [80.0777, 13.31693], [80.07696, 13.31666], [80.07648, 13.31657], [80.0753, 13.31655], [80.07408, 13.31661], [80.07333, 13.31665], [80.07209, 13.31671], [80.07203, 13.31688], [80.07192, 13.3172], [80.0719, 13.31853], [80.07189, 13.31905], [80.07201, 13.32092], [80.07216, 13.32247], [80.07144, 13.32252], [80.07141, 13.32314], [80.07149, 13.32374], [80.0714, 13.32424], [80.07061, 13.32469], [80.07154, 13.32632], [80.07183, 13.32791], [80.0721, 13.32938], [80.07257, 13.33093], [80.0737, 13.33121], [80.07456, 13.33105], [80.07531, 13.33082], [80.07631, 13.33058], [80.07685, 13.33044], [80.07719, 13.33037], [80.07785, 13.33036], [80.07834, 13.33045], [80.07881, 13.33064], [80.07918, 13.33088], [80.0795, 13.33119], [80.07993, 13.33155], [80.08067, 13.33243], [80.08118, 13.33343], [80.08154, 13.33412], [80.08227, 13.3337], [80.08297, 13.33599], [80.08316, 13.33665], [80.0832, 13.33732], [80.083, 13.33828], [80.0827, 13.33929], [80.08226, 13.34026], [80.08152, 13.34132], [80.08115, 13.34196], [80.08087, 13.34278], [80.08087, 13.34354], [80.08088, 13.34358], [80.08115, 13.3446], [80.08156, 13.34553], [80.08176, 13.34679], [80.08176, 13.34754], [80.0821, 13.34846], [80.08319, 13.34977], [80.08453, 13.3511], [80.08557, 13.35206], [80.08608, 13.35269], [80.08608, 13.3527], [80.08731, 13.35411], [80.08732, 13.35411], [80.08849, 13.35529], [80.08962, 13.35637], [80.0902, 13.35683], [80.09076, 13.35711], [80.09145, 13.35722], [80.09231, 13.35709], [80.0936, 13.35665], [80.09472, 13.35611], [80.09589, 13.35559], [80.09691, 13.35514], [80.09783, 13.35478], [80.09889, 13.35462], [80.0999, 13.35447], [80.10105, 13.35437], [80.10239, 13.35423], [80.10377, 13.35406], [80.10537, 13.35394], [80.10541, 13.35393], [80.10547, 13.35393], [80.10637, 13.35387], [80.10709, 13.35378], [80.10782, 13.35321], [80.10787, 13.35315], [80.10907, 13.35171], [80.10976, 13.35094], [80.11064, 13.35002], [80.11175, 13.34901], [80.11239, 13.34872], [80.11319, 13.34855], [80.11323, 13.34855], [80.11409, 13.34851], [80.11526, 13.34856], [80.11647, 13.3487], [80.11714, 13.34872], [80.11802, 13.34868], [80.1186, 13.34846], [80.11903, 13.34831], [80.11907, 13.34825], [80.1191, 13.34821], [80.11977, 13.34729], [80.12064, 13.34593], [80.12137, 13.34477], [80.12153, 13.34435], [80.12155, 13.34431], [80.12193, 13.34336], [80.12254, 13.34263], [80.12314, 13.34202], [80.12397, 13.34155], [80.12516, 13.34126], [80.12607, 13.34114], [80.12612, 13.34113], [80.12722, 13.3412], [80.1282, 13.34137], [80.12912, 13.34156], [80.12972, 13.3417], [80.13049, 13.34137], [80.13162, 13.34024], [80.13164, 13.3402], [80.13214, 13.33945], [80.13259, 13.33853], [80.13307, 13.33764], [80.13365, 13.33691], [80.13365, 13.33691], [80.13432, 13.33643], [80.13545, 13.33617], [80.13663, 13.33603], [80.1367, 13.33602], [80.13759, 13.33622], [80.13869, 13.33657], [80.14, 13.33687], [80.13977, 13.33674], [80.13939, 13.33653], [80.13879, 13.3362], [80.13666, 13.3348], [80.13704, 13.33189], [80.13724, 13.32917], [80.1374, 13.32787], [80.13801, 13.32744], [80.13885, 13.32721], [80.13969, 13.32711], [80.14103, 13.32753], [80.14202, 13.32786], [80.14337, 13.32789], [80.1449, 13.32736], [80.14676, 13.32665], [80.14679, 13.3266], [80.14781, 13.32421], [80.14855, 13.32231], [80.14941, 13.32031], [80.14942, 13.32029], [80.14989, 13.3196], [80.14991, 13.31957], [80.15177, 13.31948], [80.15328, 13.32011], [80.15465, 13.32036], [80.15587, 13.3205], [80.15759, 13.32024], [80.15929, 13.31993], [80.16089, 13.31934], [80.16205, 13.31889], [80.16255, 13.31869], [80.164, 13.31888], [80.16541, 13.31919], [80.16657, 13.31881], [80.16658, 13.31881], [80.16871, 13.32225], [80.16871, 13.32225], [80.16912, 13.32294], [80.16906, 13.32297], [80.16479, 13.3251], [80.16475, 13.32512], [80.16427, 13.32723], [80.16365, 13.32915], [80.16355, 13.33001], [80.16457, 13.33038], [80.16514, 13.3308], [80.16542, 13.33234], [80.16583, 13.33371], [80.16684, 13.33372], [80.16684, 13.33374], [80.16704, 13.33579], [80.16708, 13.33697], [80.16675, 13.33836], [80.16264, 13.33799], [80.16261, 13.33799], [80.16188, 13.33986], [80.16136, 13.34219], [80.15957, 13.34297], [80.15954, 13.34299], [80.15893, 13.34523], [80.15751, 13.34988], [80.1532, 13.35035], [80.15149, 13.35039], [80.15146, 13.35039], [80.14834, 13.35085], [80.14806, 13.34952], [80.14756, 13.34962], [80.14754, 13.34963], [80.14697, 13.35084], [80.14648, 13.35129], [80.14552, 13.35159], [80.14403, 13.35154], [80.14396, 13.35154], [80.14397, 13.35158], [80.14431, 13.35296], [80.14509, 13.35526], [80.14594, 13.35769], [80.14668, 13.35954], [80.14773, 13.36176], [80.14851, 13.36321], [80.14852, 13.36323], [80.14871, 13.36372], [80.14882, 13.36429], [80.14867, 13.36441], [80.14713, 13.36471], [80.14709, 13.36472], [80.14681, 13.36558], [80.14503, 13.36618], [80.14499, 13.36619], [80.14485, 13.36684], [80.14461, 13.36696], [80.14457, 13.36698], [80.14448, 13.36838], [80.14404, 13.36848], [80.14397, 13.3685], [80.14412, 13.36924], [80.144, 13.36982], [80.14367, 13.37039], [80.14573, 13.37245], [80.14668, 13.37207], [80.14779, 13.3716], [80.14899, 13.37163], [80.14966, 13.37317], [80.15036, 13.37463], [80.15106, 13.37589], [80.15122, 13.37618], [80.15137, 13.37683], [80.15166, 13.37795], [80.15178, 13.37842], [80.15178, 13.379], [80.15191, 13.37951], [80.15187, 13.37951], [80.1511, 13.37954], [80.15045, 13.37963], [80.14975, 13.37987], [80.14921, 13.38016], [80.1487, 13.37997], [80.14813, 13.37987], [80.14748, 13.37975], [80.14668, 13.37968], [80.146, 13.37976], [80.14561, 13.38002], [80.14559, 13.38004], [80.14524, 13.38067], [80.14479, 13.3817], [80.14425, 13.38278], [80.14366, 13.38357], [80.14317, 13.38407], [80.14262, 13.38458], [80.14192, 13.38521], [80.14073, 13.38605], [80.14068, 13.38608], [80.14068, 13.3861], [80.14045, 13.38696], [80.14039, 13.38777], [80.1406, 13.38832], [80.14101, 13.3891], [80.14136, 13.38982], [80.14188, 13.39058], [80.14221, 13.39101], [80.14235, 13.39118], [80.14392, 13.39115], [80.14458, 13.39121], [80.14521, 13.39127], [80.14612, 13.39127], [80.14778, 13.39133], [80.14888, 13.39164], [80.14891, 13.39165], [80.1499, 13.39199], [80.1506, 13.39228], [80.15147, 13.39236], [80.15333, 13.39238], [80.15438, 13.39233], [80.155, 13.39241], [80.15661, 13.39269], [80.15836, 13.3932], [80.15998, 13.39366], [80.16138, 13.39413], [80.16141, 13.39414], [80.16211, 13.39413], [80.16314, 13.39425], [80.16425, 13.39422], [80.1656, 13.39416], [80.16661, 13.3941], [80.16754, 13.3941], [80.16867, 13.39415], [80.1695, 13.39405], [80.17005, 13.39386], [80.17093, 13.39381], [80.17175, 13.39376], [80.1733, 13.39385], [80.17459, 13.39388], [80.17572, 13.394], [80.17682, 13.39426], [80.1777, 13.39416], [80.17925, 13.3944], [80.18, 13.39445], [80.18018, 13.39431], [80.18044, 13.39397], [80.18071, 13.39332], [80.18089, 13.39274], [80.18104, 13.3921], [80.18129, 13.39128], [80.18132, 13.39046], [80.18128, 13.39005], [80.18102, 13.38992], [80.18066, 13.38993], [80.18036, 13.39009], [80.17981, 13.39031], [80.17911, 13.3904], [80.17866, 13.39028], [80.17834, 13.39], [80.17815, 13.38943], [80.17789, 13.38914], [80.17736, 13.38904], [80.17671, 13.38886], [80.17616, 13.38875], [80.17565, 13.38864], [80.17528, 13.38835], [80.17521, 13.38791], [80.1752, 13.38789], [80.17517, 13.38784], [80.17502, 13.38757], [80.17504, 13.38741], [80.17522, 13.38724], [80.17633, 13.38711], [80.17992, 13.38699], [80.18168, 13.38681], [80.18427, 13.38661], [80.18603, 13.38635], [80.18837, 13.38611], [80.18954, 13.38582], [80.18973, 13.38526], [80.19009, 13.38522], [80.19112, 13.38514], [80.19237, 13.3851], [80.19429, 13.38508], [80.19434, 13.38508], [80.19436, 13.38525], [80.19443, 13.3857], [80.19613, 13.38528], [80.19636, 13.38522], [80.19636, 13.38523], [80.19646, 13.38692], [80.1964, 13.3893], [80.19632, 13.39009], [80.19597, 13.39209], [80.19591, 13.39287], [80.19598, 13.3948], [80.196, 13.39632], [80.19615, 13.39762], [80.19625, 13.39849], [80.19619, 13.39914], [80.19618, 13.39921], [80.19878, 13.3989], [80.19882, 13.3989], [80.19877, 13.39898], [80.1983, 13.39986], [80.19792, 13.40056], [80.19731, 13.40238], [80.19715, 13.40306], [80.19727, 13.40348], [80.19787, 13.4052], [80.19814, 13.40638], [80.19814, 13.40688], [80.19805, 13.40852], [80.19795, 13.4097], [80.19789, 13.41178], [80.19785, 13.41179], [80.19709, 13.41196], [80.19646, 13.41206], [80.19533, 13.41222], [80.19471, 13.41242], [80.19455, 13.41253], [80.19447, 13.41289], [80.19438, 13.41318], [80.194, 13.41334], [80.19364, 13.41341], [80.1932, 13.41341], [80.19284, 13.41354], [80.19257, 13.41377], [80.19237, 13.41427], [80.19203, 13.41468], [80.19168, 13.41487], [80.19045, 13.41517], [80.18912, 13.41545], [80.1874, 13.41591], [80.18695, 13.41616], [80.18634, 13.41677], [80.18564, 13.41757], [80.18505, 13.41834], [80.18444, 13.41907], [80.18434, 13.41951], [80.18429, 13.42081], [80.18439, 13.42083], [80.18512, 13.42098], [80.18654, 13.42128], [80.18786, 13.42174], [80.18939, 13.42227], [80.18969, 13.42251], [80.19095, 13.42449], [80.19166, 13.4255], [80.19168, 13.42552], [80.19168, 13.42553], [80.19195, 13.42619], [80.19212, 13.42668], [80.19244, 13.42713], [80.19265, 13.42763], [80.19288, 13.42858], [80.19279, 13.42912], [80.19257, 13.42937], [80.19194, 13.42965], [80.1915, 13.42994], [80.19132, 13.43025], [80.19131, 13.43056], [80.19147, 13.43105], [80.19145, 13.43137], [80.19126, 13.43173], [80.19095, 13.43202], [80.1906, 13.43239], [80.1902, 13.43283], [80.19002, 13.43322], [80.1896, 13.4344], [80.18929, 13.43542], [80.18876, 13.43672], [80.18861, 13.43701], [80.18823, 13.43731], [80.18763, 13.43758], [80.18714, 13.43781], [80.18702, 13.43807], [80.18701, 13.43869], [80.18687, 13.43885], [80.18655, 13.4389], [80.18594, 13.43886], [80.18593, 13.43886], [80.18566, 13.43864], [80.18508, 13.43846], [80.18426, 13.43852], [80.18366, 13.43842], [80.18337, 13.43811], [80.18298, 13.43754], [80.18295, 13.43752], [80.18273, 13.43738], [80.18218, 13.43738], [80.18134, 13.4376], [80.18036, 13.43794], [80.17902, 13.43828], [80.17836, 13.43844], [80.17749, 13.43869], [80.17682, 13.43897], [80.1759, 13.43928], [80.17526, 13.43933], [80.17464, 13.43934], [80.17417, 13.43922], [80.17361, 13.43902], [80.17301, 13.43916], [80.17198, 13.43929], [80.1712, 13.43929], [80.17034, 13.43932], [80.16936, 13.43948], [80.16933, 13.43984], [80.16908, 13.43992], [80.16833, 13.43999], [80.16832, 13.44009], [80.16825, 13.4405], [80.16818, 13.44093], [80.16796, 13.44113], [80.16741, 13.44138], [80.16731, 13.44162], [80.16753, 13.44243], [80.16797, 13.44385], [80.16834, 13.44525], [80.16742, 13.44578], [80.16755, 13.44629], [80.16671, 13.4467], [80.16683, 13.44728], [80.16621, 13.44743], [80.16623, 13.44769], [80.16566, 13.44776], [80.16566, 13.44787], [80.1659, 13.44944], [80.16562, 13.44963], [80.16579, 13.4507], [80.16579, 13.4507], [80.16617, 13.45084], [80.1668, 13.45125], [80.16706, 13.45224], [80.16776, 13.45234], [80.16854, 13.45241], [80.16883, 13.45264], [80.16901, 13.45306], [80.16901, 13.45307], [80.1692, 13.45395], [80.16927, 13.45478], [80.16921, 13.45528], [80.16909, 13.45609], [80.16909, 13.4566], [80.16904, 13.45767], [80.16903, 13.45868], [80.16896, 13.46032], [80.16892, 13.46118], [80.16894, 13.46154], [80.16933, 13.46203], [80.17041, 13.46322], [80.17118, 13.46414], [80.17174, 13.46501], [80.17216, 13.46525], [80.17285, 13.46548], [80.17432, 13.46566], [80.17575, 13.46587], [80.17654, 13.46598], [80.17706, 13.46588], [80.17761, 13.46573], [80.17828, 13.46547], [80.17889, 13.46526], [80.18004, 13.46532], [80.18127, 13.46524], [80.18173, 13.46513], [80.18181, 13.46497], [80.18224, 13.46475], [80.18277, 13.46468], [80.18316, 13.46461], [80.18318, 13.46461], [80.18312, 13.4665], [80.18307, 13.46738], [80.18288, 13.46836], [80.18284, 13.46917], [80.18289, 13.46971], [80.18304, 13.47072], [80.18289, 13.47106], [80.18269, 13.47133], [80.18241, 13.4715], [80.18218, 13.47146], [80.18183, 13.47141], [80.18179, 13.47194], [80.18151, 13.47223], [80.18115, 13.47251], [80.18053, 13.473], [80.17986, 13.47355], [80.17948, 13.47401], [80.17934, 13.4744], [80.1792, 13.47461], [80.17884, 13.47467], [80.17865, 13.47502], [80.1786, 13.47504], [80.17819, 13.47517], [80.17701, 13.4755], [80.17515, 13.47603], [80.1734, 13.47631], [80.17338, 13.47635], [80.17318, 13.4767], [80.17354, 13.47723], [80.17354, 13.47747], [80.1734, 13.47822], [80.1734, 13.47935], [80.17346, 13.47982], [80.17461, 13.48081], [80.17534, 13.48151], [80.17522, 13.48205], [80.17499, 13.48303], [80.17467, 13.48375], [80.17444, 13.48476], [80.17419, 13.48554], [80.17458, 13.48634], [80.17468, 13.48675], [80.17448, 13.48698], [80.17448, 13.48719], [80.17483, 13.48793], [80.17547, 13.48869], [80.17619, 13.48985], [80.17648, 13.49068], [80.17712, 13.49117], [80.17749, 13.49107], [80.17894, 13.49062], [80.17938, 13.49061], [80.1805, 13.49058], [80.18198, 13.49061], [80.18344, 13.49062], [80.18483, 13.49062], [80.18653, 13.49065], [80.18724, 13.49029], [80.18804, 13.49029], [80.18891, 13.49019], [80.18949, 13.49018], [80.19108, 13.49009], [80.19183, 13.48998], [80.19268, 13.48951], [80.1931, 13.48938], [80.1942, 13.48935], [80.19568, 13.48924], [80.19712, 13.48912], [80.1986, 13.48895], [80.20018, 13.48878], [80.20169, 13.48859], [80.20274, 13.48838], [80.20298, 13.48838], [80.20332, 13.48838], [80.20467, 13.48806], [80.20544, 13.48789], [80.20623, 13.48756], [80.20758, 13.48702], [80.20877, 13.4867], [80.20912, 13.48661], [80.20991, 13.48629], [80.20995, 13.48628], [80.21007, 13.48677], [80.21028, 13.48821], [80.21059, 13.49042], [80.2106, 13.49048], [80.21257, 13.49036], [80.2146, 13.49027], [80.21451, 13.4898], [80.21383, 13.48611], [80.21383, 13.4861], [80.21387, 13.48609], [80.21619, 13.48586], [80.21765, 13.48572], [80.21916, 13.48562], [80.22067, 13.48555], [80.22226, 13.48561], [80.22372, 13.48556], [80.2252, 13.48531], [80.22589, 13.48507], [80.22601, 13.48433], [80.2261, 13.4838], [80.22697, 13.48352], [80.22842, 13.48295], [80.22882, 13.48289], [80.22942, 13.48199], [80.23038, 13.48064], [80.23113, 13.47939], [80.23188, 13.47805], [80.23277, 13.47683], [80.23365, 13.47553], [80.23474, 13.47451], [80.2352, 13.474], [80.23572, 13.47386], [80.23788, 13.47384], [80.23897, 13.47373], [80.24038, 13.47343], [80.24097, 13.47331], [80.24134, 13.47264], [80.24179, 13.47074], [80.24181, 13.47065], [80.24203, 13.47155], [80.24225, 13.47245], [80.24234, 13.47282], [80.24286, 13.475], [80.24408, 13.47898], [80.24524, 13.48353], [80.24657, 13.48816], [80.24857, 13.49303], [80.24864, 13.49328], [80.25068, 13.50128], [80.25111, 13.50277], [80.25188, 13.5063], [80.25226, 13.5081], [80.25292, 13.51115], [80.25389, 13.51565], [80.2539, 13.51567], [80.2539, 13.51568], [80.25393, 13.51583], [80.25489, 13.51983], [80.25614, 13.52602], [80.25753, 13.53216], [80.25895, 13.53893], [80.26028, 13.54499], [80.26119, 13.54918], [80.2618, 13.55211], [80.26259, 13.5557], [80.26355, 13.56001], [80.26385, 13.5616], [80.26404, 13.5626], [80.26405, 13.56264], [80.26621, 13.56353], [80.26854, 13.56454], [80.26874, 13.56462], [80.26875, 13.56463], [80.2691, 13.56381], [80.26996, 13.56197], [80.27139, 13.55875], [80.27203, 13.55723], [80.27247, 13.55607], [80.27325, 13.55413], [80.27383, 13.55265], [80.27451, 13.55124], [80.27518, 13.54942], [80.27537, 13.54879], [80.27549, 13.54835], [80.27577, 13.54778], [80.27616, 13.54723], [80.27626, 13.54708], [80.27643, 13.54669], [80.27671, 13.54586], [80.27695, 13.54514], [80.27723, 13.54405], [80.2779, 13.54221], [80.27842, 13.54083], [80.2789, 13.53958], [80.27936, 13.53832], [80.27994, 13.53653], [80.28039, 13.53546], [80.28085, 13.53439], [80.28121, 13.53351], [80.28141, 13.53279], [80.28161, 13.5321], [80.28184, 13.53128], [80.28251, 13.52933], [80.28287, 13.52831], [80.28333, 13.52721], [80.28359, 13.52633], [80.28397, 13.52515], [80.28419, 13.52416], [80.28443, 13.52347], [80.28477, 13.5227], [80.28508, 13.52207], [80.28531, 13.52143], [80.28564, 13.52062], [80.28606, 13.51934], [80.28627, 13.51853], [80.28658, 13.51764], [80.28679, 13.51702], [80.28721, 13.5158], [80.28747, 13.51511], [80.28792, 13.51388], [80.28815, 13.51308], [80.28858, 13.5118], [80.28903, 13.51026], [80.28961, 13.50833], [80.28992, 13.50743], [80.29009, 13.50655], [80.29025, 13.5056], [80.29057, 13.50383], [80.29083, 13.50222], [80.29092, 13.50154], [80.29094, 13.50131], [80.29237, 13.49803], [80.29241, 13.4977], [80.29293, 13.49599], [80.29415, 13.49295], [80.2947, 13.49174], [80.29487, 13.49133], [80.29809, 13.48394], [80.29836, 13.48353], [80.29838, 13.48336], [80.3007, 13.47823], [80.3022, 13.47546], [80.30364, 13.47313]]]}}, {"type": "Feature", "properties": {"taluk": "Poonamallee", "district": "Thiruvallur", "state": "Tamil Nadu"}, "geometry": {"type": "Polygon", "coordinates": [[[80.0655, 13.1022], [80.06631, 13.10214], [80.06716, 13.10215], [80.06808, 13.10215], [80.06903, 13.10216], [80.06992, 13.10211], [80.0707, 13.10202], [80.07123, 13.10182], [80.07188, 13.10148], [80.07225, 13.10127], [80.07283, 13.10113], [80.0733, 13.10107], [80.07382, 13.101], [80.0744, 13.10099], [80.07466, 13.10109], [80.07502, 13.10121], [80.07547, 13.10119], [80.0759, 13.10104], [80.07656, 13.10064], [80.07689, 13.10044], [80.0773, 13.10019], [80.07757, 13.09989], [80.07797, 13.09952], [80.07826, 13.09921], [80.07846, 13.09906], [80.07856, 13.09906], [80.07873, 13.09907], [80.07977, 13.09902], [80.0803, 13.09861], [80.08039, 13.09855], [80.08086, 13.09675], [80.08088, 13.09508], [80.08001, 13.09369], [80.0799, 13.09314], [80.07977, 13.09218], [80.07977, 13.09217], [80.08089, 13.0912], [80.08097, 13.09113], [80.08129, 13.09042], [80.08121, 13.0899], [80.08055, 13.08922], [80.08023, 13.08875], [80.08076, 13.08601], [80.0809, 13.08571], [80.08094, 13.08562], [80.08148, 13.0857], [80.08177, 13.0857], [80.08195, 13.08556], [80.08201, 13.08551], [80.08238, 13.08497], [80.0834, 13.08392], [80.08456, 13.08268], [80.08474, 13.08249], [80.08623, 13.08462], [80.08613, 13.08747], [80.08622, 13.09051], [80.08755, 13.09324], [80.08797, 13.09494], [80.08767, 13.09571], [80.08738, 13.09641], [80.08754, 13.09715], [80.08793, 13.09763], [80.08793, 13.09833], [80.08784, 13.09841], [80.08734, 13.09888], [80.08734, 13.09888], [80.08721, 13.09926], [80.0874, 13.09993], [80.08799, 13.10061], [80.08871, 13.10151], [80.09126, 13.10329], [80.09334, 13.1019], [80.09668, 13.09932], [80.09797, 13.09817], [80.09805, 13.0981], [80.09877, 13.09699], [80.0993, 13.09603], [80.09933, 13.09599], [80.10109, 13.09478], [80.10282, 13.09353], [80.10306, 13.09338], [80.10387, 13.09287], [80.10282, 13.09249], [80.10258, 13.0924], [80.10185, 13.09156], [80.10165, 13.09065], [80.10162, 13.08985], [80.10162, 13.08978], [80.10219, 13.08969], [80.10278, 13.08915], [80.10286, 13.08908], [80.10363, 13.08796], [80.10375, 13.08724], [80.10375, 13.08723], [80.10507, 13.08609], [80.10726, 13.08451], [80.10737, 13.08442], [80.10746, 13.08435], [80.10746, 13.08436], [80.10756, 13.08542], [80.1079, 13.08576], [80.10842, 13.08603], [80.1093, 13.08613], [80.11024, 13.08613], [80.11061, 13.08647], [80.11108, 13.08667], [80.11158, 13.08667], [80.11195, 13.0864], [80.11243, 13.08628], [80.116, 13.08636], [80.11856, 13.08661], [80.11967, 13.08737], [80.1203, 13.08766], [80.12082, 13.08768], [80.12098, 13.08757], [80.12107, 13.08752], [80.12127, 13.08732], [80.12127, 13.08732], [80.12108, 13.08653], [80.12104, 13.08638], [80.12524, 13.08866], [80.12705, 13.0893], [80.12896, 13.08945], [80.13061, 13.08957], [80.13138, 13.08931], [80.13192, 13.08904], [80.13304, 13.08894], [80.13413, 13.08831], [80.13437, 13.08844], [80.14473, 13.09423], [80.14489, 13.09432], [80.14429, 13.09278], [80.14417, 13.09114], [80.14448, 13.09083], [80.14453, 13.09078], [80.14541, 13.08992], [80.14549, 13.08984], [80.14608, 13.08825], [80.1461, 13.08819], [80.14718, 13.08772], [80.15079, 13.08725], [80.15247, 13.08572], [80.155, 13.08337], [80.16028, 13.08208], [80.16128, 13.08121], [80.16137, 13.08114], [80.1634, 13.07343], [80.16237, 13.07133], [80.16279, 13.0699], [80.16299, 13.06863], [80.16249, 13.06628], [80.1622, 13.06451], [80.16218, 13.06438], [80.16084, 13.06429], [80.1602, 13.05863], [80.15978, 13.05577], [80.15939, 13.05364], [80.15899, 13.05224], [80.15913, 13.05108], [80.15908, 13.04951], [80.15939, 13.04871], [80.16001, 13.04742], [80.16038, 13.04618], [80.16032, 13.04488], [80.15982, 13.04353], [80.15878, 13.04168], [80.15796, 13.04129], [80.15793, 13.04129], [80.15661, 13.0411], [80.15417, 13.04088], [80.15285, 13.04062], [80.15099, 13.04084], [80.14925, 13.04079], [80.14796, 13.04045], [80.14681, 13.04026], [80.14572, 13.03986], [80.14572, 13.03998], [80.14599, 13.04429], [80.14729, 13.04574], [80.14951, 13.04763], [80.14951, 13.04888], [80.15336, 13.04949], [80.15296, 13.05027], [80.15291, 13.05029], [80.15086, 13.05088], [80.14944, 13.05077], [80.14944, 13.05086], [80.14932, 13.05341], [80.15017, 13.05327], [80.15164, 13.05336], [80.15265, 13.05402], [80.15281, 13.05427], [80.15284, 13.05465], [80.15264, 13.05548], [80.15283, 13.05626], [80.15344, 13.05706], [80.15386, 13.05808], [80.15372, 13.06114], [80.15406, 13.06286], [80.15395, 13.06285], [80.15341, 13.06279], [80.15161, 13.06343], [80.14919, 13.06433], [80.14849, 13.06441], [80.14681, 13.06114], [80.14665, 13.0592], [80.14651, 13.05843], [80.1457, 13.05698], [80.14615, 13.05546], [80.14629, 13.0541], [80.14629, 13.05404], [80.14429, 13.0538], [80.14419, 13.05379], [80.14234, 13.05357], [80.14166, 13.05124], [80.14059, 13.04895], [80.13741, 13.04845], [80.13548, 13.04834], [80.13439, 13.04465], [80.13436, 13.04465], [80.13427, 13.04463], [80.13263, 13.04431], [80.13253, 13.04505], [80.12939, 13.04514], [80.12939, 13.04514], [80.1292, 13.04412], [80.1292, 13.04411], [80.12908, 13.04335], [80.12872, 13.0423], [80.12837, 13.04098], [80.12807, 13.0396], [80.12788, 13.03831], [80.12794, 13.03746], [80.12794, 13.03746], [80.12809, 13.03697], [80.12853, 13.03594], [80.12853, 13.03594], [80.12883, 13.0353], [80.12878, 13.03511], [80.12874, 13.03497], [80.12844, 13.03462], [80.12796, 13.03422], [80.12794, 13.0342], [80.1279, 13.03419], [80.12755, 13.03408], [80.127, 13.03407], [80.127, 13.03407], [80.12648, 13.03404], [80.1255, 13.03383], [80.12432, 13.0336], [80.12348, 13.03335], [80.12305, 13.03324], [80.12305, 13.03324], [80.12256, 13.03326], [80.12223, 13.03337], [80.12223, 13.03337], [80.12167, 13.03364], [80.12079, 13.0341], [80.12079, 13.0341], [80.11992, 13.03455], [80.11909, 13.03499], [80.11878, 13.03518], [80.1185, 13.03542], [80.11841, 13.0355], [80.11824, 13.03588], [80.11824, 13.03604], [80.11823, 13.03613], [80.11825, 13.03632], [80.11827, 13.03649], [80.11827, 13.03649], [80.11821, 13.03734], [80.11802, 13.03778], [80.11802, 13.03778], [80.11775, 13.03831], [80.1174, 13.03894], [80.11723, 13.03915], [80.11704, 13.03938], [80.11676, 13.03966], [80.11652, 13.03983], [80.11646, 13.03988], [80.11646, 13.03988], [80.11595, 13.04014], [80.11521, 13.0404], [80.11458, 13.04057], [80.11405, 13.04064], [80.11389, 13.04067], [80.112, 13.04097], [80.11192, 13.04098], [80.1119, 13.04098], [80.11147, 13.04105], [80.11125, 13.0411], [80.11109, 13.04114], [80.11026, 13.04142], [80.11026, 13.04142], [80.10943, 13.04163], [80.10915, 13.04169], [80.10874, 13.04177], [80.10855, 13.04179], [80.10837, 13.0418], [80.10822, 13.04173], [80.10822, 13.04173], [80.1081, 13.04164], [80.10791, 13.0415], [80.1078, 13.0414], [80.10755, 13.04117], [80.10711, 13.04076], [80.10677, 13.0404], [80.10667, 13.04033], [80.10637, 13.04013], [80.10576, 13.03976], [80.10534, 13.03956], [80.1051, 13.03947], [80.10481, 13.03945], [80.10451, 13.03954], [80.10449, 13.03955], [80.10449, 13.03955], [80.10431, 13.0396], [80.10431, 13.0396], [80.10411, 13.03962], [80.10346, 13.03953], [80.10261, 13.03936], [80.10216, 13.03919], [80.10186, 13.03907], [80.10151, 13.03879], [80.10151, 13.03879], [80.10134, 13.03841], [80.10112, 13.03772], [80.10092, 13.03728], [80.10074, 13.03689], [80.10045, 13.03581], [80.10034, 13.03561], [80.10018, 13.03536], [80.0998, 13.035], [80.09951, 13.03494], [80.09942, 13.03494], [80.0992, 13.03494], [80.0992, 13.03494], [80.09875, 13.03511], [80.09791, 13.03547], [80.09788, 13.03548], [80.09696, 13.03586], [80.09662, 13.03607], [80.09621, 13.03632], [80.09621, 13.03632], [80.09566, 13.03679], [80.09561, 13.03683], [80.09557, 13.03688], [80.09546, 13.03703], [80.09512, 13.03732], [80.09466, 13.03765], [80.09412, 13.03802], [80.09357, 13.0384], [80.09337, 13.03851], [80.093, 13.0387], [80.09249, 13.03898], [80.09203, 13.03928], [80.09157, 13.03959], [80.09136, 13.03973], [80.09037, 13.04038], [80.08985, 13.04063], [80.08985, 13.04063], [80.08937, 13.04081], [80.08922, 13.04086], [80.089, 13.04094], [80.08882, 13.04102], [80.0888, 13.04103], [80.08875, 13.04105], [80.08859, 13.04111], [80.08837, 13.04113], [80.08824, 13.04113], [80.08822, 13.04113], [80.08793, 13.0411], [80.08763, 13.04107], [80.08755, 13.04105], [80.08746, 13.04104], [80.08737, 13.041], [80.08721, 13.04092], [80.08704, 13.04084], [80.08687, 13.04076], [80.08653, 13.0406], [80.08653, 13.0406], [80.08618, 13.04047], [80.08609, 13.04045], [80.0859, 13.04041], [80.08545, 13.04036], [80.08545, 13.04036], [80.08513, 13.04033], [80.08492, 13.04032], [80.08492, 13.04032], [80.0846, 13.04033], [80.08444, 13.04037], [80.08414, 13.04046], [80.08361, 13.04071], [80.08322, 13.04091], [80.08291, 13.04107], [80.08263, 13.04118], [80.08246, 13.0412], [80.08232, 13.04122], [80.08217, 13.0412], [80.08213, 13.04119], [80.08213, 13.04119], [80.08196, 13.04112], [80.08179, 13.04104], [80.08165, 13.04093], [80.0815, 13.04082], [80.0815, 13.04082], [80.08136, 13.04067], [80.08136, 13.04067], [80.08125, 13.0405], [80.08107, 13.04013], [80.08107, 13.04013], [80.08089, 13.03957], [80.08086, 13.039], [80.081, 13.03862], [80.08118, 13.03813], [80.08118, 13.03813], [80.08127, 13.038], [80.08164, 13.03745], [80.08164, 13.03745], [80.08224, 13.03685], [80.08243, 13.03669], [80.08283, 13.03618], [80.08281, 13.03588], [80.08266, 13.035], [80.0824, 13.03402], [80.08238, 13.03378], [80.08235, 13.03351], [80.08229, 13.03262], [80.08234, 13.03216], [80.08242, 13.03185], [80.08245, 13.0317], [80.08245, 13.0317], [80.08251, 13.03158], [80.08258, 13.03142], [80.08265, 13.03128], [80.08269, 13.0312], [80.08308, 13.03049], [80.08344, 13.02984], [80.08359, 13.02945], [80.08372, 13.02901], [80.08372, 13.02901], [80.08377, 13.02845], [80.08376, 13.02834], [80.08373, 13.02795], [80.08368, 13.02782], [80.08355, 13.0275], [80.08336, 13.0271], [80.0833, 13.027], [80.08298, 13.02648], [80.08288, 13.02616], [80.0827, 13.02558], [80.08257, 13.02511], [80.08245, 13.02472], [80.08238, 13.02414], [80.08236, 13.02388], [80.08229, 13.02303], [80.08226, 13.02249], [80.08229, 13.02162], [80.08229, 13.02162], [80.08234, 13.02038], [80.08235, 13.0202], [80.08236, 13.01995], [80.08233, 13.01971], [80.0822, 13.01917], [80.08209, 13.01891], [80.08209, 13.01891], [80.0819, 13.01862], [80.08171, 13.01845], [80.08161, 13.01836], [80.08143, 13.0182], [80.08136, 13.01812], [80.08129, 13.01805], [80.08129, 13.01805], [80.08105, 13.01773], [80.08096, 13.01757], [80.08055, 13.01669], [80.08031, 13.01618], [80.08031, 13.01618], [80.08005, 13.01612], [80.08002, 13.01612], [80.07997, 13.01615], [80.07984, 13.01622], [80.07984, 13.01622], [80.07964, 13.01642], [80.07921, 13.01707], [80.07795, 13.02029], [80.07588, 13.02578], [80.07413, 13.02967], [80.0738, 13.03024], [80.07367, 13.03047], [80.07337, 13.03103], [80.07337, 13.03103], [80.07318, 13.03149], [80.07311, 13.0319], [80.07305, 13.03225], [80.07305, 13.03225], [80.07304, 13.03257], [80.07309, 13.03304], [80.07307, 13.0335], [80.07307, 13.03366], [80.07307, 13.03366], [80.07303, 13.03397], [80.07296, 13.03414], [80.07292, 13.03427], [80.07277, 13.03463], [80.07231, 13.03548], [80.07209, 13.03593], [80.07196, 13.03612], [80.07196, 13.03612], [80.07159, 13.03671], [80.07159, 13.03671], [80.07134, 13.03712], [80.07123, 13.03724], [80.0712, 13.03728], [80.07115, 13.03733], [80.0711, 13.03738], [80.07105, 13.03742], [80.07102, 13.03741], [80.07082, 13.03738], [80.07082, 13.03738], [80.07062, 13.03729], [80.07045, 13.03719], [80.07045, 13.03719], [80.07044, 13.03717], [80.07033, 13.03705], [80.07017, 13.03687], [80.06999, 13.03667], [80.06954, 13.03601], [80.06894, 13.03498], [80.06882, 13.03485], [80.06873, 13.03474], [80.0684, 13.03453], [80.06728, 13.03434], [80.06719, 13.03434], [80.06681, 13.03432], [80.06615, 13.03437], [80.06566, 13.0344], [80.06527, 13.03446], [80.06498, 13.03459], [80.06439, 13.03481], [80.06408, 13.03487], [80.06369, 13.03493], [80.06352, 13.03492], [80.06332, 13.0349], [80.06281, 13.03477], [80.06234, 13.03452], [80.06171, 13.03389], [80.06127, 13.0334], [80.06105, 13.03301], [80.06093, 13.0328], [80.06085, 13.03239], [80.06076, 13.03195], [80.06081, 13.03095], [80.06101, 13.03009], [80.06101, 13.03009], [80.06106, 13.02944], [80.06095, 13.02888], [80.06071, 13.02774], [80.06071, 13.02774], [80.06038, 13.02729], [80.05945, 13.02669], [80.0584, 13.02628], [80.05736, 13.0259], [80.05736, 13.0259], [80.05722, 13.02583], [80.05649, 13.02545], [80.05636, 13.02537], [80.05618, 13.02526], [80.05534, 13.02442], [80.05381, 13.02351], [80.05298, 13.02301], [80.05279, 13.02293], [80.05244, 13.02277], [80.05216, 13.02272], [80.05201, 13.02269], [80.05158, 13.02266], [80.05106, 13.02266], [80.05038, 13.02265], [80.04941, 13.02265], [80.04851, 13.02269], [80.04772, 13.0228], [80.04749, 13.02286], [80.04732, 13.0229], [80.04732, 13.0229], [80.04659, 13.02318], [80.04605, 13.02357], [80.04572, 13.02385], [80.0456, 13.024], [80.04555, 13.02408], [80.04553, 13.02432], [80.04556, 13.02456], [80.04556, 13.02456], [80.04563, 13.02478], [80.04583, 13.02531], [80.04587, 13.02542], [80.04596, 13.02574], [80.0459, 13.02602], [80.04577, 13.02632], [80.04552, 13.02701], [80.04533, 13.02737], [80.04533, 13.02737], [80.04503, 13.02763], [80.04429, 13.02829], [80.04344, 13.02908], [80.04344, 13.02908], [80.04301, 13.02938], [80.04252, 13.02966], [80.04252, 13.02966], [80.04224, 13.02974], [80.04215, 13.02976], [80.04207, 13.02972], [80.04201, 13.0297], [80.04201, 13.0297], [80.04181, 13.02946], [80.04149, 13.02876], [80.0415, 13.02853], [80.04151, 13.02838], [80.04177, 13.0276], [80.04179, 13.02753], [80.042, 13.02679], [80.04233, 13.02478], [80.04257, 13.02382], [80.04343, 13.02145], [80.04384, 13.02077], [80.04398, 13.02029], [80.04396, 13.01985], [80.04376, 13.01947], [80.04352, 13.01921], [80.04311, 13.01907], [80.04304, 13.01906], [80.04272, 13.01904], [80.0419, 13.01911], [80.04021, 13.01939], [80.03756, 13.01984], [80.03611, 13.02006], [80.03485, 13.02026], [80.03316, 13.02035], [80.0328, 13.02035], [80.03215, 13.02035], [80.03082, 13.02014], [80.02998, 13.02001], [80.02865, 13.01982], [80.02788, 13.01984], [80.02788, 13.01984], [80.02735, 13.02001], [80.0268, 13.0204], [80.02644, 13.02066], [80.02509, 13.02215], [80.02451, 13.02265], [80.02347, 13.02302], [80.02282, 13.02357], [80.02264, 13.02373], [80.02246, 13.0239], [80.02234, 13.02428], [80.02237, 13.02465], [80.0224, 13.02496], [80.02279, 13.02611], [80.02304, 13.02687], [80.02308, 13.02698], [80.02309, 13.02704], [80.02424, 13.03164], [80.02448, 13.03264], [80.02441, 13.03318], [80.02439, 13.03321], [80.02407, 13.03377], [80.02407, 13.03377], [80.02402, 13.03425], [80.02513, 13.03743], [80.0252, 13.03763], [80.02519, 13.0386], [80.02506, 13.03881], [80.02493, 13.03903], [80.02463, 13.03938], [80.02378, 13.04035], [80.02256, 13.04074], [80.02216, 13.04087], [80.01987, 13.0412], [80.01852, 13.04107], [80.01852, 13.04107], [80.01647, 13.04145], [80.01439, 13.0419], [80.01348, 13.04226], [80.01334, 13.04229], [80.01321, 13.04232], [80.01145, 13.04248], [80.01135, 13.04249], [80.01129, 13.0425], [80.00617, 13.04249], [79.99861, 13.04506], [79.99814, 13.04508], [79.99814, 13.04508], [79.99687, 13.04528], [79.99543, 13.0461], [79.99456, 13.04674], [79.99456, 13.04674], [79.99362, 13.05044], [79.99283, 13.05349], [79.99281, 13.05358], [79.99219, 13.05456], [79.99136, 13.05586], [79.99077, 13.0566], [79.98983, 13.05747], [79.98846, 13.05885], [79.98727, 13.05981], [79.98677, 13.06022], [79.98645, 13.06024], [79.9856, 13.06036], [79.98528, 13.06044], [79.98463, 13.06071], [79.98383, 13.061], [79.98258, 13.06137], [79.98194, 13.06173], [79.98098, 13.06216], [79.98004, 13.0627], [79.97855, 13.06349], [79.97763, 13.06396], [79.97763, 13.06397], [79.9776, 13.0642], [79.97752, 13.06461], [79.97698, 13.06526], [79.97696, 13.06565], [79.97712, 13.06619], [79.9772, 13.06669], [79.97728, 13.06734], [79.97727, 13.06776], [79.97725, 13.06795], [79.97712, 13.06866], [79.97706, 13.06951], [79.97712, 13.07009], [79.97715, 13.07034], [79.97739, 13.07099], [79.97769, 13.07153], [79.97827, 13.07263], [79.97828, 13.0729], [79.97838, 13.07359], [79.97837, 13.07406], [79.97928, 13.07404], [79.9794, 13.07432], [79.97929, 13.07457], [79.97903, 13.07517], [79.97919, 13.07647], [79.97919, 13.0765], [79.97919, 13.0765], [79.97929, 13.0778], [79.97942, 13.07905], [79.97952, 13.07988], [79.97966, 13.08079], [79.97992, 13.08161], [79.98024, 13.08292], [79.9805, 13.08382], [79.98062, 13.08411], [79.98071, 13.08444], [79.98101, 13.08459], [79.98128, 13.08453], [79.9817, 13.08429], [79.98265, 13.08383], [79.98253, 13.08339], [79.98311, 13.08304], [79.98373, 13.08263], [79.98394, 13.08289], [79.9842, 13.08345], [79.98468, 13.08433], [79.98418, 13.0846], [79.98425, 13.08492], [79.9843, 13.08506], [79.98435, 13.0852], [79.98458, 13.08603], [79.98474, 13.08665], [79.98492, 13.08767], [79.98496, 13.08852], [79.98587, 13.08874], [79.98641, 13.08898], [79.98683, 13.08928], [79.98733, 13.08964], [79.98791, 13.09004], [79.98816, 13.09015], [79.98874, 13.09054], [79.98885, 13.09071], [79.98901, 13.09101], [79.989, 13.09134], [79.98898, 13.09191], [79.98908, 13.09225], [79.98925, 13.09279], [79.98912, 13.09399], [79.98908, 13.09481], [79.98923, 13.09512], [79.98946, 13.09549], [79.98994, 13.09653], [79.9903, 13.09738], [79.99041, 13.09761], [79.99075, 13.09884], [79.99084, 13.09963], [79.99084, 13.09963], [79.99211, 13.0989], [79.99332, 13.0983], [79.99435, 13.09766], [79.99426, 13.0973], [79.99394, 13.09638], [79.99517, 13.09553], [79.99608, 13.09498], [79.99793, 13.094], [79.99861, 13.09365], [79.99902, 13.09148], [79.99903, 13.09148], [79.99904, 13.09148], [79.99904, 13.09148], [79.99905, 13.09148], [80.00036, 13.09145], [80.00039, 13.09145], [80.00044, 13.09145], [80.00325, 13.09207], [80.0038, 13.09203], [80.00388, 13.09203], [80.00503, 13.09219], [80.01002, 13.09184], [80.01388, 13.09151], [80.02148, 13.09102], [80.0238, 13.09135], [80.02555, 13.09081], [80.02833, 13.09052], [80.02893, 13.09038], [80.02895, 13.09037], [80.0291, 13.09019], [80.0291, 13.08974], [80.02913, 13.08915], [80.02914, 13.08908], [80.03073, 13.08881], [80.03448, 13.0884], [80.03549, 13.08853], [80.03583, 13.08856], [80.03695, 13.09075], [80.03753, 13.09231], [80.03946, 13.09202], [80.03947, 13.09201], [80.03998, 13.0916], [80.0406, 13.0916], [80.04139, 13.09163], [80.04234, 13.09242], [80.04337, 13.09413], [80.04469, 13.09472], [80.0447, 13.09473], [80.04478, 13.09476], [80.04553, 13.09526], [80.04683, 13.09623], [80.04718, 13.09728], [80.04838, 13.09833], [80.04934, 13.09893], [80.0504, 13.09962], [80.05179, 13.09975], [80.05294, 13.10022], [80.05347, 13.10059], [80.05509, 13.10127], [80.05638, 13.10216], [80.05757, 13.10387], [80.05757, 13.10387], [80.05814, 13.10399], [80.05869, 13.10398], [80.05932, 13.10381], [80.06051, 13.10344], [80.06125, 13.10321], [80.06208, 13.10297], [80.06254, 13.10275], [80.0632, 13.10266], [80.06395, 13.10255], [80.06458, 13.10237], [80.0655, 13.1022]]]}}, {"type": "Feature", "properties": {"taluk": "Thiruvallur", "district": "Thiruvallur", "state": "Tamil Nadu"}, "geometry": {"type": "Polygon", "coordinates": [[[79.77217, 13.3088], [79.77233, 13.30877], [79.77229, 13.30883], [79.77341, 13.30799], [79.77438, 13.30676], [79.7752, 13.30598], [79.77683, 13.30567], [79.77841, 13.30598], [79.77957, 13.3063], [79.78012, 13.30611], [79.78017, 13.3061], [79.78017, 13.3061], [79.78022, 13.30608], [79.78023, 13.30615], [79.78092, 13.30558], [79.7812, 13.30425], [79.78134, 13.30288], [79.78195, 13.3022], [79.78302, 13.3022], [79.78358, 13.30179], [79.78386, 13.30083], [79.78437, 13.2991], [79.7847, 13.29767], [79.78559, 13.29666], [79.7889, 13.29503], [79.79015, 13.29439], [79.79113, 13.29371], [79.79173, 13.29352], [79.79364, 13.29485], [79.79574, 13.29603], [79.79717, 13.29671], [79.79718, 13.29672], [79.79797, 13.2974], [79.79857, 13.29854], [79.79925, 13.29925], [79.79927, 13.29927], [79.80044, 13.30005], [79.80111, 13.3003], [79.80113, 13.30026], [79.80125, 13.29994], [79.80209, 13.29693], [79.80232, 13.29459], [79.80235, 13.29343], [79.80286, 13.29238], [79.80359, 13.2908], [79.80363, 13.29073], [79.80364, 13.2907], [79.80375, 13.29028], [79.80363, 13.28837], [79.803, 13.28544], [79.80285, 13.28502], [79.80273, 13.28448], [79.80271, 13.28386], [79.80277, 13.28368], [79.80291, 13.28322], [79.80306, 13.28264], [79.80293, 13.28168], [79.80276, 13.28089], [79.8026, 13.2803], [79.80227, 13.27911], [79.80222, 13.2787], [79.80204, 13.27703], [79.80186, 13.2758], [79.80133, 13.27232], [79.80109, 13.27155], [79.8008, 13.27011], [79.80073, 13.26975], [79.80079, 13.26951], [79.80143, 13.26862], [79.80261, 13.26718], [79.80417, 13.26534], [79.80426, 13.26503], [79.80423, 13.26396], [79.80406, 13.26339], [79.80405, 13.26337], [79.80415, 13.26282], [79.80414, 13.26255], [79.80408, 13.26154], [79.80403, 13.26109], [79.80384, 13.2595], [79.80385, 13.2592], [79.80385, 13.25842], [79.80375, 13.2562], [79.80359, 13.25522], [79.80341, 13.2537], [79.80306, 13.25195], [79.80289, 13.25132], [79.80272, 13.25066], [79.80201, 13.25055], [79.80129, 13.2507], [79.80071, 13.25132], [79.80028, 13.25178], [79.79931, 13.25181], [79.79828, 13.25191], [79.79726, 13.25178], [79.79587, 13.25161], [79.79536, 13.2518], [79.7945, 13.25224], [79.79334, 13.25309], [79.79251, 13.25425], [79.7918, 13.25536], [79.79128, 13.2555], [79.79104, 13.2553], [79.79107, 13.25463], [79.791, 13.25421], [79.79053, 13.25333], [79.7902, 13.25226], [79.79022, 13.25225], [79.79022, 13.25224], [79.79127, 13.25131], [79.79172, 13.25077], [79.7919, 13.25056], [79.79195, 13.25048], [79.79199, 13.25041], [79.79218, 13.25011], [79.79228, 13.24976], [79.79227, 13.24958], [79.79226, 13.2491], [79.79216, 13.24873], [79.79205, 13.24871], [79.79131, 13.24868], [79.79019, 13.24849], [79.79051, 13.24802], [79.7911, 13.24691], [79.79215, 13.24702], [79.79246, 13.24699], [79.79342, 13.24715], [79.79376, 13.24712], [79.79455, 13.24701], [79.7954, 13.24684], [79.79626, 13.24663], [79.79712, 13.24646], [79.79758, 13.24618], [79.79789, 13.24632], [79.79869, 13.24687], [79.79966, 13.2472], [79.801, 13.24737], [79.80136, 13.24737], [79.80209, 13.24726], [79.80288, 13.24702], [79.8038, 13.24671], [79.80484, 13.24618], [79.80638, 13.24538], [79.80632, 13.24484], [79.80635, 13.244], [79.80699, 13.24396], [79.80706, 13.24443], [79.80794, 13.24426], [79.80862, 13.24411], [79.8083, 13.24261], [79.80791, 13.24181], [79.80819, 13.24163], [79.80866, 13.24128], [79.80873, 13.24105], [79.80859, 13.24066], [79.80863, 13.2398], [79.80836, 13.23981], [79.80838, 13.23885], [79.8081, 13.23888], [79.80776, 13.2373], [79.8076, 13.23696], [79.80758, 13.23658], [79.80866, 13.2362], [79.81087, 13.23542], [79.81179, 13.23503], [79.81215, 13.23477], [79.81228, 13.23437], [79.81224, 13.23313], [79.81221, 13.23189], [79.81287, 13.23202], [79.81476, 13.23346], [79.81587, 13.23429], [79.81595, 13.23435], [79.81668, 13.2349], [79.819, 13.23647], [79.82182, 13.23889], [79.82282, 13.23937], [79.82506, 13.24038], [79.82644, 13.24115], [79.82737, 13.24199], [79.82752, 13.24223], [79.82755, 13.24252], [79.82915, 13.24258], [79.82971, 13.24328], [79.83112, 13.24444], [79.83158, 13.2446], [79.83172, 13.24465], [79.83223, 13.24454], [79.83264, 13.24423], [79.83298, 13.24354], [79.83312, 13.24301], [79.83363, 13.24277], [79.83493, 13.24255], [79.83529, 13.24243], [79.8358, 13.24195], [79.83692, 13.24122], [79.8379, 13.24058], [79.84043, 13.23896], [79.84252, 13.23764], [79.84277, 13.23731], [79.84294, 13.23663], [79.84289, 13.23644], [79.84266, 13.23564], [79.8424, 13.23506], [79.84205, 13.23441], [79.84002, 13.23236], [79.83867, 13.23265], [79.83768, 13.23279], [79.83719, 13.22986], [79.83831, 13.22986], [79.83803, 13.229], [79.83762, 13.22842], [79.83638, 13.22696], [79.83452, 13.22499], [79.83596, 13.22428], [79.83599, 13.22427], [79.83718, 13.22309], [79.83767, 13.22248], [79.83798, 13.22206], [79.83807, 13.22175], [79.83792, 13.22048], [79.83913, 13.22057], [79.84055, 13.22046], [79.84076, 13.2201], [79.84058, 13.21894], [79.84103, 13.21888], [79.84106, 13.21888], [79.84086, 13.22052], [79.84065, 13.22131], [79.84106, 13.22237], [79.84107, 13.22237], [79.84114, 13.22257], [79.84159, 13.22377], [79.842, 13.22499], [79.842, 13.22499], [79.84211, 13.22533], [79.84393, 13.22511], [79.84393, 13.22511], [79.84395, 13.22511], [79.84525, 13.22496], [79.84715, 13.22478], [79.84841, 13.22459], [79.84622, 13.22222], [79.85101, 13.22027], [79.85141, 13.22011], [79.85141, 13.22011], [79.85972, 13.21664], [79.85972, 13.21664], [79.86033, 13.21639], [79.86033, 13.21639], [79.86147, 13.21593], [79.8611, 13.21802], [79.86111, 13.21804], [79.8613, 13.21969], [79.86185, 13.2215], [79.86195, 13.2227], [79.86224, 13.22371], [79.86244, 13.22442], [79.86276, 13.22566], [79.86276, 13.22566], [79.86288, 13.22616], [79.86282, 13.22677], [79.86253, 13.22737], [79.86246, 13.22826], [79.86244, 13.22855], [79.86254, 13.22959], [79.86293, 13.22948], [79.86297, 13.22947], [79.86338, 13.22936], [79.86338, 13.22936], [79.86405, 13.22917], [79.86529, 13.22878], [79.86529, 13.22879], [79.86596, 13.22857], [79.86641, 13.22913], [79.8676, 13.22874], [79.86966, 13.22827], [79.86962, 13.22859], [79.8725, 13.22899], [79.87465, 13.22892], [79.87485, 13.22891], [79.87615, 13.22889], [79.87615, 13.22889], [79.87634, 13.22888], [79.87649, 13.22888], [79.8824, 13.22886], [79.88245, 13.22886], [79.8848, 13.22833], [79.88481, 13.22833], [79.88531, 13.22822], [79.88659, 13.22797], [79.88788, 13.22775], [79.88788, 13.22775], [79.88831, 13.22768], [79.88839, 13.22767], [79.89117, 13.22724], [79.89121, 13.22723], [79.8909, 13.22562], [79.89115, 13.22459], [79.89137, 13.22371], [79.89171, 13.22248], [79.89209, 13.22125], [79.89209, 13.22125], [79.89267, 13.21948], [79.89728, 13.22002], [79.89778, 13.21914], [79.8988, 13.21794], [79.90033, 13.21805], [79.90114, 13.21816], [79.90205, 13.21777], [79.90301, 13.21709], [79.90301, 13.21709], [79.90401, 13.2164], [79.9051, 13.21569], [79.90566, 13.21533], [79.90871, 13.21558], [79.9087, 13.21558], [79.90994, 13.21569], [79.91124, 13.21585], [79.91124, 13.21585], [79.91354, 13.21616], [79.91363, 13.21617], [79.91364, 13.21617], [79.91435, 13.21626], [79.91615, 13.21676], [79.91615, 13.21675], [79.9163, 13.2168], [79.91757, 13.21712], [79.91757, 13.21712], [79.91922, 13.21751], [79.92069, 13.21768], [79.92223, 13.21802], [79.92307, 13.21843], [79.92337, 13.21857], [79.92498, 13.21995], [79.92678, 13.22255], [79.92694, 13.22398], [79.92712, 13.22553], [79.92862, 13.22585], [79.9291, 13.22683], [79.92886, 13.22745], [79.92755, 13.22959], [79.92724, 13.23025], [79.92709, 13.23097], [79.92709, 13.23098], [79.92693, 13.23175], [79.92693, 13.23175], [79.92685, 13.23209], [79.92644, 13.23257], [79.92597, 13.23293], [79.92479, 13.2334], [79.92438, 13.23481], [79.92425, 13.2353], [79.92425, 13.2353], [79.92332, 13.23871], [79.92319, 13.24047], [79.92319, 13.24052], [79.92318, 13.24055], [79.92314, 13.24095], [79.92652, 13.24037], [79.92664, 13.23984], [79.93005, 13.23944], [79.93012, 13.2398], [79.93425, 13.23832], [79.93428, 13.23744], [79.93505, 13.23711], [79.93501, 13.23488], [79.935, 13.23415], [79.93495, 13.23161], [79.93483, 13.23021], [79.93469, 13.22976], [79.93359, 13.22901], [79.93347, 13.22819], [79.93226, 13.22793], [79.93241, 13.2264], [79.93215, 13.22489], [79.93371, 13.22422], [79.93371, 13.22422], [79.93414, 13.22403], [79.93532, 13.22349], [79.93733, 13.22254], [79.93781, 13.22246], [79.93781, 13.22246], [79.93845, 13.22235], [79.93974, 13.22216], [79.94104, 13.22201], [79.94234, 13.2219], [79.94248, 13.22189], [79.94272, 13.22187], [79.94272, 13.22187], [79.94364, 13.22182], [79.94365, 13.22182], [79.94374, 13.22181], [79.9476, 13.22105], [79.94921, 13.22095], [79.94925, 13.22094], [79.94964, 13.22236], [79.95089, 13.22221], [79.95199, 13.22245], [79.95345, 13.22268], [79.95349, 13.22268], [79.95374, 13.22195], [79.95638, 13.22261], [79.9566, 13.22267], [79.9577, 13.22295], [79.9577, 13.22295], [79.95813, 13.22345], [79.9586, 13.224], [79.9586, 13.224], [79.95915, 13.22462], [79.95915, 13.22463], [79.96058, 13.22623], [79.96339, 13.22807], [79.96339, 13.22807], [79.96373, 13.22829], [79.96561, 13.22954], [79.96699, 13.23017], [79.96732, 13.23032], [79.96734, 13.23034], [79.97006, 13.23221], [79.97058, 13.23256], [79.97222, 13.23366], [79.97222, 13.23367], [79.97184, 13.24065], [79.97203, 13.24313], [79.97203, 13.24313], [79.97207, 13.24368], [79.97217, 13.24543], [79.97229, 13.24622], [79.97217, 13.24804], [79.97226, 13.2486], [79.97269, 13.25002], [79.97281, 13.25043], [79.97291, 13.25125], [79.97249, 13.25254], [79.97216, 13.25381], [79.97216, 13.25691], [79.97258, 13.25966], [79.97258, 13.26096], [79.97264, 13.26105], [79.97265, 13.26106], [79.97283, 13.26134], [79.97308, 13.26173], [79.97558, 13.26314], [79.97783, 13.26402], [79.97966, 13.26494], [79.98178, 13.26566], [79.98345, 13.26646], [79.98365, 13.26784], [79.98408, 13.26883], [79.98445, 13.26986], [79.98452, 13.27098], [79.98453, 13.27107], [79.98455, 13.27112], [79.98465, 13.27138], [79.98639, 13.2718], [79.98802, 13.27241], [79.99037, 13.27339], [79.99243, 13.27425], [79.99425, 13.27533], [79.9955, 13.27602], [79.99633, 13.27662], [79.99683, 13.27664], [79.99733, 13.27667], [79.99861, 13.27631], [79.9996, 13.27568], [80.00061, 13.27522], [80.00138, 13.27575], [80.00238, 13.27619], [80.00263, 13.27636], [80.00267, 13.27638], [80.00362, 13.27647], [80.00445, 13.27645], [80.0053, 13.27645], [80.00589, 13.27626], [80.00719, 13.27527], [80.00811, 13.27445], [80.00907, 13.27367], [80.01056, 13.27243], [80.01164, 13.2715], [80.01226, 13.27091], [80.01246, 13.27065], [80.01363, 13.27076], [80.01565, 13.2711], [80.0166, 13.27068], [80.01853, 13.26964], [80.02028, 13.26877], [80.0237, 13.26685], [80.0243, 13.26643], [80.02634, 13.26475], [80.02751, 13.26373], [80.02695, 13.26289], [80.02581, 13.26159], [80.02641, 13.26006], [80.02757, 13.25745], [80.02822, 13.25584], [80.02961, 13.2561], [80.03102, 13.25635], [80.0322, 13.25658], [80.03392, 13.25689], [80.03557, 13.25728], [80.03661, 13.25746], [80.03782, 13.25774], [80.03783, 13.25774], [80.03783, 13.25773], [80.0378, 13.25384], [80.03776, 13.25131], [80.03726, 13.24922], [80.03725, 13.24919], [80.03528, 13.2487], [80.03405, 13.24789], [80.03337, 13.24756], [80.03065, 13.24729], [80.0282, 13.24621], [80.02809, 13.24616], [80.02729, 13.24581], [80.02573, 13.24595], [80.02559, 13.24612], [80.02534, 13.24645], [80.02472, 13.24708], [80.02424, 13.24719], [80.02356, 13.247], [80.02305, 13.24673], [80.02297, 13.24704], [80.02297, 13.24724], [80.02297, 13.2474], [80.02462, 13.24815], [80.0259, 13.24874], [80.02962, 13.24997], [80.03163, 13.25078], [80.03111, 13.25092], [80.02966, 13.25129], [80.02963, 13.25161], [80.02931, 13.25243], [80.0289, 13.25396], [80.02862, 13.2542], [80.02807, 13.25457], [80.02787, 13.25494], [80.02703, 13.25523], [80.02578, 13.25503], [80.02422, 13.25468], [80.0226, 13.25443], [80.02093, 13.25403], [80.02045, 13.25217], [80.02021, 13.2513], [80.02018, 13.24724], [80.02018, 13.24722], [80.02006, 13.24639], [80.01903, 13.24523], [80.01739, 13.2437], [80.01565, 13.24316], [80.01561, 13.24315], [80.01558, 13.24314], [80.01364, 13.24253], [80.01047, 13.24225], [80.00966, 13.24371], [80.01009, 13.24457], [80.01009, 13.24573], [80.00974, 13.24668], [80.00822, 13.24744], [80.00497, 13.24783], [80.00214, 13.24718], [80.00092, 13.24645], [80.00027, 13.24516], [80.00027, 13.24516], [80.00053, 13.24296], [80.00107, 13.23789], [80.00051, 13.23771], [80.00038, 13.23713], [80.00051, 13.23636], [80.00023, 13.23597], [80.00055, 13.23389], [79.99996, 13.23343], [79.99971, 13.23261], [79.99928, 13.23066], [79.99937, 13.22809], [79.99937, 13.22806], [79.99937, 13.22803], [80.00133, 13.22813], [80.00243, 13.2292], [80.00483, 13.2293], [80.00579, 13.22918], [80.00673, 13.22903], [80.00825, 13.22885], [80.00937, 13.22912], [80.01174, 13.23035], [80.01407, 13.23145], [80.01523, 13.23191], [80.01761, 13.23207], [80.01763, 13.23207], [80.02018, 13.2318], [80.02168, 13.23147], [80.02525, 13.23129], [80.02865, 13.23087], [80.03009, 13.23034], [80.03013, 13.23032], [80.03019, 13.2303], [80.0302, 13.2303], [80.03161, 13.22977], [80.03541, 13.22828], [80.03606, 13.22805], [80.03662, 13.22784], [80.03666, 13.22783], [80.03828, 13.22787], [80.03964, 13.22826], [80.04086, 13.22866], [80.04238, 13.22888], [80.04407, 13.22952], [80.045, 13.23047], [80.04562, 13.2316], [80.04609, 13.23264], [80.04627, 13.23377], [80.04621, 13.23505], [80.0457, 13.23631], [80.04439, 13.23838], [80.04395, 13.24009], [80.04432, 13.24205], [80.04457, 13.24263], [80.04458, 13.24263], [80.04653, 13.24281], [80.04756, 13.24292], [80.04763, 13.24293], [80.04865, 13.24303], [80.05042, 13.24309], [80.05275, 13.23977], [80.05403, 13.23794], [80.05459, 13.23705], [80.05651, 13.23706], [80.05898, 13.23706], [80.05902, 13.23706], [80.0612, 13.23667], [80.06363, 13.23582], [80.0665, 13.23451], [80.06971, 13.23284], [80.0719, 13.23217], [80.07526, 13.23174], [80.07891, 13.23198], [80.07902, 13.23198], [80.07924, 13.232], [80.08301, 13.23249], [80.0846, 13.23271], [80.08619, 13.23253], [80.08785, 13.23131], [80.0879, 13.23128], [80.0879, 13.23125], [80.08766, 13.22596], [80.08751, 13.22375], [80.08645, 13.22237], [80.08577, 13.22085], [80.08421, 13.2206], [80.08318, 13.22008], [80.08063, 13.21842], [80.08053, 13.21835], [80.07693, 13.216], [80.07655, 13.21531], [80.0748, 13.21189], [80.07733, 13.21178], [80.08107, 13.2113], [80.0816, 13.21206], [80.08637, 13.21045], [80.08768, 13.21129], [80.08771, 13.21131], [80.09064, 13.21437], [80.09244, 13.21434], [80.09341, 13.21443], [80.09459, 13.21556], [80.09741, 13.21529], [80.09744, 13.21529], [80.09749, 13.21529], [80.09742, 13.21681], [80.10008, 13.21791], [80.10041, 13.21903], [80.09975, 13.22303], [80.09948, 13.22459], [80.09922, 13.2267], [80.1025, 13.23108], [80.10256, 13.23115], [80.10263, 13.23124], [80.10464, 13.2334], [80.10464, 13.23341], [80.10811, 13.2338], [80.1087, 13.23384], [80.10994, 13.23392], [80.1112, 13.23388], [80.11235, 13.23386], [80.11237, 13.23386], [80.11471, 13.23353], [80.11547, 13.23343], [80.1142, 13.23252], [80.11307, 13.2323], [80.11318, 13.23025], [80.1133, 13.23002], [80.11539, 13.23047], [80.11523, 13.22747], [80.11477, 13.22714], [80.11415, 13.22653], [80.1141, 13.22186], [80.1141, 13.22185], [80.11409, 13.22176], [80.11394, 13.21948], [80.11371, 13.21931], [80.11048, 13.21897], [80.10931, 13.2183], [80.10913, 13.2182], [80.10912, 13.21819], [80.10839, 13.21791], [80.10685, 13.21691], [80.10655, 13.21551], [80.10655, 13.2154], [80.10655, 13.21539], [80.10692, 13.20287], [80.09988, 13.20286], [80.09021, 13.20402], [80.08571, 13.20382], [80.0842, 13.20554], [80.0817, 13.20504], [80.07906, 13.2033], [80.07897, 13.20324], [80.07894, 13.20322], [80.07777, 13.20245], [80.07773, 13.20238], [80.07766, 13.20227], [80.07761, 13.20216], [80.0772, 13.20112], [80.0764, 13.20129], [80.07626, 13.20132], [80.07548, 13.20128], [80.07495, 13.19966], [80.07405, 13.19973], [80.07379, 13.20037], [80.07068, 13.20161], [80.0681, 13.20252], [80.06528, 13.20351], [80.06518, 13.20354], [80.06515, 13.20355], [80.06418, 13.20382], [80.06406, 13.20383], [80.06375, 13.20341], [80.06353, 13.20225], [80.06269, 13.20095], [80.06206, 13.2003], [80.06112, 13.19982], [80.05936, 13.19934], [80.059, 13.19914], [80.05869, 13.1989], [80.05824, 13.19869], [80.05702, 13.19853], [80.05675, 13.19925], [80.05659, 13.19938], [80.05612, 13.19895], [80.05441, 13.19813], [80.05338, 13.19778], [80.05197, 13.19754], [80.05199, 13.19682], [80.05196, 13.19682], [80.04977, 13.1968], [80.0462, 13.19694], [80.04631, 13.19508], [80.04563, 13.19509], [80.04554, 13.19509], [80.04359, 13.19513], [80.04349, 13.19452], [80.04313, 13.1941], [80.04226, 13.19352], [80.04217, 13.19346], [80.04214, 13.19344], [80.03322, 13.18764], [80.03316, 13.1876], [80.03314, 13.18759], [80.03155, 13.18645], [80.03112, 13.18645], [80.02956, 13.18589], [80.02956, 13.18589], [80.02948, 13.18406], [80.0288, 13.18242], [80.02848, 13.1812], [80.02861, 13.1805], [80.0289, 13.17979], [80.02874, 13.17832], [80.0284, 13.17338], [80.0284, 13.17335], [80.02944, 13.17325], [80.03016, 13.17326], [80.03114, 13.17291], [80.03193, 13.17252], [80.03256, 13.17182], [80.03258, 13.17178], [80.03264, 13.17173], [80.03413, 13.17041], [80.03492, 13.16933], [80.03544, 13.16745], [80.03569, 13.16554], [80.03557, 13.16347], [80.03542, 13.16136], [80.03606, 13.15984], [80.03725, 13.15875], [80.03834, 13.15754], [80.03841, 13.15746], [80.03881, 13.15661], [80.03929, 13.15337], [80.03927, 13.15253], [80.03839, 13.15015], [80.0378, 13.14734], [80.03804, 13.14468], [80.03821, 13.14257], [80.03809, 13.14152], [80.03869, 13.14089], [80.03916, 13.14077], [80.03997, 13.13925], [80.04066, 13.13805], [80.04068, 13.13803], [80.04105, 13.13612], [80.041, 13.13176], [80.03535, 13.13103], [80.03332, 13.13035], [80.03327, 13.13033], [80.03323, 13.13032], [80.0332, 13.13031], [80.03001, 13.12933], [80.02891, 13.12892], [80.0265, 13.12835], [80.02278, 13.12819], [80.01655, 13.12771], [80.01461, 13.12735], [80.0143, 13.12622], [80.01309, 13.12617], [80.01309, 13.12616], [80.01325, 13.12535], [80.01121, 13.12534], [80.01132, 13.12288], [80.01088, 13.12248], [80.01064, 13.12226], [80.01088, 13.12207], [80.01478, 13.11888], [80.01421, 13.115], [80.01363, 13.11485], [80.01274, 13.1149], [80.01133, 13.11562], [80.01101, 13.11592], [80.01088, 13.11622], [80.01085, 13.11628], [80.00965, 13.11643], [80.0086, 13.11612], [80.00859, 13.11612], [80.00858, 13.11612], [80.00857, 13.11611], [80.00855, 13.11611], [80.00789, 13.11593], [80.00783, 13.11591], [80.00777, 13.11588], [80.00771, 13.11585], [80.00765, 13.11582], [80.00739, 13.11566], [80.00732, 13.11561], [80.00725, 13.11556], [80.00719, 13.1155], [80.00714, 13.11543], [80.00679, 13.11497], [80.00679, 13.11497], [80.00678, 13.11496], [80.00678, 13.11496], [80.00678, 13.11495], [80.00653, 13.11464], [80.00648, 13.11457], [80.00644, 13.11451], [80.0064, 13.11444], [80.00638, 13.11436], [80.00633, 13.11423], [80.00636, 13.11409], [80.00893, 13.11294], [80.00895, 13.11293], [80.00898, 13.11293], [80.009, 13.11292], [80.00902, 13.11291], [80.00907, 13.11289], [80.00913, 13.11237], [80.00913, 13.11231], [80.00913, 13.11225], [80.00913, 13.11219], [80.00912, 13.11214], [80.00888, 13.1107], [80.00888, 13.11069], [80.00888, 13.11068], [80.00888, 13.11068], [80.00888, 13.11067], [80.00882, 13.1102], [80.00882, 13.11019], [80.00882, 13.11017], [80.00881, 13.11016], [80.00881, 13.11014], [80.00878, 13.11001], [80.00909, 13.10953], [80.00912, 13.10948], [80.00915, 13.10944], [80.00919, 13.1094], [80.00922, 13.10936], [80.00942, 13.10917], [80.00943, 13.10916], [80.00944, 13.10915], [80.00979, 13.10891], [80.00982, 13.10889], [80.00983, 13.10888], [80.01034, 13.10868], [80.01087, 13.10452], [80.01067, 13.10313], [80.00978, 13.1002], [80.00895, 13.09917], [80.00728, 13.0983], [80.00309, 13.09726], [80.00241, 13.09705], [80.00204, 13.09772], [80.00057, 13.09705], [80.00056, 13.09506], [80.00056, 13.09501], [80.00044, 13.09145], [80.00039, 13.09145], [80.00036, 13.09145], [79.99905, 13.09148], [79.99904, 13.09148], [79.99904, 13.09148], [79.99903, 13.09148], [79.99902, 13.09148], [79.99861, 13.09365], [79.99793, 13.094], [79.99608, 13.09498], [79.99517, 13.09553], [79.99394, 13.09638], [79.99426, 13.0973], [79.99435, 13.09766], [79.99332, 13.0983], [79.99211, 13.0989], [79.99084, 13.09963], [79.99084, 13.09963], [79.99075, 13.09884], [79.99041, 13.09761], [79.9903, 13.09738], [79.98994, 13.09653], [79.98946, 13.09549], [79.98923, 13.09512], [79.98908, 13.09481], [79.98912, 13.09399], [79.98925, 13.09279], [79.98908, 13.09225], [79.98898, 13.09191], [79.989, 13.09134], [79.98901, 13.09101], [79.98885, 13.09071], [79.98874, 13.09054], [79.98816, 13.09015], [79.98791, 13.09004], [79.98733, 13.08964], [79.98683, 13.08928], [79.98641, 13.08898], [79.98587, 13.08874], [79.98496, 13.08852], [79.98492, 13.08767], [79.98474, 13.08665], [79.98458, 13.08603], [79.98435, 13.0852], [79.9843, 13.08506], [79.98425, 13.08492], [79.98418, 13.0846], [79.98468, 13.08433], [79.9842, 13.08345], [79.98394, 13.08289], [79.98373, 13.08263], [79.98311, 13.08304], [79.98253, 13.08339], [79.98265, 13.08383], [79.9817, 13.08429], [79.98128, 13.08453], [79.98101, 13.08459], [79.98071, 13.08444], [79.98062, 13.08411], [79.9805, 13.08382], [79.98024, 13.08292], [79.97992, 13.08161], [79.97966, 13.08079], [79.97952, 13.07988], [79.97942, 13.07905], [79.97929, 13.0778], [79.97919, 13.0765], [79.97919, 13.0765], [79.97919, 13.07647], [79.97903, 13.07517], [79.97929, 13.07457], [79.9794, 13.07432], [79.97928, 13.07404], [79.97837, 13.07406], [79.97838, 13.07359], [79.97828, 13.0729], [79.97827, 13.07263], [79.97769, 13.07153], [79.97739, 13.07099], [79.97715, 13.07034], [79.97712, 13.07009], [79.97706, 13.06951], [79.97712, 13.06866], [79.97725, 13.06795], [79.97727, 13.06776], [79.97728, 13.06734], [79.9772, 13.06669], [79.97712, 13.06619], [79.97696, 13.06565], [79.97698, 13.06526], [79.97752, 13.06461], [79.9776, 13.0642], [79.97763, 13.06397], [79.97763, 13.06396], [79.97855, 13.06349], [79.98004, 13.0627], [79.98098, 13.06216], [79.98194, 13.06173], [79.98258, 13.06137], [79.98383, 13.061], [79.98463, 13.06071], [79.98528, 13.06044], [79.9856, 13.06036], [79.98645, 13.06024], [79.98677, 13.06022], [79.98727, 13.05981], [79.98846, 13.05885], [79.98983, 13.05747], [79.99077, 13.0566], [79.99136, 13.05586], [79.99219, 13.05456], [79.99281, 13.05358], [79.99283, 13.05349], [79.99362, 13.05044], [79.99456, 13.04674], [79.99425, 13.04556], [79.99425, 13.04556], [79.9933, 13.04195], [79.99276, 13.04041], [79.99246, 13.03959], [79.99246, 13.03959], [79.99174, 13.03637], [79.9914, 13.03564], [79.99096, 13.0347], [79.9906, 13.03427], [79.9903, 13.03391], [79.98994, 13.0334], [79.98971, 13.03308], [79.98937, 13.03262], [79.98907, 13.03222], [79.98846, 13.03142], [79.98764, 13.03049], [79.98743, 13.03034], [79.98738, 13.03034], [79.98652, 13.03041], [79.98652, 13.03041], [79.98513, 13.03048], [79.98441, 13.03067], [79.98396, 13.03092], [79.9828, 13.03136], [79.98232, 13.03154], [79.98231, 13.03155], [79.98191, 13.0317], [79.9811, 13.03211], [79.98077, 13.03223], [79.98021, 13.03251], [79.97953, 13.03313], [79.97953, 13.03313], [79.97893, 13.03386], [79.97856, 13.03431], [79.97833, 13.03458], [79.97833, 13.03458], [79.97769, 13.03526], [79.97657, 13.03643], [79.97591, 13.03713], [79.97548, 13.03754], [79.97502, 13.03789], [79.97458, 13.03841], [79.97443, 13.03868], [79.97428, 13.03884], [79.97421, 13.03891], [79.97421, 13.03891], [79.97423, 13.03894], [79.97452, 13.0394], [79.9748, 13.03984], [79.97513, 13.03979], [79.97525, 13.03977], [79.97646, 13.03964], [79.97715, 13.03961], [79.97728, 13.03963], [79.97739, 13.03965], [79.97771, 13.03976], [79.97823, 13.04008], [79.97829, 13.04039], [79.97826, 13.04106], [79.97826, 13.04106], [79.97826, 13.0415], [79.97829, 13.04238], [79.97832, 13.04312], [79.97872, 13.04314], [79.97878, 13.04379], [79.97878, 13.0438], [79.97878, 13.0438], [79.9786, 13.04379], [79.9786, 13.04379], [79.97839, 13.04376], [79.97839, 13.04376], [79.97838, 13.04398], [79.97838, 13.04398], [79.97837, 13.04413], [79.97852, 13.04495], [79.97852, 13.04495], [79.97861, 13.04543], [79.97864, 13.04577], [79.97873, 13.0467], [79.97879, 13.04786], [79.97887, 13.04916], [79.97946, 13.0493], [79.9801, 13.04948], [79.9801, 13.04948], [79.98062, 13.04962], [79.9817, 13.04969], [79.9817, 13.04969], [79.9817, 13.04969], [79.98228, 13.04978], [79.98314, 13.05007], [79.9836, 13.0504], [79.98451, 13.05123], [79.98459, 13.05131], [79.98459, 13.05131], [79.98541, 13.05202], [79.98609, 13.05279], [79.9868, 13.0538], [79.98774, 13.05332], [79.98774, 13.05332], [79.98939, 13.05241], [79.99051, 13.05178], [79.99062, 13.05171], [79.99062, 13.05171], [79.99086, 13.05157], [79.99103, 13.05193], [79.99129, 13.05247], [79.99145, 13.05282], [79.99145, 13.05282], [79.99146, 13.05282], [79.99165, 13.05326], [79.9916, 13.0534], [79.99084, 13.05381], [79.98988, 13.05428], [79.98987, 13.05429], [79.98899, 13.05472], [79.98795, 13.05537], [79.98711, 13.0559], [79.98687, 13.05604], [79.98687, 13.05604], [79.9868, 13.05608], [79.98654, 13.05618], [79.98654, 13.05618], [79.98638, 13.05572], [79.98623, 13.0553], [79.98596, 13.05459], [79.98595, 13.05457], [79.98574, 13.05403], [79.98564, 13.05317], [79.9851, 13.05313], [79.98486, 13.05313], [79.98427, 13.05313], [79.98422, 13.05295], [79.98419, 13.05282], [79.98419, 13.05282], [79.98375, 13.05196], [79.98271, 13.0522], [79.9821, 13.05225], [79.98174, 13.05229], [79.98125, 13.05222], [79.98047, 13.05201], [79.98047, 13.05201], [79.98043, 13.05199], [79.98023, 13.0519], [79.98023, 13.0519], [79.97913, 13.05111], [79.97836, 13.0505], [79.97773, 13.05044], [79.97703, 13.0498], [79.97669, 13.04975], [79.97538, 13.04988], [79.97382, 13.04998], [79.97274, 13.05002], [79.97196, 13.05005], [79.97166, 13.05004], [79.97166, 13.05004], [79.97141, 13.05004], [79.97139, 13.05002], [79.97069, 13.04959], [79.97031, 13.04936], [79.96987, 13.04901], [79.96974, 13.04845], [79.96974, 13.04845], [79.96964, 13.04795], [79.96946, 13.04678], [79.96928, 13.04574], [79.96922, 13.04534], [79.96916, 13.04512], [79.96909, 13.04482], [79.96893, 13.0442], [79.96885, 13.04389], [79.96883, 13.04378], [79.96878, 13.04353], [79.96867, 13.04247], [79.96867, 13.04247], [79.96861, 13.04229], [79.96844, 13.04179], [79.9683, 13.04071], [79.9683, 13.04071], [79.96826, 13.04035], [79.96829, 13.03984], [79.96889, 13.03925], [79.96904, 13.03883], [79.96904, 13.03869], [79.96904, 13.03859], [79.96905, 13.03856], [79.96895, 13.03815], [79.96888, 13.03774], [79.96888, 13.03773], [79.96883, 13.03748], [79.96878, 13.03748], [79.96535, 13.0377], [79.96535, 13.0377], [79.96116, 13.03783], [79.96048, 13.03785], [79.9596, 13.03786], [79.9578, 13.03781], [79.95649, 13.03774], [79.95563, 13.03777], [79.9544, 13.03696], [79.9544, 13.03696], [79.95438, 13.03695], [79.95437, 13.03694], [79.95319, 13.03616], [79.95308, 13.0361], [79.953, 13.03606], [79.95298, 13.03605], [79.95303, 13.03589], [79.95307, 13.03575], [79.95306, 13.03575], [79.95241, 13.03556], [79.95223, 13.03546], [79.95218, 13.03542], [79.95216, 13.03507], [79.95167, 13.03482], [79.9511, 13.03454], [79.94925, 13.03369], [79.94916, 13.0333], [79.94906, 13.03286], [79.94902, 13.03279], [79.94896, 13.03268], [79.94866, 13.03281], [79.94847, 13.03289], [79.9481, 13.03291], [79.9478, 13.03292], [79.94759, 13.03293], [79.94731, 13.03294], [79.947, 13.03308], [79.94677, 13.03323], [79.94643, 13.03324], [79.94581, 13.03315], [79.94581, 13.03315], [79.94572, 13.03316], [79.94552, 13.03319], [79.9452, 13.03316], [79.94484, 13.03314], [79.9444, 13.03314], [79.94419, 13.03315], [79.94377, 13.03313], [79.94325, 13.0331], [79.94295, 13.03313], [79.94267, 13.03315], [79.9424, 13.03315], [79.94199, 13.03316], [79.94141, 13.0331], [79.94128, 13.03309], [79.94128, 13.03309], [79.94119, 13.03307], [79.94108, 13.03305], [79.9404, 13.03297], [79.9397, 13.03288], [79.93903, 13.03283], [79.9387, 13.03281], [79.93783, 13.0327], [79.93677, 13.03259], [79.93677, 13.03259], [79.93623, 13.03259], [79.93605, 13.03262], [79.9358, 13.03267], [79.93499, 13.03279], [79.93396, 13.03282], [79.93339, 13.03284], [79.93302, 13.03285], [79.9324, 13.03291], [79.93145, 13.03301], [79.93065, 13.03308], [79.92994, 13.03314], [79.92765, 13.03342], [79.9257, 13.03352], [79.92504, 13.03365], [79.92481, 13.03371], [79.92474, 13.03372], [79.92474, 13.03372], [79.92414, 13.03386], [79.92414, 13.03386], [79.92334, 13.03409], [79.92248, 13.03424], [79.9223, 13.03429], [79.92196, 13.03438], [79.92143, 13.03449], [79.92143, 13.03449], [79.9209, 13.0346], [79.92052, 13.03467], [79.91997, 13.03476], [79.91967, 13.03481], [79.9192, 13.03486], [79.91841, 13.03493], [79.9182, 13.03498], [79.9182, 13.03498], [79.9181, 13.0351], [79.91803, 13.03518], [79.91791, 13.03534], [79.91748, 13.03562], [79.9174, 13.03609], [79.91736, 13.03635], [79.91736, 13.03635], [79.91706, 13.03642], [79.91726, 13.03693], [79.91718, 13.03731], [79.91708, 13.03789], [79.91765, 13.03797], [79.91765, 13.03797], [79.91775, 13.03862], [79.91775, 13.03911], [79.91769, 13.03913], [79.9176, 13.03917], [79.91766, 13.03975], [79.91757, 13.03977], [79.91751, 13.03978], [79.91761, 13.04037], [79.91781, 13.04039], [79.91775, 13.04153], [79.91795, 13.04163], [79.91806, 13.04248], [79.91839, 13.0425], [79.91839, 13.0425], [79.91839, 13.0425], [79.91851, 13.04324], [79.918, 13.04334], [79.91799, 13.04428], [79.91802, 13.0445], [79.9181, 13.04499], [79.9181, 13.04499], [79.91806, 13.04658], [79.918, 13.0472], [79.91779, 13.04764], [79.91771, 13.04766], [79.91735, 13.04773], [79.91725, 13.04775], [79.91725, 13.04775], [79.91693, 13.0478], [79.91696, 13.04752], [79.91698, 13.04734], [79.91631, 13.04711], [79.91586, 13.04698], [79.91586, 13.04698], [79.91488, 13.04691], [79.9141, 13.0469], [79.91323, 13.04694], [79.91292, 13.04689], [79.9128, 13.04639], [79.91243, 13.0464], [79.91232, 13.04637], [79.91194, 13.04623], [79.91194, 13.04623], [79.91182, 13.0464], [79.91171, 13.04659], [79.91127, 13.04658], [79.91079, 13.04663], [79.91043, 13.04667], [79.91031, 13.04667], [79.91015, 13.04668], [79.90992, 13.04678], [79.90978, 13.04684], [79.9095, 13.04707], [79.90894, 13.04727], [79.90894, 13.04727], [79.90806, 13.0474], [79.90729, 13.04742], [79.90756, 13.0483], [79.90756, 13.0483], [79.90664, 13.04857], [79.90556, 13.04878], [79.90486, 13.04894], [79.90407, 13.04905], [79.90328, 13.04916], [79.90227, 13.04928], [79.90098, 13.04943], [79.90076, 13.04945], [79.90068, 13.04946], [79.90067, 13.0491], [79.90064, 13.04839], [79.90064, 13.04839], [79.90066, 13.04677], [79.90046, 13.04554], [79.90044, 13.04503], [79.90043, 13.04496], [79.90042, 13.04465], [79.90036, 13.04435], [79.90019, 13.0434], [79.90016, 13.04325], [79.90008, 13.04279], [79.89978, 13.04194], [79.89955, 13.04153], [79.89921, 13.04017], [79.89917, 13.03996], [79.89915, 13.03988], [79.89842, 13.04012], [79.89838, 13.03978], [79.89831, 13.03919], [79.89829, 13.03884], [79.89827, 13.03855], [79.89812, 13.03758], [79.89812, 13.03758], [79.898, 13.03671], [79.898, 13.03667], [79.89792, 13.03611], [79.89787, 13.03488], [79.89781, 13.03442], [79.89772, 13.03385], [79.89763, 13.03357], [79.89744, 13.03296], [79.89726, 13.03243], [79.89726, 13.03243], [79.89726, 13.03242], [79.89709, 13.03178], [79.89793, 13.03178], [79.89798, 13.03163], [79.89805, 13.03139], [79.90007, 13.03147], [79.90002, 13.03119], [79.89997, 13.03067], [79.89993, 13.03014], [79.90009, 13.03007], [79.90048, 13.02991], [79.90045, 13.02972], [79.90038, 13.02923], [79.90023, 13.02878], [79.90009, 13.02835], [79.89993, 13.02779], [79.89974, 13.02713], [79.90058, 13.02689], [79.90043, 13.02566], [79.90037, 13.02516], [79.90037, 13.02516], [79.89997, 13.02516], [79.89962, 13.02516], [79.8995, 13.0245], [79.89978, 13.02444], [79.89993, 13.02441], [79.89962, 13.02351], [79.89951, 13.02317], [79.89998, 13.02299], [79.90011, 13.02204], [79.89985, 13.02205], [79.89977, 13.02206], [79.89968, 13.02186], [79.89949, 13.02141], [79.89972, 13.0208], [79.89942, 13.02071], [79.89932, 13.02062], [79.89911, 13.02043], [79.89905, 13.01955], [79.90016, 13.01962], [79.90025, 13.01925], [79.9003, 13.01793], [79.90041, 13.01701], [79.90041, 13.01698], [79.90163, 13.01684], [79.90288, 13.01679], [79.90318, 13.0166], [79.90381, 13.01629], [79.90441, 13.01627], [79.90488, 13.01625], [79.90534, 13.01628], [79.90594, 13.01632], [79.90613, 13.01631], [79.90628, 13.0163], [79.90655, 13.01677], [79.90676, 13.01713], [79.90689, 13.01747], [79.90689, 13.01747], [79.90703, 13.01742], [79.90748, 13.01724], [79.90752, 13.0169], [79.90811, 13.01678], [79.90841, 13.01659], [79.90871, 13.01647], [79.90866, 13.01579], [79.90868, 13.01543], [79.90885, 13.01541], [79.90908, 13.01538], [79.90932, 13.01532], [79.90967, 13.01524], [79.9107, 13.01471], [79.91075, 13.01468], [79.91086, 13.01466], [79.91101, 13.01463], [79.91101, 13.01463], [79.91114, 13.01483], [79.91132, 13.01605], [79.9114, 13.01706], [79.91138, 13.01766], [79.91138, 13.01766], [79.91219, 13.01791], [79.91314, 13.01813], [79.91349, 13.0182], [79.91505, 13.01843], [79.91687, 13.01876], [79.91701, 13.01901], [79.91744, 13.0191], [79.91747, 13.019], [79.91753, 13.01885], [79.91753, 13.01885], [79.91877, 13.01903], [79.91877, 13.01903], [79.91881, 13.01939], [79.91881, 13.01939], [79.92004, 13.0195], [79.92004, 13.0195], [79.92003, 13.01901], [79.92002, 13.01851], [79.92001, 13.01813], [79.92, 13.01743], [79.91996, 13.01704], [79.91994, 13.01682], [79.91995, 13.01654], [79.91997, 13.01616], [79.91994, 13.01493], [79.92006, 13.01428], [79.92046, 13.01428], [79.92144, 13.01428], [79.92146, 13.01428], [79.92315, 13.01425], [79.92561, 13.01418], [79.92626, 13.01418], [79.92673, 13.01415], [79.92746, 13.01409], [79.92782, 13.01408], [79.92811, 13.01406], [79.92824, 13.01408], [79.92842, 13.01412], [79.92906, 13.014], [79.92906, 13.014], [79.93095, 13.01393], [79.93168, 13.01309], [79.93168, 13.01309], [79.93259, 13.01206], [79.93272, 13.0119], [79.933, 13.01157], [79.93348, 13.0111], [79.93447, 13.01075], [79.93488, 13.01068], [79.93513, 13.01063], [79.93568, 13.01053], [79.93681, 13.01032], [79.93732, 13.0101], [79.93732, 13.0101], [79.93882, 13.0095], [79.94061, 13.00897], [79.94155, 13.00868], [79.94169, 13.00862], [79.94178, 13.00859], [79.94184, 13.00857], [79.94184, 13.00857], [79.94184, 13.00857], [79.94188, 13.00781], [79.94195, 13.00695], [79.94195, 13.00695], [79.94189, 13.00676], [79.94189, 13.00676], [79.94188, 13.00672], [79.94184, 13.00652], [79.94197, 13.00627], [79.94197, 13.00626], [79.94208, 13.00603], [79.9421, 13.0059], [79.94212, 13.00578], [79.94212, 13.00533], [79.94212, 13.00449], [79.94227, 13.00301], [79.94227, 13.00159], [79.94226, 13.00134], [79.94226, 13.00134], [79.94221, 13.00096], [79.94221, 13.00095], [79.94221, 13.00095], [79.94165, 13.00068], [79.94165, 13.00068], [79.94152, 13.00052], [79.94096, 12.9999], [79.93981, 12.99877], [79.93953, 12.99807], [79.93953, 12.99807], [79.93906, 12.99785], [79.93872, 12.99769], [79.93852, 12.99726], [79.93852, 12.99726], [79.93806, 12.99695], [79.93785, 12.99619], [79.93743, 12.99608], [79.93729, 12.99604], [79.93729, 12.99604], [79.93658, 12.99436], [79.93658, 12.99436], [79.93656, 12.99431], [79.93654, 12.99425], [79.93642, 12.99425], [79.93625, 12.99426], [79.93625, 12.99426], [79.93623, 12.99335], [79.93606, 12.99335], [79.93597, 12.99335], [79.93581, 12.99247], [79.93581, 12.99247], [79.9347, 12.99251], [79.93244, 12.99258], [79.93225, 12.99174], [79.93213, 12.9912], [79.93135, 12.99094], [79.93061, 12.99068], [79.92957, 12.99056], [79.92957, 12.99056], [79.9294, 12.99049], [79.92894, 12.99029], [79.92859, 12.99005], [79.92752, 12.99007], [79.92752, 12.99007], [79.92611, 12.99023], [79.92606, 12.99023], [79.92602, 12.99024], [79.92563, 12.99034], [79.92563, 12.99034], [79.92495, 12.99071], [79.92495, 12.99071], [79.92455, 12.99112], [79.92432, 12.99165], [79.92379, 12.9929], [79.92324, 12.99377], [79.92282, 12.99422], [79.92238, 12.99471], [79.92209, 12.99491], [79.92148, 12.99533], [79.92145, 12.99536], [79.9203, 12.99632], [79.91934, 12.9969], [79.91872, 12.99707], [79.91793, 12.99728], [79.91585, 12.99773], [79.91507, 12.99794], [79.91374, 12.9988], [79.91374, 12.9988], [79.913, 12.99906], [79.91261, 12.99919], [79.91245, 12.99932], [79.91213, 12.99956], [79.91156, 13.0003], [79.91156, 13.0003], [79.91131, 13.00057], [79.91093, 13.00111], [79.91087, 13.00123], [79.91081, 13.00135], [79.91069, 13.00165], [79.91061, 13.00183], [79.91005, 13.00288], [79.90996, 13.00304], [79.90905, 13.00396], [79.90842, 13.0042], [79.90692, 13.00384], [79.90646, 13.00372], [79.90655, 13.00329], [79.90659, 13.00306], [79.90646, 13.00308], [79.90626, 13.0031], [79.90627, 13.00252], [79.90603, 13.00249], [79.90593, 13.00207], [79.90565, 13.00165], [79.90546, 13.00136], [79.90524, 13.00114], [79.90507, 13.00097], [79.90476, 13.00063], [79.90373, 12.99949], [79.90286, 12.99842], [79.90248, 12.99795], [79.90107, 12.99677], [79.90046, 12.99639], [79.90012, 12.99626], [79.90018, 12.99579], [79.89987, 12.99568], [79.89951, 12.99554], [79.89951, 12.99554], [79.89801, 12.99547], [79.89769, 12.99545], [79.89769, 12.99545], [79.89755, 12.99597], [79.89588, 12.99572], [79.8945, 12.99506], [79.89359, 12.9947], [79.89192, 12.99424], [79.89192, 12.99424], [79.89099, 12.99405], [79.88951, 12.99377], [79.88924, 12.99371], [79.88923, 12.99366], [79.88923, 12.99366], [79.88915, 12.99315], [79.88921, 12.99223], [79.88921, 12.99223], [79.89108, 12.99197], [79.89111, 12.99156], [79.89279, 12.99144], [79.89278, 12.99059], [79.895, 12.99008], [79.89614, 12.98974], [79.89679, 12.98955], [79.89679, 12.98955], [79.89683, 12.98899], [79.89685, 12.98862], [79.89881, 12.98792], [79.89992, 12.98755], [79.89992, 12.98755], [79.90065, 12.98712], [79.90065, 12.98712], [79.90109, 12.98679], [79.90139, 12.98623], [79.90167, 12.98575], [79.90168, 12.98515], [79.90273, 12.98499], [79.90301, 12.9841], [79.90329, 12.9832], [79.90472, 12.98297], [79.90623, 12.98259], [79.90732, 12.98169], [79.90732, 12.98169], [79.90782, 12.98124], [79.90828, 12.98102], [79.90828, 12.98102], [79.90841, 12.98083], [79.90862, 12.98049], [79.90903, 12.98037], [79.90971, 12.98017], [79.91126, 12.97982], [79.91161, 12.97974], [79.91161, 12.97974], [79.91397, 12.97895], [79.91404, 12.97892], [79.91366, 12.97762], [79.91286, 12.97579], [79.91285, 12.97577], [79.91275, 12.97554], [79.91275, 12.97554], [79.91187, 12.97355], [79.91187, 12.97355], [79.9106, 12.97379], [79.91049, 12.9721], [79.91036, 12.97134], [79.91032, 12.97109], [79.91032, 12.97109], [79.91069, 12.97031], [79.91068, 12.97016], [79.91067, 12.97], [79.91031, 12.96947], [79.90978, 12.96902], [79.90971, 12.96846], [79.90953, 12.9669], [79.90993, 12.96681], [79.9106, 12.96667], [79.91024, 12.96597], [79.91022, 12.96593], [79.91009, 12.96594], [79.90909, 12.966], [79.90808, 12.96607], [79.90777, 12.96613], [79.90702, 12.96627], [79.90598, 12.96661], [79.90598, 12.96661], [79.90521, 12.96667], [79.90466, 12.96672], [79.90353, 12.96643], [79.90283, 12.96586], [79.90231, 12.96551], [79.9017, 12.96461], [79.90146, 12.96413], [79.90088, 12.96362], [79.90068, 12.96326], [79.90013, 12.96228], [79.8992, 12.96069], [79.89853, 12.96084], [79.89853, 12.96084], [79.89849, 12.96062], [79.89844, 12.9604], [79.89818, 12.96045], [79.89787, 12.96052], [79.89726, 12.95923], [79.89642, 12.95908], [79.89629, 12.95906], [79.89615, 12.95903], [79.89615, 12.95903], [79.89614, 12.95898], [79.89607, 12.95861], [79.89595, 12.95804], [79.89595, 12.95804], [79.89596, 12.95653], [79.89582, 12.95487], [79.89574, 12.95334], [79.8955, 12.9523], [79.89547, 12.95146], [79.89526, 12.95062], [79.89515, 12.95033], [79.89506, 12.95008], [79.89505, 12.94924], [79.89513, 12.94865], [79.89512, 12.94863], [79.89472, 12.94797], [79.89439, 12.94788], [79.89414, 12.94781], [79.8937, 12.94752], [79.89311, 12.9466], [79.89226, 12.94587], [79.89072, 12.9451], [79.89042, 12.94505], [79.88977, 12.94552], [79.88901, 12.94576], [79.88812, 12.94604], [79.88745, 12.94617], [79.8867, 12.94631], [79.88528, 12.94686], [79.88522, 12.94688], [79.88517, 12.9469], [79.88466, 12.94703], [79.88414, 12.94718], [79.88353, 12.94731], [79.88335, 12.94794], [79.88164, 12.94812], [79.8795, 12.94819], [79.87825, 12.94805], [79.87818, 12.94746], [79.87522, 12.94711], [79.87376, 12.94685], [79.87313, 12.94684], [79.87209, 12.94686], [79.87209, 12.94686], [79.87148, 12.94751], [79.87138, 12.94752], [79.87038, 12.94757], [79.86884, 12.94792], [79.86758, 12.94817], [79.86553, 12.94865], [79.8636, 12.94897], [79.86133, 12.94913], [79.86055, 12.94904], [79.85952, 12.94923], [79.85827, 12.94944], [79.85767, 12.94947], [79.85715, 12.94949], [79.85624, 12.94939], [79.85499, 12.94927], [79.85422, 12.94909], [79.8537, 12.94896], [79.85328, 12.94871], [79.85306, 12.94858], [79.85298, 12.94853], [79.85274, 12.94837], [79.85264, 12.94838], [79.85257, 12.94839], [79.85257, 12.94839], [79.85251, 12.94855], [79.85246, 12.94865], [79.8524, 12.95078], [79.85253, 12.95163], [79.85249, 12.95179], [79.85243, 12.95199], [79.85215, 12.95218], [79.85197, 12.9523], [79.85197, 12.9523], [79.85095, 12.95255], [79.85095, 12.95255], [79.85072, 12.95258], [79.84969, 12.95269], [79.84933, 12.95282], [79.84896, 12.95295], [79.84864, 12.95311], [79.84854, 12.95317], [79.84858, 12.95367], [79.84874, 12.9542], [79.84873, 12.95425], [79.84868, 12.95459], [79.8486, 12.95506], [79.84852, 12.95587], [79.84849, 12.95612], [79.84819, 12.95643], [79.84602, 12.95739], [79.8445, 12.95796], [79.84307, 12.9584], [79.84146, 12.95876], [79.84031, 12.95885], [79.83963, 12.95889], [79.8387, 12.95894], [79.83753, 12.95902], [79.83753, 12.95902], [79.83678, 12.95895], [79.83547, 12.95872], [79.83429, 12.95856], [79.83353, 12.95845], [79.83319, 12.95838], [79.83277, 12.95829], [79.83259, 12.95826], [79.83236, 12.95823], [79.83218, 12.95838], [79.83213, 12.95842], [79.83238, 12.95888], [79.83252, 12.95915], [79.83252, 12.95915], [79.8332, 12.96051], [79.83389, 12.96142], [79.83468, 12.96211], [79.83478, 12.96239], [79.83447, 12.96255], [79.83447, 12.96255], [79.83298, 12.96323], [79.83186, 12.96388], [79.83186, 12.96388], [79.83135, 12.96398], [79.8304, 12.96404], [79.82957, 12.96402], [79.82866, 12.964], [79.82732, 12.96387], [79.82649, 12.96369], [79.8261, 12.96365], [79.8261, 12.96365], [79.82588, 12.96366], [79.82527, 12.96371], [79.8246, 12.96347], [79.82396, 12.96313], [79.82344, 12.96285], [79.82265, 12.96228], [79.82265, 12.96228], [79.82184, 12.96184], [79.82161, 12.96182], [79.82136, 12.96195], [79.82125, 12.96202], [79.8211, 12.9623], [79.82099, 12.96251], [79.82101, 12.96271], [79.82102, 12.96289], [79.82104, 12.96318], [79.82122, 12.96351], [79.82138, 12.96383], [79.82164, 12.96445], [79.82165, 12.96447], [79.82165, 12.96447], [79.82186, 12.96547], [79.82186, 12.96547], [79.82236, 12.96655], [79.82236, 12.96655], [79.82241, 12.96726], [79.8224, 12.96763], [79.8224, 12.96786], [79.82226, 12.96828], [79.82238, 12.97041], [79.82229, 12.97088], [79.82219, 12.9714], [79.82155, 12.97252], [79.82097, 12.97373], [79.82093, 12.9743], [79.82084, 12.97548], [79.82085, 12.97636], [79.82102, 12.97681], [79.82126, 12.9772], [79.82141, 12.97744], [79.82156, 12.97829], [79.82118, 12.97902], [79.82113, 12.97913], [79.82113, 12.97913], [79.81983, 12.98062], [79.81973, 12.98073], [79.81973, 12.98073], [79.81922, 12.98118], [79.81885, 12.98177], [79.81864, 12.9821], [79.8181, 12.98259], [79.818, 12.98325], [79.8184, 12.98402], [79.81852, 12.98424], [79.81907, 12.98504], [79.81925, 12.98529], [79.81925, 12.98529], [79.81982, 12.98626], [79.81999, 12.98704], [79.81999, 12.98704], [79.81999, 12.98793], [79.81986, 12.98806], [79.81935, 12.98801], [79.81925, 12.988], [79.81925, 12.988], [79.81764, 12.98742], [79.81644, 12.98706], [79.81545, 12.98677], [79.81483, 12.98656], [79.81483, 12.98656], [79.81444, 12.98674], [79.8144, 12.98681], [79.81343, 12.98865], [79.813, 12.98946], [79.81296, 12.99031], [79.81346, 12.99063], [79.81357, 12.99065], [79.81365, 12.99067], [79.81368, 12.99068], [79.8143, 12.99081], [79.81538, 12.99104], [79.81586, 12.99106], [79.81626, 12.99107], [79.818, 12.99175], [79.81893, 12.99203], [79.81901, 12.99205], [79.81901, 12.99205], [79.81942, 12.99244], [79.81987, 12.99265], [79.8207, 12.99279], [79.82161, 12.99283], [79.82174, 12.99284], [79.82191, 12.99333], [79.82196, 12.99382], [79.82212, 12.99415], [79.82229, 12.99433], [79.82249, 12.99462], [79.82297, 12.99526], [79.82316, 12.99596], [79.82328, 12.99669], [79.8233, 12.99677], [79.82335, 12.99695], [79.82354, 12.99692], [79.82362, 12.9969], [79.82458, 12.99674], [79.82578, 12.9966], [79.82672, 12.99659], [79.82784, 12.99707], [79.82842, 12.99658], [79.83021, 12.99631], [79.83015, 12.99665], [79.83015, 12.99685], [79.8305, 12.99699], [79.83051, 12.99729], [79.83044, 12.9978], [79.83016, 12.99839], [79.83002, 12.99879], [79.83002, 12.99881], [79.82996, 12.99899], [79.82993, 12.9991], [79.82991, 12.99916], [79.82983, 12.99939], [79.82971, 13.00053], [79.82958, 13.00129], [79.82879, 13.00312], [79.82823, 13.00543], [79.82803, 13.00725], [79.8281, 13.00907], [79.82783, 13.00991], [79.82776, 13.00994], [79.8271, 13.01028], [79.82673, 13.01019], [79.82574, 13.00999], [79.82521, 13.01019], [79.82514, 13.01027], [79.82466, 13.01078], [79.82452, 13.01136], [79.82484, 13.01233], [79.82574, 13.01335], [79.82623, 13.01409], [79.82623, 13.01498], [79.82623, 13.01534], [79.82636, 13.01653], [79.82676, 13.01705], [79.8268, 13.01766], [79.82627, 13.01826], [79.82626, 13.01826], [79.8258, 13.01818], [79.82448, 13.01829], [79.82441, 13.01837], [79.82392, 13.01893], [79.82388, 13.02006], [79.82439, 13.02082], [79.82533, 13.02194], [79.82526, 13.02237], [79.82537, 13.02326], [79.82561, 13.02415], [79.82564, 13.02566], [79.82564, 13.02571], [79.82572, 13.02759], [79.82638, 13.02865], [79.82654, 13.02936], [79.82655, 13.03036], [79.82647, 13.0304], [79.82485, 13.03101], [79.82452, 13.03075], [79.82367, 13.02988], [79.82336, 13.02891], [79.82299, 13.02811], [79.82208, 13.02759], [79.82041, 13.02677], [79.81924, 13.02601], [79.81878, 13.02592], [79.81871, 13.02601], [79.81836, 13.02651], [79.81832, 13.02652], [79.81809, 13.02661], [79.81783, 13.02638], [79.81778, 13.02567], [79.81778, 13.02441], [79.81754, 13.02369], [79.81654, 13.02296], [79.81599, 13.02199], [79.81526, 13.02121], [79.81341, 13.01997], [79.81191, 13.01976], [79.81076, 13.0198], [79.81062, 13.01819], [79.81058, 13.01818], [79.81045, 13.01814], [79.81029, 13.01808], [79.80862, 13.01747], [79.80696, 13.01697], [79.80696, 13.01697], [79.80555, 13.01649], [79.80555, 13.01649], [79.8039, 13.01591], [79.8039, 13.01591], [79.80191, 13.01521], [79.80105, 13.01495], [79.80075, 13.01555], [79.80051, 13.01605], [79.79947, 13.01829], [79.79906, 13.01934], [79.79868, 13.01977], [79.7986, 13.02009], [79.79855, 13.02048], [79.79859, 13.02088], [79.79861, 13.02118], [79.79856, 13.02161], [79.79853, 13.02186], [79.79821, 13.02306], [79.79788, 13.02398], [79.79751, 13.02514], [79.79702, 13.02666], [79.79674, 13.02754], [79.79667, 13.02767], [79.79735, 13.02796], [79.79762, 13.02786], [79.79784, 13.028], [79.79825, 13.0284], [79.79872, 13.0289], [79.79913, 13.02924], [79.79966, 13.02956], [79.80025, 13.02982], [79.80117, 13.0302], [79.80214, 13.0306], [79.80331, 13.03109], [79.8042, 13.03154], [79.80479, 13.03189], [79.80506, 13.03176], [79.80528, 13.03163], [79.80577, 13.03122], [79.80617, 13.03141], [79.80681, 13.03174], [79.80784, 13.03215], [79.8085, 13.03241], [79.80883, 13.03257], [79.80976, 13.03301], [79.80966, 13.03317], [79.80965, 13.0332], [79.80957, 13.03333], [79.80906, 13.0337], [79.80899, 13.03399], [79.80899, 13.03431], [79.80904, 13.03524], [79.80918, 13.03594], [79.8092, 13.03738], [79.80931, 13.03841], [79.80932, 13.03907], [79.80934, 13.03937], [79.80939, 13.0401], [79.8094, 13.04131], [79.80936, 13.04156], [79.8091, 13.04202], [79.80891, 13.04218], [79.80857, 13.04271], [79.80844, 13.04319], [79.80838, 13.04396], [79.80833, 13.04467], [79.80826, 13.04491], [79.808, 13.04549], [79.80742, 13.04596], [79.80643, 13.04642], [79.80568, 13.04652], [79.80551, 13.04663], [79.80552, 13.0469], [79.80562, 13.04718], [79.80555, 13.04757], [79.80555, 13.04769], [79.8055, 13.04802], [79.80516, 13.0481], [79.80461, 13.04818], [79.80429, 13.04816], [79.80354, 13.04816], [79.80165, 13.04797], [79.80076, 13.04793], [79.80012, 13.04802], [79.79944, 13.04805], [79.79943, 13.0481], [79.79936, 13.04841], [79.79926, 13.04901], [79.79914, 13.04966], [79.79913, 13.04995], [79.79956, 13.05007], [79.79958, 13.05023], [79.79972, 13.05025], [79.80027, 13.05028], [79.80069, 13.05059], [79.80131, 13.05098], [79.80173, 13.05124], [79.80204, 13.05137], [79.80233, 13.05143], [79.80272, 13.05141], [79.80336, 13.05138], [79.80371, 13.05148], [79.80386, 13.05164], [79.80393, 13.05184], [79.80406, 13.0521], [79.8043, 13.05223], [79.80516, 13.05245], [79.80579, 13.05259], [79.8069, 13.0531], [79.80826, 13.05375], [79.80919, 13.05414], [79.80982, 13.05444], [79.80978, 13.0557], [79.80977, 13.05691], [79.80979, 13.05821], [79.80976, 13.05942], [79.8098, 13.05995], [79.81012, 13.05999], [79.81078, 13.06002], [79.81083, 13.05922], [79.8111, 13.05919], [79.81161, 13.05922], [79.81234, 13.05921], [79.81237, 13.05921], [79.81237, 13.05931], [79.81239, 13.05963], [79.81227, 13.05975], [79.812, 13.05987], [79.81135, 13.05997], [79.81129, 13.06025], [79.81117, 13.06115], [79.81095, 13.06178], [79.81071, 13.06232], [79.81048, 13.06247], [79.80937, 13.06323], [79.80933, 13.06326], [79.80864, 13.0638], [79.80809, 13.06395], [79.80789, 13.06422], [79.80754, 13.06504], [79.80709, 13.0662], [79.80683, 13.06713], [79.80634, 13.06861], [79.80663, 13.06867], [79.80731, 13.0687], [79.80849, 13.06866], [79.80901, 13.06879], [79.80965, 13.069], [79.81085, 13.0694], [79.81166, 13.06989], [79.81269, 13.07058], [79.81317, 13.07083], [79.81355, 13.07105], [79.81357, 13.07106], [79.81337, 13.07262], [79.813, 13.07415], [79.81264, 13.07571], [79.81247, 13.07652], [79.8123, 13.07749], [79.81208, 13.07874], [79.81196, 13.0799], [79.81172, 13.08019], [79.81131, 13.08171], [79.81104, 13.08304], [79.81036, 13.08294], [79.80923, 13.08269], [79.80907, 13.08264], [79.80817, 13.0824], [79.80785, 13.0822], [79.80746, 13.0818], [79.80684, 13.08255], [79.80632, 13.08307], [79.80634, 13.0831], [79.8066, 13.08351], [79.80715, 13.08432], [79.80781, 13.08541], [79.8081, 13.08589], [79.80872, 13.08671], [79.80941, 13.08761], [79.80997, 13.08837], [79.8106, 13.08944], [79.81111, 13.0905], [79.81153, 13.09149], [79.81153, 13.09149], [79.81166, 13.09178], [79.81234, 13.0929], [79.81306, 13.09389], [79.81393, 13.09487], [79.81454, 13.09559], [79.81576, 13.09695], [79.81682, 13.09804], [79.81792, 13.09926], [79.81915, 13.1006], [79.8196, 13.10106], [79.81961, 13.10107], [79.82091, 13.10069], [79.82094, 13.10069], [79.82146, 13.10088], [79.82171, 13.10111], [79.82322, 13.10242], [79.8243, 13.10331], [79.82456, 13.10352], [79.82456, 13.10354], [79.8245, 13.10384], [79.82441, 13.10414], [79.82406, 13.1054], [79.82384, 13.10625], [79.82369, 13.10685], [79.82369, 13.1072], [79.82427, 13.1078], [79.82517, 13.10847], [79.82578, 13.10904], [79.82595, 13.1096], [79.82602, 13.1103], [79.8261, 13.11155], [79.82606, 13.11157], [79.82606, 13.11157], [79.82565, 13.11181], [79.82508, 13.11206], [79.82444, 13.11216], [79.82397, 13.11213], [79.82383, 13.11205], [79.82344, 13.11194], [79.82285, 13.11205], [79.82244, 13.11129], [79.82201, 13.11038], [79.82167, 13.11034], [79.82069, 13.11051], [79.81951, 13.11063], [79.81891, 13.11072], [79.81822, 13.11066], [79.81736, 13.11057], [79.81663, 13.11053], [79.81609, 13.11057], [79.81577, 13.11071], [79.81545, 13.11094], [79.81526, 13.11124], [79.81514, 13.11174], [79.81485, 13.11239], [79.81467, 13.11299], [79.81476, 13.11388], [79.81484, 13.11486], [79.81478, 13.11583], [79.81492, 13.11741], [79.81497, 13.11865], [79.815, 13.11927], [79.81521, 13.11982], [79.81538, 13.12052], [79.8154, 13.12183], [79.8154, 13.12345], [79.81535, 13.12463], [79.81534, 13.12467], [79.81524, 13.12498], [79.81502, 13.12593], [79.81491, 13.12666], [79.81493, 13.12794], [79.81493, 13.12796], [79.815, 13.12868], [79.8152, 13.12942], [79.81562, 13.13058], [79.81558, 13.13182], [79.81554, 13.13212], [79.81544, 13.13351], [79.81533, 13.13489], [79.81535, 13.13586], [79.81547, 13.13615], [79.81594, 13.13699], [79.8159, 13.13701], [79.81531, 13.13723], [79.81387, 13.13777], [79.81277, 13.13835], [79.81142, 13.13905], [79.8097, 13.13957], [79.8083, 13.14002], [79.80768, 13.14046], [79.80723, 13.14095], [79.80665, 13.14111], [79.80603, 13.1411], [79.80579, 13.14109], [79.80576, 13.14109], [79.80534, 13.14106], [79.80342, 13.14064], [79.80214, 13.14043], [79.80071, 13.14039], [79.79997, 13.1405], [79.79947, 13.14089], [79.79911, 13.14101], [79.79854, 13.14126], [79.79825, 13.14136], [79.79803, 13.14154], [79.79806, 13.14192], [79.79814, 13.1424], [79.79826, 13.14312], [79.79849, 13.1439], [79.79896, 13.14506], [79.79922, 13.14599], [79.79954, 13.1468], [79.79967, 13.14725], [79.79967, 13.14739], [79.79973, 13.14757], [79.79977, 13.14775], [79.79978, 13.14806], [79.7998, 13.14864], [79.8, 13.14892], [79.80044, 13.14936], [79.80043, 13.14951], [79.80004, 13.14961], [79.79958, 13.14969], [79.79877, 13.14966], [79.79756, 13.14982], [79.79737, 13.15128], [79.79739, 13.15244], [79.79741, 13.15389], [79.79738, 13.15578], [79.79737, 13.1566], [79.79731, 13.15808], [79.79734, 13.15944], [79.79738, 13.16117], [79.79736, 13.16262], [79.79599, 13.16143], [79.79473, 13.1599], [79.79448, 13.15967], [79.79428, 13.15953], [79.79409, 13.15949], [79.79388, 13.15966], [79.79372, 13.15997], [79.79358, 13.16029], [79.79358, 13.1606], [79.79346, 13.16192], [79.79339, 13.16295], [79.79315, 13.16416], [79.79296, 13.16589], [79.79281, 13.1676], [79.79281, 13.16859], [79.79282, 13.16962], [79.79295, 13.17063], [79.7934, 13.17212], [79.79351, 13.17256], [79.79323, 13.17282], [79.7927, 13.17307], [79.79153, 13.17331], [79.79073, 13.17346], [79.79026, 13.1736], [79.78982, 13.17401], [79.78947, 13.17459], [79.78945, 13.17462], [79.78872, 13.17583], [79.78791, 13.17699], [79.78731, 13.17794], [79.78694, 13.17907], [79.78659, 13.1804], [79.78647, 13.1811], [79.78624, 13.18191], [79.78574, 13.18247], [79.78531, 13.18274], [79.78526, 13.18274], [79.78493, 13.18274], [79.78425, 13.18206], [79.78327, 13.18107], [79.78278, 13.18052], [79.78226, 13.18037], [79.78119, 13.1806], [79.77949, 13.18098], [79.77798, 13.1811], [79.77691, 13.18135], [79.77595, 13.18162], [79.77534, 13.18181], [79.77431, 13.18212], [79.77231, 13.18247], [79.77143, 13.18271], [79.77104, 13.183], [79.77097, 13.18367], [79.77077, 13.18502], [79.77039, 13.18597], [79.76991, 13.18759], [79.76972, 13.1878], [79.76857, 13.18806], [79.76711, 13.18834], [79.76492, 13.18864], [79.76367, 13.18879], [79.76269, 13.18887], [79.76248, 13.18891], [79.76155, 13.18922], [79.76126, 13.18929], [79.76123, 13.18933], [79.76103, 13.18956], [79.76123, 13.19048], [79.76153, 13.19157], [79.762, 13.1929], [79.76243, 13.19416], [79.76249, 13.19452], [79.76263, 13.19487], [79.76267, 13.19489], [79.76269, 13.19491], [79.76304, 13.19498], [79.76409, 13.19482], [79.76516, 13.1946], [79.76603, 13.19421], [79.76649, 13.19399], [79.76663, 13.19455], [79.76702, 13.19504], [79.76796, 13.1956], [79.76888, 13.19583], [79.77031, 13.19602], [79.77075, 13.19599], [79.77153, 13.19599], [79.77282, 13.19574], [79.77384, 13.19546], [79.77595, 13.19603], [79.77737, 13.19637], [79.77853, 13.19643], [79.77958, 13.19657], [79.78065, 13.1968], [79.78101, 13.19684], [79.78166, 13.19666], [79.7817, 13.19698], [79.78203, 13.19718], [79.78238, 13.19723], [79.78237, 13.19695], [79.78239, 13.19658], [79.78256, 13.19644], [79.78285, 13.19628], [79.78339, 13.19591], [79.78522, 13.19577], [79.78525, 13.19577], [79.78591, 13.19567], [79.78594, 13.19566], [79.78668, 13.19606], [79.78694, 13.19588], [79.78765, 13.19541], [79.78836, 13.19645], [79.78818, 13.19663], [79.78784, 13.19688], [79.78799, 13.19745], [79.7882, 13.19874], [79.78812, 13.1991], [79.78896, 13.19973], [79.7895, 13.20042], [79.78992, 13.20152], [79.79128, 13.20193], [79.79145, 13.20276], [79.79201, 13.2036], [79.79248, 13.20453], [79.79239, 13.20518], [79.79245, 13.20572], [79.79254, 13.20604], [79.79313, 13.20605], [79.79324, 13.20673], [79.79358, 13.20667], [79.79369, 13.20719], [79.79375, 13.20823], [79.79371, 13.20901], [79.7937, 13.20928], [79.7937, 13.20931], [79.7937, 13.20932], [79.79364, 13.21045], [79.79374, 13.21137], [79.79395, 13.21234], [79.7941, 13.21309], [79.79441, 13.21424], [79.79442, 13.21534], [79.79445, 13.21592], [79.79452, 13.2173], [79.79463, 13.21827], [79.79485, 13.21999], [79.79515, 13.22142], [79.79527, 13.22239], [79.79523, 13.22281], [79.79514, 13.22333], [79.79487, 13.2237], [79.79465, 13.22414], [79.79447, 13.22546], [79.79449, 13.22632], [79.79441, 13.22713], [79.79434, 13.22828], [79.79438, 13.22877], [79.79442, 13.22959], [79.79446, 13.23092], [79.79448, 13.23149], [79.79448, 13.23153], [79.7945, 13.23226], [79.7947, 13.23419], [79.79467, 13.23521], [79.79454, 13.23556], [79.79439, 13.23604], [79.79449, 13.2376], [79.7945, 13.23825], [79.7945, 13.23827], [79.79459, 13.23894], [79.79484, 13.24023], [79.79481, 13.24136], [79.79479, 13.2419], [79.79473, 13.2421], [79.79408, 13.24211], [79.79301, 13.24213], [79.79242, 13.2426], [79.79195, 13.24307], [79.79155, 13.24367], [79.79139, 13.24397], [79.79092, 13.24414], [79.79057, 13.2443], [79.78966, 13.24462], [79.78866, 13.24475], [79.7876, 13.24498], [79.78721, 13.24518], [79.78672, 13.24569], [79.78595, 13.24657], [79.78503, 13.2478], [79.78462, 13.24819], [79.78434, 13.24838], [79.78376, 13.24862], [79.78308, 13.24879], [79.78285, 13.24891], [79.78243, 13.24952], [79.78217, 13.25017], [79.78202, 13.25095], [79.78182, 13.25131], [79.7816, 13.25159], [79.78103, 13.25178], [79.77959, 13.25182], [79.77778, 13.25214], [79.77656, 13.2526], [79.77489, 13.25328], [79.77414, 13.25319], [79.77247, 13.25323], [79.77191, 13.25351], [79.77139, 13.25456], [79.77046, 13.25524], [79.76874, 13.25547], [79.76711, 13.25579], [79.76562, 13.25661], [79.76446, 13.25738], [79.76259, 13.25743], [79.76119, 13.25752], [79.75969, 13.25854], [79.75965, 13.25857], [79.75761, 13.26048], [79.75416, 13.26295], [79.75164, 13.26537], [79.75119, 13.26596], [79.74852, 13.26947], [79.74862, 13.27019], [79.74864, 13.27031], [79.74819, 13.2709], [79.74808, 13.27099], [79.74797, 13.27104], [79.7477, 13.271], [79.74748, 13.27102], [79.74673, 13.271], [79.74632, 13.27102], [79.74603, 13.27099], [79.74515, 13.27097], [79.74476, 13.271], [79.74439, 13.27099], [79.7435, 13.27099], [79.74315, 13.27105], [79.7429, 13.271], [79.74236, 13.27093], [79.74208, 13.27093], [79.74172, 13.27095], [79.74162, 13.27108], [79.74118, 13.27183], [79.74102, 13.27209], [79.74089, 13.2724], [79.74048, 13.27322], [79.74042, 13.27338], [79.74036, 13.27363], [79.74025, 13.27376], [79.73946, 13.27416], [79.73919, 13.27425], [79.73884, 13.27438], [79.73835, 13.2746], [79.7381, 13.27471], [79.73776, 13.27483], [79.73744, 13.27494], [79.73663, 13.27528], [79.73635, 13.27543], [79.73606, 13.27549], [79.73516, 13.27589], [79.73509, 13.27591], [79.73504, 13.27594], [79.73501, 13.27602], [79.735, 13.2761], [79.73498, 13.27631], [79.73495, 13.27657], [79.73495, 13.27711], [79.73492, 13.2775], [79.73482, 13.27774], [79.73477, 13.27858], [79.73465, 13.27889], [79.73445, 13.27917], [79.73405, 13.27994], [79.7339, 13.28026], [79.73364, 13.2806], [79.73322, 13.28135], [79.73311, 13.28161], [79.73291, 13.28197], [79.73281, 13.28214], [79.7327, 13.28227], [79.73203, 13.28243], [79.73161, 13.28256], [79.73123, 13.28264], [79.73096, 13.28273], [79.73077, 13.2828], [79.73065, 13.28287], [79.73063, 13.28293], [79.73066, 13.28303], [79.7307, 13.28314], [79.73074, 13.2834], [79.73075, 13.28343], [79.73077, 13.28372], [79.73096, 13.28435], [79.73118, 13.28471], [79.73155, 13.28522], [79.73174, 13.28556], [79.73188, 13.28582], [79.73233, 13.28649], [79.73249, 13.28673], [79.73256, 13.28692], [79.73304, 13.28769], [79.73318, 13.28785], [79.73332, 13.28818], [79.73358, 13.28862], [79.73371, 13.28882], [79.73374, 13.28884], [79.73378, 13.28888], [79.7339, 13.28894], [79.73404, 13.28902], [79.73438, 13.28916], [79.7352, 13.28952], [79.73543, 13.28967], [79.73578, 13.2898], [79.73653, 13.29011], [79.73684, 13.29031], [79.73718, 13.29042], [79.73795, 13.29078], [79.73827, 13.29098], [79.73854, 13.29108], [79.73879, 13.29116], [79.73912, 13.29134], [79.73924, 13.29135], [79.73946, 13.29121], [79.73979, 13.29105], [79.74059, 13.29055], [79.74089, 13.29037], [79.74122, 13.29021], [79.742, 13.28972], [79.74234, 13.28953], [79.74267, 13.28931], [79.74338, 13.28893], [79.74374, 13.28875], [79.74397, 13.28862], [79.74411, 13.28859], [79.74423, 13.28859], [79.7443, 13.28862], [79.74481, 13.28891], [79.74509, 13.28909], [79.74541, 13.28929], [79.74611, 13.28969], [79.7464, 13.28989], [79.74667, 13.29006], [79.74744, 13.29052], [79.74773, 13.29069], [79.74807, 13.29089], [79.74864, 13.29119], [79.75028, 13.2917], [79.75116, 13.29157], [79.75241, 13.29166], [79.75242, 13.29166], [79.75451, 13.2933], [79.75669, 13.29523], [79.75669, 13.29523], [79.75675, 13.29529], [79.75828, 13.29745], [79.75977, 13.30038], [79.76028, 13.30161], [79.76047, 13.3032], [79.76037, 13.30394], [79.76042, 13.30584], [79.76121, 13.30707], [79.76153, 13.30949], [79.76172, 13.31132], [79.76186, 13.31264], [79.76125, 13.31405], [79.7605, 13.31583], [79.76004, 13.31739], [79.76026, 13.31818], [79.76027, 13.3182], [79.76076, 13.31844], [79.76083, 13.31848], [79.76339, 13.31693], [79.76507, 13.31579], [79.76665, 13.31483], [79.76814, 13.31392], [79.76903, 13.31301], [79.76958, 13.31114], [79.77014, 13.30991], [79.77042, 13.30922], [79.77217, 13.3088]]]}}, {"type": "Feature", "properties": {"taluk": "Uthukkottai", "district": "Thiruvallur", "state": "Tamil Nadu"}, "geometry": {"type": "MultiPolygon", "coordinates": [[[[79.84781, 13.32432], [79.84807, 13.32429], [79.84824, 13.32435], [79.84852, 13.32455], [79.84884, 13.32469], [79.84914, 13.32481], [79.84935, 13.32479], [79.84965, 13.3246], [79.84986, 13.3243], [79.85004, 13.32399], [79.85005, 13.32374], [79.85001, 13.32352], [79.84992, 13.32332], [79.84977, 13.32318], [79.84945, 13.32308], [79.84903, 13.32302], [79.84866, 13.32301], [79.84842, 13.32299], [79.84819, 13.323], [79.84788, 13.32322], [79.84753, 13.32354], [79.84726, 13.32374], [79.84714, 13.32377], [79.84698, 13.32375], [79.8468, 13.32368], [79.84668, 13.32357], [79.84659, 13.32347], [79.84658, 13.32338], [79.84675, 13.32313], [79.84685, 13.32291], [79.84688, 13.32282], [79.84684, 13.32261], [79.84667, 13.32252], [79.84642, 13.32246], [79.84626, 13.32247], [79.846, 13.32264], [79.84579, 13.3229], [79.84561, 13.32302], [79.84537, 13.32311], [79.84511, 13.32304], [79.84492, 13.32294], [79.84484, 13.32274], [79.84478, 13.32251], [79.84477, 13.32243], [79.8447, 13.32226], [79.8446, 13.32209], [79.84437, 13.32188], [79.84407, 13.32171], [79.84373, 13.32163], [79.84337, 13.32167], [79.84316, 13.32177], [79.84295, 13.32195], [79.84283, 13.32217], [79.84268, 13.32258], [79.84265, 13.32324], [79.84273, 13.32415], [79.84291, 13.32465], [79.84324, 13.32498], [79.84368, 13.3252], [79.84432, 13.32557], [79.84508, 13.32653], [79.8455, 13.32731], [79.84567, 13.32758], [79.84623, 13.32674], [79.8469, 13.32581], [79.84727, 13.32527], [79.8474, 13.32481], [79.84752, 13.32448], [79.84765, 13.32435], [79.84781, 13.32432]]], [[[79.93687, 13.34822], [79.93788, 13.34812], [79.93862, 13.34814], [79.93957, 13.34831], [79.94104, 13.34878], [79.94248, 13.34918], [79.94361, 13.34957], [79.94471, 13.34982], [79.94622, 13.34999], [79.94733, 13.34998], [79.94736, 13.34998], [79.9485, 13.35005], [79.94944, 13.35034], [79.9505, 13.35045], [79.9512, 13.3504], [79.95192, 13.35031], [79.95195, 13.35031], [79.95404, 13.34968], [79.95593, 13.34858], [79.95758, 13.34792], [79.95912, 13.34728], [79.96091, 13.3463], [79.96095, 13.34628], [79.96197, 13.34593], [79.96256, 13.34591], [79.96275, 13.34586], [79.96353, 13.34593], [79.96471, 13.34628], [79.96625, 13.3467], [79.96751, 13.34705], [79.96858, 13.34738], [79.96997, 13.34779], [79.97092, 13.34819], [79.97193, 13.34856], [79.97281, 13.34914], [79.97411, 13.34999], [79.97516, 13.35063], [79.97579, 13.35109], [79.9768, 13.3514], [79.97711, 13.35145], [79.97715, 13.35146], [79.97863, 13.35208], [79.97979, 13.35238], [79.98116, 13.3529], [79.98204, 13.35314], [79.98204, 13.35314], [79.98205, 13.35314], [79.98304, 13.3533], [79.98312, 13.35331], [79.98312, 13.35331], [79.98312, 13.35331], [79.98316, 13.35331], [79.98482, 13.35348], [79.98627, 13.3535], [79.98814, 13.35312], [79.98857, 13.35304], [79.98857, 13.35303], [79.99215, 13.35178], [79.99218, 13.35177], [79.99861, 13.34972], [80.00108, 13.3491], [80.00112, 13.34909], [80.00132, 13.3484], [80.00164, 13.34731], [80.00186, 13.34605], [80.00237, 13.3447], [80.00288, 13.34373], [80.00291, 13.34344], [80.00291, 13.34342], [80.00295, 13.34301], [80.00282, 13.34115], [80.0027, 13.33945], [80.00269, 13.33928], [80.0026, 13.33864], [80.00245, 13.33723], [80.00212, 13.33612], [80.0009, 13.33319], [80.00064, 13.33249], [80.00063, 13.33247], [80.00128, 13.33225], [80.00254, 13.33206], [80.00257, 13.33153], [80.0026, 13.3309], [80.00283, 13.33034], [80.00315, 13.32994], [80.00339, 13.32942], [80.00344, 13.32827], [80.00367, 13.32582], [80.00387, 13.32292], [80.00388, 13.32283], [80.00393, 13.32204], [80.00457, 13.32201], [80.00659, 13.32181], [80.00676, 13.32137], [80.00835, 13.32127], [80.00837, 13.32127], [80.00838, 13.32127], [80.01027, 13.32111], [80.01069, 13.32072], [80.01111, 13.32033], [80.01309, 13.32057], [80.01441, 13.3218], [80.01539, 13.32165], [80.01609, 13.32185], [80.01652, 13.32205], [80.01798, 13.32282], [80.01934, 13.32353], [80.02192, 13.32535], [80.0227, 13.32626], [80.02323, 13.32652], [80.02326, 13.32538], [80.02341, 13.32341], [80.02399, 13.32351], [80.02473, 13.32351], [80.02474, 13.32351], [80.0248, 13.32351], [80.02643, 13.32168], [80.02698, 13.32122], [80.02701, 13.32119], [80.02878, 13.32089], [80.02996, 13.3207], [80.03119, 13.3206], [80.03125, 13.3206], [80.0313, 13.32059], [80.03139, 13.31993], [80.03167, 13.31848], [80.03172, 13.31822], [80.03218, 13.31854], [80.03259, 13.319], [80.03312, 13.31914], [80.03383, 13.31936], [80.03516, 13.31943], [80.03641, 13.3195], [80.03704, 13.31769], [80.03807, 13.31706], [80.03932, 13.31668], [80.03955, 13.31479], [80.03966, 13.31307], [80.03967, 13.31286], [80.04084, 13.31281], [80.04212, 13.31284], [80.04463, 13.3127], [80.04443, 13.31335], [80.0444, 13.31344], [80.04419, 13.31412], [80.04363, 13.31596], [80.04288, 13.31878], [80.04256, 13.32002], [80.04239, 13.32128], [80.04236, 13.32202], [80.04284, 13.32303], [80.04414, 13.32435], [80.0459, 13.32524], [80.04711, 13.32565], [80.05042, 13.32642], [80.05045, 13.32643], [80.0508, 13.32651], [80.05267, 13.3269], [80.05395, 13.32703], [80.05462, 13.3272], [80.05657, 13.32728], [80.05973, 13.32682], [80.06067, 13.32665], [80.06071, 13.32664], [80.06094, 13.3266], [80.06165, 13.32657], [80.06294, 13.32676], [80.06431, 13.32707], [80.06546, 13.32769], [80.06637, 13.32843], [80.06698, 13.32932], [80.06743, 13.3297], [80.06846, 13.33056], [80.0689, 13.33091], [80.06995, 13.33123], [80.07063, 13.33131], [80.07117, 13.33131], [80.0712, 13.33131], [80.07132, 13.33131], [80.07257, 13.33093], [80.0721, 13.32938], [80.07183, 13.32791], [80.07154, 13.32632], [80.07061, 13.32469], [80.0714, 13.32424], [80.07149, 13.32374], [80.07141, 13.32314], [80.07144, 13.32252], [80.07216, 13.32247], [80.07201, 13.32092], [80.07189, 13.31905], [80.0719, 13.31853], [80.07192, 13.3172], [80.07203, 13.31688], [80.07209, 13.31671], [80.07333, 13.31665], [80.07408, 13.31661], [80.0753, 13.31655], [80.07648, 13.31657], [80.07696, 13.31666], [80.0777, 13.31693], [80.07884, 13.31685], [80.0791, 13.31682], [80.0792, 13.3168], [80.07979, 13.31672], [80.08034, 13.3165], [80.08161, 13.31615], [80.08323, 13.31552], [80.08375, 13.31524], [80.08466, 13.31469], [80.08589, 13.31442], [80.08655, 13.31431], [80.08664, 13.3143], [80.08665, 13.3143], [80.08725, 13.31415], [80.08781, 13.314], [80.08831, 13.31373], [80.08881, 13.31347], [80.08941, 13.3133], [80.08996, 13.31317], [80.09018, 13.31318], [80.09103, 13.31324], [80.09236, 13.31305], [80.09269, 13.313], [80.09299, 13.31267], [80.09327, 13.31261], [80.09371, 13.31209], [80.09437, 13.31171], [80.09585, 13.31081], [80.09663, 13.3108], [80.1001, 13.31042], [80.10336, 13.31016], [80.10595, 13.30992], [80.10712, 13.30982], [80.1072, 13.30982], [80.10765, 13.30978], [80.10952, 13.30968], [80.11085, 13.30964], [80.1118, 13.30875], [80.11282, 13.30806], [80.11332, 13.30766], [80.11399, 13.30773], [80.11423, 13.3073], [80.11484, 13.30722], [80.11484, 13.30632], [80.11579, 13.30594], [80.11766, 13.30534], [80.11877, 13.30502], [80.12129, 13.3042], [80.12138, 13.30369], [80.12145, 13.30322], [80.12146, 13.30271], [80.12216, 13.3022], [80.12367, 13.30123], [80.12407, 13.30083], [80.12494, 13.29984], [80.12475, 13.29945], [80.1251, 13.29906], [80.125, 13.29864], [80.12483, 13.29803], [80.1247, 13.29754], [80.12376, 13.29743], [80.12297, 13.29725], [80.12287, 13.2969], [80.1231, 13.29634], [80.12363, 13.29587], [80.12343, 13.29509], [80.12336, 13.29453], [80.12335, 13.29394], [80.12363, 13.29335], [80.12379, 13.29276], [80.12399, 13.29218], [80.12407, 13.29153], [80.12305, 13.29093], [80.12272, 13.29048], [80.1226, 13.2903], [80.12239, 13.29002], [80.12205, 13.28951], [80.12162, 13.28903], [80.1214, 13.28836], [80.12194, 13.28764], [80.12118, 13.28677], [80.12214, 13.28672], [80.12268, 13.28669], [80.12441, 13.28672], [80.12454, 13.28604], [80.12486, 13.28414], [80.12532, 13.28245], [80.12555, 13.28116], [80.12569, 13.27991], [80.12496, 13.27961], [80.12447, 13.27919], [80.12381, 13.27817], [80.12367, 13.27722], [80.12366, 13.27714], [80.12355, 13.27642], [80.12343, 13.27507], [80.12341, 13.27449], [80.1235, 13.27387], [80.12359, 13.27264], [80.12356, 13.27201], [80.12333, 13.27132], [80.12317, 13.2708], [80.12316, 13.26962], [80.12309, 13.26897], [80.12399, 13.26905], [80.12398, 13.26884], [80.12397, 13.26792], [80.12391, 13.26549], [80.12407, 13.26469], [80.12409, 13.26419], [80.12431, 13.26361], [80.12437, 13.26254], [80.12428, 13.26202], [80.12424, 13.26192], [80.12422, 13.26186], [80.1241, 13.26155], [80.12428, 13.2613], [80.12424, 13.26092], [80.12519, 13.25949], [80.12563, 13.25894], [80.12577, 13.25845], [80.12582, 13.25779], [80.12628, 13.25766], [80.12643, 13.25721], [80.12679, 13.25685], [80.12738, 13.25671], [80.12807, 13.25653], [80.12931, 13.25644], [80.12949, 13.25643], [80.13121, 13.2563], [80.1313, 13.25505], [80.1316, 13.25267], [80.13194, 13.25135], [80.13203, 13.25027], [80.13192, 13.24944], [80.13124, 13.24921], [80.13158, 13.24721], [80.13156, 13.24717], [80.13045, 13.24499], [80.12807, 13.2446], [80.12659, 13.24643], [80.1254, 13.24587], [80.12484, 13.24587], [80.12291, 13.2462], [80.12172, 13.24609], [80.1204, 13.24562], [80.1203, 13.24558], [80.11877, 13.24447], [80.11809, 13.24336], [80.11764, 13.24153], [80.11731, 13.23786], [80.1167, 13.23529], [80.11669, 13.23525], [80.11663, 13.23515], [80.11557, 13.23351], [80.11555, 13.23349], [80.11547, 13.23343], [80.11471, 13.23353], [80.11237, 13.23386], [80.11235, 13.23386], [80.1112, 13.23388], [80.10994, 13.23392], [80.1087, 13.23384], [80.10811, 13.2338], [80.10464, 13.23341], [80.10464, 13.2334], [80.10263, 13.23124], [80.10256, 13.23115], [80.1025, 13.23108], [80.09922, 13.2267], [80.09948, 13.22459], [80.09975, 13.22303], [80.10041, 13.21903], [80.10008, 13.21791], [80.09742, 13.21681], [80.09749, 13.21529], [80.09744, 13.21529], [80.09741, 13.21529], [80.09459, 13.21556], [80.09341, 13.21443], [80.09244, 13.21434], [80.09064, 13.21437], [80.08771, 13.21131], [80.08768, 13.21129], [80.08637, 13.21045], [80.0816, 13.21206], [80.08107, 13.2113], [80.07733, 13.21178], [80.0748, 13.21189], [80.07655, 13.21531], [80.07693, 13.216], [80.08053, 13.21835], [80.08063, 13.21842], [80.08318, 13.22008], [80.08421, 13.2206], [80.08577, 13.22085], [80.08645, 13.22237], [80.08751, 13.22375], [80.08766, 13.22596], [80.0879, 13.23125], [80.0879, 13.23128], [80.08785, 13.23131], [80.08619, 13.23253], [80.0846, 13.23271], [80.08301, 13.23249], [80.07924, 13.232], [80.07902, 13.23198], [80.07891, 13.23198], [80.07526, 13.23174], [80.0719, 13.23217], [80.06971, 13.23284], [80.0665, 13.23451], [80.06363, 13.23582], [80.0612, 13.23667], [80.05902, 13.23706], [80.05898, 13.23706], [80.05651, 13.23706], [80.05459, 13.23705], [80.05403, 13.23794], [80.05275, 13.23977], [80.05042, 13.24309], [80.04865, 13.24303], [80.04763, 13.24293], [80.04756, 13.24292], [80.04653, 13.24281], [80.04458, 13.24263], [80.04457, 13.24263], [80.04432, 13.24205], [80.04395, 13.24009], [80.04439, 13.23838], [80.0457, 13.23631], [80.04621, 13.23505], [80.04627, 13.23377], [80.04609, 13.23264], [80.04562, 13.2316], [80.045, 13.23047], [80.04407, 13.22952], [80.04238, 13.22888], [80.04086, 13.22866], [80.03964, 13.22826], [80.03828, 13.22787], [80.03666, 13.22783], [80.03662, 13.22784], [80.03606, 13.22805], [80.03541, 13.22828], [80.03161, 13.22977], [80.0302, 13.2303], [80.03019, 13.2303], [80.03013, 13.23032], [80.03009, 13.23034], [80.02865, 13.23087], [80.02525, 13.23129], [80.02168, 13.23147], [80.02018, 13.2318], [80.01763, 13.23207], [80.01761, 13.23207], [80.01523, 13.23191], [80.01407, 13.23145], [80.01174, 13.23035], [80.00937, 13.22912], [80.00825, 13.22885], [80.00673, 13.22903], [80.00579, 13.22918], [80.00483, 13.2293], [80.00243, 13.2292], [80.00133, 13.22813], [79.99937, 13.22803], [79.99937, 13.22806], [79.99937, 13.22809], [79.99928, 13.23066], [79.99971, 13.23261], [79.99996, 13.23343], [80.00055, 13.23389], [80.00023, 13.23597], [80.00051, 13.23636], [80.00038, 13.23713], [80.00051, 13.23771], [80.00107, 13.23789], [80.00053, 13.24296], [80.00027, 13.24516], [80.00027, 13.24516], [80.00092, 13.24645], [80.00214, 13.24718], [80.00497, 13.24783], [80.00822, 13.24744], [80.00974, 13.24668], [80.01009, 13.24573], [80.01009, 13.24457], [80.00966, 13.24371], [80.01047, 13.24225], [80.01364, 13.24253], [80.01558, 13.24314], [80.01561, 13.24315], [80.01565, 13.24316], [80.01739, 13.2437], [80.01903, 13.24523], [80.02006, 13.24639], [80.02018, 13.24722], [80.02018, 13.24724], [80.02021, 13.2513], [80.02045, 13.25217], [80.02093, 13.25403], [80.0226, 13.25443], [80.02422, 13.25468], [80.02578, 13.25503], [80.02703, 13.25523], [80.02787, 13.25494], [80.02807, 13.25457], [80.02862, 13.2542], [80.0289, 13.25396], [80.02931, 13.25243], [80.02963, 13.25161], [80.02966, 13.25129], [80.03111, 13.25092], [80.03163, 13.25078], [80.02962, 13.24997], [80.0259, 13.24874], [80.02462, 13.24815], [80.02297, 13.2474], [80.02297, 13.24724], [80.02297, 13.24704], [80.02305, 13.24673], [80.02356, 13.247], [80.02424, 13.24719], [80.02472, 13.24708], [80.02534, 13.24645], [80.02559, 13.24612], [80.02573, 13.24595], [80.02729, 13.24581], [80.02809, 13.24616], [80.0282, 13.24621], [80.03065, 13.24729], [80.03337, 13.24756], [80.03405, 13.24789], [80.03528, 13.2487], [80.03725, 13.24919], [80.03726, 13.24922], [80.03776, 13.25131], [80.0378, 13.25384], [80.03783, 13.25773], [80.03783, 13.25774], [80.03782, 13.25774], [80.03661, 13.25746], [80.03557, 13.25728], [80.03392, 13.25689], [80.0322, 13.25658], [80.03102, 13.25635], [80.02961, 13.2561], [80.02822, 13.25584], [80.02757, 13.25745], [80.02641, 13.26006], [80.02581, 13.26159], [80.02695, 13.26289], [80.02751, 13.26373], [80.02634, 13.26475], [80.0243, 13.26643], [80.0237, 13.26685], [80.02028, 13.26877], [80.01853, 13.26964], [80.0166, 13.27068], [80.01565, 13.2711], [80.01363, 13.27076], [80.01246, 13.27065], [80.01226, 13.27091], [80.01164, 13.2715], [80.01056, 13.27243], [80.00907, 13.27367], [80.00811, 13.27445], [80.00719, 13.27527], [80.00589, 13.27626], [80.0053, 13.27645], [80.00445, 13.27645], [80.00362, 13.27647], [80.00267, 13.27638], [80.00263, 13.27636], [80.00238, 13.27619], [80.00138, 13.27575], [80.00061, 13.27522], [79.9996, 13.27568], [79.99861, 13.27631], [79.99733, 13.27667], [79.99683, 13.27664], [79.99633, 13.27662], [79.9955, 13.27602], [79.99425, 13.27533], [79.99243, 13.27425], [79.99037, 13.27339], [79.98802, 13.27241], [79.98639, 13.2718], [79.98465, 13.27138], [79.98455, 13.27112], [79.98453, 13.27107], [79.98452, 13.27098], [79.98445, 13.26986], [79.98408, 13.26883], [79.98365, 13.26784], [79.98345, 13.26646], [79.98178, 13.26566], [79.97966, 13.26494], [79.97783, 13.26402], [79.97558, 13.26314], [79.97308, 13.26173], [79.97283, 13.26134], [79.97265, 13.26106], [79.97264, 13.26105], [79.97258, 13.26096], [79.97258, 13.25966], [79.97216, 13.25691], [79.97216, 13.25381], [79.97249, 13.25254], [79.97291, 13.25125], [79.97281, 13.25043], [79.97269, 13.25002], [79.97226, 13.2486], [79.97217, 13.24804], [79.97229, 13.24622], [79.97217, 13.24543], [79.97207, 13.24368], [79.97203, 13.24313], [79.97203, 13.24313], [79.97184, 13.24065], [79.97222, 13.23367], [79.97222, 13.23366], [79.97058, 13.23256], [79.97006, 13.23221], [79.96734, 13.23034], [79.96732, 13.23032], [79.96699, 13.23017], [79.96561, 13.22954], [79.96373, 13.22829], [79.96339, 13.22807], [79.96339, 13.22807], [79.96058, 13.22623], [79.95915, 13.22463], [79.95915, 13.22462], [79.9586, 13.224], [79.9586, 13.224], [79.95813, 13.22345], [79.9577, 13.22295], [79.9577, 13.22295], [79.9566, 13.22267], [79.95638, 13.22261], [79.95374, 13.22195], [79.95349, 13.22268], [79.95345, 13.22268], [79.95199, 13.22245], [79.95089, 13.22221], [79.94964, 13.22236], [79.94925, 13.22094], [79.94921, 13.22095], [79.9476, 13.22105], [79.94374, 13.22181], [79.94365, 13.22182], [79.94364, 13.22182], [79.94272, 13.22187], [79.94272, 13.22187], [79.94248, 13.22189], [79.94234, 13.2219], [79.94104, 13.22201], [79.93974, 13.22216], [79.93845, 13.22235], [79.93781, 13.22246], [79.93781, 13.22246], [79.93733, 13.22254], [79.93532, 13.22349], [79.93414, 13.22403], [79.93371, 13.22422], [79.93371, 13.22422], [79.93215, 13.22489], [79.93241, 13.2264], [79.93226, 13.22793], [79.93347, 13.22819], [79.93359, 13.22901], [79.93469, 13.22976], [79.93483, 13.23021], [79.93495, 13.23161], [79.935, 13.23415], [79.93501, 13.23488], [79.93505, 13.23711], [79.93428, 13.23744], [79.93425, 13.23832], [79.93012, 13.2398], [79.93005, 13.23944], [79.92664, 13.23984], [79.92652, 13.24037], [79.92314, 13.24095], [79.92318, 13.24055], [79.92319, 13.24052], [79.92319, 13.24047], [79.92332, 13.23871], [79.92425, 13.2353], [79.92425, 13.2353], [79.92438, 13.23481], [79.92479, 13.2334], [79.92597, 13.23293], [79.92644, 13.23257], [79.92685, 13.23209], [79.92693, 13.23175], [79.92693, 13.23175], [79.92709, 13.23098], [79.92709, 13.23097], [79.92724, 13.23025], [79.92755, 13.22959], [79.92886, 13.22745], [79.9291, 13.22683], [79.92862, 13.22585], [79.92712, 13.22553], [79.92694, 13.22398], [79.92678, 13.22255], [79.92498, 13.21995], [79.92337, 13.21857], [79.92307, 13.21843], [79.92223, 13.21802], [79.92069, 13.21768], [79.91922, 13.21751], [79.91757, 13.21712], [79.91757, 13.21712], [79.9163, 13.2168], [79.91615, 13.21675], [79.91615, 13.21676], [79.91435, 13.21626], [79.91364, 13.21617], [79.91363, 13.21617], [79.91354, 13.21616], [79.91124, 13.21585], [79.91124, 13.21585], [79.90994, 13.21569], [79.9087, 13.21558], [79.90871, 13.21558], [79.90566, 13.21533], [79.9051, 13.21569], [79.90401, 13.2164], [79.90301, 13.21709], [79.90301, 13.21709], [79.90205, 13.21777], [79.90114, 13.21816], [79.90033, 13.21805], [79.8988, 13.21794], [79.89778, 13.21914], [79.89728, 13.22002], [79.89267, 13.21948], [79.89209, 13.22125], [79.89209, 13.22125], [79.89171, 13.22248], [79.89137, 13.22371], [79.89115, 13.22459], [79.8909, 13.22562], [79.89121, 13.22723], [79.89117, 13.22724], [79.88839, 13.22767], [79.88831, 13.22768], [79.88788, 13.22775], [79.88788, 13.22775], [79.88659, 13.22797], [79.88531, 13.22822], [79.88481, 13.22833], [79.8848, 13.22833], [79.88245, 13.22886], [79.8824, 13.22886], [79.87649, 13.22888], [79.87634, 13.22888], [79.87615, 13.22889], [79.87615, 13.22889], [79.87485, 13.22891], [79.87465, 13.22892], [79.8725, 13.22899], [79.86962, 13.22859], [79.86966, 13.22827], [79.8676, 13.22874], [79.86641, 13.22913], [79.86596, 13.22857], [79.86529, 13.22879], [79.86529, 13.22878], [79.86405, 13.22917], [79.86338, 13.22936], [79.86338, 13.22936], [79.86297, 13.22947], [79.86293, 13.22948], [79.86254, 13.22959], [79.86244, 13.22855], [79.86246, 13.22826], [79.86253, 13.22737], [79.86282, 13.22677], [79.86288, 13.22616], [79.86276, 13.22566], [79.86276, 13.22566], [79.86244, 13.22442], [79.86224, 13.22371], [79.86195, 13.2227], [79.86185, 13.2215], [79.8613, 13.21969], [79.86111, 13.21804], [79.8611, 13.21802], [79.86147, 13.21593], [79.86033, 13.21639], [79.86033, 13.21639], [79.85972, 13.21664], [79.85972, 13.21664], [79.85141, 13.22011], [79.85141, 13.22011], [79.85101, 13.22027], [79.84622, 13.22222], [79.84841, 13.22459], [79.84715, 13.22478], [79.84525, 13.22496], [79.84395, 13.22511], [79.84393, 13.22511], [79.84393, 13.22511], [79.84211, 13.22533], [79.842, 13.22499], [79.842, 13.22499], [79.84159, 13.22377], [79.84114, 13.22257], [79.84107, 13.22237], [79.84106, 13.22237], [79.84065, 13.22131], [79.84086, 13.22052], [79.84106, 13.21888], [79.84103, 13.21888], [79.84058, 13.21894], [79.84076, 13.2201], [79.84055, 13.22046], [79.83913, 13.22057], [79.83792, 13.22048], [79.83807, 13.22175], [79.83798, 13.22206], [79.83767, 13.22248], [79.83718, 13.22309], [79.83599, 13.22427], [79.83596, 13.22428], [79.83452, 13.22499], [79.83638, 13.22696], [79.83762, 13.22842], [79.83803, 13.229], [79.83831, 13.22986], [79.83719, 13.22986], [79.83768, 13.23279], [79.83867, 13.23265], [79.84002, 13.23236], [79.84205, 13.23441], [79.8424, 13.23506], [79.84266, 13.23564], [79.84289, 13.23644], [79.84294, 13.23663], [79.84277, 13.23731], [79.84252, 13.23764], [79.84043, 13.23896], [79.8379, 13.24058], [79.83692, 13.24122], [79.8358, 13.24195], [79.83529, 13.24243], [79.83493, 13.24255], [79.83363, 13.24277], [79.83312, 13.24301], [79.83298, 13.24354], [79.83264, 13.24423], [79.83223, 13.24454], [79.83172, 13.24465], [79.83158, 13.2446], [79.83112, 13.24444], [79.82971, 13.24328], [79.82915, 13.24258], [79.82755, 13.24252], [79.82752, 13.24223], [79.82737, 13.24199], [79.82644, 13.24115], [79.82506, 13.24038], [79.82282, 13.23937], [79.82182, 13.23889], [79.819, 13.23647], [79.81668, 13.2349], [79.81595, 13.23435], [79.81587, 13.23429], [79.81476, 13.23346], [79.81287, 13.23202], [79.81221, 13.23189], [79.81224, 13.23313], [79.81228, 13.23437], [79.81215, 13.23477], [79.81179, 13.23503], [79.81087, 13.23542], [79.80866, 13.2362], [79.80758, 13.23658], [79.8076, 13.23696], [79.80776, 13.2373], [79.8081, 13.23888], [79.80838, 13.23885], [79.80836, 13.23981], [79.80863, 13.2398], [79.80859, 13.24066], [79.80873, 13.24105], [79.80866, 13.24128], [79.80819, 13.24163], [79.80791, 13.24181], [79.8083, 13.24261], [79.80862, 13.24411], [79.80794, 13.24426], [79.80706, 13.24443], [79.80699, 13.24396], [79.80635, 13.244], [79.80632, 13.24484], [79.80638, 13.24538], [79.80484, 13.24618], [79.8038, 13.24671], [79.80288, 13.24702], [79.80209, 13.24726], [79.80136, 13.24737], [79.801, 13.24737], [79.79966, 13.2472], [79.79869, 13.24687], [79.79789, 13.24632], [79.79758, 13.24618], [79.79712, 13.24646], [79.79626, 13.24663], [79.7954, 13.24684], [79.79455, 13.24701], [79.79376, 13.24712], [79.79342, 13.24715], [79.79246, 13.24699], [79.79215, 13.24702], [79.7911, 13.24691], [79.79051, 13.24802], [79.79019, 13.24849], [79.79131, 13.24868], [79.79205, 13.24871], [79.79216, 13.24873], [79.79226, 13.2491], [79.79227, 13.24958], [79.79228, 13.24976], [79.79218, 13.25011], [79.79199, 13.25041], [79.79195, 13.25048], [79.7919, 13.25056], [79.79172, 13.25077], [79.79127, 13.25131], [79.79022, 13.25224], [79.79022, 13.25225], [79.7902, 13.25226], [79.79053, 13.25333], [79.791, 13.25421], [79.79107, 13.25463], [79.79104, 13.2553], [79.79128, 13.2555], [79.7918, 13.25536], [79.79251, 13.25425], [79.79334, 13.25309], [79.7945, 13.25224], [79.79536, 13.2518], [79.79587, 13.25161], [79.79726, 13.25178], [79.79828, 13.25191], [79.79931, 13.25181], [79.80028, 13.25178], [79.80071, 13.25132], [79.80129, 13.2507], [79.80201, 13.25055], [79.80272, 13.25066], [79.80289, 13.25132], [79.80306, 13.25195], [79.80341, 13.2537], [79.80359, 13.25522], [79.80375, 13.2562], [79.80385, 13.25842], [79.80385, 13.2592], [79.80384, 13.2595], [79.80403, 13.26109], [79.80408, 13.26154], [79.80414, 13.26255], [79.80415, 13.26282], [79.80405, 13.26337], [79.80406, 13.26339], [79.80423, 13.26396], [79.80426, 13.26503], [79.80417, 13.26534], [79.80261, 13.26718], [79.80143, 13.26862], [79.80079, 13.26951], [79.80073, 13.26975], [79.8008, 13.27011], [79.80109, 13.27155], [79.80133, 13.27232], [79.80186, 13.2758], [79.80204, 13.27703], [79.80222, 13.2787], [79.80227, 13.27911], [79.8026, 13.2803], [79.80276, 13.28089], [79.80293, 13.28168], [79.80306, 13.28264], [79.80291, 13.28322], [79.80277, 13.28368], [79.80271, 13.28386], [79.80273, 13.28448], [79.80285, 13.28502], [79.803, 13.28544], [79.80363, 13.28837], [79.80375, 13.29028], [79.80364, 13.2907], [79.80363, 13.29073], [79.80359, 13.2908], [79.80286, 13.29238], [79.80235, 13.29343], [79.80232, 13.29459], [79.80209, 13.29693], [79.80125, 13.29994], [79.80113, 13.30026], [79.80111, 13.3003], [79.80159, 13.30048], [79.80164, 13.3005], [79.80169, 13.30178], [79.80244, 13.30302], [79.80268, 13.30345], [79.80323, 13.30443], [79.80369, 13.30516], [79.80383, 13.30585], [79.80458, 13.30667], [79.80476, 13.30744], [79.80458, 13.3079], [79.80402, 13.30909], [79.8036, 13.30997], [79.8036, 13.31098], [79.80422, 13.31167], [79.80425, 13.31171], [79.80583, 13.31249], [79.80687, 13.31302], [79.80691, 13.31303], [79.80788, 13.31413], [79.80806, 13.31454], [79.80853, 13.31563], [79.80899, 13.31721], [79.809, 13.31724], [79.8089, 13.31725], [79.81077, 13.31728], [79.81356, 13.31765], [79.81556, 13.31815], [79.81631, 13.31824], [79.81736, 13.31855], [79.81984, 13.31801], [79.82351, 13.31769], [79.82654, 13.31751], [79.82793, 13.31738], [79.82919, 13.31751], [79.82968, 13.31714], [79.82973, 13.31711], [79.8298, 13.31705], [79.82979, 13.31712], [79.82978, 13.31721], [79.83259, 13.31541], [79.83422, 13.31473], [79.83608, 13.31423], [79.83609, 13.31422], [79.8365, 13.31463], [79.83667, 13.31517], [79.83669, 13.31523], [79.83827, 13.31491], [79.8406, 13.31464], [79.84139, 13.31519], [79.84385, 13.31514], [79.84572, 13.31514], [79.84642, 13.31528], [79.84642, 13.31528], [79.84717, 13.31592], [79.84759, 13.31629], [79.84763, 13.31633], [79.84805, 13.3166], [79.84855, 13.3165], [79.84917, 13.31637], [79.84959, 13.31601], [79.85005, 13.31601], [79.85041, 13.31613], [79.85047, 13.31615], [79.85047, 13.31629], [79.85051, 13.31632], [79.85057, 13.31638], [79.8507, 13.31633], [79.85103, 13.3161], [79.85168, 13.31596], [79.85321, 13.31596], [79.85326, 13.31596], [79.8533, 13.31661], [79.85331, 13.31683], [79.85341, 13.3187], [79.8534, 13.32002], [79.85353, 13.32065], [79.85355, 13.32071], [79.85475, 13.32053], [79.85652, 13.32012], [79.85773, 13.31952], [79.8583, 13.31888], [79.8589, 13.31801], [79.86039, 13.31738], [79.86207, 13.31697], [79.86271, 13.31693], [79.86277, 13.31692], [79.86281, 13.31692], [79.86274, 13.31703], [79.8633, 13.31767], [79.86332, 13.3177], [79.86329, 13.31767], [79.86325, 13.31765], [79.86326, 13.31767], [79.86388, 13.32021], [79.86477, 13.32272], [79.8657, 13.32441], [79.86695, 13.32787], [79.86755, 13.32929], [79.86793, 13.33024], [79.86805, 13.33099], [79.86807, 13.33107], [79.86812, 13.33104], [79.86969, 13.33025], [79.87155, 13.32874], [79.87386, 13.32724], [79.87582, 13.32569], [79.87589, 13.32564], [79.87763, 13.32428], [79.87842, 13.32442], [79.8794, 13.32423], [79.87966, 13.32423], [79.87982, 13.32423], [79.88024, 13.32423], [79.88024, 13.32423], [79.88079, 13.32473], [79.88085, 13.32478], [79.88178, 13.32405], [79.88284, 13.32336], [79.88287, 13.32334], [79.8829, 13.32332], [79.88294, 13.32542], [79.88262, 13.3277], [79.88262, 13.32889], [79.8829, 13.33026], [79.88332, 13.33131], [79.8835, 13.33285], [79.8835, 13.33286], [79.88457, 13.33357], [79.88499, 13.33386], [79.88681, 13.3351], [79.89002, 13.33496], [79.89217, 13.33523], [79.89427, 13.33678], [79.89515, 13.33669], [79.89636, 13.33697], [79.89813, 13.33801], [79.89838, 13.33817], [79.90018, 13.33937], [79.90176, 13.34011], [79.90377, 13.34042], [79.90381, 13.34043], [79.90446, 13.34198], [79.90515, 13.34351], [79.90516, 13.34353], [79.90777, 13.34508], [79.90842, 13.34563], [79.90912, 13.34621], [79.91038, 13.34727], [79.91243, 13.34772], [79.9148, 13.34813], [79.91484, 13.34814], [79.91485, 13.34814], [79.91518, 13.35061], [79.91471, 13.35061], [79.9149, 13.35156], [79.91336, 13.35224], [79.91532, 13.35489], [79.91681, 13.35808], [79.91579, 13.35827], [79.91597, 13.35981], [79.91597, 13.35987], [79.91605, 13.35986], [79.9211, 13.35932], [79.92529, 13.35836], [79.92654, 13.35708], [79.92741, 13.35695], [79.92776, 13.3569], [79.92757, 13.35603], [79.92921, 13.35562], [79.92976, 13.3548], [79.9313, 13.35151], [79.93256, 13.34974], [79.93336, 13.34869], [79.9334, 13.34865], [79.93498, 13.34843], [79.93532, 13.34838], [79.93535, 13.34838], [79.93687, 13.34822]]]]}}]}