{"type": "FeatureCollection", "features": [{"type": "Feature", "properties": {"zone": "II", "zone_name": "MANALI", "region": "North"}, "geometry": {"type": "Polygon", "coordinates": [[[80.2690145, 13.1612654], [80.269178, 13.1612382], [80.269113, 13.161358], [80.2691076, 13.1613598], [80.2691521, 13.1613523], [80.2691874, 13.1613462], [80.2692119, 13.1613421], [80.2692404, 13.1613372], [80.2693822, 13.1613131], [80.2694473, 13.161302], [80.2695494, 13.1612818], [80.2696605, 13.1612598], [80.269789, 13.1612344], [80.2698123, 13.1612298], [80.2698491, 13.1612169], [80.2699018, 13.161209], [80.2718687, 13.1609146], [80.2764323, 13.1600876], [80.2776069, 13.1598388], [80.2776308, 13.1602947], [80.2784264, 13.1601874], [80.278893, 13.1601903], [80.279355, 13.1605616], [80.2826646, 13.1635812], [80.2869573, 13.1735254], [80.2862787, 13.1817975], [80.2908601, 13.1815146], [80.2909815, 13.1814883], [80.2938991, 13.1804847], [80.2956601, 13.1833257], [80.2987306, 13.1879028], [80.2996221, 13.1876607], [80.3004175, 13.1899136], [80.3025486, 13.1917927], [80.3025516, 13.1930283], [80.3040747, 13.1970314], [80.3049776, 13.1976595], [80.3042305, 13.1977447], [80.3068856, 13.2028778], [80.3088129, 13.207089], [80.3082832, 13.2109407], [80.3132465, 13.2200695], [80.3063436, 13.2115939], [80.3009635, 13.2108669], [80.3004046, 13.2126926], [80.2984733, 13.2132978], [80.2977516, 13.2171799], [80.293799, 13.2202624], [80.2935267, 13.2202507], [80.2932952, 13.2203149], [80.2926737, 13.2202499], [80.2924177, 13.220389], [80.2921021, 13.2203934], [80.2919274, 13.2203958], [80.2918959, 13.2205206], [80.2918555, 13.2206805], [80.2891572, 13.2210035], [80.2868269, 13.2242334], [80.286404, 13.2242316], [80.2861127, 13.2243544], [80.2861166, 13.2245318], [80.2859303, 13.2245823], [80.2860112, 13.2254973], [80.2855283, 13.2256698], [80.285547, 13.2262037], [80.2854417, 13.2263474], [80.285326, 13.2265052], [80.285029, 13.2265416], [80.284624, 13.2266963], [80.2838672, 13.2274062], [80.2834686, 13.2272934], [80.2830529, 13.2272088], [80.2820073, 13.2271028], [80.2816304, 13.2269652], [80.2808723, 13.2271227], [80.280033, 13.226725], [80.2797931, 13.2268231], [80.278292, 13.2266101], [80.277846, 13.2264266], [80.2774608, 13.2263864], [80.2770963, 13.2263068], [80.2759997, 13.2263346], [80.2755313, 13.2262179], [80.2739258, 13.2264262], [80.2734351, 13.2265688], [80.2732031, 13.2262995], [80.2730931, 13.2263733], [80.2705334, 13.2247529], [80.2696575, 13.2246237], [80.2691633, 13.2246534], [80.2690568, 13.2245433], [80.2688269, 13.2245897], [80.268421, 13.2245676], [80.2681174, 13.2243505], [80.2681006, 13.2242245], [80.2678262, 13.2242247], [80.2677948, 13.2240051], [80.267159, 13.2240032], [80.2668099, 13.223569], [80.2672491, 13.2225837], [80.2682127, 13.2220687], [80.2688507, 13.2214287], [80.2699051, 13.2204178], [80.270315, 13.2205327], [80.272416, 13.2167124], [80.2720986, 13.2143837], [80.2718981, 13.214108], [80.2716357, 13.2126903], [80.2715627, 13.2124409], [80.2718211, 13.2124088], [80.2713639, 13.2102296], [80.2711533, 13.2088919], [80.2708348, 13.2089549], [80.2704657, 13.2074678], [80.270124, 13.2055436], [80.270393, 13.2055527], [80.2700733, 13.2037371], [80.2700738, 13.2035707], [80.2690755, 13.2035599], [80.2682675, 13.2036005], [80.2655183, 13.2034703], [80.2655065, 13.2035923], [80.2647179, 13.2039439], [80.2637864, 13.2040317], [80.2606521, 13.2049909], [80.2599974, 13.2050289], [80.2588003, 13.2051435], [80.2566203, 13.2053976], [80.2562194, 13.2055938], [80.255723, 13.2059134], [80.2534232, 13.2056806], [80.2504867, 13.2060302], [80.2498985, 13.2055856], [80.2501774, 13.2043718], [80.2495746, 13.1995768], [80.2494865, 13.1995782], [80.2494416, 13.1985361], [80.2471724, 13.1985133], [80.2444998, 13.1988134], [80.2434209, 13.1989597], [80.2426362, 13.1990162], [80.240691, 13.1992185], [80.2389138, 13.1993869], [80.2389154, 13.1976881], [80.238797, 13.1963276], [80.2337183, 13.196865], [80.2287071, 13.1975863], [80.2286479, 13.1975211], [80.2286022, 13.1974708], [80.22862, 13.1973845], [80.2286564, 13.1972797], [80.2286835, 13.1971872], [80.2286746, 13.1970068], [80.2285892, 13.1969463], [80.228592, 13.1968758], [80.2285989, 13.1967066], [80.2286373, 13.1965126], [80.2286449, 13.196359], [80.2286346, 13.1962854], [80.2286054, 13.1962089], [80.2286121, 13.1961664], [80.228674, 13.196095], [80.2287912, 13.1959278], [80.2288591, 13.1958287], [80.2294764, 13.1954806], [80.2297651, 13.1947958], [80.2300491, 13.1941419], [80.2300738, 13.1941078], [80.2302036, 13.1936793], [80.2303736, 13.1929283], [80.2303728, 13.1928607], [80.2303201, 13.1923944], [80.2302559, 13.191753], [80.2303042, 13.1915988], [80.2303384, 13.1913097], [80.2304194, 13.1912596], [80.230525, 13.1908435], [80.2306706, 13.1906821], [80.2307376, 13.1905124], [80.2309334, 13.1900893], [80.2310052, 13.1899512], [80.2311102, 13.1898149], [80.2312221, 13.1897183], [80.2314189, 13.1896485], [80.2317097, 13.189553], [80.2317377, 13.1893947], [80.2317316, 13.1892886], [80.231708, 13.1891703], [80.2316482, 13.1890677], [80.2315077, 13.1889575], [80.2312227, 13.1887761], [80.2312377, 13.1886808], [80.2312936, 13.1886343], [80.2313103, 13.1885419], [80.2313744, 13.1884331], [80.2313851, 13.1880425], [80.2314855, 13.1878797], [80.2314675, 13.1873832], [80.2313484, 13.1873351], [80.231337, 13.1871968], [80.2314057, 13.1871402], [80.2314975, 13.1870647], [80.2314881, 13.1869909], [80.2314889, 13.1868948], [80.2314384, 13.1866026], [80.2314051, 13.1865447], [80.2313261, 13.1864512], [80.231291, 13.1863234], [80.2313197, 13.186105], [80.2312952, 13.1858976], [80.2312488, 13.1856954], [80.231206, 13.1855269], [80.2312618, 13.1854574], [80.231387, 13.1847024], [80.230751, 13.1846153], [80.2306583, 13.1846659], [80.2304322, 13.1846397], [80.2303293, 13.184311], [80.2296784, 13.1841544], [80.2295739, 13.1841292], [80.2292231, 13.1844466], [80.2286211, 13.1849619], [80.2284481, 13.1849271], [80.2282846, 13.1849044], [80.2281809, 13.1848933], [80.2280375, 13.18474], [80.227725, 13.1844648], [80.2275165, 13.1844712], [80.2272991, 13.1847077], [80.2268092, 13.1847939], [80.2264702, 13.1848117], [80.2263071, 13.1848866], [80.2260883, 13.1850315], [80.2257745, 13.1850381], [80.2253021, 13.1851664], [80.2250676, 13.1852367], [80.2246206, 13.1853813], [80.224567, 13.1853574], [80.2244352, 13.185362], [80.2243544, 13.1854243], [80.223814, 13.1853783], [80.223616, 13.1851464], [80.2233449, 13.1850136], [80.2231858, 13.1849846], [80.2230288, 13.1849772], [80.2229, 13.1849602], [80.2226295, 13.1849111], [80.2225412, 13.1845108], [80.2218348, 13.1844861], [80.2216926, 13.18427], [80.2215085, 13.1842041], [80.2213144, 13.1838563], [80.2210009, 13.1836848], [80.220135, 13.1825277], [80.2198038, 13.1820583], [80.2197305, 13.180782], [80.2197871, 13.1807447], [80.2209734, 13.180582], [80.2233623, 13.1801609], [80.2235136, 13.1801224], [80.2234369, 13.1783938], [80.2233642, 13.1768549], [80.2227989, 13.176908], [80.2207721, 13.1774544], [80.2197617, 13.1778038], [80.2192478, 13.1778359], [80.2187867, 13.1780155], [80.2186635, 13.177988], [80.2181059, 13.1781591], [80.2180469, 13.1782256], [80.2170551, 13.1786893], [80.2169778, 13.1786959], [80.2167696, 13.1785525], [80.2167223, 13.1784289], [80.2163627, 13.1782731], [80.2162616, 13.1781232], [80.2158035, 13.1778816], [80.2157344, 13.1777728], [80.2155099, 13.1776488], [80.2153383, 13.1776163], [80.2152085, 13.1774333], [80.2146718, 13.1771863], [80.2145969, 13.1771767], [80.2144137, 13.1770275], [80.214286, 13.1770085], [80.2142351, 13.1768654], [80.2141033, 13.1768248], [80.2137174, 13.1769838], [80.2131983, 13.1774107], [80.2127182, 13.177685], [80.2123971, 13.177934], [80.2125903, 13.1785681], [80.2129658, 13.1789452], [80.2130325, 13.1795949], [80.2130899, 13.1802028], [80.2129079, 13.1802756], [80.2126694, 13.1802941], [80.212378, 13.1802533], [80.2120295, 13.1803245], [80.2117555, 13.1802868], [80.2116682, 13.180134], [80.2108736, 13.1798798], [80.210737, 13.179526], [80.2107244, 13.1792566], [80.2108495, 13.1790272], [80.2106882, 13.1782394], [80.2106881, 13.1779242], [80.2105149, 13.1770293], [80.2104311, 13.1760453], [80.2103063, 13.1750176], [80.2100094, 13.1749629], [80.2098301, 13.17504], [80.2097583, 13.1750126], [80.2094253, 13.1750322], [80.2093062, 13.1748408], [80.2090393, 13.1748924], [80.2088118, 13.1747062], [80.2086472, 13.1746803], [80.2084466, 13.1745721], [80.2093907, 13.1741381], [80.2105687, 13.1738234], [80.2127811, 13.1730124], [80.2148055, 13.172159], [80.215099, 13.1722053], [80.2165147, 13.1720346], [80.2165291, 13.1722997], [80.2171898, 13.1720952], [80.2173506, 13.1719463], [80.2174303, 13.1717608], [80.2173794, 13.1714981], [80.2174495, 13.1713481], [80.2175044, 13.1709951], [80.2175777, 13.1709428], [80.217727, 13.169719], [80.2189219, 13.1690083], [80.2194971, 13.1686212], [80.2198866, 13.1686404], [80.2201388, 13.16884], [80.2200933, 13.1691863], [80.2202446, 13.1692712], [80.2203215, 13.1694325], [80.2207918, 13.1697316], [80.2215023, 13.1699081], [80.2216994, 13.169843], [80.2218254, 13.1699082], [80.2224239, 13.1699105], [80.2229714, 13.1707084], [80.2232847, 13.1706919], [80.2235261, 13.1708842], [80.2249029, 13.171708], [80.2254503, 13.171589], [80.2260012, 13.1712882], [80.2266597, 13.1713281], [80.2267528, 13.1707383], [80.2267995, 13.1706572], [80.2267667, 13.1705559], [80.2267425, 13.1699694], [80.2266677, 13.1695326], [80.2261915, 13.1690956], [80.225616, 13.1685656], [80.2256226, 13.1679953], [80.2256189, 13.1662158], [80.2255675, 13.1655249], [80.2253805, 13.1635446], [80.2254378, 13.163541], [80.2261757, 13.1634944], [80.226258, 13.1635704], [80.2263739, 13.163528], [80.2270828, 13.1634759], [80.2279012, 13.1634632], [80.2281193, 13.1634956], [80.2285796, 13.1631925], [80.2291729, 13.1636245], [80.2310593, 13.1641831], [80.2312179, 13.1650118], [80.2314475, 13.1656825], [80.231513, 13.166025], [80.2317948, 13.1659776], [80.2320823, 13.1667103], [80.2343859, 13.1662657], [80.2361443, 13.1658959], [80.2361895, 13.1657522], [80.2370985, 13.1656175], [80.2377178, 13.1654845], [80.2378162, 13.1652348], [80.2384493, 13.1653435], [80.2392965, 13.1651941], [80.240455, 13.1654576], [80.2412429, 13.1660509], [80.2424473, 13.1662537], [80.244185, 13.1666263], [80.2448166, 13.166858], [80.2491721, 13.167112], [80.2506677, 13.1669846], [80.2506729, 13.1663992], [80.2521049, 13.1657071], [80.2536117, 13.165052], [80.2537776, 13.1649783], [80.253958, 13.1648697], [80.2539601, 13.1648684], [80.2541929, 13.1647616], [80.254212, 13.164753], [80.254356, 13.1646868], [80.2543952, 13.1646699], [80.2544363, 13.1646513], [80.2545696, 13.1645909], [80.2549176, 13.1644444], [80.2550249, 13.1643992], [80.2553878, 13.1642432], [80.2554603, 13.1642132], [80.255565, 13.1641699], [80.2556033, 13.1641559], [80.2556483, 13.1641357], [80.2557167, 13.1641078], [80.255874, 13.1640434], [80.2560247, 13.1639921], [80.2560913, 13.1639695], [80.256209, 13.1639295], [80.2562501, 13.1639155], [80.2562987, 13.163899], [80.2563212, 13.1638914], [80.2564315, 13.1638532], [80.2564507, 13.1638462], [80.256454, 13.163845], [80.2564495, 13.1638278], [80.2564883, 13.1638356], [80.2565042, 13.1638309], [80.2567601, 13.1637542], [80.2567688, 13.1637523], [80.2567873, 13.1637498], [80.2569906, 13.1637222], [80.2571219, 13.1637044], [80.2571604, 13.1636992], [80.2572267, 13.1636902], [80.2573121, 13.1636792], [80.2574096, 13.1636667], [80.2574372, 13.1636631], [80.2574731, 13.1636583], [80.2577035, 13.1636296], [80.2579037, 13.1636048], [80.2580001, 13.163592], [80.2581963, 13.1635655], [80.2583122, 13.1635498], [80.258343, 13.1635457], [80.2583723, 13.1635417], [80.2583882, 13.1635396], [80.2585171, 13.1635221], [80.2585458, 13.1635163], [80.2585463, 13.1635163], [80.2585769, 13.1635101], [80.2585999, 13.1635059], [80.2589289, 13.1634463], [80.258973, 13.1634381], [80.2590213, 13.1634238], [80.2590361, 13.1634193], [80.2592434, 13.1633577], [80.2592452, 13.1633579], [80.2592459, 13.1633577], [80.2593031, 13.1633644], [80.2593443, 13.1633535], [80.2593712, 13.1633464], [80.259536, 13.1632901], [80.2597304, 13.1632237], [80.2598467, 13.1631831], [80.2598629, 13.1631453], [80.2599463, 13.1631139], [80.2599869, 13.1630985], [80.260071, 13.1630664], [80.2601051, 13.1630535], [80.2601867, 13.1630224], [80.2602901, 13.1629832], [80.2603569, 13.1629574], [80.2603925, 13.1629414], [80.2604393, 13.1629203], [80.2605139, 13.1628866], [80.2606098, 13.1628433], [80.2606595, 13.1628162], [80.2606896, 13.1627986], [80.2607228, 13.1627793], [80.2607682, 13.1627528], [80.2608544, 13.1627009], [80.2609757, 13.1626549], [80.261041, 13.1626307], [80.2611896, 13.1625985], [80.2611987, 13.1625965], [80.2612148, 13.1625925], [80.2612434, 13.1625853], [80.2612836, 13.1625766], [80.2613581, 13.1625613], [80.2614, 13.1625528], [80.2615004, 13.162531], [80.2616663, 13.1624949], [80.2618158, 13.1624625], [80.2618471, 13.1624575], [80.2622195, 13.1623988], [80.2622218, 13.1623984], [80.2622389, 13.1623958], [80.2627942, 13.1623112], [80.2628094, 13.1623082], [80.262914, 13.162288], [80.2629421, 13.1622826], [80.2629633, 13.1622792], [80.2630107, 13.1622717], [80.2630685, 13.1622582], [80.2630921, 13.1622536], [80.2631063, 13.1622509], [80.2633738, 13.1621884], [80.2634268, 13.1621696], [80.2635953, 13.1621102], [80.263686, 13.1620725], [80.2637676, 13.1620386], [80.2638687, 13.1619972], [80.2639448, 13.161966], [80.263947, 13.1619651], [80.2640752, 13.1619381], [80.2641115, 13.1619305], [80.2642334, 13.1619048], [80.2642675, 13.1619007], [80.2643849, 13.1618868], [80.2646991, 13.1618494], [80.2647901, 13.1618401], [80.2648469, 13.1618343], [80.2648517, 13.1618338], [80.2649941, 13.1618192], [80.2651043, 13.161808], [80.2651106, 13.1618073], [80.2651363, 13.1618047], [80.2651448, 13.1618039], [80.2651883, 13.1617997], [80.2654139, 13.1617782], [80.265455, 13.1617747], [80.2657063, 13.1617535], [80.2658017, 13.161745], [80.2658599, 13.1617399], [80.2658805, 13.161738], [80.2665053, 13.1616535], [80.2665098, 13.1616529], [80.2666198, 13.161638], [80.2670317, 13.1615823], [80.2674578, 13.1615246], [80.2676624, 13.1614905], [80.2684332, 13.1613622], [80.2684759, 13.1613551], [80.2689309, 13.1612793], [80.2689944, 13.1612687], [80.2690145, 13.1612654]]]}}, {"type": "Feature", "properties": {"zone": "III", "zone_name": "MADHAVARAM", "region": "North"}, "geometry": {"type": "Polygon", "coordinates": [[[80.1875108, 13.150211], [80.187464, 13.1502284], [80.1872343, 13.1503139], [80.1866367, 13.1501804], [80.186272, 13.1497188], [80.1862888, 13.149174], [80.1855337, 13.1486812], [80.1834851, 13.1474637], [80.1830852, 13.147226], [80.1821291, 13.1477076], [80.1810949, 13.1482375], [80.180723, 13.148428], [80.1797853, 13.149042], [80.1784097, 13.1507222], [80.1779417, 13.1503698], [80.1776782, 13.1492114], [80.1780341, 13.1475415], [80.1754403, 13.1485921], [80.1746892, 13.1474845], [80.1749857, 13.1459091], [80.1757892, 13.1451773], [80.1759839, 13.1448767], [80.176596, 13.1439315], [80.1771439, 13.1417896], [80.1773312, 13.1405199], [80.1774211, 13.1399102], [80.1773642, 13.1393932], [80.1772412, 13.1389407], [80.1770461, 13.1386629], [80.1765335, 13.1386612], [80.175463, 13.1387796], [80.1746128, 13.1392678], [80.1739713, 13.1398421], [80.1739306, 13.1398569], [80.1738393, 13.1398903], [80.1735322, 13.1400939], [80.1714013, 13.1415499], [80.1701334, 13.1425697], [80.1694993, 13.1424146], [80.1692658, 13.1421459], [80.169046, 13.1421787], [80.1681294, 13.1412207], [80.1691676, 13.1408776], [80.1691801, 13.1408717], [80.1698708, 13.1405347], [80.1704031, 13.1402828], [80.1710608, 13.1399768], [80.1714972, 13.1397691], [80.1733519, 13.1390322], [80.1737273, 13.1388792], [80.1749233, 13.1382048], [80.1755027, 13.1377979], [80.1758304, 13.1375505], [80.1761162, 13.1373068], [80.1762358, 13.1371426], [80.1762366, 13.1371421], [80.176865, 13.1367498], [80.1774973, 13.1365781], [80.177599, 13.1365504], [80.1781947, 13.1364098], [80.1783937, 13.1362768], [80.1815103, 13.1353865], [80.1819514, 13.1353448], [80.1823739, 13.1352043], [80.1830669, 13.1359362], [80.1851161, 13.1380434], [80.1874571, 13.139086], [80.1880841, 13.1389275], [80.1880796, 13.1384227], [80.1883546, 13.1380831], [80.1891101, 13.1375051], [80.1890357, 13.1364881], [80.1884926, 13.1357147], [80.1885963, 13.1352203], [80.1893168, 13.1351618], [80.189328, 13.1350752], [80.1899735, 13.1351843], [80.19019, 13.1352355], [80.1908388, 13.1351744], [80.1911249, 13.1351913], [80.1914285, 13.1350031], [80.1915251, 13.1347012], [80.1918989, 13.1341857], [80.1926215, 13.1334864], [80.193264, 13.1315948], [80.1935036, 13.1312612], [80.193824, 13.1299971], [80.1945472, 13.1300257], [80.1944557, 13.1288474], [80.1944283, 13.1283846], [80.1946739, 13.1282771], [80.1954633, 13.1283078], [80.1961911, 13.1282062], [80.1966886, 13.1280326], [80.1969642, 13.1284258], [80.197509, 13.1283857], [80.1979541, 13.1283458], [80.1984949, 13.1284022], [80.1988496, 13.1284974], [80.1989193, 13.128924], [80.1997949, 13.1288918], [80.2001211, 13.1290351], [80.2003256, 13.12902], [80.2006586, 13.128966], [80.2015834, 13.128761], [80.2015888, 13.1288365], [80.2016453, 13.128837], [80.2016479, 13.128837], [80.201782, 13.1288189], [80.2019436, 13.128797], [80.2020152, 13.1287837], [80.2020233, 13.1287822], [80.2020237, 13.1287821], [80.2020255, 13.1287813], [80.2020269, 13.1287799], [80.202028, 13.1287781], [80.2020326, 13.1287711], [80.2020415, 13.1287618], [80.2020518, 13.1287541], [80.2020634, 13.1287482], [80.2020758, 13.1287444], [80.2021481, 13.1287256], [80.2022441, 13.1287007], [80.2022514, 13.1286974], [80.2023252, 13.1287051], [80.2023289, 13.1287045], [80.2023457, 13.1287002], [80.2024794, 13.1286643], [80.2025239, 13.1286559], [80.2026217, 13.1286373], [80.2027551, 13.12862], [80.202816, 13.1286121], [80.2028781, 13.128604], [80.2030552, 13.1285757], [80.203257, 13.1285407], [80.2035589, 13.1284971], [80.2037794, 13.1284588], [80.2040428, 13.1284137], [80.2040891, 13.1284049], [80.2040894, 13.1284048], [80.2042112, 13.1283792], [80.2042432, 13.1283699], [80.2042789, 13.1283566], [80.2042791, 13.1283565], [80.2042847, 13.1283556], [80.2050154, 13.1282283], [80.2053114, 13.1281911], [80.2053557, 13.12819], [80.2054, 13.1281911], [80.2054442, 13.1281945], [80.2055523, 13.1282045], [80.2056466, 13.1282153], [80.2057407, 13.1282283], [80.2058344, 13.1282434], [80.2059277, 13.1282608], [80.2059378, 13.1282661], [80.2059468, 13.1282729], [80.2059546, 13.128281], [80.2059609, 13.1282904], [80.2059656, 13.1283005], [80.2059685, 13.1283114], [80.2059695, 13.1283225], [80.2059753, 13.1284303], [80.2059996, 13.1284284], [80.206, 13.1284318], [80.2060021, 13.1284393], [80.2060054, 13.1284461], [80.2060099, 13.1284522], [80.2060154, 13.1284575], [80.2060218, 13.1284617], [80.2060289, 13.1284646], [80.2060364, 13.1284664], [80.2060442, 13.1284668], [80.2061295, 13.1284569], [80.2064253, 13.1284227], [80.2064398, 13.1284193], [80.2064534, 13.1284132], [80.206507, 13.1284143], [80.2065091, 13.1284213], [80.2065249, 13.1284354], [80.2065351, 13.1284408], [80.2065575, 13.1284533], [80.2065661, 13.1284581], [80.2066228, 13.128499], [80.2066778, 13.1285418], [80.2067328, 13.1285879], [80.20675, 13.1286073], [80.2067643, 13.1286282], [80.206776, 13.1286506], [80.2067829, 13.128669], [80.2067859, 13.1286773], [80.2067922, 13.1286815], [80.2067973, 13.1286832], [80.2068895, 13.1286678], [80.207055, 13.12866], [80.207234, 13.128648], [80.2073672, 13.1286685], [80.2073848, 13.1286718], [80.2073958, 13.1286776], [80.2074085, 13.1286894], [80.2074093, 13.1286898], [80.2074202, 13.1286934], [80.2075649, 13.1286958], [80.2075722, 13.1286941], [80.2076036, 13.1286871], [80.207962, 13.1286727], [80.2079934, 13.1286728], [80.2081709, 13.1286501], [80.2084722, 13.1286115], [80.2085144, 13.1286061], [80.20924, 13.1289379], [80.2093513, 13.1289976], [80.2096647, 13.1291657], [80.2097536, 13.1292096], [80.2101073, 13.1294127], [80.2104522, 13.1295882], [80.2104777, 13.1296034], [80.2105813, 13.129665], [80.210613, 13.1296986], [80.2106144, 13.1297005], [80.210615, 13.1297018], [80.2106154, 13.1297025], [80.2106154, 13.1297035], [80.2106155, 13.1297051], [80.2106155, 13.1297063], [80.210615, 13.1297076], [80.2106148, 13.1297081], [80.2106143, 13.1297094], [80.2106137, 13.1297101], [80.2106133, 13.1297105], [80.2106069, 13.1297138], [80.2107443, 13.1297047], [80.210844, 13.1296977], [80.2109903, 13.1296784], [80.2112053, 13.1296323], [80.2112055, 13.1296331], [80.2113127, 13.1296056], [80.211313, 13.1296055], [80.2113135, 13.1296054], [80.2113136, 13.1296053], [80.2113149, 13.1296047], [80.211315, 13.1296047], [80.2113161, 13.1296039], [80.2113162, 13.1296038], [80.2113163, 13.1296038], [80.2113174, 13.1296027], [80.2113183, 13.1296014], [80.2113184, 13.1296013], [80.211319, 13.1296], [80.211319, 13.1295999], [80.2113194, 13.1295986], [80.2113194, 13.1295984], [80.2113194, 13.1295984], [80.2113196, 13.1295969], [80.2113193, 13.1295949], [80.2113064, 13.1295365], [80.2113041, 13.1294403], [80.2113391, 13.1294394], [80.2113414, 13.1295325], [80.2113692, 13.1296582], [80.211415, 13.129774], [80.2114242, 13.1297911], [80.2114254, 13.1297933], [80.2114506, 13.1298487], [80.2114689, 13.1299067], [80.211473, 13.1299249], [80.2114861, 13.1299879], [80.2114806, 13.1301211], [80.2114968, 13.1302217], [80.2115443, 13.1303665], [80.2115793, 13.1304303], [80.2116057, 13.1304716], [80.2116397, 13.1305115], [80.2116789, 13.1305464], [80.2116826, 13.1305491], [80.211698, 13.1305607], [80.2118183, 13.1306145], [80.2118477, 13.1306266], [80.2119067, 13.1306448], [80.2119126, 13.1306462], [80.2119541, 13.1306559], [80.2120512, 13.1306784], [80.2123424, 13.1307349], [80.2126076, 13.1308413], [80.2126574, 13.13088], [80.2127487, 13.1307573], [80.2128955, 13.1306249], [80.2128968, 13.1306238], [80.2129487, 13.1305821], [80.2130049, 13.1305464], [80.2130552, 13.1305211], [80.2132671, 13.1304264], [80.2137117, 13.1302598], [80.2139465, 13.1302734], [80.2141516, 13.1302852], [80.2141964, 13.130315], [80.2142396, 13.1303524], [80.2142625, 13.1303772], [80.2142676, 13.1303826], [80.2143645, 13.1304983], [80.2143788, 13.1305162], [80.2144098, 13.1305628], [80.2144878, 13.1306977], [80.214494, 13.130705], [80.2145043, 13.1307167], [80.2145448, 13.1307553], [80.2145902, 13.1307883], [80.2146087, 13.1307993], [80.2146789, 13.1308308], [80.2147651, 13.1308508], [80.2149366, 13.1308723], [80.2151686, 13.130869], [80.2154103, 13.1308537], [80.2157021, 13.1308385], [80.2159674, 13.1308358], [80.216102, 13.1308572], [80.2161706, 13.1308543], [80.2163571, 13.130832], [80.2165266, 13.130801], [80.2168316, 13.13074], [80.2169136, 13.1307231], [80.2169793, 13.1307026], [80.2170745, 13.1306663], [80.2171195, 13.1306458], [80.2173443, 13.1305261], [80.2174771, 13.1304716], [80.2176562, 13.1303945], [80.2176749, 13.1303867], [80.2178101, 13.1303429], [80.2181433, 13.1300982], [80.2185861, 13.1299689], [80.2191007, 13.1299778], [80.2211062, 13.1300285], [80.2216516, 13.1299704], [80.2218326, 13.1299743], [80.2221705, 13.1299071], [80.2227125, 13.1298651], [80.2227175, 13.1298778], [80.222723, 13.1298726], [80.2227927, 13.1298736], [80.2232776, 13.1298419], [80.2234884, 13.1297617], [80.223622, 13.129684], [80.2237179, 13.1296336], [80.2238968, 13.12954], [80.2240671, 13.1294976], [80.2242087, 13.1294389], [80.2242948, 13.1294791], [80.2246248, 13.1293737], [80.2247039, 13.1293268], [80.2247269, 13.1287237], [80.2247371, 13.1285973], [80.2247491, 13.1284713], [80.224785, 13.1280929], [80.2247901, 13.1280389], [80.2247937, 13.1280008], [80.2248031, 13.1278454], [80.2248059, 13.1278141], [80.2248208, 13.1276495], [80.2248297, 13.1275351], [80.2248385, 13.127415], [80.2248465, 13.1273321], [80.2248501, 13.1272951], [80.2248646, 13.1271755], [80.2248942, 13.126845], [80.2249158, 13.1266583], [80.2249208, 13.1266046], [80.2249234, 13.1265508], [80.2249234, 13.1265312], [80.2249224, 13.1264658], [80.2249215, 13.1264431], [80.2249314, 13.1262572], [80.2249315, 13.1262566], [80.2249459, 13.1262563], [80.2252632, 13.1262497], [80.2253, 13.1262464], [80.2257936, 13.1261191], [80.2258285, 13.1261101], [80.2259143, 13.1261111], [80.2261171, 13.126113], [80.2262184, 13.1261134], [80.226265, 13.1261136], [80.226293, 13.1261137], [80.2264948, 13.126118], [80.2265861, 13.1261193], [80.2266872, 13.126115], [80.2266777, 13.1261066], [80.2266696, 13.1260964], [80.2266634, 13.126085], [80.226659, 13.1260727], [80.2266567, 13.12606], [80.2266575, 13.1258135], [80.2266668, 13.1257984], [80.2266741, 13.1257932], [80.2266826, 13.12579], [80.2266916, 13.1257892], [80.2266996, 13.1257905], [80.2267014, 13.1257912], [80.22679, 13.1258418], [80.2273376, 13.1261572], [80.227658, 13.1263529], [80.2277117, 13.1263891], [80.2277797, 13.1262693], [80.2277759, 13.1262589], [80.2277697, 13.1262497], [80.2277616, 13.1262421], [80.2277511, 13.1262376], [80.2277415, 13.1262315], [80.2277332, 13.1262237], [80.2277264, 13.1262147], [80.2277253, 13.1262069], [80.2277263, 13.1261991], [80.2277294, 13.1261918], [80.2277343, 13.1261855], [80.2277407, 13.1261807], [80.2277482, 13.1261778], [80.2278423, 13.1261706], [80.2281242, 13.1261608], [80.2284019, 13.1261665], [80.2285265, 13.1261704], [80.2285624, 13.1261745], [80.2285637, 13.126173], [80.2285654, 13.126172], [80.2285674, 13.1261717], [80.2287347, 13.1261769], [80.2289627, 13.1261909], [80.2290312, 13.1261966], [80.2290315, 13.1261966], [80.2290712, 13.1261999], [80.2291072, 13.1261706], [80.2292803, 13.1261849], [80.2295323, 13.1262097], [80.2313289, 13.1263287], [80.231511, 13.1263263], [80.2315619, 13.1263293], [80.2317135, 13.1263404], [80.2318529, 13.1263438], [80.2320854, 13.1263555], [80.2322322, 13.1263616], [80.2326146, 13.1264538], [80.2326547, 13.1264661], [80.2331541, 13.1263566], [80.2331547, 13.1262836], [80.2331551, 13.1262837], [80.2331639, 13.1262133], [80.2331586, 13.126093], [80.2331427, 13.1259404], [80.2331267, 13.1257903], [80.2331109, 13.1256604], [80.2330913, 13.1255233], [80.2330713, 13.1254081], [80.2330698, 13.1253988], [80.2330534, 13.125273], [80.2330253, 13.1251265], [80.2330046, 13.1250276], [80.2329813, 13.1248989], [80.2329544, 13.1247726], [80.2329289, 13.1246453], [80.232908, 13.1244878], [80.232897, 13.1243697], [80.2328859, 13.1242578], [80.2328847, 13.1242272], [80.2328809, 13.1241338], [80.2328789, 13.124102], [80.2327843, 13.124104], [80.2325946, 13.1241066], [80.2325301, 13.1241052], [80.2325282, 13.1241046], [80.2325257, 13.1241016], [80.2325258, 13.1240977], [80.2325431, 13.1240573], [80.2326425, 13.1238586], [80.2327797, 13.1235515], [80.2328793, 13.1233106], [80.2328882, 13.1232873], [80.232895, 13.1232618], [80.2328992, 13.1232361], [80.2329109, 13.1231646], [80.2329129, 13.1231522], [80.2329135, 13.1231441], [80.2329141, 13.123137], [80.2329171, 13.1231152], [80.232918, 13.1231089], [80.2329241, 13.1230812], [80.2329323, 13.1230541], [80.2329393, 13.1230434], [80.2329482, 13.1230341], [80.2329586, 13.1230264], [80.2329636, 13.123024], [80.2329702, 13.1230207], [80.2329827, 13.1230171], [80.2329956, 13.1230157], [80.2330181, 13.1230118], [80.2330491, 13.1230066], [80.2331542, 13.1229919], [80.2332103, 13.1229841], [80.2332744, 13.1229756], [80.233339, 13.1229669], [80.2334956, 13.122949], [80.2335985, 13.1229389], [80.2336412, 13.1229378], [80.2336687, 13.1229396], [80.2336977, 13.1229431], [80.2337314, 13.1229492], [80.2337603, 13.1229569], [80.2338171, 13.1229775], [80.2338275, 13.1229812], [80.2338432, 13.122984], [80.2338751, 13.1229834], [80.2339015, 13.122978], [80.2339852, 13.1229625], [80.234085, 13.1229441], [80.2341932, 13.1229316], [80.2342513, 13.1229249], [80.2343134, 13.1229177], [80.2344033, 13.122911], [80.234451, 13.1229075], [80.2344769, 13.1229079], [80.2346173, 13.1229158], [80.2347278, 13.1229217], [80.2349685, 13.1229337], [80.2350088, 13.1229357], [80.2350229, 13.1229351], [80.2350506, 13.1229296], [80.2350838, 13.1229232], [80.235143, 13.1229233], [80.2352388, 13.1229233], [80.2353148, 13.1229208], [80.2353817, 13.1229187], [80.2354064, 13.1229162], [80.2354972, 13.122907], [80.2355262, 13.1229061], [80.2355582, 13.1229051], [80.2356696, 13.1229015], [80.2357611, 13.1228984], [80.2358319, 13.1228949], [80.235832, 13.1228949], [80.2359212, 13.1228897], [80.2359938, 13.1228849], [80.2360536, 13.1228807], [80.2360928, 13.1228767], [80.2361295, 13.1228721], [80.2361295, 13.1228721], [80.236166, 13.1228667], [80.2361875, 13.1228628], [80.2362227, 13.1228561], [80.2362228, 13.1228561], [80.2362645, 13.122847], [80.2362646, 13.122847], [80.236317, 13.1228336], [80.2363413, 13.1228266], [80.2363593, 13.1228214], [80.2363648, 13.1228187], [80.2364237, 13.1227902], [80.2364348, 13.1227848], [80.2364388, 13.1227845], [80.2364406, 13.1227853], [80.2364425, 13.1227879], [80.236443, 13.1227894], [80.2364912, 13.1229222], [80.2364984, 13.1229312], [80.2365032, 13.1229344], [80.2365115, 13.1229373], [80.2365203, 13.1229375], [80.2365235, 13.1229369], [80.236549, 13.1229327], [80.2365753, 13.1229283], [80.2366185, 13.1229211], [80.236669, 13.1229128], [80.236763, 13.1228778], [80.2368029, 13.1228629], [80.2369829, 13.1227925], [80.2370289, 13.1227718], [80.2370899, 13.1227444], [80.2371903, 13.1226992], [80.2371903, 13.1226992], [80.2372784, 13.1226601], [80.237351, 13.1226284], [80.2373785, 13.1226163], [80.2373815, 13.1226097], [80.2373623, 13.122551], [80.2373348, 13.1224672], [80.237307, 13.1223825], [80.237308, 13.1223774], [80.2373272, 13.1223729], [80.2373598, 13.1223727], [80.237372, 13.1223737], [80.2373998, 13.1223807], [80.2374355, 13.1223969], [80.2374787, 13.1224164], [80.2374819, 13.1224212], [80.2374825, 13.1224404], [80.2374852, 13.1224935], [80.237491, 13.1225519], [80.2374999, 13.1226083], [80.2375046, 13.1226329], [80.237508, 13.1226642], [80.2375062, 13.1227043], [80.237539, 13.1227202], [80.237544, 13.1227158], [80.2375762, 13.1227133], [80.2376074, 13.12271], [80.2376596, 13.1227027], [80.2376967, 13.1226961], [80.2377448, 13.1226856], [80.2377792, 13.122677], [80.2378258, 13.1226632], [80.2379411, 13.1226215], [80.238014, 13.1225952], [80.2381087, 13.122561], [80.2381821, 13.1225344], [80.2382733, 13.122501], [80.2383521, 13.1224721], [80.2384265, 13.1224449], [80.238529, 13.1224073], [80.238557, 13.1223971], [80.2385902, 13.1223877], [80.2386226, 13.1223822], [80.238684, 13.1223727], [80.2387673, 13.1223845], [80.2393836, 13.1225622], [80.2424322, 13.1222717], [80.2422646, 13.1228603], [80.242169, 13.1231857], [80.2420964, 13.1235254], [80.2420834, 13.1235904], [80.2420702, 13.1236564], [80.2419864, 13.1240748], [80.2419457, 13.124254], [80.2418849, 13.1245218], [80.2418087, 13.1248603], [80.2417531, 13.1251224], [80.2417396, 13.1251799], [80.241688, 13.125401], [80.2416067, 13.1257338], [80.2415486, 13.125964], [80.2414699, 13.1262929], [80.2413889, 13.126666], [80.2413829, 13.1266994], [80.2413797, 13.1267332], [80.2413794, 13.1267672], [80.2413762, 13.1269221], [80.2414746, 13.1269411], [80.241479, 13.126942], [80.2414771, 13.1269426], [80.2414755, 13.1269438], [80.2414745, 13.1269455], [80.2414742, 13.1269473], [80.2414704, 13.1273366], [80.2414683, 13.1276572], [80.2414596, 13.1279706], [80.2414573, 13.1280409], [80.2414561, 13.1281136], [80.241457, 13.1281864], [80.24146, 13.128259], [80.241465, 13.1283316], [80.241468, 13.1283759], [80.2414729, 13.12842], [80.2414797, 13.1284639], [80.2415076, 13.1285358], [80.2415171, 13.1285555], [80.2415244, 13.1285705], [80.2415503, 13.1286213], [80.2415723, 13.1286508], [80.241607, 13.128665], [80.241512, 13.1290326], [80.241511, 13.1290678], [80.24154, 13.129161], [80.2415525, 13.1292012], [80.2415708, 13.1292427], [80.2416392, 13.1294589], [80.2416649, 13.1295304], [80.2416729, 13.1295378], [80.2417117, 13.1296208], [80.2416941, 13.1296353], [80.2416085, 13.1297924], [80.2416161, 13.12979], [80.2416241, 13.12979], [80.2416318, 13.1297923], [80.2416384, 13.1297967], [80.2416433, 13.1298029], [80.2416685, 13.1298416], [80.2416952, 13.1298793], [80.2417235, 13.129916], [80.2417532, 13.1299515], [80.2417843, 13.1299858], [80.2418168, 13.1300188], [80.2418507, 13.1300506], [80.2418858, 13.130081], [80.2419221, 13.13011], [80.2419724, 13.1301582], [80.2419922, 13.1301772], [80.2421728, 13.1303504], [80.2423265, 13.1305243], [80.2423275, 13.130526], [80.2423279, 13.1305279], [80.2423275, 13.1305298], [80.2423264, 13.1305315], [80.2423252, 13.1305325], [80.2423039, 13.130545], [80.2422846, 13.1305539], [80.2422434, 13.1305735], [80.2422221, 13.1305792], [80.2422004, 13.130583], [80.2421782, 13.1305849], [80.2421518, 13.1305853], [80.2421172, 13.1305828], [80.2420996, 13.1305787], [80.2420784, 13.1305764], [80.2420563, 13.1305767], [80.2418738, 13.1306187], [80.2418779, 13.1306359], [80.2420112, 13.1314257], [80.2421734, 13.1325112], [80.2421741, 13.1325301], [80.242189, 13.1326564], [80.2422818, 13.1334442], [80.2423324, 13.1336328], [80.2423594, 13.1337465], [80.2423818, 13.1338434], [80.2423818, 13.1338453], [80.2423812, 13.1338472], [80.2423812, 13.1338472], [80.242366, 13.1338736], [80.2423737, 13.133981], [80.2423891, 13.1341741], [80.2424095, 13.134443], [80.242424, 13.134618], [80.2424276, 13.1346835], [80.2424342, 13.1347499], [80.2424436, 13.1348159], [80.2424555, 13.1348799], [80.2424639, 13.1349496], [80.2424696, 13.13502], [80.2424727, 13.1350898], [80.2424674, 13.1352117], [80.2424537, 13.13534], [80.2424313, 13.1354811], [80.2424296, 13.135493], [80.2424268, 13.1355023], [80.2424227, 13.135511], [80.2424155, 13.1355216], [80.2424032, 13.1355424], [80.2423929, 13.135565], [80.2423852, 13.1355886], [80.24238, 13.1356127], [80.2423757, 13.1356511], [80.2423744, 13.1356729], [80.2423744, 13.1356729], [80.2423739, 13.1356748], [80.2423726, 13.1356765], [80.2423706, 13.1356777], [80.2423691, 13.135678], [80.2422028, 13.135685], [80.2419514, 13.1356899], [80.2416306, 13.135707], [80.2414005, 13.135718], [80.2413991, 13.1357181], [80.2413581, 13.135719], [80.2411354, 13.1357239], [80.2408374, 13.1357175], [80.2405719, 13.1357223], [80.2402563, 13.1357298], [80.2400783, 13.1357274], [80.2399553, 13.1357253], [80.2399145, 13.1357253], [80.2397985, 13.1357368], [80.239654, 13.1357396], [80.23953, 13.1357392], [80.2393221, 13.1357591], [80.2393117, 13.1355795], [80.2393004, 13.1355794], [80.2393231, 13.1359705], [80.2393228, 13.1359725], [80.2393218, 13.1359742], [80.2393203, 13.1359755], [80.2393184, 13.1359762], [80.2393183, 13.1359762], [80.2393082, 13.1359776], [80.2393046, 13.1359783], [80.2393056, 13.1360169], [80.2393086, 13.1360553], [80.2393136, 13.1360936], [80.2393172, 13.136132], [80.2393172, 13.1361329], [80.2393167, 13.1361348], [80.2393155, 13.1361364], [80.2393139, 13.1361375], [80.2393119, 13.1361379], [80.239051, 13.1361458], [80.2389187, 13.1361495], [80.2389196, 13.1361803], [80.2388755, 13.136677], [80.2388884, 13.1367452], [80.2389161, 13.1369054], [80.2389621, 13.1371291], [80.2390042, 13.1373144], [80.239131, 13.1375836], [80.2391459, 13.1376152], [80.2391727, 13.1376977], [80.2392044, 13.1378088], [80.2392084, 13.1378227], [80.23944, 13.1386175], [80.2395318, 13.1389321], [80.2396228, 13.1395975], [80.2395381, 13.1401232], [80.2395464, 13.1402844], [80.2395468, 13.1402882], [80.2395709, 13.140513], [80.2395967, 13.1407013], [80.2396384, 13.1409589], [80.239642, 13.1409681], [80.2396473, 13.1409766], [80.2396542, 13.140984], [80.2396563, 13.1409856], [80.2396622, 13.1409901], [80.2396713, 13.1409946], [80.2396757, 13.1409996], [80.2396796, 13.141005], [80.239683, 13.1410108], [80.2396858, 13.1410169], [80.2396865, 13.1410198], [80.239685, 13.1410234], [80.2396931, 13.1410806], [80.2396932, 13.1410809], [80.2397405, 13.1414117], [80.2397472, 13.1414955], [80.2397882, 13.1418661], [80.2398199, 13.142164], [80.2398203, 13.1421732], [80.2398258, 13.1421857], [80.2398355, 13.1421953], [80.2398481, 13.1422009], [80.239859, 13.1422014], [80.2402362, 13.14219], [80.2402408, 13.142198], [80.2402437, 13.1422245], [80.2402445, 13.1424135], [80.2402506, 13.1425216], [80.2402688, 13.1425548], [80.2403109, 13.1426316], [80.2403127, 13.1426351], [80.2403133, 13.1426364], [80.2403133, 13.1426364], [80.2403134, 13.1426365], [80.2403135, 13.1426371], [80.2403136, 13.1426374], [80.2403137, 13.1426377], [80.2403137, 13.1426381], [80.2403138, 13.1426382], [80.2403138, 13.1426388], [80.2403138, 13.1426394], [80.2403138, 13.1426397], [80.2403138, 13.1426399], [80.2403138, 13.1426403], [80.2403138, 13.1426405], [80.2403137, 13.1426411], [80.2403136, 13.1426412], [80.2403132, 13.1426427], [80.2403122, 13.1426444], [80.2403106, 13.1426467], [80.240163, 13.1428585], [80.2399653, 13.1430899], [80.2399511, 13.1431065], [80.2397897, 13.1432955], [80.2396648, 13.143362], [80.239557, 13.1433849], [80.2394446, 13.1433964], [80.2390215, 13.1435452], [80.2390356, 13.1435828], [80.2391456, 13.1438749], [80.2391587, 13.1439097], [80.2396773, 13.1452867], [80.2396775, 13.1452871], [80.2398216, 13.1456585], [80.2405381, 13.1456294], [80.2405663, 13.1456302], [80.2407974, 13.145637], [80.2413035, 13.1455918], [80.2415767, 13.1455459], [80.2419579, 13.1454855], [80.2423987, 13.145365], [80.2426664, 13.1452885], [80.2428071, 13.1453082], [80.2429196, 13.1453919], [80.243042, 13.1455336], [80.2430808, 13.1456432], [80.2431309, 13.1458606], [80.2431346, 13.1458751], [80.2431859, 13.1458683], [80.2441017, 13.1457074], [80.2444845, 13.1456401], [80.2446626, 13.145602], [80.2450908, 13.1455103], [80.2454283, 13.1454669], [80.2457667, 13.1454219], [80.2457928, 13.1454185], [80.2458001, 13.145458], [80.2458578, 13.145547], [80.2459231, 13.1455439], [80.2459511, 13.1457124], [80.2460267, 13.1461678], [80.2460698, 13.1461458], [80.2471101, 13.1459694], [80.2472195, 13.145875], [80.2477021, 13.1458568], [80.2479045, 13.145826], [80.2479049, 13.145826], [80.2479163, 13.145967], [80.2479937, 13.1462599], [80.2481396, 13.1467834], [80.2481384, 13.1467885], [80.248144, 13.1467874], [80.2484027, 13.1476664], [80.2509826, 13.147894], [80.2527659, 13.1477803], [80.25539, 13.1473829], [80.2585303, 13.1469072], [80.2603879, 13.1457726], [80.260389, 13.1457771], [80.2605048, 13.1457689], [80.260664, 13.1457576], [80.2657941, 13.1453927], [80.2665687, 13.145414], [80.2664859, 13.1461354], [80.2671192, 13.1462296], [80.2676523, 13.1468285], [80.2680719, 13.1482403], [80.2683216, 13.1483182], [80.2683011, 13.1492243], [80.2663175, 13.149178], [80.2661555, 13.1493108], [80.26697, 13.1514445], [80.2675998, 13.1530775], [80.2675224, 13.1543434], [80.2683887, 13.1609749], [80.2683996, 13.1610588], [80.2684065, 13.1611119], [80.268418, 13.161219], [80.2684292, 13.1613246], [80.2684331, 13.1613612], [80.2684332, 13.1613622], [80.2676624, 13.1614905], [80.2674578, 13.1615246], [80.2670317, 13.1615823], [80.2665053, 13.1616535], [80.2658805, 13.161738], [80.2658599, 13.1617399], [80.2658017, 13.161745], [80.2657063, 13.1617535], [80.265455, 13.1617747], [80.2654139, 13.1617782], [80.2651883, 13.1617997], [80.2651448, 13.1618039], [80.2651363, 13.1618047], [80.2651106, 13.1618073], [80.2651043, 13.161808], [80.2649941, 13.1618192], [80.2648517, 13.1618338], [80.2646991, 13.1618494], [80.2643849, 13.1618868], [80.2642675, 13.1619007], [80.2642334, 13.1619048], [80.2641115, 13.1619305], [80.2640752, 13.1619381], [80.263947, 13.1619651], [80.2639448, 13.161966], [80.2638687, 13.1619972], [80.2637676, 13.1620386], [80.263686, 13.1620725], [80.2635953, 13.1621102], [80.2634268, 13.1621696], [80.2633738, 13.1621884], [80.2631063, 13.1622509], [80.2630921, 13.1622536], [80.2630685, 13.1622582], [80.2630107, 13.1622717], [80.2629633, 13.1622792], [80.2629421, 13.1622826], [80.262914, 13.162288], [80.2627942, 13.1623112], [80.2622218, 13.1623984], [80.2622195, 13.1623988], [80.2618471, 13.1624575], [80.2618158, 13.1624625], [80.2616663, 13.1624949], [80.2615004, 13.162531], [80.2614, 13.1625528], [80.2613581, 13.1625613], [80.2612836, 13.1625766], [80.2612434, 13.1625853], [80.2612148, 13.1625925], [80.2611987, 13.1625965], [80.2611896, 13.1625985], [80.261041, 13.1626307], [80.260926, 13.1626733], [80.2608544, 13.1627009], [80.2607682, 13.1627528], [80.2607228, 13.1627793], [80.2606896, 13.1627986], [80.2606595, 13.1628162], [80.2606098, 13.1628433], [80.2605139, 13.1628866], [80.2604393, 13.1629203], [80.2603925, 13.1629414], [80.2603569, 13.1629574], [80.2602901, 13.1629832], [80.2601867, 13.1630224], [80.260071, 13.1630664], [80.2599869, 13.1630985], [80.2599463, 13.1631139], [80.2598629, 13.1631453], [80.2598467, 13.1631831], [80.2597304, 13.1632237], [80.259536, 13.1632901], [80.2593712, 13.1633464], [80.2593443, 13.1633535], [80.2593031, 13.1633644], [80.2592459, 13.1633577], [80.2592452, 13.1633579], [80.2592434, 13.1633577], [80.2590213, 13.1634238], [80.258973, 13.1634381], [80.2589289, 13.1634463], [80.2585999, 13.1635059], [80.2585769, 13.1635101], [80.2585463, 13.1635163], [80.2585458, 13.1635163], [80.2585171, 13.1635221], [80.2583882, 13.1635396], [80.2583723, 13.1635417], [80.2583122, 13.1635498], [80.2581963, 13.1635655], [80.2580001, 13.163592], [80.2579037, 13.1636048], [80.2577035, 13.1636296], [80.2574731, 13.1636583], [80.2574372, 13.1636631], [80.2574096, 13.1636667], [80.2573121, 13.1636792], [80.2572267, 13.1636902], [80.2571604, 13.1636992], [80.2571219, 13.1637044], [80.2569906, 13.1637222], [80.2567873, 13.1637498], [80.2567688, 13.1637523], [80.2567601, 13.1637542], [80.2565042, 13.1638309], [80.2564883, 13.1638356], [80.2564495, 13.1638278], [80.256454, 13.163845], [80.2564507, 13.1638462], [80.2564315, 13.1638532], [80.2563212, 13.1638914], [80.2562987, 13.163899], [80.2562501, 13.1639155], [80.256209, 13.1639295], [80.2560913, 13.1639695], [80.2560247, 13.1639921], [80.255874, 13.1640434], [80.2557167, 13.1641078], [80.2556483, 13.1641357], [80.2556033, 13.1641559], [80.255565, 13.1641699], [80.2554603, 13.1642132], [80.2553878, 13.1642432], [80.2550249, 13.1643992], [80.2549176, 13.1644444], [80.2545696, 13.1645909], [80.2544363, 13.1646513], [80.2543952, 13.1646699], [80.254356, 13.1646868], [80.254212, 13.164753], [80.2541929, 13.1647616], [80.2539601, 13.1648684], [80.253958, 13.1648697], [80.2537776, 13.1649783], [80.253538, 13.1650825], [80.2534114, 13.1651392], [80.2521049, 13.1657071], [80.2506729, 13.1663992], [80.2506677, 13.1669846], [80.2491721, 13.167112], [80.2448166, 13.166858], [80.244185, 13.1666263], [80.2424473, 13.1662537], [80.2412429, 13.1660509], [80.240455, 13.1654576], [80.2392965, 13.1651941], [80.2384493, 13.1653435], [80.2378162, 13.1652348], [80.2377178, 13.1654845], [80.2370985, 13.1656175], [80.2361895, 13.1657522], [80.2361443, 13.1658959], [80.2343859, 13.1662657], [80.2320823, 13.1667103], [80.2317948, 13.1659776], [80.231513, 13.166025], [80.2314475, 13.1656825], [80.2312179, 13.1650118], [80.2310593, 13.1641831], [80.2291729, 13.1636245], [80.2285796, 13.1631925], [80.2281193, 13.1634956], [80.2279012, 13.1634632], [80.2270828, 13.1634759], [80.2263739, 13.163528], [80.226258, 13.1635704], [80.2261757, 13.1634944], [80.2254378, 13.163541], [80.2253805, 13.1635446], [80.2255675, 13.1655249], [80.2256189, 13.1662158], [80.2256226, 13.1679953], [80.225616, 13.1685656], [80.2261915, 13.1690956], [80.2266677, 13.1695326], [80.2267425, 13.1699694], [80.2267667, 13.1705559], [80.2267995, 13.1706572], [80.2267528, 13.1707383], [80.2266597, 13.1713281], [80.2260012, 13.1712882], [80.2254503, 13.171589], [80.2249029, 13.171708], [80.2235261, 13.1708842], [80.2232847, 13.1706919], [80.2229714, 13.1707084], [80.2224239, 13.1699105], [80.2218254, 13.1699082], [80.2216994, 13.169843], [80.2215023, 13.1699081], [80.2207918, 13.1697316], [80.2203215, 13.1694325], [80.2202446, 13.1692712], [80.2200933, 13.1691863], [80.2201388, 13.16884], [80.2198866, 13.1686404], [80.2194971, 13.1686212], [80.2189219, 13.1690083], [80.217727, 13.169719], [80.2175777, 13.1709428], [80.2175044, 13.1709951], [80.2174495, 13.1713481], [80.2173794, 13.1714981], [80.2174303, 13.1717608], [80.2173506, 13.1719463], [80.2171898, 13.1720952], [80.2165291, 13.1722997], [80.2165147, 13.1720346], [80.215099, 13.1722053], [80.2148055, 13.172159], [80.2127811, 13.1730124], [80.2105687, 13.1738234], [80.2093907, 13.1741381], [80.2084466, 13.1745721], [80.208082, 13.1745075], [80.2062163, 13.1743676], [80.2054393, 13.1748845], [80.2050875, 13.1751975], [80.2036694, 13.1754332], [80.2027604, 13.1759394], [80.2024686, 13.175945], [80.2019091, 13.1763935], [80.2016506, 13.1765846], [80.2013231, 13.1766051], [80.2011771, 13.1768626], [80.2012554, 13.1771471], [80.2013474, 13.1774614], [80.2014664, 13.1778083], [80.2013865, 13.1780166], [80.2015255, 13.1781118], [80.2014996, 13.1785075], [80.2013652, 13.1786729], [80.2013266, 13.178761], [80.2011681, 13.1787685], [80.2007449, 13.1790011], [80.2003734, 13.1793756], [80.200132, 13.1792728], [80.2001319, 13.1790362], [80.2000031, 13.1789518], [80.2000011, 13.1785231], [80.1999249, 13.17843], [80.1999906, 13.1783271], [80.1999593, 13.1782295], [80.1999615, 13.1780544], [80.1999247, 13.1778787], [80.1999738, 13.1777483], [80.2000123, 13.1773741], [80.199912, 13.1772369], [80.1999868, 13.1771402], [80.1998464, 13.1770693], [80.1998633, 13.1769249], [80.1996763, 13.1768282], [80.1996676, 13.1764697], [80.1993913, 13.1764281], [80.1994042, 13.1762939], [80.1992091, 13.1760089], [80.1990073, 13.1759778], [80.1986907, 13.1757416], [80.1986801, 13.1750676], [80.1988972, 13.1748495], [80.1989232, 13.1745607], [80.1985707, 13.1743024], [80.198169, 13.1742148], [80.1981487, 13.1741435], [80.1979902, 13.1740966], [80.1977164, 13.1738493], [80.1975614, 13.174047], [80.1971409, 13.1739517], [80.1969494, 13.1741181], [80.196757, 13.1740909], [80.1964564, 13.1742427], [80.1963106, 13.1742824], [80.1961872, 13.1744429], [80.1960213, 13.1745166], [80.195989, 13.1747204], [80.1958244, 13.1748371], [80.1955396, 13.1748184], [80.1953918, 13.1749323], [80.1952668, 13.1748891], [80.1948576, 13.1749951], [80.1946899, 13.1751233], [80.1946802, 13.1754522], [80.1944464, 13.175498], [80.1942365, 13.1756091], [80.1941039, 13.1756054], [80.1940563, 13.1756748], [80.1939684, 13.1757252], [80.1938769, 13.1756866], [80.1935451, 13.1754733], [80.1933433, 13.1750842], [80.1932478, 13.1748291], [80.1932978, 13.1746262], [80.1932067, 13.1745494], [80.1931993, 13.1743685], [80.193331, 13.1739731], [80.1932843, 13.1739012], [80.1935247, 13.1728896], [80.193391, 13.1727264], [80.1933441, 13.1724915], [80.1931036, 13.1725499], [80.1930155, 13.172785], [80.1927939, 13.172989], [80.1929564, 13.1736185], [80.1928729, 13.1736591], [80.192715, 13.1738384], [80.1926654, 13.1740269], [80.1927557, 13.174133], [80.1926702, 13.1742804], [80.1927097, 13.1744606], [80.1926793, 13.1747653], [80.1924054, 13.1749208], [80.1922624, 13.1749078], [80.1921561, 13.1747025], [80.1921622, 13.1743367], [80.1919134, 13.1742641], [80.1919294, 13.1739794], [80.191677, 13.1737691], [80.1917147, 13.172895], [80.1914855, 13.1725161], [80.1914904, 13.1722969], [80.1912018, 13.1719679], [80.1911358, 13.1709316], [80.1905833, 13.1694751], [80.1907217, 13.1693573], [80.1905225, 13.1687111], [80.1900223, 13.1670834], [80.1914377, 13.1665944], [80.1914191, 13.1661092], [80.1913346, 13.1656996], [80.1925459, 13.1652784], [80.1926204, 13.1653463], [80.193514, 13.1651968], [80.1935786, 13.1650164], [80.1940825, 13.1646565], [80.1933301, 13.1632257], [80.1933492, 13.1626826], [80.1927209, 13.1622327], [80.1917962, 13.1614287], [80.1918313, 13.160275], [80.1919453, 13.1595711], [80.192021, 13.1590199], [80.1919661, 13.1577787], [80.1920239, 13.1565405], [80.1920979, 13.1554765], [80.1924483, 13.1551927], [80.1924499, 13.1551897], [80.1924588, 13.1551824], [80.1924594, 13.1551712], [80.192484, 13.1546958], [80.1923474, 13.1547195], [80.1910411, 13.1529331], [80.1902871, 13.1520994], [80.18991, 13.1516916], [80.1897384, 13.1514971], [80.1894552, 13.1511762], [80.1882438, 13.1501233], [80.1882266, 13.1501084], [80.1880521, 13.1501086], [80.1877852, 13.1501089], [80.18761, 13.1501741], [80.1875108, 13.150211]]]}}, {"type": "Feature", "properties": {"zone": "ZONE - IV", "zone_name": "TONDIARPET", "region": "North"}, "geometry": {"type": "Polygon", "coordinates": [[[80.2865139, 13.1211615], [80.2865194, 13.1211727], [80.2867729, 13.1216867], [80.2868148, 13.1217709], [80.286996, 13.1221228], [80.2870691, 13.122307], [80.287118, 13.1224304], [80.2871556, 13.122496], [80.2872103, 13.1225918], [80.2872513, 13.1226634], [80.2873375, 13.1228173], [80.28735, 13.12283], [80.2873902, 13.1229093], [80.2875937, 13.1232304], [80.2876645, 13.1233231], [80.2876688, 13.1233285], [80.2876852, 13.1233446], [80.2877041, 13.1233576], [80.287725, 13.1233673], [80.2877474, 13.1233732], [80.2877705, 13.1233753], [80.2877935, 13.1233734], [80.2878159, 13.1233675], [80.2878211, 13.1233656], [80.287963, 13.1233088], [80.2882038, 13.1232377], [80.2885548, 13.1231495], [80.2885598, 13.123148], [80.2885686, 13.1231441], [80.2885764, 13.1231387], [80.2885833, 13.123132], [80.2885888, 13.1231243], [80.2885929, 13.1231158], [80.2885954, 13.1231067], [80.2885963, 13.1230973], [80.2885958, 13.1230904], [80.2885889, 13.123036], [80.2885799, 13.122966], [80.2885584, 13.1228787], [80.2885883, 13.1228646], [80.2885896, 13.1228684], [80.2885937, 13.1228772], [80.2885994, 13.1228852], [80.2886063, 13.122892], [80.2886144, 13.1228976], [80.2886234, 13.1229017], [80.2886329, 13.1229043], [80.2886427, 13.1229051], [80.2886526, 13.1229043], [80.2886546, 13.1229039], [80.2887231, 13.1228897], [80.2887303, 13.1228882], [80.2890591, 13.12282], [80.2892013, 13.1227925], [80.2897419, 13.1227029], [80.2898183, 13.1226901], [80.2898183, 13.1226902], [80.289827, 13.1227259], [80.28983, 13.1227362], [80.289836, 13.1227488], [80.2898441, 13.1227602], [80.2898541, 13.1227701], [80.2898657, 13.1227781], [80.2898785, 13.122784], [80.2898922, 13.1227876], [80.2899063, 13.1227889], [80.2899118, 13.1227887], [80.2904904, 13.1227481], [80.2914252, 13.1226811], [80.2914143, 13.1227214], [80.2916007, 13.1226817], [80.2916115, 13.1226723], [80.2916464, 13.1226485], [80.291685, 13.122631], [80.2917048, 13.1226249], [80.291889, 13.1225778], [80.2919298, 13.1228376], [80.2919326, 13.1228515], [80.2919529, 13.123059], [80.2919551, 13.1230723], [80.2920526, 13.1232624], [80.2920553, 13.1232757], [80.292091, 13.1234797], [80.2920935, 13.123493], [80.2921241, 13.1236904], [80.2921265, 13.1237038], [80.2921649, 13.1239099], [80.292167, 13.1239233], [80.2926642, 13.1238489], [80.2926765, 13.123847], [80.2926768, 13.123847], [80.292784, 13.1238218], [80.2926786, 13.1232995], [80.2925414, 13.1224958], [80.2925414, 13.1224954], [80.2925369, 13.122485], [80.2925363, 13.1224836], [80.2925305, 13.1224779], [80.2925759, 13.1224335], [80.2925754, 13.1224116], [80.2925793, 13.1223553], [80.2925907, 13.1222999], [80.2926094, 13.1222465], [80.292635, 13.1221959], [80.2926671, 13.1221491], [80.2927052, 13.1221067], [80.2927262, 13.1220876], [80.2927868, 13.122056], [80.2929715, 13.1219962], [80.2929716, 13.1219962], [80.2929732, 13.1219957], [80.2929737, 13.1219969], [80.2929739, 13.1219976], [80.2930661, 13.1224251], [80.2930842, 13.1224214], [80.2929915, 13.1219915], [80.2929914, 13.1219913], [80.2929911, 13.1219899], [80.2929925, 13.1219894], [80.2929927, 13.1219894], [80.2931462, 13.1219397], [80.2937459, 13.1217915], [80.293765, 13.1217893], [80.2937789, 13.1217905], [80.2937924, 13.1217941], [80.293805, 13.1217999], [80.2938164, 13.1218078], [80.2938262, 13.1218175], [80.2938342, 13.1218287], [80.2938401, 13.1218411], [80.2938426, 13.1218495], [80.293803, 13.1216703], [80.2937863, 13.1215947], [80.2937394, 13.1213897], [80.2937431, 13.121388], [80.2936184, 13.1208606], [80.2960994, 13.1202969], [80.2962288, 13.1208696], [80.296256, 13.1209757], [80.2963669, 13.1214644], [80.2963747, 13.1215507], [80.2963124, 13.1216441], [80.2963099, 13.121649], [80.2963084, 13.1216573], [80.2963099, 13.1216657], [80.2963516, 13.1217301], [80.2963569, 13.1217332], [80.2963711, 13.1217324], [80.2964317, 13.1217021], [80.2964396, 13.1216995], [80.2964586, 13.1217029], [80.2964699, 13.1217149], [80.2964966, 13.1217682], [80.29658, 13.122185], [80.297166, 13.1221244], [80.2980551, 13.1218876], [80.2986837, 13.1214284], [80.2987942, 13.1212348], [80.2988176, 13.121174], [80.2988484, 13.1210477], [80.2988568, 13.1209181], [80.2990826, 13.1209168], [80.3002375, 13.1209099], [80.3000334, 13.1215647], [80.29935, 13.1228342], [80.298683, 13.1229411], [80.2982928, 13.123027], [80.2979194, 13.1231935], [80.2975212, 13.1234438], [80.2971867, 13.123771], [80.2969409, 13.1241206], [80.2967931, 13.1244002], [80.2967223, 13.1245527], [80.2966943, 13.1247054], [80.2967062, 13.1248461], [80.2967461, 13.1249822], [80.2971562, 13.1249145], [80.2972015, 13.1251272], [80.297338, 13.1255664], [80.2973593, 13.1256323], [80.2974896, 13.1260619], [80.2975091, 13.1261357], [80.2975047, 13.1261368], [80.2976409, 13.1266082], [80.2980351, 13.127973], [80.2983965, 13.1291938], [80.2982329, 13.129227], [80.2982686, 13.1293657], [80.2982203, 13.1294098], [80.2981542, 13.1293624], [80.2980516, 13.1293946], [80.2975781, 13.1295673], [80.2975146, 13.1296408], [80.2975413, 13.1299889], [80.2974896, 13.1302668], [80.297411, 13.1305522], [80.2965134, 13.1317561], [80.2965725, 13.1319545], [80.2966569, 13.1322378], [80.2967123, 13.1324383], [80.2973454, 13.1347295], [80.2980377, 13.1345645], [80.2980024, 13.1348679], [80.2980367, 13.1351044], [80.2980927, 13.1354045], [80.2981393, 13.1354862], [80.2982116, 13.135673], [80.2982368, 13.1358938], [80.298218, 13.1360249], [80.2982212, 13.1361173], [80.2981457, 13.1362582], [80.298108, 13.1363928], [80.2980919, 13.1364117], [80.2980507, 13.1364826], [80.2979929, 13.136517], [80.2979486, 13.1365416], [80.2978514, 13.1365753], [80.297932, 13.136871], [80.297933, 13.1368747], [80.2979332, 13.1368755], [80.2982892, 13.1381819], [80.2983754, 13.1385305], [80.2985304, 13.1390373], [80.2986691, 13.1395491], [80.2987812, 13.1399645], [80.2997356, 13.1432432], [80.2997381, 13.1432519], [80.2996535, 13.1432876], [80.2996524, 13.1432844], [80.2996508, 13.1432814], [80.2996489, 13.1432787], [80.2996465, 13.1432762], [80.2996438, 13.1432741], [80.2996437, 13.1432741], [80.2996416, 13.1432728], [80.2996393, 13.1432717], [80.2996358, 13.1432706], [80.2996321, 13.14327], [80.2996284, 13.14327], [80.2996247, 13.1432705], [80.2984586, 13.1435231], [80.2981884, 13.1435909], [80.2981448, 13.1436018], [80.2981448, 13.1436019], [80.2979024, 13.1436662], [80.2976517, 13.1437117], [80.2972246, 13.1437974], [80.2968466, 13.1438784], [80.2968182, 13.1438874], [80.2967906, 13.1438987], [80.2967546, 13.1439196], [80.2967464, 13.1439286], [80.2967398, 13.1439387], [80.2967349, 13.1439497], [80.2967318, 13.1439613], [80.2967306, 13.1439733], [80.2967314, 13.1439853], [80.2968066, 13.1442062], [80.2968246, 13.1442551], [80.2966563, 13.1442905], [80.2966433, 13.1442923], [80.2965762, 13.1442985], [80.2963008, 13.1443229], [80.296011, 13.1443504], [80.2957257, 13.1443745], [80.2954418, 13.1443999], [80.2951533, 13.144436], [80.2951061, 13.1444404], [80.2950599, 13.1444447], [80.2948719, 13.1444622], [80.2945674, 13.1444968], [80.2942662, 13.1445198], [80.2941551, 13.1445265], [80.2939484, 13.1445388], [80.2938318, 13.1445492], [80.2937724, 13.1445545], [80.2936437, 13.144566], [80.2933554, 13.1445844], [80.2931074, 13.1446077], [80.2931017, 13.1446043], [80.2930951, 13.1445917], [80.2930536, 13.1444869], [80.2930275, 13.14443], [80.2930036, 13.1443722], [80.2929819, 13.1443135], [80.2929625, 13.1442541], [80.2929526, 13.1442179], [80.292945, 13.1441811], [80.2929399, 13.144144], [80.2928827, 13.1441478], [80.292854, 13.1441496], [80.2928486, 13.1441501], [80.2925071, 13.1441811], [80.2923662, 13.1441943], [80.2921007, 13.1442194], [80.2917963, 13.1442508], [80.2917364, 13.1442581], [80.2917364, 13.1442581], [80.2916771, 13.1442653], [80.2914399, 13.1442941], [80.2909834, 13.1443895], [80.2905897, 13.1444909], [80.2900981, 13.144606], [80.2898098, 13.1447525], [80.2873846, 13.1459848], [80.2870769, 13.1460315], [80.2866529, 13.1461464], [80.2861707, 13.1460892], [80.2844144, 13.1458774], [80.2840371, 13.1453045], [80.283776, 13.1451317], [80.2795656, 13.14249], [80.278745, 13.1419242], [80.2785259, 13.1419231], [80.2650195, 13.1413618], [80.2657642, 13.1452372], [80.2657941, 13.1453927], [80.2603879, 13.1457726], [80.2585303, 13.1469072], [80.2527659, 13.1477803], [80.2509826, 13.147894], [80.2484027, 13.1476664], [80.248144, 13.1467874], [80.2481384, 13.1467885], [80.2481396, 13.1467834], [80.2479937, 13.1462599], [80.2479163, 13.145967], [80.2479045, 13.145826], [80.2477021, 13.1458568], [80.2472195, 13.145875], [80.2471101, 13.1459694], [80.2460698, 13.1461458], [80.2460267, 13.1461678], [80.2459231, 13.1455439], [80.2458578, 13.145547], [80.2458001, 13.145458], [80.2457928, 13.1454185], [80.2454283, 13.1454669], [80.2450908, 13.1455103], [80.2446626, 13.145602], [80.2444845, 13.1456401], [80.2441017, 13.1457074], [80.2431859, 13.1458683], [80.2431346, 13.1458751], [80.2431309, 13.1458606], [80.2430808, 13.1456432], [80.243042, 13.1455336], [80.2429196, 13.1453919], [80.2428071, 13.1453082], [80.2426664, 13.1452885], [80.2423987, 13.145365], [80.2419579, 13.1454855], [80.2415767, 13.1455459], [80.2413035, 13.1455918], [80.2407974, 13.145637], [80.240538, 13.1456294], [80.2398216, 13.1456585], [80.2396773, 13.1452867], [80.2390215, 13.1435452], [80.2394446, 13.1433964], [80.239557, 13.1433849], [80.2396648, 13.143362], [80.2397897, 13.1432955], [80.2399511, 13.1431065], [80.2399653, 13.1430899], [80.240163, 13.1428585], [80.2403106, 13.1426467], [80.2403109, 13.1426316], [80.2402506, 13.1425216], [80.2402445, 13.1424135], [80.2402437, 13.1422245], [80.2402408, 13.142198], [80.2402362, 13.14219], [80.239859, 13.1422014], [80.2398481, 13.1422009], [80.2398355, 13.1421953], [80.2398258, 13.1421857], [80.2398203, 13.1421732], [80.2398199, 13.142164], [80.2397882, 13.1418661], [80.2397472, 13.1414955], [80.2397405, 13.1414117], [80.239685, 13.1410234], [80.2396865, 13.1410198], [80.2396858, 13.1410169], [80.239683, 13.1410108], [80.2396796, 13.141005], [80.2396757, 13.1409996], [80.2396713, 13.1409946], [80.2396622, 13.1409901], [80.2396563, 13.1409856], [80.2396542, 13.140984], [80.2396473, 13.1409766], [80.239642, 13.1409681], [80.2396384, 13.1409589], [80.2395967, 13.1407013], [80.2395709, 13.140513], [80.2395464, 13.1402844], [80.2395524, 13.1402466], [80.2395381, 13.1401232], [80.2396228, 13.1395975], [80.2395318, 13.1389321], [80.2392084, 13.1378227], [80.2391398, 13.1376114], [80.2390042, 13.1373144], [80.2389621, 13.1371291], [80.2389161, 13.1369054], [80.2388884, 13.1367452], [80.2388755, 13.136677], [80.2389196, 13.1361803], [80.2389187, 13.1361495], [80.2393119, 13.1361379], [80.2393172, 13.136132], [80.2393086, 13.1360553], [80.2393052, 13.1360327], [80.2393046, 13.1359783], [80.2393203, 13.1359755], [80.2393231, 13.1359705], [80.2393004, 13.1355794], [80.2393117, 13.1355795], [80.2393235, 13.1357576], [80.23953, 13.1357392], [80.2397985, 13.1357368], [80.2399145, 13.1357253], [80.2399553, 13.1357253], [80.2400783, 13.1357274], [80.2402563, 13.1357298], [80.2405719, 13.1357223], [80.2408374, 13.1357175], [80.2411354, 13.1357239], [80.2413581, 13.135719], [80.2414005, 13.135718], [80.2416306, 13.135707], [80.2419514, 13.1356899], [80.2422028, 13.135685], [80.2423691, 13.135678], [80.2423757, 13.1356511], [80.24238, 13.1356127], [80.2423852, 13.1355886], [80.2424032, 13.1355424], [80.2424227, 13.135511], [80.2424313, 13.1354811], [80.2424364, 13.1354542], [80.2424537, 13.13534], [80.2424674, 13.1352117], [80.2424727, 13.1350898], [80.2424696, 13.13502], [80.2424639, 13.1349496], [80.2424555, 13.1348799], [80.2424436, 13.1348159], [80.2424342, 13.1347499], [80.2424276, 13.1346835], [80.242424, 13.134618], [80.2424095, 13.134443], [80.2423891, 13.1341741], [80.2423737, 13.133981], [80.242366, 13.1338736], [80.2423818, 13.1338434], [80.2423594, 13.1337465], [80.2423324, 13.1336328], [80.2422818, 13.1334442], [80.2421734, 13.1325112], [80.2420112, 13.1314257], [80.2418809, 13.1306555], [80.2418738, 13.1306187], [80.2420563, 13.1305767], [80.2420784, 13.1305764], [80.2420996, 13.1305787], [80.2421172, 13.1305828], [80.2421518, 13.1305853], [80.2421782, 13.1305849], [80.2422004, 13.130583], [80.2422221, 13.1305792], [80.2422434, 13.1305735], [80.2422846, 13.1305539], [80.2423039, 13.130545], [80.2423275, 13.1305298], [80.2423214, 13.1305228], [80.2421728, 13.1303504], [80.2419724, 13.1301582], [80.2419221, 13.13011], [80.2418858, 13.130081], [80.2418507, 13.1300506], [80.2418168, 13.1300188], [80.2417843, 13.1299858], [80.2417532, 13.1299515], [80.2417235, 13.129916], [80.2416952, 13.1298793], [80.2416685, 13.1298416], [80.2416384, 13.1297967], [80.2416318, 13.1297923], [80.2416241, 13.12979], [80.2416085, 13.1297924], [80.2416941, 13.1296353], [80.2417117, 13.1296208], [80.2416729, 13.1295378], [80.2416649, 13.1295304], [80.2416392, 13.1294589], [80.2415708, 13.1292427], [80.2415525, 13.1292012], [80.241511, 13.1290678], [80.241512, 13.1290326], [80.241607, 13.128665], [80.2415723, 13.1286508], [80.2415503, 13.1286213], [80.2415244, 13.1285705], [80.2415076, 13.1285358], [80.2414797, 13.1284639], [80.2414729, 13.12842], [80.241468, 13.1283759], [80.241465, 13.1283316], [80.24146, 13.128259], [80.241457, 13.1281864], [80.2414561, 13.1281136], [80.2414573, 13.1280409], [80.2414596, 13.1279706], [80.2414683, 13.1276572], [80.2414704, 13.1273366], [80.2414742, 13.1269473], [80.2414746, 13.1269411], [80.2414765, 13.1269139], [80.2415111, 13.1269497], [80.2416395, 13.1269807], [80.2416799, 13.1269875], [80.2417206, 13.1269918], [80.2417615, 13.1269934], [80.2417733, 13.1269932], [80.2418188, 13.126989], [80.2419604, 13.126959], [80.2422297, 13.1269239], [80.2422653, 13.1269193], [80.2424488, 13.1268869], [80.2425105, 13.1268739], [80.2425149, 13.1268775], [80.242515, 13.1268809], [80.2424828, 13.1269791], [80.2424712, 13.1270159], [80.2424344, 13.1271328], [80.2424162, 13.1271888], [80.2424429, 13.1271971], [80.2426298, 13.1271721], [80.2427271, 13.1271591], [80.2427016, 13.1272902], [80.2426983, 13.1273429], [80.242698, 13.1273958], [80.2427006, 13.1274486], [80.242713, 13.127645], [80.242715, 13.1276452], [80.2427336, 13.1276459], [80.2427363, 13.1276442], [80.2427333, 13.1276434], [80.2427209, 13.1274475], [80.2427183, 13.1273954], [80.2427214, 13.1273535], [80.2427274, 13.1272903], [80.2427549, 13.1271691], [80.2427772, 13.1270756], [80.2429042, 13.1271039], [80.2430487, 13.127136], [80.2432348, 13.1271966], [80.2433758, 13.127237], [80.2433795, 13.1272433], [80.2433978, 13.1272359], [80.2433997, 13.1272329], [80.2434157, 13.1272199], [80.2434231, 13.1272106], [80.243464, 13.1270988], [80.2434789, 13.1270581], [80.2435721, 13.1267793], [80.2436617, 13.1264647], [80.2437104, 13.1263342], [80.2437117, 13.1263323], [80.2437133, 13.1263312], [80.2437152, 13.1263307], [80.2446506, 13.1236705], [80.244678, 13.1236321], [80.2446744, 13.1236308], [80.2446725, 13.1236273], [80.2446726, 13.1236254], [80.2446945, 13.1235379], [80.2447379, 13.1234045], [80.2447651, 13.1233404], [80.24477, 13.1233317], [80.2447758, 13.1233242], [80.2447828, 13.1233177], [80.2447908, 13.1233124], [80.2447998, 13.1233083], [80.2449057, 13.1232752], [80.2449006, 13.1232594], [80.2448474, 13.1232162], [80.2449572, 13.1231791], [80.2450678, 13.1231446], [80.2451792, 13.1231125], [80.245197, 13.1231054], [80.2452155, 13.1231], [80.2452344, 13.1230964], [80.2452535, 13.1230946], [80.2452728, 13.1230946], [80.2452799, 13.1230938], [80.2452869, 13.1230951], [80.2452932, 13.1230984], [80.2452982, 13.1231033], [80.2452861, 13.1230753], [80.2451954, 13.1227946], [80.2454258, 13.1225602], [80.245588, 13.1225144], [80.2456281, 13.1225098], [80.2457319, 13.122498], [80.2458499, 13.1225012], [80.2458078, 13.1222511], [80.245809, 13.1222508], [80.2458108, 13.1222499], [80.2458121, 13.1222484], [80.2458128, 13.1222466], [80.2458128, 13.1222466], [80.2458128, 13.1222446], [80.245739, 13.121871], [80.24573, 13.1218298], [80.2457299, 13.1218292], [80.2456475, 13.121501], [80.2456404, 13.1214864], [80.2456231, 13.1214538], [80.2456046, 13.1214256], [80.2455987, 13.1214198], [80.2455875, 13.1214006], [80.2455786, 13.1213807], [80.2455714, 13.1213622], [80.2454846, 13.1209955], [80.2453951, 13.1205652], [80.2453912, 13.1205611], [80.2451458, 13.1205714], [80.2451458, 13.12054], [80.2451436, 13.1205396], [80.2451419, 13.1205386], [80.2451401, 13.1205351], [80.245119, 13.1203871], [80.2451147, 13.1202727], [80.2450719, 13.1199022], [80.2450684, 13.1198876], [80.2450684, 13.1198871], [80.2450684, 13.1198852], [80.2450692, 13.1198834], [80.2450706, 13.1198819], [80.2450725, 13.1198811], [80.2452991, 13.1198243], [80.2456032, 13.1197564], [80.2456546, 13.119744], [80.2458218, 13.1197036], [80.2458821, 13.1196924], [80.2459419, 13.1196794], [80.2460013, 13.1196646], [80.2460405, 13.1196535], [80.2460602, 13.1196479], [80.2460656, 13.1196446], [80.2460698, 13.11964], [80.2460723, 13.1196343], [80.2460729, 13.1196281], [80.2460717, 13.119622], [80.2460237, 13.1194194], [80.2460211, 13.1194067], [80.246, 13.1192589], [80.2459899, 13.1192201], [80.2459845, 13.1192153], [80.2459778, 13.1192125], [80.2459706, 13.119212], [80.2459492, 13.1192156], [80.2459098, 13.1192222], [80.2458493, 13.1192344], [80.2457893, 13.1192485], [80.2457246, 13.1192658], [80.2457209, 13.1192664], [80.2457173, 13.1192663], [80.2457137, 13.1192655], [80.2457103, 13.119264], [80.2457074, 13.1192618], [80.2457049, 13.1192592], [80.245703, 13.1192561], [80.245702, 13.1192536], [80.2456186, 13.11898], [80.2456182, 13.1189789], [80.2456166, 13.1189756], [80.2456143, 13.1189728], [80.2456115, 13.1189704], [80.2456083, 13.1189686], [80.2456048, 13.1189675], [80.2456012, 13.1189671], [80.2455975, 13.1189674], [80.2454038, 13.1190033], [80.2453351, 13.1190154], [80.2448992, 13.1191361], [80.2448972, 13.1191363], [80.2448953, 13.1191357], [80.2448936, 13.1191345], [80.2448926, 13.1191329], [80.2448923, 13.1191319], [80.244817, 13.1191659], [80.2447509, 13.1188437], [80.2447184, 13.1187109], [80.2446578, 13.1184622], [80.2446535, 13.1184453], [80.2446534, 13.118445], [80.2446412, 13.1183964], [80.2445909, 13.1181964], [80.2444952, 13.1177387], [80.2444951, 13.1177383], [80.2444843, 13.1176798], [80.2444269, 13.1173437], [80.2443724, 13.1169674], [80.244338, 13.1167837], [80.2443379, 13.1167832], [80.244337, 13.1167815], [80.2443355, 13.1167801], [80.2443337, 13.1167794], [80.2443317, 13.1167793], [80.2442505, 13.1167107], [80.2442071, 13.1164625], [80.2442052, 13.1164552], [80.2442056, 13.1164477], [80.2442083, 13.1164406], [80.2442129, 13.1164346], [80.2442192, 13.1164302], [80.2442265, 13.1164279], [80.2442342, 13.1164278], [80.2442425, 13.1164272], [80.2442504, 13.1164247], [80.2442574, 13.1164202], [80.2442631, 13.1164143], [80.2442671, 13.1164071], [80.2442691, 13.1163991], [80.2442691, 13.116391], [80.244267, 13.1163669], [80.2442637, 13.1163333], [80.2442551, 13.1162138], [80.2442529, 13.1161421], [80.24425, 13.11605], [80.2442481, 13.1157935], [80.2442478, 13.1157926], [80.2442457, 13.1157848], [80.2441984, 13.1156625], [80.2441516, 13.1154957], [80.2441411, 13.1154612], [80.2440675, 13.1152184], [80.2439897, 13.1150066], [80.2439006, 13.1147301], [80.2438886, 13.1146929], [80.2438718, 13.1146407], [80.2437809, 13.1142688], [80.2437586, 13.1141813], [80.2437477, 13.1141388], [80.2437132, 13.1140034], [80.2436762, 13.1138264], [80.2436762, 13.1138262], [80.2436704, 13.113799], [80.2436703, 13.113798], [80.2436259, 13.1135853], [80.2435648, 13.1132401], [80.2435538, 13.1131635], [80.2435463, 13.1131117], [80.24361, 13.1130851], [80.243612, 13.1130852], [80.2438153, 13.1130666], [80.2443202, 13.1130374], [80.2443577, 13.1130352], [80.2444006, 13.1130327], [80.2447654, 13.1130152], [80.2449883, 13.1130062], [80.2453286, 13.1129952], [80.2457208, 13.1129817], [80.2460321, 13.1129741], [80.2461382, 13.1129741], [80.2463642, 13.1129742], [80.2466711, 13.1129703], [80.247008, 13.1129508], [80.2472304, 13.1129273], [80.2472767, 13.1129203], [80.2473153, 13.1129142], [80.2473535, 13.112906], [80.2473911, 13.1128955], [80.2473949, 13.1128943], [80.2474516, 13.1128916], [80.2474534, 13.1128915], [80.2474543, 13.1128914], [80.2474819, 13.1128869], [80.2475511, 13.1128745], [80.247648, 13.1128609], [80.2476872, 13.1128563], [80.24769, 13.112856], [80.2477093, 13.112853], [80.2478261, 13.1128348], [80.2478955, 13.112825], [80.2479227, 13.1128211], [80.2480277, 13.1128098], [80.2480337, 13.1128092], [80.2481202, 13.1127968], [80.2483057, 13.1127703], [80.2483123, 13.1128233], [80.2483139, 13.1128231], [80.2483159, 13.1128232], [80.2483177, 13.112824], [80.2483192, 13.1128254], [80.24832, 13.1128273], [80.2483201, 13.1128277], [80.2483321, 13.1129067], [80.2483768, 13.1133073], [80.2483768, 13.1133089], [80.2483761, 13.1133107], [80.2483748, 13.1133122], [80.248373, 13.1133131], [80.2483326, 13.1133253], [80.2481184, 13.1133881], [80.2480848, 13.113398], [80.2479975, 13.1134277], [80.247911, 13.1134595], [80.2478253, 13.1134934], [80.2478185, 13.1134952], [80.2478115, 13.1134948], [80.247805, 13.1134922], [80.2477997, 13.1134877], [80.2477961, 13.1134817], [80.2478356, 13.1136065], [80.2478448, 13.1137848], [80.2478713, 13.1141172], [80.2478883, 13.1143413], [80.2478983, 13.1144718], [80.2479253, 13.1148572], [80.2479264, 13.1148728], [80.24796, 13.1152298], [80.2479627, 13.1152638], [80.2479717, 13.1153512], [80.2480532, 13.1153456], [80.2481125, 13.1153512], [80.2482416, 13.1153635], [80.2483085, 13.1153666], [80.2484878, 13.1153747], [80.2485956, 13.1153825], [80.2486452, 13.1153856], [80.2488828, 13.1154116], [80.2488888, 13.1154121], [80.2491607, 13.1154344], [80.2492116, 13.1154385], [80.2493809, 13.1154524], [80.2494698, 13.1154559], [80.2495095, 13.1154575], [80.2496061, 13.1154613], [80.2497153, 13.115468], [80.2497922, 13.1154721], [80.2498246, 13.1154738], [80.249903, 13.1154794], [80.2499815, 13.1154836], [80.2500787, 13.1154866], [80.2501388, 13.1154875], [80.2502494, 13.115487], [80.2503599, 13.1154846], [80.2504704, 13.1154803], [80.2505808, 13.1154741], [80.250691, 13.1154659], [80.2507579, 13.1154635], [80.2508244, 13.115459], [80.2508913, 13.1154521], [80.2509577, 13.1154432], [80.2510237, 13.1154322], [80.2510893, 13.1154191], [80.2511544, 13.1154039], [80.251219, 13.1153866], [80.2512505, 13.1153714], [80.2512908, 13.115352], [80.251299, 13.115348], [80.2513778, 13.1153069], [80.2514433, 13.1152636], [80.2514525, 13.1152574], [80.2514603, 13.1152525], [80.2514794, 13.11524], [80.251879, 13.1150064], [80.252317, 13.1147538], [80.2523556, 13.1147315], [80.2523912, 13.114711], [80.2525174, 13.1146355], [80.2525568, 13.114612], [80.2526274, 13.1145698], [80.2526019, 13.1144658], [80.252591, 13.1142124], [80.2526322, 13.114017], [80.2526155, 13.1137034], [80.2526008, 13.1131785], [80.2525993, 13.1131327], [80.2525885, 13.1128086], [80.2525872, 13.1127909], [80.2525871, 13.1127908], [80.252582, 13.1127239], [80.2525416, 13.1121979], [80.2525399, 13.1121342], [80.2525324, 13.1118389], [80.2525143, 13.1114777], [80.2525138, 13.1114607], [80.2525109, 13.1113717], [80.2524983, 13.1109828], [80.252493, 13.1108936], [80.2524905, 13.1108898], [80.2524902, 13.1108894], [80.2524896, 13.1108894], [80.2521748, 13.1109108], [80.2521719, 13.1108702], [80.2524871, 13.1108484], [80.2524901, 13.110845], [80.2524902, 13.1108448], [80.2524902, 13.1108442], [80.2524901, 13.1108439], [80.252483, 13.1107219], [80.2524776, 13.1106298], [80.2524734, 13.1102868], [80.252473, 13.1102849], [80.2524719, 13.1102832], [80.2524703, 13.110282], [80.2524678, 13.1102815], [80.2521294, 13.1102875], [80.2521284, 13.1102346], [80.2524671, 13.1102286], [80.2524691, 13.1102282], [80.2524707, 13.1102272], [80.2524719, 13.1102256], [80.252472, 13.1102252], [80.2524725, 13.1102237], [80.2524653, 13.1099241], [80.2521923, 13.1099298], [80.2521874, 13.1098954], [80.2524654, 13.109888], [80.2524412, 13.1095386], [80.2524407, 13.1095367], [80.2524395, 13.1095351], [80.2524379, 13.109534], [80.2524359, 13.1095335], [80.2524357, 13.1095339], [80.2524353, 13.1095336], [80.2520831, 13.1095536], [80.252081, 13.1095181], [80.2521855, 13.1095122], [80.2521874, 13.1095117], [80.2521883, 13.1095111], [80.2521891, 13.1095106], [80.2521895, 13.1095101], [80.2521902, 13.1095089], [80.2521905, 13.1095079], [80.2521907, 13.1095065], [80.2521896, 13.1094805], [80.2521872, 13.1094263], [80.2521845, 13.109362], [80.2521816, 13.1092954], [80.2521797, 13.109251], [80.2522123, 13.1092496], [80.2522128, 13.1092695], [80.2522143, 13.1093238], [80.2522163, 13.1093964], [80.2522193, 13.1095054], [80.25222, 13.1095073], [80.2522213, 13.1095087], [80.2522231, 13.1095097], [80.2522251, 13.1095099], [80.2522256, 13.1095099], [80.252433, 13.1094981], [80.2524349, 13.1094976], [80.2524366, 13.1094965], [80.2524377, 13.1094949], [80.2524382, 13.1094923], [80.252435, 13.1094423], [80.252409, 13.1088413], [80.252407, 13.1087749], [80.2524048, 13.1086902], [80.2523917, 13.1083694], [80.2523963, 13.10837], [80.2533831, 13.1084978], [80.2545417, 13.1086483], [80.2555142, 13.1087763], [80.2559532, 13.1088343], [80.256722, 13.1089339], [80.2570678, 13.1089785], [80.257206, 13.1089931], [80.2580159, 13.1090989], [80.2583402, 13.1091444], [80.2587589, 13.1091961], [80.2590763, 13.1092407], [80.2596357, 13.1093063], [80.2601693, 13.1093768], [80.2606451, 13.1094388], [80.2610546, 13.1094993], [80.2613097, 13.1095275], [80.261534, 13.1095573], [80.261754, 13.1095697], [80.2620706, 13.109574], [80.2622491, 13.1095779], [80.2626952, 13.1095733], [80.2652199, 13.109646], [80.2652688, 13.1094942], [80.2658777, 13.1093185], [80.2663364, 13.1091387], [80.2666913, 13.1089397], [80.267081, 13.108669], [80.2674168, 13.1083869], [80.2677334, 13.108101], [80.2681698, 13.1076607], [80.2686767, 13.1072103], [80.2689519, 13.1069473], [80.2691724, 13.1067373], [80.2694396, 13.1064837], [80.2696362, 13.1062969], [80.2696854, 13.1062503], [80.2700285, 13.1059148], [80.2701806, 13.1057579], [80.2703295, 13.1055838], [80.2704086, 13.1054816], [80.270612, 13.1051878], [80.2708323, 13.1048924], [80.2709525, 13.1049964], [80.2711869, 13.1051993], [80.2712817, 13.1052579], [80.2713903, 13.1054007], [80.2714445, 13.1054988], [80.2714804, 13.1056681], [80.2714979, 13.105873], [80.2715338, 13.1060423], [80.2716421, 13.1062741], [80.2720039, 13.1068272], [80.2720964, 13.1069106], [80.2717762, 13.1075222], [80.2711674, 13.1085772], [80.2706197, 13.1094662], [80.2702058, 13.1101537], [80.2701621, 13.1103938], [80.2702812, 13.1103997], [80.270404, 13.1104057], [80.2705366, 13.1104122], [80.2706157, 13.1104161], [80.2707057, 13.1104224], [80.2708277, 13.110431], [80.2709295, 13.1104381], [80.2710315, 13.1104453], [80.2711075, 13.1104506], [80.2712318, 13.1104568], [80.2713081, 13.1104606], [80.2714049, 13.1104655], [80.2715077, 13.1104706], [80.2716308, 13.1104659], [80.2717379, 13.1104617], [80.2718043, 13.1104592], [80.2719522, 13.1104534], [80.2720769, 13.1104486], [80.2721408, 13.1104444], [80.2722178, 13.1104392], [80.2723413, 13.110431], [80.272622, 13.1104123], [80.2731334, 13.1103571], [80.2735097, 13.1102919], [80.2739897, 13.1102485], [80.2740271, 13.1103297], [80.274027, 13.1103297], [80.2740583, 13.1103973], [80.2743531, 13.1110351], [80.2747416, 13.1119171], [80.2751573, 13.1128799], [80.2755392, 13.113688], [80.275805, 13.114294], [80.2761327, 13.1150355], [80.2770302, 13.1142772], [80.2770605, 13.1142758], [80.2770605, 13.1142762], [80.2770604, 13.1142768], [80.2770604, 13.1142772], [80.2770604, 13.1142773], [80.2770604, 13.1142773], [80.2770606, 13.1142796], [80.2770607, 13.1142797], [80.2770612, 13.1142819], [80.2770623, 13.1142841], [80.2770636, 13.114286], [80.2770637, 13.114286], [80.2770653, 13.1142876], [80.2770653, 13.1142877], [80.2770654, 13.1142877], [80.2770673, 13.114289], [80.2770673, 13.1142891], [80.2770695, 13.11429], [80.2770707, 13.1142904], [80.2770708, 13.1142905], [80.277071, 13.1142905], [80.2775785, 13.1143827], [80.2776575, 13.1143885], [80.2776566, 13.1143884], [80.2776564, 13.1143883], [80.2776557, 13.1143881], [80.277654, 13.1143877], [80.277654, 13.1143877], [80.2776539, 13.1143877], [80.2776538, 13.1143876], [80.2776536, 13.1143876], [80.277653, 13.1143874], [80.2776521, 13.114387], [80.2776519, 13.1143869], [80.2776516, 13.1143868], [80.2776499, 13.114386], [80.277647, 13.114384], [80.2776446, 13.1143816], [80.2776426, 13.1143788], [80.2776412, 13.1143757], [80.2776407, 13.1143742], [80.2776405, 13.1143734], [80.2776403, 13.1143724], [80.2776402, 13.1143717], [80.27764, 13.1143693], [80.27764, 13.1143692], [80.27764, 13.1143691], [80.27764, 13.1143689], [80.2776364, 13.1140646], [80.2776363, 13.1140641], [80.2776352, 13.1139907], [80.2776353, 13.1139911], [80.2776353, 13.1139912], [80.2776361, 13.1139944], [80.2776376, 13.1139974], [80.2776395, 13.1140002], [80.2776417, 13.1140024], [80.2776418, 13.1140024], [80.2776419, 13.1140025], [80.2776425, 13.114003], [80.2776426, 13.1140031], [80.2776444, 13.1140042], [80.2776444, 13.1140043], [80.2776445, 13.1140044], [80.2776447, 13.1140045], [80.2776448, 13.1140045], [80.2776476, 13.1140058], [80.2776477, 13.1140058], [80.2776478, 13.1140059], [80.277651, 13.1140068], [80.2776511, 13.1140068], [80.2776511, 13.1140068], [80.2776519, 13.1140069], [80.2778017, 13.1140291], [80.2780464, 13.1140549], [80.2780466, 13.1140549], [80.2781098, 13.1140625], [80.27811, 13.1140625], [80.2781102, 13.1140625], [80.2781086, 13.1140622], [80.2781086, 13.1140622], [80.2781086, 13.1140622], [80.2781082, 13.1140621], [80.2781081, 13.114062], [80.2781075, 13.1140618], [80.2781074, 13.1140618], [80.2781053, 13.1140608], [80.2781052, 13.1140608], [80.2781033, 13.1140595], [80.2781033, 13.1140594], [80.2781016, 13.1140578], [80.2781016, 13.1140578], [80.2781002, 13.1140558], [80.2781002, 13.1140558], [80.2780992, 13.1140537], [80.2780986, 13.1140515], [80.2780986, 13.1140514], [80.2780986, 13.1140514], [80.2780984, 13.1140491], [80.2780984, 13.1140491], [80.2780984, 13.1140487], [80.2780984, 13.1140486], [80.2781009, 13.1139872], [80.2781268, 13.1138183], [80.2781032, 13.1137248], [80.2781013, 13.1137174], [80.2780276, 13.1133111], [80.2780032, 13.1132093], [80.2779884, 13.1131474], [80.2779783, 13.1131053], [80.2779737, 13.1130804], [80.2779676, 13.1130636], [80.2779428, 13.1129208], [80.2779142, 13.1127565], [80.2778705, 13.1126413], [80.2778804, 13.1125376], [80.2778834, 13.1124962], [80.2778834, 13.112496], [80.2778879, 13.1124326], [80.2778879, 13.1124329], [80.2778881, 13.1124351], [80.2778881, 13.1124353], [80.2778881, 13.1124354], [80.2778887, 13.1124374], [80.2778887, 13.1124376], [80.2778887, 13.1124377], [80.2778888, 13.1124378], [80.2778896, 13.1124395], [80.2778896, 13.1124396], [80.2778897, 13.1124397], [80.277891, 13.1124416], [80.2778911, 13.1124417], [80.2778911, 13.1124417], [80.2778926, 13.1124432], [80.2778928, 13.1124433], [80.2778947, 13.1124446], [80.2778948, 13.1124447], [80.2778969, 13.1124457], [80.2778972, 13.1124458], [80.2778992, 13.1124463], [80.2778993, 13.1124463], [80.2779016, 13.1124465], [80.2779017, 13.1124465], [80.2779019, 13.1124465], [80.277902, 13.1124465], [80.277902, 13.1124465], [80.2779023, 13.1124465], [80.2779029, 13.1124465], [80.2779032, 13.1124465], [80.2788756, 13.1123438], [80.2788757, 13.1123438], [80.2788782, 13.1123433], [80.2788783, 13.1123433], [80.2789269, 13.1123333], [80.2789316, 13.1124298], [80.2795015, 13.1123539], [80.2797304, 13.1123146], [80.2799865, 13.1122707], [80.2803364, 13.1121991], [80.2806155, 13.1121525], [80.2806156, 13.1121525], [80.2806792, 13.1121426], [80.2806797, 13.1121425], [80.2808657, 13.1121155], [80.2809826, 13.1121207], [80.2810081, 13.1121219], [80.2810081, 13.1121219], [80.2810098, 13.1121217], [80.2810123, 13.112121], [80.2810147, 13.1121199], [80.2810168, 13.1121185], [80.2810187, 13.1121167], [80.2810202, 13.1121146], [80.2810213, 13.1121123], [80.281022, 13.1121098], [80.2810222, 13.1121072], [80.281022, 13.1121047], [80.2810219, 13.1121043], [80.281021, 13.1121014], [80.281057, 13.1120931], [80.2814857, 13.1120772], [80.2814865, 13.1120771], [80.2815592, 13.1120644], [80.2815595, 13.1120651], [80.2815595, 13.1120651], [80.2815633, 13.1120763], [80.2815748, 13.1121256], [80.2815744, 13.1121222], [80.2815752, 13.1121176], [80.2815776, 13.1121135], [80.2815813, 13.1121105], [80.2815835, 13.1121095], [80.2819998, 13.1120534], [80.2820133, 13.1120506], [80.2822257, 13.1120069], [80.2825036, 13.1119561], [80.2825053, 13.1119557], [80.2825054, 13.1119557], [80.2825075, 13.1119555], [80.2825096, 13.1119557], [80.2825116, 13.1119563], [80.2825116, 13.1119563], [80.2825135, 13.1119571], [80.2825152, 13.1119583], [80.2825167, 13.1119598], [80.2825179, 13.1119615], [80.2825188, 13.1119635], [80.2825815, 13.1121439], [80.2826131, 13.1121333], [80.2834213, 13.1118626], [80.2835707, 13.1118036], [80.283605, 13.11179], [80.2836046, 13.1117883], [80.2836044, 13.1117862], [80.2836046, 13.1117842], [80.2836051, 13.1117822], [80.283606, 13.1117803], [80.2836061, 13.1117802], [80.2836068, 13.1117793], [80.2836072, 13.1117787], [80.2836087, 13.1117772], [80.2836104, 13.1117761], [80.2836123, 13.1117752], [80.2836128, 13.111775], [80.283813, 13.1117133], [80.2841077, 13.1116225], [80.284111, 13.1116215], [80.2841113, 13.1116214], [80.2841646, 13.1116047], [80.2841658, 13.1116045], [80.2841658, 13.1116045], [80.2841672, 13.1116042], [80.2844409, 13.1115462], [80.2844438, 13.1115456], [80.2844439, 13.1115456], [80.2844981, 13.1115341], [80.2845006, 13.1115336], [80.2848305, 13.1114634], [80.2848333, 13.1114628], [80.2848334, 13.1114628], [80.2848855, 13.1114517], [80.2848849, 13.111452], [80.2848835, 13.1114529], [80.2848823, 13.1114541], [80.2848813, 13.1114555], [80.2848805, 13.111457], [80.2848802, 13.1114582], [80.2848801, 13.1114587], [80.2848799, 13.1114604], [80.2848801, 13.111462], [80.2848805, 13.1114637], [80.2848807, 13.1114642], [80.284945, 13.1118255], [80.2850725, 13.1124405], [80.2852602, 13.1131902], [80.2852722, 13.1131991], [80.2852725, 13.1131993], [80.2852735, 13.113199], [80.2857293, 13.1131348], [80.2857306, 13.1131346], [80.2857381, 13.1131326], [80.2857452, 13.1131294], [80.2857516, 13.1131251], [80.2857571, 13.1131197], [80.2857616, 13.1131135], [80.2857649, 13.1131066], [80.2857669, 13.1130992], [80.2857676, 13.1130916], [80.2857669, 13.113084], [80.2857665, 13.1130817], [80.2858332, 13.1132023], [80.2858316, 13.1132001], [80.2858259, 13.113192], [80.2858169, 13.1131832], [80.2858066, 13.113176], [80.285795, 13.1131707], [80.2857828, 13.1131675], [80.2857701, 13.1131663], [80.2857595, 13.1131671], [80.2853377, 13.1132265], [80.2853276, 13.1132361], [80.2853255, 13.1132386], [80.2853276, 13.1132401], [80.2853666, 13.1134605], [80.2854321, 13.1136816], [80.2855299, 13.114012], [80.2855411, 13.1140496], [80.2855836, 13.1141931], [80.2855944, 13.1142295], [80.2858177, 13.1149836], [80.2858373, 13.1150721], [80.2858489, 13.1151245], [80.2860495, 13.1157193], [80.2861824, 13.1161047], [80.2863017, 13.1163882], [80.2863018, 13.1163885], [80.286302, 13.116389], [80.2863022, 13.1163895], [80.2863089, 13.1164054], [80.2863498, 13.1165097], [80.2863553, 13.1165247], [80.2863553, 13.1165249], [80.2864442, 13.1167675], [80.2866141, 13.1172033], [80.2867244, 13.1174985], [80.2867569, 13.11759], [80.2868367, 13.1178148], [80.2868437, 13.1178343], [80.2868379, 13.117886], [80.2868106, 13.1178624], [80.2867821, 13.1178577], [80.2867819, 13.1178577], [80.2867769, 13.1178593], [80.2851693, 13.1184695], [80.2851539, 13.1184754], [80.2851538, 13.1184754], [80.2851537, 13.1184755], [80.2851526, 13.118476], [80.2851522, 13.1184763], [80.285152, 13.1184763], [80.2851508, 13.1184773], [80.2851499, 13.1184784], [80.2851498, 13.1184785], [80.2851497, 13.1184787], [80.2851495, 13.1184788], [80.2851495, 13.1184789], [80.2851491, 13.1184796], [80.2851489, 13.1184799], [80.2851487, 13.1184805], [80.2851486, 13.1184807], [80.2851482, 13.1184819], [80.2851482, 13.118482], [80.2851481, 13.1184823], [80.2851481, 13.1184823], [80.285148, 13.1184834], [80.285148, 13.1184836], [80.285148, 13.1184838], [80.285148, 13.1184841], [80.285148, 13.1184842], [80.2851481, 13.1184852], [80.2851481, 13.1184852], [80.2851482, 13.1184853], [80.2851486, 13.1184869], [80.2851492, 13.1184882], [80.2851582, 13.1185038], [80.285221, 13.1186128], [80.2853562, 13.1188492], [80.285541, 13.1191775], [80.2856134, 13.1193204], [80.2856674, 13.1194269], [80.2857146, 13.1195243], [80.2859401, 13.1199895], [80.2861121, 13.1203048], [80.2862203, 13.1205431], [80.2862221, 13.1205471], [80.2863516, 13.1208325], [80.2865139, 13.1211615], [80.2864105, 13.1212013], [80.2864123, 13.1212053], [80.2864142, 13.1212124], [80.2864148, 13.1212197], [80.2864143, 13.1212249], [80.2865085, 13.1211649], [80.2865137, 13.1211616], [80.2865139, 13.1211615]], [[80.2965283, 13.1322004], [80.2965286, 13.1322044], [80.2965295, 13.1322032], [80.2965275, 13.1321966], [80.2965283, 13.1322004]]]}}, {"type": "Feature", "properties": {"zone": "IX", "zone_name": "TEYNAMPET", "region": "Central"}, "geometry": {"type": "Polygon", "coordinates": [[[80.2531385, 13.0686839], [80.2524493, 13.0694321], [80.2518231, 13.0698887], [80.2508872, 13.0704857], [80.2501845, 13.0709016], [80.2499543, 13.0709906], [80.2494905, 13.0710929], [80.2490338, 13.0710902], [80.2484313, 13.070959], [80.2477204, 13.0706927], [80.2472418, 13.0704491], [80.2465247, 13.0700602], [80.2459963, 13.0697756], [80.2456612, 13.0695899], [80.2452367, 13.0693707], [80.2448806, 13.069174], [80.2442713, 13.0688473], [80.2432156, 13.0683861], [80.2427454, 13.068231], [80.242702, 13.068398], [80.242637, 13.0686501], [80.2425807, 13.0688257], [80.242579, 13.0688299], [80.2423445, 13.0693955], [80.242164, 13.0694039], [80.2421635, 13.0694021], [80.242135, 13.0693533], [80.2421147, 13.0693333], [80.2420911, 13.069317], [80.2420373, 13.0692976], [80.2420086, 13.0692951], [80.2418606, 13.0692947], [80.241784, 13.0692944], [80.2415734, 13.0692938], [80.2414131, 13.069295], [80.2414123, 13.069295], [80.2413203, 13.0692957], [80.240078, 13.0693052], [80.2400776, 13.0693052], [80.2400218, 13.0693057], [80.2400215, 13.0693057], [80.2392981, 13.0693112], [80.2392977, 13.0693112], [80.239243, 13.0693116], [80.2392426, 13.0693116], [80.2388479, 13.0693146], [80.2382358, 13.0693378], [80.2381803, 13.0693399], [80.2381803, 13.0693399], [80.2379448, 13.0693488], [80.237406, 13.0693684], [80.2373383, 13.0693634], [80.237029, 13.0693408], [80.2369262, 13.0693365], [80.2368709, 13.0693342], [80.2368708, 13.0693342], [80.2363521, 13.0693125], [80.2361009, 13.0692985], [80.2361004, 13.0692985], [80.2360456, 13.0692954], [80.2360454, 13.0692954], [80.235654, 13.0692736], [80.2353612, 13.0692727], [80.2352909, 13.069285], [80.2352907, 13.0692851], [80.2352365, 13.0692946], [80.235236, 13.0692946], [80.2349504, 13.0693447], [80.2345926, 13.0694482], [80.2342225, 13.0696047], [80.2325687, 13.0702736], [80.2323064, 13.070317], [80.2324155, 13.0698188], [80.2324248, 13.0693715], [80.2324151, 13.0693171], [80.2323944, 13.0692464], [80.2323537, 13.0691075], [80.2323486, 13.0690922], [80.2323312, 13.0690549], [80.2322688, 13.0689467], [80.2322466, 13.0689139], [80.2322155, 13.0688806], [80.2321792, 13.0688527], [80.2321387, 13.0688311], [80.2321132, 13.0688215], [80.2319682, 13.0687745], [80.2317292, 13.0687701], [80.231667, 13.0683946], [80.2316657, 13.0683868], [80.2316368, 13.0682123], [80.2315161, 13.0681757], [80.2313893, 13.0681783], [80.2312242, 13.0681461], [80.2311222, 13.0681396], [80.2310086, 13.0681199], [80.2308597, 13.0681163], [80.230712, 13.06806], [80.2305101, 13.0679918], [80.230343, 13.0679522], [80.2301132, 13.0679036], [80.2300128, 13.0678631], [80.229863, 13.0678361], [80.2297593, 13.0678238], [80.229706, 13.0678232], [80.2296498, 13.0678078], [80.2295825, 13.0677855], [80.2295175, 13.0677641], [80.2294668, 13.0677411], [80.2294144, 13.0677456], [80.2293234, 13.0677787], [80.2292028, 13.0677816], [80.2290949, 13.0678486], [80.2289305, 13.0679459], [80.2288446, 13.0679719], [80.2287587, 13.0680242], [80.2286943, 13.068045], [80.2286513, 13.0680817], [80.2285545, 13.068155], [80.2284852, 13.0681978], [80.228454, 13.0681534], [80.2283905, 13.0679116], [80.2283639, 13.0678494], [80.2283511, 13.0677492], [80.2283354, 13.0676873], [80.2283092, 13.0675361], [80.22826, 13.0674258], [80.2281934, 13.067347], [80.228161, 13.067277], [80.2281233, 13.0671957], [80.2280733, 13.0670719], [80.228041, 13.0670226], [80.2280053, 13.0669777], [80.2279416, 13.0669575], [80.2278649, 13.0669582], [80.227759, 13.0669804], [80.2276902, 13.0670003], [80.2275725, 13.067029], [80.227473, 13.0670441], [80.2272759, 13.0671089], [80.2271783, 13.0671262], [80.2270396, 13.0671472], [80.226949, 13.0671508], [80.2268859, 13.0671412], [80.2268067, 13.0671157], [80.2267482, 13.0670812], [80.2266849, 13.0670262], [80.2266492, 13.0670106], [80.226619, 13.0670127], [80.2264271, 13.0670811], [80.2263445, 13.0671005], [80.2262552, 13.067104], [80.2261705, 13.067094], [80.2261232, 13.0670836], [80.2259212, 13.0670019], [80.2256577, 13.0670386], [80.2256239, 13.067052], [80.2256238, 13.0670517], [80.2255807, 13.0670671], [80.2254425, 13.067145], [80.225314, 13.0671873], [80.2251639, 13.0672083], [80.2250354, 13.067253], [80.2248002, 13.0673614], [80.2246693, 13.0674156], [80.2245652, 13.0674224], [80.2244611, 13.0674103], [80.2243813, 13.0673934], [80.2243256, 13.0673885], [80.2240421, 13.067466], [80.2238458, 13.0675413], [80.2237997, 13.067572], [80.2236348, 13.0676427], [80.2234483, 13.0676944], [80.2233246, 13.0677368], [80.2231842, 13.0677435], [80.2231527, 13.0676278], [80.223153, 13.0676256], [80.2231522, 13.0676259], [80.223152, 13.067626], [80.223143, 13.0675938], [80.2230986, 13.0674549], [80.2230572, 13.0673321], [80.2230169, 13.0672128], [80.2230111, 13.0671953], [80.2230061, 13.0671808], [80.2230052, 13.067179], [80.2230036, 13.0671778], [80.2230017, 13.0671771], [80.2229997, 13.0671772], [80.2230147, 13.0671431], [80.2230223, 13.0671261], [80.2230227, 13.0671241], [80.2230226, 13.0671235], [80.2230223, 13.0671222], [80.2229795, 13.067007], [80.2229688, 13.0669782], [80.2229583, 13.0669506], [80.2229492, 13.066921], [80.2229422, 13.0668909], [80.2229372, 13.066861], [80.2229298, 13.066805], [80.2229206, 13.0667506], [80.2229165, 13.0667308], [80.222901, 13.0666537], [80.222901, 13.0666536], [80.2228901, 13.0665988], [80.2228727, 13.0665012], [80.2228573, 13.0664041], [80.2228525, 13.0663777], [80.222846, 13.0663527], [80.2228377, 13.0663281], [80.2228276, 13.0663042], [80.2228159, 13.066281], [80.2228024, 13.0662587], [80.2227882, 13.0662385], [80.2227789, 13.0662287], [80.2227682, 13.0662195], [80.2227565, 13.0662115], [80.222744, 13.0662049], [80.2227308, 13.0661996], [80.2227171, 13.0661958], [80.2227031, 13.0661935], [80.222694, 13.066193], [80.2226926, 13.0661884], [80.2226775, 13.0661358], [80.2226749, 13.0661305], [80.2226727, 13.0661269], [80.2226578, 13.0660987], [80.2226462, 13.0660684], [80.2226439, 13.0660627], [80.2226403, 13.0660521], [80.2226383, 13.0660457], [80.2226089, 13.0659266], [80.2225959, 13.0658751], [80.222578, 13.0657956], [80.2225625, 13.0657291], [80.2225448, 13.0656623], [80.2225228, 13.0655695], [80.2225155, 13.0655352], [80.2225031, 13.0654767], [80.2224932, 13.0654237], [80.2224856, 13.0653832], [80.2224707, 13.065291], [80.2224333, 13.0651053], [80.2223614, 13.0647259], [80.2223498, 13.064666], [80.2222916, 13.0643733], [80.2222791, 13.0643402], [80.222281, 13.0643396], [80.2222826, 13.0643383], [80.2222836, 13.0643366], [80.2222839, 13.0643347], [80.2222838, 13.0643338], [80.2222817, 13.0643234], [80.2222688, 13.0642525], [80.222254, 13.0641831], [80.2222371, 13.0641141], [80.2222183, 13.0640457], [80.2221974, 13.0639778], [80.2221625, 13.0638735], [80.2222194, 13.0638604], [80.2222211, 13.0638593], [80.2222214, 13.0638591], [80.2222161, 13.0638188], [80.2221607, 13.0638257], [80.2221583, 13.063824], [80.2221482, 13.0637419], [80.2221238, 13.0635363], [80.2221034, 13.0633336], [80.2220928, 13.0632413], [80.2220923, 13.0632243], [80.2220966, 13.063208], [80.2221027, 13.0631922], [80.2221072, 13.0631828], [80.2221177, 13.0631631], [80.2221237, 13.0631492], [80.2221295, 13.0631185], [80.2221335, 13.0630875], [80.2221355, 13.0630564], [80.2221357, 13.0630252], [80.2221339, 13.062994], [80.2221254, 13.0629415], [80.2221138, 13.0628895], [80.2221091, 13.0628728], [80.222098, 13.0628338], [80.2220545, 13.0626923], [80.2220096, 13.062541], [80.2219649, 13.0623758], [80.2219627, 13.062366], [80.2219519, 13.0623185], [80.221945, 13.0622882], [80.2219123, 13.0621611], [80.2218989, 13.06211], [80.2218837, 13.0620594], [80.221867, 13.0620107], [80.2218523, 13.0619721], [80.2218477, 13.06196], [80.221798, 13.0618148], [80.2217475, 13.061668], [80.2217191, 13.061581], [80.2217061, 13.061541], [80.2216935, 13.0615014], [80.2216753, 13.0614409], [80.2216549, 13.0613812], [80.221632, 13.061322], [80.2216062, 13.0612599], [80.2215821, 13.0611962], [80.2215712, 13.0611647], [80.2215564, 13.0611205], [80.2215402, 13.0610681], [80.2215109, 13.0609871], [80.2214815, 13.0608997], [80.221457, 13.0608217], [80.2214213, 13.0607138], [80.2214061, 13.0606679], [80.2213449, 13.0604828], [80.2213115, 13.0603641], [80.2212942, 13.0602971], [80.2212943, 13.0602971], [80.2212926, 13.0602916], [80.2212757, 13.0602371], [80.2212749, 13.060234], [80.2212741, 13.060231], [80.2212588, 13.0602262], [80.2212265, 13.060216], [80.221195, 13.0602035], [80.2211667, 13.0601924], [80.2211459, 13.0601839], [80.221073, 13.0601322], [80.2210389, 13.0601062], [80.2210059, 13.0600789], [80.2209741, 13.0600501], [80.220944, 13.0600198], [80.2209162, 13.0599874], [80.2208908, 13.0599531], [80.2208135, 13.0598344], [80.2207389, 13.0597428], [80.220685, 13.0596853], [80.2206773, 13.0596771], [80.2206648, 13.0596666], [80.2206513, 13.0596575], [80.2206426, 13.0596526], [80.2206122, 13.0596396], [80.2202175, 13.0594712], [80.2201782, 13.0594559], [80.220138, 13.0594424], [80.2200971, 13.0594307], [80.2200557, 13.0594209], [80.2200139, 13.0594131], [80.2199718, 13.0594072], [80.2199294, 13.0594032], [80.2198869, 13.0594013], [80.2198715, 13.0594013], [80.2197851, 13.0593973], [80.2197671, 13.0593956], [80.2197278, 13.0593898], [80.2196888, 13.059382], [80.2196503, 13.0593724], [80.2196135, 13.0593611], [80.2195953, 13.0593533], [80.219578, 13.0593437], [80.2195617, 13.0593325], [80.2195466, 13.0593198], [80.2195329, 13.0593056], [80.2195207, 13.0592903], [80.2195101, 13.0592738], [80.2195011, 13.0592563], [80.219494, 13.0592381], [80.2194888, 13.0592193], [80.2194704, 13.0591315], [80.219449, 13.0590444], [80.2194246, 13.058958], [80.2194188, 13.0589439], [80.2194114, 13.0589307], [80.2194023, 13.0589185], [80.2193918, 13.0589074], [80.21938, 13.0588976], [80.2193671, 13.0588893], [80.2193533, 13.0588826], [80.2192843, 13.0588665], [80.2192148, 13.0588524], [80.219145, 13.0588403], [80.2190748, 13.0588303], [80.2190043, 13.0588223], [80.2189336, 13.0588163], [80.2188016, 13.0587998], [80.2186699, 13.0587811], [80.2185384, 13.0587603], [80.2184074, 13.0587375], [80.2182998, 13.0587169], [80.2182767, 13.0587125], [80.2181682, 13.0587046], [80.2181491, 13.0587032], [80.2180504, 13.0586946], [80.2179778, 13.0586876], [80.2178943, 13.058679], [80.2177812, 13.0580398], [80.2177633, 13.0578919], [80.2177434, 13.0577443], [80.2177213, 13.0575969], [80.2177161, 13.0575655], [80.217697, 13.0574499], [80.2176707, 13.0573032], [80.2176594, 13.0572204], [80.2176457, 13.0571379], [80.2176297, 13.0570559], [80.2176114, 13.0569743], [80.2175788, 13.056816], [80.2175787, 13.056815], [80.217579, 13.0568131], [80.21758, 13.0568113], [80.2175815, 13.0568101], [80.2175835, 13.0568095], [80.2175946, 13.0568081], [80.2176118, 13.0568055], [80.2176309, 13.0568], [80.2176491, 13.056792], [80.2176661, 13.0567818], [80.2176815, 13.0567694], [80.2176951, 13.0567551], [80.2177067, 13.0567392], [80.217716, 13.0567219], [80.2177229, 13.0567036], [80.2177272, 13.0566845], [80.2177289, 13.056665], [80.2177281, 13.0566482], [80.2177183, 13.0564797], [80.2177113, 13.0563674], [80.2177078, 13.0563113], [80.2177016, 13.0562168], [80.2179893, 13.0561655], [80.2181294, 13.0561451], [80.2183647, 13.0561119], [80.2183693, 13.056106], [80.2183386, 13.0558121], [80.2183275, 13.0557083], [80.2183069, 13.055522], [80.2183035, 13.055498], [80.2183029, 13.0554742], [80.2182981, 13.0554175], [80.2182957, 13.0553882], [80.2182867, 13.0552811], [80.2182729, 13.0550864], [80.2182579, 13.0548917], [80.2182592, 13.054822], [80.2182592, 13.0547831], [80.2182592, 13.054778], [80.2182593, 13.0547521], [80.2182597, 13.0547327], [80.2176648, 13.0546886], [80.2176764, 13.0546002], [80.2182653, 13.0546407], [80.2182674, 13.0546144], [80.2182684, 13.0545103], [80.2182821, 13.0542636], [80.2182821, 13.0542629], [80.2182816, 13.054261], [80.2182804, 13.0542594], [80.2182787, 13.0542583], [80.2182768, 13.0542579], [80.2182619, 13.0542574], [80.2178287, 13.0542531], [80.2178493, 13.0542084], [80.2178408, 13.0542083], [80.2178325, 13.0542062], [80.217825, 13.0542024], [80.2178186, 13.0541969], [80.2178136, 13.05419], [80.2178104, 13.0541823], [80.2178144, 13.0539426], [80.2178201, 13.0537706], [80.2178225, 13.0535979], [80.2178217, 13.0534263], [80.2178231, 13.0533921], [80.2178226, 13.053385], [80.217821, 13.0533748], [80.2178184, 13.0533649], [80.2178164, 13.0533516], [80.2178157, 13.0533363], [80.2178167, 13.053321], [80.2178178, 13.0532942], [80.2178201, 13.0531614], [80.2178192, 13.0530378], [80.2178193, 13.0530367], [80.2178201, 13.0530349], [80.2178214, 13.0530334], [80.2178232, 13.0530325], [80.217834, 13.0530331], [80.2178803, 13.0530354], [80.2178986, 13.0530358], [80.2179407, 13.0530346], [80.2179826, 13.0530313], [80.2180244, 13.0530261], [80.2180658, 13.0530188], [80.2180769, 13.0530178], [80.2180879, 13.053019], [80.2180045, 13.0529366], [80.2180048, 13.052923], [80.2180028, 13.0529095], [80.2179942, 13.0528708], [80.2179828, 13.0528328], [80.2179689, 13.0527955], [80.2179534, 13.0527609], [80.2179403, 13.0527254], [80.2179297, 13.052689], [80.2179187, 13.0526387], [80.2179097, 13.0525879], [80.2179026, 13.0525369], [80.217888, 13.0522904], [80.2178869, 13.0522775], [80.217885, 13.0522603], [80.2178792, 13.0521899], [80.2178736, 13.0521011], [80.2178723, 13.0520142], [80.2178735, 13.0519273], [80.217881, 13.0518808], [80.2178851, 13.0518469], [80.2178867, 13.0518341], [80.2178903, 13.0517872], [80.217892, 13.0517402], [80.217894, 13.0517156], [80.2178928, 13.0517022], [80.2178898, 13.0516994], [80.2178898, 13.0516994], [80.21789, 13.0516995], [80.2179471, 13.0517208], [80.2179542, 13.0517234], [80.2179542, 13.0517235], [80.2181779, 13.0518314], [80.218178, 13.0518315], [80.2182207, 13.0518479], [80.2182207, 13.051848], [80.2184729, 13.0519452], [80.2184729, 13.0519452], [80.2187776, 13.0520372], [80.2187776, 13.0520372], [80.2189808, 13.0520974], [80.2189808, 13.0520974], [80.2190828, 13.0521276], [80.2191514, 13.0521475], [80.2192299, 13.0521703], [80.2193393, 13.052202], [80.2193886, 13.0522163], [80.2195534, 13.0522544], [80.2197177, 13.0522946], [80.2198815, 13.0523369], [80.2200135, 13.0523709], [80.2201449, 13.0524072], [80.2202024, 13.0524242], [80.2202557, 13.05244], [80.2202755, 13.0524458], [80.2204055, 13.0524867], [80.220607, 13.0525313], [80.2206345, 13.0525395], [80.2206775, 13.0525563], [80.220726, 13.0525741], [80.2207752, 13.0525903], [80.2208249, 13.0526047], [80.2212787, 13.0527209], [80.2213859, 13.0527493], [80.2214398, 13.0527636], [80.2215816, 13.052801], [80.2217903, 13.0528581], [80.2220383, 13.0529296], [80.2222867, 13.0530054], [80.2225091, 13.0530769], [80.222651, 13.0531176], [80.2226511, 13.0531176], [80.222728, 13.0531397], [80.2227567, 13.0531479], [80.2229202, 13.0531928], [80.2230808, 13.0532326], [80.2232486, 13.0532722], [80.2234294, 13.0533137], [80.2235986, 13.0533503], [80.2237499, 13.0533842], [80.2239949, 13.0534354], [80.2241255, 13.0534683], [80.2241257, 13.0534684], [80.2242002, 13.0534872], [80.2244095, 13.0535399], [80.2245259, 13.0535646], [80.2245689, 13.0535737], [80.2246305, 13.0535867], [80.2248906, 13.053642], [80.2250941, 13.053684], [80.2252422, 13.0537145], [80.2254159, 13.0537503], [80.2256331, 13.0537932], [80.2256932, 13.0538051], [80.2256934, 13.0538051], [80.2256997, 13.0538063], [80.2260209, 13.0538605], [80.2263586, 13.0539079], [80.2266449, 13.0539467], [80.2267413, 13.0539591], [80.2268418, 13.0539668], [80.2269674, 13.0539785], [80.2270544, 13.0539867], [80.2273115, 13.0540108], [80.2275974, 13.0540402], [80.2278157, 13.0540664], [80.2279395, 13.0540815], [80.2279833, 13.0540869], [80.2281262, 13.0541043], [80.2283271, 13.0541259], [80.2284659, 13.0541393], [80.2285012, 13.0541428], [80.2285759, 13.05415], [80.2288469, 13.0541664], [80.2288985, 13.0541698], [80.2289063, 13.0541703], [80.2289582, 13.0541737], [80.2291033, 13.0541837], [80.2292097, 13.0541871], [80.2294121, 13.0541919], [80.2298469, 13.0542056], [80.2298521, 13.0542057], [80.2300908, 13.054211], [80.2303782, 13.0542051], [80.2304389, 13.0542039], [80.2305015, 13.0542014], [80.2305995, 13.054207], [80.2306127, 13.054209], [80.2306155, 13.0542095], [80.230618, 13.0542108], [80.2306295, 13.0542171], [80.2306373, 13.0542243], [80.2306433, 13.0542331], [80.2307151, 13.0542216], [80.2307251, 13.0542142], [80.2307374, 13.0542127], [80.2307856, 13.0542121], [80.2307856, 13.0542021], [80.2307856, 13.0541825], [80.2307141, 13.0541802], [80.2307098, 13.0541801], [80.2307084, 13.0541782], [80.230705, 13.0541737], [80.2307029, 13.0541671], [80.2307016, 13.054162], [80.2307, 13.0541562], [80.2306987, 13.0541508], [80.2306965, 13.054144], [80.2306968, 13.054144], [80.2306972, 13.054144], [80.2307205, 13.0541443], [80.2308218, 13.0541453], [80.2309395, 13.0541483], [80.2310163, 13.0541503], [80.2311497, 13.0541538], [80.2311366, 13.0540649], [80.2311372, 13.0540649], [80.2311161, 13.053913], [80.2311062, 13.0538304], [80.2310674, 13.0536131], [80.2309892, 13.0530701], [80.2309613, 13.0528606], [80.2309202, 13.0525801], [80.2308847, 13.0523427], [80.2308414, 13.0520482], [80.2308176, 13.0518857], [80.2307894, 13.0516986], [80.2307825, 13.0516368], [80.2307681, 13.0515574], [80.2305502, 13.0501111], [80.2304325, 13.0493229], [80.2303657, 13.0488741], [80.2303192, 13.048575], [80.2302557, 13.048148], [80.2302129, 13.0478709], [80.2303776, 13.0477995], [80.2303988, 13.0477914], [80.2304172, 13.0477732], [80.2304836, 13.0477667], [80.2305282, 13.0477637], [80.2306816, 13.0477532], [80.2307266, 13.0477491], [80.2307598, 13.047746], [80.2308386, 13.0477387], [80.2308694, 13.0477359], [80.2309011, 13.0477329], [80.2309879, 13.0477249], [80.2311929, 13.0476833], [80.2312824, 13.0476751], [80.2313083, 13.0476727], [80.2313471, 13.0476691], [80.2314084, 13.0476604], [80.2315381, 13.0476447], [80.2315705, 13.0476406], [80.2317284, 13.0476203], [80.2318608, 13.0476052], [80.2318898, 13.0476019], [80.2319566, 13.0475943], [80.2321563, 13.0475673], [80.2321842, 13.0475637], [80.2322189, 13.0475591], [80.23242, 13.0475328], [80.2324544, 13.0475282], [80.2324999, 13.0475217], [80.232616, 13.0475054], [80.2326533, 13.0475008], [80.2329117, 13.0474698], [80.232952, 13.0474629], [80.2331522, 13.0474287], [80.233365, 13.0473997], [80.2335112, 13.047385], [80.2335396, 13.0473823], [80.2336444, 13.0473743], [80.2336524, 13.0473731], [80.2336769, 13.0473694], [80.2337239, 13.0473622], [80.2338671, 13.0473414], [80.2340761, 13.0473179], [80.2344849, 13.0472548], [80.2345324, 13.0472474], [80.2345646, 13.0472418], [80.2347295, 13.0472161], [80.2347395, 13.0472143], [80.2347698, 13.0472087], [80.2348847, 13.0471875], [80.2350192, 13.0471627], [80.2350596, 13.0471584], [80.2355637, 13.047104], [80.2356968, 13.0470952], [80.2358353, 13.047076], [80.2360317, 13.0470417], [80.236061, 13.0470364], [80.2361803, 13.047013], [80.2362923, 13.0469899], [80.2363237, 13.0469834], [80.2364806, 13.046951], [80.236592, 13.0469288], [80.2368617, 13.0468679], [80.2369784, 13.0468426], [80.2378961, 13.0466519], [80.2382266, 13.0465843], [80.2383258, 13.0465533], [80.2386758, 13.046484], [80.2387171, 13.0464758], [80.2390988, 13.0464002], [80.2391425, 13.0463915], [80.239422, 13.0463286], [80.2393052, 13.0462407], [80.2393303, 13.0462271], [80.2393543, 13.0462118], [80.2393772, 13.0461949], [80.2393988, 13.0461765], [80.2394105, 13.046165], [80.2394191, 13.0461567], [80.239438, 13.0461355], [80.2394553, 13.0461132], [80.239471, 13.0460897], [80.2395462, 13.0459779], [80.2396872, 13.0457751], [80.2397146, 13.045736], [80.239733, 13.0457099], [80.2398098, 13.0456006], [80.2399663, 13.0453687], [80.2400583, 13.0452449], [80.2401642, 13.0453068], [80.2402318, 13.0452056], [80.240418, 13.0449268], [80.2404199, 13.0449206], [80.2404369, 13.0448869], [80.2404823, 13.0448069], [80.2405629, 13.0446857], [80.2406384, 13.0445741], [80.2406678, 13.0445306], [80.2407663, 13.0443841], [80.2408162, 13.044315], [80.2408401, 13.044282], [80.240883, 13.0442129], [80.2409711, 13.0440889], [80.2409939, 13.0439684], [80.2410116, 13.043875], [80.241015, 13.0438816], [80.2410204, 13.0438869], [80.2410271, 13.0438902], [80.2410361, 13.0438913], [80.2410414, 13.0438909], [80.2411841, 13.0438814], [80.2414692, 13.0438258], [80.2414731, 13.043825], [80.241629, 13.0438008], [80.241663, 13.0437956], [80.2417802, 13.0437774], [80.2418031, 13.0437738], [80.2418333, 13.0437691], [80.241853, 13.043766], [80.2418849, 13.043761], [80.2419448, 13.0437516], [80.2419658, 13.0437483], [80.2420896, 13.0437289], [80.2421173, 13.0437247], [80.2421563, 13.0437188], [80.2421889, 13.0437138], [80.2427116, 13.0436342], [80.2427993, 13.0436209], [80.2430528, 13.0435823], [80.2430809, 13.043578], [80.2436419, 13.0434926], [80.2436728, 13.0434871], [80.2436748, 13.0434873], [80.2436754, 13.0434873], [80.2437189, 13.0434803], [80.243956, 13.0434427], [80.2439851, 13.0434381], [80.2440709, 13.0434245], [80.244453, 13.0433605], [80.2444946, 13.0433535], [80.2445029, 13.0433507], [80.2445103, 13.043346], [80.2445163, 13.0433397], [80.2445205, 13.0433322], [80.2445228, 13.0433239], [80.2445229, 13.0433158], [80.2445229, 13.0433153], [80.2445206, 13.0432925], [80.2445144, 13.0432503], [80.2444769, 13.0429973], [80.2444579, 13.0428839], [80.2444163, 13.042675], [80.2443818, 13.0424877], [80.244356, 13.0423059], [80.244344, 13.0422432], [80.2443183, 13.0420817], [80.2443154, 13.0420693], [80.2442933, 13.041909], [80.2442832, 13.0418361], [80.2442773, 13.0417933], [80.2442263, 13.0415125], [80.2441954, 13.0413407], [80.2441883, 13.0413012], [80.2441794, 13.0412546], [80.2442679, 13.0412127], [80.2445098, 13.0411682], [80.2447155, 13.0411261], [80.2450541, 13.0410797], [80.245336, 13.0410378], [80.2455081, 13.0410091], [80.2455233, 13.0410069], [80.2455387, 13.0410066], [80.2455541, 13.0410081], [80.2455692, 13.0410113], [80.2455837, 13.0410162], [80.2455976, 13.0410228], [80.2456085, 13.0410297], [80.24561, 13.041031], [80.2456107, 13.0410326], [80.2455553, 13.0408567], [80.245551, 13.0408794], [80.2455499, 13.0408825], [80.2455465, 13.0408928], [80.2455404, 13.0409054], [80.2455327, 13.0409172], [80.2455234, 13.0409279], [80.2455129, 13.0409373], [80.2455011, 13.0409454], [80.2454885, 13.0409518], [80.2453263, 13.0409789], [80.2450905, 13.0410139], [80.2450538, 13.0410194], [80.2450455, 13.0410206], [80.2447026, 13.0410655], [80.2444975, 13.0411075], [80.2442866, 13.0411464], [80.244279, 13.0411467], [80.2442688, 13.0411445], [80.244261, 13.0411412], [80.2442578, 13.0411398], [80.2442476, 13.0411333], [80.2442387, 13.0411253], [80.2442313, 13.0411159], [80.2442255, 13.0411055], [80.2442215, 13.0410943], [80.2441243, 13.0411134], [80.2441153, 13.0410672], [80.2441152, 13.0410665], [80.244098, 13.0409711], [80.2440565, 13.040712], [80.2439869, 13.0403204], [80.2439683, 13.0402156], [80.2439675, 13.0402072], [80.243964, 13.0401994], [80.2439581, 13.040193], [80.2439341, 13.0401747], [80.2435998, 13.0399265], [80.2431765, 13.0399361], [80.2431727, 13.0399362], [80.2431695, 13.0399362], [80.2430221, 13.0399547], [80.2422734, 13.0400482], [80.2422042, 13.0400547], [80.2420099, 13.0400728], [80.2419315, 13.0400805], [80.2415399, 13.0401167], [80.241137, 13.0401715], [80.2408768, 13.0402046], [80.240771, 13.0402184], [80.2405449, 13.0402468], [80.2404206, 13.0402654], [80.2402358, 13.0402953], [80.240134, 13.0403117], [80.239997, 13.0403245], [80.2399867, 13.0403254], [80.2399836, 13.0403257], [80.2399832, 13.0403258], [80.2398922, 13.0403342], [80.239894, 13.0403333], [80.2398954, 13.0403319], [80.2398962, 13.0403301], [80.2398963, 13.0403281], [80.239857, 13.0400584], [80.2398096, 13.0397323], [80.2397759, 13.0394039], [80.2397394, 13.0391488], [80.2397393, 13.0391487], [80.2397274, 13.0390535], [80.2397157, 13.0389591], [80.239686, 13.0386995], [80.2396628, 13.0384336], [80.2396579, 13.0384148], [80.2396364, 13.0383327], [80.2396347, 13.038326], [80.2396257, 13.0382888], [80.2396199, 13.0382354], [80.2396194, 13.0382302], [80.2395961, 13.0380166], [80.2395728, 13.0378243], [80.2395576, 13.0376667], [80.2395488, 13.0376059], [80.2395487, 13.0376055], [80.2395405, 13.0375485], [80.2395207, 13.0374127], [80.2394966, 13.037199], [80.2394782, 13.0370289], [80.2394757, 13.0370067], [80.2394557, 13.0368575], [80.2394481, 13.0368009], [80.2394364, 13.0367139], [80.2394084, 13.0364828], [80.2393843, 13.0362953], [80.2393589, 13.0360881], [80.2393467, 13.0360025], [80.2393443, 13.0359856], [80.2393329, 13.035905], [80.2393192, 13.0357341], [80.2393008, 13.0355901], [80.2393009, 13.0355812], [80.239299, 13.0355725], [80.2392951, 13.0355645], [80.2392895, 13.0355576], [80.2392824, 13.035552], [80.2392743, 13.0355482], [80.2391394, 13.0354709], [80.2391322, 13.0354673], [80.2390465, 13.0354245], [80.2389008, 13.0353317], [80.2386988, 13.0352016], [80.2386202, 13.0351532], [80.2385901, 13.0351346], [80.2385336, 13.0350996], [80.2382188, 13.0349005], [80.2380241, 13.0347713], [80.2379901, 13.0347488], [80.2379898, 13.0347486], [80.2379207, 13.0347028], [80.2379135, 13.0346981], [80.2377259, 13.034576], [80.2373694, 13.0343811], [80.2374306, 13.0342697], [80.237538, 13.0342312], [80.2376097, 13.0342045], [80.2376273, 13.034197], [80.2376433, 13.0341867], [80.2376575, 13.0341741], [80.2376653, 13.0341616], [80.2377183, 13.0340747], [80.237878, 13.0338226], [80.237909, 13.0337737], [80.238069, 13.0335232], [80.2380742, 13.033515], [80.2381515, 13.0333925], [80.2382285, 13.0332696], [80.2382526, 13.0332307], [80.2382604, 13.0332183], [80.2383057, 13.0331453], [80.2384571, 13.0329031], [80.2385129, 13.0328181], [80.2385398, 13.0327772], [80.2386567, 13.0325992], [80.2387263, 13.0324933], [80.2387937, 13.0323869], [80.2388076, 13.0323642], [80.23885, 13.0322947], [80.2388596, 13.0322789], [80.2389561, 13.0320983], [80.2389968, 13.0320405], [80.2390698, 13.031937], [80.2390788, 13.0319225], [80.2391411, 13.0318575], [80.2391432, 13.0318552], [80.2391456, 13.0318528], [80.2391602, 13.0318338], [80.2391878, 13.0317921], [80.2392602, 13.0316682], [80.2393764, 13.0314597], [80.2395195, 13.0312076], [80.2398535, 13.0308579], [80.2396267, 13.0292616], [80.2398129, 13.0284641], [80.2400074, 13.0270741], [80.2407941, 13.0263142], [80.2408252, 13.0263047], [80.2412484, 13.0264046], [80.2417006, 13.0264151], [80.2423194, 13.0263647], [80.2428576, 13.0263343], [80.2433691, 13.0262091], [80.2440715, 13.0258481], [80.2445074, 13.0254727], [80.2448745, 13.0250426], [80.2455704, 13.0243519], [80.2461809, 13.0237892], [80.2471557, 13.0227515], [80.2477862, 13.0220247], [80.2482136, 13.0213281], [80.2488158, 13.0204706], [80.2489283, 13.0199459], [80.2490909, 13.0192225], [80.2491744, 13.0184704], [80.2497907, 13.0188147], [80.2498899, 13.0188746], [80.249959, 13.0189354], [80.2501161, 13.0190241], [80.2502926, 13.0191423], [80.2504042, 13.0192165], [80.2504801, 13.0192728], [80.2505974, 13.0193375], [80.2509994, 13.0196003], [80.2510939, 13.0196823], [80.2511346, 13.0197162], [80.2512425, 13.0198277], [80.2513199, 13.0199118], [80.2513918, 13.0199924], [80.2515182, 13.0201318], [80.2516032, 13.020247], [80.2516566, 13.0203382], [80.2517009, 13.020401], [80.2517649, 13.0204916], [80.2518131, 13.0205715], [80.2518471, 13.0206326], [80.2518824, 13.0206898], [80.2519291, 13.0207275], [80.2519711, 13.0207824], [80.2520047, 13.0208666], [80.2520048, 13.0209248], [80.2520302, 13.0209928], [80.2520589, 13.0210569], [80.2520897, 13.0211093], [80.2521013, 13.0211489], [80.2521222, 13.0211896], [80.252147, 13.0212273], [80.252182, 13.0212815], [80.2522132, 13.021322], [80.2522358, 13.0213555], [80.2522471, 13.0213789], [80.2522626, 13.0213998], [80.2522874, 13.0214148], [80.2523177, 13.0214109], [80.2523526, 13.0214268], [80.2523813, 13.0214638], [80.2525867, 13.0217894], [80.2527322, 13.0219164], [80.2527579, 13.0219248], [80.2528139, 13.0219282], [80.2528654, 13.0219539], [80.2528795, 13.0219639], [80.2529025, 13.0220025], [80.252908, 13.0220162], [80.2529298, 13.0220728], [80.2529809, 13.0222159], [80.2530624, 13.0222965], [80.253133, 13.0223556], [80.2532756, 13.022462], [80.2534683, 13.0225892], [80.2536659, 13.0226998], [80.2537753, 13.0227467], [80.2539197, 13.0227894], [80.2540488, 13.0228458], [80.2542137, 13.0229129], [80.2543829, 13.0229731], [80.254552, 13.0230369], [80.2547299, 13.0230943], [80.2548818, 13.0231232], [80.2550548, 13.0231862], [80.2553039, 13.0232882], [80.2555989, 13.0233963], [80.2560298, 13.0235371], [80.2562406, 13.0236587], [80.2567557, 13.0239028], [80.2570391, 13.0240266], [80.2572856, 13.024149], [80.2575658, 13.0242873], [80.2577589, 13.0243891], [80.2579844, 13.0244948], [80.2581168, 13.0245405], [80.2581697, 13.024562], [80.2582413, 13.024591], [80.2583357, 13.0246813], [80.2584989, 13.0247851], [80.2586329, 13.0248947], [80.2588149, 13.0250152], [80.2589068, 13.0250814], [80.2590315, 13.0251638], [80.2591532, 13.0252812], [80.2593176, 13.0254009], [80.2594284, 13.0255018], [80.2594507, 13.0255213], [80.2595513, 13.0256093], [80.2595578, 13.0256076], [80.259718, 13.0255657], [80.2597847, 13.0255482], [80.2597839, 13.0255464], [80.2597838, 13.0255445], [80.2597845, 13.0255426], [80.2597858, 13.0255411], [80.2597875, 13.0255401], [80.2597931, 13.0255383], [80.2599531, 13.025485], [80.2601885, 13.0254109], [80.2604971, 13.0253255], [80.2607368, 13.0252538], [80.2609165, 13.0252008], [80.2610462, 13.0251597], [80.2610482, 13.0251595], [80.2610502, 13.02516], [80.2610519, 13.0251611], [80.261053, 13.0251627], [80.2610533, 13.0251635], [80.2610364, 13.0251033], [80.2610144, 13.0250245], [80.2610746, 13.0250001], [80.2612462, 13.0249553], [80.2614753, 13.0248932], [80.2616861, 13.0248284], [80.2618334, 13.0247863], [80.2619492, 13.0247572], [80.2619889, 13.0247497], [80.2620172, 13.0247341], [80.2620926, 13.0247084], [80.2622196, 13.0246624], [80.262323, 13.0246265], [80.2623979, 13.0246018], [80.2625553, 13.0245516], [80.2626703, 13.0245195], [80.2627275, 13.0245094], [80.2628201, 13.0244862], [80.2632441, 13.0244003], [80.2632829, 13.0243925], [80.263295, 13.02439], [80.263539, 13.024342], [80.2638294, 13.0242951], [80.2638797, 13.024287], [80.2639473, 13.0242761], [80.2640697, 13.024255], [80.2641924, 13.0242347], [80.2643152, 13.0242152], [80.2643874, 13.0242042], [80.2643904, 13.0242041], [80.2644007, 13.0242038], [80.2644139, 13.0242053], [80.2644267, 13.0242088], [80.2644388, 13.0242141], [80.26445, 13.0242212], [80.26446, 13.0242298], [80.2644799, 13.0242604], [80.2645519, 13.0243638], [80.2646255, 13.0244655], [80.2647009, 13.0245658], [80.2647775, 13.0246641], [80.264904, 13.0248264], [80.2649191, 13.0248468], [80.2649642, 13.0249055], [80.2649644, 13.0249058], [80.2650283, 13.0249897], [80.2651239, 13.025106], [80.2652702, 13.0253195], [80.2653973, 13.0255141], [80.265449, 13.0255931], [80.2655065, 13.0256811], [80.2655556, 13.0257572], [80.2656237, 13.0258609], [80.2656511, 13.0259052], [80.2656929, 13.0259737], [80.2658282, 13.0262088], [80.2658413, 13.0262338], [80.2658437, 13.0262426], [80.2659088, 13.0262137], [80.2659872, 13.0261674], [80.2660059, 13.0261576], [80.266034, 13.0261423], [80.2660732, 13.0261219], [80.2661079, 13.0261033], [80.2661738, 13.0260639], [80.266244, 13.0260194], [80.2663156, 13.0259771], [80.2663834, 13.0259398], [80.2665273, 13.025844], [80.2665287, 13.0258426], [80.2665295, 13.0258408], [80.2665296, 13.0258389], [80.266529, 13.025837], [80.2664519, 13.0257206], [80.2663671, 13.0255845], [80.2662151, 13.0253535], [80.2662384, 13.0253397], [80.2664194, 13.0252181], [80.2664775, 13.0253336], [80.2665456, 13.0254365], [80.2667234, 13.0257067], [80.2667238, 13.0257073], [80.2667254, 13.0257085], [80.2667273, 13.0257092], [80.2667293, 13.0257091], [80.2667311, 13.0257083], [80.2668276, 13.025644], [80.2668709, 13.0256152], [80.2669734, 13.0255374], [80.2670615, 13.0254791], [80.2671092, 13.0254475], [80.2676798, 13.02507], [80.2676909, 13.0250629], [80.2679304, 13.0250059], [80.2679486, 13.0250083], [80.2679669, 13.0250086], [80.268093, 13.0250089], [80.2686611, 13.0250633], [80.2688432, 13.025089], [80.2690256, 13.0251129], [80.2692082, 13.0251349], [80.269258, 13.025144], [80.2693081, 13.0251511], [80.2693584, 13.0251563], [80.269409, 13.0251596], [80.2694596, 13.0251609], [80.2695102, 13.0251602], [80.2695608, 13.0251575], [80.2696786, 13.0251493], [80.2697966, 13.0251431], [80.2699147, 13.025139], [80.2700328, 13.025137], [80.2701015, 13.0251317], [80.27017, 13.0251245], [80.2702382, 13.0251154], [80.2703061, 13.0251042], [80.2703737, 13.0250912], [80.2704409, 13.0250762], [80.2708813, 13.0249683], [80.2710494, 13.024924], [80.271218, 13.0248816], [80.2712387, 13.0248766], [80.271441, 13.0248283], [80.2715004, 13.0248144], [80.2716007, 13.0247902], [80.2717005, 13.0247639], [80.2718009, 13.0247351], [80.2718654, 13.0247167], [80.2719271, 13.0246967], [80.2719881, 13.0246745], [80.2720291, 13.0246514], [80.2720553, 13.0246272], [80.2720868, 13.0246002], [80.2721056, 13.0245828], [80.2721291, 13.0245627], [80.2721459, 13.0245477], [80.2721929, 13.0244992], [80.2722252, 13.0244683], [80.272259, 13.024439], [80.2722941, 13.0244112], [80.2723305, 13.0243851], [80.2723681, 13.0243607], [80.2724068, 13.024338], [80.2724466, 13.0243172], [80.272543, 13.0242763], [80.2726415, 13.0242471], [80.2728413, 13.024204], [80.2729938, 13.0241741], [80.2731454, 13.0241477], [80.2732734, 13.0241216], [80.2734212, 13.0240914], [80.273478, 13.0240712], [80.2735732, 13.0240604], [80.2736839, 13.0240349], [80.2739202, 13.0238984], [80.2741244, 13.0238171], [80.2743584, 13.0237163], [80.2745056, 13.0236437], [80.2746839, 13.0235556], [80.2748787, 13.0234531], [80.2750541, 13.0233602], [80.2752414, 13.0232604], [80.2754127, 13.0231692], [80.2756892, 13.0230355], [80.2759406, 13.0229085], [80.2761653, 13.0227905], [80.2763225, 13.0227122], [80.2764786, 13.0226316], [80.2766682, 13.0225203], [80.2768623, 13.022417], [80.2770608, 13.0223217], [80.2771966, 13.0222601], [80.2773066, 13.0222196], [80.2774605, 13.0221909], [80.2776419, 13.0221953], [80.2777965, 13.0220917], [80.2779136, 13.0219447], [80.2782204, 13.0218265], [80.2782259, 13.021828], [80.2783086, 13.0218502], [80.2790552, 13.0277338], [80.2790512, 13.0277507], [80.2790569, 13.02775], [80.2790579, 13.0277499], [80.2790777, 13.0279462], [80.2791125, 13.0281995], [80.2792589, 13.02942], [80.2792834, 13.0296572], [80.2793234, 13.02999], [80.2793548, 13.0302891], [80.2793942, 13.030641], [80.27944, 13.0310176], [80.2794871, 13.031397], [80.2795243, 13.0317366], [80.2795701, 13.0321242], [80.279616, 13.0325235], [80.2796568, 13.0328713], [80.2797031, 13.0332281], [80.2797462, 13.0336143], [80.2797862, 13.0339425], [80.2797984, 13.034043], [80.2798488, 13.0344952], [80.2798617, 13.0346113], [80.2798766, 13.0347272], [80.2798932, 13.0348428], [80.2799117, 13.0349582], [80.2799469, 13.0352444], [80.2799997, 13.0357012], [80.2800396, 13.0360893], [80.2800584, 13.0362316], [80.2800753, 13.0363868], [80.2800948, 13.0365289], [80.2801103, 13.0367178], [80.280123, 13.036825], [80.2801297, 13.0368935], [80.2801419, 13.0369683], [80.2801527, 13.0370403], [80.2801634, 13.0371223], [80.2801738, 13.0372089], [80.2801869, 13.0373453], [80.2802045, 13.0374868], [80.2802198, 13.0376286], [80.2802328, 13.0377699], [80.280243, 13.0378709], [80.2802554, 13.0379712], [80.2802701, 13.0380713], [80.2802875, 13.0381733], [80.2803031, 13.0383038], [80.2803203, 13.0384812], [80.2803489, 13.0386888], [80.2803617, 13.0387865], [80.2803641, 13.038885], [80.2808623, 13.0436743], [80.2812228, 13.0462389], [80.2807639, 13.0464111], [80.280804, 13.0466846], [80.2808272, 13.0468357], [80.2808876, 13.0472334], [80.2809284, 13.0475088], [80.280954, 13.047681], [80.2810146, 13.0480614], [80.2810571, 13.0483422], [80.2811354, 13.0488672], [80.2812159, 13.049397], [80.281238, 13.0495357], [80.2812916, 13.0498719], [80.282513, 13.0576016], [80.2823912, 13.057614], [80.2831963, 13.0575627], [80.2859031, 13.0573281], [80.2896796, 13.0665574], [80.2896728, 13.0665814], [80.2896714, 13.0665808], [80.2895963, 13.0671312], [80.2896124, 13.0672563], [80.289558, 13.0671836], [80.2893092, 13.0669057], [80.2891763, 13.0667504], [80.2889502, 13.0665825], [80.2887584, 13.066468], [80.288551, 13.0664315], [80.2884204, 13.0664784], [80.2881953, 13.0666125], [80.2880337, 13.0669837], [80.2880962, 13.0673669], [80.2878477, 13.0675135], [80.2875713, 13.067731], [80.2873055, 13.0678982], [80.2868948, 13.0681137], [80.2863916, 13.0682585], [80.2856299, 13.0684039], [80.284949, 13.0686281], [80.2840496, 13.0689437], [80.2821184, 13.0687984], [80.2817138, 13.0687854], [80.2812022, 13.0687951], [80.2806912, 13.0688674], [80.2805379, 13.0680344], [80.2805178, 13.0678094], [80.2797362, 13.0645049], [80.2796823, 13.0645169], [80.2796821, 13.064517], [80.2793104, 13.0645998], [80.2789153, 13.0646867], [80.2787597, 13.0647156], [80.2786044, 13.0647465], [80.2784496, 13.0647794], [80.2783987, 13.0647975], [80.2783484, 13.0648175], [80.278299, 13.0648394], [80.2782504, 13.064863], [80.2782028, 13.0648884], [80.2778762, 13.0650537], [80.2776128, 13.0651915], [80.2773254, 13.0653406], [80.2770313, 13.0654915], [80.2769331, 13.0655384], [80.2768487, 13.0655815], [80.2768361, 13.0655879], [80.2767405, 13.0656397], [80.2766815, 13.0656724], [80.2766216, 13.0657035], [80.2765609, 13.065733], [80.2764994, 13.0657608], [80.2764371, 13.065787], [80.276312, 13.0658406], [80.2761878, 13.0658963], [80.2761138, 13.0657575], [80.2761141, 13.0657595], [80.2761137, 13.0657614], [80.2761126, 13.065763], [80.2761109, 13.0657642], [80.2761106, 13.0657643], [80.2761104, 13.0657644], [80.2761092, 13.0657648], [80.2760162, 13.065796], [80.2759326, 13.0658253], [80.2757359, 13.0658943], [80.2754438, 13.0660005], [80.2752483, 13.0660768], [80.2749898, 13.0661775], [80.2749683, 13.0661859], [80.2747298, 13.0662788], [80.2745042, 13.0663677], [80.2743177, 13.0664392], [80.2740982, 13.0665159], [80.273985, 13.0665448], [80.273841, 13.0665779], [80.273614, 13.0667117], [80.2736252, 13.0666989], [80.2736348, 13.0666848], [80.2736427, 13.0666698], [80.2736455, 13.0666625], [80.2736488, 13.066654], [80.273653, 13.0666376], [80.2736553, 13.0666208], [80.2736556, 13.0666139], [80.2736572, 13.0665795], [80.2736579, 13.0665629], [80.2736604, 13.0663076], [80.2736635, 13.0662236], [80.2736686, 13.066151], [80.2736744, 13.0660819], [80.2736761, 13.0660606], [80.273692, 13.0658695], [80.2737081, 13.0657281], [80.2737087, 13.0657235], [80.2737135, 13.0656867], [80.2737241, 13.0656046], [80.2737277, 13.0655727], [80.2737315, 13.0655384], [80.2737347, 13.0655098], [80.2737458, 13.0654114], [80.2737473, 13.0654007], [80.2737585, 13.0653203], [80.2737757, 13.0652155], [80.2738039, 13.0650375], [80.2738273, 13.0649014], [80.2738315, 13.064877], [80.2738608, 13.064706], [80.273861, 13.0647048], [80.2738818, 13.064592], [80.2738896, 13.0645344], [80.2738897, 13.0645337], [80.2738893, 13.0645317], [80.2738882, 13.06453], [80.2738866, 13.0645289], [80.2738847, 13.0645283], [80.2737999, 13.06452], [80.2736869, 13.0645188], [80.273594, 13.0645262], [80.2735332, 13.0645312], [80.2733289, 13.064548], [80.27331, 13.0645496], [80.2732889, 13.0645515], [80.2730419, 13.0645732], [80.2727791, 13.0645929], [80.2726391, 13.0646029], [80.272611, 13.0646049], [80.2725864, 13.0646069], [80.2725861, 13.0646069], [80.2725632, 13.0646087], [80.2725141, 13.0646126], [80.2722293, 13.0646294], [80.2720217, 13.0646439], [80.2718698, 13.0646528], [80.2717486, 13.0646598], [80.2716762, 13.0646635], [80.2716082, 13.0646669], [80.2716082, 13.064676], [80.2712255, 13.0646762], [80.271241, 13.0646582], [80.2716067, 13.0646579], [80.2716019, 13.064627], [80.2715824, 13.0643652], [80.2712912, 13.0643932], [80.2712895, 13.0643752], [80.2715811, 13.0643484], [80.2715754, 13.0642717], [80.2715516, 13.0639524], [80.2715472, 13.0638936], [80.2715263, 13.0636075], [80.2714278, 13.0636041], [80.2714169, 13.0636037], [80.2711737, 13.0635952], [80.2709514, 13.0636771], [80.2705119, 13.0638389], [80.2704968, 13.0636055], [80.2704962, 13.0635964], [80.2704948, 13.0635875], [80.2704721, 13.0634448], [80.2704633, 13.0632586], [80.2704602, 13.0632362], [80.2704523, 13.0631388], [80.270446, 13.0630581], [80.2704339, 13.0629206], [80.2704293, 13.0628638], [80.2704284, 13.0628614], [80.2704283, 13.0628611], [80.2704269, 13.0628597], [80.270425, 13.062859], [80.270423, 13.0628589], [80.2704199, 13.0628377], [80.2703407, 13.0619428], [80.2703386, 13.0619193], [80.2703456, 13.0619178], [80.2703516, 13.061914], [80.2703556, 13.0619088], [80.2703559, 13.0619084], [80.2703579, 13.0619016], [80.2703575, 13.0618946], [80.2703582, 13.0616706], [80.2703598, 13.0614308], [80.2703609, 13.0613818], [80.270363, 13.0613291], [80.2703895, 13.0612486], [80.2703867, 13.0612535], [80.2703822, 13.0612571], [80.2703767, 13.0612587], [80.2703902, 13.0612429], [80.2703625, 13.0607963], [80.2702895, 13.0607961], [80.2702063, 13.0607981], [80.2699922, 13.0607929], [80.2698351, 13.0607953], [80.2698353, 13.0607662], [80.2699925, 13.0607727], [80.2702066, 13.0607779], [80.270288, 13.0607759], [80.2703613, 13.0607655], [80.2703638, 13.0603698], [80.270355, 13.0603552], [80.2703548, 13.0603492], [80.2703994, 13.0603441], [80.270422, 13.0603415], [80.2704629, 13.0603631], [80.2705294, 13.0603956], [80.2705969, 13.060426], [80.2706557, 13.0604495], [80.2707153, 13.0604713], [80.2707755, 13.0604914], [80.270833, 13.0605102], [80.2709829, 13.06056], [80.271096, 13.060596], [80.271179, 13.0606186], [80.2713317, 13.0606509], [80.2713361, 13.0606515], [80.2713972, 13.0606596], [80.271403, 13.0606592], [80.2714082, 13.0606568], [80.2714122, 13.0606527], [80.2714144, 13.0606474], [80.2714264, 13.0605124], [80.2714339, 13.0603915], [80.2714327, 13.0603488], [80.2714327, 13.0603486], [80.2714322, 13.0603467], [80.271431, 13.060345], [80.2714293, 13.0603439], [80.2714274, 13.0603435], [80.271337, 13.0603396], [80.2712954, 13.0603379], [80.2710748, 13.0603295], [80.27094, 13.0603202], [80.2709409, 13.060307], [80.2710758, 13.0603163], [80.2712959, 13.0603254], [80.271337, 13.0603272], [80.2714262, 13.060331], [80.2714282, 13.0603307], [80.27143, 13.0603297], [80.2714313, 13.0603282], [80.271432, 13.0603264], [80.271432, 13.0603254], [80.2714252, 13.0600828], [80.2714211, 13.059846], [80.2714202, 13.0598193], [80.2714192, 13.059821], [80.2714176, 13.0598223], [80.2714157, 13.0598229], [80.2714152, 13.0598229], [80.2713385, 13.059826], [80.2712583, 13.0598292], [80.2710844, 13.0598315], [80.2709185, 13.0598337], [80.2708865, 13.0598345], [80.270854, 13.0598379], [80.2708478, 13.059839], [80.2708322, 13.0598415], [80.2708337, 13.0598402], [80.2708347, 13.0598385], [80.2708349, 13.0598365], [80.2708161, 13.0596656], [80.2708089, 13.0595694], [80.2708131, 13.0595121], [80.2708131, 13.0595119], [80.2708125, 13.05951], [80.2708113, 13.0595084], [80.2708096, 13.0595074], [80.2708076, 13.0595071], [80.2707404, 13.059507], [80.2705347, 13.0595113], [80.2704062, 13.0595187], [80.270181, 13.0595344], [80.2701799, 13.0595243], [80.2702584, 13.0595177], [80.2702862, 13.0595154], [80.2702856, 13.0595154], [80.2702837, 13.059515], [80.270282, 13.0595139], [80.2702808, 13.0595124], [80.2702802, 13.0595105], [80.2702663, 13.0593569], [80.270254, 13.0592113], [80.2702542, 13.0592093], [80.2702551, 13.0592075], [80.2702566, 13.0592062], [80.2702585, 13.0592055], [80.270259, 13.0592054], [80.2704576, 13.059185], [80.2706983, 13.0591658], [80.2707462, 13.0591573], [80.2707764, 13.0591495], [80.2708153, 13.0591391], [80.270855, 13.0591317], [80.2708951, 13.0591273], [80.2708862, 13.0590148], [80.2708733, 13.0590104], [80.2708311, 13.0589935], [80.2707858, 13.0589726], [80.2705452, 13.0588783], [80.2704589, 13.0588485], [80.2703442, 13.0588072], [80.2702892, 13.0587865], [80.2702113, 13.0587598], [80.2701692, 13.0587415], [80.2700996, 13.0587175], [80.2700699, 13.0587098], [80.2700173, 13.0586987], [80.2699654, 13.0586898], [80.2697824, 13.0586618], [80.269758, 13.0586573], [80.2696959, 13.0586458], [80.2696908, 13.0586449], [80.2695682, 13.0586223], [80.2695022, 13.05861], [80.269434, 13.0585997], [80.2693655, 13.0585917], [80.2692957, 13.0585861], [80.2691061, 13.058581], [80.2688692, 13.058578], [80.2686161, 13.0585679], [80.2684609, 13.0585575], [80.2684167, 13.0585508], [80.2684078, 13.0585489], [80.2683459, 13.0585359], [80.2683251, 13.0585309], [80.2682784, 13.0585176], [80.2682036, 13.0584956], [80.2681307, 13.0584718], [80.2680529, 13.0584496], [80.2679387, 13.058413], [80.2679066, 13.0583993], [80.2678822, 13.0583879], [80.2678616, 13.058375], [80.2677851, 13.058336], [80.2677406, 13.058323], [80.2676954, 13.0583123], [80.2676497, 13.0583036], [80.2676037, 13.0582972], [80.2675587, 13.0582931], [80.2675356, 13.0582915], [80.2674736, 13.0582872], [80.2673882, 13.0582836], [80.2673026, 13.0582822], [80.2672176, 13.0582833], [80.267133, 13.0582863], [80.2670503, 13.0582912], [80.266906, 13.0582978], [80.2667314, 13.058301], [80.2667281, 13.058301], [80.2665679, 13.0583148], [80.2665603, 13.0583154], [80.2664841, 13.0583185], [80.2664095, 13.0583204], [80.2663329, 13.0583168], [80.2662905, 13.0583152], [80.2662503, 13.0583121], [80.2662079, 13.058307], [80.2661214, 13.0582983], [80.266034, 13.0582924], [80.2659461, 13.0582894], [80.2658591, 13.0582904], [80.2657731, 13.0582935], [80.2657335, 13.0582922], [80.2657045, 13.058288], [80.265664, 13.0582814], [80.2656273, 13.0582739], [80.2655802, 13.0582607], [80.2655307, 13.0582469], [80.2654345, 13.0582199], [80.2654281, 13.0582107], [80.2654329, 13.0582195], [80.2654433, 13.058269], [80.2654831, 13.0584121], [80.2655135, 13.0585991], [80.2655583, 13.0590296], [80.2655653, 13.0590903], [80.2656145, 13.0594626], [80.2656252, 13.0595356], [80.2656347, 13.0596089], [80.265639, 13.0596461], [80.2656431, 13.0596823], [80.2656489, 13.0597423], [80.2656526, 13.0597774], [80.2656565, 13.0598124], [80.2656605, 13.0598691], [80.2656623, 13.0599259], [80.2656595, 13.0599724], [80.2656559, 13.06001], [80.2656535, 13.0600294], [80.2656478, 13.0600627], [80.2656388, 13.0601062], [80.2656321, 13.0601325], [80.2656191, 13.0601752], [80.2656075, 13.0602097], [80.2656013, 13.0602254], [80.2655764, 13.0602843], [80.2655466, 13.0603532], [80.2655122, 13.0604245], [80.2654936, 13.0604638], [80.2654696, 13.0605088], [80.2654457, 13.0605516], [80.2654236, 13.0605891], [80.2654148, 13.0606075], [80.2653853, 13.0606644], [80.2653465, 13.0607299], [80.2653096, 13.0607964], [80.2651379, 13.0612081], [80.2648897, 13.0614499], [80.2648895, 13.0614501], [80.2648847, 13.0614548], [80.2648727, 13.0614681], [80.2646378, 13.061729], [80.2646326, 13.0617347], [80.2646298, 13.061738], [80.2646196, 13.0617495], [80.2646196, 13.0617495], [80.2644072, 13.0619904], [80.2643761, 13.0620255], [80.264376, 13.0620255], [80.2641898, 13.0622354], [80.2641716, 13.0622559], [80.2641716, 13.0622559], [80.2640051, 13.0624436], [80.2638322, 13.0626557], [80.2637413, 13.0627836], [80.2633303, 13.0624449], [80.2629412, 13.0621268], [80.2629394, 13.0621256], [80.2629371, 13.0621245], [80.2629348, 13.0621239], [80.2629323, 13.0621237], [80.2629299, 13.0621239], [80.2629275, 13.0621245], [80.2629253, 13.0621256], [80.2629233, 13.062127], [80.2629217, 13.0621286], [80.2626591, 13.0624403], [80.2618993, 13.0633199], [80.2617083, 13.0634427], [80.2615551, 13.0634716], [80.2612292, 13.0635272], [80.2612285, 13.0635274], [80.2611646, 13.0635383], [80.2610743, 13.0635653], [80.2610742, 13.0635654], [80.2609316, 13.0636081], [80.2606383, 13.0637021], [80.2606236, 13.0637068], [80.2605391, 13.0634822], [80.2602465, 13.0629322], [80.259581, 13.0621952], [80.259073, 13.0617416], [80.2586994, 13.0614512], [80.2583263, 13.0612086], [80.2575197, 13.0610383], [80.257193, 13.0610877], [80.2569105, 13.0612054], [80.2563796, 13.0616355], [80.2560456, 13.0620814], [80.2557891, 13.0626544], [80.25563, 13.0633718], [80.2556227, 13.0637347], [80.2556566, 13.064643], [80.2555943, 13.0655422], [80.2554734, 13.0658266], [80.2551899, 13.0662501], [80.2549786, 13.0665839], [80.2548223, 13.0668198], [80.2546482, 13.0670436], [80.254636, 13.0670587], [80.2544336, 13.0668618], [80.2543413, 13.0667798], [80.2543162, 13.0667574], [80.254239, 13.0666823], [80.2541955, 13.0666402], [80.2541954, 13.0666402], [80.25415, 13.0666937], [80.2541371, 13.066709], [80.2541205, 13.0667286], [80.2541008, 13.0667828], [80.2541007, 13.0667831], [80.2541007, 13.0667907], [80.2541003, 13.0667951], [80.2541003, 13.0667951], [80.2541001, 13.0667974], [80.2540995, 13.066803], [80.2540955, 13.0668102], [80.2540948, 13.0668112], [80.2540864, 13.0668227], [80.2541439, 13.0669512], [80.2544432, 13.0672377], [80.2540837, 13.0676389], [80.2538291, 13.0679318], [80.2531385, 13.0686839]]]}}, {"type": "Feature", "properties": {"zone": "V", "zone_name": "ROYAPURAM", "region": "North"}, "geometry": {"type": "Polygon", "coordinates": [[[80.2926786, 13.1232995], [80.292784, 13.1238218], [80.2926768, 13.123847], [80.2926765, 13.123847], [80.2926642, 13.1238489], [80.292167, 13.1239233], [80.2921649, 13.1239099], [80.2921265, 13.1237038], [80.2921241, 13.1236904], [80.2920935, 13.123493], [80.292091, 13.1234797], [80.2920553, 13.1232757], [80.2920526, 13.1232624], [80.2919551, 13.1230723], [80.2919529, 13.123059], [80.2919326, 13.1228515], [80.2919298, 13.1228376], [80.291889, 13.1225778], [80.2917048, 13.1226249], [80.291685, 13.122631], [80.2916464, 13.1226485], [80.2916115, 13.1226723], [80.2916007, 13.1226817], [80.2914143, 13.1227214], [80.2914252, 13.1226811], [80.2904904, 13.1227481], [80.2899118, 13.1227887], [80.2899063, 13.1227889], [80.2898922, 13.1227876], [80.2898785, 13.122784], [80.2898657, 13.1227781], [80.2898541, 13.1227701], [80.2898441, 13.1227602], [80.289836, 13.1227488], [80.28983, 13.1227362], [80.289827, 13.1227259], [80.2897419, 13.1227029], [80.2892013, 13.1227925], [80.2890591, 13.12282], [80.2887303, 13.1228882], [80.2887231, 13.1228897], [80.2886546, 13.1229039], [80.2886526, 13.1229043], [80.2886427, 13.1229051], [80.2886329, 13.1229043], [80.2886234, 13.1229017], [80.2886144, 13.1228976], [80.2886063, 13.122892], [80.2885994, 13.1228852], [80.2885937, 13.1228772], [80.2885896, 13.1228684], [80.2885883, 13.1228646], [80.2885584, 13.1228787], [80.2885799, 13.122966], [80.2885889, 13.123036], [80.2885958, 13.1230904], [80.2885963, 13.1230973], [80.2885954, 13.1231067], [80.2885929, 13.1231158], [80.2885888, 13.1231243], [80.2885833, 13.123132], [80.2885764, 13.1231387], [80.2885686, 13.1231441], [80.2885598, 13.123148], [80.2885548, 13.1231495], [80.2882038, 13.1232377], [80.287963, 13.1233088], [80.2878211, 13.1233656], [80.2878159, 13.1233675], [80.2877935, 13.1233734], [80.2877705, 13.1233753], [80.2877474, 13.1233732], [80.287725, 13.1233673], [80.2877041, 13.1233576], [80.2876852, 13.1233446], [80.2876688, 13.1233285], [80.2876645, 13.1233231], [80.2875937, 13.1232304], [80.2873902, 13.1229093], [80.28735, 13.12283], [80.2873375, 13.1228173], [80.2872513, 13.1226634], [80.2872103, 13.1225918], [80.2871558, 13.1224964], [80.2871556, 13.122496], [80.287118, 13.1224304], [80.2870691, 13.122307], [80.286996, 13.1221228], [80.2868148, 13.1217709], [80.2867729, 13.1216867], [80.2865194, 13.1211727], [80.2865139, 13.1211615], [80.2863516, 13.1208325], [80.2862221, 13.1205471], [80.2862203, 13.1205431], [80.2861121, 13.1203048], [80.2859401, 13.1199895], [80.2857146, 13.1195243], [80.2856674, 13.1194269], [80.2856134, 13.1193204], [80.285541, 13.1191775], [80.2853562, 13.1188492], [80.285221, 13.1186128], [80.2851582, 13.1185038], [80.2851492, 13.1184882], [80.2851486, 13.1184869], [80.2851482, 13.1184853], [80.2851481, 13.1184852], [80.2851481, 13.1184852], [80.285148, 13.1184842], [80.285148, 13.1184841], [80.285148, 13.1184838], [80.285148, 13.1184836], [80.285148, 13.1184834], [80.2851481, 13.1184823], [80.2851481, 13.1184823], [80.2851482, 13.118482], [80.2851482, 13.1184819], [80.2851486, 13.1184807], [80.2851487, 13.1184805], [80.2851489, 13.1184799], [80.2851491, 13.1184796], [80.2851495, 13.1184789], [80.2851495, 13.1184788], [80.2851497, 13.1184787], [80.2851498, 13.1184785], [80.2851499, 13.1184784], [80.2851508, 13.1184773], [80.285152, 13.1184763], [80.2851522, 13.1184763], [80.2851526, 13.118476], [80.2851537, 13.1184755], [80.2851538, 13.1184754], [80.2851539, 13.1184754], [80.2851693, 13.1184695], [80.2867769, 13.1178593], [80.2867819, 13.1178577], [80.2867821, 13.1178577], [80.2868106, 13.1178624], [80.2868379, 13.117886], [80.2868437, 13.1178343], [80.2868367, 13.1178148], [80.2867569, 13.11759], [80.2867244, 13.1174985], [80.2866141, 13.1172033], [80.2864442, 13.1167675], [80.2863553, 13.1165249], [80.2863553, 13.1165247], [80.2863498, 13.1165097], [80.2863089, 13.1164054], [80.2863022, 13.1163895], [80.286302, 13.116389], [80.2863018, 13.1163885], [80.2863017, 13.1163882], [80.2861824, 13.1161047], [80.2860495, 13.1157193], [80.2858489, 13.1151245], [80.2858373, 13.1150721], [80.2858177, 13.1149836], [80.2855944, 13.1142295], [80.2855836, 13.1141931], [80.2855411, 13.1140496], [80.2855299, 13.114012], [80.2854321, 13.1136816], [80.2853666, 13.1134605], [80.2853276, 13.1132401], [80.2853255, 13.1132386], [80.2853276, 13.1132361], [80.2853377, 13.1132265], [80.2857595, 13.1131671], [80.2857701, 13.1131663], [80.2857828, 13.1131675], [80.285795, 13.1131707], [80.2858066, 13.113176], [80.2858169, 13.1131832], [80.2858259, 13.113192], [80.2858316, 13.1132001], [80.2858332, 13.1132023], [80.2857665, 13.1130817], [80.2857669, 13.113084], [80.2857676, 13.1130916], [80.2857669, 13.1130992], [80.2857649, 13.1131066], [80.2857616, 13.1131135], [80.2857571, 13.1131197], [80.2857516, 13.1131251], [80.2857452, 13.1131294], [80.2857381, 13.1131326], [80.2857306, 13.1131346], [80.2857293, 13.1131348], [80.2852735, 13.113199], [80.2852725, 13.1131993], [80.2852722, 13.1131991], [80.2852602, 13.1131902], [80.2850725, 13.1124405], [80.284945, 13.1118255], [80.2848807, 13.1114642], [80.2848805, 13.1114637], [80.2848801, 13.111462], [80.2848799, 13.1114604], [80.2848801, 13.1114587], [80.2848802, 13.1114582], [80.2848805, 13.111457], [80.2848813, 13.1114555], [80.2848823, 13.1114541], [80.2848835, 13.1114529], [80.2848849, 13.111452], [80.2848855, 13.1114517], [80.2848334, 13.1114628], [80.2848333, 13.1114628], [80.2848305, 13.1114634], [80.2845006, 13.1115336], [80.2844981, 13.1115341], [80.2844439, 13.1115456], [80.2844438, 13.1115456], [80.2844409, 13.1115462], [80.2841672, 13.1116042], [80.2841113, 13.1116214], [80.284111, 13.1116215], [80.2841077, 13.1116225], [80.283813, 13.1117133], [80.2836128, 13.111775], [80.2836087, 13.1117772], [80.2836068, 13.1117793], [80.2836063, 13.1117797], [80.2836061, 13.1117802], [80.2836051, 13.1117822], [80.2836044, 13.1117862], [80.283605, 13.11179], [80.2835707, 13.1118036], [80.2834213, 13.1118626], [80.2826131, 13.1121333], [80.2825815, 13.1121439], [80.2825188, 13.1119635], [80.2825179, 13.1119615], [80.2825167, 13.1119598], [80.2825152, 13.1119583], [80.2825135, 13.1119571], [80.2825116, 13.1119563], [80.2825116, 13.1119563], [80.2825096, 13.1119557], [80.2825075, 13.1119555], [80.2825054, 13.1119557], [80.2825053, 13.1119557], [80.2825036, 13.1119561], [80.2822257, 13.1120069], [80.2820133, 13.1120506], [80.2819998, 13.1120534], [80.2815863, 13.1121088], [80.2815736, 13.1120953], [80.281566, 13.1120825], [80.2815633, 13.1120763], [80.2814865, 13.1120771], [80.2814857, 13.1120772], [80.281057, 13.1120931], [80.281021, 13.1121014], [80.2810219, 13.1121043], [80.281022, 13.1121047], [80.2810222, 13.1121072], [80.281022, 13.1121098], [80.2810213, 13.1121123], [80.2810202, 13.1121146], [80.2810187, 13.1121167], [80.2810168, 13.1121185], [80.2810147, 13.1121199], [80.2810123, 13.112121], [80.2810098, 13.1121217], [80.2810081, 13.1121219], [80.2810081, 13.1121219], [80.2809826, 13.1121207], [80.2808657, 13.1121155], [80.2806797, 13.1121425], [80.2806792, 13.1121426], [80.2806156, 13.1121525], [80.2806155, 13.1121525], [80.2803364, 13.1121991], [80.2799865, 13.1122707], [80.2797304, 13.1123146], [80.2795015, 13.1123539], [80.2789316, 13.1124298], [80.2789269, 13.1123333], [80.2788783, 13.1123433], [80.2788782, 13.1123433], [80.2788757, 13.1123438], [80.2788756, 13.1123438], [80.2779032, 13.1124465], [80.2779029, 13.1124465], [80.2779023, 13.1124465], [80.277902, 13.1124465], [80.277902, 13.1124465], [80.2779019, 13.1124465], [80.2779017, 13.1124465], [80.2779016, 13.1124465], [80.2778993, 13.1124463], [80.2778992, 13.1124463], [80.2778972, 13.1124458], [80.2778969, 13.1124457], [80.2778948, 13.1124447], [80.2778947, 13.1124446], [80.2778928, 13.1124433], [80.2778926, 13.1124432], [80.2778911, 13.1124417], [80.2778911, 13.1124417], [80.277891, 13.1124416], [80.2778897, 13.1124397], [80.2778896, 13.1124396], [80.2778896, 13.1124395], [80.2778888, 13.1124378], [80.2778887, 13.1124377], [80.2778887, 13.1124376], [80.2778887, 13.1124374], [80.2778881, 13.1124354], [80.2778881, 13.1124353], [80.2778881, 13.1124351], [80.2778879, 13.1124329], [80.2778879, 13.1124326], [80.2778834, 13.112496], [80.2778834, 13.1124962], [80.2778804, 13.1125376], [80.2778705, 13.1126413], [80.2779142, 13.1127565], [80.2779428, 13.1129208], [80.2779676, 13.1130636], [80.2779737, 13.1130804], [80.2779783, 13.1131053], [80.2779884, 13.1131474], [80.2780032, 13.1132093], [80.2780276, 13.1133111], [80.2781013, 13.1137174], [80.2781032, 13.1137248], [80.2781268, 13.1138183], [80.2781009, 13.1139872], [80.2780984, 13.1140486], [80.2780984, 13.1140487], [80.2780984, 13.1140491], [80.2780984, 13.1140491], [80.2780986, 13.1140514], [80.2780986, 13.1140514], [80.2780986, 13.1140515], [80.2780992, 13.1140537], [80.2781002, 13.1140558], [80.2781002, 13.1140558], [80.2781016, 13.1140578], [80.2781016, 13.1140578], [80.2781033, 13.1140594], [80.2781033, 13.1140595], [80.2781052, 13.1140608], [80.2781053, 13.1140608], [80.2781074, 13.1140618], [80.2781075, 13.1140618], [80.2781081, 13.114062], [80.2781082, 13.1140621], [80.2781086, 13.1140622], [80.2781086, 13.1140622], [80.2781086, 13.1140622], [80.2781098, 13.1140625], [80.2780466, 13.1140549], [80.2780464, 13.1140549], [80.2778017, 13.1140291], [80.2776519, 13.1140069], [80.2776511, 13.1140068], [80.2776511, 13.1140068], [80.277651, 13.1140068], [80.2776478, 13.1140059], [80.2776477, 13.1140058], [80.2776476, 13.1140058], [80.2776448, 13.1140045], [80.2776447, 13.1140045], [80.2776445, 13.1140044], [80.2776444, 13.1140043], [80.2776444, 13.1140042], [80.2776426, 13.1140031], [80.2776425, 13.114003], [80.2776419, 13.1140025], [80.2776418, 13.1140024], [80.2776417, 13.1140024], [80.2776395, 13.1140002], [80.2776376, 13.1139974], [80.2776361, 13.1139944], [80.2776353, 13.1139912], [80.2776353, 13.1139911], [80.2776352, 13.1139907], [80.2776363, 13.1140641], [80.2776364, 13.1140646], [80.27764, 13.1143689], [80.27764, 13.1143691], [80.27764, 13.1143692], [80.27764, 13.1143693], [80.2776402, 13.1143717], [80.2776403, 13.1143724], [80.2776405, 13.1143734], [80.2776407, 13.1143742], [80.2776412, 13.1143757], [80.2776426, 13.1143788], [80.2776446, 13.1143816], [80.277647, 13.114384], [80.2776499, 13.114386], [80.2776516, 13.1143868], [80.2776519, 13.1143869], [80.2776521, 13.114387], [80.277653, 13.1143874], [80.2776536, 13.1143876], [80.2776538, 13.1143876], [80.2776539, 13.1143877], [80.277654, 13.1143877], [80.277654, 13.1143877], [80.2776557, 13.1143881], [80.2776564, 13.1143883], [80.2776566, 13.1143884], [80.2776575, 13.1143885], [80.2775785, 13.1143827], [80.277071, 13.1142905], [80.2770708, 13.1142905], [80.2770707, 13.1142904], [80.2770695, 13.11429], [80.2770673, 13.1142891], [80.2770673, 13.114289], [80.2770654, 13.1142877], [80.2770653, 13.1142877], [80.2770653, 13.1142876], [80.2770637, 13.114286], [80.2770636, 13.114286], [80.2770623, 13.1142841], [80.2770612, 13.1142819], [80.2770607, 13.1142797], [80.2770606, 13.1142796], [80.2770604, 13.1142773], [80.2770604, 13.1142773], [80.2770604, 13.1142772], [80.2770604, 13.1142768], [80.2770605, 13.1142762], [80.2770605, 13.1142758], [80.2770302, 13.1142772], [80.2761327, 13.1150355], [80.275805, 13.114294], [80.2755392, 13.113688], [80.2751573, 13.1128799], [80.2747416, 13.1119171], [80.2743531, 13.1110351], [80.274027, 13.1103297], [80.2740271, 13.1103297], [80.2739897, 13.1102485], [80.2735097, 13.1102919], [80.2731334, 13.1103571], [80.272622, 13.1104123], [80.2723413, 13.110431], [80.2722178, 13.1104392], [80.2721408, 13.1104444], [80.2720769, 13.1104486], [80.2719522, 13.1104534], [80.2718043, 13.1104592], [80.2717379, 13.1104617], [80.2716308, 13.1104659], [80.2715077, 13.1104706], [80.2714049, 13.1104655], [80.2713081, 13.1104606], [80.2712318, 13.1104568], [80.2711075, 13.1104506], [80.2710315, 13.1104453], [80.2709295, 13.1104381], [80.2708277, 13.110431], [80.2707057, 13.1104224], [80.2706157, 13.1104161], [80.2705366, 13.1104122], [80.270404, 13.1104057], [80.2702812, 13.1103997], [80.2701621, 13.1103938], [80.2702058, 13.1101537], [80.2706197, 13.1094662], [80.2711674, 13.1085772], [80.2717762, 13.1075222], [80.2721052, 13.1068938], [80.2723492, 13.1063008], [80.2726423, 13.1054705], [80.2728017, 13.1048298], [80.2729487, 13.1042603], [80.2729628, 13.103581], [80.2733179, 13.1022997], [80.2735383, 13.1015048], [80.2736777, 13.101027], [80.2739054, 13.1002472], [80.2739314, 13.0997411], [80.2739908, 13.0985885], [80.27402, 13.0979364], [80.27402, 13.0974985], [80.274022, 13.097405], [80.2740249, 13.0972698], [80.2740262, 13.0972084], [80.2740331, 13.0970917], [80.2740334, 13.0969717], [80.2740229, 13.0967696], [80.2740155, 13.09639], [80.2740127, 13.0961871], [80.2740039, 13.0956875], [80.2737174, 13.0957138], [80.271987, 13.0958192], [80.2721118, 13.0953734], [80.2723159, 13.0948819], [80.2729261, 13.0936002], [80.2727255, 13.0934923], [80.2726506, 13.0934488], [80.2725096, 13.0933475], [80.2724431, 13.0933004], [80.272367, 13.0932522], [80.2722291, 13.0931485], [80.2721583, 13.0930905], [80.2720932, 13.0930375], [80.2718933, 13.0928742], [80.2716699, 13.0926929], [80.2715148, 13.0925806], [80.2713967, 13.0925083], [80.2712428, 13.0924205], [80.2711372, 13.0923794], [80.2710749, 13.092357], [80.2710118, 13.092337], [80.2709479, 13.0923195], [80.2708833, 13.0923044], [80.2707395, 13.0922883], [80.2707394, 13.0922883], [80.2707364, 13.0922879], [80.2705836, 13.0922709], [80.2705347, 13.0922656], [80.2705097, 13.0922625], [80.2704921, 13.092261], [80.2704812, 13.0922599], [80.2704784, 13.0922596], [80.2704, 13.0922524], [80.2703067, 13.0922439], [80.270211, 13.0922345], [80.27017, 13.0922322], [80.270127, 13.092229], [80.2700103, 13.0922212], [80.2699822, 13.0922194], [80.2699159, 13.092215], [80.2698876, 13.0922131], [80.2698763, 13.0922123], [80.269859, 13.0922111], [80.269831, 13.0922073], [80.2698307, 13.0922072], [80.2698027, 13.0922015], [80.2697993, 13.0922004], [80.2697991, 13.0922004], [80.2697744, 13.0921924], [80.2697467, 13.0921814], [80.2697198, 13.0921688], [80.2697096, 13.0921631], [80.2697095, 13.0921631], [80.2697089, 13.0921628], [80.2697089, 13.0921628], [80.2696987, 13.0921572], [80.2696985, 13.0921571], [80.2696938, 13.0921545], [80.2696818, 13.0921469], [80.2696816, 13.0921467], [80.269681, 13.0921463], [80.2696687, 13.0921386], [80.2696289, 13.0921094], [80.2696143, 13.0920962], [80.269601, 13.0920817], [80.269589, 13.0920661], [80.2695787, 13.0920495], [80.2695699, 13.092032], [80.2695628, 13.0920138], [80.2695575, 13.091995], [80.2695435, 13.091908], [80.2695394, 13.0918823], [80.2695245, 13.0917895], [80.2695212, 13.091769], [80.2695085, 13.0917008], [80.2694977, 13.0916323], [80.2694887, 13.0915636], [80.2694816, 13.0914946], [80.26948, 13.0914734], [80.2694768, 13.0914312], [80.2694763, 13.0914255], [80.2694673, 13.091302], [80.2694623, 13.0912314], [80.2694664, 13.0911497], [80.2694665, 13.0911489], [80.2694684, 13.0911101], [80.2694685, 13.0911096], [80.2694685, 13.0911079], [80.2694697, 13.0910852], [80.2694755, 13.0910567], [80.2694758, 13.0910551], [80.2694764, 13.0910523], [80.2694765, 13.0910517], [80.269478, 13.0910442], [80.2694888, 13.0910039], [80.2695022, 13.0909642], [80.2695115, 13.0909412], [80.2695129, 13.0909376], [80.2695136, 13.0909361], [80.2695148, 13.0909331], [80.2695151, 13.0909323], [80.2695179, 13.0909254], [80.269536, 13.0908876], [80.2695413, 13.0908793], [80.2695414, 13.090879], [80.2694589, 13.0907859], [80.2691786, 13.0906138], [80.2689247, 13.0905909], [80.2688889, 13.0905867], [80.2687525, 13.0905694], [80.2686484, 13.0905544], [80.2683596, 13.0905225], [80.2682574, 13.090512], [80.2680704, 13.0904993], [80.267942, 13.0904923], [80.2679419, 13.0904923], [80.2678891, 13.0904977], [80.2678639, 13.0904975], [80.2676873, 13.0904962], [80.2674538, 13.0904841], [80.2671233, 13.0904438], [80.2670638, 13.0904365], [80.2670086, 13.0904297], [80.2667228, 13.0903942], [80.2666367, 13.0903836], [80.2665658, 13.0903738], [80.2663659, 13.0903484], [80.2662956, 13.0903399], [80.2662256, 13.0903295], [80.2661711, 13.0903199], [80.2661559, 13.0903173], [80.2660865, 13.0903032], [80.2659376, 13.0902796], [80.2659339, 13.0902791], [80.2659308, 13.090278], [80.2659305, 13.0902779], [80.2659282, 13.0902765], [80.2659261, 13.0902748], [80.2659036, 13.090265], [80.2658206, 13.0902287], [80.2657285, 13.0902145], [80.2656751, 13.0902062], [80.2654894, 13.0901738], [80.2654651, 13.0901687], [80.2654415, 13.0901613], [80.2654188, 13.0901515], [80.2653971, 13.0901396], [80.2653768, 13.0901257], [80.265358, 13.0901098], [80.2653252, 13.0900896], [80.2652636, 13.0902003], [80.2652419, 13.0901942], [80.26523, 13.0901908], [80.2651957, 13.0901836], [80.2651612, 13.0901788], [80.2651263, 13.0901764], [80.2650913, 13.0901763], [80.2650838, 13.0901767], [80.2650648, 13.0901775], [80.2649955, 13.0901805], [80.2648626, 13.0901863], [80.2647458, 13.0901931], [80.2646926, 13.0901962], [80.2646428, 13.0901992], [80.2646425, 13.0901992], [80.2646211, 13.0902004], [80.2645779, 13.0902019], [80.2644934, 13.0902046], [80.2644676, 13.0902055], [80.2643804, 13.0902083], [80.2642816, 13.0902115], [80.2641542, 13.090213], [80.2641259, 13.0902133], [80.2640709, 13.0902137], [80.2640686, 13.0902137], [80.2640077, 13.0902142], [80.2640065, 13.0902142], [80.2639767, 13.0902144], [80.2639454, 13.090216], [80.2639453, 13.090216], [80.2638998, 13.0902183], [80.2638377, 13.0902233], [80.2638221, 13.090225], [80.263817, 13.0902255], [80.2638033, 13.0902267], [80.2637851, 13.0902288], [80.2637559, 13.0902323], [80.2637447, 13.0902336], [80.2637379, 13.0902344], [80.2637218, 13.0902363], [80.2636692, 13.0902442], [80.2636448, 13.0902478], [80.2636035, 13.0902549], [80.2636033, 13.0902549], [80.2635923, 13.0902568], [80.2635556, 13.0902637], [80.2635055, 13.0902732], [80.2634929, 13.0902753], [80.2634505, 13.0902824], [80.263426, 13.0902852], [80.2634213, 13.0902857], [80.2634078, 13.0902873], [80.2632679, 13.09031], [80.2632229, 13.0903173], [80.2632166, 13.090318], [80.2632048, 13.0903192], [80.2631289, 13.0903267], [80.2630079, 13.0903355], [80.262967, 13.090338], [80.2629003, 13.0903421], [80.2627656, 13.0903503], [80.2627655, 13.0903503], [80.2627446, 13.0903516], [80.2626788, 13.0903556], [80.2625584, 13.0903665], [80.2625284, 13.0903692], [80.262377, 13.090383], [80.2622866, 13.0903912], [80.2622865, 13.0903912], [80.2622213, 13.0903971], [80.2621944, 13.0903995], [80.2621861, 13.0904], [80.2621859, 13.0904], [80.2621294, 13.0904034], [80.2620245, 13.0904097], [80.261995, 13.0904106], [80.2619593, 13.0904116], [80.26188, 13.0904139], [80.2618188, 13.0904156], [80.2617896, 13.0904164], [80.261758, 13.0904177], [80.2617559, 13.0904174], [80.2617524, 13.0904175], [80.2617448, 13.0904177], [80.2617425, 13.0904178], [80.2617383, 13.0904179], [80.261727, 13.0904182], [80.2617246, 13.0904183], [80.2617244, 13.0904183], [80.2617182, 13.0904185], [80.2616819, 13.0904195], [80.2616561, 13.0904202], [80.2616407, 13.0904215], [80.2616047, 13.0904245], [80.2615527, 13.0904288], [80.2615168, 13.0904317], [80.261509, 13.0904324], [80.2614438, 13.0904378], [80.261389, 13.0904423], [80.2613888, 13.0904423], [80.2613281, 13.0904473], [80.2613276, 13.0904474], [80.2613193, 13.090448], [80.2612927, 13.0904508], [80.2612926, 13.0904508], [80.2612925, 13.0904508], [80.2612099, 13.0904595], [80.2612096, 13.0904596], [80.2611383, 13.0904671], [80.2610902, 13.0904721], [80.2610846, 13.0904725], [80.2610842, 13.0904725], [80.2610704, 13.0904735], [80.261017, 13.090477], [80.2610169, 13.090477], [80.2610025, 13.090478], [80.26091, 13.0904841], [80.260907, 13.0904843], [80.2608072, 13.0904909], [80.2607848, 13.0904924], [80.2607179, 13.0904969], [80.2606965, 13.0904975], [80.2606646, 13.0904985], [80.2606642, 13.0904985], [80.2606542, 13.0904988], [80.2606003, 13.0905005], [80.2605624, 13.0905017], [80.2605234, 13.0905029], [80.2604901, 13.0905039], [80.2604899, 13.0905039], [80.2603681, 13.0905077], [80.2603448, 13.0905085], [80.2602507, 13.0905114], [80.2602322, 13.0905106], [80.2601799, 13.0905082], [80.2601062, 13.0905049], [80.260046, 13.0905022], [80.2600457, 13.0905022], [80.2600155, 13.0905008], [80.259965, 13.0904985], [80.2599649, 13.0904985], [80.2599208, 13.0904966], [80.2598336, 13.0904926], [80.2598026, 13.0904912], [80.2596019, 13.0904926], [80.2595771, 13.0904927], [80.259443, 13.0904952], [80.2593637, 13.0904967], [80.2592423, 13.090499], [80.2591142, 13.0905014], [80.2589382, 13.0905048], [80.2588957, 13.0905056], [80.258721, 13.09051], [80.2587021, 13.0905105], [80.2587002, 13.0905112], [80.2586987, 13.0905124], [80.2586977, 13.0905142], [80.2586974, 13.0905161], [80.2586981, 13.0905327], [80.2587041, 13.0906706], [80.2587127, 13.0908931], [80.2586365, 13.0908974], [80.2586364, 13.0908974], [80.2586358, 13.0908956], [80.2586346, 13.090894], [80.258634, 13.0908936], [80.2586329, 13.0908929], [80.258631, 13.0908926], [80.2586293, 13.0908926], [80.2586091, 13.0908924], [80.2586, 13.0908923], [80.2585718, 13.090892], [80.2585631, 13.0908919], [80.258537, 13.0908917], [80.2585087, 13.0908914], [80.2584986, 13.0908913], [80.2584776, 13.0908911], [80.2584541, 13.0908909], [80.258419, 13.0908905], [80.2584001, 13.0908903], [80.2583868, 13.0908902], [80.2583394, 13.0908901], [80.2583237, 13.0908902], [80.258307, 13.0908904], [80.2582899, 13.0908905], [80.2582383, 13.090891], [80.2582357, 13.090891], [80.2581533, 13.0908917], [80.2580156, 13.0908916], [80.2579622, 13.0908915], [80.2577652, 13.0908894], [80.2577259, 13.0908886], [80.2576662, 13.0908874], [80.2575682, 13.0908854], [80.2575114, 13.0908819], [80.2574935, 13.0908807], [80.2573842, 13.0908739], [80.2572958, 13.0908684], [80.2572413, 13.0908651], [80.2571567, 13.0908544], [80.2570058, 13.0908356], [80.2569862, 13.0908314], [80.2569805, 13.0908308], [80.2569805, 13.0908307], [80.256936, 13.0908038], [80.2569643, 13.0907556], [80.2569709, 13.0907516], [80.2569739, 13.0907392], [80.2569924, 13.090662], [80.2570088, 13.0905991], [80.2570154, 13.0905741], [80.2570215, 13.090551], [80.2570266, 13.090532], [80.257047, 13.0904624], [80.257049, 13.0904556], [80.2570532, 13.0904415], [80.2570655, 13.0904002], [80.2571033, 13.0902768], [80.2571081, 13.090261], [80.2571267, 13.0901968], [80.2571424, 13.0901427], [80.2571565, 13.0900935], [80.2571639, 13.0900663], [80.257164, 13.0900662], [80.2571758, 13.0900229], [80.2571985, 13.08994], [80.2572021, 13.0899252], [80.2572186, 13.0898587], [80.2572365, 13.0897899], [80.2572464, 13.0897529], [80.2572504, 13.0897379], [80.2572613, 13.0896996], [80.257265, 13.0896864], [80.2572809, 13.0896311], [80.2572987, 13.0895853], [80.2573011, 13.0895792], [80.2573195, 13.0895319], [80.2573292, 13.0895005], [80.2573596, 13.0893901], [80.2573643, 13.0893724], [80.2573643, 13.0893724], [80.2574013, 13.0892335], [80.2574188, 13.0891684], [80.2574259, 13.0891429], [80.2574521, 13.0890475], [80.2574774, 13.0889557], [80.2574906, 13.0889057], [80.2575154, 13.0888124], [80.2575345, 13.0887406], [80.2575393, 13.0887225], [80.2575394, 13.0887205], [80.2575388, 13.0887186], [80.2575376, 13.0887171], [80.2575352, 13.0887158], [80.2575315, 13.0887149], [80.2575153, 13.088711], [80.2575048, 13.0887085], [80.2574755, 13.0887014], [80.2574685, 13.0886998], [80.25745, 13.0886953], [80.2574387, 13.0886926], [80.2574068, 13.0886849], [80.2573915, 13.0886812], [80.2573843, 13.0886795], [80.2573628, 13.0886743], [80.2573367, 13.088668], [80.2573307, 13.0886666], [80.2573305, 13.0886665], [80.2573112, 13.0886619], [80.2572715, 13.0886521], [80.2572476, 13.0886463], [80.2572433, 13.0886452], [80.2572122, 13.0886376], [80.2571916, 13.0886325], [80.2571659, 13.0886262], [80.2571459, 13.0886213], [80.257112, 13.088613], [80.2570734, 13.0886035], [80.2570702, 13.0886027], [80.2570385, 13.0885949], [80.2570095, 13.0885872], [80.2569922, 13.0885826], [80.2569873, 13.0885813], [80.256959, 13.0885736], [80.2569589, 13.0885736], [80.2569279, 13.0885651], [80.256875, 13.0885507], [80.2568687, 13.088549], [80.2568612, 13.0885469], [80.2568201, 13.0885358], [80.2567731, 13.0885229], [80.2567262, 13.0885102], [80.2567082, 13.0885053], [80.256651, 13.0884897], [80.2566086, 13.0884782], [80.2565742, 13.0884688], [80.2565395, 13.0884593], [80.2564898, 13.088388], [80.2564908, 13.0883859], [80.2564994, 13.088354], [80.2565, 13.0883519], [80.2565097, 13.0883164], [80.2565225, 13.0882693], [80.2565225, 13.0882693], [80.2565424, 13.0881959], [80.2565607, 13.0881288], [80.2565684, 13.0881005], [80.2565887, 13.0880258], [80.2566067, 13.0879595], [80.2566068, 13.0879594], [80.2566106, 13.0879453], [80.2566106, 13.0879452], [80.2566206, 13.0879085], [80.2566206, 13.0879084], [80.2566334, 13.0878707], [80.2566334, 13.0878706], [80.2566341, 13.0878677], [80.2566342, 13.0878676], [80.256641, 13.08784], [80.256647, 13.0878161], [80.2566599, 13.0877642], [80.2566667, 13.0877413], [80.2566686, 13.0877346], [80.2566777, 13.0877042], [80.2566915, 13.0876574], [80.2566916, 13.0876574], [80.2567011, 13.0876242], [80.2567015, 13.0876228], [80.2567164, 13.0875697], [80.25673, 13.0875211], [80.2567301, 13.087521], [80.2567308, 13.0875184], [80.2567411, 13.0874795], [80.2567461, 13.0874605], [80.2567565, 13.0874213], [80.2567565, 13.0874212], [80.2567635, 13.0873947], [80.2567697, 13.0873697], [80.2567775, 13.0873384], [80.2567855, 13.0873061], [80.2567943, 13.0872706], [80.256799, 13.0872503], [80.2567993, 13.0872491], [80.2568232, 13.087146], [80.2568424, 13.0870774], [80.2568548, 13.0870327], [80.2568618, 13.0870077], [80.2568665, 13.0869909], [80.2568782, 13.086946], [80.2568823, 13.0869301], [80.2568954, 13.08688], [80.256908, 13.0868319], [80.2569251, 13.0867722], [80.2569308, 13.0867523], [80.2569458, 13.0867002], [80.2569493, 13.0866904], [80.2569561, 13.0866714], [80.2569566, 13.0866663], [80.2569572, 13.0866592], [80.2569556, 13.0866561], [80.2569528, 13.0866534], [80.25695, 13.0866507], [80.2569347, 13.0866437], [80.2569141, 13.0866358], [80.2568827, 13.0866237], [80.2568497, 13.086611], [80.2568382, 13.0866066], [80.2568056, 13.0865959], [80.2567827, 13.0865884], [80.2567391, 13.086574], [80.2567087, 13.086564], [80.256654, 13.086546], [80.2566045, 13.0865335], [80.2565348, 13.0865159], [80.2565114, 13.0865101], [80.2564807, 13.0864918], [80.2564807, 13.0864916], [80.256481, 13.0864866], [80.2564786, 13.0864819], [80.2564742, 13.0864791], [80.256468, 13.086477], [80.256441, 13.086468], [80.2564109, 13.086458], [80.2563702, 13.0864444], [80.2563437, 13.0864356], [80.2563212, 13.0864281], [80.2563071, 13.0864234], [80.2562837, 13.0864156], [80.2562664, 13.0864093], [80.2562306, 13.0863962], [80.2562094, 13.0863884], [80.2561831, 13.0863788], [80.2561452, 13.0863649], [80.2561077, 13.0863512], [80.2560693, 13.0863371], [80.2560157, 13.0863118], [80.2559126, 13.0862602], [80.2559539, 13.0860912], [80.25642, 13.0843962], [80.2564214, 13.0843929], [80.2564228, 13.0843909], [80.2564265, 13.0843879], [80.256431, 13.0843863], [80.2564358, 13.0843863], [80.256437, 13.0843866], [80.256466, 13.0843954], [80.2567995, 13.0845096], [80.2568151, 13.0844852], [80.2564454, 13.0843513], [80.2564412, 13.0843489], [80.2564381, 13.0843453], [80.2564371, 13.0843432], [80.2564365, 13.0843409], [80.2564363, 13.0843385], [80.256436, 13.0843381], [80.2564368, 13.0843351], [80.2565611, 13.0838832], [80.2565721, 13.0838214], [80.256222, 13.0837304], [80.2561402, 13.0837046], [80.2561183, 13.0836799], [80.2561186, 13.0836202], [80.2561228, 13.0833251], [80.2560965, 13.0831241], [80.2560504, 13.0828849], [80.2559748, 13.0825515], [80.2559092, 13.0822413], [80.2558501, 13.0819508], [80.2557605, 13.0814854], [80.2557595, 13.0814799], [80.2557598, 13.0814706], [80.2557598, 13.0814574], [80.2557599, 13.0814501], [80.2557646, 13.0814443], [80.2557698, 13.081438], [80.2557724, 13.081433], [80.2557747, 13.0814284], [80.2557883, 13.0814188], [80.2557991, 13.081416], [80.255803, 13.081415], [80.2558033, 13.081415], [80.2558035, 13.0814149], [80.2557938, 13.0813679], [80.2557849, 13.0813245], [80.2549107, 13.0815098], [80.2549031, 13.0815093], [80.2548958, 13.0815033], [80.2548942, 13.0814942], [80.2548978, 13.0814794], [80.2548695, 13.0810627], [80.2548301, 13.0808159], [80.2548217, 13.0804808], [80.2547337, 13.0800821], [80.254609, 13.079476], [80.2546142, 13.0793167], [80.2546722, 13.0790365], [80.2546672, 13.0788218], [80.2542667, 13.0787645], [80.2541305, 13.078745], [80.25366, 13.0786896], [80.2533357, 13.0786558], [80.2531891, 13.0786554], [80.2531494, 13.078657], [80.2531048, 13.0786588], [80.2530331, 13.0786617], [80.2530335, 13.0786584], [80.2530428, 13.0785833], [80.2530713, 13.07843], [80.2531128, 13.078207], [80.2531796, 13.0777255], [80.2532262, 13.0773897], [80.253234, 13.0773203], [80.253242, 13.0772482], [80.2532493, 13.0771831], [80.2533038, 13.0766969], [80.2528101, 13.0766184], [80.2522202, 13.0765248], [80.2519116, 13.0764664], [80.2516226, 13.0764234], [80.251224, 13.0763801], [80.2509026, 13.0763225], [80.2509539, 13.076206], [80.2511897, 13.0757287], [80.251369, 13.0756962], [80.2515694, 13.0757365], [80.2518974, 13.0757853], [80.2519888, 13.0758025], [80.2520161, 13.0757836], [80.2521281, 13.0750463], [80.2521486, 13.0749497], [80.2521595, 13.0746902], [80.2521796, 13.0742637], [80.2521883, 13.0742175], [80.2521884, 13.0742172], [80.2522122, 13.0741221], [80.2522319, 13.0740433], [80.2522582, 13.0739806], [80.2522624, 13.0739704], [80.2504218, 13.0738666], [80.2506342, 13.0724471], [80.2506773, 13.072159], [80.2507674, 13.0719918], [80.2501079, 13.0717884], [80.2497852, 13.0717023], [80.2495599, 13.0716393], [80.2495572, 13.0716385], [80.249555, 13.071569], [80.2495543, 13.0715471], [80.2495469, 13.071546], [80.2495555, 13.0710786], [80.2499543, 13.0709906], [80.2501845, 13.0709016], [80.2508872, 13.0704857], [80.2518231, 13.0698887], [80.2524493, 13.0694321], [80.2531385, 13.0686839], [80.2538291, 13.0679318], [80.2540837, 13.0676389], [80.2544432, 13.0672377], [80.2541439, 13.0669512], [80.2540864, 13.0668227], [80.2540948, 13.0668112], [80.2540955, 13.0668102], [80.2540995, 13.066803], [80.2541001, 13.0667974], [80.2541003, 13.0667951], [80.2541003, 13.0667951], [80.2541007, 13.0667907], [80.2541007, 13.0667831], [80.2541008, 13.0667828], [80.2541205, 13.0667286], [80.2541371, 13.066709], [80.25415, 13.0666937], [80.2541954, 13.0666402], [80.2541955, 13.0666402], [80.254239, 13.0666823], [80.2543162, 13.0667574], [80.2543413, 13.0667798], [80.2544336, 13.0668618], [80.254636, 13.0670587], [80.2546482, 13.0670436], [80.2548223, 13.0668198], [80.2549786, 13.0665839], [80.2551899, 13.0662501], [80.2554734, 13.0658266], [80.2555943, 13.0655422], [80.2556566, 13.064643], [80.2556227, 13.0637347], [80.25563, 13.0633718], [80.2557891, 13.0626544], [80.2560456, 13.0620814], [80.2563796, 13.0616355], [80.2569105, 13.0612054], [80.257193, 13.0610877], [80.2575197, 13.0610383], [80.2583263, 13.0612086], [80.2586994, 13.0614512], [80.259073, 13.0617416], [80.259581, 13.0621952], [80.2602465, 13.0629322], [80.2605391, 13.0634822], [80.2606236, 13.0637068], [80.2606383, 13.0637021], [80.2609316, 13.0636081], [80.2610742, 13.0635654], [80.2610743, 13.0635653], [80.2611646, 13.0635383], [80.2612285, 13.0635274], [80.2612292, 13.0635272], [80.2615551, 13.0634716], [80.2617083, 13.0634427], [80.2618993, 13.0633199], [80.2626591, 13.0624403], [80.2629217, 13.0621286], [80.2629233, 13.062127], [80.2629253, 13.0621256], [80.2629275, 13.0621245], [80.2629299, 13.0621239], [80.2629323, 13.0621237], [80.2629348, 13.0621239], [80.2629371, 13.0621245], [80.2629394, 13.0621256], [80.2629412, 13.0621268], [80.2633303, 13.0624449], [80.2637413, 13.0627836], [80.2638322, 13.0626557], [80.2640051, 13.0624436], [80.2641716, 13.0622559], [80.2641716, 13.0622559], [80.2641898, 13.0622354], [80.264376, 13.0620255], [80.2643761, 13.0620255], [80.2644072, 13.0619904], [80.2646196, 13.0617495], [80.2646196, 13.0617495], [80.2646298, 13.061738], [80.2646326, 13.0617347], [80.2646378, 13.061729], [80.2648727, 13.0614681], [80.2648847, 13.0614548], [80.2648895, 13.0614501], [80.2648897, 13.0614499], [80.2651379, 13.0612081], [80.2653096, 13.0607964], [80.2653465, 13.0607299], [80.2653853, 13.0606644], [80.2654148, 13.0606075], [80.2654236, 13.0605891], [80.2654457, 13.0605516], [80.2654696, 13.0605088], [80.2654936, 13.0604638], [80.2655122, 13.0604245], [80.2655466, 13.0603532], [80.2655764, 13.0602843], [80.2656013, 13.0602254], [80.2656075, 13.0602097], [80.2656191, 13.0601752], [80.2656321, 13.0601325], [80.2656388, 13.0601062], [80.2656478, 13.0600627], [80.2656535, 13.0600294], [80.2656559, 13.06001], [80.2656595, 13.0599724], [80.2656623, 13.0599259], [80.2656605, 13.0598691], [80.2656565, 13.0598124], [80.2656526, 13.0597774], [80.2656489, 13.0597423], [80.2656431, 13.0596823], [80.265639, 13.0596461], [80.2656347, 13.0596089], [80.2656252, 13.0595356], [80.2656145, 13.0594626], [80.2655653, 13.0590903], [80.2655583, 13.0590296], [80.2655135, 13.0585991], [80.2654831, 13.0584121], [80.2654433, 13.058269], [80.2654329, 13.0582195], [80.2654345, 13.0582199], [80.2655307, 13.0582469], [80.2655802, 13.0582607], [80.2656273, 13.0582739], [80.265664, 13.0582814], [80.2657045, 13.058288], [80.2657335, 13.0582922], [80.2657731, 13.0582935], [80.2658591, 13.0582904], [80.2659461, 13.0582894], [80.266034, 13.0582924], [80.2661214, 13.0582983], [80.2662079, 13.058307], [80.2662503, 13.0583121], [80.2662905, 13.0583152], [80.2663329, 13.0583168], [80.2664095, 13.0583204], [80.2664841, 13.0583185], [80.2665603, 13.0583154], [80.2665679, 13.0583148], [80.2667281, 13.058301], [80.2667314, 13.058301], [80.266906, 13.0582978], [80.2670503, 13.0582912], [80.267133, 13.0582863], [80.2672176, 13.0582833], [80.2673026, 13.0582822], [80.2673882, 13.0582836], [80.2674736, 13.0582872], [80.2675356, 13.0582915], [80.2675587, 13.0582931], [80.2676037, 13.0582972], [80.2676497, 13.0583036], [80.2676954, 13.0583123], [80.2677406, 13.058323], [80.2677851, 13.058336], [80.2678616, 13.058375], [80.2678822, 13.0583879], [80.2679066, 13.0583993], [80.2679387, 13.058413], [80.2680529, 13.0584496], [80.2681307, 13.0584718], [80.2682036, 13.0584956], [80.2682784, 13.0585176], [80.2683251, 13.0585309], [80.2683459, 13.0585359], [80.2684078, 13.0585489], [80.2684167, 13.0585508], [80.2684609, 13.0585575], [80.2686161, 13.0585679], [80.2688692, 13.058578], [80.2691061, 13.058581], [80.2692957, 13.0585861], [80.2693655, 13.0585917], [80.269434, 13.0585997], [80.2695022, 13.05861], [80.2695682, 13.0586223], [80.2696908, 13.0586449], [80.2696959, 13.0586458], [80.269758, 13.0586573], [80.2697824, 13.0586618], [80.2699654, 13.0586898], [80.2700173, 13.0586987], [80.2700699, 13.0587098], [80.2700996, 13.0587175], [80.2701692, 13.0587415], [80.2702113, 13.0587598], [80.2702892, 13.0587865], [80.2703442, 13.0588072], [80.2704589, 13.0588485], [80.2705452, 13.0588783], [80.2707858, 13.0589726], [80.2708311, 13.0589935], [80.2708733, 13.0590104], [80.2708862, 13.0590148], [80.2708951, 13.0591273], [80.270855, 13.0591317], [80.2708153, 13.0591391], [80.2707764, 13.0591495], [80.2707462, 13.0591573], [80.2706983, 13.0591658], [80.2704576, 13.059185], [80.270259, 13.0592054], [80.2702585, 13.0592055], [80.2702566, 13.0592062], [80.2702551, 13.0592075], [80.2702542, 13.0592093], [80.270254, 13.0592113], [80.2702663, 13.0593569], [80.2702802, 13.0595105], [80.2702808, 13.0595124], [80.270282, 13.0595139], [80.2702837, 13.059515], [80.2702856, 13.0595154], [80.2702862, 13.0595154], [80.2702584, 13.0595177], [80.2701799, 13.0595243], [80.270181, 13.0595344], [80.2704062, 13.0595187], [80.2705347, 13.0595113], [80.2707404, 13.059507], [80.2708076, 13.0595071], [80.2708096, 13.0595074], [80.2708113, 13.0595084], [80.2708125, 13.05951], [80.2708131, 13.0595119], [80.2708131, 13.0595121], [80.2708089, 13.0595694], [80.2708161, 13.0596656], [80.2708349, 13.0598365], [80.2708347, 13.0598385], [80.2708337, 13.0598402], [80.2708322, 13.0598415], [80.2708478, 13.059839], [80.270854, 13.0598379], [80.2708865, 13.0598345], [80.2709185, 13.0598337], [80.2710844, 13.0598315], [80.2712583, 13.0598292], [80.2713385, 13.059826], [80.2714152, 13.0598229], [80.2714157, 13.0598229], [80.2714176, 13.0598223], [80.2714192, 13.059821], [80.2714202, 13.0598193], [80.2714211, 13.059846], [80.2714252, 13.0600828], [80.271432, 13.0603254], [80.271432, 13.0603264], [80.2714313, 13.0603282], [80.27143, 13.0603297], [80.2714282, 13.0603307], [80.2714262, 13.060331], [80.271337, 13.0603272], [80.2712959, 13.0603254], [80.2710758, 13.0603163], [80.2709409, 13.060307], [80.27094, 13.0603202], [80.2710748, 13.0603295], [80.2712954, 13.0603379], [80.271337, 13.0603396], [80.2714274, 13.0603435], [80.2714293, 13.0603439], [80.271431, 13.060345], [80.2714322, 13.0603467], [80.2714327, 13.0603486], [80.2714327, 13.0603488], [80.2714339, 13.0603915], [80.2714264, 13.0605124], [80.2714144, 13.0606474], [80.2714122, 13.0606527], [80.2714082, 13.0606568], [80.271403, 13.0606592], [80.2713972, 13.0606596], [80.2713361, 13.0606515], [80.2713317, 13.0606509], [80.271179, 13.0606186], [80.271096, 13.060596], [80.2709829, 13.06056], [80.270833, 13.0605102], [80.2707755, 13.0604914], [80.2707153, 13.0604713], [80.2706557, 13.0604495], [80.2705969, 13.060426], [80.2705294, 13.0603956], [80.2704629, 13.0603631], [80.270422, 13.0603415], [80.2703994, 13.0603441], [80.2703548, 13.0603492], [80.270355, 13.0603552], [80.2703638, 13.0603698], [80.2703613, 13.0607655], [80.270288, 13.0607759], [80.2702066, 13.0607779], [80.2699925, 13.0607727], [80.2698353, 13.0607662], [80.2698351, 13.0607953], [80.2699922, 13.0607929], [80.2702063, 13.0607981], [80.2702895, 13.0607961], [80.2703625, 13.0607963], [80.2703902, 13.0612429], [80.2703767, 13.0612587], [80.2703822, 13.0612571], [80.2703867, 13.0612535], [80.2703895, 13.0612486], [80.270363, 13.0613291], [80.2703609, 13.0613818], [80.2703598, 13.0614308], [80.2703582, 13.0616706], [80.2703575, 13.0618946], [80.2703579, 13.0619016], [80.2703559, 13.0619084], [80.2703556, 13.0619088], [80.2703516, 13.061914], [80.2703456, 13.0619178], [80.2703386, 13.0619193], [80.2703407, 13.0619428], [80.2704199, 13.0628377], [80.270423, 13.0628589], [80.270425, 13.062859], [80.2704269, 13.0628597], [80.2704283, 13.0628611], [80.2704284, 13.0628614], [80.2704293, 13.0628638], [80.2704339, 13.0629206], [80.270446, 13.0630581], [80.2704523, 13.0631388], [80.2704602, 13.0632362], [80.2704633, 13.0632586], [80.2704721, 13.0634448], [80.2704948, 13.0635875], [80.2704962, 13.0635964], [80.2704968, 13.0636055], [80.2705119, 13.0638389], [80.2709514, 13.0636771], [80.2711737, 13.0635952], [80.2714169, 13.0636037], [80.2714278, 13.0636041], [80.2715263, 13.0636075], [80.2715467, 13.0638937], [80.2715472, 13.0638936], [80.2715516, 13.0639524], [80.2715754, 13.0642717], [80.2715824, 13.0643652], [80.271608, 13.0646745], [80.2716088, 13.0646743], [80.2716762, 13.0646635], [80.2717486, 13.0646598], [80.2718698, 13.0646528], [80.2720217, 13.0646439], [80.2722293, 13.0646294], [80.2725141, 13.0646126], [80.2725632, 13.0646087], [80.2725864, 13.0646069], [80.272611, 13.0646049], [80.2726391, 13.0646029], [80.2727791, 13.0645929], [80.2730419, 13.0645732], [80.2732889, 13.0645515], [80.27331, 13.0645496], [80.2733289, 13.064548], [80.2735332, 13.0645312], [80.273594, 13.0645262], [80.2736869, 13.0645188], [80.2737999, 13.06452], [80.2738847, 13.0645283], [80.2738866, 13.0645289], [80.2738882, 13.06453], [80.2738893, 13.0645317], [80.2738897, 13.0645337], [80.2738896, 13.0645344], [80.2738818, 13.064592], [80.273861, 13.0647048], [80.2738608, 13.064706], [80.2738315, 13.064877], [80.2738273, 13.0649014], [80.2738039, 13.0650375], [80.2737757, 13.0652155], [80.2737585, 13.0653203], [80.2737473, 13.0654007], [80.2737458, 13.0654114], [80.2737347, 13.0655098], [80.2737315, 13.0655384], [80.2737277, 13.0655727], [80.2737241, 13.0656046], [80.2737135, 13.0656867], [80.2737087, 13.0657235], [80.2737081, 13.0657281], [80.273692, 13.0658695], [80.2736761, 13.0660606], [80.2736744, 13.0660819], [80.2736686, 13.066151], [80.2736635, 13.0662236], [80.2736604, 13.0663076], [80.2736579, 13.0665629], [80.2736572, 13.0665795], [80.2736553, 13.0666208], [80.273653, 13.0666376], [80.2736488, 13.066654], [80.2736455, 13.0666625], [80.2736427, 13.0666698], [80.2736348, 13.0666848], [80.2736252, 13.0666989], [80.273614, 13.0667117], [80.273841, 13.0665779], [80.273985, 13.0665448], [80.2740982, 13.0665159], [80.2743177, 13.0664392], [80.2745042, 13.0663677], [80.2747298, 13.0662788], [80.2749683, 13.0661859], [80.2749898, 13.0661775], [80.2752483, 13.0660768], [80.2754438, 13.0660005], [80.2757359, 13.0658943], [80.2759326, 13.0658253], [80.2760162, 13.065796], [80.2761092, 13.0657648], [80.2761104, 13.0657644], [80.2761106, 13.0657643], [80.2761109, 13.0657642], [80.2761126, 13.065763], [80.2761137, 13.0657614], [80.2761141, 13.0657595], [80.2761138, 13.0657575], [80.2761878, 13.0658963], [80.276312, 13.0658406], [80.2764371, 13.065787], [80.2764994, 13.0657608], [80.2765609, 13.065733], [80.2766216, 13.0657035], [80.2766815, 13.0656724], [80.2767405, 13.0656397], [80.2768361, 13.0655879], [80.2768487, 13.0655815], [80.2769331, 13.0655384], [80.2770313, 13.0654915], [80.2773254, 13.0653406], [80.2776128, 13.0651915], [80.2778762, 13.0650537], [80.2782028, 13.0648884], [80.2782504, 13.064863], [80.278299, 13.0648394], [80.2783484, 13.0648175], [80.2783987, 13.0647975], [80.2784496, 13.0647794], [80.2786044, 13.0647465], [80.2787597, 13.0647156], [80.2789153, 13.0646867], [80.2793104, 13.0645998], [80.2796821, 13.064517], [80.2797362, 13.0645049], [80.2805178, 13.0678094], [80.2805379, 13.0680344], [80.2806912, 13.0688674], [80.2812022, 13.0687951], [80.2817138, 13.0687854], [80.2821184, 13.0687984], [80.2836563, 13.0689141], [80.2840496, 13.0689437], [80.284949, 13.0686281], [80.2856299, 13.0684039], [80.2863916, 13.0682585], [80.2868948, 13.0681137], [80.2875713, 13.067731], [80.2880962, 13.0673669], [80.2880337, 13.0669837], [80.2881953, 13.0666125], [80.2884204, 13.0664784], [80.288551, 13.0664315], [80.2889502, 13.0665825], [80.2891763, 13.0667504], [80.2893092, 13.0669057], [80.2896124, 13.0672563], [80.289782, 13.0685701], [80.2902269, 13.0699589], [80.294368, 13.0786086], [80.2960576, 13.0815288], [80.3020415, 13.0918704], [80.3040962, 13.096762], [80.3036859, 13.0982537], [80.2986042, 13.1000314], [80.2975857, 13.1011234], [80.2977427, 13.1019754], [80.2978888, 13.1022093], [80.2980535, 13.1025611], [80.2983548, 13.1036239], [80.2985217, 13.1041437], [80.299233, 13.1063575], [80.2997597, 13.108076], [80.2997577, 13.1080768], [80.3002394, 13.109641], [80.301095, 13.1122714], [80.3016995, 13.1140248], [80.3015089, 13.1146193], [80.301586, 13.1149246], [80.3018049, 13.1155735], [80.3020236, 13.1162987], [80.3020741, 13.1167504], [80.302021, 13.1171698], [80.3017729, 13.1176267], [80.3014468, 13.1181343], [80.3008813, 13.1191834], [80.3002375, 13.1209099], [80.2990826, 13.1209168], [80.2988568, 13.1209181], [80.2988555, 13.1209883], [80.2988498, 13.1210453], [80.2988386, 13.1210968], [80.2988134, 13.1211836], [80.2987655, 13.1212934], [80.298632, 13.121493], [80.2980551, 13.1218876], [80.2972885, 13.1220918], [80.297166, 13.1221244], [80.29658, 13.122185], [80.2965004, 13.1217947], [80.2964985, 13.1217725], [80.2964699, 13.1217149], [80.2964396, 13.1216995], [80.2964317, 13.1217021], [80.2963661, 13.121734], [80.2963569, 13.1217332], [80.2963494, 13.121728], [80.2963099, 13.1216657], [80.2963124, 13.1216441], [80.2963747, 13.1215507], [80.2963669, 13.1214644], [80.2962543, 13.1209699], [80.2962288, 13.1208696], [80.2960994, 13.1202969], [80.2937355, 13.1208344], [80.2936219, 13.1208625], [80.2937386, 13.121386], [80.2937417, 13.1213886], [80.2937394, 13.1213897], [80.2937863, 13.1215947], [80.293803, 13.1216703], [80.2938426, 13.1218495], [80.2938401, 13.1218411], [80.2938342, 13.1218287], [80.2938262, 13.1218175], [80.2938164, 13.1218078], [80.293805, 13.1217999], [80.2937924, 13.1217941], [80.2937789, 13.1217905], [80.293765, 13.1217893], [80.2937459, 13.1217915], [80.2931462, 13.1219397], [80.2929927, 13.1219894], [80.2929925, 13.1219894], [80.2929911, 13.1219899], [80.2929914, 13.1219913], [80.2929915, 13.1219915], [80.2930842, 13.1224214], [80.2930661, 13.1224251], [80.2929739, 13.1219976], [80.2929737, 13.1219969], [80.2929732, 13.1219957], [80.2929716, 13.1219962], [80.2929715, 13.1219962], [80.2927868, 13.122056], [80.2927262, 13.1220876], [80.2927052, 13.1221067], [80.2926671, 13.1221491], [80.292635, 13.1221959], [80.2926094, 13.1222465], [80.2925907, 13.1222999], [80.2925793, 13.1223553], [80.2925754, 13.1224116], [80.2925759, 13.1224335], [80.2925305, 13.1224779], [80.2925363, 13.1224836], [80.2925369, 13.122485], [80.2925414, 13.1224954], [80.2925414, 13.1224958], [80.2926786, 13.1232995]]]}}, {"type": "Feature", "properties": {"zone": "VI", "zone_name": "THIRU-VIKA-NAGAR", "region": "Central"}, "geometry": {"type": "Polygon", "coordinates": [[[80.2132671, 13.1304264], [80.2130552, 13.1305211], [80.2130049, 13.1305464], [80.2129487, 13.1305821], [80.2128968, 13.1306238], [80.2128955, 13.1306249], [80.2127487, 13.1307573], [80.2126574, 13.13088], [80.2126076, 13.1308413], [80.2123424, 13.1307349], [80.2120512, 13.1306784], [80.2119541, 13.1306559], [80.2119126, 13.1306462], [80.2119067, 13.1306448], [80.2118477, 13.1306266], [80.2118183, 13.1306145], [80.211698, 13.1305607], [80.2116826, 13.1305491], [80.2116789, 13.1305464], [80.2116397, 13.1305115], [80.2116057, 13.1304716], [80.2115793, 13.1304303], [80.2115443, 13.1303665], [80.2114968, 13.1302217], [80.2114806, 13.1301211], [80.2114861, 13.1299879], [80.211473, 13.1299249], [80.2114689, 13.1299067], [80.2114506, 13.1298487], [80.2114254, 13.1297933], [80.2114242, 13.1297911], [80.211415, 13.129774], [80.2113692, 13.1296582], [80.2113414, 13.1295325], [80.2113391, 13.1294394], [80.2113041, 13.1294403], [80.2113064, 13.1295365], [80.2113193, 13.1295949], [80.2113196, 13.1295969], [80.2113194, 13.1295984], [80.211319, 13.1296], [80.2113183, 13.1296014], [80.2113174, 13.1296027], [80.2113162, 13.1296038], [80.2113149, 13.1296047], [80.2113135, 13.1296054], [80.2113127, 13.1296056], [80.2112055, 13.1296331], [80.2112053, 13.1296323], [80.2109903, 13.1296784], [80.210844, 13.1296977], [80.2107443, 13.1297047], [80.2106069, 13.1297138], [80.2106144, 13.12971], [80.2106178, 13.1297034], [80.2105813, 13.129665], [80.2104522, 13.1295882], [80.2101073, 13.1294127], [80.2097536, 13.1292096], [80.2096647, 13.1291657], [80.2093513, 13.1289976], [80.20924, 13.1289379], [80.2085144, 13.1286061], [80.2079934, 13.1286728], [80.207962, 13.1286727], [80.2076036, 13.1286871], [80.2075649, 13.1286958], [80.2074202, 13.1286934], [80.2074093, 13.1286898], [80.2074085, 13.1286894], [80.2073958, 13.1286776], [80.2073848, 13.1286718], [80.2073672, 13.1286685], [80.207234, 13.128648], [80.207055, 13.12866], [80.2068895, 13.1286678], [80.2067973, 13.1286832], [80.2067922, 13.1286815], [80.2067859, 13.1286773], [80.206776, 13.1286506], [80.2067643, 13.1286282], [80.20675, 13.1286073], [80.2067328, 13.1285879], [80.2066778, 13.1285418], [80.2066228, 13.128499], [80.2065661, 13.1284581], [80.2065575, 13.1284533], [80.2065351, 13.1284408], [80.2065249, 13.1284354], [80.2065091, 13.1284213], [80.206507, 13.1284143], [80.2064534, 13.1284132], [80.2064398, 13.1284193], [80.2064253, 13.1284227], [80.2061295, 13.1284569], [80.2060442, 13.1284668], [80.2060364, 13.1284664], [80.2060289, 13.1284646], [80.2060218, 13.1284617], [80.2060154, 13.1284575], [80.2060099, 13.1284522], [80.2060054, 13.1284461], [80.2060021, 13.1284393], [80.206, 13.1284318], [80.2059996, 13.1284284], [80.2059753, 13.1284303], [80.2059695, 13.1283225], [80.2059685, 13.1283114], [80.2059656, 13.1283005], [80.2059609, 13.1282904], [80.2059546, 13.128281], [80.2059468, 13.1282729], [80.2059378, 13.1282661], [80.2059277, 13.1282608], [80.2058344, 13.1282434], [80.2057407, 13.1282283], [80.2056466, 13.1282153], [80.2055523, 13.1282045], [80.2054442, 13.1281945], [80.2054, 13.1281911], [80.2053557, 13.12819], [80.2053114, 13.1281911], [80.2050154, 13.1282283], [80.2042729, 13.1283499], [80.2042789, 13.1283566], [80.2042432, 13.1283699], [80.2042112, 13.1283792], [80.2040894, 13.1284048], [80.2040428, 13.1284137], [80.2037794, 13.1284588], [80.2035589, 13.1284971], [80.203257, 13.1285407], [80.2030552, 13.1285757], [80.2028781, 13.128604], [80.202816, 13.1286121], [80.2027551, 13.12862], [80.2026217, 13.1286373], [80.2025239, 13.1286559], [80.2024794, 13.1286643], [80.2023457, 13.1287002], [80.2023289, 13.1287045], [80.2023252, 13.1287051], [80.2022514, 13.1286974], [80.2022441, 13.1287007], [80.2020758, 13.1287444], [80.2020634, 13.1287482], [80.2020518, 13.1287541], [80.2020415, 13.1287618], [80.2020326, 13.1287711], [80.2020269, 13.1287799], [80.2020255, 13.1287813], [80.2020237, 13.1287821], [80.2020233, 13.1287822], [80.2019436, 13.128797], [80.2016479, 13.128837], [80.2015888, 13.1288365], [80.2015756, 13.1286529], [80.2015619, 13.128426], [80.2015604, 13.1283778], [80.2015517, 13.1280149], [80.2015509, 13.1279647], [80.2015501, 13.127914], [80.2015443, 13.1275336], [80.2015347, 13.1271275], [80.2015289, 13.1269087], [80.201527, 13.1268386], [80.201522, 13.1266522], [80.2015198, 13.1265111], [80.2015185, 13.1264278], [80.2015154, 13.1262284], [80.2015142, 13.1261404], [80.2015134, 13.1260832], [80.2015083, 13.125698], [80.2015011, 13.1254936], [80.2014992, 13.1254383], [80.2014865, 13.1250776], [80.2014729, 13.1244848], [80.2014718, 13.124426], [80.2014709, 13.1243802], [80.2014659, 13.1241317], [80.2014628, 13.1239773], [80.2014612, 13.1238985], [80.2014593, 13.1238049], [80.2014653, 13.1236125], [80.2014691, 13.1234388], [80.2014875, 13.1233904], [80.2015039, 13.1233559], [80.2015502, 13.1232786], [80.2015504, 13.1232781], [80.2015509, 13.1232762], [80.2015507, 13.1232742], [80.2015498, 13.1232725], [80.2015483, 13.1232712], [80.2014948, 13.1230021], [80.2014967, 13.1230028], [80.2014987, 13.1230028], [80.2015006, 13.123002], [80.2015153, 13.1229931], [80.2015318, 13.1229806], [80.2015468, 13.1229665], [80.2015602, 13.1229509], [80.2015719, 13.122934], [80.2015867, 13.1229097], [80.2015997, 13.1228843], [80.2016108, 13.1228582], [80.2016201, 13.1228313], [80.201639, 13.1227648], [80.2016405, 13.1227586], [80.2016962, 13.1225586], [80.201712, 13.1224943], [80.2017259, 13.1224296], [80.2017377, 13.1223646], [80.2017386, 13.1223595], [80.2017469, 13.1223118], [80.2017877, 13.1220779], [80.2017906, 13.1220605], [80.2017998, 13.1220046], [80.2018143, 13.1219317], [80.2018195, 13.121909], [80.201829, 13.1218688], [80.2018449, 13.1217913], [80.201847, 13.1217743], [80.2018958, 13.1215415], [80.2019163, 13.1214458], [80.2019341, 13.1213712], [80.2019426, 13.1213373], [80.2019641, 13.1212559], [80.201968, 13.1212377], [80.2020284, 13.1209574], [80.202034, 13.1209307], [80.2020422, 13.1208919], [80.2020679, 13.1207693], [80.202081, 13.1206181], [80.2020869, 13.1205386], [80.2020899, 13.1204975], [80.2020922, 13.1204668], [80.2021014, 13.1203153], [80.2021017, 13.1202819], [80.2021021, 13.1202471], [80.2021047, 13.1200214], [80.202106, 13.1200029], [80.2021084, 13.1199677], [80.2021199, 13.1198014], [80.2021247, 13.1197769], [80.2021315, 13.119753], [80.2021404, 13.1197296], [80.2021512, 13.1197071], [80.2021639, 13.1196856], [80.2021785, 13.1196651], [80.2022084, 13.119613], [80.2023362, 13.1193909], [80.2023493, 13.1193498], [80.2023582, 13.1193258], [80.2023823, 13.1192685], [80.2024263, 13.11921], [80.2024372, 13.1191986], [80.2024495, 13.1191886], [80.202463, 13.1191803], [80.2026736, 13.1191483], [80.2027661, 13.1191353], [80.202768, 13.1191347], [80.2027696, 13.1191335], [80.2027706, 13.1191317], [80.2027709, 13.1191298], [80.2027707, 13.1191287], [80.2027581, 13.1190773], [80.2027476, 13.119016], [80.202739, 13.1189543], [80.2027323, 13.1188922], [80.2027132, 13.1187456], [80.2026363, 13.1187159], [80.2026432, 13.1187119], [80.2026489, 13.1187063], [80.2026531, 13.1186997], [80.2026557, 13.1186922], [80.2026564, 13.1186844], [80.2026559, 13.1186807], [80.2026553, 13.1186766], [80.2026355, 13.1186241], [80.2026177, 13.1185708], [80.2026021, 13.118517], [80.2025874, 13.1184733], [80.2025709, 13.1184303], [80.2026079, 13.1184179], [80.2026242, 13.1184606], [80.2026394, 13.1185057], [80.2026551, 13.1185596], [80.2026592, 13.1185742], [80.2026625, 13.1185819], [80.2026773, 13.1186104], [80.2026938, 13.118638], [80.2027118, 13.1186647], [80.2027189, 13.1186697], [80.2027271, 13.1186727], [80.2027358, 13.1186733], [80.2027444, 13.1186716], [80.202764, 13.1186682], [80.2027838, 13.1186662], [80.2028075, 13.1186655], [80.2029466, 13.1186434], [80.2030437, 13.1186315], [80.2031405, 13.1186176], [80.203237, 13.1186018], [80.2033331, 13.1185841], [80.2033378, 13.1185832], [80.2033381, 13.1185832], [80.2033433, 13.1185821], [80.2033443, 13.1185819], [80.2033459, 13.1185813], [80.2033474, 13.1185801], [80.2033484, 13.1185784], [80.2033487, 13.1185764], [80.203347, 13.1185349], [80.2033467, 13.1185258], [80.2033474, 13.1184706], [80.2033509, 13.1184155], [80.2033606, 13.1183058], [80.2034074, 13.1183186], [80.2033985, 13.118419], [80.2033951, 13.1184724], [80.2033945, 13.1185252], [80.2033941, 13.1185654], [80.2033944, 13.1185671], [80.2033953, 13.1185689], [80.2033968, 13.1185702], [80.2033987, 13.1185708], [80.2034007, 13.1185708], [80.20345, 13.1185611], [80.2035673, 13.1185403], [80.2036103, 13.1185335], [80.203611, 13.1185333], [80.2036128, 13.1185324], [80.2036141, 13.118531], [80.2036148, 13.1185291], [80.2036148, 13.1185271], [80.2036071, 13.1184854], [80.2036004, 13.1184361], [80.2035961, 13.1183886], [80.2035915, 13.1183569], [80.2035889, 13.1183225], [80.2035885, 13.118288], [80.2035904, 13.1182549], [80.2036322, 13.1182572], [80.2036304, 13.1182889], [80.2036307, 13.1183207], [80.2036331, 13.1183524], [80.2036377, 13.1183839], [80.203642, 13.1184315], [80.2036485, 13.118479], [80.2036562, 13.1185208], [80.2036563, 13.1185213], [80.2036572, 13.1185231], [80.2036587, 13.1185244], [80.2036605, 13.1185252], [80.2036625, 13.1185252], [80.203685, 13.1185217], [80.2037313, 13.118517], [80.2037778, 13.1185146], [80.2038243, 13.1185143], [80.2038708, 13.1185163], [80.2039171, 13.1185205], [80.2039632, 13.1185269], [80.204011, 13.1185294], [80.2040639, 13.1185327], [80.204114, 13.1185319], [80.2041597, 13.1185337], [80.2041735, 13.1185317], [80.204334, 13.1185415], [80.204495, 13.1185536], [80.2046204, 13.1185648], [80.2046205, 13.1185648], [80.2046558, 13.118568], [80.2046578, 13.1185678], [80.2046596, 13.118567], [80.204661, 13.1185655], [80.2046617, 13.1185637], [80.2046618, 13.1185629], [80.2046743, 13.1183078], [80.2046772, 13.1182364], [80.204714, 13.1182378], [80.2047111, 13.1183091], [80.2047022, 13.1185688], [80.2047026, 13.1185708], [80.2047036, 13.1185725], [80.2047052, 13.1185737], [80.2047071, 13.1185743], [80.2050755, 13.1186195], [80.2051624, 13.11863], [80.2055701, 13.118665], [80.2057295, 13.1186808], [80.2057645, 13.1186845], [80.2060984, 13.1187319], [80.2061533, 13.118738], [80.2062084, 13.1187424], [80.2062637, 13.1187448], [80.2063189, 13.1187453], [80.2063742, 13.118744], [80.2064294, 13.1187407], [80.20648, 13.1187435], [80.2065443, 13.1187469], [80.2065418, 13.1187462], [80.2065403, 13.1187449], [80.2065393, 13.1187432], [80.206539, 13.1187413], [80.2065496, 13.1184945], [80.2065519, 13.1184311], [80.2065519, 13.1183677], [80.2065497, 13.1183042], [80.2065452, 13.1182409], [80.2065386, 13.1181778], [80.2065213, 13.1181004], [80.2065017, 13.1180235], [80.20648, 13.1179472], [80.206456, 13.1178715], [80.2064425, 13.1178316], [80.2064315, 13.117791], [80.206423, 13.1177498], [80.2064171, 13.1177081], [80.2064138, 13.1176661], [80.2064085, 13.1176174], [80.2063909, 13.1174545], [80.2063876, 13.117424], [80.2063756, 13.1173127], [80.2063721, 13.1172403], [80.2063716, 13.1171895], [80.2063711, 13.1171302], [80.2063688, 13.1168908], [80.2063694, 13.1167857], [80.2063724, 13.1166807], [80.2063779, 13.1165758], [80.2063831, 13.1165293], [80.2063903, 13.1164831], [80.2063996, 13.1164372], [80.2064109, 13.1163918], [80.2064242, 13.1163469], [80.2064395, 13.1163026], [80.2064556, 13.1162607], [80.2064736, 13.1162195], [80.2064935, 13.1161792], [80.2065152, 13.1161397], [80.2065387, 13.1161013], [80.2065876, 13.1160312], [80.2066117, 13.1159926], [80.2066239, 13.1159733], [80.2066624, 13.1159068], [80.2066835, 13.115866], [80.2066978, 13.1158312], [80.2067302, 13.1157184], [80.2067489, 13.1156527], [80.2067576, 13.1155832], [80.2067623, 13.1155263], [80.2067656, 13.1154915], [80.2067705, 13.1154343], [80.2067733, 13.1153776], [80.2067705, 13.1153788], [80.2067669, 13.1152056], [80.2067645, 13.1151062], [80.206769, 13.1148464], [80.2067714, 13.1147966], [80.2067766, 13.1146738], [80.2068076, 13.1143402], [80.2068192, 13.1142146], [80.2068231, 13.1141736], [80.2068378, 13.1138695], [80.2068413, 13.1136434], [80.206843, 13.1133911], [80.2068349, 13.1133002], [80.206835, 13.1132906], [80.2068376, 13.1132502], [80.2068442, 13.1131863], [80.2068486, 13.1131224], [80.2068536, 13.1130322], [80.2068679, 13.1128139], [80.2068661, 13.1125394], [80.2068612, 13.112432], [80.2068594, 13.1123916], [80.2068551, 13.1122985], [80.2068391, 13.1120984], [80.2068303, 13.1120338], [80.206825, 13.1119946], [80.206777, 13.1116359], [80.2067642, 13.111567], [80.2067336, 13.1113597], [80.2067313, 13.111268], [80.2066918, 13.111117], [80.2066723, 13.1109537], [80.2066498, 13.1107775], [80.2066471, 13.1107564], [80.2074938, 13.1106163], [80.2076995, 13.1105881], [80.2085579, 13.1104816], [80.2091364, 13.1104126], [80.2095368, 13.1103673], [80.2103001, 13.1102807], [80.2108362, 13.1102179], [80.2111664, 13.1101823], [80.2114633, 13.1101449], [80.2118235, 13.1101047], [80.2121946, 13.1100576], [80.212469, 13.1100263], [80.2129402, 13.109981], [80.2129388, 13.1099741], [80.2131972, 13.1099418], [80.2136796, 13.1098865], [80.2141535, 13.1098318], [80.2146339, 13.1097744], [80.2150685, 13.109723], [80.215494, 13.1096742], [80.2158367, 13.10963], [80.2159025, 13.1096266], [80.2163482, 13.1095739], [80.2169646, 13.1095015], [80.2177436, 13.1094098], [80.2180043, 13.1093798], [80.2183486, 13.1093403], [80.218735, 13.1092963], [80.2192117, 13.10924], [80.2194695, 13.1092111], [80.2198411, 13.1091671], [80.220166, 13.1091294], [80.2204782, 13.1090927], [80.2207556, 13.1090599], [80.2211765, 13.1090096], [80.2216521, 13.1089553], [80.2220681, 13.1089097], [80.2222919, 13.1088821], [80.2226199, 13.1088437], [80.2229723, 13.1088013], [80.2234121, 13.1087497], [80.2237219, 13.1087126], [80.2240974, 13.1086701], [80.2244837, 13.1086214], [80.2247826, 13.1085893], [80.225071, 13.1085553], [80.2250864, 13.1085535], [80.2254314, 13.1085125], [80.2257376, 13.1084779], [80.2259708, 13.1084489], [80.2263779, 13.1084024], [80.2267995, 13.1083545], [80.2270492, 13.1083244], [80.2274537, 13.1082756], [80.2279081, 13.1082226], [80.2282276, 13.1081867], [80.2286771, 13.1081351], [80.2289906, 13.1081076], [80.2295606, 13.108064], [80.2296849, 13.1080552], [80.2298189, 13.1080458], [80.2301408, 13.108026], [80.2305581, 13.1080065], [80.2310059, 13.1079809], [80.2314142, 13.1079584], [80.23185, 13.1079341], [80.2322731, 13.1079116], [80.2328217, 13.1078815], [80.2334646, 13.1078479], [80.2342981, 13.1078014], [80.234969, 13.1077647], [80.2356228, 13.1077294], [80.2360804, 13.1077053], [80.2367417, 13.107667], [80.2370985, 13.1076498], [80.2372744, 13.1073343], [80.237328, 13.1072088], [80.2373546, 13.1070615], [80.2373449, 13.1068875], [80.2373293, 13.1066061], [80.2373277, 13.1065744], [80.2373055, 13.1061346], [80.237304, 13.1061034], [80.2373044, 13.1061013], [80.2373446, 13.105865], [80.2372852, 13.1056593], [80.237277, 13.105493], [80.2372704, 13.1053562], [80.2372454, 13.1049293], [80.2372454, 13.104929], [80.2372265, 13.1046472], [80.2372164, 13.1044499], [80.2371965, 13.1041152], [80.2371767, 13.1037627], [80.2371746, 13.103725], [80.2371395, 13.1030763], [80.2371394, 13.103076], [80.2371354, 13.1029771], [80.2371183, 13.1025594], [80.2371127, 13.102423], [80.2371043, 13.1023235], [80.2371043, 13.1023232], [80.2371004, 13.1022764], [80.2370848, 13.102091], [80.2370756, 13.1019183], [80.2370646, 13.1016867], [80.2370622, 13.1016348], [80.2370612, 13.1016139], [80.2370437, 13.1015495], [80.2369769, 13.1013038], [80.2369764, 13.1013], [80.2369711, 13.1012602], [80.2369703, 13.1012537], [80.2369447, 13.101049], [80.2369446, 13.1010481], [80.236931, 13.1009322], [80.2369265, 13.1008944], [80.2369262, 13.1008964], [80.2369252, 13.1008981], [80.2369236, 13.1008993], [80.2369217, 13.1008999], [80.2368545, 13.1009086], [80.2368536, 13.1009087], [80.2367767, 13.1009186], [80.2367759, 13.1009187], [80.2366947, 13.1009291], [80.2366262, 13.1009379], [80.2366262, 13.100938], [80.2366179, 13.100939], [80.2365404, 13.1009498], [80.2365403, 13.1009498], [80.2363694, 13.1009735], [80.2363421, 13.1009772], [80.2363416, 13.1009773], [80.2362337, 13.1009923], [80.2360567, 13.1010147], [80.2360248, 13.101017], [80.2360243, 13.101017], [80.2360233, 13.1010164], [80.2360228, 13.1010154], [80.2359941, 13.1008103], [80.2359487, 13.1005436], [80.2359109, 13.1003527], [80.2358654, 13.1001402], [80.2358651, 13.1001386], [80.2358607, 13.1001095], [80.2358606, 13.1001092], [80.235825, 13.0998789], [80.2357852, 13.0995416], [80.2357838, 13.0995308], [80.2357776, 13.0995177], [80.2357678, 13.0995071], [80.235755, 13.0994999], [80.2357407, 13.0994968], [80.2357301, 13.0994977], [80.2356569, 13.099501], [80.2356562, 13.099501], [80.2356543, 13.0995005], [80.2356461, 13.0994983], [80.2356405, 13.0994959], [80.2356359, 13.0994886], [80.2356316, 13.0994818], [80.2356275, 13.0994722], [80.2355498, 13.0990529], [80.2354844, 13.0987179], [80.2354339, 13.0984687], [80.2354353, 13.0984571], [80.235437, 13.0984518], [80.2354389, 13.0984459], [80.2354447, 13.0984357], [80.2354525, 13.0984267], [80.2354607, 13.0984204], [80.2354614, 13.0984199], [80.2354633, 13.0984193], [80.2356353, 13.0983942], [80.235919, 13.0983543], [80.2359196, 13.0983543], [80.2360149, 13.0983409], [80.2360868, 13.0983308], [80.2360871, 13.0983307], [80.2360999, 13.0983289], [80.2361652, 13.0983181], [80.2362839, 13.0982985], [80.2363247, 13.0982917], [80.2363697, 13.0982843], [80.2363819, 13.0982823], [80.2364687, 13.0982682], [80.2365606, 13.0982532], [80.2366083, 13.0982455], [80.236648, 13.098238], [80.2368083, 13.098208], [80.2368589, 13.0981995], [80.2369454, 13.0981851], [80.236951, 13.0981841], [80.2370339, 13.0981703], [80.2370849, 13.0981618], [80.2373111, 13.0981193], [80.2373629, 13.0981101], [80.2373797, 13.0981071], [80.2375432, 13.0980779], [80.2376704, 13.0980506], [80.2377271, 13.0980384], [80.2378218, 13.0980181], [80.2379343, 13.0979938], [80.238095, 13.097959], [80.2381804, 13.0979408], [80.2383627, 13.0979021], [80.2386617, 13.0978547], [80.2389004, 13.0978303], [80.2389759, 13.0978263], [80.2390938, 13.0978205], [80.2393083, 13.097809], [80.2394305, 13.0978], [80.2396241, 13.0977835], [80.2399523, 13.0977695], [80.2401776, 13.0977499], [80.240516, 13.0977268], [80.2406009, 13.097719], [80.2406542, 13.0977141], [80.2407005, 13.0977098], [80.2409264, 13.0976883], [80.241132, 13.097662], [80.2413634, 13.0976347], [80.24145, 13.0976174], [80.2414751, 13.0976128], [80.2420136, 13.0975147], [80.242024, 13.0975133], [80.2420345, 13.0975139], [80.2420297, 13.0973125], [80.2420333, 13.0972979], [80.2420349, 13.0972831], [80.2420345, 13.0972681], [80.2420321, 13.0972533], [80.2420277, 13.097239], [80.2420077, 13.0971919], [80.2419894, 13.097144], [80.2419841, 13.0971284], [80.2419729, 13.0970956], [80.2419582, 13.0970466], [80.2419129, 13.0968929], [80.2418568, 13.0967181], [80.241755, 13.0964319], [80.2417298, 13.0963612], [80.2417298, 13.0963611], [80.2416969, 13.0962686], [80.2416635, 13.0961716], [80.2415384, 13.0958429], [80.2415243, 13.0958046], [80.2415073, 13.0957587], [80.2415076, 13.0957568], [80.2415073, 13.0957552], [80.2414688, 13.0956386], [80.2414309, 13.0955238], [80.2414046, 13.0954315], [80.2413789, 13.0953413], [80.2413612, 13.0952813], [80.241349, 13.0952392], [80.2413259, 13.0951565], [80.2413175, 13.0951266], [80.2412915, 13.0950333], [80.2412679, 13.0949486], [80.2412298, 13.0948118], [80.2412169, 13.0947539], [80.2411941, 13.0946339], [80.241176, 13.0945389], [80.241176, 13.0945388], [80.2411578, 13.0944429], [80.2411227, 13.0942584], [80.2411179, 13.094233], [80.2410909, 13.0940973], [80.241082, 13.0940482], [80.2410734, 13.0940003], [80.2410674, 13.0939667], [80.2410673, 13.0939666], [80.2410628, 13.0939413], [80.2410362, 13.0937937], [80.2409979, 13.0935772], [80.2409841, 13.0934918], [80.2409841, 13.0934917], [80.2409748, 13.0934345], [80.2409626, 13.093366], [80.24095, 13.0932782], [80.2408827, 13.0928076], [80.2408797, 13.0927863], [80.2408637, 13.0926041], [80.2408792, 13.0923415], [80.2408793, 13.0923401], [80.2408695, 13.0922084], [80.2408403, 13.0918151], [80.2408104, 13.0914357], [80.2407709, 13.0908842], [80.2407665, 13.0906482], [80.2407652, 13.0906362], [80.2407582, 13.0905594], [80.24075, 13.0904705], [80.2407495, 13.0904538], [80.2407451, 13.090388], [80.2407451, 13.0903876], [80.240745, 13.0903258], [80.2407473, 13.090279], [80.2407517, 13.0902369], [80.240758, 13.0901955], [80.2407666, 13.0901537], [80.2407802, 13.0901085], [80.2407889, 13.0900794], [80.2407988, 13.0900464], [80.2408446, 13.0898964], [80.240847, 13.0898854], [80.2408506, 13.0898746], [80.2408553, 13.0898641], [80.2408887, 13.0897969], [80.2408976, 13.0897751], [80.2409115, 13.0897463], [80.2409253, 13.0897177], [80.2409518, 13.089672], [80.2410604, 13.0895068], [80.2413185, 13.0891159], [80.2413374, 13.0890874], [80.2415252, 13.0888052], [80.2415834, 13.0887284], [80.2416397, 13.0886501], [80.2416939, 13.0885705], [80.2417196, 13.0885307], [80.2417574, 13.0884739], [80.2418143, 13.0883925], [80.2418858, 13.0882952], [80.2420458, 13.0880866], [80.2420551, 13.0880744], [80.2420805, 13.0880323], [80.2420891, 13.0880147], [80.2421842, 13.0878953], [80.2421847, 13.0878952], [80.2423602, 13.0878835], [80.2424633, 13.087876], [80.242695, 13.0878476], [80.2429824, 13.087802], [80.2430552, 13.0877905], [80.2430556, 13.0877904], [80.2431785, 13.0877679], [80.2432055, 13.087763], [80.2432297, 13.0877565], [80.2432533, 13.0877484], [80.2432763, 13.0877386], [80.2432985, 13.0877271], [80.243373, 13.0876878], [80.2434461, 13.0876459], [80.2435176, 13.0876015], [80.2435503, 13.0875794], [80.2435818, 13.0875557], [80.2435848, 13.0875532], [80.243612, 13.0875305], [80.2436409, 13.0875038], [80.2436683, 13.0874756], [80.2437094, 13.0874333], [80.2437488, 13.0873895], [80.2437865, 13.0873441], [80.2438224, 13.0872974], [80.2438563, 13.0872494], [80.2439886, 13.0870818], [80.2440862, 13.0869615], [80.2441452, 13.0868834], [80.2442055, 13.0868103], [80.2442923, 13.0867105], [80.2443096, 13.0866906], [80.2444085, 13.0865766], [80.2444212, 13.0865746], [80.2444688, 13.0865131], [80.2446125, 13.0863322], [80.2447583, 13.0864717], [80.2448513, 13.0865509], [80.2449441, 13.0865827], [80.2451215, 13.0866705], [80.2452625, 13.0867754], [80.2454007, 13.0868818], [80.2455056, 13.0869531], [80.2456502, 13.0870318], [80.2458103, 13.0871212], [80.245975, 13.0872167], [80.2461119, 13.0873103], [80.2462512, 13.0874531], [80.2463955, 13.0876343], [80.2465435, 13.0878438], [80.2467271, 13.0880732], [80.2468727, 13.0882378], [80.2470539, 13.0884022], [80.2472115, 13.0885716], [80.2473972, 13.0888299], [80.2475621, 13.0890729], [80.2475889, 13.0891284], [80.2476651, 13.0892265], [80.2477116, 13.0893261], [80.2478364, 13.0894573], [80.2479002, 13.0895246], [80.2481011, 13.0897364], [80.2483589, 13.0900925], [80.2484594, 13.0902838], [80.2486845, 13.0906667], [80.2488979, 13.0910407], [80.2490082, 13.0912404], [80.2490432, 13.09131], [80.2492175, 13.091663], [80.2491009, 13.0912941], [80.2492662, 13.0912485], [80.2494893, 13.0912347], [80.2497735, 13.0911901], [80.2500209, 13.0911685], [80.2502287, 13.0911511], [80.2505057, 13.0911209], [80.2507854, 13.0911047], [80.2509139, 13.0910944], [80.2510351, 13.0910806], [80.2510374, 13.0911136], [80.2510516, 13.0913154], [80.2510515, 13.0914798], [80.2510526, 13.091402], [80.2510524, 13.0913875], [80.2510524, 13.0913873], [80.2510522, 13.0913697], [80.2510517, 13.0913237], [80.2510517, 13.0913235], [80.2511226, 13.0912276], [80.2511226, 13.0912276], [80.251123, 13.0912296], [80.2511242, 13.0912312], [80.251138, 13.0912452], [80.2511451, 13.0912509], [80.251155, 13.091259], [80.2511734, 13.091271], [80.251199, 13.0912841], [80.2511991, 13.0912842], [80.2512009, 13.0912851], [80.2512041, 13.0912867], [80.2512044, 13.0912868], [80.2512246, 13.0912972], [80.2512495, 13.0913086], [80.2512769, 13.0913211], [80.2512802, 13.0913225], [80.2513302, 13.0913429], [80.2513504, 13.0913501], [80.2513844, 13.0913623], [80.2514517, 13.0913789], [80.2514859, 13.0913845], [80.2515204, 13.0913882], [80.251555, 13.09139], [80.2516092, 13.0913923], [80.2516287, 13.0913903], [80.251629, 13.0913902], [80.25163, 13.0913901], [80.2516305, 13.0913901], [80.2516305, 13.0913901], [80.2516591, 13.0913871], [80.2517493, 13.0913838], [80.2517496, 13.0913838], [80.2517499, 13.0913838], [80.2518157, 13.0913814], [80.2519565, 13.0913762], [80.2520058, 13.0913744], [80.2521016, 13.0913704], [80.2521249, 13.09137], [80.2521688, 13.0913692], [80.2522204, 13.0913684], [80.2523344, 13.0913667], [80.2524655, 13.0913644], [80.2526097, 13.0913618], [80.2527839, 13.0913638], [80.2528145, 13.0913642], [80.2528156, 13.0913643], [80.2528929, 13.0913732], [80.2529718, 13.0913792], [80.2529875, 13.0913803], [80.2529939, 13.0913819], [80.2530005, 13.091381], [80.2530641, 13.0913888], [80.2531292, 13.0913972], [80.2531851, 13.0914044], [80.253269, 13.0914152], [80.2533281, 13.0914228], [80.2534496, 13.0914385], [80.2535386, 13.09145], [80.2536982, 13.0914706], [80.2537281, 13.0914744], [80.2537294, 13.0914745], [80.2537525, 13.0914762], [80.2537718, 13.0914776], [80.2538157, 13.0914789], [80.2538596, 13.0914782], [80.2539034, 13.0914755], [80.2539372, 13.0914719], [80.2539471, 13.0914708], [80.2539823, 13.0914655], [80.2539904, 13.0914642], [80.2540061, 13.0914637], [80.2540216, 13.0914614], [80.2540367, 13.0914572], [80.2540512, 13.0914514], [80.2540649, 13.0914439], [80.2540776, 13.0914349], [80.2540892, 13.0914245], [80.2540934, 13.0914198], [80.2540994, 13.0914129], [80.2541081, 13.0914001], [80.2541156, 13.0913744], [80.2541176, 13.0913676], [80.2541226, 13.0913453], [80.2541251, 13.0913346], [80.2541272, 13.0913217], [80.2541305, 13.0913013], [80.254134, 13.0912676], [80.2541342, 13.0912676], [80.2541343, 13.0912651], [80.2541356, 13.0912342], [80.2541349, 13.0912004], [80.2541339, 13.091172], [80.2541342, 13.0911026], [80.2541357, 13.0910828], [80.254138, 13.0910538], [80.2541436, 13.0910133], [80.2541447, 13.0910053], [80.2541455, 13.0909915], [80.254148, 13.0909266], [80.2541494, 13.0908912], [80.2541533, 13.0907891], [80.254158, 13.0906685], [80.2536794, 13.0906328], [80.2536825, 13.0906065], [80.2537029, 13.0904299], [80.2541672, 13.0904996], [80.2541672, 13.0904995], [80.2541905, 13.0904055], [80.254208, 13.0903417], [80.2542124, 13.0903269], [80.2542361, 13.090246], [80.2542405, 13.0902319], [80.2542691, 13.0901405], [80.254272, 13.0901315], [80.2542881, 13.0900844], [80.2542975, 13.0900562], [80.2543179, 13.0899984], [80.2543308, 13.0899621], [80.2543345, 13.0899489], [80.2543376, 13.0899383], [80.2543704, 13.0898228], [80.2543837, 13.0897789], [80.2543877, 13.0897656], [80.2544009, 13.0897218], [80.2544035, 13.0897134], [80.2544123, 13.0896841], [80.2544463, 13.089578], [80.2544565, 13.0895461], [80.2544615, 13.0895313], [80.2544979, 13.0894236], [80.2545029, 13.0894088], [80.2545049, 13.0894017], [80.254505, 13.0894014], [80.2545176, 13.0893564], [80.2545201, 13.0893474], [80.254538, 13.0892832], [80.2545657, 13.0891834], [80.2546066, 13.0890304], [80.2546066, 13.0890304], [80.2546209, 13.0889776], [80.2546238, 13.0889669], [80.2546636, 13.0888086], [80.254702, 13.0886472], [80.2547053, 13.0886331], [80.2547143, 13.0885948], [80.2547199, 13.0885738], [80.2547635, 13.0884102], [80.2547967, 13.0882858], [80.2548014, 13.0882679], [80.2548015, 13.0882676], [80.2548125, 13.0882266], [80.2548397, 13.0881242], [80.2548699, 13.088011], [80.2549008, 13.0879266], [80.2549066, 13.0879109], [80.2549192, 13.0878766], [80.2549477, 13.0877985], [80.254976, 13.0876973], [80.2550095, 13.0875772], [80.255023, 13.0875286], [80.2550337, 13.0874903], [80.2550387, 13.0874724], [80.2550702, 13.0873595], [80.2550986, 13.0872571], [80.2551196, 13.0871812], [80.2551248, 13.0871626], [80.2551248, 13.0871624], [80.2551355, 13.0871239], [80.2551388, 13.0871118], [80.2551541, 13.0870568], [80.2551655, 13.0870158], [80.2551871, 13.0869348], [80.2552074, 13.0868584], [80.2552258, 13.0867889], [80.2552526, 13.0867359], [80.2552534, 13.0867345], [80.2552588, 13.0867139], [80.2552781, 13.0866412], [80.2552914, 13.0865912], [80.2553013, 13.0865538], [80.2553117, 13.0865147], [80.255321, 13.0864859], [80.2553368, 13.0864366], [80.2553415, 13.086422], [80.2553416, 13.0864214], [80.255348, 13.0863863], [80.2553482, 13.0863852], [80.2553673, 13.0863199], [80.2554345, 13.0860904], [80.255433, 13.0860794], [80.2555612, 13.0861301], [80.2555615, 13.0861303], [80.2559128, 13.0862606], [80.2560159, 13.0863121], [80.2560695, 13.0863375], [80.2561079, 13.0863515], [80.2561454, 13.0863652], [80.2561833, 13.0863791], [80.2562095, 13.0863888], [80.2562307, 13.0863965], [80.2562666, 13.0864097], [80.2562838, 13.086416], [80.2563073, 13.0864238], [80.2563213, 13.0864285], [80.2563439, 13.086436], [80.2563703, 13.0864448], [80.2564111, 13.0864583], [80.2564412, 13.0864684], [80.2564682, 13.0864774], [80.2564744, 13.0864794], [80.2564788, 13.0864823], [80.2564812, 13.0864869], [80.2564809, 13.0864919], [80.2564809, 13.0864921], [80.2565115, 13.0865105], [80.256535, 13.0865162], [80.2566047, 13.0865339], [80.2566542, 13.0865464], [80.2567089, 13.0865644], [80.2567392, 13.0865744], [80.2567829, 13.0865887], [80.2568058, 13.0865962], [80.2568384, 13.086607], [80.2568499, 13.0866114], [80.2568829, 13.0866241], [80.2569143, 13.0866361], [80.2569348, 13.086644], [80.2569502, 13.0866511], [80.2569529, 13.0866537], [80.2569558, 13.0866565], [80.2569574, 13.0866595], [80.2569568, 13.0866667], [80.2569563, 13.0866717], [80.2569495, 13.0866908], [80.256946, 13.0867005], [80.256931, 13.0867527], [80.2569253, 13.0867726], [80.2569081, 13.0868323], [80.2568955, 13.0868803], [80.2568825, 13.0869305], [80.2568784, 13.0869463], [80.2568667, 13.0869913], [80.256862, 13.0870081], [80.256855, 13.0870331], [80.2568425, 13.0870777], [80.2568234, 13.0871464], [80.2567995, 13.0872494], [80.2567992, 13.0872506], [80.2567945, 13.0872709], [80.2567857, 13.0873064], [80.2567776, 13.0873387], [80.2567699, 13.08737], [80.2567637, 13.0873951], [80.2567567, 13.0874215], [80.2567566, 13.0874216], [80.2567463, 13.0874608], [80.2567412, 13.0874799], [80.256731, 13.0875187], [80.2567302, 13.0875213], [80.2567302, 13.0875214], [80.2567166, 13.0875701], [80.2567017, 13.0876232], [80.2567013, 13.0876245], [80.2566918, 13.0876577], [80.2566917, 13.0876577], [80.2566917, 13.0876578], [80.2566778, 13.0877046], [80.2566688, 13.087735], [80.2566668, 13.0877417], [80.25666, 13.0877645], [80.2566471, 13.0878165], [80.2566412, 13.0878403], [80.2566343, 13.087868], [80.2566343, 13.087868], [80.2566336, 13.0878709], [80.2566335, 13.0878711], [80.2566208, 13.0879088], [80.2566208, 13.0879089], [80.2566108, 13.0879456], [80.2566108, 13.0879457], [80.2566069, 13.0879598], [80.2566069, 13.0879599], [80.2565889, 13.0880261], [80.2565686, 13.0881009], [80.2565608, 13.0881292], [80.2565426, 13.0881963], [80.2565227, 13.0882696], [80.2565226, 13.0882697], [80.2565098, 13.0883167], [80.2565002, 13.0883523], [80.2564996, 13.0883543], [80.2564909, 13.0883862], [80.2564909, 13.0883863], [80.25649, 13.0883884], [80.2565396, 13.0884597], [80.2565744, 13.0884691], [80.2565835, 13.0884716], [80.2566088, 13.0884785], [80.2566511, 13.08849], [80.2567083, 13.0885056], [80.2567263, 13.0885105], [80.2567733, 13.0885233], [80.2568203, 13.0885361], [80.2568613, 13.0885473], [80.2568689, 13.0885493], [80.2568752, 13.0885511], [80.2569281, 13.0885655], [80.2569591, 13.0885739], [80.2569592, 13.0885739], [80.2569874, 13.0885816], [80.2569924, 13.088583], [80.2570097, 13.0885876], [80.2570387, 13.0885953], [80.2570703, 13.088603], [80.2570736, 13.0886038], [80.2571122, 13.0886133], [80.2571461, 13.0886216], [80.257166, 13.0886265], [80.2571918, 13.0886329], [80.2572123, 13.0886379], [80.2572434, 13.0886455], [80.2572478, 13.0886466], [80.2572716, 13.0886525], [80.2573114, 13.0886622], [80.2573307, 13.0886669], [80.2573308, 13.0886669], [80.2573369, 13.0886684], [80.2573629, 13.0886746], [80.2573845, 13.0886798], [80.2573917, 13.0886816], [80.257407, 13.0886852], [80.2574177, 13.0886878], [80.2574389, 13.0886929], [80.2574502, 13.0886957], [80.2574687, 13.0887001], [80.2574756, 13.0887018], [80.257505, 13.0887089], [80.2575155, 13.0887114], [80.2575316, 13.0887153], [80.2575354, 13.0887162], [80.2575378, 13.0887174], [80.257539, 13.088719], [80.2575396, 13.0887209], [80.2575395, 13.0887228], [80.2575346, 13.088741], [80.2575156, 13.0888127], [80.2574908, 13.0889061], [80.2574776, 13.0889561], [80.2574523, 13.0890478], [80.257426, 13.0891432], [80.257419, 13.0891687], [80.2574015, 13.0892338], [80.2573645, 13.0893728], [80.2573645, 13.0893728], [80.2573598, 13.0893904], [80.2573293, 13.0895009], [80.2573197, 13.0895323], [80.2573013, 13.0895796], [80.2572989, 13.0895857], [80.2572811, 13.0896314], [80.2572652, 13.0896868], [80.2572615, 13.0896999], [80.2572506, 13.0897382], [80.2572466, 13.0897533], [80.2572367, 13.0897903], [80.2572187, 13.0898591], [80.2572023, 13.0899256], [80.2571986, 13.0899404], [80.257176, 13.0900233], [80.2571641, 13.0900665], [80.2571641, 13.0900667], [80.2571567, 13.0900938], [80.2571426, 13.090143], [80.2571425, 13.090143], [80.2571269, 13.0901972], [80.2571083, 13.0902613], [80.2571034, 13.0902772], [80.2570657, 13.0904006], [80.2570534, 13.0904419], [80.2570492, 13.090456], [80.2570472, 13.0904627], [80.2570267, 13.0905324], [80.2570217, 13.0905513], [80.2570155, 13.0905745], [80.257009, 13.0905995], [80.2569926, 13.0906623], [80.256974, 13.0907395], [80.2569711, 13.0907519], [80.2569644, 13.090756], [80.2569361, 13.0908042], [80.2569806, 13.0908311], [80.2569807, 13.0908311], [80.2569864, 13.0908318], [80.257006, 13.090836], [80.2571569, 13.0908548], [80.2572415, 13.0908654], [80.257296, 13.0908688], [80.2573844, 13.0908743], [80.2574112, 13.090876], [80.2574936, 13.0908811], [80.2575116, 13.0908822], [80.2575684, 13.0908857], [80.2576664, 13.0908877], [80.2577261, 13.090889], [80.2577654, 13.0908898], [80.2579624, 13.0908919], [80.2580158, 13.0908919], [80.2581534, 13.090892], [80.2581535, 13.090892], [80.2582359, 13.0908914], [80.2582385, 13.0908913], [80.2582901, 13.0908909], [80.2583072, 13.0908907], [80.2583239, 13.0908906], [80.2583396, 13.0908904], [80.258387, 13.0908906], [80.2584003, 13.0908907], [80.2584192, 13.0908909], [80.2584542, 13.0908912], [80.2584777, 13.0908914], [80.2584988, 13.0908916], [80.2585089, 13.0908917], [80.2585371, 13.090892], [80.2585633, 13.0908923], [80.258572, 13.0908923], [80.2586002, 13.0908926], [80.2586093, 13.0908927], [80.2586295, 13.0908929], [80.2586311, 13.0908929], [80.2586331, 13.0908933], [80.2586342, 13.090894], [80.2586348, 13.0908943], [80.258636, 13.0908959], [80.2586366, 13.0908978], [80.2586367, 13.0908978], [80.2587129, 13.0908934], [80.2587042, 13.090671], [80.2586983, 13.090533], [80.2586976, 13.0905165], [80.2586979, 13.0905145], [80.2586988, 13.0905128], [80.2587004, 13.0905115], [80.2587023, 13.0905109], [80.2587212, 13.0905104], [80.2588958, 13.090506], [80.2589384, 13.0905051], [80.2591144, 13.0905017], [80.2592425, 13.0904993], [80.2593639, 13.0904971], [80.2594432, 13.0904956], [80.2595773, 13.0904931], [80.2596021, 13.0904929], [80.2598028, 13.0904916], [80.2598338, 13.090493], [80.2599209, 13.0904969], [80.2599651, 13.0904989], [80.2599652, 13.0904989], [80.2600156, 13.0905012], [80.2600458, 13.0905025], [80.2600462, 13.0905025], [80.2601064, 13.0905053], [80.2601801, 13.0905086], [80.2602324, 13.0905109], [80.2602508, 13.0905117], [80.260345, 13.0905088], [80.2603682, 13.0905081], [80.2604901, 13.0905043], [80.2604903, 13.0905043], [80.2605236, 13.0905033], [80.2605625, 13.090502], [80.2606005, 13.0905009], [80.2606543, 13.0904992], [80.2606644, 13.0904989], [80.2606648, 13.0904989], [80.2606966, 13.0904979], [80.2607181, 13.0904972], [80.2607849, 13.0904928], [80.2608074, 13.0904913], [80.2609072, 13.0904847], [80.2609101, 13.0904845], [80.2610026, 13.0904783], [80.2610171, 13.0904774], [80.2610172, 13.0904774], [80.2610705, 13.0904738], [80.2610843, 13.0904729], [80.2610848, 13.0904729], [80.2610903, 13.0904725], [80.2611384, 13.0904674], [80.2612097, 13.0904599], [80.2612101, 13.0904599], [80.2612927, 13.0904512], [80.2612927, 13.0904512], [80.2612928, 13.0904512], [80.2613195, 13.0904484], [80.2613277, 13.0904477], [80.2613283, 13.0904477], [80.261389, 13.0904426], [80.2613892, 13.0904426], [80.261444, 13.0904381], [80.2615092, 13.0904327], [80.2615169, 13.0904321], [80.2615529, 13.0904291], [80.2616049, 13.0904248], [80.2616409, 13.0904219], [80.2616563, 13.0904206], [80.2616821, 13.0904199], [80.2617184, 13.0904188], [80.2617246, 13.0904187], [80.2617247, 13.0904186], [80.2617272, 13.0904186], [80.2617384, 13.0904183], [80.2617427, 13.0904181], [80.261745, 13.0904181], [80.2617525, 13.0904179], [80.2617561, 13.0904178], [80.2617582, 13.0904181], [80.2617898, 13.0904168], [80.2618189, 13.090416], [80.2618802, 13.0904143], [80.2619595, 13.090412], [80.2619952, 13.090411], [80.2620247, 13.0904101], [80.2621295, 13.0904038], [80.2621861, 13.0904004], [80.2621862, 13.0904004], [80.2621946, 13.0903999], [80.2622215, 13.0903975], [80.2622867, 13.0903915], [80.2622867, 13.0903915], [80.2623771, 13.0903833], [80.2625286, 13.0903696], [80.2625586, 13.0903669], [80.262679, 13.090356], [80.2627447, 13.0903519], [80.2627657, 13.0903507], [80.2627658, 13.0903506], [80.2629004, 13.0903424], [80.2629671, 13.0903383], [80.2630081, 13.0903358], [80.2631291, 13.090327], [80.263205, 13.0903195], [80.2632168, 13.0903183], [80.2632231, 13.0903177], [80.2632681, 13.0903103], [80.263408, 13.0902876], [80.2634215, 13.0902861], [80.2634261, 13.0902855], [80.2634506, 13.0902827], [80.2634931, 13.0902756], [80.2635057, 13.0902735], [80.2635558, 13.090264], [80.2635924, 13.0902571], [80.2636035, 13.0902552], [80.2636037, 13.0902552], [80.263645, 13.0902482], [80.2636694, 13.0902445], [80.263722, 13.0902367], [80.2637381, 13.0902348], [80.2637449, 13.090234], [80.2637561, 13.0902326], [80.2637853, 13.0902292], [80.2638034, 13.090227], [80.2638171, 13.0902258], [80.2638223, 13.0902254], [80.2638379, 13.0902237], [80.2639, 13.0902187], [80.2639455, 13.0902163], [80.2639456, 13.0902163], [80.2639769, 13.0902147], [80.2640067, 13.0902145], [80.2640079, 13.0902145], [80.2640688, 13.0902141], [80.264071, 13.0902141], [80.2641261, 13.0902137], [80.2641543, 13.0902133], [80.2642818, 13.0902119], [80.2643806, 13.0902086], [80.2644678, 13.0902058], [80.2644936, 13.090205], [80.2645781, 13.0902022], [80.2646212, 13.0902008], [80.2646427, 13.0901995], [80.264643, 13.0901995], [80.2646928, 13.0901966], [80.264746, 13.0901934], [80.2648628, 13.0901867], [80.2649957, 13.0901809], [80.2650649, 13.0901778], [80.265084, 13.090177], [80.2650915, 13.0901767], [80.2651264, 13.0901767], [80.2651613, 13.0901792], [80.2651959, 13.0901839], [80.2652302, 13.0901912], [80.2652421, 13.0901945], [80.2652638, 13.0902006], [80.2653254, 13.09009], [80.2653582, 13.0901102], [80.265377, 13.090126], [80.2653973, 13.09014], [80.2654189, 13.0901519], [80.2654417, 13.0901616], [80.2654653, 13.0901691], [80.2654895, 13.0901742], [80.2656753, 13.0902066], [80.2657287, 13.0902148], [80.2658207, 13.090229], [80.2659038, 13.0902653], [80.2659263, 13.0902752], [80.2659283, 13.0902769], [80.2659307, 13.0902782], [80.265931, 13.0902783], [80.2659341, 13.0902795], [80.2659378, 13.09028], [80.2660867, 13.0903036], [80.266156, 13.0903176], [80.2661713, 13.0903203], [80.2662258, 13.0903298], [80.2662958, 13.0903402], [80.2663661, 13.0903488], [80.266566, 13.0903742], [80.2666369, 13.0903839], [80.266723, 13.0903946], [80.2670088, 13.09043], [80.2670639, 13.0904368], [80.2671235, 13.0904441], [80.2674539, 13.0904845], [80.2676875, 13.0904966], [80.2678641, 13.0904978], [80.2678892, 13.090498], [80.2679421, 13.0904926], [80.2679422, 13.0904926], [80.2680706, 13.0904996], [80.2682576, 13.0905124], [80.2683597, 13.0905229], [80.2686485, 13.0905548], [80.2687526, 13.0905697], [80.268889, 13.090587], [80.2689249, 13.0905912], [80.2691788, 13.0906142], [80.2694591, 13.0907862], [80.2695416, 13.0908794], [80.2695414, 13.0908797], [80.2695361, 13.090888], [80.269518, 13.0909258], [80.2695153, 13.0909326], [80.2695149, 13.0909335], [80.2695137, 13.0909364], [80.2695131, 13.090938], [80.2695117, 13.0909415], [80.2695023, 13.0909646], [80.269489, 13.0910042], [80.2694782, 13.0910446], [80.2694767, 13.091052], [80.2694766, 13.0910527], [80.269476, 13.0910554], [80.2694757, 13.0910571], [80.2694699, 13.0910855], [80.2694687, 13.0911082], [80.2694686, 13.0911099], [80.2694686, 13.0911104], [80.2694666, 13.0911492], [80.2694666, 13.09115], [80.2694624, 13.0912317], [80.2694675, 13.0913024], [80.2694764, 13.0914259], [80.269477, 13.0914315], [80.2694802, 13.0914738], [80.2694818, 13.091495], [80.2694889, 13.0915639], [80.2694979, 13.0916327], [80.2695087, 13.0917012], [80.2695214, 13.0917693], [80.2695246, 13.0917898], [80.2695396, 13.0918827], [80.2695437, 13.0919083], [80.2695577, 13.0919953], [80.269563, 13.0920141], [80.2695701, 13.0920323], [80.2695788, 13.0920498], [80.269589, 13.0920661], [80.269589, 13.0920661], [80.269601, 13.0920817], [80.2696143, 13.0920962], [80.2696289, 13.0921094], [80.2696687, 13.0921386], [80.269681, 13.0921463], [80.2696816, 13.0921467], [80.2696818, 13.0921469], [80.2696938, 13.0921545], [80.2696985, 13.0921571], [80.2696987, 13.0921572], [80.2697089, 13.0921628], [80.2697089, 13.0921628], [80.2697095, 13.0921631], [80.2697096, 13.0921631], [80.2697198, 13.0921688], [80.2697467, 13.0921814], [80.2697744, 13.0921924], [80.2697991, 13.0922004], [80.2697993, 13.0922004], [80.2698027, 13.0922015], [80.2698307, 13.0922072], [80.269831, 13.0922073], [80.269859, 13.0922111], [80.2698763, 13.0922123], [80.2698876, 13.0922131], [80.2699159, 13.092215], [80.2699822, 13.0922194], [80.2700103, 13.0922212], [80.270127, 13.092229], [80.27017, 13.0922322], [80.270211, 13.0922345], [80.2703067, 13.0922439], [80.2704, 13.0922524], [80.2704784, 13.0922596], [80.2704812, 13.0922599], [80.2704921, 13.092261], [80.2705097, 13.0922625], [80.2705347, 13.0922656], [80.2705836, 13.0922709], [80.2707364, 13.0922879], [80.2707394, 13.0922883], [80.2707395, 13.0922883], [80.2708833, 13.0923044], [80.2709479, 13.0923195], [80.2710118, 13.092337], [80.2710749, 13.092357], [80.2711372, 13.0923794], [80.2712428, 13.0924205], [80.2713967, 13.0925083], [80.2715148, 13.0925806], [80.2716699, 13.0926929], [80.2718933, 13.0928742], [80.2720932, 13.0930375], [80.2721583, 13.0930905], [80.2722291, 13.0931485], [80.272367, 13.0932522], [80.2724431, 13.0933004], [80.2725096, 13.0933475], [80.2726506, 13.0934488], [80.2727255, 13.0934923], [80.2729261, 13.0936002], [80.2723159, 13.0948819], [80.2721118, 13.0953734], [80.271987, 13.0958192], [80.2737174, 13.0957138], [80.2740039, 13.0956875], [80.2740042, 13.0957098], [80.2740127, 13.0961871], [80.2740155, 13.09639], [80.2740229, 13.0967696], [80.2740334, 13.0969717], [80.2740331, 13.0970917], [80.2740262, 13.0972084], [80.27402, 13.0974985], [80.27402, 13.0979364], [80.2739908, 13.0985885], [80.2739054, 13.1002472], [80.2735383, 13.1015048], [80.2733179, 13.1022997], [80.2729628, 13.103581], [80.2729487, 13.1042603], [80.2728017, 13.1048298], [80.2726423, 13.1054705], [80.2723492, 13.1063008], [80.2721052, 13.1068938], [80.2720964, 13.1069106], [80.2720039, 13.1068272], [80.2716421, 13.1062741], [80.2715338, 13.1060423], [80.2714979, 13.105873], [80.2714804, 13.1056681], [80.2714445, 13.1054988], [80.2713903, 13.1054007], [80.2712817, 13.1052579], [80.2711869, 13.1051993], [80.2709525, 13.1049964], [80.2708323, 13.1048924], [80.270612, 13.1051878], [80.2704086, 13.1054816], [80.2703295, 13.1055838], [80.2701806, 13.1057579], [80.2700285, 13.1059148], [80.2696854, 13.1062503], [80.2696362, 13.1062969], [80.2694396, 13.1064837], [80.2691724, 13.1067373], [80.2689519, 13.1069473], [80.2686767, 13.1072103], [80.2681698, 13.1076607], [80.2677334, 13.108101], [80.2674168, 13.1083869], [80.267081, 13.108669], [80.2666913, 13.1089397], [80.2663364, 13.1091387], [80.2658777, 13.1093185], [80.2652688, 13.1094942], [80.2652199, 13.109646], [80.2626952, 13.1095733], [80.2622491, 13.1095779], [80.2620706, 13.109574], [80.261754, 13.1095697], [80.261534, 13.1095573], [80.2613097, 13.1095275], [80.2610546, 13.1094993], [80.2606451, 13.1094388], [80.2601693, 13.1093768], [80.2597707, 13.1093241], [80.2597698, 13.109324], [80.2596357, 13.1093063], [80.2590763, 13.1092407], [80.2587589, 13.1091961], [80.2583402, 13.1091444], [80.2580159, 13.1090989], [80.257206, 13.1089931], [80.2570678, 13.1089785], [80.256722, 13.1089339], [80.2559532, 13.1088343], [80.2555142, 13.1087763], [80.2545417, 13.1086483], [80.2533831, 13.1084978], [80.2523963, 13.10837], [80.2516918, 13.1082775], [80.2522391, 13.1083498], [80.2523917, 13.1083698], [80.2524048, 13.1086902], [80.252407, 13.1087749], [80.252409, 13.1088413], [80.252435, 13.1094423], [80.2524382, 13.1094923], [80.2524377, 13.1094949], [80.2524366, 13.1094965], [80.2524349, 13.1094976], [80.252433, 13.1094981], [80.2522256, 13.1095099], [80.2522251, 13.1095099], [80.2522231, 13.1095097], [80.2522213, 13.1095087], [80.25222, 13.1095073], [80.2522193, 13.1095054], [80.2522163, 13.1093964], [80.2522143, 13.1093238], [80.2522128, 13.1092695], [80.2522123, 13.1092496], [80.2521797, 13.109251], [80.2521816, 13.1092954], [80.2521845, 13.109362], [80.2521872, 13.1094263], [80.2521896, 13.1094805], [80.2521907, 13.1095065], [80.2521905, 13.1095079], [80.2521902, 13.1095089], [80.2521895, 13.1095101], [80.2521891, 13.1095106], [80.2521883, 13.1095111], [80.2521874, 13.1095117], [80.2521855, 13.1095122], [80.252081, 13.1095181], [80.2520831, 13.1095536], [80.2524353, 13.1095336], [80.2524357, 13.1095339], [80.2524359, 13.1095335], [80.2524379, 13.109534], [80.2524395, 13.1095351], [80.2524407, 13.1095367], [80.2524412, 13.1095386], [80.2524654, 13.109888], [80.2521874, 13.1098954], [80.2521923, 13.1099298], [80.2524653, 13.1099241], [80.2524725, 13.1102237], [80.252472, 13.1102252], [80.2524719, 13.1102256], [80.2524707, 13.1102272], [80.2524691, 13.1102282], [80.2524671, 13.1102286], [80.2521284, 13.1102346], [80.2521294, 13.1102875], [80.2524678, 13.1102815], [80.2524703, 13.110282], [80.2524719, 13.1102832], [80.252473, 13.1102849], [80.2524734, 13.1102868], [80.2524776, 13.1106298], [80.252483, 13.1107219], [80.2524901, 13.1108439], [80.2524902, 13.1108442], [80.2524902, 13.1108448], [80.2524901, 13.110845], [80.2524871, 13.1108484], [80.2521719, 13.1108702], [80.2521748, 13.1109108], [80.2524896, 13.1108894], [80.2524902, 13.1108894], [80.2524905, 13.1108898], [80.252493, 13.1108936], [80.2524983, 13.1109828], [80.2525109, 13.1113717], [80.2525138, 13.1114607], [80.2525143, 13.1114777], [80.2525324, 13.1118389], [80.2525399, 13.1121342], [80.2525416, 13.1121979], [80.252582, 13.1127239], [80.2525871, 13.1127908], [80.2525872, 13.1127909], [80.2525885, 13.1128086], [80.2525993, 13.1131327], [80.2526008, 13.1131785], [80.2526155, 13.1137034], [80.2526322, 13.114017], [80.252591, 13.1142124], [80.2526019, 13.1144658], [80.2526274, 13.1145698], [80.2525568, 13.114612], [80.2525174, 13.1146355], [80.2523912, 13.114711], [80.2523556, 13.1147315], [80.252317, 13.1147538], [80.251879, 13.1150064], [80.2514794, 13.11524], [80.2514603, 13.1152525], [80.2514525, 13.1152574], [80.2514433, 13.1152636], [80.2513778, 13.1153069], [80.251299, 13.115348], [80.2512908, 13.115352], [80.2512505, 13.1153714], [80.251219, 13.1153866], [80.2511544, 13.1154039], [80.2510893, 13.1154191], [80.2510237, 13.1154322], [80.2509577, 13.1154432], [80.2508913, 13.1154521], [80.2508244, 13.115459], [80.2507579, 13.1154635], [80.250691, 13.1154659], [80.2505808, 13.1154741], [80.2504704, 13.1154803], [80.2503599, 13.1154846], [80.2502494, 13.115487], [80.2501388, 13.1154875], [80.2500787, 13.1154866], [80.2499815, 13.1154836], [80.249903, 13.1154794], [80.2498246, 13.1154738], [80.2497922, 13.1154721], [80.2497153, 13.115468], [80.2496061, 13.1154613], [80.2495095, 13.1154575], [80.2494698, 13.1154559], [80.2493809, 13.1154524], [80.2492116, 13.1154385], [80.2491607, 13.1154344], [80.2488888, 13.1154121], [80.2488828, 13.1154116], [80.2486452, 13.1153856], [80.2485956, 13.1153825], [80.2484878, 13.1153747], [80.2483085, 13.1153666], [80.2482416, 13.1153635], [80.2481125, 13.1153512], [80.2480532, 13.1153456], [80.2479717, 13.1153512], [80.2479627, 13.1152638], [80.24796, 13.1152298], [80.2479264, 13.1148728], [80.2479253, 13.1148572], [80.2478983, 13.1144718], [80.2478883, 13.1143413], [80.2478713, 13.1141172], [80.2478448, 13.1137848], [80.2478356, 13.1136065], [80.2477961, 13.1134817], [80.2477997, 13.1134877], [80.247805, 13.1134922], [80.2478115, 13.1134948], [80.2478185, 13.1134952], [80.2478253, 13.1134934], [80.247911, 13.1134595], [80.2479975, 13.1134277], [80.2480848, 13.113398], [80.2481184, 13.1133881], [80.2483326, 13.1133253], [80.248373, 13.1133131], [80.2483748, 13.1133122], [80.2483761, 13.1133107], [80.2483768, 13.1133089], [80.2483768, 13.1133073], [80.2483321, 13.1129067], [80.2483201, 13.1128277], [80.24832, 13.1128273], [80.2483192, 13.1128254], [80.2483177, 13.112824], [80.2483159, 13.1128232], [80.2483139, 13.1128231], [80.2483123, 13.1128233], [80.2483057, 13.1127703], [80.2481202, 13.1127968], [80.2480337, 13.1128092], [80.2480277, 13.1128098], [80.2479227, 13.1128211], [80.2478955, 13.112825], [80.2478261, 13.1128348], [80.2477093, 13.112853], [80.24769, 13.112856], [80.2476872, 13.1128563], [80.247648, 13.1128609], [80.2475511, 13.1128745], [80.2474819, 13.1128869], [80.2474543, 13.1128914], [80.2474534, 13.1128915], [80.2474516, 13.1128916], [80.2473949, 13.1128943], [80.2473911, 13.1128955], [80.2473535, 13.112906], [80.2473153, 13.1129142], [80.2472767, 13.1129203], [80.2472304, 13.1129273], [80.247008, 13.1129508], [80.2466711, 13.1129703], [80.2463642, 13.1129742], [80.2461382, 13.1129741], [80.2460321, 13.1129741], [80.2457208, 13.1129817], [80.2453286, 13.1129952], [80.2449883, 13.1130062], [80.2447654, 13.1130152], [80.2444006, 13.1130327], [80.2443577, 13.1130352], [80.2443202, 13.1130374], [80.2438153, 13.1130666], [80.243612, 13.1130852], [80.24361, 13.1130851], [80.2435463, 13.1131117], [80.2435538, 13.1131635], [80.2435648, 13.1132401], [80.2436259, 13.1135853], [80.2436703, 13.113798], [80.2436704, 13.113799], [80.2436762, 13.1138262], [80.2436762, 13.1138264], [80.2437132, 13.1140034], [80.2437477, 13.1141388], [80.2437586, 13.1141813], [80.2437809, 13.1142688], [80.2438718, 13.1146407], [80.2438886, 13.1146929], [80.2439006, 13.1147301], [80.2439897, 13.1150066], [80.2440675, 13.1152184], [80.2441411, 13.1154612], [80.2441516, 13.1154957], [80.2441984, 13.1156625], [80.2442457, 13.1157848], [80.2442478, 13.1157926], [80.2442481, 13.1157935], [80.24425, 13.11605], [80.2442529, 13.1161421], [80.2442551, 13.1162138], [80.2442637, 13.1163333], [80.244267, 13.1163669], [80.2442691, 13.116391], [80.2442691, 13.1163991], [80.2442671, 13.1164071], [80.2442631, 13.1164143], [80.2442574, 13.1164202], [80.2442504, 13.1164247], [80.2442425, 13.1164272], [80.2442342, 13.1164278], [80.2442265, 13.1164279], [80.2442192, 13.1164302], [80.2442129, 13.1164346], [80.2442083, 13.1164406], [80.2442056, 13.1164477], [80.2442052, 13.1164552], [80.2442071, 13.1164625], [80.2442505, 13.1167107], [80.2443317, 13.1167793], [80.2443337, 13.1167794], [80.2443355, 13.1167801], [80.244337, 13.1167815], [80.2443379, 13.1167832], [80.244338, 13.1167837], [80.2443724, 13.1169674], [80.2444269, 13.1173437], [80.2444843, 13.1176798], [80.2444951, 13.1177383], [80.2444952, 13.1177387], [80.2445909, 13.1181964], [80.2446412, 13.1183964], [80.2446534, 13.118445], [80.2446535, 13.1184453], [80.2446578, 13.1184622], [80.2447184, 13.1187109], [80.2447509, 13.1188437], [80.244817, 13.1191659], [80.2448923, 13.1191319], [80.2448926, 13.1191329], [80.2448936, 13.1191345], [80.2448953, 13.1191357], [80.2448972, 13.1191363], [80.2448992, 13.1191361], [80.2453351, 13.1190154], [80.2454038, 13.1190033], [80.2455975, 13.1189674], [80.2456012, 13.1189671], [80.2456048, 13.1189675], [80.2456083, 13.1189686], [80.2456115, 13.1189704], [80.2456143, 13.1189728], [80.2456166, 13.1189756], [80.2456182, 13.1189789], [80.2456186, 13.11898], [80.245702, 13.1192536], [80.245703, 13.1192561], [80.2457049, 13.1192592], [80.2457074, 13.1192618], [80.2457103, 13.119264], [80.2457137, 13.1192655], [80.2457173, 13.1192663], [80.2457209, 13.1192664], [80.2457246, 13.1192658], [80.2457893, 13.1192485], [80.2458493, 13.1192344], [80.2459098, 13.1192222], [80.2459492, 13.1192156], [80.2459706, 13.119212], [80.2459778, 13.1192125], [80.2459845, 13.1192153], [80.2459899, 13.1192201], [80.246, 13.1192589], [80.2460211, 13.1194067], [80.2460237, 13.1194194], [80.2460717, 13.119622], [80.2460729, 13.1196281], [80.2460723, 13.1196343], [80.2460698, 13.11964], [80.2460656, 13.1196446], [80.2460602, 13.1196479], [80.2460405, 13.1196535], [80.2460013, 13.1196646], [80.2459419, 13.1196794], [80.2458821, 13.1196924], [80.2458218, 13.1197036], [80.2456546, 13.119744], [80.2456032, 13.1197564], [80.2452991, 13.1198243], [80.2450725, 13.1198811], [80.2450706, 13.1198819], [80.2450692, 13.1198834], [80.2450684, 13.1198852], [80.2450684, 13.1198871], [80.2450684, 13.1198876], [80.2450719, 13.1199022], [80.2451147, 13.1202727], [80.245119, 13.1203871], [80.2451401, 13.1205351], [80.2451419, 13.1205386], [80.2451436, 13.1205396], [80.2451458, 13.12054], [80.2451458, 13.1205714], [80.2453951, 13.1205652], [80.2454846, 13.1209955], [80.2455714, 13.1213622], [80.2455786, 13.1213807], [80.2455875, 13.1214006], [80.2455987, 13.1214198], [80.2456046, 13.1214256], [80.2456231, 13.1214538], [80.2456404, 13.1214864], [80.2456475, 13.121501], [80.2457299, 13.1218292], [80.24573, 13.1218298], [80.245739, 13.121871], [80.2458128, 13.1222466], [80.2458128, 13.1222466], [80.2458108, 13.1222499], [80.245809, 13.1222508], [80.2458078, 13.1222511], [80.2458499, 13.1225012], [80.2457319, 13.122498], [80.2456282, 13.1225107], [80.245588, 13.1225144], [80.2454258, 13.1225602], [80.2453987, 13.1225784], [80.2451954, 13.1227946], [80.2452861, 13.1230753], [80.2452982, 13.1231033], [80.2452932, 13.1230984], [80.2452869, 13.1230951], [80.2452799, 13.1230938], [80.2452728, 13.1230946], [80.2452535, 13.1230946], [80.2452344, 13.1230964], [80.2452155, 13.1231], [80.245197, 13.1231054], [80.2451792, 13.1231125], [80.2450678, 13.1231446], [80.2449572, 13.1231791], [80.2448474, 13.1232162], [80.2449006, 13.1232594], [80.2449057, 13.1232752], [80.2447998, 13.1233083], [80.2447908, 13.1233124], [80.2447828, 13.1233177], [80.2447758, 13.1233242], [80.24477, 13.1233317], [80.2447651, 13.1233404], [80.2447379, 13.1234045], [80.2446945, 13.1235379], [80.2446726, 13.1236254], [80.2446725, 13.1236273], [80.2446744, 13.1236308], [80.244678, 13.1236321], [80.2446506, 13.1236705], [80.2437274, 13.1262963], [80.2437152, 13.1263307], [80.2437133, 13.1263312], [80.2437117, 13.1263323], [80.2437104, 13.1263342], [80.2436617, 13.1264647], [80.2435721, 13.1267793], [80.2434789, 13.1270581], [80.243464, 13.1270988], [80.2434231, 13.1272106], [80.2434157, 13.1272199], [80.2433997, 13.1272329], [80.2433984, 13.1272344], [80.2433978, 13.1272359], [80.2433795, 13.1272433], [80.2433795, 13.1272432], [80.2433796, 13.1272412], [80.2433789, 13.1272394], [80.2433775, 13.1272379], [80.2433758, 13.127237], [80.2433738, 13.1272367], [80.2433721, 13.1272368], [80.2432348, 13.1271966], [80.2430487, 13.127136], [80.2429042, 13.1271039], [80.2427785, 13.1270759], [80.2427549, 13.1271691], [80.2427274, 13.1272903], [80.2427214, 13.1273535], [80.2427183, 13.1273954], [80.2427209, 13.1274475], [80.2427333, 13.1276434], [80.242713, 13.127645], [80.2427006, 13.1274486], [80.242698, 13.1273958], [80.2426983, 13.1273429], [80.2427016, 13.1272902], [80.2427271, 13.1271591], [80.2426298, 13.1271721], [80.2424429, 13.1271971], [80.2424162, 13.1271888], [80.2424344, 13.1271328], [80.2424712, 13.1270159], [80.2424828, 13.1269791], [80.242515, 13.1268809], [80.2425152, 13.1268794], [80.2425149, 13.1268775], [80.2425139, 13.1268758], [80.2425124, 13.1268745], [80.2425105, 13.1268739], [80.2425085, 13.1268739], [80.2424488, 13.1268869], [80.2422653, 13.1269193], [80.2422297, 13.1269239], [80.2419604, 13.126959], [80.2418188, 13.126989], [80.2417733, 13.1269932], [80.2417615, 13.1269934], [80.2417206, 13.1269918], [80.2416799, 13.1269875], [80.2416395, 13.1269807], [80.241481, 13.1269421], [80.241479, 13.126942], [80.2414746, 13.1269411], [80.2413762, 13.1269221], [80.2413794, 13.1267672], [80.2413797, 13.1267332], [80.2413829, 13.1266994], [80.2413889, 13.126666], [80.2414699, 13.1262929], [80.2415486, 13.125964], [80.2416067, 13.1257338], [80.241688, 13.125401], [80.2417396, 13.1251799], [80.2417531, 13.1251224], [80.2418087, 13.1248603], [80.2418849, 13.1245218], [80.2419457, 13.124254], [80.2419864, 13.1240748], [80.2420702, 13.1236564], [80.2420834, 13.1235904], [80.2420964, 13.1235254], [80.242169, 13.1231857], [80.2422646, 13.1228603], [80.2424322, 13.1222717], [80.2393836, 13.1225622], [80.2387673, 13.1223845], [80.238684, 13.1223727], [80.2386226, 13.1223822], [80.2385902, 13.1223877], [80.238557, 13.1223971], [80.238529, 13.1224073], [80.2384265, 13.1224449], [80.2383521, 13.1224721], [80.2382733, 13.122501], [80.2381821, 13.1225344], [80.2381087, 13.122561], [80.238014, 13.1225952], [80.2379411, 13.1226215], [80.2378258, 13.1226632], [80.2377792, 13.122677], [80.2377448, 13.1226856], [80.2376967, 13.1226961], [80.2376596, 13.1227027], [80.2376074, 13.12271], [80.2375762, 13.1227133], [80.237544, 13.1227158], [80.237539, 13.1227202], [80.2375062, 13.1227043], [80.237508, 13.1226642], [80.2375046, 13.1226329], [80.2374999, 13.1226083], [80.237491, 13.1225519], [80.2374852, 13.1224935], [80.2374825, 13.1224404], [80.2374819, 13.1224212], [80.2374787, 13.1224164], [80.2374355, 13.1223969], [80.2373998, 13.1223807], [80.237372, 13.1223737], [80.2373598, 13.1223727], [80.2373272, 13.1223729], [80.237308, 13.1223774], [80.237307, 13.1223825], [80.2373348, 13.1224672], [80.2373623, 13.122551], [80.2373815, 13.1226097], [80.2373785, 13.1226163], [80.237351, 13.1226284], [80.2372784, 13.1226601], [80.2371903, 13.1226992], [80.2371903, 13.1226992], [80.2370899, 13.1227444], [80.2370289, 13.1227718], [80.2369829, 13.1227925], [80.2368029, 13.1228629], [80.236763, 13.1228778], [80.236669, 13.1229128], [80.2366185, 13.1229211], [80.2365753, 13.1229283], [80.236549, 13.1229327], [80.2365235, 13.1229369], [80.2365203, 13.1229375], [80.2365115, 13.1229373], [80.2365032, 13.1229344], [80.2364984, 13.1229312], [80.2364912, 13.1229222], [80.236443, 13.1227894], [80.2364425, 13.1227879], [80.2364406, 13.1227853], [80.2364388, 13.1227845], [80.2364348, 13.1227848], [80.2364237, 13.1227902], [80.2363648, 13.1228187], [80.2363593, 13.1228214], [80.2363413, 13.1228266], [80.236317, 13.1228336], [80.2362646, 13.122847], [80.2362645, 13.122847], [80.2362228, 13.1228561], [80.2362227, 13.1228561], [80.2361875, 13.1228628], [80.236166, 13.1228667], [80.2361295, 13.1228721], [80.2361295, 13.1228721], [80.2360928, 13.1228767], [80.2360536, 13.1228807], [80.2359938, 13.1228849], [80.2359212, 13.1228897], [80.235832, 13.1228949], [80.2358319, 13.1228949], [80.2357611, 13.1228984], [80.2356696, 13.1229015], [80.2355582, 13.1229051], [80.2355262, 13.1229061], [80.2354972, 13.122907], [80.2354064, 13.1229162], [80.2353817, 13.1229187], [80.2353148, 13.1229208], [80.2352388, 13.1229233], [80.235143, 13.1229233], [80.2350838, 13.1229232], [80.2350506, 13.1229296], [80.2350229, 13.1229351], [80.2350088, 13.1229357], [80.2349685, 13.1229337], [80.2347278, 13.1229217], [80.2346173, 13.1229158], [80.2344769, 13.1229079], [80.234451, 13.1229075], [80.2344033, 13.122911], [80.2343134, 13.1229177], [80.2342513, 13.1229249], [80.2341932, 13.1229316], [80.234085, 13.1229441], [80.2339852, 13.1229625], [80.2339015, 13.122978], [80.2338751, 13.1229834], [80.2338432, 13.122984], [80.2338275, 13.1229812], [80.2338171, 13.1229775], [80.2337603, 13.1229569], [80.2337314, 13.1229492], [80.2336977, 13.1229431], [80.2336687, 13.1229396], [80.2336412, 13.1229378], [80.2335985, 13.1229389], [80.2334956, 13.122949], [80.233339, 13.1229669], [80.2332744, 13.1229756], [80.2332103, 13.1229841], [80.2331542, 13.1229919], [80.2330491, 13.1230066], [80.2330181, 13.1230118], [80.2329956, 13.1230157], [80.2329827, 13.1230171], [80.2329702, 13.1230207], [80.2329636, 13.123024], [80.2329586, 13.1230264], [80.2329482, 13.1230341], [80.2329393, 13.1230434], [80.2329323, 13.1230541], [80.2329241, 13.1230812], [80.232918, 13.1231089], [80.2329171, 13.1231152], [80.2329141, 13.123137], [80.2329135, 13.1231441], [80.2329129, 13.1231522], [80.2329109, 13.1231646], [80.2328992, 13.1232361], [80.232895, 13.1232618], [80.2328882, 13.1232873], [80.2328793, 13.1233106], [80.2327797, 13.1235515], [80.2326425, 13.1238586], [80.2325431, 13.1240573], [80.2325258, 13.1240977], [80.2325257, 13.1241016], [80.2325282, 13.1241046], [80.2325301, 13.1241052], [80.2325946, 13.1241066], [80.2327843, 13.124104], [80.2328789, 13.124102], [80.2328809, 13.1241338], [80.2328847, 13.1242272], [80.2328859, 13.1242578], [80.232897, 13.1243697], [80.232908, 13.1244878], [80.2329289, 13.1246453], [80.2329544, 13.1247726], [80.2329813, 13.1248989], [80.2330046, 13.1250276], [80.2330253, 13.1251265], [80.2330534, 13.125273], [80.2330698, 13.1253988], [80.2330713, 13.1254081], [80.2330913, 13.1255233], [80.2331109, 13.1256604], [80.2331267, 13.1257903], [80.2331427, 13.1259404], [80.2331586, 13.126093], [80.2331639, 13.1262133], [80.2331551, 13.1262837], [80.2331547, 13.1262836], [80.2331541, 13.1263566], [80.2326547, 13.1264661], [80.2326146, 13.1264538], [80.2322322, 13.1263616], [80.2320854, 13.1263555], [80.2318529, 13.1263438], [80.2317135, 13.1263404], [80.2315619, 13.1263293], [80.231511, 13.1263263], [80.2313289, 13.1263287], [80.2295323, 13.1262097], [80.2292803, 13.1261849], [80.2291072, 13.1261706], [80.2290712, 13.1261999], [80.2290315, 13.1261966], [80.2290312, 13.1261966], [80.2289627, 13.1261909], [80.2287347, 13.1261769], [80.2285674, 13.1261717], [80.2285654, 13.126172], [80.2285637, 13.126173], [80.2285624, 13.1261745], [80.2285265, 13.1261704], [80.2284019, 13.1261665], [80.2281242, 13.1261608], [80.2278423, 13.1261706], [80.2277482, 13.1261778], [80.2277407, 13.1261807], [80.2277343, 13.1261855], [80.2277294, 13.1261918], [80.2277263, 13.1261991], [80.2277253, 13.1262069], [80.2277264, 13.1262147], [80.2277332, 13.1262237], [80.2277415, 13.1262315], [80.2277511, 13.1262376], [80.2277616, 13.1262421], [80.2277697, 13.1262497], [80.2277759, 13.1262589], [80.2277797, 13.1262693], [80.2277117, 13.1263891], [80.227658, 13.1263529], [80.2273376, 13.1261572], [80.22679, 13.1258418], [80.2267014, 13.1257912], [80.2266996, 13.1257905], [80.2266916, 13.1257892], [80.2266826, 13.12579], [80.2266741, 13.1257932], [80.2266668, 13.1257984], [80.2266575, 13.1258135], [80.2266567, 13.12606], [80.226659, 13.1260727], [80.2266634, 13.126085], [80.2266696, 13.1260964], [80.2266777, 13.1261066], [80.2266872, 13.126115], [80.2265861, 13.1261193], [80.2264948, 13.126118], [80.226293, 13.1261137], [80.226265, 13.1261136], [80.2262184, 13.1261134], [80.2261171, 13.126113], [80.2259143, 13.1261111], [80.2258285, 13.1261101], [80.2257936, 13.1261191], [80.2253, 13.1262464], [80.2252632, 13.1262497], [80.2249459, 13.1262563], [80.2249315, 13.1262566], [80.2249314, 13.1262572], [80.2249215, 13.1264431], [80.2249224, 13.1264658], [80.2249234, 13.1265312], [80.2249234, 13.1265508], [80.2249208, 13.1266046], [80.2249158, 13.1266583], [80.2248942, 13.126845], [80.2248646, 13.1271755], [80.2248501, 13.1272951], [80.2248385, 13.127415], [80.2248297, 13.1275351], [80.2248208, 13.1276495], [80.2248031, 13.1278454], [80.2247937, 13.1280008], [80.2247901, 13.1280389], [80.224785, 13.1280929], [80.2247491, 13.1284713], [80.2247371, 13.1285973], [80.2247269, 13.1287237], [80.2247039, 13.1293268], [80.2246248, 13.1293737], [80.2242948, 13.1294791], [80.2242087, 13.1294389], [80.2240671, 13.1294976], [80.2238968, 13.12954], [80.2237179, 13.1296336], [80.223622, 13.129684], [80.2234884, 13.1297617], [80.2232776, 13.1298419], [80.2227927, 13.1298736], [80.222723, 13.1298726], [80.2227175, 13.1298778], [80.2227125, 13.1298651], [80.2221705, 13.1299071], [80.2218326, 13.1299743], [80.2216516, 13.1299704], [80.2211062, 13.1300285], [80.2191007, 13.1299778], [80.2185861, 13.1299689], [80.2181433, 13.1300982], [80.2178101, 13.1303429], [80.2176749, 13.1303867], [80.2176562, 13.1303945], [80.2174771, 13.1304716], [80.2173443, 13.1305261], [80.2171195, 13.1306458], [80.2170745, 13.1306663], [80.2169793, 13.1307026], [80.2169136, 13.1307231], [80.2168316, 13.13074], [80.2165266, 13.130801], [80.2163571, 13.130832], [80.2161706, 13.1308543], [80.216102, 13.1308572], [80.2159674, 13.1308358], [80.2157021, 13.1308385], [80.2154103, 13.1308537], [80.2151686, 13.130869], [80.2149366, 13.1308723], [80.2147651, 13.1308508], [80.2146789, 13.1308308], [80.2146087, 13.1307993], [80.2145902, 13.1307883], [80.2145448, 13.1307553], [80.2145043, 13.1307167], [80.214494, 13.130705], [80.2144878, 13.1306977], [80.2144098, 13.1305628], [80.2143788, 13.1305162], [80.2143645, 13.1304983], [80.2142676, 13.1303826], [80.2142396, 13.1303524], [80.2141964, 13.130315], [80.2141516, 13.1302852], [80.2139465, 13.1302734], [80.2137117, 13.1302598], [80.2132671, 13.1304264]], [[80.2132094, 13.1101658], [80.2130646, 13.1101939], [80.2129987, 13.1102077], [80.2129968, 13.1102084], [80.2129954, 13.1102098], [80.2129945, 13.1102116], [80.2129944, 13.1102135], [80.2129945, 13.1102145], [80.2132094, 13.1101658], [80.2133773, 13.110146], [80.213373, 13.1101446], [80.2132094, 13.1101658]]]}}, {"type": "Feature", "properties": {"zone": "VII", "zone_name": "AMBATTUR", "region": "Central"}, "geometry": {"type": "Polygon", "coordinates": [[[80.17288, 13.081425], [80.1730619, 13.0813646], [80.1730767, 13.0813154], [80.1730912, 13.0812711], [80.1731055, 13.0812273], [80.1731322, 13.0811458], [80.1731405, 13.0811204], [80.1731454, 13.0811052], [80.1731529, 13.0810825], [80.1732007, 13.0809297], [80.1732093, 13.0809021], [80.1733023, 13.0806049], [80.1733143, 13.0805664], [80.1733317, 13.0805108], [80.1733356, 13.0804984], [80.1734284, 13.0802016], [80.1734491, 13.0801353], [80.1734666, 13.0800795], [80.1734656, 13.0800792], [80.1734684, 13.0800738], [80.1734698, 13.0800709], [80.1734693, 13.0800707], [80.1735013, 13.0799685], [80.1735295, 13.0798784], [80.173535, 13.0798605], [80.173535, 13.079861], [80.1735398, 13.0798455], [80.1735399, 13.0798611], [80.1735456, 13.0798425], [80.1735722, 13.079756], [80.1736253, 13.0795831], [80.1736314, 13.0795826], [80.1736311, 13.079478], [80.1736287, 13.0787416], [80.1737057, 13.07836], [80.1738095, 13.0783483], [80.1740166, 13.0776625], [80.1740967, 13.0776211], [80.1740772, 13.0770941], [80.1741176, 13.0766212], [80.1742308, 13.0759621], [80.1741764, 13.0758031], [80.1744203, 13.075654], [80.1745077, 13.0755489], [80.1752076, 13.0749998], [80.1753023, 13.0748581], [80.1762279, 13.0743045], [80.176317, 13.0740616], [80.176233, 13.0738051], [80.1762619, 13.0737089], [80.1761995, 13.0735077], [80.1769826, 13.0733289], [80.1771394, 13.0728764], [80.1771778, 13.0726742], [80.1771276, 13.0720984], [80.1777382, 13.0722569], [80.1795342, 13.0723273], [80.1808593, 13.0726006], [80.1812057, 13.0726208], [80.1850858, 13.0730078], [80.1862256, 13.0728794], [80.1867351, 13.0729117], [80.1873002, 13.073179], [80.1877978, 13.0734544], [80.1884837, 13.0737796], [80.1901578, 13.073489], [80.1902435, 13.0735722], [80.190306, 13.0736328], [80.1903389, 13.0736647], [80.1906457, 13.0739532], [80.1906891, 13.0739947], [80.1907341, 13.0740345], [80.1907806, 13.0740724], [80.1908287, 13.0741086], [80.1908782, 13.0741429], [80.190929, 13.0741752], [80.1909659, 13.0741923], [80.1910037, 13.0742075], [80.1910127, 13.0742105], [80.1910312, 13.0742168], [80.1910348, 13.0742207], [80.1910975, 13.0742361], [80.1911214, 13.0742406], [80.1912102, 13.0742489], [80.1912993, 13.0742546], [80.1913886, 13.0742578], [80.1914779, 13.0742585], [80.1915672, 13.0742568], [80.1918279, 13.0742488], [80.1921724, 13.0742421], [80.1921761, 13.0742435], [80.192178, 13.0742469], [80.1921935, 13.0743726], [80.1922246, 13.0746258], [80.19223, 13.0746774], [80.192238, 13.0747287], [80.1922485, 13.0747796], [80.1923032, 13.0750226], [80.1923792, 13.075385], [80.1924712, 13.0757854], [80.1924899, 13.0758939], [80.1925053, 13.0760549], [80.192513, 13.0761371], [80.1925432, 13.0761344], [80.1929836, 13.0758248], [80.1929959, 13.0758224], [80.1930473, 13.0758122], [80.1931114, 13.0758019], [80.1931758, 13.075794], [80.1933365, 13.0757921], [80.1935081, 13.0757829], [80.1936846, 13.0757725], [80.1938199, 13.0757708], [80.193962, 13.0757689], [80.1941665, 13.0757572], [80.1942013, 13.0757549], [80.1942358, 13.0757503], [80.1942699, 13.0757436], [80.194344, 13.0757257], [80.1944174, 13.0757051], [80.1944845, 13.0756829], [80.1945021, 13.0756743], [80.1945119, 13.0756641], [80.1945201, 13.0756527], [80.1945262, 13.0756401], [80.1945298, 13.0756266], [80.1945835, 13.0753949], [80.1946145, 13.0752706], [80.1946164, 13.0752543], [80.1946162, 13.0752379], [80.1946139, 13.0752217], [80.1946095, 13.0752059], [80.194607, 13.0751999], [80.1946032, 13.0751908], [80.1945945, 13.0751684], [80.1945881, 13.0751453], [80.1945841, 13.0751217], [80.1945824, 13.0750978], [80.1945832, 13.0750739], [80.1945839, 13.0750736], [80.1945955, 13.0748578], [80.1946025, 13.0747826], [80.1946142, 13.0747704], [80.1946219, 13.0747666], [80.1946303, 13.0747646], [80.1946389, 13.0747646], [80.1946759, 13.0747741], [80.1947512, 13.0747881], [80.1947893, 13.0747924], [80.1948254, 13.0747948], [80.194829, 13.0747963], [80.1948512, 13.0748179], [80.1948834, 13.0748491], [80.1949032, 13.0748646], [80.1949405, 13.0748937], [80.1949987, 13.0749368], [80.1949985, 13.0749371], [80.195058, 13.0749783], [80.1951757, 13.0750444], [80.1952949, 13.0751079], [80.1954155, 13.0751687], [80.1954811, 13.0751956], [80.1955476, 13.0752207], [80.1956147, 13.075244], [80.1956825, 13.0752653], [80.196169, 13.0753926], [80.1962044, 13.0754003], [80.1962506, 13.0754104], [80.1964877, 13.0754623], [80.1967662, 13.07552], [80.1970338, 13.0755789], [80.1971325, 13.0756048], [80.1971693, 13.0756152], [80.1973537, 13.0756629], [80.197509, 13.0757091], [80.1975835, 13.0757313], [80.1976233, 13.0757433], [80.1976249, 13.0757441], [80.1976263, 13.0757455], [80.1976271, 13.0757473], [80.1976272, 13.0757492], [80.1976263, 13.075751], [80.1976237, 13.0757559], [80.197613, 13.0757765], [80.1976039, 13.0757983], [80.1975969, 13.0758265], [80.1975924, 13.0758539], [80.1975899, 13.0758815], [80.1975896, 13.0759093], [80.1975935, 13.0759576], [80.1976187, 13.0761491], [80.1976558, 13.0764084], [80.1976821, 13.0766094], [80.1977089, 13.0768035], [80.1977175, 13.0768834], [80.1977354, 13.0770048], [80.1977535, 13.0771012], [80.1977558, 13.0771173], [80.1977925, 13.0773697], [80.1978091, 13.0775233], [80.1978101, 13.0775323], [80.1978111, 13.0775413], [80.1978149, 13.0775771], [80.1978262, 13.0776416], [80.1978362, 13.0776996], [80.1978554, 13.0777612], [80.1978719, 13.0778235], [80.1978856, 13.0778864], [80.197912, 13.0780471], [80.1979372, 13.0782219], [80.1979864, 13.0785432], [80.1980092, 13.0786788], [80.1980742, 13.0791396], [80.1980759, 13.0791514], [80.1980811, 13.0792058], [80.1980896, 13.0793188], [80.1980966, 13.079438], [80.1981019, 13.0795161], [80.1981078, 13.0795702], [80.1981176, 13.0796294], [80.1981174, 13.0796716], [80.1981251, 13.0797379], [80.1981407, 13.0798553], [80.1981595, 13.079973], [80.1981951, 13.0802446], [80.1982128, 13.0803862], [80.1982227, 13.0804506], [80.1982459, 13.080641], [80.1982603, 13.0807333], [80.1982685, 13.0807745], [80.1982907, 13.0808411], [80.198301, 13.080869], [80.1983071, 13.0808817], [80.1983126, 13.0808933], [80.1983213, 13.0809106], [80.1983318, 13.0809271], [80.1983426, 13.0809406], [80.1984463, 13.0810814], [80.1984471, 13.0810829], [80.1984474, 13.0810849], [80.1984341, 13.0813802], [80.1984322, 13.0814402], [80.198429, 13.0815405], [80.1984162, 13.0819444], [80.1984171, 13.0821553], [80.1984352, 13.0826157], [80.198435, 13.0827025], [80.1984348, 13.0828241], [80.1984347, 13.0829092], [80.1984317, 13.0829174], [80.1984272, 13.0829236], [80.1984212, 13.0829286], [80.1984142, 13.082932], [80.1984066, 13.0829337], [80.1983987, 13.0829336], [80.1983006, 13.0829366], [80.1982702, 13.0829364], [80.1982143, 13.0829271], [80.1980107, 13.0829321], [80.1979102, 13.0829393], [80.1968735, 13.0830221], [80.1968974, 13.083616], [80.1970935, 13.0836089], [80.1970988, 13.0837235], [80.1971024, 13.0838718], [80.1971038, 13.0839243], [80.1971053, 13.0840918], [80.197104, 13.0842327], [80.1971068, 13.0844187], [80.1971067, 13.0845815], [80.1971069, 13.0846911], [80.1971086, 13.0848492], [80.1971102, 13.0849281], [80.1971131, 13.084935], [80.1971182, 13.0849406], [80.1971248, 13.0849444], [80.1971324, 13.0849459], [80.1971574, 13.0849464], [80.1971607, 13.0850723], [80.1971631, 13.0852004], [80.1971637, 13.0852396], [80.1971673, 13.085282], [80.1971676, 13.0853189], [80.1971703, 13.0855129], [80.1971743, 13.0855827], [80.1971763, 13.0856174], [80.1971784, 13.0856545], [80.1971824, 13.0857883], [80.1971842, 13.0858583], [80.1971839, 13.0858603], [80.1971829, 13.085862], [80.1971813, 13.0858632], [80.1971788, 13.0858639], [80.1970977, 13.0858674], [80.1970981, 13.0859007], [80.1970326, 13.0860884], [80.1970334, 13.0861248], [80.1970831, 13.0861957], [80.197083, 13.0862183], [80.1970765, 13.0863082], [80.1970767, 13.0863308], [80.1971143, 13.0865555], [80.1971148, 13.0865826], [80.1968258, 13.0866278], [80.1965545, 13.0866353], [80.1963864, 13.0866378], [80.1962694, 13.0866436], [80.1962691, 13.0866436], [80.1962674, 13.0866433], [80.1962656, 13.0866424], [80.1962643, 13.0866409], [80.1962636, 13.086639], [80.1962657, 13.0866904], [80.1962686, 13.0867662], [80.196271, 13.0871406], [80.1962713, 13.0871425], [80.1962724, 13.0871442], [80.196274, 13.0871454], [80.1962759, 13.087146], [80.1962767, 13.087146], [80.1964566, 13.0871405], [80.1967254, 13.0871335], [80.1969358, 13.0871284], [80.1970641, 13.087124], [80.197213, 13.0871184], [80.1974721, 13.0871049], [80.1975166, 13.0871025], [80.1976439, 13.0870965], [80.1977998, 13.0870886], [80.1980388, 13.0870737], [80.1982797, 13.0870521], [80.1983324, 13.0870474], [80.198349, 13.0870451], [80.1983653, 13.0870409], [80.1983809, 13.0870349], [80.1983957, 13.087027], [80.1984094, 13.0870176], [80.1984219, 13.0870065], [80.1984329, 13.0869942], [80.1984424, 13.0869806], [80.1984502, 13.086966], [80.1984664, 13.087521], [80.1984673, 13.0876105], [80.1984677, 13.0877391], [80.1984641, 13.0878867], [80.1984622, 13.0879217], [80.1984623, 13.087955], [80.1984628, 13.0881788], [80.1984652, 13.0885762], [80.1984658, 13.0886792], [80.1984663, 13.0887545], [80.1984674, 13.08894], [80.1984668, 13.0889578], [80.1984676, 13.0889688], [80.1984694, 13.08924], [80.1984697, 13.0892664], [80.1984702, 13.0893188], [80.1984728, 13.0895712], [80.1984748, 13.090042], [80.198476, 13.0902712], [80.1984763, 13.0903337], [80.1984814, 13.0909385], [80.1984828, 13.0910693], [80.1984828, 13.0910695], [80.1984834, 13.0913915], [80.1975455, 13.0914084], [80.1975326, 13.0915638], [80.197406, 13.0915583], [80.1972901, 13.0915493], [80.195782, 13.0915987], [80.1957833, 13.091633], [80.1957887, 13.0918358], [80.1957958, 13.091984], [80.1958049, 13.0922491], [80.1958132, 13.0924676], [80.1958187, 13.0926143], [80.1958262, 13.0928351], [80.1958342, 13.0930054], [80.1958432, 13.0931323], [80.1956206, 13.0931353], [80.195412, 13.0931401], [80.1952747, 13.0931433], [80.195275, 13.0932171], [80.1952847, 13.0935407], [80.1952862, 13.0936091], [80.1953096, 13.0937242], [80.1953211, 13.0938646], [80.1953305, 13.0940681], [80.1953336, 13.0942656], [80.1953388, 13.0943628], [80.1953364, 13.0944339], [80.1953466, 13.0945238], [80.1953456, 13.0946222], [80.1953481, 13.0947633], [80.1953625, 13.0950614], [80.1953636, 13.0951629], [80.1953704, 13.0953465], [80.1953755, 13.0955851], [80.1953802, 13.0956821], [80.195384, 13.0959327], [80.1954123, 13.096294], [80.1954082, 13.0964953], [80.1954095, 13.0966089], [80.1954227, 13.0970419], [80.1953435, 13.0970358], [80.1953404, 13.097046], [80.1953352, 13.0970553], [80.1953284, 13.0970635], [80.19532, 13.0970703], [80.1953105, 13.0970754], [80.1953003, 13.0970785], [80.1952917, 13.0971538], [80.195141, 13.0975593], [80.1951219, 13.0976105], [80.1951256, 13.0977843], [80.195131, 13.098054], [80.1951437, 13.0983682], [80.1951522, 13.0985999], [80.1951556, 13.098764], [80.1951325, 13.0991573], [80.1952575, 13.1001521], [80.1951586, 13.1003014], [80.1950498, 13.1004953], [80.194964, 13.1006783], [80.1949516, 13.1007086], [80.1948811, 13.1009054], [80.1948162, 13.1011854], [80.1947803, 13.1015063], [80.1947743, 13.1017], [80.1947792, 13.1019413], [80.1948694, 13.1019535], [80.1948141, 13.1026847], [80.1948851, 13.1041398], [80.1949307, 13.1050746], [80.1949671, 13.1053915], [80.1951012, 13.1060282], [80.1953013, 13.1066088], [80.195629, 13.1072504], [80.1961335, 13.1080217], [80.1987313, 13.1117317], [80.1988299, 13.1118762], [80.1989042, 13.1120119], [80.1989339, 13.1120668], [80.1993349, 13.1127958], [80.1993352, 13.1127971], [80.1993352, 13.112799], [80.1993345, 13.1128009], [80.1993331, 13.1128023], [80.1993313, 13.1128032], [80.1990466, 13.1128845], [80.1990539, 13.1129091], [80.1993432, 13.1128266], [80.1993452, 13.1128264], [80.1993471, 13.1128269], [80.1993487, 13.112828], [80.1993498, 13.1128296], [80.1993649, 13.1128638], [80.1994362, 13.1130139], [80.1995152, 13.1131742], [80.1995538, 13.1131898], [80.1995549, 13.1131896], [80.1995569, 13.1131899], [80.1995587, 13.1131908], [80.19956, 13.1131923], [80.1996796, 13.1133988], [80.1996982, 13.1134311], [80.1997081, 13.1134482], [80.1998159, 13.1136266], [80.1998402, 13.1136626], [80.1998663, 13.1136974], [80.1998943, 13.1137308], [80.1999241, 13.1137628], [80.1999554, 13.1137932], [80.1999877, 13.1138214], [80.2000998, 13.1139177], [80.2001814, 13.1139873], [80.200261, 13.114059], [80.2002656, 13.1140624], [80.2002682, 13.1140673], [80.200304, 13.1141161], [80.2003084, 13.1141226], [80.2003118, 13.1141286], [80.2003774, 13.1142742], [80.2004167, 13.1143712], [80.2004813, 13.1145474], [80.2004976, 13.1145952], [80.2005085, 13.1146225], [80.2005231, 13.114656], [80.2005325, 13.1146776], [80.2005642, 13.1147505], [80.2005911, 13.1148099], [80.2006012, 13.1148337], [80.2006178, 13.1148703], [80.2006531, 13.1149324], [80.200703, 13.1150116], [80.200741, 13.1150876], [80.2007649, 13.1151353], [80.2007827, 13.1151709], [80.2007873, 13.11518], [80.2009056, 13.1154347], [80.2009201, 13.115463], [80.2009352, 13.1154919], [80.2009653, 13.1155437], [80.2009655, 13.115544], [80.2009909, 13.1155835], [80.2009982, 13.1155949], [80.2010891, 13.1157284], [80.2011161, 13.1157627], [80.2011444, 13.1157955], [80.2011737, 13.1158265], [80.2012003, 13.1158549], [80.2012247, 13.1158842], [80.2012377, 13.1159017], [80.201253, 13.1159231], [80.2012685, 13.1159466], [80.2012886, 13.115981], [80.2013172, 13.1160235], [80.201343, 13.1160656], [80.201367, 13.1161088], [80.201389, 13.1161529], [80.2014092, 13.1161979], [80.2014162, 13.1162157], [80.2014278, 13.1162451], [80.2014446, 13.1162819], [80.201459, 13.1163181], [80.2014717, 13.1163549], [80.2014826, 13.1163923], [80.2014918, 13.1164301], [80.2014993, 13.1164689], [80.2015012, 13.1164788], [80.201513, 13.1165397], [80.20153, 13.1166104], [80.20155, 13.1166798], [80.2015626, 13.116722], [80.2015781, 13.1167641], [80.2016052, 13.116826], [80.201643, 13.1168655], [80.2016671, 13.1168978], [80.2016949, 13.1169394], [80.2017116, 13.1169642], [80.2017226, 13.1169805], [80.2017299, 13.1169922], [80.2018023, 13.117106], [80.2018106, 13.1171191], [80.2018107, 13.1171192], [80.2018356, 13.1171585], [80.2019659, 13.1173639], [80.2019865, 13.1173944], [80.2020701, 13.117518], [80.2021005, 13.1175628], [80.2022214, 13.1177414], [80.2022773, 13.1178338], [80.2023311, 13.1179273], [80.2023574, 13.1179756], [80.2023827, 13.118022], [80.2023853, 13.1180277], [80.2024077, 13.1180761], [80.2024241, 13.1181184], [80.2024475, 13.1181661], [80.2024716, 13.1182115], [80.2025176, 13.1183055], [80.2025391, 13.1183463], [80.2025589, 13.118388], [80.2025639, 13.1183997], [80.202577, 13.1184303], [80.2025935, 13.1184734], [80.2026082, 13.118517], [80.2026125, 13.1185318], [80.2026238, 13.1185708], [80.2026416, 13.1186241], [80.2026614, 13.1186766], [80.202662, 13.1186808], [80.2026625, 13.1186844], [80.2026618, 13.1186922], [80.2026592, 13.1186997], [80.202655, 13.1187064], [80.2026493, 13.1187119], [80.2026478, 13.1187127], [80.2026424, 13.1187159], [80.2027149, 13.1187418], [80.202717, 13.1187425], [80.2027193, 13.1187456], [80.2027384, 13.1188923], [80.2027451, 13.1189543], [80.2027537, 13.119016], [80.2027642, 13.1190774], [80.2027768, 13.1191287], [80.202777, 13.1191298], [80.2027767, 13.1191318], [80.2027757, 13.1191335], [80.2027741, 13.1191347], [80.2027722, 13.1191354], [80.2026797, 13.1191483], [80.2024691, 13.1191803], [80.2024556, 13.1191886], [80.2024433, 13.1191986], [80.2024359, 13.1192064], [80.2024324, 13.11921], [80.2023884, 13.1192685], [80.2023643, 13.1193259], [80.2023554, 13.1193498], [80.2023541, 13.1193539], [80.2023423, 13.1193909], [80.2022145, 13.1196131], [80.2021846, 13.1196651], [80.20217, 13.1196856], [80.2021573, 13.1197071], [80.2021501, 13.1197222], [80.2021465, 13.1197296], [80.2021376, 13.119753], [80.2021331, 13.1197689], [80.2021308, 13.119777], [80.202126, 13.1198014], [80.2021145, 13.1199677], [80.2021121, 13.1200029], [80.2021108, 13.1200214], [80.2021082, 13.1202471], [80.2021078, 13.1202819], [80.2021075, 13.1203153], [80.2020983, 13.1204668], [80.202096, 13.1204975], [80.202093, 13.1205386], [80.2020871, 13.1206181], [80.202074, 13.1207694], [80.2020483, 13.1208919], [80.2020401, 13.1209307], [80.2020345, 13.1209574], [80.2019741, 13.1212377], [80.2019702, 13.1212559], [80.2019487, 13.1213373], [80.2019486, 13.1213374], [80.2019402, 13.1213712], [80.2019224, 13.1214458], [80.2019019, 13.1215415], [80.2018531, 13.1217743], [80.201851, 13.1217913], [80.2018351, 13.1218688], [80.2018256, 13.121909], [80.2018204, 13.1219317], [80.2018059, 13.1220046], [80.2017967, 13.1220606], [80.2017938, 13.1220779], [80.20178, 13.1221573], [80.201753, 13.1223119], [80.2017447, 13.1223595], [80.2017438, 13.1223646], [80.201732, 13.1224296], [80.2017181, 13.1224943], [80.2017023, 13.1225586], [80.2016482, 13.122753], [80.2016466, 13.1227586], [80.2016451, 13.1227648], [80.2016262, 13.1228313], [80.2016169, 13.1228582], [80.2016058, 13.1228844], [80.2015928, 13.1229097], [80.201578, 13.1229341], [80.2015663, 13.1229509], [80.2015529, 13.1229665], [80.2015379, 13.1229806], [80.2015214, 13.1229931], [80.2015067, 13.1230021], [80.2015048, 13.1230028], [80.2015028, 13.1230028], [80.2015009, 13.1230021], [80.2015544, 13.1232712], [80.2015559, 13.1232725], [80.2015568, 13.1232743], [80.201557, 13.1232762], [80.2015565, 13.1232781], [80.2015563, 13.1232786], [80.20151, 13.1233559], [80.2014936, 13.1233904], [80.2014752, 13.1234388], [80.2014714, 13.1236125], [80.2014654, 13.1238049], [80.2014673, 13.1238985], [80.2014674, 13.1239033], [80.2014689, 13.1239773], [80.201472, 13.1241317], [80.201477, 13.1243802], [80.2014779, 13.124426], [80.2014779, 13.124426], [80.2014791, 13.1244849], [80.2014926, 13.1250776], [80.2015053, 13.1254383], [80.2015072, 13.1254936], [80.2015144, 13.125698], [80.2015196, 13.1260832], [80.2015203, 13.1261404], [80.2015203, 13.1261405], [80.2015215, 13.1262284], [80.2015246, 13.1264278], [80.2015247, 13.1264319], [80.2015259, 13.1265111], [80.2015281, 13.1266522], [80.2015331, 13.1268386], [80.2015332, 13.1268401], [80.201535, 13.1269087], [80.2015408, 13.1271275], [80.2015504, 13.1275336], [80.2015562, 13.1279141], [80.201557, 13.1279648], [80.2015578, 13.128015], [80.201568, 13.1284261], [80.2015817, 13.1286529], [80.2015895, 13.128761], [80.2006647, 13.128966], [80.2003317, 13.12902], [80.2001272, 13.1290351], [80.199801, 13.1288918], [80.1989254, 13.128924], [80.1988557, 13.1284974], [80.198501, 13.1284023], [80.1979602, 13.1283458], [80.1975151, 13.1283857], [80.1969703, 13.1284258], [80.1966947, 13.1280326], [80.1961972, 13.1282062], [80.1954694, 13.1283078], [80.19468, 13.1282771], [80.1944344, 13.1283846], [80.1944618, 13.1288474], [80.1945533, 13.1300257], [80.1938301, 13.1299971], [80.1935097, 13.1312613], [80.1932701, 13.1315948], [80.1926276, 13.1334864], [80.191905, 13.1341857], [80.1915312, 13.1347012], [80.1914346, 13.1350031], [80.191131, 13.1351913], [80.1908449, 13.1351744], [80.1901961, 13.1352355], [80.1899796, 13.1351844], [80.1893341, 13.1350752], [80.1893229, 13.1351618], [80.1886024, 13.1352203], [80.1884987, 13.1357147], [80.1890418, 13.1364881], [80.1891162, 13.1375051], [80.1883607, 13.1380831], [80.1880857, 13.1384227], [80.1880902, 13.1389275], [80.1874632, 13.1390861], [80.1851222, 13.1380434], [80.183073, 13.1359362], [80.18238, 13.1352044], [80.1819575, 13.1353448], [80.1815164, 13.1353866], [80.178782, 13.1361676], [80.1783998, 13.1362768], [80.1782008, 13.1364098], [80.1776051, 13.1365504], [80.1775034, 13.1365781], [80.1768711, 13.1367498], [80.1762427, 13.1371421], [80.1762419, 13.1371426], [80.1761223, 13.1373068], [80.1758365, 13.1375505], [80.1755088, 13.137798], [80.1749294, 13.1382048], [80.1737334, 13.1388793], [80.173358, 13.1390323], [80.1715033, 13.1397691], [80.1710669, 13.1399768], [80.1704092, 13.1402828], [80.1691821, 13.1408635], [80.1684131, 13.1411191], [80.1680565, 13.1406308], [80.1671987, 13.139522], [80.1671424, 13.1394335], [80.1671241, 13.1390954], [80.1666978, 13.1379951], [80.166366, 13.1362998], [80.1656531, 13.1349847], [80.1644425, 13.1337522], [80.1635122, 13.1338487], [80.1634579, 13.1356396], [80.1632374, 13.1365081], [80.1629056, 13.1372291], [80.1624886, 13.1378204], [80.161741, 13.1383724], [80.1614252, 13.1388868], [80.1612172, 13.1398749], [80.1603397, 13.1403864], [80.1599709, 13.1405246], [80.1591234, 13.140864], [80.1583297, 13.1407778], [80.1573271, 13.1409872], [80.1567789, 13.1410185], [80.1553778, 13.1414662], [80.154398, 13.1414423], [80.153401, 13.1413965], [80.1527939, 13.1411655], [80.1523702, 13.1409627], [80.1514913, 13.140301], [80.1503923, 13.1397418], [80.1500191, 13.1391803], [80.1495018, 13.1378525], [80.1487686, 13.1379348], [80.1473937, 13.1380851], [80.1460993, 13.1382191], [80.1449849, 13.1383268], [80.1449222, 13.1360929], [80.1467688, 13.1327325], [80.1468476, 13.1316393], [80.1472251, 13.1290709], [80.1473054, 13.1274513], [80.1465855, 13.1265885], [80.1462023, 13.126365], [80.1430865, 13.1239936], [80.1431175, 13.1232895], [80.1432604, 13.1231644], [80.1435053, 13.1217607], [80.1429193, 13.120479], [80.1421432, 13.1162092], [80.141912, 13.11524], [80.141358, 13.1151505], [80.1411854, 13.1142302], [80.1407479, 13.1085968], [80.1396903, 13.1056706], [80.1398121, 13.1018999], [80.1398564, 13.0979091], [80.1404619, 13.0976885], [80.1411848, 13.0968621], [80.1412206, 13.0966981], [80.142124, 13.096218], [80.1421834, 13.0960676], [80.1424762, 13.0959208], [80.1424654, 13.0958474], [80.1430962, 13.0954368], [80.1430989, 13.095372], [80.1433107, 13.0952203], [80.1432232, 13.0948986], [80.1437827, 13.0941395], [80.1437831, 13.0940281], [80.1442476, 13.0935053], [80.144255, 13.0933939], [80.1443397, 13.0932039], [80.1444907, 13.0928383], [80.1445926, 13.0925224], [80.1442529, 13.0915654], [80.1441451, 13.0914707], [80.1440582, 13.0911356], [80.1442004, 13.0904058], [80.1441627, 13.0898912], [80.1443025, 13.0899233], [80.1448709, 13.0897324], [80.1448872, 13.0896391], [80.1453211, 13.0893753], [80.145269, 13.089124], [80.1454169, 13.0886735], [80.1455792, 13.0885713], [80.14584, 13.0879795], [80.14583, 13.0878958], [80.1459398, 13.0877442], [80.1457318, 13.0876147], [80.1456134, 13.0876418], [80.1455716, 13.0871576], [80.1455958, 13.0869938], [80.1458524, 13.0868847], [80.1459824, 13.0869153], [80.1463797, 13.0867636], [80.1472376, 13.0862714], [80.147815, 13.0863021], [80.1481656, 13.0864129], [80.1486032, 13.0863069], [80.148705, 13.0864099], [80.1494894, 13.0864175], [80.1498258, 13.086206], [80.1498251, 13.0861518], [80.1500459, 13.0859712], [80.15023, 13.0857004], [80.1503519, 13.0856539], [80.1508388, 13.0852563], [80.150822, 13.0852159], [80.150948, 13.0851773], [80.1511706, 13.0848214], [80.1507872, 13.0841791], [80.151468, 13.0839468], [80.1520399, 13.083647], [80.1521809, 13.0835428], [80.1523964, 13.0833435], [80.1528186, 13.083174], [80.1536102, 13.0828407], [80.1535674, 13.0821896], [80.1542045, 13.082041], [80.155408, 13.0819012], [80.15561, 13.0816646], [80.1556093, 13.0814963], [80.1563273, 13.0812335], [80.1564316, 13.0811549], [80.1573829, 13.0807734], [80.1602581, 13.0803298], [80.160296, 13.0798134], [80.1607224, 13.0795874], [80.1610355, 13.0800957], [80.1610249, 13.0804117], [80.1612734, 13.0812415], [80.161123, 13.0818316], [80.1613796, 13.0822666], [80.161633, 13.0824166], [80.1617254, 13.0827889], [80.1621207, 13.0830577], [80.162247, 13.083151], [80.1622526, 13.0831585], [80.1625559, 13.0835724], [80.1626815, 13.0837437], [80.1630135, 13.0836118], [80.1630287, 13.0836058], [80.1631259, 13.0835743], [80.163147, 13.0835674], [80.1632146, 13.0835455], [80.163218, 13.0835465], [80.1632934, 13.0835136], [80.1633033, 13.0835179], [80.1633657, 13.0834983], [80.1634405, 13.0834797], [80.1635815, 13.0834446], [80.163576, 13.0833642], [80.1635727, 13.0833159], [80.163887, 13.0830529], [80.1642503, 13.0828861], [80.1645506, 13.082653], [80.1645813, 13.0826632], [80.1645833, 13.0826639], [80.1645837, 13.0826631], [80.164584, 13.0826623], [80.1645845, 13.0826618], [80.1646197, 13.0825994], [80.1646245, 13.0825909], [80.1646283, 13.0825841], [80.1646456, 13.0825534], [80.1646954, 13.0824653], [80.164706, 13.0824465], [80.1647174, 13.0824263], [80.1648119, 13.0822745], [80.1648223, 13.0822788], [80.1648265, 13.0822806], [80.1648317, 13.0822827], [80.164859, 13.0822941], [80.1648891, 13.0822683], [80.1651188, 13.0824138], [80.1652318, 13.0824854], [80.1653127, 13.0825303], [80.1653191, 13.0825338], [80.1653801, 13.0825809], [80.1654239, 13.0826147], [80.1654699, 13.0826833], [80.1655625, 13.0827129], [80.1656132, 13.0827292], [80.1656147, 13.0827247], [80.1656147, 13.0827247], [80.1656503, 13.0826042], [80.1656612, 13.0825818], [80.1656952, 13.0825117], [80.1657271, 13.0824461], [80.1657312, 13.0824312], [80.1657312, 13.0824311], [80.1657312, 13.0824311], [80.1657812, 13.0822504], [80.1657888, 13.082187], [80.165789, 13.082185], [80.1658013, 13.0821781], [80.1658073, 13.0821567], [80.1658205, 13.0821094], [80.1658386, 13.0820448], [80.1658165, 13.082049], [80.1658756, 13.0818618], [80.1658726, 13.0818611], [80.1658772, 13.0818523], [80.165938, 13.0818715], [80.1659387, 13.0818695], [80.1659823, 13.0817463], [80.1659945, 13.0817049], [80.1661211, 13.0817428], [80.1664008, 13.0818265], [80.1664582, 13.0818437], [80.1664863, 13.0818521], [80.1665624, 13.0818747], [80.166563, 13.0818749], [80.1665639, 13.0818752], [80.166734, 13.0819259], [80.1667356, 13.0819264], [80.1667557, 13.0818776], [80.1667493, 13.0818779], [80.1667528, 13.0818671], [80.1667529, 13.0818668], [80.1667529, 13.0818665], [80.1667839, 13.0817696], [80.1668117, 13.0816826], [80.166814, 13.0816756], [80.1668472, 13.0815379], [80.1668482, 13.0815382], [80.1669138, 13.0815575], [80.1669163, 13.0815582], [80.1670222, 13.0815886], [80.1673571, 13.0816847], [80.1676814, 13.0817778], [80.1677012, 13.0817834], [80.1678096, 13.0818144], [80.1678114, 13.0818149], [80.1678382, 13.0818225], [80.1678581, 13.081828], [80.1680136, 13.0818726], [80.1683597, 13.0819719], [80.1685082, 13.0820145], [80.1685393, 13.0820234], [80.168873, 13.0821192], [80.1690797, 13.0821785], [80.1690873, 13.0821808], [80.1691433, 13.0821975], [80.1691694, 13.0822053], [80.1691751, 13.082207], [80.1691822, 13.0822092], [80.1691893, 13.0822113], [80.1692156, 13.0822191], [80.1692497, 13.0822294], [80.1692512, 13.0822298], [80.1693314, 13.0822538], [80.1694185, 13.0822798], [80.1695683, 13.0823246], [80.1697439, 13.0823771], [80.1697441, 13.0823772], [80.1699095, 13.0824266], [80.1699271, 13.0823675], [80.1699732, 13.0822134], [80.1699943, 13.0821423], [80.1699946, 13.0821413], [80.1699948, 13.0821405], [80.1700215, 13.0820506], [80.1701398, 13.0816546], [80.1701994, 13.0814551], [80.1702532, 13.0812751], [80.1703101, 13.0812922], [80.1704918, 13.0813469], [80.1711172, 13.0815351], [80.1715773, 13.0816736], [80.1717363, 13.0817215], [80.1718208, 13.0817469], [80.1718545, 13.0817571], [80.1718618, 13.0817593], [80.1718628, 13.081759], [80.1718637, 13.0817603], [80.1718648, 13.081762], [80.1718956, 13.0817518], [80.17288, 13.081425]]]}}, {"type": "Feature", "properties": {"zone": "VIII", "zone_name": "ANNA NAGAR", "region": "Central"}, "geometry": {"type": "Polygon", "coordinates": [[[80.2284852, 13.0681978], [80.2285545, 13.068155], [80.2286513, 13.0680817], [80.2286943, 13.068045], [80.2287587, 13.0680242], [80.2288446, 13.0679719], [80.2289305, 13.0679459], [80.2290885, 13.0678524], [80.2290949, 13.0678486], [80.2292028, 13.0677816], [80.2293234, 13.0677787], [80.2294144, 13.0677456], [80.2295175, 13.0677641], [80.2295825, 13.0677855], [80.2296498, 13.0678078], [80.2297593, 13.0678238], [80.229863, 13.0678361], [80.2300128, 13.0678631], [80.2301132, 13.0679036], [80.230343, 13.0679522], [80.2305101, 13.0679918], [80.230712, 13.06806], [80.2308597, 13.0681163], [80.2310086, 13.0681199], [80.2311222, 13.0681396], [80.2312242, 13.0681461], [80.2313893, 13.0681783], [80.2315161, 13.0681757], [80.2316368, 13.0682123], [80.231667, 13.0683946], [80.2317292, 13.0687701], [80.2319682, 13.0687745], [80.2321132, 13.0688215], [80.2321387, 13.0688311], [80.2321792, 13.0688527], [80.2322155, 13.0688806], [80.2322466, 13.0689139], [80.2322688, 13.0689467], [80.2323312, 13.0690549], [80.2323486, 13.0690922], [80.2323537, 13.0691075], [80.2323944, 13.0692464], [80.2324151, 13.0693171], [80.2324248, 13.0693715], [80.2324155, 13.0698188], [80.2323064, 13.070317], [80.2325687, 13.0702736], [80.2342225, 13.0696047], [80.2345926, 13.0694482], [80.2349504, 13.0693447], [80.2353612, 13.0692727], [80.235654, 13.0692736], [80.2363521, 13.0693125], [80.237029, 13.0693408], [80.2373383, 13.0693634], [80.237406, 13.0693684], [80.2379448, 13.0693488], [80.2388479, 13.0693146], [80.2415734, 13.0692938], [80.2420086, 13.0692951], [80.2420373, 13.0692976], [80.2420911, 13.069317], [80.2421147, 13.0693333], [80.242135, 13.0693533], [80.2421635, 13.0694021], [80.242164, 13.0694039], [80.2423445, 13.0693955], [80.242579, 13.0688299], [80.2425807, 13.0688257], [80.242637, 13.0686501], [80.242702, 13.068398], [80.2427454, 13.068231], [80.2432156, 13.0683861], [80.2442713, 13.0688473], [80.2448806, 13.069174], [80.2452367, 13.0693707], [80.2456612, 13.0695899], [80.2459963, 13.0697756], [80.2465247, 13.0700602], [80.2472418, 13.0704491], [80.2477204, 13.0706927], [80.2484313, 13.070959], [80.2490338, 13.0710902], [80.2494905, 13.0710929], [80.2495555, 13.0710786], [80.2495469, 13.071546], [80.2495543, 13.0715471], [80.249555, 13.071569], [80.2495572, 13.0716385], [80.2495599, 13.0716393], [80.2497852, 13.0717023], [80.2501079, 13.0717884], [80.2507674, 13.0719918], [80.2506773, 13.072159], [80.2506342, 13.0724471], [80.2504218, 13.0738666], [80.2522624, 13.0739704], [80.2522582, 13.0739806], [80.2522319, 13.0740433], [80.2522122, 13.0741221], [80.2521884, 13.0742172], [80.2521883, 13.0742175], [80.2521796, 13.0742637], [80.2521595, 13.0746902], [80.2521486, 13.0749497], [80.2521281, 13.0750463], [80.2520161, 13.0757836], [80.2519888, 13.0758025], [80.2518974, 13.0757853], [80.2515694, 13.0757365], [80.251369, 13.0756962], [80.2511897, 13.0757287], [80.2509539, 13.076206], [80.2509026, 13.0763225], [80.251224, 13.0763801], [80.2516226, 13.0764234], [80.2519116, 13.0764664], [80.25213, 13.0765077], [80.2533038, 13.0766969], [80.2532262, 13.0773897], [80.2531128, 13.078207], [80.2530428, 13.0785833], [80.2530331, 13.0786617], [80.2531048, 13.0786588], [80.2531494, 13.078657], [80.2531891, 13.0786554], [80.2533357, 13.0786558], [80.25366, 13.0786896], [80.2541305, 13.078745], [80.2542667, 13.0787645], [80.2546672, 13.0788218], [80.2546722, 13.0790365], [80.2546142, 13.0793167], [80.254609, 13.079476], [80.2547337, 13.0800821], [80.2548217, 13.0804808], [80.2548301, 13.0808159], [80.2548695, 13.0810627], [80.2548978, 13.0814794], [80.2548942, 13.0814942], [80.2548958, 13.0815033], [80.2549031, 13.0815093], [80.2549107, 13.0815098], [80.2557849, 13.0813245], [80.2557938, 13.0813679], [80.2558035, 13.0814149], [80.2558033, 13.081415], [80.255803, 13.081415], [80.2557991, 13.081416], [80.2557883, 13.0814188], [80.2557747, 13.0814284], [80.2557724, 13.081433], [80.2557698, 13.081438], [80.2557646, 13.0814443], [80.2557599, 13.0814501], [80.2557598, 13.0814574], [80.2557598, 13.0814706], [80.2557595, 13.0814799], [80.2557605, 13.0814854], [80.2558501, 13.0819508], [80.2559092, 13.0822413], [80.2559748, 13.0825515], [80.2560504, 13.0828849], [80.2560965, 13.0831241], [80.2561228, 13.0833251], [80.2561186, 13.0836202], [80.2561183, 13.0836799], [80.2561402, 13.0837046], [80.256222, 13.0837304], [80.2565721, 13.0838214], [80.2565611, 13.0838832], [80.2564368, 13.0843351], [80.256436, 13.0843381], [80.2564363, 13.0843385], [80.2564365, 13.0843409], [80.2564371, 13.0843432], [80.2564381, 13.0843453], [80.2564412, 13.0843489], [80.2564454, 13.0843513], [80.2568151, 13.0844852], [80.2567995, 13.0845096], [80.256466, 13.0843954], [80.256437, 13.0843866], [80.2564358, 13.0843863], [80.256431, 13.0843863], [80.2564265, 13.0843879], [80.2564228, 13.0843909], [80.2564214, 13.0843929], [80.25642, 13.0843962], [80.2559539, 13.0860912], [80.2559126, 13.0862602], [80.2555614, 13.0861299], [80.255561, 13.0861298], [80.2554328, 13.086079], [80.2554343, 13.0860901], [80.2553671, 13.0863195], [80.255348, 13.0863849], [80.2553478, 13.0863859], [80.2553415, 13.086421], [80.2553413, 13.0864216], [80.2553366, 13.0864363], [80.2553208, 13.0864855], [80.2553115, 13.0865143], [80.2553011, 13.0865535], [80.2552912, 13.0865908], [80.2552779, 13.0866409], [80.2552586, 13.0867136], [80.2552532, 13.0867341], [80.2552525, 13.0867356], [80.2552257, 13.0867886], [80.2552072, 13.0868581], [80.255187, 13.0869344], [80.2551653, 13.0870154], [80.2551539, 13.0870564], [80.2551387, 13.0871114], [80.2551353, 13.0871236], [80.2551246, 13.087162], [80.2551246, 13.0871622], [80.2551194, 13.0871808], [80.2550984, 13.0872568], [80.25507, 13.0873591], [80.2550385, 13.0874721], [80.2550335, 13.08749], [80.2550228, 13.0875282], [80.2550093, 13.0875769], [80.2549758, 13.0876969], [80.2549476, 13.0877982], [80.254919, 13.0878762], [80.2549064, 13.0879106], [80.2549007, 13.0879262], [80.2548697, 13.0880107], [80.2548396, 13.0881239], [80.2548123, 13.0882262], [80.2548013, 13.0882673], [80.2548013, 13.0882675], [80.2547965, 13.0882854], [80.2547633, 13.0884098], [80.2547197, 13.0885735], [80.2547141, 13.0885944], [80.2547052, 13.0886327], [80.2547019, 13.0886469], [80.2546635, 13.0888082], [80.2546237, 13.0889665], [80.2546208, 13.0889773], [80.2546064, 13.08903], [80.2546064, 13.0890301], [80.2545655, 13.089183], [80.2545379, 13.0892828], [80.2545199, 13.089347], [80.2545174, 13.089356], [80.2545048, 13.0894011], [80.2545047, 13.0894013], [80.2545027, 13.0894085], [80.2544978, 13.0894232], [80.2544613, 13.089531], [80.2544563, 13.0895458], [80.2544461, 13.0895777], [80.2544122, 13.0896838], [80.2544033, 13.089713], [80.2544008, 13.0897215], [80.2543875, 13.0897652], [80.2543835, 13.0897786], [80.2543703, 13.0898224], [80.2543374, 13.0899379], [80.2543344, 13.0899486], [80.2543306, 13.0899617], [80.2543178, 13.0899981], [80.2542973, 13.0900558], [80.2542879, 13.090084], [80.2542718, 13.0901311], [80.254269, 13.0901401], [80.2542403, 13.0902316], [80.2542359, 13.0902456], [80.2542122, 13.0903265], [80.2542078, 13.0903413], [80.2541904, 13.0904052], [80.254167, 13.0904992], [80.254167, 13.0904992], [80.2537027, 13.0904296], [80.2536823, 13.0906062], [80.2536793, 13.0906324], [80.2541578, 13.0906681], [80.2541532, 13.0907887], [80.2541492, 13.0908908], [80.2541478, 13.0909263], [80.2541453, 13.0909911], [80.2541445, 13.091005], [80.2541434, 13.091013], [80.2541378, 13.0910535], [80.2541356, 13.0910824], [80.254134, 13.0911023], [80.2541337, 13.0911716], [80.2541348, 13.0912001], [80.2541354, 13.0912339], [80.2541341, 13.0912648], [80.254134, 13.0912676], [80.2541305, 13.0913013], [80.2541272, 13.0913217], [80.2541251, 13.0913346], [80.2541226, 13.0913453], [80.2541176, 13.0913676], [80.2541156, 13.0913744], [80.2541081, 13.0914001], [80.2540994, 13.0914129], [80.2540934, 13.0914198], [80.2540892, 13.0914245], [80.2540776, 13.0914349], [80.2540649, 13.0914439], [80.2540512, 13.0914514], [80.2540367, 13.0914572], [80.2540216, 13.0914614], [80.2540061, 13.0914637], [80.2539904, 13.0914642], [80.2539823, 13.0914655], [80.2539471, 13.0914708], [80.2539372, 13.0914719], [80.2539034, 13.0914755], [80.2538596, 13.0914782], [80.2538157, 13.0914789], [80.2537718, 13.0914776], [80.2537525, 13.0914762], [80.2537294, 13.0914745], [80.2537281, 13.0914744], [80.2536982, 13.0914706], [80.2535386, 13.09145], [80.2534496, 13.0914385], [80.2533281, 13.0914228], [80.253269, 13.0914152], [80.2531851, 13.0914044], [80.2531292, 13.0913972], [80.2530641, 13.0913888], [80.2530005, 13.091381], [80.2529939, 13.0913819], [80.2529875, 13.0913803], [80.2529718, 13.0913792], [80.2528929, 13.0913732], [80.2528156, 13.0913643], [80.2528145, 13.0913642], [80.2527839, 13.0913638], [80.2526097, 13.0913618], [80.2524655, 13.0913644], [80.2523344, 13.0913667], [80.2522204, 13.0913684], [80.2521688, 13.0913692], [80.2521249, 13.09137], [80.2521016, 13.0913704], [80.2520058, 13.0913744], [80.2519565, 13.0913762], [80.2518157, 13.0913814], [80.2517499, 13.0913838], [80.2517496, 13.0913838], [80.2517493, 13.0913838], [80.2516591, 13.0913871], [80.2516305, 13.0913901], [80.2516305, 13.0913901], [80.25163, 13.0913901], [80.251629, 13.0913902], [80.2516287, 13.0913903], [80.2516092, 13.0913923], [80.251555, 13.09139], [80.2515204, 13.0913882], [80.2514859, 13.0913845], [80.2514517, 13.0913789], [80.2513844, 13.0913623], [80.2513504, 13.0913501], [80.2513302, 13.0913429], [80.2512802, 13.0913225], [80.2512769, 13.0913211], [80.2512495, 13.0913086], [80.2512246, 13.0912972], [80.2512044, 13.0912868], [80.2512041, 13.0912867], [80.2512009, 13.0912851], [80.2511991, 13.0912842], [80.251199, 13.0912841], [80.2511734, 13.091271], [80.251155, 13.091259], [80.2511451, 13.0912509], [80.251138, 13.0912452], [80.2511242, 13.0912312], [80.251123, 13.0912296], [80.2511226, 13.0912276], [80.2511226, 13.0912276], [80.2510517, 13.0913235], [80.2510516, 13.0913154], [80.2510496, 13.0912634], [80.2510496, 13.0912633], [80.2510483, 13.0912298], [80.2510374, 13.0911136], [80.2510351, 13.0910806], [80.2509991, 13.0910875], [80.2509139, 13.0910944], [80.2507854, 13.0911047], [80.2505057, 13.0911209], [80.2502287, 13.0911511], [80.2500209, 13.0911685], [80.2497735, 13.0911901], [80.2494893, 13.0912347], [80.2494315, 13.0912435], [80.2493996, 13.0912438], [80.2492662, 13.0912485], [80.2490432, 13.09131], [80.2490082, 13.0912404], [80.2488979, 13.0910407], [80.2486845, 13.0906667], [80.2484594, 13.0902838], [80.2483589, 13.0900925], [80.2481011, 13.0897364], [80.2479002, 13.0895246], [80.2478364, 13.0894573], [80.2477116, 13.0893261], [80.2477322, 13.0892971], [80.2474524, 13.0889071], [80.24731, 13.0887085], [80.2472115, 13.0885716], [80.2470539, 13.0884022], [80.2468727, 13.0882378], [80.2467271, 13.0880732], [80.2465435, 13.0878438], [80.2463955, 13.0876343], [80.2462512, 13.0874531], [80.2461119, 13.0873103], [80.245975, 13.0872167], [80.2458103, 13.0871212], [80.2456502, 13.0870318], [80.2455056, 13.0869531], [80.2454007, 13.0868818], [80.2452625, 13.0867754], [80.2451215, 13.0866705], [80.2449441, 13.0865827], [80.2448513, 13.0865509], [80.2447583, 13.0864717], [80.2446125, 13.0863322], [80.2444688, 13.0865131], [80.2444212, 13.0865746], [80.2444085, 13.0865766], [80.2443096, 13.0866906], [80.2442923, 13.0867105], [80.2442055, 13.0868103], [80.2441452, 13.0868834], [80.2440862, 13.0869615], [80.2439886, 13.0870818], [80.2438563, 13.0872494], [80.2438224, 13.0872974], [80.2437865, 13.0873441], [80.2437488, 13.0873895], [80.2437094, 13.0874333], [80.2436683, 13.0874756], [80.2436409, 13.0875038], [80.243612, 13.0875305], [80.2435848, 13.0875532], [80.2435818, 13.0875557], [80.2435503, 13.0875794], [80.2435176, 13.0876015], [80.2434461, 13.0876459], [80.243373, 13.0876878], [80.2432985, 13.0877271], [80.2432763, 13.0877386], [80.2432533, 13.0877484], [80.2432297, 13.0877565], [80.2432055, 13.087763], [80.2431785, 13.0877679], [80.2430556, 13.0877904], [80.2430552, 13.0877905], [80.2429824, 13.087802], [80.242695, 13.0878476], [80.2424633, 13.087876], [80.2423602, 13.0878835], [80.2421847, 13.0878952], [80.2421842, 13.0878953], [80.2420891, 13.0880147], [80.2420805, 13.0880323], [80.2420551, 13.0880744], [80.2420458, 13.0880866], [80.2418858, 13.0882952], [80.2418143, 13.0883925], [80.2417574, 13.0884739], [80.2417196, 13.0885307], [80.2416939, 13.0885705], [80.2416397, 13.0886501], [80.2415834, 13.0887284], [80.2415252, 13.0888052], [80.2413374, 13.0890874], [80.2413185, 13.0891159], [80.2410604, 13.0895068], [80.2409518, 13.089672], [80.2409253, 13.0897177], [80.2409115, 13.0897463], [80.2408976, 13.0897751], [80.2408887, 13.0897969], [80.2408553, 13.0898641], [80.2408506, 13.0898746], [80.240847, 13.0898854], [80.2408446, 13.0898964], [80.2407988, 13.0900464], [80.2407889, 13.0900794], [80.2407802, 13.0901085], [80.2407666, 13.0901537], [80.240758, 13.0901955], [80.2407517, 13.0902369], [80.2407473, 13.090279], [80.240745, 13.0903258], [80.2407451, 13.0903876], [80.2407451, 13.090388], [80.2407495, 13.0904538], [80.24075, 13.0904705], [80.2407582, 13.0905594], [80.2407652, 13.0906362], [80.2407665, 13.0906482], [80.2407709, 13.0908842], [80.2408104, 13.0914357], [80.2408403, 13.0918151], [80.2408695, 13.0922084], [80.2408793, 13.0923401], [80.2408792, 13.0923415], [80.2408637, 13.0926041], [80.2408797, 13.0927863], [80.2408827, 13.0928076], [80.24095, 13.0932782], [80.2409626, 13.093366], [80.2409696, 13.0934018], [80.2409841, 13.0934917], [80.2409841, 13.0934918], [80.2409979, 13.0935772], [80.2410362, 13.0937937], [80.2410628, 13.0939413], [80.2410673, 13.0939666], [80.2410674, 13.0939667], [80.2410734, 13.0940003], [80.241082, 13.0940482], [80.2410909, 13.0940973], [80.2411179, 13.094233], [80.2411227, 13.0942584], [80.2411578, 13.0944429], [80.241176, 13.0945388], [80.241176, 13.0945389], [80.2411941, 13.0946339], [80.2412169, 13.0947539], [80.2412298, 13.0948118], [80.2412679, 13.0949486], [80.2412915, 13.0950333], [80.2413175, 13.0951266], [80.2413259, 13.0951565], [80.241349, 13.0952392], [80.2413612, 13.0952813], [80.2413789, 13.0953413], [80.2414046, 13.0954315], [80.2414309, 13.0955238], [80.2414688, 13.0956386], [80.2415073, 13.0957552], [80.2415076, 13.0957568], [80.2415073, 13.0957587], [80.2415243, 13.0958046], [80.2415384, 13.0958429], [80.2416635, 13.0961716], [80.2416969, 13.0962686], [80.2417298, 13.0963611], [80.241755, 13.0964319], [80.2418568, 13.0967181], [80.2419129, 13.0968929], [80.2419582, 13.0970466], [80.2419729, 13.0970956], [80.2419841, 13.0971284], [80.2419894, 13.097144], [80.2420077, 13.0971919], [80.2420277, 13.097239], [80.2420321, 13.0972533], [80.2420345, 13.0972681], [80.2420349, 13.0972831], [80.2420333, 13.0972979], [80.2420345, 13.0975139], [80.242024, 13.0975133], [80.2420136, 13.0975147], [80.2414751, 13.0976128], [80.24145, 13.0976174], [80.2413634, 13.0976347], [80.241132, 13.097662], [80.2409264, 13.0976883], [80.2407005, 13.0977098], [80.2406542, 13.0977141], [80.2406009, 13.097719], [80.240516, 13.0977268], [80.2401776, 13.0977499], [80.2399523, 13.0977695], [80.2396241, 13.0977835], [80.2394305, 13.0978], [80.2393083, 13.097809], [80.2390938, 13.0978205], [80.2389759, 13.0978263], [80.2389004, 13.0978303], [80.2386617, 13.0978547], [80.2383627, 13.0979021], [80.2381804, 13.0979408], [80.238095, 13.097959], [80.2379343, 13.0979938], [80.2378218, 13.0980181], [80.2377271, 13.0980384], [80.2376704, 13.0980506], [80.2375432, 13.0980779], [80.2373797, 13.0981071], [80.2373629, 13.0981101], [80.2373111, 13.0981193], [80.2370849, 13.0981618], [80.2370339, 13.0981703], [80.2369454, 13.0981851], [80.2368589, 13.0981995], [80.2368083, 13.098208], [80.236648, 13.098238], [80.2366083, 13.0982455], [80.2365606, 13.0982532], [80.2364687, 13.0982682], [80.2363819, 13.0982823], [80.2363697, 13.0982843], [80.2363247, 13.0982917], [80.2362839, 13.0982985], [80.2361652, 13.0983181], [80.2360999, 13.0983289], [80.2360871, 13.0983307], [80.2360868, 13.0983308], [80.2360149, 13.0983409], [80.2359196, 13.0983543], [80.235919, 13.0983543], [80.2356353, 13.0983942], [80.2354633, 13.0984193], [80.2354614, 13.0984199], [80.2354607, 13.0984204], [80.2354525, 13.0984267], [80.2354447, 13.0984357], [80.2354389, 13.0984459], [80.235437, 13.0984518], [80.2354353, 13.0984571], [80.2354339, 13.0984687], [80.2354844, 13.0987179], [80.2355498, 13.0990529], [80.2356275, 13.0994722], [80.2356316, 13.0994818], [80.2356359, 13.0994886], [80.2356405, 13.0994959], [80.2356461, 13.0994983], [80.2356543, 13.0995005], [80.2356562, 13.099501], [80.2356569, 13.099501], [80.2357301, 13.0994977], [80.2357407, 13.0994968], [80.235755, 13.0994999], [80.2357678, 13.0995071], [80.2357776, 13.0995177], [80.2357838, 13.0995308], [80.2357852, 13.0995416], [80.235825, 13.0998789], [80.2358606, 13.1001092], [80.2358654, 13.1001402], [80.2359109, 13.1003527], [80.2359487, 13.1005436], [80.2359941, 13.1008103], [80.2360228, 13.1010154], [80.2360233, 13.1010164], [80.2360243, 13.101017], [80.2360248, 13.101017], [80.2360567, 13.1010147], [80.2362337, 13.1009923], [80.2363416, 13.1009773], [80.2363421, 13.1009772], [80.2363694, 13.1009735], [80.2365403, 13.1009498], [80.2365404, 13.1009498], [80.2366179, 13.100939], [80.2366261, 13.100938], [80.2366262, 13.1009379], [80.2366947, 13.1009291], [80.2367759, 13.1009187], [80.2367767, 13.1009186], [80.2367993, 13.1009157], [80.2368536, 13.1009087], [80.2368545, 13.1009086], [80.2369217, 13.1008999], [80.2369236, 13.1008993], [80.2369252, 13.1008981], [80.2369262, 13.1008964], [80.2369265, 13.1008944], [80.236931, 13.1009322], [80.2369446, 13.1010481], [80.2369447, 13.101049], [80.2369504, 13.1010981], [80.2369703, 13.1012537], [80.2369711, 13.1012602], [80.2369769, 13.1013038], [80.2370612, 13.1016139], [80.2370646, 13.1016867], [80.2370756, 13.1019183], [80.2370848, 13.1020911], [80.2371043, 13.1023235], [80.2371127, 13.102423], [80.2371183, 13.1025594], [80.2371354, 13.1029771], [80.2371394, 13.103076], [80.2371767, 13.1037627], [80.2371965, 13.1041152], [80.2372164, 13.1044499], [80.2372265, 13.1046472], [80.2372494, 13.1049945], [80.2372852, 13.1056593], [80.2373446, 13.105865], [80.237304, 13.1061034], [80.2373055, 13.1061346], [80.2373293, 13.1066061], [80.2373449, 13.1068875], [80.2373546, 13.1070615], [80.237328, 13.1072088], [80.2372744, 13.1073343], [80.2370985, 13.1076498], [80.2367417, 13.107667], [80.2360804, 13.1077053], [80.2356228, 13.1077294], [80.2346959, 13.1077572], [80.2334646, 13.1078479], [80.2328217, 13.1078815], [80.2322731, 13.1079116], [80.23185, 13.1079341], [80.2314142, 13.1079584], [80.2310059, 13.1079809], [80.2305581, 13.1080065], [80.2301408, 13.108026], [80.2296849, 13.1080552], [80.2295606, 13.108064], [80.2289906, 13.1081076], [80.2286771, 13.1081351], [80.2279081, 13.1082226], [80.2259708, 13.1084489], [80.2247826, 13.1085893], [80.2237219, 13.1087126], [80.2226199, 13.1088437], [80.2211765, 13.1090096], [80.220166, 13.1091294], [80.218735, 13.1092963], [80.2175092, 13.1094083], [80.2170256, 13.109491], [80.2170139, 13.1094663], [80.2169646, 13.1095015], [80.2158367, 13.10963], [80.2146339, 13.1097744], [80.2136796, 13.1098865], [80.2131972, 13.1099418], [80.2126055, 13.1100107], [80.2121946, 13.1100576], [80.2108362, 13.1102179], [80.2103001, 13.1102807], [80.2095368, 13.1103673], [80.2091364, 13.1104126], [80.2085579, 13.1104816], [80.2076995, 13.1105881], [80.2074938, 13.1106163], [80.2067145, 13.1107449], [80.2066448, 13.110739], [80.2066498, 13.1107775], [80.2066723, 13.1109537], [80.2066918, 13.111117], [80.2067313, 13.111268], [80.2067336, 13.1113597], [80.2067642, 13.111567], [80.206777, 13.1116359], [80.206825, 13.1119946], [80.2068303, 13.1120338], [80.2068391, 13.1120984], [80.2068551, 13.1122985], [80.2068594, 13.1123916], [80.2068612, 13.112432], [80.2068661, 13.1125394], [80.2068679, 13.1128139], [80.2068536, 13.1130322], [80.2068486, 13.1131224], [80.2068442, 13.1131863], [80.2068376, 13.1132502], [80.206835, 13.1132906], [80.2068349, 13.1133002], [80.206843, 13.1133911], [80.2068413, 13.1136434], [80.2068378, 13.1138695], [80.2068231, 13.1141736], [80.2068192, 13.1142146], [80.2068076, 13.1143402], [80.2067766, 13.1146738], [80.2067714, 13.1147966], [80.206769, 13.1148464], [80.2067645, 13.1151062], [80.2067669, 13.1152056], [80.2067705, 13.1153788], [80.2067733, 13.1153776], [80.2067705, 13.1154343], [80.2067656, 13.1154915], [80.2067623, 13.1155263], [80.2067576, 13.1155832], [80.2067489, 13.1156527], [80.2067302, 13.1157184], [80.2066978, 13.1158312], [80.2066835, 13.115866], [80.2066624, 13.1159068], [80.2066239, 13.1159733], [80.2066117, 13.1159926], [80.2065876, 13.1160312], [80.2065387, 13.1161013], [80.2065152, 13.1161397], [80.2064935, 13.1161792], [80.2064736, 13.1162195], [80.2064556, 13.1162607], [80.2064395, 13.1163026], [80.2064242, 13.1163469], [80.2064109, 13.1163918], [80.2063996, 13.1164372], [80.2063903, 13.1164831], [80.2063831, 13.1165293], [80.2063779, 13.1165758], [80.2063724, 13.1166807], [80.2063694, 13.1167857], [80.2063688, 13.1168908], [80.2063711, 13.1171302], [80.2063716, 13.1171895], [80.2063721, 13.1172403], [80.2063756, 13.1173127], [80.2063876, 13.117424], [80.2063909, 13.1174545], [80.2064085, 13.1176174], [80.2064138, 13.1176661], [80.2064171, 13.1177081], [80.206423, 13.1177498], [80.2064315, 13.117791], [80.2064425, 13.1178316], [80.206456, 13.1178715], [80.20648, 13.1179472], [80.2065017, 13.1180235], [80.2065213, 13.1181004], [80.2065386, 13.1181778], [80.2065452, 13.1182409], [80.2065497, 13.1183042], [80.2065519, 13.1183677], [80.2065519, 13.1184311], [80.2065496, 13.1184945], [80.206539, 13.1187413], [80.2065393, 13.1187432], [80.2065403, 13.1187449], [80.2065418, 13.1187462], [80.2065443, 13.1187469], [80.20648, 13.1187435], [80.2064294, 13.1187407], [80.2063742, 13.118744], [80.2063189, 13.1187453], [80.2062637, 13.1187448], [80.2062084, 13.1187424], [80.2061533, 13.118738], [80.2060984, 13.1187319], [80.2057645, 13.1186845], [80.2057295, 13.1186808], [80.2055701, 13.118665], [80.2051624, 13.11863], [80.2050755, 13.1186195], [80.2047071, 13.1185743], [80.2047052, 13.1185737], [80.2047036, 13.1185725], [80.2047026, 13.1185708], [80.2047022, 13.1185688], [80.2047111, 13.1183091], [80.204714, 13.1182378], [80.2046772, 13.1182364], [80.2046743, 13.1183078], [80.2046618, 13.1185629], [80.2046617, 13.1185637], [80.204661, 13.1185655], [80.2046596, 13.118567], [80.2046578, 13.1185678], [80.2046558, 13.118568], [80.2046205, 13.1185648], [80.2046204, 13.1185648], [80.204495, 13.1185536], [80.204334, 13.1185415], [80.2041735, 13.1185317], [80.2041597, 13.1185337], [80.204114, 13.1185319], [80.2040639, 13.1185327], [80.204011, 13.1185294], [80.2039632, 13.1185269], [80.2039171, 13.1185205], [80.2038708, 13.1185163], [80.2038243, 13.1185143], [80.2037778, 13.1185146], [80.2037313, 13.118517], [80.203685, 13.1185217], [80.2036625, 13.1185252], [80.2036605, 13.1185252], [80.2036587, 13.1185244], [80.2036572, 13.1185231], [80.2036563, 13.1185213], [80.2036562, 13.1185208], [80.2036485, 13.118479], [80.203642, 13.1184315], [80.2036377, 13.1183839], [80.2036331, 13.1183524], [80.2036307, 13.1183207], [80.2036304, 13.1182889], [80.2036322, 13.1182572], [80.2035904, 13.1182549], [80.2035885, 13.118288], [80.2035889, 13.1183225], [80.2035915, 13.1183569], [80.2035961, 13.1183886], [80.2036004, 13.1184361], [80.2036071, 13.1184854], [80.2036148, 13.1185271], [80.2036148, 13.1185291], [80.2036141, 13.118531], [80.2036128, 13.1185324], [80.203611, 13.1185333], [80.2036103, 13.1185335], [80.2035673, 13.1185403], [80.20345, 13.1185611], [80.2034007, 13.1185708], [80.2033987, 13.1185708], [80.2033968, 13.1185702], [80.2033953, 13.1185689], [80.2033944, 13.1185671], [80.2033941, 13.1185654], [80.2033945, 13.1185252], [80.2033951, 13.1184724], [80.2033985, 13.118419], [80.2034074, 13.1183186], [80.2034074, 13.1183185], [80.2033606, 13.1183058], [80.2033509, 13.1184155], [80.2033474, 13.1184706], [80.2033467, 13.1185258], [80.203347, 13.1185349], [80.2033487, 13.1185764], [80.2033484, 13.1185784], [80.2033474, 13.1185801], [80.2033459, 13.1185813], [80.2033443, 13.1185819], [80.2033433, 13.1185821], [80.2033381, 13.1185832], [80.2033378, 13.1185832], [80.2033331, 13.1185841], [80.203237, 13.1186018], [80.2031405, 13.1186176], [80.2030437, 13.1186315], [80.2029466, 13.1186434], [80.2028075, 13.1186655], [80.2027838, 13.1186662], [80.202764, 13.1186682], [80.2027444, 13.1186716], [80.2027189, 13.1186697], [80.2027118, 13.1186647], [80.2026938, 13.118638], [80.2026773, 13.1186104], [80.2026625, 13.1185819], [80.2026592, 13.1185742], [80.2026551, 13.1185596], [80.2026394, 13.1185057], [80.2026242, 13.1184606], [80.2026079, 13.1184179], [80.2025709, 13.1184303], [80.2025528, 13.1183879], [80.202533, 13.1183463], [80.2025115, 13.1183055], [80.2024655, 13.1182115], [80.2024414, 13.118166], [80.202418, 13.1181184], [80.2024016, 13.1180761], [80.2023766, 13.118022], [80.202325, 13.1179273], [80.2022712, 13.1178338], [80.2022153, 13.1177414], [80.2020944, 13.1175628], [80.202064, 13.1175179], [80.2019804, 13.1173944], [80.2019598, 13.1173638], [80.2018295, 13.1171585], [80.2018045, 13.1171191], [80.2017165, 13.1169805], [80.2016888, 13.1169394], [80.201661, 13.1168978], [80.2016369, 13.1168655], [80.2015991, 13.116826], [80.201572, 13.1167641], [80.2015565, 13.116722], [80.2015439, 13.1166797], [80.2015239, 13.1166104], [80.2015069, 13.1165397], [80.2014932, 13.1164689], [80.2014857, 13.11643], [80.2014765, 13.1163922], [80.2014656, 13.1163549], [80.2014529, 13.1163181], [80.2014385, 13.1162819], [80.2014217, 13.1162451], [80.2014031, 13.1161979], [80.2013829, 13.1161529], [80.2013609, 13.1161087], [80.2013369, 13.1160656], [80.2013111, 13.1160234], [80.2012825, 13.115981], [80.2012624, 13.1159465], [80.2012469, 13.115923], [80.2012316, 13.1159017], [80.2012186, 13.1158842], [80.2011942, 13.1158549], [80.2011676, 13.1158264], [80.2011383, 13.1157955], [80.20111, 13.1157627], [80.201083, 13.1157283], [80.2009921, 13.1155948], [80.2009848, 13.1155835], [80.2009594, 13.1155439], [80.2009291, 13.1154919], [80.200914, 13.115463], [80.2008995, 13.1154347], [80.2007811, 13.11518], [80.2007766, 13.1151709], [80.2007588, 13.1151353], [80.2007349, 13.1150876], [80.2006969, 13.1150116], [80.200647, 13.1149324], [80.2006117, 13.1148703], [80.2005951, 13.1148337], [80.200585, 13.1148099], [80.2005581, 13.1147505], [80.2005264, 13.1146776], [80.200517, 13.114656], [80.2005024, 13.1146225], [80.2004915, 13.1145951], [80.2004752, 13.1145474], [80.2004106, 13.1143712], [80.2003713, 13.1142742], [80.2003057, 13.1141286], [80.2003023, 13.1141225], [80.2002979, 13.1141161], [80.2002621, 13.1140673], [80.2002595, 13.1140624], [80.2002549, 13.114059], [80.2001753, 13.1139872], [80.2000937, 13.1139176], [80.1999816, 13.1138214], [80.1999493, 13.1137932], [80.199918, 13.1137628], [80.1998882, 13.1137308], [80.1998602, 13.1136974], [80.1998341, 13.1136626], [80.1998098, 13.1136266], [80.199702, 13.1134482], [80.1996921, 13.1134311], [80.1996735, 13.1133988], [80.1995539, 13.1131923], [80.1995526, 13.1131908], [80.1995508, 13.1131898], [80.1995488, 13.1131896], [80.1995477, 13.1131898], [80.1995091, 13.1131742], [80.1994301, 13.1130139], [80.1993588, 13.1128638], [80.1993437, 13.1128296], [80.1993426, 13.112828], [80.199341, 13.1128269], [80.1993391, 13.1128263], [80.1993371, 13.1128265], [80.1990478, 13.1129091], [80.1990405, 13.1128845], [80.1993252, 13.1128032], [80.199327, 13.1128023], [80.1993284, 13.1128008], [80.1993291, 13.112799], [80.1993291, 13.112797], [80.1993288, 13.1127958], [80.1989278, 13.1120668], [80.1988238, 13.1118761], [80.1987997, 13.1118409], [80.1987962, 13.1118357], [80.1987913, 13.1118333], [80.1987946, 13.1118334], [80.1987252, 13.1117317], [80.1961274, 13.1080217], [80.1956229, 13.1072504], [80.1952952, 13.1066088], [80.1950951, 13.1060282], [80.194961, 13.1053915], [80.1949246, 13.1050745], [80.194879, 13.1041398], [80.194808, 13.1026847], [80.1948633, 13.1019535], [80.1948073, 13.1019481], [80.1947731, 13.1019412], [80.1947679, 13.1017986], [80.1947682, 13.1017], [80.19477, 13.101594], [80.1947742, 13.1015062], [80.1947879, 13.1013479], [80.1947979, 13.101265], [80.1948101, 13.1011854], [80.1948229, 13.1011167], [80.19484, 13.1010395], [80.194875, 13.1009054], [80.1948982, 13.1008338], [80.1949455, 13.1007086], [80.1949579, 13.1006783], [80.1950088, 13.1005639], [80.1950436, 13.1004953], [80.1951003, 13.1003911], [80.1951525, 13.1003014], [80.1952514, 13.1001521], [80.1951188, 13.0992862], [80.1951495, 13.0987639], [80.1951461, 13.0985999], [80.1951376, 13.0983681], [80.1951249, 13.098054], [80.1951195, 13.0977843], [80.1951158, 13.0976105], [80.1951349, 13.0975593], [80.1952856, 13.0971538], [80.1952942, 13.0970785], [80.1953044, 13.0970754], [80.1953139, 13.0970703], [80.1954166, 13.0970419], [80.1954034, 13.0966089], [80.1954021, 13.0964952], [80.1954062, 13.096294], [80.1953779, 13.0959326], [80.1953741, 13.0956821], [80.1953694, 13.0955851], [80.1953643, 13.0953465], [80.1953575, 13.0951629], [80.1953564, 13.0950614], [80.195342, 13.0947633], [80.1953395, 13.0946222], [80.1953405, 13.0945238], [80.1953303, 13.0944339], [80.1953327, 13.0943628], [80.1953288, 13.0943412], [80.1953275, 13.0942655], [80.1953244, 13.0940681], [80.195315, 13.0938645], [80.1953099, 13.093843], [80.1953035, 13.0937241], [80.1952801, 13.0936091], [80.1952786, 13.0935407], [80.1952689, 13.0932171], [80.195269, 13.0931433], [80.1956145, 13.0931353], [80.1958371, 13.0931323], [80.1958284, 13.093011], [80.1958881, 13.0930101], [80.1958278, 13.0930074], [80.1958291, 13.0930053], [80.195828, 13.0930054], [80.1958201, 13.0928351], [80.1958126, 13.0926143], [80.1958071, 13.0924676], [80.1957988, 13.0922491], [80.1957897, 13.091984], [80.1957826, 13.0918358], [80.1957772, 13.091633], [80.1957759, 13.0915987], [80.1958359, 13.0916004], [80.197284, 13.0915493], [80.1973999, 13.0915583], [80.1975265, 13.0915638], [80.1975394, 13.0914084], [80.1984773, 13.0913915], [80.1984759, 13.0910695], [80.1984767, 13.0910695], [80.1984753, 13.0909385], [80.1984702, 13.0903337], [80.1984699, 13.0902712], [80.1984687, 13.090042], [80.1984667, 13.0895712], [80.1984641, 13.0893187], [80.1984636, 13.0892664], [80.1984633, 13.08924], [80.1984615, 13.0889688], [80.1984607, 13.0889578], [80.1984613, 13.0889399], [80.1984602, 13.0887545], [80.1984597, 13.0886792], [80.1984591, 13.0885762], [80.1984567, 13.0881787], [80.1984562, 13.0879549], [80.1984561, 13.0879216], [80.198458, 13.0878867], [80.1984616, 13.0877391], [80.1984612, 13.0876105], [80.1984603, 13.0875209], [80.1984441, 13.086966], [80.1984363, 13.0869806], [80.1984268, 13.0869941], [80.1984158, 13.0870065], [80.1984033, 13.0870175], [80.1983896, 13.087027], [80.1983748, 13.0870349], [80.1983592, 13.0870409], [80.1983429, 13.0870451], [80.1983263, 13.0870474], [80.1980327, 13.0870737], [80.1977937, 13.0870886], [80.1976378, 13.0870965], [80.1975105, 13.0871025], [80.197466, 13.0871048], [80.1972069, 13.0871184], [80.197058, 13.087124], [80.1969297, 13.0871283], [80.1967193, 13.0871335], [80.1964505, 13.0871405], [80.1962706, 13.087146], [80.1962698, 13.0871459], [80.1962679, 13.0871454], [80.1962663, 13.0871442], [80.1962652, 13.0871425], [80.1962649, 13.0871406], [80.1962625, 13.0867662], [80.1962596, 13.0866904], [80.1962575, 13.086639], [80.1962582, 13.0866409], [80.1962595, 13.0866424], [80.1962613, 13.0866433], [80.1962633, 13.0866436], [80.1963803, 13.0866377], [80.1965484, 13.0866353], [80.1968197, 13.0866278], [80.1971087, 13.0865825], [80.1971082, 13.0865555], [80.1970706, 13.0863308], [80.1970704, 13.0863082], [80.1970769, 13.0862183], [80.197077, 13.0861957], [80.1970273, 13.0861247], [80.1970265, 13.0860884], [80.197092, 13.0859007], [80.1970916, 13.0858674], [80.1971727, 13.0858639], [80.1971752, 13.0858632], [80.1971768, 13.085862], [80.1971778, 13.0858603], [80.1971781, 13.0858583], [80.1971763, 13.0857883], [80.1971723, 13.0856545], [80.1971702, 13.0856174], [80.1971682, 13.0855827], [80.1971642, 13.0855129], [80.1971615, 13.0853188], [80.1971612, 13.085282], [80.1971576, 13.0852396], [80.197157, 13.0852004], [80.1971546, 13.0850723], [80.1971512, 13.0849464], [80.1971263, 13.0849458], [80.1971187, 13.0849444], [80.1971121, 13.0849406], [80.197107, 13.084935], [80.1971041, 13.084928], [80.1971025, 13.0848492], [80.1971008, 13.0846911], [80.1971006, 13.0845815], [80.1971007, 13.0844187], [80.1970979, 13.0842327], [80.1970992, 13.0840918], [80.1970977, 13.0839242], [80.1970963, 13.0838718], [80.1970927, 13.0837235], [80.1970874, 13.0836089], [80.1968913, 13.083616], [80.1968674, 13.0830221], [80.1979041, 13.0829393], [80.1980046, 13.0829321], [80.1982082, 13.0829271], [80.1982641, 13.0829364], [80.1982945, 13.0829365], [80.1983926, 13.0829336], [80.1984005, 13.0829337], [80.1984081, 13.082932], [80.1984151, 13.0829286], [80.1984211, 13.0829236], [80.1984256, 13.0829173], [80.1984286, 13.0829092], [80.1984287, 13.0828241], [80.1984289, 13.0827025], [80.1984291, 13.0826157], [80.198411, 13.0821552], [80.1984101, 13.0819444], [80.1984229, 13.0815404], [80.1984261, 13.0814402], [80.198428, 13.0813802], [80.1984413, 13.0810848], [80.198441, 13.0810829], [80.1984402, 13.0810814], [80.1983365, 13.0809406], [80.1983257, 13.080927], [80.1983152, 13.0809106], [80.1983065, 13.0808933], [80.198301, 13.0808816], [80.1982949, 13.080869], [80.1982846, 13.0808411], [80.1982624, 13.0807745], [80.1982542, 13.0807333], [80.1982398, 13.0806409], [80.1982166, 13.0804506], [80.1982067, 13.0803862], [80.198189, 13.0802446], [80.1981534, 13.079973], [80.1981346, 13.0798552], [80.1981189, 13.0797379], [80.1981113, 13.0796716], [80.1981115, 13.0796293], [80.1981017, 13.0795702], [80.1980958, 13.079516], [80.1980905, 13.079438], [80.1980835, 13.0793188], [80.198075, 13.0792058], [80.1980698, 13.0791514], [80.1980031, 13.0786788], [80.1979803, 13.0785431], [80.1979669, 13.0784555], [80.1980126, 13.0784238], [80.1980435, 13.0783669], [80.1980881, 13.0783235], [80.1982216, 13.0782301], [80.1983039, 13.0781534], [80.1985538, 13.07799], [80.1988001, 13.077897], [80.1989878, 13.0779947], [80.1992166, 13.0780088], [80.1993602, 13.0779892], [80.199463, 13.0779057], [80.1995736, 13.077873], [80.1996788, 13.077913], [80.1998488, 13.0779294], [80.2000714, 13.0778494], [80.2004118, 13.077773], [80.2006492, 13.0776249], [80.2009714, 13.0775545], [80.2015184, 13.077443], [80.2019619, 13.0774265], [80.2024052, 13.0774755], [80.2026497, 13.0775115], [80.20282, 13.0766024], [80.2028594, 13.076392], [80.2028597, 13.0763904], [80.2028598, 13.0763897], [80.2028598, 13.0763896], [80.2028846, 13.0762576], [80.2028598, 13.0762521], [80.2028618, 13.0762521], [80.2028637, 13.0762515], [80.2028653, 13.0762503], [80.2028662, 13.0762485], [80.2028862, 13.0761672], [80.2029151, 13.0760524], [80.2029508, 13.0759129], [80.202975, 13.0758374], [80.2030098, 13.0757234], [80.2030446, 13.075613], [80.203083, 13.0755049], [80.2031087, 13.075433], [80.2031132, 13.0754199], [80.2031165, 13.0754065], [80.2031184, 13.0753928], [80.2031186, 13.0753901], [80.2031165, 13.0752577], [80.2031127, 13.075223], [80.2031115, 13.0752154], [80.2031061, 13.0751842], [80.2030981, 13.0751536], [80.2030958, 13.075147], [80.2030948, 13.0751446], [80.2030926, 13.0751407], [80.2030898, 13.0751373], [80.2029833, 13.0749521], [80.203, 13.0739445], [80.2030002, 13.0739325], [80.2030406, 13.0739246], [80.2031455, 13.0738951], [80.2033155, 13.0738527], [80.2034429, 13.0738237], [80.2035403, 13.0738018], [80.2038081, 13.0737505], [80.2038264, 13.0737475], [80.203862, 13.0737418], [80.2040643, 13.0737091], [80.2041782, 13.0736931], [80.204239, 13.0736852], [80.2042476, 13.0736841], [80.2043401, 13.0736746], [80.204521, 13.0736516], [80.2046876, 13.0736287], [80.2047505, 13.0736218], [80.2048133, 13.0736179], [80.2048777, 13.0736167], [80.204914, 13.0736153], [80.2049271, 13.0736146], [80.2049754, 13.0736089], [80.2050243, 13.0736013], [80.2051252, 13.0735773], [80.2053211, 13.0735475], [80.205383, 13.0735341], [80.2054438, 13.073518], [80.2055025, 13.0734998], [80.2057581, 13.0734264], [80.2058866, 13.0733911], [80.20611, 13.0733387], [80.2062565, 13.0733093], [80.2063172, 13.0732991], [80.2064576, 13.0732777], [80.2065983, 13.0732569], [80.2067343, 13.0732398], [80.2067392, 13.0732392], [80.2068812, 13.0732245], [80.2070027, 13.0732096], [80.2070647, 13.0731974], [80.2071255, 13.0731823], [80.207158, 13.0731725], [80.2071951, 13.0731609], [80.2074256, 13.0730814], [80.2075277, 13.0730437], [80.2076294, 13.0730081], [80.2076755, 13.0729935], [80.2077221, 13.0729808], [80.2077689, 13.0729698], [80.2078542, 13.0729542], [80.207879, 13.0729479], [80.2081063, 13.0728826], [80.2082021, 13.0728542], [80.2082436, 13.0728423], [80.2084545, 13.0727897], [80.2085474, 13.0727706], [80.2086857, 13.0727557], [80.2088254, 13.0727318], [80.208946, 13.0727083], [80.2090812, 13.072674], [80.2091366, 13.07266], [80.2094138, 13.0725916], [80.2096252, 13.0725417], [80.2096656, 13.0725308], [80.2097057, 13.0725177], [80.2097451, 13.0725027], [80.2097833, 13.0724858], [80.209815, 13.0724705], [80.2098457, 13.0724583], [80.2098774, 13.0724484], [80.209909, 13.072441], [80.2100585, 13.0724225], [80.2101459, 13.0724129], [80.2101695, 13.0724109], [80.2101715, 13.0724111], [80.2101733, 13.072412], [80.2101746, 13.0724135], [80.2101754, 13.0724153], [80.2101718, 13.0723677], [80.2101652, 13.072281], [80.2101566, 13.0720946], [80.2101499, 13.0719914], [80.2101377, 13.0718332], [80.2101376, 13.0718327], [80.2101369, 13.0718308], [80.2101356, 13.0718294], [80.2101338, 13.0718284], [80.2101318, 13.0718282], [80.209984, 13.0718379], [80.2098291, 13.0718478], [80.2097402, 13.0718535], [80.2097158, 13.0718563], [80.2096927, 13.0718614], [80.2096691, 13.0718691], [80.2095806, 13.0718952], [80.2095064, 13.0719175], [80.2095046, 13.0719184], [80.2095032, 13.0719199], [80.2095025, 13.0719217], [80.2095026, 13.0719239], [80.2094903, 13.0718744], [80.2094752, 13.0718193], [80.2094397, 13.0716772], [80.209417, 13.0714935], [80.2093968, 13.0713116], [80.2093969, 13.07131], [80.2093976, 13.0713082], [80.209399, 13.0713067], [80.2094008, 13.0713058], [80.2095124, 13.0712741], [80.2095025, 13.0712404], [80.2093218, 13.070733], [80.209116, 13.0699971], [80.2090856, 13.0700048], [80.2090815, 13.0700059], [80.2090807, 13.0700062], [80.2090403, 13.0700167], [80.2089293, 13.0700421], [80.2088911, 13.0700508], [80.20889, 13.070051], [80.208888, 13.0700507], [80.2088862, 13.0700497], [80.208885, 13.0700481], [80.2088844, 13.0700462], [80.2088661, 13.0699033], [80.2088599, 13.0698548], [80.2088379, 13.0696739], [80.2088337, 13.0696747], [80.2088121, 13.0694749], [80.2087997, 13.0693799], [80.2086181, 13.0674689], [80.2091146, 13.0661521], [80.2091257, 13.0647104], [80.2089543, 13.0639834], [80.2089572, 13.0638997], [80.2087336, 13.0627931], [80.207418, 13.0615276], [80.2073729, 13.0614559], [80.2073226, 13.0613689], [80.2073153, 13.0613606], [80.2073062, 13.0613543], [80.2072958, 13.0613502], [80.2072808, 13.0613444], [80.2072669, 13.0613366], [80.2072599, 13.0613312], [80.2072542, 13.0613269], [80.2072453, 13.0613157], [80.2072385, 13.0613033], [80.2072339, 13.0612898], [80.2072317, 13.0612758], [80.207211, 13.0611599], [80.2071976, 13.0610983], [80.2071844, 13.0610257], [80.2071695, 13.0609695], [80.2073587, 13.0609351], [80.2073895, 13.0609295], [80.2074924, 13.0609362], [80.2075677, 13.060934], [80.2076499, 13.0609217], [80.207715, 13.0609113], [80.2077775, 13.060887], [80.2078392, 13.0608333], [80.2078744, 13.0608021], [80.2079692, 13.0607577], [80.2080208, 13.0607336], [80.208464, 13.0606287], [80.2086501, 13.0605943], [80.2089749, 13.0604923], [80.2093203, 13.0602622], [80.2093121, 13.060236], [80.2092731, 13.0601488], [80.2092818, 13.0601393], [80.2092684, 13.0600722], [80.2092683, 13.0600707], [80.2092748, 13.0599967], [80.2092948, 13.0598782], [80.2093189, 13.0598815], [80.2093374, 13.0598833], [80.2095969, 13.0598939], [80.2098324, 13.0598967], [80.2100197, 13.0598982], [80.2102517, 13.0598984], [80.2103386, 13.0598973], [80.2106704, 13.059918], [80.2107759, 13.0597599], [80.2107886, 13.0597417], [80.2108062, 13.059716], [80.2108273, 13.0596831], [80.2108507, 13.0596397], [80.210872, 13.0595994], [80.2108893, 13.0595673], [80.2109385, 13.0594793], [80.2110115, 13.0593603], [80.2111264, 13.0591907], [80.2112115, 13.0590626], [80.211291, 13.0589518], [80.2113616, 13.0588564], [80.2113918, 13.0588227], [80.211435, 13.0587744], [80.2114485, 13.0587593], [80.2117076, 13.0585512], [80.2117172, 13.0585543], [80.2117317, 13.058557], [80.2117913, 13.058549], [80.2118506, 13.0585389], [80.2119095, 13.0585267], [80.212006, 13.058501], [80.2121031, 13.0584771], [80.2122006, 13.0584552], [80.2122934, 13.058436], [80.2123857, 13.0584149], [80.2124776, 13.0583921], [80.2125139, 13.0583832], [80.2125619, 13.0583699], [80.2125766, 13.0583656], [80.2126251, 13.0583491], [80.2126728, 13.0583304], [80.2127196, 13.0583096], [80.2127462, 13.0582949], [80.2127738, 13.0582821], [80.2128023, 13.0582713], [80.2128314, 13.0582624], [80.2128611, 13.0582555], [80.2128901, 13.0582516], [80.2129285, 13.0582479], [80.2129674, 13.0582463], [80.2130064, 13.0582468], [80.2130453, 13.0582494], [80.2130839, 13.0582541], [80.2131212, 13.0582607], [80.2132891, 13.0583091], [80.2134686, 13.0583712], [80.2136489, 13.0584314], [80.2138297, 13.0584897], [80.2138653, 13.0584984], [80.2139014, 13.0585048], [80.2139402, 13.0585091], [80.2139761, 13.058511], [80.2139768, 13.0585111], [80.2140135, 13.0585108], [80.2140823, 13.0585084], [80.2141504, 13.0585079], [80.2141512, 13.0585079], [80.21422, 13.0585094], [80.2142888, 13.0585128], [80.214727, 13.0585268], [80.2147273, 13.0585268], [80.2147986, 13.0585275], [80.2148724, 13.058526], [80.2149461, 13.0585223], [80.2150197, 13.0585153], [80.2150935, 13.0585106], [80.2151674, 13.0585082], [80.2152386, 13.0585081], [80.2152414, 13.0585081], [80.2153153, 13.0585104], [80.2153819, 13.0585148], [80.2154486, 13.0585172], [80.2155154, 13.0585177], [80.2155821, 13.0585161], [80.2156488, 13.0585125], [80.2157609, 13.0585021], [80.2158732, 13.0584937], [80.2159857, 13.0584873], [80.2160978, 13.0584829], [80.2162107, 13.0584805], [80.2163233, 13.0584801], [80.2164359, 13.0584816], [80.2164777, 13.0584878], [80.2165191, 13.058496], [80.21656, 13.0585063], [80.2166004, 13.0585187], [80.21664, 13.058533], [80.2166788, 13.0585493], [80.2167168, 13.0585676], [80.2167546, 13.058584], [80.2167934, 13.0585981], [80.2168329, 13.0586099], [80.2168731, 13.0586194], [80.2169138, 13.0586266], [80.2169549, 13.0586314], [80.217146, 13.0586374], [80.2173369, 13.0586465], [80.2175277, 13.0586586], [80.21765, 13.0586634], [80.2177722, 13.0586703], [80.2178943, 13.058679], [80.2179778, 13.0586876], [80.2180504, 13.0586946], [80.2181491, 13.0587032], [80.2181682, 13.0587046], [80.2182767, 13.0587125], [80.2182998, 13.0587169], [80.2184074, 13.0587375], [80.2185384, 13.0587603], [80.2186699, 13.0587811], [80.2188016, 13.0587998], [80.2189336, 13.0588163], [80.2190043, 13.0588223], [80.2190748, 13.0588303], [80.219145, 13.0588403], [80.2192148, 13.0588524], [80.2192843, 13.0588665], [80.2193533, 13.0588826], [80.2193671, 13.0588893], [80.21938, 13.0588976], [80.2193918, 13.0589074], [80.2194023, 13.0589185], [80.2194114, 13.0589307], [80.2194188, 13.0589439], [80.2194246, 13.058958], [80.219449, 13.0590444], [80.2194704, 13.0591315], [80.2194888, 13.0592193], [80.219494, 13.0592381], [80.2195011, 13.0592563], [80.2195101, 13.0592738], [80.2195207, 13.0592903], [80.2195329, 13.0593056], [80.2195466, 13.0593198], [80.2195617, 13.0593325], [80.219578, 13.0593437], [80.2195953, 13.0593533], [80.2196135, 13.0593611], [80.2196503, 13.0593724], [80.2196888, 13.059382], [80.2197278, 13.0593898], [80.2197671, 13.0593956], [80.2197851, 13.0593973], [80.2198715, 13.0594013], [80.2198869, 13.0594013], [80.2199294, 13.0594032], [80.2199718, 13.0594072], [80.2200139, 13.0594131], [80.2200557, 13.0594209], [80.2200971, 13.0594307], [80.220138, 13.0594424], [80.2201782, 13.0594559], [80.2202175, 13.0594712], [80.2206122, 13.0596396], [80.2206426, 13.0596526], [80.2206513, 13.0596575], [80.2206648, 13.0596666], [80.2206773, 13.0596771], [80.220685, 13.0596853], [80.2207389, 13.0597428], [80.2208135, 13.0598344], [80.2208908, 13.0599531], [80.2209162, 13.0599874], [80.220944, 13.0600198], [80.2209741, 13.0600501], [80.2210059, 13.0600789], [80.2210389, 13.0601062], [80.221073, 13.0601322], [80.2211459, 13.0601839], [80.2211667, 13.0601924], [80.221195, 13.0602035], [80.2212265, 13.060216], [80.2212588, 13.0602262], [80.2212741, 13.060231], [80.2212749, 13.060234], [80.2212757, 13.0602371], [80.2212926, 13.0602916], [80.2212943, 13.0602971], [80.2212942, 13.0602971], [80.2213115, 13.0603641], [80.2213449, 13.0604828], [80.2214061, 13.0606679], [80.2214213, 13.0607138], [80.221457, 13.0608217], [80.2214815, 13.0608997], [80.2215109, 13.0609871], [80.2215402, 13.0610681], [80.2215564, 13.0611205], [80.2215712, 13.0611647], [80.2215821, 13.0611962], [80.2216062, 13.0612599], [80.221632, 13.061322], [80.2216549, 13.0613812], [80.2216753, 13.0614409], [80.2216935, 13.0615014], [80.2217061, 13.061541], [80.2217191, 13.061581], [80.2217475, 13.061668], [80.221798, 13.0618148], [80.2218477, 13.06196], [80.2218523, 13.0619721], [80.221867, 13.0620107], [80.2218837, 13.0620594], [80.2218989, 13.06211], [80.2219123, 13.0621611], [80.221945, 13.0622882], [80.2219519, 13.0623185], [80.2219627, 13.062366], [80.2219649, 13.0623758], [80.2220096, 13.062541], [80.2220545, 13.0626923], [80.222098, 13.0628338], [80.2221091, 13.0628728], [80.2221138, 13.0628895], [80.2221254, 13.0629415], [80.2221339, 13.062994], [80.2221357, 13.0630252], [80.2221355, 13.0630564], [80.2221335, 13.0630875], [80.2221295, 13.0631185], [80.2221237, 13.0631492], [80.2221177, 13.0631631], [80.2221072, 13.0631828], [80.2221027, 13.0631922], [80.2220966, 13.063208], [80.2220923, 13.0632243], [80.2220928, 13.0632413], [80.2221034, 13.0633336], [80.2221238, 13.0635363], [80.2221482, 13.0637419], [80.2221583, 13.063824], [80.2221607, 13.0638257], [80.2222161, 13.0638188], [80.2222214, 13.0638591], [80.2222211, 13.0638593], [80.2222194, 13.0638604], [80.2222183, 13.063862], [80.2222178, 13.0638639], [80.222218, 13.0638659], [80.2222315, 13.0639079], [80.22225, 13.0639615], [80.2222713, 13.0640308], [80.2222906, 13.0641008], [80.2223078, 13.0641713], [80.2223229, 13.0642422], [80.222336, 13.0643135], [80.2223468, 13.0643678], [80.2223584, 13.0644266], [80.2224108, 13.0646899], [80.2224747, 13.0650316], [80.2224875, 13.0650949], [80.2224333, 13.0651053], [80.2224707, 13.065291], [80.2224856, 13.0653832], [80.2224932, 13.0654237], [80.2225031, 13.0654767], [80.2225155, 13.0655352], [80.2225228, 13.0655695], [80.2225448, 13.0656623], [80.2225625, 13.0657291], [80.222578, 13.0657956], [80.2225959, 13.0658751], [80.2226089, 13.0659266], [80.2226383, 13.0660457], [80.2226403, 13.0660521], [80.2226439, 13.0660627], [80.2226462, 13.0660684], [80.2226578, 13.0660987], [80.2226727, 13.0661269], [80.2226749, 13.0661305], [80.2226775, 13.0661358], [80.2226926, 13.0661884], [80.222694, 13.066193], [80.2227031, 13.0661935], [80.2227171, 13.0661958], [80.2227308, 13.0661996], [80.222744, 13.0662049], [80.2227565, 13.0662115], [80.2227682, 13.0662195], [80.2227789, 13.0662287], [80.2227882, 13.0662385], [80.2228024, 13.0662587], [80.2228159, 13.066281], [80.2228276, 13.0663042], [80.2228377, 13.0663281], [80.222846, 13.0663527], [80.2228525, 13.0663777], [80.2228573, 13.0664041], [80.2228727, 13.0665012], [80.2228901, 13.0665988], [80.222901, 13.0666536], [80.2229165, 13.0667308], [80.2229206, 13.0667506], [80.2229298, 13.066805], [80.2229372, 13.066861], [80.2229422, 13.0668909], [80.2229492, 13.066921], [80.2229583, 13.0669506], [80.2229688, 13.0669782], [80.2230223, 13.0671222], [80.2230226, 13.0671235], [80.2230227, 13.0671241], [80.2230223, 13.0671261], [80.2230212, 13.0671277], [80.2230196, 13.0671289], [80.2230183, 13.0671293], [80.2230177, 13.0671295], [80.222992, 13.0671349], [80.2230061, 13.0671808], [80.2230111, 13.0671953], [80.2230169, 13.0672128], [80.2230572, 13.0673321], [80.2230986, 13.0674549], [80.223143, 13.0675938], [80.2231523, 13.0676258], [80.2231842, 13.0677435], [80.2233246, 13.0677368], [80.2234483, 13.0676944], [80.2236348, 13.0676427], [80.2237997, 13.067572], [80.2238458, 13.0675413], [80.2240421, 13.067466], [80.2243256, 13.0673885], [80.2243813, 13.0673934], [80.2244611, 13.0674103], [80.2245652, 13.0674224], [80.2246693, 13.0674156], [80.2248002, 13.0673614], [80.2250354, 13.067253], [80.2251639, 13.0672083], [80.225314, 13.0671873], [80.2254425, 13.067145], [80.225574, 13.0670709], [80.2255807, 13.0670671], [80.2256238, 13.0670517], [80.2256239, 13.067052], [80.2256577, 13.0670386], [80.2259212, 13.0670019], [80.2261232, 13.0670836], [80.2261705, 13.067094], [80.2262552, 13.067104], [80.2263445, 13.0671005], [80.2264271, 13.0670811], [80.226619, 13.0670127], [80.2266492, 13.0670106], [80.2266849, 13.0670262], [80.2267482, 13.0670812], [80.2268067, 13.0671157], [80.2268859, 13.0671412], [80.226949, 13.0671508], [80.2270396, 13.0671472], [80.2271783, 13.0671262], [80.2272759, 13.0671089], [80.227473, 13.0670441], [80.2275725, 13.067029], [80.2276902, 13.0670003], [80.227759, 13.0669804], [80.2278649, 13.0669582], [80.2279416, 13.0669575], [80.2280053, 13.0669777], [80.228041, 13.0670226], [80.2280733, 13.0670719], [80.2281233, 13.0671957], [80.228161, 13.067277], [80.2281934, 13.067347], [80.22826, 13.0674258], [80.2283092, 13.0675361], [80.2283354, 13.0676873], [80.2283511, 13.0677492], [80.2283639, 13.0678494], [80.2283905, 13.0679116], [80.2284535, 13.0681515], [80.228454, 13.0681534], [80.2284852, 13.0681978], [80.2284503, 13.0682177], [80.2285062, 13.0682278], [80.2284852, 13.0681978]]]}}, {"type": "Feature", "properties": {"zone": "X", "zone_name": "KODAMBAKKAM", "region": "Central"}, "geometry": {"type": "Polygon", "coordinates": [[[80.2091767, 13.0603579], [80.2091196, 13.0603959], [80.2089749, 13.0604923], [80.2086501, 13.0605943], [80.208464, 13.0606287], [80.2080208, 13.0607336], [80.2079692, 13.0607577], [80.2078744, 13.0608021], [80.2078392, 13.0608333], [80.2077775, 13.060887], [80.207715, 13.0609113], [80.2076499, 13.0609217], [80.2075677, 13.060934], [80.2074924, 13.0609362], [80.2073895, 13.0609295], [80.2073587, 13.0609351], [80.2072335, 13.0609579], [80.2071696, 13.06097], [80.2071844, 13.0610257], [80.2071976, 13.0610983], [80.207211, 13.0611599], [80.2072317, 13.0612758], [80.2072339, 13.0612898], [80.2072385, 13.0613033], [80.2072453, 13.0613157], [80.2072542, 13.0613269], [80.2072599, 13.0613312], [80.2072669, 13.0613366], [80.2072808, 13.0613444], [80.2072958, 13.0613502], [80.2073062, 13.0613543], [80.2073153, 13.0613606], [80.2073226, 13.0613689], [80.2073729, 13.0614559], [80.207418, 13.0615276], [80.2087336, 13.0627931], [80.2089572, 13.0638997], [80.2089543, 13.0639834], [80.2091257, 13.0647104], [80.2091146, 13.0661521], [80.2086181, 13.0674689], [80.2087997, 13.0693799], [80.2088121, 13.0694749], [80.2088337, 13.0696747], [80.2088379, 13.0696739], [80.2088599, 13.0698548], [80.2088661, 13.0699033], [80.2088844, 13.0700462], [80.208885, 13.0700481], [80.2088862, 13.0700497], [80.208888, 13.0700507], [80.20889, 13.070051], [80.2088911, 13.0700508], [80.2089293, 13.0700421], [80.2090403, 13.0700167], [80.2090807, 13.0700062], [80.2090815, 13.0700059], [80.2090856, 13.0700048], [80.209116, 13.0699971], [80.2093218, 13.070733], [80.2095025, 13.0712404], [80.2095124, 13.0712741], [80.2094008, 13.0713058], [80.209399, 13.0713067], [80.2093976, 13.0713082], [80.2093969, 13.07131], [80.2093968, 13.0713116], [80.209417, 13.0714935], [80.2094397, 13.0716772], [80.2094752, 13.0718193], [80.2094903, 13.0718744], [80.2095026, 13.0719239], [80.2095025, 13.0719217], [80.2095032, 13.0719199], [80.2095046, 13.0719184], [80.2095064, 13.0719175], [80.2095806, 13.0718952], [80.2096691, 13.0718691], [80.2096927, 13.0718614], [80.2097158, 13.0718563], [80.2097402, 13.0718535], [80.2098291, 13.0718478], [80.209984, 13.0718379], [80.2101318, 13.0718282], [80.2101338, 13.0718284], [80.2101356, 13.0718294], [80.2101369, 13.0718308], [80.2101376, 13.0718327], [80.2101377, 13.0718332], [80.2101499, 13.0719914], [80.2101566, 13.0720946], [80.2101652, 13.072281], [80.2101718, 13.0723677], [80.2101754, 13.0724153], [80.2101746, 13.0724135], [80.2101733, 13.072412], [80.2101715, 13.0724111], [80.2101695, 13.0724109], [80.2101459, 13.0724129], [80.2100585, 13.0724225], [80.209909, 13.072441], [80.2098774, 13.0724484], [80.2098457, 13.0724583], [80.209815, 13.0724705], [80.2097833, 13.0724858], [80.2097451, 13.0725027], [80.2097057, 13.0725177], [80.2096656, 13.0725308], [80.2096252, 13.0725417], [80.2094138, 13.0725916], [80.2091366, 13.07266], [80.2090812, 13.072674], [80.208946, 13.0727083], [80.2088254, 13.0727318], [80.2086857, 13.0727557], [80.2085474, 13.0727706], [80.2084545, 13.0727897], [80.2082436, 13.0728423], [80.2082021, 13.0728542], [80.2081063, 13.0728826], [80.207879, 13.0729479], [80.2078542, 13.0729542], [80.2077689, 13.0729698], [80.2077221, 13.0729808], [80.2076755, 13.0729935], [80.2076294, 13.0730081], [80.2075277, 13.0730437], [80.2074256, 13.0730814], [80.2071951, 13.0731609], [80.207158, 13.0731725], [80.2071255, 13.0731823], [80.2070647, 13.0731974], [80.2070027, 13.0732096], [80.2068812, 13.0732245], [80.2067392, 13.0732392], [80.2067343, 13.0732398], [80.2065983, 13.0732569], [80.2064576, 13.0732777], [80.2063172, 13.0732991], [80.2062565, 13.0733093], [80.20611, 13.0733387], [80.2058866, 13.0733911], [80.2057581, 13.0734264], [80.2055025, 13.0734998], [80.2054438, 13.073518], [80.205383, 13.0735341], [80.2053211, 13.0735475], [80.2051252, 13.0735773], [80.2050243, 13.0736013], [80.2049754, 13.0736089], [80.2049271, 13.0736146], [80.204914, 13.0736153], [80.2048777, 13.0736167], [80.2048133, 13.0736179], [80.2047505, 13.0736218], [80.2046876, 13.0736287], [80.204521, 13.0736516], [80.2043401, 13.0736746], [80.2042476, 13.0736841], [80.204239, 13.0736852], [80.2041782, 13.0736931], [80.2040643, 13.0737091], [80.203862, 13.0737418], [80.2038264, 13.0737475], [80.2038081, 13.0737505], [80.2035403, 13.0738018], [80.2034429, 13.0738237], [80.2033155, 13.0738527], [80.2031455, 13.0738951], [80.2030406, 13.0739246], [80.2030002, 13.0739325], [80.203, 13.0739445], [80.2029833, 13.0749521], [80.2030898, 13.0751373], [80.2030926, 13.0751407], [80.2030948, 13.0751446], [80.2030958, 13.075147], [80.2030981, 13.0751536], [80.2031061, 13.0751842], [80.2031115, 13.0752154], [80.2031127, 13.075223], [80.2031165, 13.0752577], [80.2031186, 13.0753901], [80.2031184, 13.0753928], [80.2031165, 13.0754065], [80.2031132, 13.0754199], [80.2031087, 13.075433], [80.203083, 13.0755049], [80.2030446, 13.075613], [80.2030098, 13.0757234], [80.202975, 13.0758374], [80.2029508, 13.0759129], [80.2029151, 13.0760524], [80.2028862, 13.0761672], [80.2028662, 13.0762485], [80.2028653, 13.0762503], [80.2028637, 13.0762515], [80.2028618, 13.0762521], [80.2028598, 13.0762521], [80.2028846, 13.0762576], [80.2028598, 13.0763896], [80.2028598, 13.0763897], [80.2028597, 13.0763904], [80.2028594, 13.076392], [80.2026497, 13.0775115], [80.2024052, 13.0774755], [80.2019619, 13.0774265], [80.2015184, 13.077443], [80.2009714, 13.0775545], [80.2006492, 13.0776249], [80.200558, 13.0776663], [80.2004118, 13.077773], [80.2000714, 13.0778494], [80.1998488, 13.0779294], [80.1996788, 13.077913], [80.1995736, 13.077873], [80.199463, 13.0779057], [80.1993602, 13.0779892], [80.1992166, 13.0780088], [80.1989878, 13.0779947], [80.1988001, 13.077897], [80.1985538, 13.07799], [80.1983039, 13.0781534], [80.1982216, 13.0782301], [80.1980881, 13.0783235], [80.1980435, 13.0783669], [80.1980126, 13.0784238], [80.1979669, 13.0784555], [80.1979311, 13.0782219], [80.1979059, 13.0780471], [80.1978795, 13.0778864], [80.1978658, 13.0778235], [80.1978493, 13.0777612], [80.1978284, 13.0777036], [80.1978053, 13.0775322], [80.1977789, 13.0772783], [80.1977293, 13.0770048], [80.1977114, 13.0768834], [80.1977028, 13.0768034], [80.1976945, 13.0766857], [80.197676, 13.0766094], [80.1976633, 13.0764986], [80.1976497, 13.0764084], [80.1976277, 13.0762802], [80.1976126, 13.0761491], [80.1975874, 13.0759576], [80.1975835, 13.0759093], [80.1975908, 13.0758264], [80.1976205, 13.075751], [80.1971632, 13.0756152], [80.1961629, 13.0753926], [80.1956764, 13.0752653], [80.1955415, 13.0752207], [80.1954094, 13.0751687], [80.1950519, 13.0749783], [80.1949292, 13.0748934], [80.1948193, 13.0747948], [80.1947122, 13.0747886], [80.1946328, 13.0747645], [80.1945964, 13.0747826], [80.1945763, 13.0750978], [80.194582, 13.0751453], [80.1945884, 13.0751684], [80.1946101, 13.0752379], [80.1946084, 13.0752706], [80.1945774, 13.0753949], [80.1945237, 13.0756266], [80.1945201, 13.0756401], [80.1944973, 13.0756722], [80.1944784, 13.0756829], [80.1944113, 13.075705], [80.1943379, 13.0757257], [80.1942638, 13.0757436], [80.1942297, 13.0757503], [80.1941952, 13.0757548], [80.1941604, 13.0757572], [80.193502, 13.0757829], [80.1931697, 13.075794], [80.192969, 13.0758256], [80.1925371, 13.0761344], [80.1925069, 13.0761371], [80.1924992, 13.0760548], [80.1924838, 13.0758938], [80.1924651, 13.0757854], [80.1923731, 13.075385], [80.1922971, 13.0750226], [80.1922424, 13.0747796], [80.1922319, 13.0747287], [80.1922239, 13.0746774], [80.1922185, 13.0746258], [80.1921873, 13.0743726], [80.1921719, 13.0742469], [80.1921516, 13.0742576], [80.19217, 13.0742435], [80.1918218, 13.0742488], [80.1915611, 13.0742567], [80.1914718, 13.0742585], [80.1913825, 13.0742578], [80.1912932, 13.0742546], [80.1912041, 13.0742488], [80.1911153, 13.0742406], [80.1910914, 13.0742361], [80.1910287, 13.0742207], [80.1910251, 13.0742168], [80.1909976, 13.0742075], [80.1909598, 13.0741923], [80.1909229, 13.0741752], [80.1908721, 13.0741428], [80.1908226, 13.0741086], [80.1907745, 13.0740724], [80.190728, 13.0740344], [80.190683, 13.0739947], [80.1906396, 13.0739532], [80.1903328, 13.0736647], [80.1901517, 13.073489], [80.1902378, 13.0734809], [80.19027, 13.0734574], [80.190313, 13.0733783], [80.1903377, 13.0732544], [80.1903618, 13.0731513], [80.1904034, 13.0730033], [80.1904391, 13.0729055], [80.190451, 13.0728749], [80.1904726, 13.0727623], [80.1904499, 13.0726994], [80.1912805, 13.0692648], [80.191263, 13.0687941], [80.1912683, 13.0683078], [80.1912696, 13.0680606], [80.1912787, 13.0673597], [80.1912445, 13.0666862], [80.1912513, 13.0663784], [80.1912579, 13.066014], [80.1912312, 13.066006], [80.1912585, 13.0659721], [80.1911193, 13.0659723], [80.1906348, 13.0659633], [80.1902443, 13.0659581], [80.1898694, 13.0659516], [80.1897387, 13.0659541], [80.1897787, 13.0658852], [80.1898464, 13.0657939], [80.1898545, 13.0657855], [80.1898635, 13.0657718], [80.1898695, 13.0657566], [80.1898723, 13.0657405], [80.1898718, 13.0657242], [80.1898678, 13.0657072], [80.1898463, 13.0656686], [80.1898286, 13.0656332], [80.1898126, 13.065597], [80.1897982, 13.0655602], [80.1897859, 13.0655235], [80.1897798, 13.0654965], [80.1897754, 13.0654686], [80.1897727, 13.0654404], [80.1897717, 13.0654078], [80.1897674, 13.0653929], [80.1897603, 13.0653796], [80.1897505, 13.065368], [80.1897247, 13.0653521], [80.1897099, 13.0653484], [80.1896991, 13.065348], [80.1896768, 13.0653448], [80.1896513, 13.0653439], [80.1896377, 13.0653447], [80.1896274, 13.0652802], [80.1897081, 13.0644633], [80.1897133, 13.0644515], [80.1897206, 13.0644293], [80.1897259, 13.0644066], [80.189729, 13.0643836], [80.18973, 13.0643603], [80.1897289, 13.0643371], [80.1897256, 13.064314], [80.1897241, 13.0643012], [80.1897228, 13.0642908], [80.1897218, 13.0642675], [80.1897227, 13.0642442], [80.1897254, 13.064221], [80.18973, 13.0641981], [80.1897363, 13.0641757], [80.1897444, 13.0641537], [80.1897551, 13.0641331], [80.1897676, 13.0641134], [80.1897816, 13.0640948], [80.1897903, 13.0640354], [80.1898976, 13.0639454], [80.1899239, 13.0639237], [80.189953, 13.0639077], [80.1899808, 13.0638946], [80.1900104, 13.0638827], [80.1901762, 13.0638378], [80.1901915, 13.0638314], [80.1902063, 13.0638231], [80.1902201, 13.0638133], [80.1902327, 13.063802], [80.1902438, 13.0637893], [80.1902536, 13.0637754], [80.190349, 13.0636031], [80.1904293, 13.0634801], [80.1905723, 13.0633305], [80.1907601, 13.0631704], [80.1910142, 13.0629438], [80.1912103, 13.0627071], [80.1912824, 13.0626039], [80.1913178, 13.0625526], [80.1913186, 13.0625508], [80.1913187, 13.0625488], [80.191318, 13.0625469], [80.1913168, 13.0625454], [80.191315, 13.0625444], [80.191313, 13.0625441], [80.1912945, 13.0625406], [80.191277, 13.062534], [80.1912623, 13.0625253], [80.1912276, 13.0624995], [80.1911952, 13.0624722], [80.1911648, 13.0624428], [80.1911392, 13.0624114], [80.1910963, 13.0623459], [80.1910525, 13.0622772], [80.1910091, 13.0622125], [80.1909752, 13.0621636], [80.1909429, 13.0621137], [80.1909122, 13.0620628], [80.1908832, 13.062011], [80.1908735, 13.0619998], [80.1908622, 13.0619901], [80.1908495, 13.0619823], [80.1908313, 13.0619438], [80.1906393, 13.0614865], [80.1905331, 13.0612962], [80.1902536, 13.0608842], [80.1901318, 13.0606278], [80.1899746, 13.0603093], [80.1898884, 13.0600569], [80.1898378, 13.0597853], [80.1897161, 13.0595134], [80.1895549, 13.0591871], [80.1893774, 13.0590392], [80.1894261, 13.058905], [80.1894198, 13.0587089], [80.1894175, 13.0587105], [80.1894101, 13.0585387], [80.1894022, 13.0584654], [80.189374, 13.0583482], [80.1893693, 13.0583016], [80.1893734, 13.0582549], [80.1893983, 13.058124], [80.1894004, 13.0579834], [80.1894068, 13.0576609], [80.189403, 13.0574997], [80.1894073, 13.0572015], [80.1894142, 13.0570785], [80.1894205, 13.056642], [80.1894022, 13.0566463], [80.1894039, 13.0566373], [80.1891552, 13.0566309], [80.1890467, 13.0566277], [80.1890165, 13.0563172], [80.1890271, 13.0559459], [80.1890832, 13.0559511], [80.189139, 13.0559586], [80.1891945, 13.0559684], [80.1892495, 13.0559805], [80.1893306, 13.0559993], [80.1893575, 13.0560011], [80.1893845, 13.0560002], [80.1894063, 13.0559972], [80.1894097, 13.0559953], [80.189411, 13.0559915], [80.1894102, 13.0559767], [80.1894182, 13.0558838], [80.1894451, 13.0558057], [80.1894611, 13.0557663], [80.1894988, 13.0556902], [80.1895194, 13.0556557], [80.1895866, 13.0555145], [80.1896176, 13.0554281], [80.1896294, 13.0553687], [80.1896332, 13.0552925], [80.1896268, 13.05523], [80.1896201, 13.0552139], [80.1896133, 13.0551979], [80.1895914, 13.0551707], [80.189495, 13.0551214], [80.1894478, 13.0550951], [80.1894156, 13.055051], [80.1893812, 13.054986], [80.1883064, 13.0551309], [80.1871656, 13.0551353], [80.1871272, 13.0546587], [80.1868695, 13.0546932], [80.1868289, 13.0547048], [80.1866327, 13.0548011], [80.186606, 13.0547539], [80.1866046, 13.0547498], [80.1866025, 13.0547522], [80.1865232, 13.0545519], [80.1864899, 13.0544572], [80.1864142, 13.0542605], [80.1863795, 13.0541651], [80.1863389, 13.0540384], [80.1863321, 13.0540159], [80.1863184, 13.0539457], [80.1863229, 13.0539143], [80.18644, 13.0538994], [80.1864395, 13.0538603], [80.1864398, 13.0538474], [80.1864429, 13.0538349], [80.1864694, 13.0537994], [80.1864719, 13.0537904], [80.1864513, 13.0535743], [80.186439, 13.0532227], [80.1864261, 13.0532015], [80.1860153, 13.0532388], [80.1859355, 13.0526754], [80.185837, 13.0522059], [80.1857147, 13.0522231], [80.1856922, 13.0518535], [80.1856843, 13.0516371], [80.1854191, 13.0516521], [80.1854182, 13.0516125], [80.1854544, 13.0511602], [80.1855318, 13.050643], [80.1856182, 13.0500088], [80.1856615, 13.0496857], [80.1857412, 13.049183], [80.1857403, 13.0490675], [80.1859393, 13.0477281], [80.1860342, 13.0471649], [80.1865262, 13.0472345], [80.1865703, 13.0468723], [80.1865703, 13.0468699], [80.1866013, 13.04667], [80.1866822, 13.0460624], [80.186683, 13.046058], [80.1862299, 13.0459778], [80.1862355, 13.0459381], [80.1866921, 13.045997], [80.1866933, 13.045997], [80.1867605, 13.0456019], [80.1867603, 13.0455583], [80.1867531, 13.0455124], [80.1868591, 13.0456094], [80.1869359, 13.0454972], [80.1871691, 13.045], [80.1871887, 13.0449556], [80.187287, 13.0447833], [80.1874088, 13.044492], [80.1874514, 13.0443849], [80.187507, 13.0442371], [80.1875999, 13.0440022], [80.1876002, 13.0440002], [80.1875999, 13.0439983], [80.1875989, 13.0439966], [80.1875973, 13.0439954], [80.1875969, 13.0439952], [80.1874322, 13.0439253], [80.187303, 13.0438741], [80.1881267, 13.0416306], [80.1881326, 13.0416003], [80.1884042, 13.0392433], [80.1884357, 13.0391776], [80.1884366, 13.0391624], [80.1884521, 13.0388863], [80.1884542, 13.0388487], [80.1884557, 13.0388216], [80.1884684, 13.0386928], [80.1884716, 13.0386605], [80.1884825, 13.0385503], [80.1884909, 13.0383776], [80.1884934, 13.0383264], [80.1884952, 13.0382901], [80.1885052, 13.0380851], [80.1885122, 13.0379631], [80.1885249, 13.0378905], [80.1886025, 13.037931], [80.1886531, 13.0379253], [80.1886246, 13.0373674], [80.1886234, 13.0373116], [80.188625, 13.0372511], [80.1886318, 13.0369906], [80.1886335, 13.0368879], [80.1886344, 13.0368357], [80.1886359, 13.0367452], [80.188641, 13.0364918], [80.1886396, 13.0364916], [80.1886686, 13.0364314], [80.1886785, 13.0361624], [80.1886943, 13.0358572], [80.1886952, 13.0357904], [80.1887071, 13.0357536], [80.1887062, 13.0355749], [80.1887108, 13.035355], [80.1887113, 13.035187], [80.1887088, 13.0349187], [80.1887014, 13.0348755], [80.1887008, 13.0347051], [80.1888333, 13.0346954], [80.1889169, 13.0346746], [80.1889068, 13.0345978], [80.1889122, 13.0345969], [80.1888998, 13.0345439], [80.1888734, 13.0343896], [80.1889083, 13.0335785], [80.1889098, 13.0335785], [80.1889156, 13.0334493], [80.1888844, 13.0322234], [80.1885566, 13.0322329], [80.1884826, 13.0316706], [80.1886143, 13.0312055], [80.1886121, 13.0291086], [80.1886115, 13.0285873], [80.1899349, 13.0280787], [80.190452, 13.0278799], [80.1905489, 13.0273419], [80.1908105, 13.0271984], [80.1910889, 13.0270456], [80.1910135, 13.026274], [80.1910643, 13.0261004], [80.1912269, 13.0255452], [80.1919056, 13.0262353], [80.1931429, 13.0271947], [80.1933305, 13.0273195], [80.19349, 13.0275444], [80.1936448, 13.0278043], [80.1938385, 13.0280566], [80.1939624, 13.0282172], [80.1940323, 13.0282784], [80.1941643, 13.0283475], [80.1944363, 13.0284552], [80.1947628, 13.0285477], [80.1949571, 13.0286017], [80.1953694, 13.0286183], [80.1956182, 13.0286724], [80.1958358, 13.028757], [80.1963492, 13.0288044], [80.1967693, 13.0288133], [80.1971894, 13.0288375], [80.1973271, 13.0288538], [80.1976507, 13.0288741], [80.1979443, 13.0288136], [80.1982422, 13.0287923], [80.1984665, 13.0288405], [80.198652, 13.0289102], [80.1989645, 13.0289276], [80.1992445, 13.0289074], [80.1995802, 13.028863], [80.1998837, 13.0288182], [80.2002069, 13.0287533], [80.2003109, 13.02873], [80.200801, 13.0286007], [80.2008765, 13.0285897], [80.2011252, 13.028528], [80.2028656, 13.0280963], [80.2034954, 13.02794], [80.2036868, 13.0278349], [80.2040756, 13.027773], [80.2045294, 13.027684], [80.2049239, 13.0275442], [80.2053356, 13.0274518], [80.2058354, 13.0273635], [80.2062346, 13.0273172], [80.2065623, 13.027272], [80.2070256, 13.0271797], [80.207191, 13.0271637], [80.2071922, 13.0271636], [80.2073701, 13.0271463], [80.2078295, 13.0270816], [80.2083635, 13.0268585], [80.2085311, 13.0267566], [80.208847, 13.0265647], [80.2090426, 13.0264326], [80.2092392, 13.0262997], [80.2096373, 13.0259324], [80.2097495, 13.0258457], [80.2097475, 13.0258433], [80.210019, 13.0256239], [80.2104145, 13.0252724], [80.2105943, 13.0249173], [80.2107068, 13.0245899], [80.2108233, 13.0241895], [80.2109562, 13.0237584], [80.2110599, 13.023305], [80.2111513, 13.0228472], [80.2113306, 13.0223877], [80.2114256, 13.021991], [80.2115625, 13.0213524], [80.2117325, 13.0206185], [80.2120481, 13.0201124], [80.212025, 13.0201515], [80.2126741, 13.020457], [80.2137343, 13.0207034], [80.213741, 13.0207096], [80.2137766, 13.020693], [80.2137885, 13.0206099], [80.2138748, 13.0205973], [80.2140012, 13.0205788], [80.2141507, 13.020557], [80.2142856, 13.0205372], [80.2144123, 13.0205071], [80.2146362, 13.0204539], [80.2147633, 13.0204237], [80.2149248, 13.0203852], [80.2150605, 13.020353], [80.2151886, 13.0203225], [80.2152811, 13.0203005], [80.2153357, 13.0202949], [80.215347, 13.0202938], [80.2153863, 13.0202742], [80.2154725, 13.0202495], [80.2156135, 13.020209], [80.2156959, 13.0201853], [80.2157559, 13.0201681], [80.215837, 13.0201448], [80.2159078, 13.0201245], [80.2160145, 13.0200938], [80.2161619, 13.0200515], [80.2162518, 13.0200257], [80.2163609, 13.0199943], [80.2165251, 13.0199472], [80.2167547, 13.0198812], [80.216793, 13.0198702], [80.21689, 13.0198424], [80.2170508, 13.0197962], [80.2171705, 13.0197618], [80.2172868, 13.0197284], [80.2173506, 13.0197101], [80.2173952, 13.0196973], [80.2175543, 13.0196516], [80.2176555, 13.0196225], [80.2177684, 13.0195901], [80.2179237, 13.0195657], [80.2180761, 13.0195543], [80.2181089, 13.0195458], [80.21819, 13.0195397], [80.218326, 13.0195325], [80.2184449, 13.0195261], [80.2185211, 13.0195222], [80.218605, 13.0195184], [80.2187042, 13.019512], [80.2187675, 13.0195052], [80.2188306, 13.0194962], [80.2188923, 13.0194852], [80.2189163, 13.0194803], [80.2189865, 13.0194694], [80.219059, 13.0194673], [80.2191317, 13.0194718], [80.2191981, 13.019479], [80.2192662, 13.019484], [80.2193344, 13.0194866], [80.2194315, 13.0194965], [80.2194386, 13.0194275], [80.2195881, 13.0192825], [80.2195562, 13.0190234], [80.2195224, 13.0188822], [80.2194236, 13.0187005], [80.2193485, 13.0186129], [80.2193197, 13.0185383], [80.2193069, 13.0184912], [80.2192944, 13.0184454], [80.219288, 13.0184075], [80.2192869, 13.0183587], [80.2192954, 13.0183059], [80.2193116, 13.0182319], [80.2193118, 13.0181962], [80.2193078, 13.0181569], [80.2193013, 13.0181287], [80.2192893, 13.0180903], [80.219284, 13.0180675], [80.2192806, 13.0180202], [80.2192784, 13.0179974], [80.219274, 13.017976], [80.2192698, 13.0179507], [80.2192668, 13.0179149], [80.2192638, 13.0178917], [80.2190743, 13.0170865], [80.2190513, 13.0170713], [80.2190003, 13.0166385], [80.218995, 13.0165942], [80.2195735, 13.0165176], [80.2202685, 13.0164642], [80.2206792, 13.0163254], [80.2218259, 13.0160407], [80.2219994, 13.0160075], [80.2223609, 13.0159352], [80.2227441, 13.0159697], [80.2231277, 13.0160156], [80.2233064, 13.0160285], [80.2234707, 13.0160366], [80.2237349, 13.0161405], [80.2239395, 13.0163188], [80.2241776, 13.0164631], [80.2244115, 13.0165559], [80.2245985, 13.0167394], [80.2247877, 13.0169059], [80.2249015, 13.0170369], [80.2250195, 13.0171106], [80.2249352, 13.0173208], [80.2248283, 13.017588], [80.2246542, 13.0180203], [80.2245298, 13.0183313], [80.2243774, 13.0187084], [80.2243096, 13.0188744], [80.2242811, 13.0189462], [80.2242553, 13.019019], [80.2242322, 13.0190926], [80.2242268, 13.0191231], [80.2242237, 13.019154], [80.2242227, 13.0191849], [80.2242239, 13.0192159], [80.2242273, 13.0192467], [80.2242329, 13.0192772], [80.2242406, 13.0193072], [80.2242425, 13.0193166], [80.2243616, 13.0195553], [80.2243618, 13.0195556], [80.2243773, 13.0195768], [80.2244002, 13.0196117], [80.2244374, 13.0196781], [80.2244767, 13.0197433], [80.2244965, 13.019774], [80.2246646, 13.0200257], [80.2248144, 13.020221], [80.224921, 13.0203714], [80.2249675, 13.0204384], [80.2250354, 13.0205361], [80.2251227, 13.0206622], [80.2251815, 13.0207449], [80.2252245, 13.0208054], [80.2252759, 13.0208778], [80.2253251, 13.020947], [80.2253756, 13.0209888], [80.2254296, 13.0210492], [80.225479, 13.0211183], [80.2255321, 13.0211926], [80.2255614, 13.0212365], [80.2256129, 13.0213145], [80.2256569, 13.0213757], [80.2257182, 13.0214611], [80.2257394, 13.0214906], [80.2257717, 13.0215396], [80.2258012, 13.0215906], [80.2258249, 13.0216316], [80.2258498, 13.0216747], [80.2258729, 13.0217233], [80.2258887, 13.0217563], [80.2259226, 13.0217957], [80.225978, 13.0218579], [80.2260311, 13.0219149], [80.226111, 13.0220112], [80.2261825, 13.0220952], [80.2262512, 13.0221749], [80.226311, 13.0222444], [80.2263683, 13.022311], [80.2264205, 13.0223731], [80.2264771, 13.0224405], [80.2264946, 13.0224613], [80.2265475, 13.0225242], [80.2266787, 13.0226804], [80.2267303, 13.0227419], [80.2268028, 13.0228209], [80.2268477, 13.0228671], [80.2269283, 13.0229594], [80.2269701, 13.02301], [80.2269986, 13.0230445], [80.2270408, 13.0230876], [80.2270956, 13.0231436], [80.2271394, 13.0231883], [80.2272257, 13.0232327], [80.2272812, 13.0232909], [80.2273516, 13.0233677], [80.2274184, 13.023439], [80.2274607, 13.0234939], [80.2277013, 13.0237463], [80.227649, 13.0237867], [80.2277272, 13.023883], [80.2277691, 13.0239209], [80.2277951, 13.0239445], [80.2278392, 13.0239844], [80.2279693, 13.0241171], [80.2279993, 13.0241389], [80.2280935, 13.0242058], [80.2282065, 13.0242897], [80.2282959, 13.0243522], [80.2283989, 13.0244311], [80.2284397, 13.0244541], [80.2284813, 13.0244757], [80.2285236, 13.0244959], [80.2285667, 13.0245146], [80.2286103, 13.0245319], [80.2286551, 13.0245519], [80.2286986, 13.0245745], [80.2287406, 13.0245996], [80.2287932, 13.0246379], [80.2288881, 13.0247094], [80.229057, 13.024838], [80.2290563, 13.0248385], [80.2290117, 13.0248374], [80.2289659, 13.0248442], [80.2289436, 13.0248506], [80.2288911, 13.0248641], [80.2288522, 13.0248742], [80.2287994, 13.0248878], [80.2287678, 13.024896], [80.2287291, 13.0249066], [80.2287064, 13.0249129], [80.2286444, 13.0249274], [80.2285818, 13.0249396], [80.2285219, 13.0249489], [80.2284907, 13.0249558], [80.2284163, 13.0249721], [80.228361, 13.0249842], [80.228279, 13.0250022], [80.228232, 13.0250125], [80.2281983, 13.0250198], [80.2281639, 13.0250272], [80.22809, 13.0250431], [80.2280289, 13.0250562], [80.2279494, 13.0250716], [80.2278992, 13.0250809], [80.2278779, 13.0250848], [80.2277764, 13.0251013], [80.2276878, 13.0251133], [80.2275292, 13.0251301], [80.2273535, 13.0251495], [80.2272426, 13.025163], [80.2271986, 13.0251684], [80.2270626, 13.0251858], [80.2269289, 13.0252033], [80.2267846, 13.0252221], [80.2266394, 13.0252332], [80.2264104, 13.0252529], [80.2262123, 13.0252722], [80.2261345, 13.0252798], [80.2259773, 13.0252947], [80.2257664, 13.025307], [80.2256053, 13.0253124], [80.2252205, 13.0253359], [80.2251833, 13.0253336], [80.2249787, 13.0253212], [80.2247331, 13.0253131], [80.2245454, 13.0253027], [80.2243736, 13.0252862], [80.2243768, 13.0252984], [80.2244622, 13.0256161], [80.2245488, 13.0259335], [80.224623, 13.0262037], [80.2246846, 13.0264308], [80.2247347, 13.0266157], [80.2248194, 13.0269274], [80.2249324, 13.0273392], [80.2250366, 13.027724], [80.2251329, 13.0280777], [80.2252058, 13.0283446], [80.2254022, 13.0290633], [80.2255509, 13.0296102], [80.2257256, 13.0302501], [80.2258302, 13.0306309], [80.2258303, 13.0306309], [80.2260193, 13.0305643], [80.2260618, 13.0305585], [80.2260689, 13.0305637], [80.226077, 13.0305672], [80.2260857, 13.0305688], [80.2262934, 13.0305512], [80.2266272, 13.0305205], [80.22701, 13.0304834], [80.2270416, 13.0304796], [80.2273541, 13.0304422], [80.2275866, 13.0304079], [80.2276002, 13.0304106], [80.2276139, 13.0304114], [80.2276277, 13.0304104], [80.2277742, 13.0303994], [80.2280719, 13.0303669], [80.22816, 13.0303563], [80.2282084, 13.0303505], [80.2282896, 13.0303408], [80.2285749, 13.0303164], [80.2286116, 13.0303133], [80.2286153, 13.030313], [80.2288568, 13.0302837], [80.2290186, 13.0302656], [80.2290653, 13.0302641], [80.2291119, 13.0302646], [80.2291218, 13.0302652], [80.2291541, 13.0302669], [80.2291585, 13.0302671], [80.229205, 13.0302715], [80.2292512, 13.0302779], [80.2292971, 13.0302862], [80.2293426, 13.0302963], [80.2293431, 13.0302965], [80.2293698, 13.0303036], [80.2293876, 13.0303084], [80.2294459, 13.0303336], [80.2294675, 13.0303429], [80.2295391, 13.0303739], [80.2296915, 13.0304373], [80.2298448, 13.0304987], [80.2299253, 13.0305275], [80.2300324, 13.0305756], [80.2300786, 13.0305929], [80.2301257, 13.0306116], [80.2301749, 13.0306243], [80.2302247, 13.0306352], [80.2302748, 13.0306441], [80.2303252, 13.0306511], [80.2304347, 13.0306641], [80.2305445, 13.030674], [80.230649, 13.0306806], [80.230651, 13.0306804], [80.2306528, 13.0306794], [80.2306542, 13.030678], [80.2306549, 13.0306761], [80.2306549, 13.0306762], [80.2306549, 13.0306755], [80.2306736, 13.0303964], [80.2306867, 13.0301239], [80.2306897, 13.0300845], [80.2307022, 13.0299515], [80.2307296, 13.0296765], [80.2307397, 13.0295588], [80.230748, 13.0294743], [80.2307538, 13.029417], [80.2307618, 13.0293407], [80.2307656, 13.0293038], [80.2307681, 13.0292807], [80.2307843, 13.029125], [80.2308269, 13.0287181], [80.2308784, 13.0281807], [80.2308946, 13.0279981], [80.2308988, 13.0279508], [80.2309035, 13.0278976], [80.2309125, 13.0278037], [80.2309242, 13.0277087], [80.2309388, 13.0276129], [80.2309638, 13.0274877], [80.2309902, 13.0273647], [80.2310182, 13.0272438], [80.2310741, 13.0269885], [80.2311016, 13.0268738], [80.2311127, 13.0268295], [80.2311577, 13.0266499], [80.23119, 13.026491], [80.2311971, 13.0264488], [80.2312134, 13.0263517], [80.2312495, 13.0261424], [80.2312551, 13.0261097], [80.2312559, 13.026103], [80.2312547, 13.0260963], [80.2312515, 13.0260902], [80.2312467, 13.0260853], [80.2312407, 13.026082], [80.2313425, 13.0260958], [80.2314828, 13.0261499], [80.2315491, 13.0261649], [80.2315981, 13.0261782], [80.2316974, 13.0262057], [80.2318326, 13.0262434], [80.2318829, 13.0262571], [80.2319313, 13.0262702], [80.2319316, 13.0262703], [80.2320297, 13.0262976], [80.232139, 13.0263289], [80.2322158, 13.0263506], [80.2323028, 13.0263765], [80.2323692, 13.026397], [80.2324162, 13.0264139], [80.2324568, 13.0264287], [80.2325209, 13.0264529], [80.2325867, 13.0264789], [80.2326282, 13.0264958], [80.232657, 13.0265087], [80.2327261, 13.0265396], [80.2328487, 13.0265999], [80.2329578, 13.0266773], [80.2330233, 13.0267124], [80.2330227, 13.0267121], [80.2330207, 13.0267116], [80.2330187, 13.0267119], [80.2330169, 13.0267128], [80.2330156, 13.0267143], [80.233015, 13.0267162], [80.2329851, 13.0269059], [80.2329668, 13.0270249], [80.2329667, 13.027026], [80.2329672, 13.027028], [80.2329683, 13.0270296], [80.23297, 13.0270307], [80.2330963, 13.0270856], [80.2332083, 13.0271382], [80.2333187, 13.0271924], [80.2333774, 13.0272209], [80.2334361, 13.0272525], [80.2334934, 13.0272864], [80.2335492, 13.0273226], [80.2335785, 13.0273435], [80.233607, 13.0273669], [80.2336337, 13.0273922], [80.2336584, 13.0274194], [80.2336811, 13.0274482], [80.2337003, 13.0274764], [80.2337383, 13.027531], [80.2337752, 13.0275881], [80.23381, 13.0276464], [80.2338423, 13.0277052], [80.2338668, 13.0277507], [80.2338893, 13.0277988], [80.233909, 13.027848], [80.2339262, 13.0278988], [80.2339317, 13.027921], [80.2339347, 13.0279449], [80.2339347, 13.0279689], [80.2339318, 13.0279927], [80.2339266, 13.028014], [80.2338968, 13.0281131], [80.2338925, 13.0281309], [80.2338905, 13.0281412], [80.2338903, 13.0281434], [80.2338903, 13.0281443], [80.2338903, 13.0281454], [80.2338906, 13.0281466], [80.2338908, 13.0281473], [80.2338925, 13.0281506], [80.2338938, 13.028153], [80.2338984, 13.0281589], [80.2339334, 13.0281833], [80.233958, 13.0281971], [80.2339632, 13.0282003], [80.2339781, 13.0282079], [80.2339909, 13.0282149], [80.2340045, 13.0282219], [80.2340085, 13.0282239], [80.2339896, 13.0282748], [80.2339927, 13.0282702], [80.2339984, 13.0282655], [80.2340052, 13.0282626], [80.2340125, 13.0282617], [80.2340198, 13.0282629], [80.2340265, 13.0282661], [80.2340407, 13.0282752], [80.2341409, 13.0283516], [80.2343008, 13.0284829], [80.234503, 13.0286551], [80.234542, 13.028688], [80.2346022, 13.0287387], [80.2346034, 13.0287402], [80.234604, 13.0287421], [80.2346039, 13.0287441], [80.2346031, 13.0287459], [80.2346023, 13.0287468], [80.2346961, 13.0287465], [80.2346972, 13.0287458], [80.2346992, 13.0287455], [80.2347012, 13.028746], [80.2347029, 13.028747], [80.2348161, 13.0288541], [80.2349517, 13.0289882], [80.235182, 13.0292167], [80.2352619, 13.029294], [80.2352871, 13.0293183], [80.2354181, 13.029441], [80.2355679, 13.0295902], [80.2358095, 13.0298155], [80.23593, 13.0299333], [80.235983, 13.029985], [80.2360496, 13.0300502], [80.2362882, 13.0302753], [80.2364986, 13.030476], [80.2366319, 13.0306049], [80.2368031, 13.0307777], [80.2370097, 13.0309774], [80.237107, 13.031075], [80.237168, 13.0310367], [80.2371724, 13.0310401], [80.2371776, 13.0310418], [80.2371805, 13.0310417], [80.2371813, 13.0310421], [80.2371818, 13.0310423], [80.2372828, 13.0310891], [80.2374575, 13.0311497], [80.2376742, 13.0312188], [80.2376633, 13.0312517], [80.2376381, 13.0314168], [80.2377843, 13.0314622], [80.2380117, 13.0315275], [80.2382688, 13.0315997], [80.2384955, 13.0316637], [80.238721, 13.0317256], [80.2389915, 13.0318024], [80.2391373, 13.0318565], [80.2391393, 13.0318569], [80.2391412, 13.0318565], [80.2391429, 13.0318554], [80.239143, 13.0318554], [80.2391432, 13.0318552], [80.2391411, 13.0318575], [80.2390788, 13.0319225], [80.2390698, 13.031937], [80.2389561, 13.0320983], [80.2388596, 13.0322789], [80.23885, 13.0322947], [80.2388076, 13.0323642], [80.2387937, 13.0323869], [80.2387263, 13.0324933], [80.2386567, 13.0325992], [80.2385398, 13.0327772], [80.2385129, 13.0328181], [80.2384571, 13.0329031], [80.2383057, 13.0331453], [80.2382604, 13.0332183], [80.2382526, 13.0332307], [80.2382285, 13.0332696], [80.2381515, 13.0333925], [80.2380742, 13.033515], [80.238069, 13.0335232], [80.237909, 13.0337737], [80.237878, 13.0338226], [80.2377183, 13.0340747], [80.2376653, 13.0341616], [80.2376575, 13.0341741], [80.2376433, 13.0341867], [80.2376273, 13.034197], [80.2376097, 13.0342045], [80.237538, 13.0342312], [80.2374306, 13.0342697], [80.2373694, 13.0343811], [80.2377259, 13.034576], [80.2379135, 13.0346981], [80.2379207, 13.0347028], [80.2379898, 13.0347486], [80.2379901, 13.0347488], [80.2380241, 13.0347713], [80.2382188, 13.0349005], [80.2385336, 13.0350996], [80.2385901, 13.0351346], [80.2386202, 13.0351532], [80.2386988, 13.0352016], [80.2389008, 13.0353317], [80.2390465, 13.0354245], [80.2391322, 13.0354673], [80.2391394, 13.0354709], [80.2392743, 13.0355482], [80.2392824, 13.035552], [80.2392895, 13.0355576], [80.2392951, 13.0355645], [80.239299, 13.0355725], [80.2393009, 13.0355812], [80.2393008, 13.0355901], [80.2393192, 13.0357341], [80.2393329, 13.035905], [80.2393443, 13.0359856], [80.2393467, 13.0360025], [80.2393589, 13.0360881], [80.2393843, 13.0362953], [80.2394084, 13.0364828], [80.2394364, 13.0367139], [80.2394481, 13.0368009], [80.2394557, 13.0368575], [80.2394757, 13.0370067], [80.2394782, 13.0370289], [80.2394966, 13.037199], [80.2395207, 13.0374127], [80.2395405, 13.0375485], [80.2395487, 13.0376055], [80.2395488, 13.0376059], [80.2395576, 13.0376667], [80.2395728, 13.0378243], [80.2395961, 13.0380166], [80.2396194, 13.0382302], [80.2396199, 13.0382354], [80.2396257, 13.0382888], [80.2396347, 13.038326], [80.2396364, 13.0383327], [80.2396579, 13.0384148], [80.2396628, 13.0384336], [80.239686, 13.0386995], [80.2397157, 13.0389591], [80.2397274, 13.0390535], [80.2397393, 13.0391487], [80.2397394, 13.0391488], [80.2397759, 13.0394039], [80.2398096, 13.0397323], [80.239857, 13.0400584], [80.2398963, 13.0403281], [80.2398962, 13.0403301], [80.2398954, 13.0403319], [80.239894, 13.0403333], [80.2398922, 13.0403342], [80.2399832, 13.0403258], [80.2399836, 13.0403257], [80.2399867, 13.0403254], [80.239997, 13.0403245], [80.240134, 13.0403117], [80.2402358, 13.0402953], [80.2404206, 13.0402654], [80.2405449, 13.0402468], [80.240771, 13.0402184], [80.2408768, 13.0402046], [80.241137, 13.0401715], [80.2415399, 13.0401167], [80.2419315, 13.0400805], [80.2420099, 13.0400728], [80.2422042, 13.0400547], [80.2422734, 13.0400482], [80.2430221, 13.0399547], [80.2431695, 13.0399362], [80.2431727, 13.0399362], [80.2431765, 13.0399361], [80.2435998, 13.0399265], [80.2439341, 13.0401747], [80.2439581, 13.040193], [80.243964, 13.0401994], [80.2439675, 13.0402072], [80.2439683, 13.0402156], [80.2439869, 13.0403204], [80.2440565, 13.040712], [80.244098, 13.0409711], [80.2441152, 13.0410665], [80.2441153, 13.0410672], [80.2441243, 13.0411134], [80.2442215, 13.0410943], [80.2442255, 13.0411055], [80.2442313, 13.0411159], [80.2442387, 13.0411253], [80.2442476, 13.0411333], [80.2442578, 13.0411398], [80.244261, 13.0411412], [80.2442688, 13.0411445], [80.244279, 13.0411467], [80.2442866, 13.0411464], [80.2444975, 13.0411075], [80.2447026, 13.0410655], [80.2450455, 13.0410206], [80.2450538, 13.0410194], [80.2450905, 13.0410139], [80.2453263, 13.0409789], [80.2454885, 13.0409518], [80.2455011, 13.0409454], [80.2455129, 13.0409373], [80.2455234, 13.0409279], [80.2455327, 13.0409172], [80.2455404, 13.0409054], [80.2455465, 13.0408928], [80.2455499, 13.0408825], [80.245551, 13.0408794], [80.2455553, 13.0408567], [80.2456107, 13.0410326], [80.24561, 13.041031], [80.2456085, 13.0410297], [80.2455976, 13.0410228], [80.2455837, 13.0410162], [80.2455692, 13.0410113], [80.2455541, 13.0410081], [80.2455387, 13.0410066], [80.2455233, 13.0410069], [80.2455081, 13.0410091], [80.245336, 13.0410378], [80.2450541, 13.0410797], [80.2447155, 13.0411261], [80.2445098, 13.0411682], [80.2442679, 13.0412127], [80.2441794, 13.0412546], [80.2441883, 13.0413012], [80.2441954, 13.0413407], [80.2442263, 13.0415125], [80.2442773, 13.0417933], [80.2442832, 13.0418361], [80.2442933, 13.041909], [80.2443154, 13.0420693], [80.2443183, 13.0420817], [80.244344, 13.0422432], [80.244356, 13.0423059], [80.2443818, 13.0424877], [80.2444163, 13.042675], [80.2444579, 13.0428839], [80.2444769, 13.0429973], [80.2445144, 13.0432503], [80.2445206, 13.0432925], [80.2445229, 13.0433153], [80.2445229, 13.0433158], [80.2445228, 13.0433239], [80.2445205, 13.0433322], [80.2445163, 13.0433397], [80.2445103, 13.043346], [80.2445029, 13.0433507], [80.2444946, 13.0433535], [80.244453, 13.0433605], [80.2440709, 13.0434245], [80.2439851, 13.0434381], [80.243956, 13.0434427], [80.2437189, 13.0434803], [80.2436754, 13.0434873], [80.2436748, 13.0434873], [80.2436728, 13.0434871], [80.2436419, 13.0434926], [80.2430809, 13.043578], [80.2430528, 13.0435823], [80.2427993, 13.0436209], [80.2427116, 13.0436342], [80.2421889, 13.0437138], [80.2421563, 13.0437188], [80.2421173, 13.0437247], [80.2420896, 13.0437289], [80.2419658, 13.0437483], [80.2419448, 13.0437516], [80.2418849, 13.043761], [80.241853, 13.043766], [80.2418333, 13.0437691], [80.2418031, 13.0437738], [80.2417802, 13.0437774], [80.241663, 13.0437956], [80.241629, 13.0438008], [80.2414731, 13.043825], [80.2414692, 13.0438258], [80.2411841, 13.0438814], [80.2410414, 13.0438909], [80.2410361, 13.0438913], [80.2410271, 13.0438902], [80.2410204, 13.0438869], [80.241015, 13.0438816], [80.2410116, 13.043875], [80.2409939, 13.0439684], [80.2409711, 13.0440889], [80.240883, 13.0442129], [80.2408401, 13.044282], [80.2408162, 13.044315], [80.2407663, 13.0443841], [80.2406678, 13.0445306], [80.2406384, 13.0445741], [80.2405629, 13.0446857], [80.2404823, 13.0448069], [80.2404369, 13.0448869], [80.2404199, 13.0449206], [80.240418, 13.0449268], [80.2402318, 13.0452056], [80.2401642, 13.0453068], [80.2400583, 13.0452449], [80.2399663, 13.0453687], [80.2398098, 13.0456006], [80.239733, 13.0457099], [80.239733, 13.0457099], [80.2397146, 13.045736], [80.2396872, 13.0457751], [80.2395462, 13.0459779], [80.239471, 13.0460897], [80.2394553, 13.0461132], [80.239438, 13.0461355], [80.2394191, 13.0461567], [80.2394105, 13.046165], [80.2393988, 13.0461765], [80.2393772, 13.0461949], [80.2393543, 13.0462118], [80.2393303, 13.0462271], [80.2393052, 13.0462407], [80.239422, 13.0463286], [80.2391425, 13.0463915], [80.2390988, 13.0464002], [80.2387171, 13.0464758], [80.2386758, 13.046484], [80.2383258, 13.0465533], [80.2382266, 13.0465843], [80.2378961, 13.0466519], [80.2369784, 13.0468426], [80.2368617, 13.0468679], [80.236592, 13.0469288], [80.2364806, 13.046951], [80.2363237, 13.0469834], [80.2362923, 13.0469899], [80.2361803, 13.047013], [80.236061, 13.0470364], [80.236032, 13.0470416], [80.2360317, 13.0470417], [80.2359805, 13.0470506], [80.2358353, 13.047076], [80.2356968, 13.0470952], [80.2355637, 13.047104], [80.2350596, 13.0471584], [80.2350308, 13.0471615], [80.2350192, 13.0471627], [80.234915, 13.0471819], [80.2348847, 13.0471875], [80.2347698, 13.0472087], [80.2347395, 13.0472143], [80.2347295, 13.0472161], [80.2345646, 13.0472418], [80.2345324, 13.0472474], [80.2344849, 13.0472548], [80.2340761, 13.0473179], [80.2338671, 13.0473414], [80.2337239, 13.0473622], [80.2336769, 13.0473694], [80.2336524, 13.0473731], [80.2336444, 13.0473743], [80.2335396, 13.0473823], [80.2335112, 13.047385], [80.233365, 13.0473997], [80.2331522, 13.0474287], [80.232952, 13.0474629], [80.2329117, 13.0474698], [80.2326533, 13.0475008], [80.232616, 13.0475054], [80.2324999, 13.0475217], [80.2324597, 13.0475274], [80.2324544, 13.0475282], [80.23242, 13.0475328], [80.2322189, 13.0475591], [80.2321842, 13.0475637], [80.2321563, 13.0475673], [80.2319566, 13.0475943], [80.2318898, 13.0476019], [80.2318608, 13.0476052], [80.2317284, 13.0476203], [80.2315705, 13.0476406], [80.2315381, 13.0476447], [80.2314084, 13.0476604], [80.2313471, 13.0476691], [80.2313083, 13.0476727], [80.2312824, 13.0476751], [80.2312821, 13.0476751], [80.2311929, 13.0476833], [80.2309879, 13.0477249], [80.2309011, 13.0477329], [80.2308703, 13.0477358], [80.2308694, 13.0477359], [80.2308386, 13.0477387], [80.2308383, 13.0477387], [80.2307598, 13.047746], [80.2307266, 13.0477491], [80.2307262, 13.0477491], [80.2306816, 13.0477532], [80.2305282, 13.0477637], [80.2304836, 13.0477667], [80.2304172, 13.0477732], [80.2304049, 13.0477793], [80.2304008, 13.0477849], [80.2303988, 13.0477914], [80.2303776, 13.0477995], [80.2302129, 13.0478709], [80.2302298, 13.0479807], [80.2302557, 13.048148], [80.2302978, 13.0484335], [80.2303192, 13.048575], [80.2303657, 13.0488741], [80.2303938, 13.0490674], [80.2304325, 13.0493229], [80.2305049, 13.0498086], [80.2305502, 13.0501111], [80.2305837, 13.0503355], [80.2306312, 13.050651], [80.2306524, 13.0507934], [80.2307045, 13.0511418], [80.2307434, 13.0514022], [80.2307681, 13.0515574], [80.2308176, 13.0518857], [80.2308414, 13.0520482], [80.2308847, 13.0523427], [80.2309202, 13.0525801], [80.2309613, 13.0528606], [80.2309892, 13.0530701], [80.2310674, 13.0536131], [80.2311242, 13.0539794], [80.2311366, 13.0540649], [80.2311497, 13.0541538], [80.2310163, 13.0541503], [80.2309395, 13.0541483], [80.2308218, 13.0541453], [80.2307205, 13.0541443], [80.2306972, 13.054144], [80.2306968, 13.054144], [80.2306965, 13.054144], [80.2306987, 13.0541508], [80.2307, 13.0541562], [80.2307016, 13.054162], [80.2307029, 13.0541671], [80.230705, 13.0541737], [80.2307084, 13.0541782], [80.2307098, 13.0541801], [80.2307141, 13.0541802], [80.2307856, 13.0541825], [80.2307856, 13.0542021], [80.2307856, 13.0542121], [80.2307374, 13.0542127], [80.2307251, 13.0542142], [80.2307151, 13.0542216], [80.2306433, 13.0542331], [80.2306373, 13.0542243], [80.2306295, 13.0542171], [80.230618, 13.0542108], [80.2306155, 13.0542095], [80.2306127, 13.054209], [80.2305995, 13.054207], [80.2305015, 13.0542014], [80.2304389, 13.0542039], [80.2303782, 13.0542051], [80.2300908, 13.054211], [80.2298521, 13.0542057], [80.2298469, 13.0542056], [80.2294121, 13.0541919], [80.2292097, 13.0541871], [80.2291033, 13.0541837], [80.2289582, 13.0541737], [80.2289063, 13.0541703], [80.2288985, 13.0541698], [80.2288469, 13.0541664], [80.2285759, 13.05415], [80.2285012, 13.0541428], [80.2284659, 13.0541393], [80.2283271, 13.0541259], [80.2281262, 13.0541043], [80.2279833, 13.0540869], [80.2279395, 13.0540815], [80.2278157, 13.0540664], [80.2275974, 13.0540402], [80.2273115, 13.0540108], [80.2270544, 13.0539867], [80.2269674, 13.0539785], [80.2268418, 13.0539668], [80.2267413, 13.0539591], [80.2266449, 13.0539467], [80.2263586, 13.0539079], [80.2260209, 13.0538605], [80.2256997, 13.0538063], [80.2256934, 13.0538051], [80.2256932, 13.0538051], [80.2256331, 13.0537932], [80.2254159, 13.0537503], [80.2252422, 13.0537145], [80.2250941, 13.053684], [80.2248906, 13.053642], [80.2246305, 13.0535867], [80.2245689, 13.0535737], [80.2245259, 13.0535646], [80.2244095, 13.0535399], [80.2242002, 13.0534872], [80.2241257, 13.0534684], [80.2241255, 13.0534683], [80.2239949, 13.0534354], [80.2237499, 13.0533842], [80.2235986, 13.0533503], [80.2234294, 13.0533137], [80.2232486, 13.0532722], [80.2230808, 13.0532326], [80.2229202, 13.0531928], [80.2227567, 13.0531479], [80.222728, 13.0531397], [80.2226511, 13.0531176], [80.222651, 13.0531176], [80.2225091, 13.0530769], [80.2222867, 13.0530054], [80.2220383, 13.0529296], [80.2217903, 13.0528581], [80.2215816, 13.052801], [80.2214398, 13.0527636], [80.2213859, 13.0527493], [80.2212787, 13.0527209], [80.2208249, 13.0526047], [80.2207752, 13.0525903], [80.220726, 13.0525741], [80.2206775, 13.0525563], [80.2206345, 13.0525395], [80.220607, 13.0525313], [80.2204055, 13.0524867], [80.2202755, 13.0524458], [80.2202557, 13.05244], [80.2202024, 13.0524242], [80.2201449, 13.0524072], [80.2200135, 13.0523709], [80.2198815, 13.0523369], [80.2197177, 13.0522946], [80.2195534, 13.0522544], [80.2193886, 13.0522163], [80.2193393, 13.052202], [80.2192299, 13.0521703], [80.2191514, 13.0521475], [80.2190828, 13.0521276], [80.2189808, 13.0520974], [80.2189808, 13.0520974], [80.2187776, 13.0520372], [80.2187776, 13.0520372], [80.2184729, 13.0519452], [80.2184729, 13.0519452], [80.2182207, 13.051848], [80.2182207, 13.0518479], [80.218178, 13.0518315], [80.2181779, 13.0518314], [80.2179542, 13.0517235], [80.2179542, 13.0517234], [80.2178898, 13.0516994], [80.2178917, 13.0517006], [80.2178933, 13.0517041], [80.217894, 13.0517156], [80.2178933, 13.0517306], [80.217892, 13.0517402], [80.2178903, 13.0517872], [80.2178867, 13.0518341], [80.2178851, 13.0518469], [80.217881, 13.0518808], [80.2178735, 13.0519273], [80.2178723, 13.0520142], [80.2178736, 13.0521011], [80.2178792, 13.0521899], [80.217885, 13.0522603], [80.2178869, 13.0522775], [80.217888, 13.0522904], [80.2179026, 13.0525369], [80.2179097, 13.0525879], [80.2179187, 13.0526387], [80.2179297, 13.052689], [80.2179403, 13.0527254], [80.2179534, 13.0527609], [80.2179689, 13.0527955], [80.2179828, 13.0528328], [80.2179942, 13.0528708], [80.2180028, 13.0529095], [80.2180048, 13.052923], [80.2180019, 13.0529499], [80.2180045, 13.0529366], [80.2180879, 13.053019], [80.2180769, 13.0530178], [80.2180658, 13.0530188], [80.2180244, 13.0530261], [80.2179826, 13.0530313], [80.2179407, 13.0530346], [80.2178986, 13.0530358], [80.2178803, 13.0530354], [80.217834, 13.0530331], [80.2178232, 13.0530325], [80.2178214, 13.0530334], [80.2178201, 13.0530349], [80.2178193, 13.0530367], [80.2178192, 13.0530378], [80.2178201, 13.0531614], [80.2178178, 13.0532942], [80.2178167, 13.053321], [80.2178157, 13.0533363], [80.2178164, 13.0533516], [80.2178184, 13.0533649], [80.217821, 13.0533748], [80.2178226, 13.053385], [80.2178231, 13.0533921], [80.2178217, 13.0534263], [80.2178225, 13.0535979], [80.2178201, 13.0537706], [80.2178144, 13.0539426], [80.2178104, 13.0541823], [80.2178136, 13.05419], [80.2178186, 13.0541969], [80.217825, 13.0542024], [80.2178325, 13.0542062], [80.2178408, 13.0542083], [80.2178493, 13.0542084], [80.2178287, 13.0542531], [80.2182619, 13.0542574], [80.2182768, 13.0542579], [80.2182787, 13.0542583], [80.2182804, 13.0542594], [80.2182816, 13.054261], [80.2182821, 13.0542629], [80.2182821, 13.0542636], [80.2182684, 13.0545103], [80.2182674, 13.0546144], [80.2182653, 13.0546407], [80.2176764, 13.0546002], [80.2176648, 13.0546886], [80.2182597, 13.0547327], [80.2182593, 13.0547521], [80.2182592, 13.054778], [80.2182592, 13.0547831], [80.2182592, 13.054822], [80.2182579, 13.0548917], [80.2182729, 13.0550864], [80.2182867, 13.0552811], [80.2182957, 13.0553882], [80.2182981, 13.0554175], [80.2183029, 13.0554742], [80.2183035, 13.055498], [80.2183069, 13.055522], [80.2183275, 13.0557083], [80.2183386, 13.0558121], [80.2183693, 13.056106], [80.2183647, 13.0561119], [80.2181294, 13.0561451], [80.2179893, 13.0561655], [80.2177016, 13.0562168], [80.2177078, 13.0563113], [80.2177113, 13.0563674], [80.2177183, 13.0564797], [80.2177281, 13.0566482], [80.2177289, 13.056665], [80.2177272, 13.0566845], [80.2177229, 13.0567036], [80.217716, 13.0567219], [80.2177067, 13.0567392], [80.2176951, 13.0567551], [80.2176815, 13.0567694], [80.2176661, 13.0567818], [80.2176491, 13.056792], [80.2176309, 13.0568], [80.2176118, 13.0568055], [80.2175946, 13.0568081], [80.2175835, 13.0568095], [80.2175815, 13.0568101], [80.21758, 13.0568113], [80.217579, 13.0568131], [80.2175787, 13.056815], [80.2175788, 13.056816], [80.2176114, 13.0569743], [80.2176297, 13.0570559], [80.2176457, 13.0571379], [80.2176594, 13.0572204], [80.2176707, 13.0573032], [80.217697, 13.0574499], [80.2177161, 13.0575655], [80.2177213, 13.0575969], [80.2177434, 13.0577443], [80.2177633, 13.0578919], [80.2177812, 13.0580398], [80.2178943, 13.058679], [80.2177722, 13.0586703], [80.21765, 13.0586634], [80.2175277, 13.0586586], [80.2173369, 13.0586465], [80.217146, 13.0586374], [80.2169549, 13.0586314], [80.2169138, 13.0586266], [80.2168731, 13.0586194], [80.2168329, 13.0586099], [80.2167934, 13.0585981], [80.2167546, 13.058584], [80.2167168, 13.0585676], [80.2166788, 13.0585493], [80.21664, 13.058533], [80.2166004, 13.0585187], [80.21656, 13.0585063], [80.2165191, 13.058496], [80.2164777, 13.0584878], [80.2164359, 13.0584816], [80.2163233, 13.0584801], [80.2162107, 13.0584805], [80.2160978, 13.0584829], [80.2159857, 13.0584873], [80.2158732, 13.0584937], [80.2157609, 13.0585021], [80.2157519, 13.0585029], [80.2156488, 13.0585125], [80.2155821, 13.0585161], [80.2155154, 13.0585177], [80.2154486, 13.0585172], [80.2153819, 13.0585148], [80.2153153, 13.0585104], [80.2152414, 13.0585081], [80.2152386, 13.0585081], [80.2151674, 13.0585082], [80.2150935, 13.0585106], [80.2150197, 13.0585153], [80.2149461, 13.0585223], [80.2148724, 13.058526], [80.2147986, 13.0585275], [80.2147273, 13.0585268], [80.214727, 13.0585268], [80.2142888, 13.0585128], [80.21422, 13.0585094], [80.2141512, 13.0585079], [80.2141504, 13.0585079], [80.214085, 13.0585084], [80.2140823, 13.0585084], [80.2140135, 13.0585108], [80.2139768, 13.0585111], [80.2139761, 13.058511], [80.2139402, 13.0585091], [80.2139014, 13.0585048], [80.2138653, 13.0584984], [80.2138297, 13.0584897], [80.2136489, 13.0584314], [80.2134686, 13.0583712], [80.2134172, 13.0583534], [80.2132891, 13.0583091], [80.2131212, 13.0582607], [80.2130839, 13.0582541], [80.2130453, 13.0582494], [80.2130064, 13.0582468], [80.2129674, 13.0582463], [80.2129285, 13.0582479], [80.2128901, 13.0582516], [80.2128611, 13.0582555], [80.2128314, 13.0582624], [80.2128023, 13.0582713], [80.2127738, 13.0582821], [80.2127462, 13.0582949], [80.2127196, 13.0583096], [80.2126728, 13.0583304], [80.2126251, 13.0583491], [80.2125766, 13.0583656], [80.2125619, 13.0583699], [80.2125139, 13.0583832], [80.2124776, 13.0583921], [80.2123857, 13.0584149], [80.2122934, 13.058436], [80.2122006, 13.0584552], [80.2121031, 13.0584771], [80.212006, 13.058501], [80.2119095, 13.0585267], [80.2118506, 13.0585389], [80.2117913, 13.058549], [80.2117317, 13.058557], [80.2117172, 13.0585543], [80.2117076, 13.0585512], [80.2114485, 13.0587593], [80.2113918, 13.0588227], [80.2113616, 13.0588564], [80.211291, 13.0589518], [80.2112115, 13.0590626], [80.2111264, 13.0591907], [80.2110115, 13.0593603], [80.2109385, 13.0594793], [80.2108893, 13.0595673], [80.210872, 13.0595994], [80.2108507, 13.0596397], [80.2108273, 13.0596831], [80.2108062, 13.059716], [80.2107886, 13.0597417], [80.2107759, 13.0597599], [80.2106704, 13.059918], [80.2103386, 13.0598973], [80.2095694, 13.0598928], [80.2092948, 13.0598782], [80.2092748, 13.0599967], [80.2092683, 13.0600707], [80.2092684, 13.0600722], [80.2092818, 13.0601393], [80.2092731, 13.0601488], [80.2093121, 13.060236], [80.2093203, 13.0602622], [80.2091767, 13.0603579]]]}}, {"type": "Feature", "properties": {"zone": "XI", "zone_name": "VALASARVAKKAM", "region": "South"}, "geometry": {"type": "Polygon", "coordinates": [[[80.1620722, 13.0830288], [80.16194, 13.0829389], [80.1617193, 13.0827889], [80.1616269, 13.0824165], [80.1614295, 13.0822998], [80.1613735, 13.0822666], [80.1611169, 13.0818316], [80.1612673, 13.0812414], [80.1610188, 13.0804117], [80.1610294, 13.0800957], [80.1607163, 13.0795874], [80.1609642, 13.0794653], [80.1608005, 13.0790506], [80.1601344, 13.0789622], [80.1599972, 13.0787678], [80.1600766, 13.0776355], [80.1599904, 13.0769448], [80.159955, 13.0763422], [80.1600887, 13.0750023], [80.1601496, 13.0741964], [80.1601072, 13.0738322], [80.1602387, 13.0727772], [80.1606611, 13.0727165], [80.1607356, 13.0727771], [80.1611673, 13.0726194], [80.1615593, 13.0726277], [80.1617896, 13.0725446], [80.1617329, 13.0717709], [80.1623706, 13.0716397], [80.1624476, 13.0710163], [80.1627138, 13.0706452], [80.1627404, 13.0692089], [80.1623345, 13.0683915], [80.1617993, 13.0680872], [80.1617281, 13.067088], [80.1624612, 13.0673508], [80.1626629, 13.0673898], [80.1627891, 13.0659303], [80.1628758, 13.0644026], [80.1626803, 13.0640735], [80.1626143, 13.0637407], [80.1619428, 13.0635394], [80.1614142, 13.0635011], [80.1614416, 13.062967], [80.1613749, 13.0624198], [80.1613644, 13.0616097], [80.1614351, 13.0611329], [80.1613861, 13.059835], [80.1612563, 13.058138], [80.1612473, 13.0576809], [80.1611275, 13.0563396], [80.1612573, 13.0553392], [80.1612883, 13.0546907], [80.1611863, 13.0543225], [80.1611272, 13.0538337], [80.1611505, 13.0537505], [80.1611554, 13.0525417], [80.1611532, 13.0521863], [80.1611139, 13.0514274], [80.1610975, 13.0505257], [80.1618368, 13.0504302], [80.1619389, 13.0492718], [80.1621035, 13.0491866], [80.1620423, 13.0488948], [80.1621412, 13.0485025], [80.1620556, 13.0484689], [80.162276, 13.0476542], [80.1620462, 13.0461977], [80.161187, 13.0461539], [80.1609404, 13.0448416], [80.1608274, 13.0440974], [80.1609585, 13.0439947], [80.1609794, 13.0426216], [80.1607152, 13.0410294], [80.1604421, 13.0409733], [80.1602522, 13.0409785], [80.1599476, 13.0409883], [80.1597205, 13.0410007], [80.1592811, 13.0410497], [80.1592915, 13.0412215], [80.1587271, 13.0411616], [80.1582467, 13.0410134], [80.1578801, 13.0410889], [80.1570751, 13.0410934], [80.1570427, 13.0410885], [80.156724, 13.0411713], [80.1559777, 13.0411235], [80.1558737, 13.0411518], [80.1550763, 13.0411356], [80.154862, 13.0410589], [80.1532767, 13.041054], [80.1528385, 13.0410513], [80.1523783, 13.0410271], [80.152202, 13.0410133], [80.1519019, 13.0409866], [80.1518724, 13.0409514], [80.1505369, 13.0409572], [80.1500727, 13.0409221], [80.1500255, 13.0405102], [80.1500474, 13.0401165], [80.1499664, 13.0395356], [80.1493659, 13.0395819], [80.1493295, 13.0397077], [80.1492183, 13.0397319], [80.1492014, 13.0408213], [80.1491331, 13.040932], [80.1483973, 13.0409419], [80.1483234, 13.0412254], [80.1474435, 13.0410198], [80.1468528, 13.0409929], [80.1467838, 13.0406747], [80.1466405, 13.0404046], [80.145644, 13.0402934], [80.1456328, 13.0406332], [80.1456187, 13.0410655], [80.1456102, 13.0413258], [80.1454467, 13.0430763], [80.1457427, 13.0430812], [80.146155, 13.0431696], [80.1461185, 13.0436254], [80.1464327, 13.043767], [80.146545, 13.0444811], [80.1469964, 13.0445389], [80.1470269, 13.0457169], [80.1492634, 13.0459628], [80.1492402, 13.0470389], [80.1492933, 13.0470793], [80.1492567, 13.0481164], [80.1493307, 13.0482299], [80.1500329, 13.0483191], [80.150128, 13.048242], [80.1509187, 13.048312], [80.151164, 13.0481498], [80.1523257, 13.048288], [80.1531292, 13.0484289], [80.1531298, 13.0489585], [80.1531303, 13.0492855], [80.1531306, 13.0495271], [80.1528736, 13.049566], [80.1515137, 13.0495713], [80.1506759, 13.0495337], [80.1497138, 13.0494639], [80.1493126, 13.0494621], [80.1493241, 13.0506993], [80.1495944, 13.0507693], [80.1496998, 13.0508772], [80.149913, 13.0508167], [80.1504586, 13.0508644], [80.1504442, 13.0513893], [80.1505661, 13.0515538], [80.150469, 13.0519697], [80.1514149, 13.0520699], [80.1518869, 13.0520782], [80.1522432, 13.0520845], [80.1524935, 13.0520284], [80.1527777, 13.0520788], [80.1528718, 13.0520789], [80.1531956, 13.0520792], [80.1535134, 13.0520547], [80.1536104, 13.0520472], [80.1538126, 13.0520316], [80.1540542, 13.052013], [80.154709, 13.0520989], [80.1546425, 13.0523256], [80.1546621, 13.05249], [80.154674, 13.0525895], [80.1546382, 13.053037], [80.1545805, 13.0531034], [80.1545887, 13.0532572], [80.1544861, 13.05345], [80.1545301, 13.0546468], [80.1545407, 13.0549364], [80.1544834, 13.0551189], [80.1545602, 13.0553479], [80.1545551, 13.0555504], [80.1545499, 13.0557634], [80.1544253, 13.0559124], [80.1545218, 13.0569137], [80.1545738, 13.0571162], [80.1546293, 13.0575077], [80.1545483, 13.0578212], [80.1545824, 13.0580659], [80.1546957, 13.0582943], [80.1547316, 13.0592616], [80.1545643, 13.0594366], [80.1546832, 13.0605283], [80.1546509, 13.060753], [80.1546107, 13.0613547], [80.1533907, 13.0617371], [80.1527983, 13.0620764], [80.1521874, 13.0627667], [80.1498372, 13.0635195], [80.1498402, 13.0627447], [80.1496883, 13.0622437], [80.1495972, 13.0619874], [80.1495455, 13.0614439], [80.1495409, 13.0611], [80.1495468, 13.0605199], [80.1495647, 13.0597139], [80.1494957, 13.0590403], [80.1494289, 13.0581962], [80.1492522, 13.0570964], [80.1491717, 13.056595], [80.1491522, 13.0563449], [80.1491128, 13.0558385], [80.1490856, 13.0554893], [80.148933, 13.0535289], [80.1480798, 13.0535697], [80.1471366, 13.0535686], [80.1452628, 13.0533816], [80.1439138, 13.0531407], [80.1437722, 13.0530699], [80.1433822, 13.0529998], [80.143085, 13.0530995], [80.1427433, 13.0530552], [80.1426695, 13.0531249], [80.1425896, 13.0531572], [80.1422634, 13.0532892], [80.1420421, 13.0532265], [80.1419996, 13.0530199], [80.1419606, 13.0526543], [80.142018, 13.0523463], [80.1418854, 13.0520248], [80.141922, 13.0515537], [80.1419443, 13.0512678], [80.1419604, 13.0510601], [80.1418574, 13.0508727], [80.1418792, 13.0506612], [80.1418436, 13.0500114], [80.1419851, 13.0489139], [80.1419344, 13.0488796], [80.1419042, 13.0488162], [80.1411514, 13.0485766], [80.1410329, 13.0485604], [80.1410203, 13.0484794], [80.1408783, 13.0484837], [80.14078, 13.0484151], [80.140329, 13.0483403], [80.140334, 13.0481735], [80.1402952, 13.048106], [80.1401189, 13.048087], [80.1399439, 13.048061], [80.1388202, 13.0482136], [80.1370917, 13.0485171], [80.1364736, 13.0486256], [80.1356652, 13.0488061], [80.1354513, 13.0488188], [80.1348022, 13.047806], [80.134676, 13.0475684], [80.1345709, 13.0471865], [80.1345484, 13.0470773], [80.1344451, 13.0465771], [80.1344076, 13.0463955], [80.1343373, 13.0460551], [80.1341834, 13.0453094], [80.1341318, 13.0450597], [80.1340948, 13.0448803], [80.1342752, 13.0449008], [80.1343477, 13.044909], [80.1350128, 13.0450626], [80.1371996, 13.0455675], [80.13763, 13.0455684], [80.1382306, 13.045717], [80.1382632, 13.0456717], [80.1385887, 13.0456498], [80.139121, 13.0457867], [80.1391619, 13.0457498], [80.1394776, 13.0457509], [80.1395318, 13.0456574], [80.1397985, 13.045657], [80.1400449, 13.0456566], [80.1406709, 13.0453177], [80.1406256, 13.0450853], [80.1406238, 13.0450813], [80.1401787, 13.0440851], [80.1401768, 13.0440809], [80.1401038, 13.0438894], [80.1399741, 13.0435495], [80.1398474, 13.0432172], [80.1395633, 13.0424723], [80.139693, 13.0422946], [80.1398107, 13.0421335], [80.1398362, 13.0418939], [80.1398353, 13.0418726], [80.1398186, 13.0414883], [80.1398309, 13.0411972], [80.1400547, 13.0411316], [80.1401397, 13.0411266], [80.1405278, 13.0411039], [80.1406749, 13.0410615], [80.1407267, 13.0409589], [80.1407351, 13.040868], [80.1407703, 13.0404827], [80.1407395, 13.0404366], [80.1407827, 13.0402883], [80.1408941, 13.0402775], [80.141093, 13.040293], [80.1411202, 13.0402362], [80.1414875, 13.0402041], [80.141538, 13.0401701], [80.1415339, 13.0400297], [80.141529, 13.0398681], [80.1415108, 13.0392046], [80.1415644, 13.0385382], [80.1423335, 13.038455], [80.142386, 13.0378267], [80.1428467, 13.0377947], [80.1436479, 13.037739], [80.1437306, 13.0374584], [80.1457099, 13.0372268], [80.145875, 13.0372075], [80.1466247, 13.0362739], [80.1466342, 13.0359567], [80.1465907, 13.0356803], [80.1462653, 13.0342453], [80.1463044, 13.0339582], [80.1467193, 13.0338945], [80.1475386, 13.0338829], [80.1474999, 13.0335411], [80.1473988, 13.0331336], [80.1472434, 13.0323239], [80.14707, 13.0322811], [80.1469688, 13.0316934], [80.1456064, 13.0315203], [80.1449974, 13.0314699], [80.1450339, 13.030984], [80.1450361, 13.0306318], [80.1449938, 13.0306051], [80.1450242, 13.0297381], [80.1449808, 13.0297081], [80.1449823, 13.0289221], [80.1448691, 13.0268378], [80.1448177, 13.0258894], [80.1448892, 13.024646], [80.1464554, 13.0248651], [80.1465588, 13.0243458], [80.1478006, 13.0243896], [80.147947, 13.0243277], [80.1492749, 13.0255282], [80.149541, 13.025403], [80.1505244, 13.025195], [80.1509343, 13.0252417], [80.1510632, 13.0257691], [80.1515528, 13.0257116], [80.1523494, 13.0255415], [80.1526549, 13.0254637], [80.1529068, 13.0252553], [80.1535429, 13.0250726], [80.1536802, 13.0250125], [80.1547492, 13.0248869], [80.1548412, 13.0250868], [80.1552051, 13.0250325], [80.1553854, 13.0249651], [80.1557221, 13.0249322], [80.1559604, 13.0248995], [80.1560033, 13.0247507], [80.156379, 13.0247206], [80.1569016, 13.024626], [80.1569612, 13.0245206], [80.1576707, 13.0242848], [80.1577871, 13.0243292], [80.1586951, 13.0242732], [80.1588474, 13.0242214], [80.1589848, 13.0243049], [80.1592513, 13.0244681], [80.1594895, 13.0244567], [80.1596604, 13.0243846], [80.1594937, 13.0238202], [80.1595406, 13.023265], [80.1619492, 13.0229621], [80.1620655, 13.0233341], [80.1621965, 13.0233304], [80.1624231, 13.0245459], [80.1629363, 13.0244324], [80.163055, 13.0244568], [80.1630739, 13.0245699], [80.1635461, 13.0245792], [80.1638712, 13.024522], [80.1645918, 13.0242901], [80.1646663, 13.0243043], [80.1649188, 13.0242292], [80.1651351, 13.0241298], [80.1651585, 13.0239123], [80.1651202, 13.0236744], [80.1651589, 13.023626], [80.1650186, 13.0229397], [80.1652531, 13.0224572], [80.1653393, 13.0220901], [80.165199, 13.0220339], [80.1651546, 13.0216103], [80.1660884, 13.0215614], [80.1663383, 13.0226781], [80.1666925, 13.0231966], [80.1669883, 13.0231867], [80.1671819, 13.0239539], [80.1671778, 13.0240043], [80.1672096, 13.024226], [80.1671651, 13.0242646], [80.167286, 13.025308], [80.1683326, 13.0251387], [80.1685156, 13.0252688], [80.1704197, 13.0247432], [80.1731633, 13.0245557], [80.1737991, 13.0248003], [80.1741881, 13.0248936], [80.1748147, 13.0247959], [80.1752903, 13.02404], [80.1763652, 13.0235672], [80.1766369, 13.0235728], [80.1768519, 13.0236304], [80.177259, 13.0244659], [80.1777145, 13.0242443], [80.1782649, 13.0242468], [80.1788521, 13.0242995], [80.1792924, 13.0242569], [80.1797758, 13.0243692], [80.1798515, 13.0243584], [80.1800627, 13.02441], [80.181595, 13.0243073], [80.1817057, 13.0241944], [80.1827742, 13.023793], [80.1830741, 13.0243485], [80.1837115, 13.0246882], [80.1842933, 13.0245349], [80.1844537, 13.0242679], [80.1848194, 13.0238722], [80.1850969, 13.0238573], [80.1852061, 13.0241654], [80.1855224, 13.0241915], [80.1855822, 13.0240465], [80.1856549, 13.0239788], [80.1856996, 13.0236294], [80.185871, 13.0231455], [80.1860567, 13.0229421], [80.1863871, 13.0228632], [80.1868284, 13.0227279], [80.1868685, 13.0226717], [80.1870038, 13.0226377], [80.1876331, 13.0221543], [80.1887156, 13.0224206], [80.189042, 13.022524], [80.1890496, 13.0225401], [80.1892623, 13.0228572], [80.1897688, 13.0236125], [80.1897956, 13.023969], [80.1898132, 13.0242023], [80.1898185, 13.0242727], [80.1898812, 13.0242624], [80.1899325, 13.0242541], [80.1899977, 13.0242434], [80.190227, 13.0244788], [80.1902376, 13.0244897], [80.1902818, 13.0245351], [80.1903223, 13.0245766], [80.1904889, 13.0247477], [80.190624, 13.0248735], [80.190753, 13.0250188], [80.1908519, 13.0251287], [80.1910321, 13.0253289], [80.1912269, 13.0255452], [80.1910643, 13.0261004], [80.1910135, 13.026274], [80.1910889, 13.0270456], [80.1908105, 13.0271984], [80.1905489, 13.0273419], [80.190452, 13.0278799], [80.1899349, 13.0280787], [80.1895731, 13.0282177], [80.1886115, 13.0285873], [80.1886119, 13.0289019], [80.1886121, 13.0290904], [80.1886121, 13.0291086], [80.1886143, 13.0312055], [80.1884826, 13.0316706], [80.1885566, 13.0322329], [80.1885614, 13.0322369], [80.1888655, 13.0322242], [80.1888844, 13.0322234], [80.1889108, 13.0329512], [80.1889145, 13.0330515], [80.1889237, 13.0334359], [80.1889237, 13.033436], [80.1889237, 13.0334364], [80.1889225, 13.0334585], [80.1888734, 13.0343896], [80.1888998, 13.0345439], [80.1889066, 13.0345961], [80.1889068, 13.0345978], [80.1889169, 13.0346746], [80.1888333, 13.0346954], [80.1887008, 13.0347051], [80.1887014, 13.0348755], [80.1887088, 13.0349187], [80.1887113, 13.035187], [80.1887108, 13.035355], [80.1887062, 13.0355749], [80.1887071, 13.0357536], [80.1886952, 13.0357904], [80.1886943, 13.0358572], [80.1886785, 13.0361624], [80.1886686, 13.0364314], [80.1886668, 13.0364351], [80.1886406, 13.0364899], [80.1886396, 13.0364916], [80.188641, 13.0364918], [80.1886359, 13.0367452], [80.1886344, 13.0368357], [80.1886335, 13.0368879], [80.1886318, 13.0369906], [80.1886287, 13.0371105], [80.188625, 13.0372511], [80.1886236, 13.0373041], [80.1886236, 13.0373044], [80.1886234, 13.0373116], [80.1886246, 13.0373674], [80.1886233, 13.0374046], [80.1886252, 13.0374975], [80.188629, 13.0375904], [80.1886346, 13.0376832], [80.1886421, 13.0377755], [80.1886531, 13.0379253], [80.1886529, 13.0379273], [80.188652, 13.0379291], [80.1886505, 13.0379304], [80.1886486, 13.0379311], [80.1886476, 13.0379312], [80.1886025, 13.037931], [80.1885894, 13.0379289], [80.1885763, 13.0379252], [80.1885638, 13.03792], [80.1885529, 13.0379139], [80.1885519, 13.0379133], [80.188541, 13.0379054], [80.1885311, 13.0378962], [80.1885249, 13.0378905], [80.1885122, 13.0379631], [80.1885052, 13.0380851], [80.1884999, 13.0381936], [80.1884952, 13.0382901], [80.1884934, 13.0383264], [80.1884909, 13.0383776], [80.1884909, 13.0383779], [80.1884888, 13.0384214], [80.1884825, 13.0385503], [80.1884716, 13.0386605], [80.1884684, 13.0386928], [80.1884557, 13.0388216], [80.1884542, 13.0388487], [80.1884542, 13.0388489], [80.1884521, 13.0388863], [80.1884366, 13.0391624], [80.1884357, 13.0391776], [80.1884042, 13.0392433], [80.1881326, 13.0416003], [80.1881267, 13.0416306], [80.187303, 13.0438741], [80.1873812, 13.0439051], [80.1874322, 13.0439253], [80.1875969, 13.0439952], [80.1875973, 13.0439954], [80.1875989, 13.0439966], [80.1875999, 13.0439983], [80.1876003, 13.0440002], [80.1875999, 13.0440022], [80.187507, 13.0442371], [80.1874514, 13.0443849], [80.1874088, 13.044492], [80.1873576, 13.0446143], [80.187287, 13.0447833], [80.1872152, 13.0449608], [80.1872142, 13.0449625], [80.1872125, 13.0449637], [80.1872106, 13.0449642], [80.1872079, 13.0449638], [80.1871887, 13.0449556], [80.1871691, 13.045], [80.1870565, 13.0452402], [80.1869359, 13.0454972], [80.1868591, 13.0456094], [80.1867532, 13.0455135], [80.1867514, 13.0455118], [80.1867527, 13.0455142], [80.1867545, 13.0455218], [80.1867573, 13.0455329], [80.1867604, 13.0455533], [80.1867616, 13.0455739], [80.1867609, 13.0455946], [80.1867605, 13.0455977], [80.1867587, 13.0456118], [80.1867584, 13.045614], [80.1867583, 13.0456149], [80.1867581, 13.0456158], [80.1867574, 13.0456194], [80.1867539, 13.0456351], [80.1867018, 13.045928], [80.1866921, 13.045997], [80.186689, 13.0459994], [80.1862355, 13.0459381], [80.1862299, 13.0459778], [80.1866797, 13.0460522], [80.1866803, 13.0460523], [80.1866821, 13.0460531], [80.1866836, 13.0460545], [80.1866844, 13.0460563], [80.1866845, 13.0460583], [80.186645, 13.0463556], [80.186602, 13.0466703], [80.1865717, 13.0468666], [80.1865415, 13.0471118], [80.186528, 13.0472287], [80.1865278, 13.0472293], [80.1865274, 13.0472306], [80.1865262, 13.0472345], [80.1865217, 13.0472335], [80.1864911, 13.0472292], [80.18641, 13.047218], [80.186142, 13.0471812], [80.186034, 13.0471663], [80.1860321, 13.047166], [80.1860222, 13.0472222], [80.1859498, 13.0476371], [80.185935, 13.0477221], [80.1859277, 13.0477805], [80.1859087, 13.0479339], [80.1858805, 13.0481616], [80.1858148, 13.0485658], [80.185786, 13.0487432], [80.1857403, 13.0490675], [80.1857412, 13.049183], [80.1856615, 13.0496857], [80.1856182, 13.0500088], [80.18558, 13.0503032], [80.1855542, 13.0504786], [80.1855312, 13.050634], [80.1855228, 13.0507032], [80.1855195, 13.0507298], [80.1855051, 13.0508437], [80.1854544, 13.0511602], [80.1854482, 13.0512256], [80.1854391, 13.051323], [80.1854234, 13.0514912], [80.1854146, 13.0515846], [80.1854162, 13.0516082], [80.1854191, 13.0516521], [80.1855221, 13.0516443], [80.185566, 13.0516437], [80.1855839, 13.0516435], [80.185624, 13.051643], [80.1856826, 13.0516431], [80.1856865, 13.0517268], [80.1856922, 13.0518535], [80.1856927, 13.0518711], [80.185693, 13.0518835], [80.1857147, 13.0522231], [80.185718, 13.0522277], [80.1858323, 13.0522118], [80.1858344, 13.052211], [80.1858359, 13.0522096], [80.1858368, 13.0522079], [80.185837, 13.0522059], [80.1858409, 13.0522255], [80.1858448, 13.0522448], [80.1858499, 13.0522676], [80.185852, 13.0522768], [80.1858852, 13.0524259], [80.1859018, 13.0525148], [80.1859197, 13.0526111], [80.1859257, 13.0526461], [80.1859429, 13.0527458], [80.1859531, 13.052806], [80.1859544, 13.0528131], [80.1859741, 13.0529479], [80.1859763, 13.0529638], [80.1859861, 13.0530508], [80.185991, 13.0530948], [80.1860047, 13.0531997], [80.1860114, 13.0532353], [80.1860147, 13.0532349], [80.1860153, 13.0532388], [80.1864234, 13.0532017], [80.1864305, 13.0532087], [80.186439, 13.0532227], [80.1864513, 13.0535743], [80.1864629, 13.0536954], [80.1864635, 13.0537015], [80.1864719, 13.0537904], [80.1864694, 13.0537994], [80.1864628, 13.0538083], [80.1864566, 13.0538131], [80.1864485, 13.0538233], [80.1864429, 13.0538349], [80.1864398, 13.0538474], [80.1864395, 13.0538603], [80.1864419, 13.053889], [80.1864422, 13.0538944], [80.18644, 13.0538994], [80.1864357, 13.0539028], [80.1864304, 13.053904], [80.1863669, 13.0539087], [80.1863229, 13.0539143], [80.1863184, 13.0539457], [80.1863321, 13.0540159], [80.1863389, 13.0540384], [80.186371, 13.0541386], [80.1863795, 13.0541651], [80.1864142, 13.0542605], [80.1864899, 13.0544572], [80.1865232, 13.0545519], [80.1866025, 13.0547522], [80.1866046, 13.0547498], [80.186606, 13.0547539], [80.1866327, 13.0548011], [80.1867454, 13.0547458], [80.1868289, 13.0547048], [80.186849, 13.0546981], [80.1868695, 13.0546932], [80.1870237, 13.0546695], [80.1871272, 13.0546587], [80.1871333, 13.0546638], [80.1871395, 13.0547675], [80.1871429, 13.054854], [80.1871439, 13.0548777], [80.1871656, 13.0551353], [80.1871917, 13.0551347], [80.1872648, 13.0551349], [80.1882628, 13.0551372], [80.1883064, 13.0551309], [80.1893812, 13.054986], [80.1894156, 13.055051], [80.1894353, 13.0550822], [80.1894478, 13.0550951], [80.1894622, 13.055106], [80.189478, 13.0551149], [80.189495, 13.0551214], [80.1895172, 13.0551275], [80.1895385, 13.0551359], [80.1895588, 13.0551467], [80.1895777, 13.0551596], [80.1895914, 13.0551707], [80.1896033, 13.0551836], [80.1896133, 13.0551979], [80.1896201, 13.0552139], [80.1896268, 13.05523], [80.18963, 13.0552471], [80.1896312, 13.0552549], [80.1896332, 13.0552925], [80.1896326, 13.0553307], [80.1896294, 13.0553687], [80.1896244, 13.0553984], [80.1896176, 13.0554281], [80.189609, 13.0554574], [80.1895987, 13.0554861], [80.1895866, 13.0555145], [80.1895194, 13.0556557], [80.1894988, 13.0556902], [80.189479, 13.0557278], [80.1894611, 13.0557663], [80.1894451, 13.0558057], [80.1894318, 13.0558441], [80.1894244, 13.0558623], [80.1894182, 13.0558838], [80.1894143, 13.0559059], [80.1894131, 13.0559265], [80.1894102, 13.0559767], [80.189411, 13.0559915], [80.189411, 13.0559917], [80.1894107, 13.0559936], [80.1894097, 13.0559953], [80.1894082, 13.0559966], [80.1894063, 13.0559972], [80.1893845, 13.0560002], [80.1893575, 13.0560011], [80.1893306, 13.0559993], [80.1893039, 13.0559949], [80.1892495, 13.0559805], [80.1891945, 13.0559684], [80.189139, 13.0559586], [80.1890832, 13.0559511], [80.1890271, 13.0559459], [80.1890251, 13.055967], [80.1890168, 13.0563066], [80.1890165, 13.0563172], [80.1890467, 13.0566277], [80.1891552, 13.0566309], [80.1893701, 13.0566335], [80.1894039, 13.0566373], [80.1894205, 13.056642], [80.1894227, 13.0566452], [80.1894168, 13.0570367], [80.1894142, 13.0570785], [80.1894073, 13.0572015], [80.189403, 13.0574997], [80.1894068, 13.0576609], [80.1894, 13.0579719], [80.1894004, 13.0579834], [80.1893983, 13.058124], [80.1893734, 13.0582549], [80.1893693, 13.0583016], [80.189374, 13.0583482], [80.1894022, 13.0584654], [80.1894101, 13.0585387], [80.1894198, 13.0587089], [80.1894261, 13.058905], [80.1893774, 13.0590392], [80.1895549, 13.0591871], [80.1897161, 13.0595134], [80.1898378, 13.0597853], [80.1898884, 13.0600569], [80.1899746, 13.0603093], [80.1901318, 13.0606278], [80.1902536, 13.0608842], [80.1905331, 13.0612962], [80.1906393, 13.0614865], [80.1908313, 13.0619438], [80.1908495, 13.0619823], [80.1908622, 13.0619901], [80.1908735, 13.0619998], [80.1908832, 13.062011], [80.1909122, 13.0620628], [80.1909429, 13.0621137], [80.1909752, 13.0621636], [80.1910091, 13.0622125], [80.1910525, 13.0622772], [80.1910963, 13.0623459], [80.1911392, 13.0624114], [80.1911584, 13.062435], [80.1911648, 13.0624428], [80.1911952, 13.0624722], [80.1912276, 13.0624995], [80.1912623, 13.0625253], [80.191277, 13.062534], [80.1912945, 13.0625406], [80.191313, 13.0625441], [80.191315, 13.0625444], [80.1913168, 13.0625454], [80.191318, 13.0625469], [80.1913187, 13.0625488], [80.1913186, 13.0625508], [80.1913178, 13.0625526], [80.1912824, 13.0626039], [80.1912103, 13.0627071], [80.1911137, 13.0628237], [80.1910142, 13.0629438], [80.1907601, 13.0631704], [80.1905723, 13.0633305], [80.1904293, 13.0634801], [80.190349, 13.0636031], [80.1903203, 13.0636549], [80.1902716, 13.0637429], [80.1902536, 13.0637754], [80.1902438, 13.0637893], [80.1902327, 13.063802], [80.1902201, 13.0638133], [80.1902063, 13.0638231], [80.1901915, 13.0638314], [80.1901762, 13.0638378], [80.1901137, 13.0638547], [80.1900104, 13.0638827], [80.1899808, 13.0638946], [80.189953, 13.0639077], [80.1899239, 13.0639237], [80.1898976, 13.0639454], [80.1897903, 13.0640354], [80.1897816, 13.0640948], [80.1897676, 13.0641134], [80.1897551, 13.0641331], [80.1897444, 13.0641537], [80.1897363, 13.0641757], [80.18973, 13.0641981], [80.1897254, 13.064221], [80.1897227, 13.0642442], [80.1897218, 13.0642675], [80.1897228, 13.0642908], [80.1897241, 13.0643012], [80.1897256, 13.064314], [80.1897289, 13.0643371], [80.18973, 13.0643603], [80.189729, 13.0643836], [80.1897259, 13.0644066], [80.1897206, 13.0644293], [80.1897133, 13.0644515], [80.1897081, 13.0644633], [80.1896274, 13.0652802], [80.1896377, 13.0653447], [80.1896513, 13.0653439], [80.1896768, 13.0653448], [80.1896991, 13.065348], [80.1897099, 13.0653484], [80.1897247, 13.0653521], [80.1897505, 13.065368], [80.1897603, 13.0653796], [80.1897674, 13.0653929], [80.1897717, 13.0654078], [80.1897727, 13.0654404], [80.1897754, 13.0654686], [80.1897798, 13.0654965], [80.1897859, 13.0655235], [80.1897982, 13.0655602], [80.1898126, 13.065597], [80.1898286, 13.0656332], [80.1898463, 13.0656686], [80.1898678, 13.0657072], [80.1898718, 13.0657242], [80.1898723, 13.0657405], [80.1898695, 13.0657566], [80.1898635, 13.0657718], [80.1898545, 13.0657855], [80.1898464, 13.0657939], [80.1897787, 13.0658852], [80.1897387, 13.0659541], [80.1898694, 13.0659516], [80.1902443, 13.0659581], [80.1906348, 13.0659633], [80.1911193, 13.0659723], [80.1912585, 13.0659721], [80.1912584, 13.065979], [80.1912579, 13.066014], [80.1912513, 13.0663784], [80.1912445, 13.0666862], [80.1912647, 13.0670377], [80.1912787, 13.0673597], [80.1912696, 13.0680606], [80.1912683, 13.0683078], [80.191263, 13.0687941], [80.1912793, 13.0692312], [80.1912805, 13.0692648], [80.1904499, 13.0726994], [80.1904726, 13.0727623], [80.190451, 13.0728749], [80.1904391, 13.0729055], [80.1904411, 13.0729055], [80.1904034, 13.0730033], [80.1903618, 13.0731513], [80.1903377, 13.0732544], [80.190313, 13.0733783], [80.19027, 13.0734574], [80.1902378, 13.0734809], [80.1901517, 13.073489], [80.1884776, 13.0737796], [80.1877917, 13.0734544], [80.1872941, 13.073179], [80.186729, 13.0729117], [80.1862195, 13.0728794], [80.1850797, 13.0730078], [80.1811996, 13.0726208], [80.1808532, 13.0726006], [80.1795281, 13.0723273], [80.1777321, 13.0722569], [80.1771215, 13.0720984], [80.1771717, 13.0726742], [80.1771333, 13.0728764], [80.1769765, 13.0733289], [80.1761934, 13.0735077], [80.1762558, 13.0737089], [80.1762269, 13.073805], [80.1763109, 13.0740615], [80.1762218, 13.0743045], [80.1752962, 13.0748581], [80.1752015, 13.0749998], [80.1745016, 13.0755489], [80.1744142, 13.0756539], [80.1741703, 13.0758031], [80.1742247, 13.075962], [80.1741115, 13.0766212], [80.1740711, 13.0770941], [80.1740906, 13.0776211], [80.1740105, 13.0776625], [80.1738034, 13.0783482], [80.1736996, 13.07836], [80.1736226, 13.0787415], [80.1736245, 13.0793352], [80.1736247, 13.0793898], [80.1736249, 13.0794556], [80.1736253, 13.0795831], [80.1735399, 13.0798611], [80.1735398, 13.0798455], [80.173535, 13.079861], [80.173535, 13.0798605], [80.1735295, 13.0798784], [80.1735013, 13.0799685], [80.1734693, 13.0800707], [80.1734698, 13.0800709], [80.1734684, 13.0800738], [80.1734656, 13.0800792], [80.1734666, 13.0800795], [80.1733317, 13.0805108], [80.1733143, 13.0805664], [80.1731529, 13.0810825], [80.1731405, 13.0811204], [80.1731322, 13.0811458], [80.1731055, 13.0812273], [80.1730613, 13.0813627], [80.172991, 13.081386], [80.17295, 13.0813997], [80.1728897, 13.0814197], [80.171875, 13.0817565], [80.1718637, 13.0817603], [80.1718628, 13.081759], [80.1718618, 13.0817593], [80.1718526, 13.0817565], [80.1717363, 13.0817215], [80.1715773, 13.0816736], [80.1703101, 13.0812922], [80.1702532, 13.0812751], [80.1700215, 13.0820506], [80.1699948, 13.0821405], [80.1699946, 13.0821413], [80.1699732, 13.0822134], [80.1699271, 13.0823675], [80.1699095, 13.0824266], [80.1697441, 13.0823772], [80.1697439, 13.0823771], [80.1693314, 13.0822538], [80.1692497, 13.0822294], [80.1692156, 13.0822191], [80.1691893, 13.0822113], [80.1691751, 13.082207], [80.1691694, 13.0822053], [80.1691433, 13.0821975], [80.1690873, 13.0821808], [80.1690797, 13.0821785], [80.168873, 13.0821192], [80.1683597, 13.0819719], [80.1680136, 13.0818726], [80.1678581, 13.081828], [80.1678382, 13.0818225], [80.1678096, 13.0818144], [80.1677012, 13.0817834], [80.1670222, 13.0815886], [80.1669163, 13.0815582], [80.1669138, 13.0815575], [80.1668482, 13.0815382], [80.1668472, 13.0815379], [80.166814, 13.0816756], [80.1667839, 13.0817696], [80.1667529, 13.0818665], [80.1667529, 13.0818668], [80.1667493, 13.0818779], [80.1667557, 13.0818776], [80.1667356, 13.0819264], [80.166734, 13.0819259], [80.166563, 13.0818749], [80.1665624, 13.0818747], [80.1664863, 13.0818521], [80.1664582, 13.0818437], [80.1664008, 13.0818265], [80.1659945, 13.0817049], [80.1659823, 13.0817463], [80.1659387, 13.0818695], [80.165938, 13.0818715], [80.1658772, 13.0818523], [80.1658726, 13.0818611], [80.1658756, 13.0818618], [80.1658165, 13.082049], [80.1658386, 13.0820448], [80.1658205, 13.0821094], [80.1658073, 13.0821567], [80.1658013, 13.0821781], [80.165789, 13.082185], [80.1657812, 13.0822504], [80.1657312, 13.0824311], [80.1657312, 13.0824311], [80.1657271, 13.0824461], [80.1656952, 13.0825117], [80.1656503, 13.0826042], [80.1656147, 13.0827247], [80.1656147, 13.0827247], [80.1656132, 13.0827292], [80.1655625, 13.0827129], [80.1654699, 13.0826833], [80.1654239, 13.0826147], [80.1653191, 13.0825338], [80.1653127, 13.0825303], [80.1652318, 13.0824854], [80.1651188, 13.0824138], [80.1648891, 13.0822683], [80.164859, 13.0822941], [80.1648265, 13.0822806], [80.1648223, 13.0822788], [80.1648119, 13.0822745], [80.1647174, 13.0824263], [80.164706, 13.0824465], [80.1646456, 13.0825534], [80.1646283, 13.0825841], [80.1646245, 13.0825909], [80.1645845, 13.0826618], [80.164584, 13.0826623], [80.1645837, 13.0826631], [80.1645833, 13.0826639], [80.1645813, 13.0826632], [80.1645463, 13.0826516], [80.1642442, 13.0828861], [80.1638809, 13.0830528], [80.1635723, 13.083311], [80.163576, 13.0833642], [80.1635815, 13.0834446], [80.1634405, 13.0834797], [80.1633657, 13.0834983], [80.1633033, 13.0835179], [80.1632934, 13.0835136], [80.163218, 13.0835465], [80.1632146, 13.0835455], [80.163147, 13.0835674], [80.1631259, 13.0835743], [80.1630287, 13.0836058], [80.1630135, 13.0836118], [80.1626815, 13.0837437], [80.1625559, 13.0835724], [80.1622526, 13.0831585], [80.162247, 13.083151], [80.1621894, 13.0831085], [80.1620722, 13.0830288]]]}}, {"type": "Feature", "properties": {"zone": "XII", "zone_name": "ALANDUR", "region": "South"}, "geometry": {"type": "Polygon", "coordinates": [[[80.188635, 13.0095529], [80.1895178, 13.0094243], [80.1898698, 13.0101202], [80.190217, 13.0114036], [80.1903716, 13.0118634], [80.1911303, 13.0126313], [80.1914802, 13.0130918], [80.1917489, 13.0144897], [80.1919793, 13.0144858], [80.1920503, 13.0144846], [80.1927054, 13.0144736], [80.1931044, 13.0148967], [80.1931461, 13.0149409], [80.1931497, 13.0149596], [80.1934837, 13.0167331], [80.1936211, 13.0174625], [80.1938689, 13.0195935], [80.1940042, 13.0210683], [80.1940836, 13.0219433], [80.1941816, 13.0230214], [80.1945578, 13.027056], [80.1945591, 13.027172], [80.1945601, 13.0272602], [80.1944317, 13.0274377], [80.1969257, 13.0284983], [80.2002677, 13.0283308], [80.2002218, 13.0280786], [80.2001484, 13.027676], [80.1990879, 13.0217696], [80.1988909, 13.0206682], [80.198867, 13.0205525], [80.1986592, 13.0192646], [80.1985352, 13.0185045], [80.1984528, 13.0180539], [80.1983491, 13.0178412], [80.1979727, 13.0149018], [80.1988635, 13.0144907], [80.199268, 13.0143677], [80.1996026, 13.0160194], [80.1995001, 13.0160457], [80.1997103, 13.0172202], [80.1998188, 13.0194606], [80.2000393, 13.0230566], [80.2002845, 13.0246036], [80.2011252, 13.028528], [80.200801, 13.0286007], [80.2002069, 13.0287533], [80.1998837, 13.0288182], [80.1995802, 13.028863], [80.1992445, 13.0289074], [80.1989645, 13.0289276], [80.198652, 13.0289102], [80.1984665, 13.0288405], [80.1982422, 13.0287923], [80.1979443, 13.0288136], [80.1976507, 13.0288741], [80.1971894, 13.0288375], [80.1967693, 13.0288133], [80.1963492, 13.0288044], [80.1958358, 13.028757], [80.1956182, 13.0286724], [80.1953694, 13.0286183], [80.1949571, 13.0286017], [80.1947628, 13.0285477], [80.1944363, 13.0284552], [80.1941643, 13.0283475], [80.1939624, 13.0282172], [80.1938385, 13.0280566], [80.1936448, 13.0278043], [80.19349, 13.0275444], [80.1933305, 13.0273195], [80.1931429, 13.0271947], [80.1919056, 13.0262353], [80.1912817, 13.025601], [80.1912269, 13.0255452], [80.1910321, 13.0253289], [80.1909265, 13.0252116], [80.1908404, 13.0251159], [80.190753, 13.0250188], [80.1906401, 13.0249029], [80.1905518, 13.0248123], [80.1904889, 13.0247477], [80.1903223, 13.0245766], [80.1902818, 13.0245351], [80.1902592, 13.0245119], [80.1902376, 13.0244897], [80.190227, 13.0244788], [80.1899977, 13.0242434], [80.1899325, 13.0242541], [80.1898812, 13.0242624], [80.1898384, 13.0242695], [80.1898185, 13.0242727], [80.1898132, 13.0242023], [80.1897688, 13.0236125], [80.189726, 13.0235486], [80.1896435, 13.0234256], [80.1890496, 13.0225401], [80.189042, 13.022524], [80.1887156, 13.0224206], [80.1876331, 13.0221543], [80.1870038, 13.0226377], [80.1868685, 13.0226717], [80.1868284, 13.0227279], [80.1863871, 13.0228632], [80.1860567, 13.0229421], [80.185871, 13.0231455], [80.1856996, 13.0236294], [80.1856549, 13.0239788], [80.1855822, 13.0240465], [80.1855224, 13.0241915], [80.1852061, 13.0241654], [80.1850969, 13.0238573], [80.1848194, 13.0238722], [80.1844537, 13.0242679], [80.1842933, 13.0245349], [80.1837115, 13.0246882], [80.1830741, 13.0243485], [80.1827742, 13.023793], [80.1817057, 13.0241944], [80.181595, 13.0243073], [80.1800627, 13.02441], [80.1798515, 13.0243584], [80.1797758, 13.0243692], [80.1792924, 13.0242569], [80.1788521, 13.0242995], [80.1782649, 13.0242468], [80.1777145, 13.0242443], [80.177259, 13.0244659], [80.1768519, 13.0236304], [80.1766369, 13.0235728], [80.1763652, 13.0235672], [80.1752903, 13.02404], [80.1748147, 13.0247959], [80.1741881, 13.0248936], [80.1737991, 13.0248003], [80.1731633, 13.0245557], [80.1704197, 13.0247432], [80.1685156, 13.0252688], [80.1683326, 13.0251387], [80.167286, 13.025308], [80.1671651, 13.0242646], [80.1672096, 13.024226], [80.1671778, 13.0240043], [80.1671819, 13.0239539], [80.1669883, 13.0231867], [80.1666925, 13.0231966], [80.1663383, 13.0226781], [80.1660884, 13.0215614], [80.1651546, 13.0216103], [80.165199, 13.0220339], [80.1653393, 13.0220901], [80.1652531, 13.0224572], [80.1650186, 13.0229397], [80.1651589, 13.023626], [80.1651202, 13.0236744], [80.1651585, 13.0239123], [80.1651351, 13.0241298], [80.1649188, 13.0242292], [80.1646663, 13.0243043], [80.1645918, 13.0242901], [80.1638712, 13.024522], [80.1635461, 13.0245792], [80.1630739, 13.0245699], [80.163055, 13.0244568], [80.1629363, 13.0244324], [80.1624231, 13.0245459], [80.1621965, 13.0233304], [80.1620655, 13.0233341], [80.1619492, 13.0229621], [80.1595406, 13.023265], [80.1594937, 13.0238202], [80.1596604, 13.0243846], [80.1594895, 13.0244567], [80.1592513, 13.0244681], [80.1589848, 13.0243049], [80.1588474, 13.0242214], [80.1586951, 13.0242732], [80.1577871, 13.0243292], [80.1576707, 13.0242848], [80.1569612, 13.0245206], [80.1569016, 13.024626], [80.156379, 13.0247206], [80.1560033, 13.0247507], [80.1559604, 13.0248995], [80.1557221, 13.0249322], [80.1553854, 13.0249651], [80.1552051, 13.0250325], [80.1548412, 13.0250868], [80.1547492, 13.0248869], [80.1536802, 13.0250125], [80.1535429, 13.0250726], [80.1529068, 13.0252553], [80.1526549, 13.0254637], [80.1523494, 13.0255415], [80.1515528, 13.0257116], [80.1510632, 13.0257691], [80.1509343, 13.0252417], [80.1505244, 13.025195], [80.149541, 13.025403], [80.1492749, 13.0255282], [80.147947, 13.0243277], [80.1478006, 13.0243896], [80.1465588, 13.0243458], [80.1464554, 13.0248651], [80.1448892, 13.024646], [80.1451419, 13.0240808], [80.1451226, 13.0236781], [80.1450544, 13.0232304], [80.1446066, 13.0231129], [80.1445561, 13.0223784], [80.1444257, 13.0216558], [80.1444243, 13.0213875], [80.1445002, 13.0214068], [80.1446612, 13.021274], [80.1449462, 13.0212951], [80.145019, 13.0212435], [80.1453566, 13.021347], [80.1454028, 13.0212841], [80.1462877, 13.0212078], [80.1464756, 13.0210306], [80.1468417, 13.0209331], [80.147066, 13.0209425], [80.1471066, 13.0198043], [80.1469846, 13.0194045], [80.147094, 13.0186709], [80.147171, 13.0185783], [80.1471533, 13.0184209], [80.1472, 13.0176281], [80.1472089, 13.0169861], [80.1485949, 13.0169702], [80.1487074, 13.0174659], [80.1490231, 13.0174552], [80.1492693, 13.0173336], [80.1493728, 13.0174072], [80.1496738, 13.0172595], [80.149777, 13.0173214], [80.1500362, 13.0171747], [80.1501006, 13.0172491], [80.1505795, 13.0170445], [80.1506331, 13.0171194], [80.1507693, 13.0170694], [80.150805, 13.0169805], [80.1514576, 13.016795], [80.151641, 13.0167204], [80.1519752, 13.0165068], [80.1522251, 13.0163524], [80.1521272, 13.0160212], [80.1522821, 13.0160058], [80.1524154, 13.0160786], [80.1531257, 13.01605], [80.1531158, 13.0156521], [80.153177, 13.0154692], [80.1530791, 13.015378], [80.1530527, 13.0152791], [80.1532324, 13.0150583], [80.1534137, 13.0149017], [80.1533997, 13.014776], [80.1535923, 13.01466], [80.1535767, 13.0144499], [80.1541191, 13.0141559], [80.1541171, 13.0140741], [80.1548373, 13.0134603], [80.1548438, 13.0132714], [80.1551311, 13.0132032], [80.1552656, 13.013198], [80.1554825, 13.013047], [80.1558427, 13.0129879], [80.1561078, 13.0130752], [80.1563957, 13.0131018], [80.1565241, 13.0131824], [80.15677, 13.0131222], [80.1568251, 13.0131736], [80.1568436, 13.0134365], [80.1570127, 13.0135043], [80.1577098, 13.013663], [80.1577705, 13.0143325], [80.1578679, 13.0144843], [80.1580879, 13.0145001], [80.1581275, 13.0147375], [80.1583867, 13.0150447], [80.1586714, 13.0150116], [80.1588218, 13.015049], [80.1592849, 13.0151665], [80.1595832, 13.0144337], [80.1597084, 13.0144248], [80.1599734, 13.0145062], [80.1601521, 13.0144843], [80.1602668, 13.0145283], [80.1605462, 13.0145733], [80.1606977, 13.0146574], [80.160806, 13.0146841], [80.1608996, 13.0146057], [80.1611327, 13.0146238], [80.1612093, 13.0145949], [80.1612589, 13.0143981], [80.1613767, 13.0143309], [80.1613687, 13.0142491], [80.1612481, 13.0142052], [80.1612711, 13.0136956], [80.1614672, 13.0136499], [80.1615409, 13.013256], [80.1615889, 13.0131992], [80.1617221, 13.0125908], [80.161311, 13.0126032], [80.1611784, 13.0125596], [80.1611918, 13.0123779], [80.1617959, 13.011479], [80.1612957, 13.0114236], [80.1606056, 13.0114355], [80.1605505, 13.0105153], [80.1603535, 13.0104677], [80.1603209, 13.0102734], [80.1596882, 13.0102365], [80.1596739, 13.0100968], [80.1595656, 13.0098187], [80.1595337, 13.008928], [80.1594777, 13.0088038], [80.1594424, 13.0083495], [80.1593727, 13.008248], [80.1592831, 13.0078242], [80.1592408, 13.0077632], [80.1590443, 13.0073893], [80.1588348, 13.0068689], [80.1591666, 13.0067295], [80.1595867, 13.0066678], [80.1597814, 13.0065974], [80.1598543, 13.0068302], [80.1605175, 13.0066593], [80.1620743, 13.0063908], [80.1633091, 13.0063038], [80.1632581, 13.0059139], [80.1633542, 13.0038587], [80.1639195, 13.0027581], [80.1636335, 13.002485], [80.16237, 13.0014698], [80.1610809, 12.9986617], [80.1602101, 12.9970132], [80.1611713, 12.9956627], [80.1614392, 12.995202], [80.1620887, 12.9936126], [80.1621447, 12.9934393], [80.1632937, 12.9913436], [80.1642009, 12.9896387], [80.1651083, 12.9879006], [80.1655956, 12.986862], [80.1664802, 12.9848307], [80.1669763, 12.9838743], [80.1658911, 12.9800593], [80.1668968, 12.9805821], [80.1686977, 12.980326], [80.1705064, 12.9800135], [80.1713478, 12.9799028], [80.1729412, 12.9797496], [80.1735537, 12.9800573], [80.1748356, 12.9798061], [80.1765501, 12.9789873], [80.1764441, 12.9778975], [80.1770283, 12.9776182], [80.1772264, 12.9759081], [80.1765565, 12.9721392], [80.1764156, 12.970977], [80.1797545, 12.9690916], [80.181704, 12.968051], [80.1823737, 12.9680139], [80.1825867, 12.9680021], [80.1827712, 12.968029], [80.1831251, 12.9680484], [80.1832563, 12.9680971], [80.1832674, 12.9681058], [80.1836592, 12.9682629], [80.1839764, 12.9683692], [80.1840958, 12.9684093], [80.184117, 12.968938], [80.184444, 12.9689158], [80.1844838, 12.9691718], [80.1845119, 12.969292], [80.1845682, 12.969288], [80.1846458, 12.9693257], [80.1847114, 12.9693818], [80.1847783, 12.969383], [80.1850268, 12.9696182], [80.1851018, 12.9696184], [80.1852335, 12.969808], [80.1863393, 12.9697077], [80.1863815, 12.9697141], [80.1864236, 12.9697178], [80.1867432, 12.9697131], [80.1869524, 12.9696832], [80.1870173, 12.9696851], [80.1871446, 12.9696739], [80.1875355, 12.9696629], [80.1877949, 12.969631], [80.188019, 12.9695917], [80.1881328, 12.9695609], [80.188237, 12.9695334], [80.188367, 12.9695089], [80.1884985, 12.9694701], [80.1887186, 12.9693946], [80.1887391, 12.9693756], [80.1888766, 12.9693557], [80.1893321, 12.9691933], [80.1899776, 12.9689591], [80.1904642, 12.9700946], [80.1903968, 12.9701046], [80.1895321, 12.9704316], [80.189265, 12.9705342], [80.188935, 12.9706667], [80.1891302, 12.9713142], [80.1891946, 12.9715026], [80.1892583, 12.9717077], [80.1893291, 12.971881], [80.1893611, 12.9720066], [80.1893625, 12.9720826], [80.189281, 12.973575], [80.1893818, 12.9736137], [80.1895791, 12.9737723], [80.1897988, 12.973897], [80.1898663, 12.9739331], [80.1899423, 12.9739793], [80.1899865, 12.9740059], [80.1901824, 12.9740539], [80.190171, 12.9740943], [80.1902543, 12.9741702], [80.1903416, 12.9742387], [80.1904218, 12.9743067], [80.1905182, 12.9743817], [80.1906039, 12.9744503], [80.1906622, 12.974494], [80.1906072, 12.9746091], [80.1905972, 12.9746313], [80.1905694, 12.9746876], [80.1905028, 12.9748358], [80.1904349, 12.9749884], [80.1904078, 12.9750513], [80.1903535, 12.9751898], [80.1902563, 12.9754815], [80.1902497, 12.9755072], [80.1902626, 12.9756054], [80.1902758, 12.9756895], [80.1903127, 12.9758649], [80.1903394, 12.9760872], [80.1903892, 12.9763679], [80.1905235, 12.9771594], [80.1903653, 12.9772696], [80.1901296, 12.9774452], [80.1897709, 12.9776062], [80.1897508, 12.9776168], [80.1897539, 12.9776529], [80.1897608, 12.9777043], [80.1897817, 12.9781013], [80.1897798, 12.9781909], [80.1897804, 12.978471], [80.1896545, 12.9784496], [80.1896771, 12.9793939], [80.1896915, 12.9794855], [80.18971, 12.9796862], [80.1897731, 12.9800556], [80.1896217, 12.9800744], [80.1897321, 12.9806456], [80.1897301, 12.9806461], [80.1894737, 12.9807036], [80.1894727, 12.98074], [80.1894829, 12.9808264], [80.189495, 12.9809119], [80.1895169, 12.9810455], [80.1895278, 12.9811165], [80.1895523, 12.9812525], [80.1895286, 12.9813278], [80.1895527, 12.9813686], [80.1896443, 12.9815187], [80.189715, 12.9816541], [80.1897528, 12.9817046], [80.1897694, 12.9818839], [80.189876, 12.9818513], [80.1898932, 12.9818516], [80.1900818, 12.9818545], [80.1901569, 12.9818811], [80.1902408, 12.9819097], [80.1903223, 12.9819713], [80.1903999, 12.9819883], [80.1905023, 12.9820066], [80.1909232, 12.9819391], [80.1909575, 12.9822391], [80.1910249, 12.9822666], [80.1911101, 12.9822971], [80.1911205, 12.9823017], [80.1911627, 12.9823156], [80.1912837, 12.9823583], [80.1913626, 12.98235], [80.1914547, 12.9823402], [80.1915942, 12.9823217], [80.1917531, 12.9823012], [80.1919156, 12.9822822], [80.1920544, 12.9822717], [80.1922492, 12.9822433], [80.192435, 12.9822195], [80.1926119, 12.982202], [80.1928961, 12.9821769], [80.1930939, 12.9821603], [80.1933065, 12.9821479], [80.1935662, 12.982124], [80.1938208, 12.9820459], [80.1953137, 12.981024], [80.1954768, 12.9809309], [80.1956753, 12.9809232], [80.1957654, 12.9809285], [80.1957717, 12.9809289], [80.1957811, 12.9808981], [80.1958451, 12.9807737], [80.1959275, 12.9806141], [80.1959782, 12.9805397], [80.1960222, 12.980458], [80.1960806, 12.980334], [80.1962122, 12.9802961], [80.1962828, 12.9802699], [80.1963021, 12.9802614], [80.1963135, 12.9802586], [80.1963966, 12.980238], [80.1964311, 12.9802309], [80.1965197, 12.9802127], [80.1966592, 12.9801887], [80.1967095, 12.9801729], [80.196799, 12.9801266], [80.1968557, 12.9801003], [80.1968862, 12.9800941], [80.1969659, 12.9800748], [80.1970622, 12.9800671], [80.1971515, 12.9800395], [80.197283, 12.9800089], [80.1973222, 12.9799982], [80.1974332, 12.9799766], [80.1974871, 12.9799424], [80.1977402, 12.979803], [80.1978552, 12.9797866], [80.1981281, 12.9797495], [80.1981908, 12.9797467], [80.1984727, 12.9797209], [80.1987044, 12.979696], [80.1987681, 12.9796851], [80.1990095, 12.9796489], [80.1993372, 12.9797555], [80.1993881, 12.9797532], [80.1995165, 12.9797049], [80.1998862, 12.9795797], [80.2000638, 12.9793268], [80.2007497, 12.9792007], [80.201254, 12.9791494], [80.2012599, 12.9790568], [80.2012688, 12.9789446], [80.2011943, 12.9782691], [80.2015857, 12.97822], [80.2018402, 12.9781118], [80.2021471, 12.978049], [80.2021066, 12.9777431], [80.2021041, 12.9777021], [80.2020723, 12.9775686], [80.2020263, 12.9773492], [80.2024126, 12.9772635], [80.2029729, 12.9771329], [80.203096, 12.9771023], [80.2033262, 12.9770533], [80.2034306, 12.9770319], [80.2036947, 12.9769934], [80.2040668, 12.976915], [80.2044555, 12.9768287], [80.2046309, 12.9768262], [80.204551, 12.976248], [80.2047811, 12.9761773], [80.2048846, 12.9764105], [80.2049859, 12.9766432], [80.2051032, 12.9769046], [80.2052044, 12.9771849], [80.2053963, 12.9776292], [80.2054579, 12.97779], [80.2055318, 12.9779504], [80.2056022, 12.9781255], [80.2057061, 12.9783704], [80.2058414, 12.9786836], [80.2071314, 12.9781084], [80.2071346, 12.978142], [80.207136, 12.9781566], [80.2071738, 12.9783746], [80.2071937, 12.978504], [80.2072026, 12.978562], [80.2072259, 12.9786966], [80.2072538, 12.9788591], [80.2072675, 12.9789247], [80.2072777, 12.9789731], [80.2073087, 12.9791198], [80.2073465, 12.9793337], [80.2073524, 12.9793604], [80.2073634, 12.9794105], [80.2073786, 12.9794796], [80.2073822, 12.9794956], [80.2074176, 12.9796873], [80.2074312, 12.979759], [80.207444, 12.9798136], [80.2074492, 12.9798425], [80.2074495, 12.9798441], [80.2074626, 12.9799097], [80.207472, 12.9799419], [80.2074775, 12.9799615], [80.2074919, 12.9800301], [80.2075111, 12.9801348], [80.207527, 12.9802336], [80.2074872, 12.9802492], [80.2074826, 12.980251], [80.2073369, 12.9802656], [80.2072939, 12.9802705], [80.2071194, 12.9802905], [80.2070301, 12.9803027], [80.2069048, 12.9803199], [80.2066748, 12.9803552], [80.2065425, 12.9803755], [80.2064899, 12.980396], [80.2064898, 12.980396], [80.2065467, 12.9806153], [80.2065567, 12.980654], [80.206576, 12.9807287], [80.2065959, 12.9808237], [80.2066047, 12.9808603], [80.2066276, 12.9809418], [80.2066378, 12.9810067], [80.2066442, 12.9810475], [80.2066498, 12.9810835], [80.2066593, 12.9811328], [80.2066695, 12.9811858], [80.2066739, 12.9812029], [80.2066816, 12.981233], [80.206682, 12.9812347], [80.2066894, 12.9812634], [80.2067274, 12.9813942], [80.2067401, 12.9814331], [80.2067504, 12.9814707], [80.2060927, 12.9815425], [80.2060761, 12.9815467], [80.2058668, 12.9815777], [80.2058509, 12.981582], [80.2053184, 12.9815563], [80.2051843, 12.9815639], [80.2051482, 12.9815672], [80.2050565, 12.9815756], [80.2048324, 12.9815997], [80.2046846, 12.9816166], [80.2046191, 12.9816201], [80.204697, 12.9824695], [80.2047163, 12.9826727], [80.2047335, 12.9828714], [80.2047426, 12.9829597], [80.2047426, 12.9829599], [80.2047478, 12.9830098], [80.2047495, 12.9830268], [80.2047686, 12.9831819], [80.204786, 12.9833654], [80.204797, 12.9834762], [80.204797, 12.9834779], [80.2047964, 12.9834804], [80.2047951, 12.9834826], [80.2047932, 12.9834844], [80.2047909, 12.9834856], [80.2047884, 12.9834861], [80.2047231, 12.9834901], [80.2045918, 12.9834995], [80.2044979, 12.9835052], [80.2042209, 12.9835337], [80.204027, 12.9835516], [80.2037512, 12.983579], [80.2034819, 12.9836053], [80.2032125, 12.98363], [80.2032113, 12.9836301], [80.2032087, 12.9836296], [80.2032064, 12.9836284], [80.2032045, 12.9836267], [80.2032031, 12.9836245], [80.2032025, 12.9836221], [80.2032101, 12.9836909], [80.2032291, 12.9838643], [80.2032384, 12.98398], [80.2032392, 12.9839879], [80.2032508, 12.9841039], [80.203258, 12.9841766], [80.2032605, 12.9842013], [80.2032916, 12.9844563], [80.2033048, 12.9846098], [80.2033282, 12.9848385], [80.2033461, 12.9850167], [80.2033616, 12.9851667], [80.2033789, 12.9852848], [80.2033928, 12.9853641], [80.2033934, 12.985366], [80.2033947, 12.9853682], [80.2033966, 12.98537], [80.2033989, 12.9853711], [80.2034015, 12.9853716], [80.203404, 12.9853714], [80.2035273, 12.9853429], [80.2036333, 12.9853189], [80.2036358, 12.985318], [80.2036378, 12.9853164], [80.2036394, 12.9853144], [80.2036403, 12.985312], [80.2036405, 12.9853094], [80.2036402, 12.9853078], [80.2036544, 12.9853618], [80.2036576, 12.9853739], [80.2036725, 12.9854425], [80.2036842, 12.9855116], [80.203688, 12.9855373], [80.2036955, 12.9855715], [80.2037046, 12.9856128], [80.203708, 12.9856285], [80.2037464, 12.9858709], [80.2037505, 12.985902], [80.2037515, 12.9859334], [80.2037495, 12.9859647], [80.2037462, 12.9859925], [80.2037461, 12.985993], [80.2037388, 12.9860531], [80.2037268, 12.9861519], [80.2037198, 12.9862097], [80.2037001, 12.9864131], [80.2036997, 12.9864496], [80.2036997, 12.9864499], [80.2036986, 12.9865104], [80.2036986, 12.9865106], [80.2036913, 12.9866996], [80.2036895, 12.9867164], [80.2036834, 12.986749], [80.2036714, 12.9868058], [80.2036261, 12.9870911], [80.2036004, 12.9872569], [80.2035653, 12.9874225], [80.2035275, 12.9876285], [80.2035083, 12.9877569], [80.2035078, 12.9877622], [80.2035027, 12.9878251], [80.2034952, 12.9879169], [80.2034854, 12.9880949], [80.2034811, 12.9881988], [80.2034796, 12.9882263], [80.2034789, 12.9883497], [80.2034785, 12.988352], [80.2034775, 12.9883543], [80.2034758, 12.9883563], [80.2034737, 12.9883577], [80.2035179, 12.9884168], [80.2037432, 12.9883276], [80.2038346, 12.9882929], [80.2039265, 12.9882605], [80.2040206, 12.9882301], [80.2040987, 12.9882037], [80.2041766, 12.9881742], [80.204251, 12.9881428], [80.2042975, 12.9881248], [80.2043442, 12.9881089], [80.2043917, 12.9880949], [80.2044507, 12.9880781], [80.2045179, 12.9880606], [80.2046332, 12.9880463], [80.2046457, 12.9880471], [80.2046578, 12.98805], [80.2046691, 12.9880551], [80.2046793, 12.988062], [80.2046881, 12.9880707], [80.2046952, 12.9880807], [80.2047003, 12.9880919], [80.2047093, 12.9881118], [80.2047164, 12.9881325], [80.2047214, 12.9881536], [80.2047243, 12.9881792], [80.2047293, 12.9882054], [80.2047419, 12.9882908], [80.2047588, 12.988441], [80.2047676, 12.9885135], [80.2047769, 12.9885928], [80.2047932, 12.9887307], [80.2048039, 12.9888098], [80.2048415, 12.9890084], [80.2048515, 12.9890534], [80.2049067, 12.9892964], [80.2049398, 12.9894458], [80.2049519, 12.9895002], [80.2049613, 12.9895427], [80.2050473, 12.989837], [80.2051172, 12.990121], [80.2051515, 12.9902817], [80.2051517, 12.9902829], [80.2051601, 12.9903268], [80.2051612, 12.9903329], [80.2051742, 12.9903835], [80.2051902, 12.9904332], [80.2052615, 12.9906706], [80.2052808, 12.990738], [80.2053024, 12.9908048], [80.2053262, 12.9908708], [80.2053889, 12.9910243], [80.2054673, 12.9912163], [80.2055554, 12.9914179], [80.2055812, 12.9914757], [80.205672, 12.991668], [80.2057522, 12.9918436], [80.2057846, 12.9919176], [80.2057956, 12.991945], [80.2058208, 12.9920094], [80.2058424, 12.9920684], [80.2058677, 12.9921451], [80.2059048, 12.9922563], [80.2059392, 12.9923685], [80.2059623, 12.9924575], [80.20598, 12.992523], [80.2060001, 12.9925949], [80.2060708, 12.9928651], [80.2061194, 12.9930386], [80.2061488, 12.9931435], [80.206234, 12.9934647], [80.2062604, 12.9935645], [80.2062698, 12.9936039], [80.2062884, 12.9936817], [80.206298, 12.9937249], [80.2063232, 12.993839], [80.2063509, 12.993977], [80.2064002, 12.9941758], [80.2064138, 12.9942308], [80.2064302, 12.9942967], [80.2064938, 12.9945558], [80.2065102, 12.994623], [80.2065103, 12.9946233], [80.2065303, 12.9947046], [80.2065922, 12.9949694], [80.2065924, 12.9949719], [80.2066052, 12.9950296], [80.2066612, 12.9952826], [80.2066852, 12.9953694], [80.2066992, 12.9954243], [80.2066992, 12.9954244], [80.2067146, 12.9954874], [80.2067147, 12.9954877], [80.206728, 12.9955445], [80.2067467, 12.9956326], [80.2067636, 12.995721], [80.2067742, 12.9957647], [80.2067811, 12.9957866], [80.2067878, 12.9958075], [80.2068042, 12.9958494], [80.2068322, 12.9959366], [80.2068369, 12.9959622], [80.2069039, 12.9963093], [80.206959, 12.9965671], [80.2069782, 12.9966653], [80.2070219, 12.9968513], [80.2071061, 12.9972108], [80.2071164, 12.9972595], [80.2071497, 12.9974171], [80.2071764, 12.9975628], [80.2071941, 12.9976598], [80.207253, 12.9979351], [80.2072996, 12.9981421], [80.2073472, 12.998355], [80.2073751, 12.9984784], [80.2073921, 12.9985532], [80.2074275, 12.9987045], [80.2074654, 12.9988958], [80.2074945, 12.9990483], [80.2075377, 12.9991688], [80.2075567, 12.9992566], [80.2076129, 12.9995295], [80.2076199, 12.9995554], [80.2076201, 12.9995561], [80.2076715, 12.999812], [80.2076994, 12.9999515], [80.2077245, 13.0000831], [80.2077466, 13.0002667], [80.2077718, 13.0004513], [80.2077819, 13.0004997], [80.2077953, 13.0005486], [80.2078136, 13.0005935], [80.2078544, 13.0007034], [80.2079383, 13.0008726], [80.2080556, 13.0011228], [80.2081462, 13.0012955], [80.2082552, 13.0014862], [80.2083694, 13.0016823], [80.2084667, 13.0018694], [80.2085891, 13.0020881], [80.2085894, 13.0020887], [80.2087234, 13.0023317], [80.2088624, 13.0026311], [80.2089593, 13.0028322], [80.2092916, 13.0035422], [80.2093173, 13.0036127], [80.2102378, 13.005546], [80.2111816, 13.0069938], [80.2126218, 13.0083288], [80.2149861, 13.0100573], [80.2117537, 13.0088909], [80.2117451, 13.0088857], [80.2117442, 13.0088852], [80.2117431, 13.0088837], [80.2117411, 13.0088811], [80.2117393, 13.0088789], [80.2117375, 13.0088744], [80.211737, 13.0088707], [80.2117368, 13.0088697], [80.2117368, 13.0088695], [80.2117367, 13.0088689], [80.2117367, 13.0088688], [80.2117371, 13.0088626], [80.2117371, 13.0088625], [80.2117371, 13.0088615], [80.2117376, 13.0088602], [80.2117392, 13.008856], [80.2117562, 13.0088206], [80.2118838, 13.0085559], [80.2118637, 13.0085466], [80.2116934, 13.0082217], [80.2117007, 13.0082051], [80.2116, 13.0081624], [80.2115794, 13.0081547], [80.2113553, 13.0087309], [80.2113539, 13.0087336], [80.2113526, 13.0087361], [80.2113466, 13.00874], [80.2113448, 13.0087402], [80.2113407, 13.0087408], [80.2113407, 13.0087408], [80.2113351, 13.0087398], [80.2113076, 13.0087293], [80.2103184, 13.0083493], [80.2093225, 13.0079668], [80.2079513, 13.0077423], [80.2061751, 13.0074993], [80.2050084, 13.0071896], [80.2041753, 13.0070374], [80.2038425, 13.0070076], [80.2039843, 13.006481], [80.2037857, 13.0063788], [80.2032948, 13.006079], [80.2032348, 13.006043], [80.2032199, 13.006032], [80.2032299, 13.0059745], [80.2032177, 13.0059518], [80.2031741, 13.0058632], [80.2031586, 13.0058343], [80.203083, 13.0058255], [80.2029389, 13.0058058], [80.2027398, 13.0057781], [80.2026959, 13.0057739], [80.2026013, 13.0057631], [80.2025217, 13.0057401], [80.2025064, 13.0057309], [80.2023975, 13.0056762], [80.2022642, 13.0056089], [80.2021683, 13.0055642], [80.2021603, 13.0055616], [80.2021514, 13.0055616], [80.2020804, 13.0055254], [80.2019856, 13.0054786], [80.2019879, 13.0053887], [80.2019934, 13.005205], [80.2020006, 13.005005], [80.202004, 13.0048454], [80.2020094, 13.0047021], [80.2020888, 13.0046908], [80.2023016, 13.0046612], [80.2023045, 13.0046591], [80.2023154, 13.004638], [80.2023304, 13.0045749], [80.2023535, 13.0044858], [80.2023684, 13.0044259], [80.2023395, 13.0044225], [80.2023016, 13.0044382], [80.2022999, 13.0043458], [80.2022988, 13.0042555], [80.2022974, 13.0041667], [80.2022942, 13.0040202], [80.202374, 13.004021], [80.2023763, 13.0039448], [80.2023816, 13.0037873], [80.2023836, 13.0036881], [80.2023877, 13.0035799], [80.2023863, 13.0035631], [80.2023843, 13.0034822], [80.2024943, 13.0034905], [80.202612, 13.0034927], [80.2027256, 13.0034939], [80.2028978, 13.0035008], [80.2028995, 13.0033919], [80.2029023, 13.0033173], [80.2029015, 13.0032887], [80.2029017, 13.003243], [80.2029004, 13.0032009], [80.2028994, 13.0031704], [80.202901, 13.0031367], [80.202897, 13.0030875], [80.2028939, 13.0030355], [80.2028261, 13.0030247], [80.2027425, 13.0030147], [80.2026739, 13.0030121], [80.2026357, 13.0030118], [80.2026304, 13.0030038], [80.2025617, 13.0030037], [80.2025506, 13.0030014], [80.2025269, 13.002998], [80.2024934, 13.0029927], [80.2024498, 13.0029873], [80.2024233, 13.0029848], [80.2023627, 13.0029802], [80.2022845, 13.0029739], [80.202251, 13.0029709], [80.2022485, 13.0029629], [80.2021691, 13.002963], [80.202142, 13.0029634], [80.2021031, 13.00296], [80.2020322, 13.0029551], [80.2019695, 13.0029505], [80.2019688, 13.0028891], [80.2019642, 13.0027281], [80.2019611, 13.0026189], [80.2019581, 13.0025371], [80.2019559, 13.0024319], [80.2019553, 13.0024212], [80.2019756, 13.0024185], [80.2019746, 13.0023556], [80.2019764, 13.0021598], [80.201976, 13.0021386], [80.2019789, 13.0021246], [80.2019798, 13.0020554], [80.201981, 13.0019794], [80.2019822, 13.0019244], [80.2019823, 13.0018728], [80.2019831, 13.001809], [80.2019847, 13.0017145], [80.2019763, 13.001507], [80.2019879, 13.0014906], [80.2019857, 13.0014195], [80.2019612, 13.0013168], [80.2019555, 13.00129], [80.2019518, 13.001233], [80.2019451, 13.0011618], [80.2019363, 13.0010394], [80.2019291, 13.000971], [80.2019259, 13.0009288], [80.2018103, 13.0009366], [80.2015038, 13.0009592], [80.2015081, 13.0009261], [80.2015145, 13.0008834], [80.2015104, 13.0008217], [80.2015056, 13.0007336], [80.2014997, 13.0005999], [80.2014934, 13.0004901], [80.2014874, 13.0004062], [80.2014712, 13.0003986], [80.2014616, 13.0002727], [80.2014339, 13.0002823], [80.2014036, 13.0002949], [80.2013636, 13.0002944], [80.2013017, 13.0002933], [80.2011978, 13.0002926], [80.201182, 13.000296], [80.2011455, 13.0003002], [80.2011192, 13.0003028], [80.2010526, 13.0003127], [80.2010159, 13.0003171], [80.2009649, 13.0003174], [80.2008683, 13.0003202], [80.2008128, 13.0003215], [80.2007352, 13.0003236], [80.2006442, 13.0003257], [80.2006243, 13.0003258], [80.2006018, 13.000329], [80.2005418, 13.000332], [80.2004844, 13.0003338], [80.2004858, 13.0003038], [80.2004861, 13.0002457], [80.200486, 13.0001609], [80.2004853, 13.0000919], [80.2004863, 12.999983], [80.2004867, 12.9999351], [80.2004871, 12.9998613], [80.2004877, 12.9998252], [80.2004879, 12.9997603], [80.2004877, 12.9996967], [80.2004877, 12.9996321], [80.2004882, 12.9995747], [80.200488, 12.9995328], [80.2004869, 12.9994695], [80.2004874, 12.9993435], [80.2004867, 12.9992948], [80.2004873, 12.9992783], [80.2004865, 12.9992701], [80.2004874, 12.9992472], [80.2004862, 12.9992129], [80.2004868, 12.9991483], [80.2004864, 12.9990596], [80.2004844, 12.9989357], [80.2005277, 12.9989347], [80.2005536, 12.9989335], [80.2005581, 12.9988683], [80.2005609, 12.9988189], [80.2005654, 12.9987413], [80.2005708, 12.9986467], [80.200571, 12.9985924], [80.2005394, 12.9986008], [80.2005061, 12.998612], [80.2004609, 12.9986271], [80.2003959, 12.9986301], [80.2003108, 12.998632], [80.2002064, 12.9986355], [80.2001554, 12.9986378], [80.2001246, 12.9986393], [80.2000764, 12.9986413], [80.200017, 12.9986425], [80.1999456, 12.9986454], [80.1999169, 12.9986469], [80.1998395, 12.9986499], [80.1997724, 12.9986524], [80.19972, 12.9986542], [80.1996782, 12.998655], [80.1996142, 12.9986521], [80.1995504, 12.9986489], [80.1994153, 12.998643], [80.1993247, 12.9986397], [80.199199, 12.9986344], [80.1990923, 12.9986303], [80.1989857, 12.9986265], [80.1988938, 12.9986224], [80.1988509, 12.9986215], [80.1988288, 12.9986214], [80.1987691, 12.9986191], [80.1987509, 12.9986171], [80.1987043, 12.9986158], [80.1986449, 12.9986127], [80.1985945, 12.99861], [80.1985938, 12.9985881], [80.1985904, 12.9985435], [80.1985856, 12.998487], [80.198583, 12.998442], [80.1986342, 12.9984427], [80.198635, 12.9984278], [80.1986386, 12.9983975], [80.1986399, 12.9983785], [80.1986381, 12.9983194], [80.198635, 12.9982383], [80.1986346, 12.9982027], [80.1986346, 12.998125], [80.1986333, 12.9980534], [80.1986326, 12.9980073], [80.1986113, 12.9980074], [80.1986091, 12.9979823], [80.1986029, 12.997922], [80.198598, 12.9978625], [80.1985906, 12.9977752], [80.1985856, 12.997721], [80.1985816, 12.9976745], [80.1985783, 12.9976238], [80.1985739, 12.9975994], [80.1985726, 12.9975728], [80.1985683, 12.9975254], [80.1985668, 12.997513], [80.1985639, 12.9974788], [80.1985611, 12.9974568], [80.1985574, 12.9974235], [80.1985549, 12.9973486], [80.1985466, 12.9972166], [80.1985456, 12.9971814], [80.1985443, 12.997165], [80.1985164, 12.9970596], [80.1980646, 12.9970818], [80.1974933, 12.997079], [80.1973504, 12.9970825], [80.1972246, 12.9970865], [80.1970219, 12.9970943], [80.1969901, 12.9970826], [80.1968153, 12.9970782], [80.1967993, 12.9970662], [80.1967063, 12.9970611], [80.1966246, 12.9970534], [80.1965677, 12.9970406], [80.1962762, 12.9970122], [80.1961279, 12.9969997], [80.1959349, 12.9969771], [80.1958702, 12.9969691], [80.1955875, 12.9969492], [80.1952748, 12.996921], [80.195177, 12.996914], [80.1949591, 12.996896], [80.1944915, 12.9968897], [80.1942185, 12.9968508], [80.1938657, 12.9967929], [80.1935197, 12.9967302], [80.1934329, 12.9967169], [80.1932064, 12.9966822], [80.1931583, 12.996661], [80.1926863, 12.9965685], [80.1926489, 12.9965959], [80.1919102, 12.9964122], [80.1913594, 12.9962726], [80.1904999, 12.9960689], [80.190309, 12.9960219], [80.1900237, 12.9959597], [80.1897726, 12.9958776], [80.1894809, 12.99576], [80.1891211, 12.9955727], [80.1888441, 12.995439], [80.1880918, 12.9950876], [80.1875522, 12.9948323], [80.1872963, 12.9947125], [80.1869195, 12.9945305], [80.1868445, 12.994483], [80.1856591, 12.9938768], [80.1854997, 12.9938037], [80.1854046, 12.9931525], [80.1852928, 12.9927772], [80.184842, 12.9911826], [80.1848728, 12.990898], [80.1848795, 12.9908746], [80.1847856, 12.990443], [80.1849468, 12.9901801], [80.1849948, 12.9904051], [80.1851366, 12.9898421], [80.1852334, 12.9894606], [80.1841851, 12.9889149], [80.1842679, 12.9886421], [80.1842256, 12.9886251], [80.1839617, 12.9885129], [80.1838912, 12.9884963], [80.183816, 12.9884575], [80.1837323, 12.9884252], [80.1835995, 12.9883584], [80.1835451, 12.9883183], [80.1834744, 12.9882956], [80.1833637, 12.9882454], [80.1833249, 12.9882342], [80.1832087, 12.9881843], [80.1831593, 12.988177], [80.1827203, 12.9879768], [80.1825036, 12.9878838], [80.1820699, 12.987696], [80.1820177, 12.9876757], [80.1817089, 12.9875367], [80.1814786, 12.9874259], [80.1814454, 12.9874779], [80.1809094, 12.9871999], [80.1798369, 12.9873467], [80.1791621, 12.9873216], [80.1788247, 12.9876665], [80.1783194, 12.9885868], [80.1783757, 12.9887287], [80.1783458, 12.9890024], [80.1778446, 12.9888348], [80.1756751, 12.9902154], [80.1739863, 12.991382], [80.1763537, 12.9942382], [80.1766325, 12.9945676], [80.1768947, 12.9948095], [80.1772368, 12.9952736], [80.1759631, 12.9995885], [80.1773565, 13.0009459], [80.1817495, 13.0050672], [80.1827589, 13.0061103], [80.1837323, 13.007146], [80.1851195, 13.0077148], [80.1856568, 13.0082644], [80.1859057, 13.0082874], [80.1862604, 13.0083201], [80.1863981, 13.0080594], [80.1878517, 13.0089592], [80.187899, 13.0089885], [80.1879034, 13.0089919], [80.188635, 13.0095529]]]}}, {"type": "Feature", "properties": {"zone": "XIII", "zone_name": "ADYAR", "region": "South"}, "geometry": {"type": "Polygon", "coordinates": [[[80.2395194, 13.0312076], [80.2393764, 13.0314597], [80.2392602, 13.0316682], [80.2391878, 13.0317921], [80.2391602, 13.0318338], [80.2391456, 13.0318528], [80.2391432, 13.0318552], [80.239143, 13.0318554], [80.2391429, 13.0318554], [80.2391412, 13.0318565], [80.2391393, 13.0318569], [80.2391373, 13.0318565], [80.2389915, 13.0318024], [80.238721, 13.0317256], [80.2384955, 13.0316637], [80.2382688, 13.0315997], [80.2380117, 13.0315275], [80.2377843, 13.0314622], [80.2376381, 13.0314168], [80.2376633, 13.0312517], [80.2376742, 13.0312188], [80.2374575, 13.0311497], [80.2372828, 13.0310891], [80.2371818, 13.0310423], [80.2371813, 13.0310421], [80.2371805, 13.0310417], [80.2371776, 13.0310418], [80.2371724, 13.0310401], [80.237168, 13.0310367], [80.237107, 13.031075], [80.2370097, 13.0309774], [80.2368031, 13.0307777], [80.2366319, 13.0306049], [80.2364986, 13.030476], [80.2362882, 13.0302753], [80.2360496, 13.0300502], [80.235983, 13.029985], [80.23593, 13.0299333], [80.2358095, 13.0298155], [80.2355679, 13.0295902], [80.2354181, 13.029441], [80.2352871, 13.0293183], [80.2352619, 13.029294], [80.235182, 13.0292167], [80.2349517, 13.0289882], [80.2348161, 13.0288541], [80.2347029, 13.028747], [80.2347012, 13.028746], [80.2346992, 13.0287455], [80.2346972, 13.0287458], [80.2346961, 13.0287465], [80.2346023, 13.0287468], [80.2346031, 13.0287459], [80.2346039, 13.0287441], [80.234604, 13.0287421], [80.2346034, 13.0287402], [80.2346022, 13.0287387], [80.234542, 13.028688], [80.234503, 13.0286551], [80.2343008, 13.0284829], [80.2341409, 13.0283516], [80.2340407, 13.0282752], [80.2340265, 13.0282661], [80.2340198, 13.0282629], [80.2340125, 13.0282617], [80.2340052, 13.0282626], [80.2339984, 13.0282655], [80.2339927, 13.0282702], [80.2339896, 13.0282748], [80.2340085, 13.0282239], [80.2340045, 13.0282219], [80.2339909, 13.0282149], [80.2339781, 13.0282079], [80.2339632, 13.0282003], [80.233958, 13.0281971], [80.2339334, 13.0281833], [80.2338984, 13.0281589], [80.2338938, 13.028153], [80.2338925, 13.0281506], [80.2338908, 13.0281473], [80.2338906, 13.0281466], [80.2338903, 13.0281454], [80.2338903, 13.0281443], [80.2338903, 13.0281434], [80.2338905, 13.0281412], [80.2338925, 13.0281309], [80.2338968, 13.0281131], [80.2339266, 13.028014], [80.2339318, 13.0279927], [80.2339347, 13.0279689], [80.2339347, 13.0279449], [80.2339317, 13.027921], [80.2339262, 13.0278988], [80.233909, 13.027848], [80.2338893, 13.0277988], [80.2338668, 13.0277507], [80.2338423, 13.0277052], [80.23381, 13.0276464], [80.2337752, 13.0275881], [80.2337383, 13.027531], [80.2337003, 13.0274764], [80.2336811, 13.0274482], [80.2336584, 13.0274194], [80.2336337, 13.0273922], [80.233607, 13.0273669], [80.2335785, 13.0273435], [80.2335492, 13.0273226], [80.2334934, 13.0272864], [80.2334361, 13.0272525], [80.2333774, 13.0272209], [80.2333187, 13.0271924], [80.2332083, 13.0271382], [80.2330963, 13.0270856], [80.23297, 13.0270307], [80.2329683, 13.0270296], [80.2329672, 13.027028], [80.2329667, 13.027026], [80.2329668, 13.0270249], [80.2329851, 13.0269059], [80.233015, 13.0267162], [80.2330156, 13.0267143], [80.2330169, 13.0267128], [80.2330187, 13.0267119], [80.2330207, 13.0267116], [80.2330227, 13.0267121], [80.2330233, 13.0267124], [80.2329578, 13.0266773], [80.2328487, 13.0265999], [80.2327261, 13.0265396], [80.232657, 13.0265087], [80.2326282, 13.0264958], [80.2325867, 13.0264789], [80.2325209, 13.0264529], [80.2324568, 13.0264287], [80.2324162, 13.0264139], [80.2323692, 13.026397], [80.2323028, 13.0263765], [80.2322158, 13.0263506], [80.232139, 13.0263289], [80.2320297, 13.0262976], [80.2319736, 13.0262817], [80.2319316, 13.0262703], [80.2319313, 13.0262702], [80.2318829, 13.0262571], [80.2318326, 13.0262434], [80.2316974, 13.0262057], [80.2315981, 13.0261782], [80.2315491, 13.0261649], [80.2314828, 13.0261499], [80.2313425, 13.0260958], [80.2312407, 13.026082], [80.2312467, 13.0260853], [80.2312515, 13.0260902], [80.2312547, 13.0260963], [80.2312559, 13.026103], [80.2312551, 13.0261097], [80.2312495, 13.0261424], [80.2312134, 13.0263517], [80.2311971, 13.0264488], [80.23119, 13.026491], [80.2311577, 13.0266499], [80.2311127, 13.0268295], [80.2311016, 13.0268738], [80.2310741, 13.0269885], [80.2310182, 13.0272438], [80.2309902, 13.0273647], [80.2309638, 13.0274877], [80.2309388, 13.0276129], [80.2309242, 13.0277087], [80.2309125, 13.0278037], [80.2309035, 13.0278976], [80.2308988, 13.0279508], [80.2308946, 13.0279981], [80.2308784, 13.0281807], [80.2308269, 13.0287181], [80.2307843, 13.029125], [80.2307681, 13.0292807], [80.2307656, 13.0293038], [80.2307618, 13.0293407], [80.2307538, 13.029417], [80.230748, 13.0294743], [80.2307397, 13.0295588], [80.2307296, 13.0296765], [80.2307022, 13.0299515], [80.2306897, 13.0300845], [80.2306867, 13.0301239], [80.2306736, 13.0303964], [80.2306549, 13.0306755], [80.2306549, 13.0306761], [80.2306542, 13.030678], [80.2306528, 13.0306794], [80.230651, 13.0306804], [80.230649, 13.0306806], [80.2305445, 13.030674], [80.2304347, 13.0306641], [80.2303252, 13.0306511], [80.2302748, 13.0306441], [80.2302247, 13.0306352], [80.2301749, 13.0306243], [80.2301257, 13.0306116], [80.2300786, 13.0305929], [80.2300324, 13.0305756], [80.2299253, 13.0305275], [80.2298448, 13.0304987], [80.2296915, 13.0304373], [80.2295391, 13.0303739], [80.2294459, 13.0303336], [80.2293876, 13.0303084], [80.2293431, 13.0302965], [80.2293426, 13.0302963], [80.2292971, 13.0302862], [80.2292512, 13.0302779], [80.229205, 13.0302715], [80.2291585, 13.0302671], [80.2291218, 13.0302652], [80.2291119, 13.0302646], [80.2290653, 13.0302641], [80.2290186, 13.0302656], [80.2288568, 13.0302837], [80.2286153, 13.030313], [80.2285749, 13.0303164], [80.2282896, 13.0303408], [80.2282084, 13.0303505], [80.22816, 13.0303563], [80.2280719, 13.0303669], [80.2277742, 13.0303994], [80.2276277, 13.0304104], [80.2276139, 13.0304114], [80.2276002, 13.0304106], [80.2275866, 13.0304079], [80.2273541, 13.0304422], [80.22701, 13.0304834], [80.2266272, 13.0305205], [80.2262934, 13.0305512], [80.2260857, 13.0305688], [80.226077, 13.0305672], [80.2260689, 13.0305637], [80.2260618, 13.0305585], [80.2260193, 13.0305643], [80.2258303, 13.0306309], [80.2258302, 13.0306309], [80.2257256, 13.0302501], [80.2255509, 13.0296102], [80.2254022, 13.0290633], [80.2252058, 13.0283446], [80.2251329, 13.0280777], [80.2250366, 13.027724], [80.2249324, 13.0273392], [80.2248194, 13.0269274], [80.2247347, 13.0266157], [80.2246846, 13.0264308], [80.224623, 13.0262037], [80.2245488, 13.0259335], [80.2244622, 13.0256161], [80.2243768, 13.0252984], [80.2243736, 13.0252862], [80.2245454, 13.0253027], [80.2247331, 13.0253131], [80.2249787, 13.0253212], [80.2251833, 13.0253336], [80.2252205, 13.0253359], [80.2256053, 13.0253124], [80.2257664, 13.025307], [80.2259773, 13.0252947], [80.2261345, 13.0252798], [80.2262123, 13.0252722], [80.2264104, 13.0252529], [80.2266394, 13.0252332], [80.2267846, 13.0252221], [80.2269289, 13.0252033], [80.2270626, 13.0251858], [80.2271986, 13.0251684], [80.2272426, 13.025163], [80.2273535, 13.0251495], [80.2275292, 13.0251301], [80.2276878, 13.0251133], [80.2277764, 13.0251013], [80.2278779, 13.0250848], [80.2278992, 13.0250809], [80.2279494, 13.0250716], [80.2280289, 13.0250562], [80.22809, 13.0250431], [80.2281639, 13.0250272], [80.2281983, 13.0250198], [80.228232, 13.0250125], [80.228279, 13.0250022], [80.228361, 13.0249842], [80.2284163, 13.0249721], [80.2284907, 13.0249558], [80.2285219, 13.0249489], [80.2285818, 13.0249396], [80.2286444, 13.0249274], [80.2287064, 13.0249129], [80.2287291, 13.0249066], [80.2287678, 13.024896], [80.2287994, 13.0248878], [80.2288522, 13.0248742], [80.2288911, 13.0248641], [80.2289436, 13.0248506], [80.2289659, 13.0248442], [80.2290117, 13.0248374], [80.2290563, 13.0248385], [80.229057, 13.024838], [80.2288881, 13.0247094], [80.2287932, 13.0246379], [80.2287406, 13.0245996], [80.2286986, 13.0245745], [80.2286551, 13.0245519], [80.2286103, 13.0245319], [80.2285667, 13.0245146], [80.2285236, 13.0244959], [80.2284813, 13.0244757], [80.2284397, 13.0244541], [80.2283989, 13.0244311], [80.2282959, 13.0243522], [80.2282065, 13.0242897], [80.2280935, 13.0242058], [80.2279993, 13.0241389], [80.2279693, 13.0241171], [80.2278392, 13.0239844], [80.2277951, 13.0239445], [80.2277691, 13.0239209], [80.2277272, 13.023883], [80.227649, 13.0237867], [80.2277013, 13.0237463], [80.2274607, 13.0234939], [80.2274184, 13.023439], [80.2273516, 13.0233677], [80.2272812, 13.0232909], [80.2272257, 13.0232327], [80.2271394, 13.0231883], [80.2270956, 13.0231436], [80.2270408, 13.0230876], [80.2269986, 13.0230445], [80.2269701, 13.02301], [80.2269283, 13.0229594], [80.2268477, 13.0228671], [80.2268028, 13.0228209], [80.2267303, 13.0227419], [80.2266787, 13.0226804], [80.2265475, 13.0225242], [80.2264946, 13.0224613], [80.2264771, 13.0224405], [80.2264205, 13.0223731], [80.2263683, 13.022311], [80.226311, 13.0222444], [80.2262512, 13.0221749], [80.2261825, 13.0220952], [80.226111, 13.0220112], [80.2260311, 13.0219149], [80.225978, 13.0218579], [80.2259226, 13.0217957], [80.2258887, 13.0217563], [80.2258729, 13.0217233], [80.2258498, 13.0216747], [80.2258249, 13.0216316], [80.2258012, 13.0215906], [80.2257717, 13.0215396], [80.2257394, 13.0214906], [80.2257182, 13.0214611], [80.2256569, 13.0213757], [80.2256129, 13.0213145], [80.2255614, 13.0212365], [80.2255321, 13.0211926], [80.225479, 13.0211183], [80.2254296, 13.0210492], [80.2253756, 13.0209888], [80.2253251, 13.020947], [80.2252759, 13.0208778], [80.2252245, 13.0208054], [80.2251815, 13.0207449], [80.2251227, 13.0206622], [80.2250354, 13.0205361], [80.2249675, 13.0204384], [80.224921, 13.0203714], [80.2248144, 13.020221], [80.2246646, 13.0200257], [80.2244965, 13.019774], [80.2244767, 13.0197433], [80.2244374, 13.0196781], [80.2244002, 13.0196117], [80.2243773, 13.0195768], [80.2243618, 13.0195556], [80.2243616, 13.0195553], [80.2242425, 13.0193166], [80.2242406, 13.0193072], [80.2242329, 13.0192772], [80.2242273, 13.0192467], [80.2242239, 13.0192159], [80.2242227, 13.0191849], [80.2242237, 13.019154], [80.2242268, 13.0191231], [80.2242322, 13.0190926], [80.2242553, 13.019019], [80.2242811, 13.0189462], [80.2243096, 13.0188744], [80.2243774, 13.0187084], [80.2245298, 13.0183313], [80.2246542, 13.0180203], [80.2248283, 13.017588], [80.2249352, 13.0173208], [80.2250195, 13.0171106], [80.2249015, 13.0170369], [80.2247877, 13.0169059], [80.2245985, 13.0167394], [80.2244115, 13.0165559], [80.2241776, 13.0164631], [80.2239395, 13.0163188], [80.2237349, 13.0161405], [80.2234707, 13.0160366], [80.2233064, 13.0160285], [80.2231277, 13.0160156], [80.2227441, 13.0159697], [80.2223609, 13.0159352], [80.2219994, 13.0160075], [80.2218259, 13.0160407], [80.2206792, 13.0163254], [80.2202685, 13.0164642], [80.2195735, 13.0165176], [80.218995, 13.0165942], [80.2190003, 13.0166385], [80.2190513, 13.0170713], [80.2190743, 13.0170865], [80.2192638, 13.0178917], [80.2192668, 13.0179149], [80.2192698, 13.0179507], [80.219274, 13.017976], [80.2192784, 13.0179974], [80.2192806, 13.0180202], [80.219284, 13.0180675], [80.2192893, 13.0180903], [80.2193013, 13.0181287], [80.2193078, 13.0181569], [80.2193118, 13.0181962], [80.2193116, 13.0182319], [80.2192954, 13.0183059], [80.2192869, 13.0183587], [80.219288, 13.0184075], [80.2192944, 13.0184454], [80.2193069, 13.0184912], [80.2193197, 13.0185383], [80.2193485, 13.0186129], [80.2194236, 13.0187005], [80.2195224, 13.0188822], [80.2195562, 13.0190234], [80.2195881, 13.0192825], [80.2194386, 13.0194275], [80.2194315, 13.0194965], [80.2193344, 13.0194866], [80.2192662, 13.019484], [80.2191981, 13.019479], [80.2191317, 13.0194718], [80.219059, 13.0194673], [80.2189865, 13.0194694], [80.2189163, 13.0194803], [80.2188923, 13.0194852], [80.2188306, 13.0194962], [80.2187675, 13.0195052], [80.2187042, 13.019512], [80.218605, 13.0195184], [80.2185211, 13.0195222], [80.2184449, 13.0195261], [80.218326, 13.0195325], [80.21819, 13.0195397], [80.2181089, 13.0195458], [80.2180761, 13.0195543], [80.2179237, 13.0195657], [80.2177684, 13.0195901], [80.2176555, 13.0196225], [80.2175543, 13.0196516], [80.2173952, 13.0196973], [80.2173506, 13.0197101], [80.2172868, 13.0197284], [80.2171705, 13.0197618], [80.2170508, 13.0197962], [80.21689, 13.0198424], [80.216793, 13.0198702], [80.2167547, 13.0198812], [80.2165251, 13.0199472], [80.2163609, 13.0199943], [80.2162518, 13.0200257], [80.2161619, 13.0200515], [80.2160145, 13.0200938], [80.2159078, 13.0201245], [80.215837, 13.0201448], [80.2157559, 13.0201681], [80.2156959, 13.0201853], [80.2156135, 13.020209], [80.2154725, 13.0202495], [80.2153863, 13.0202742], [80.215347, 13.0202938], [80.2153357, 13.0202949], [80.2152811, 13.0203005], [80.2151886, 13.0203225], [80.2150605, 13.020353], [80.2149248, 13.0203852], [80.2147633, 13.0204237], [80.2146362, 13.0204539], [80.2144123, 13.0205071], [80.2142856, 13.0205372], [80.2141507, 13.020557], [80.2140012, 13.0205788], [80.2138748, 13.0205973], [80.2137885, 13.0206099], [80.2137766, 13.020693], [80.213741, 13.0207096], [80.2137343, 13.0207034], [80.2126741, 13.020457], [80.212025, 13.0201515], [80.2120481, 13.0201124], [80.2117325, 13.0206185], [80.2115625, 13.0213524], [80.2114256, 13.021991], [80.2113306, 13.0223877], [80.2111513, 13.0228472], [80.2110599, 13.023305], [80.2109562, 13.0237584], [80.2108233, 13.0241895], [80.2107068, 13.0245899], [80.2105943, 13.0249173], [80.2104145, 13.0252724], [80.210019, 13.0256239], [80.2097475, 13.0258433], [80.2097495, 13.0258457], [80.2096373, 13.0259324], [80.2092392, 13.0262997], [80.208847, 13.0265647], [80.2085311, 13.0267566], [80.2083635, 13.0268585], [80.2078295, 13.0270816], [80.2073701, 13.0271463], [80.207191, 13.0271637], [80.2070256, 13.0271797], [80.2065623, 13.027272], [80.2062346, 13.0273172], [80.2058354, 13.0273635], [80.2053356, 13.0274518], [80.2049239, 13.0275442], [80.2045294, 13.027684], [80.2040756, 13.027773], [80.2036868, 13.0278349], [80.2034954, 13.02794], [80.2028656, 13.0280963], [80.2011252, 13.028528], [80.2002845, 13.0246036], [80.2000393, 13.0230566], [80.1998188, 13.0194606], [80.1997103, 13.0172202], [80.1995001, 13.0160457], [80.1996026, 13.0160194], [80.199268, 13.0143677], [80.1996458, 13.0142528], [80.1996819, 13.0142457], [80.201015, 13.0139235], [80.2023778, 13.0135572], [80.2023793, 13.0135567], [80.2023806, 13.0135559], [80.2023819, 13.0135549], [80.2023829, 13.0135537], [80.2023837, 13.0135523], [80.2023842, 13.0135508], [80.2023845, 13.0135493], [80.2023845, 13.0135477], [80.2023843, 13.0135462], [80.2022726, 13.0131254], [80.203847, 13.0126627], [80.2038532, 13.0126514], [80.2038108, 13.0125114], [80.2037456, 13.0122674], [80.2036736, 13.011879], [80.2036158, 13.0115099], [80.2035833, 13.0111233], [80.2035576, 13.0103343], [80.2037178, 13.0076384], [80.2038425, 13.0070076], [80.2041753, 13.0070374], [80.2050084, 13.0071896], [80.2061751, 13.0074993], [80.2079513, 13.0077423], [80.2093225, 13.0079668], [80.2103184, 13.0083493], [80.2113076, 13.0087293], [80.2113351, 13.0087398], [80.2113407, 13.0087408], [80.2113407, 13.0087408], [80.2113448, 13.0087402], [80.2113466, 13.00874], [80.2113526, 13.0087361], [80.2113539, 13.0087336], [80.2113553, 13.0087309], [80.2115794, 13.0081547], [80.2116, 13.0081624], [80.2117007, 13.0082051], [80.2116934, 13.0082217], [80.2118637, 13.0085466], [80.2118838, 13.0085559], [80.2117562, 13.0088206], [80.2117392, 13.008856], [80.2117376, 13.0088602], [80.2117371, 13.0088615], [80.2117371, 13.0088625], [80.2117371, 13.0088626], [80.2117367, 13.0088688], [80.2117367, 13.0088689], [80.2117368, 13.0088695], [80.2117368, 13.0088697], [80.211737, 13.0088707], [80.2117375, 13.0088744], [80.2117393, 13.0088789], [80.2117411, 13.0088811], [80.2117431, 13.0088837], [80.2117442, 13.0088852], [80.2117451, 13.0088857], [80.2117537, 13.0088909], [80.2149861, 13.0100573], [80.2126218, 13.0083288], [80.2111816, 13.0069938], [80.2102378, 13.005546], [80.2089593, 13.0028322], [80.2078544, 13.0007034], [80.2078305, 13.0007198], [80.2077953, 13.0005486], [80.2077718, 13.0004513], [80.2077466, 13.0002667], [80.2077245, 13.0000831], [80.2076994, 12.9999515], [80.2076715, 12.999812], [80.2076201, 12.9995561], [80.2076129, 12.9995295], [80.2075567, 12.9992566], [80.2075377, 12.9991688], [80.2074945, 12.9990483], [80.2074654, 12.9988958], [80.2074275, 12.9987045], [80.2073921, 12.9985532], [80.2073751, 12.9984784], [80.2073472, 12.998355], [80.2072996, 12.9981421], [80.207253, 12.9979351], [80.2071941, 12.9976598], [80.2071764, 12.9975628], [80.2071497, 12.9974171], [80.2071164, 12.9972595], [80.2071061, 12.9972108], [80.2070219, 12.9968513], [80.2069782, 12.9966653], [80.2069039, 12.9963093], [80.2068369, 12.9959622], [80.2068322, 12.9959366], [80.2068042, 12.9958494], [80.2067878, 12.9958075], [80.2067811, 12.9957866], [80.2066992, 12.9954243], [80.2066612, 12.9952826], [80.2065924, 12.9949719], [80.2064938, 12.9945558], [80.2063509, 12.993977], [80.2062884, 12.9936817], [80.2062698, 12.9936039], [80.2062604, 12.9935645], [80.2061488, 12.9931435], [80.2061194, 12.9930386], [80.2060708, 12.9928651], [80.2060001, 12.9925949], [80.20598, 12.992523], [80.2059623, 12.9924575], [80.2059392, 12.9923684], [80.2059048, 12.9922563], [80.2058677, 12.9921451], [80.2058424, 12.9920684], [80.2058208, 12.9920094], [80.2057956, 12.991945], [80.2057846, 12.9919176], [80.2057522, 12.9918436], [80.205672, 12.991668], [80.2055812, 12.9914757], [80.2055554, 12.9914179], [80.2054673, 12.9912163], [80.2053889, 12.9910243], [80.2053262, 12.9908708], [80.2053024, 12.9908048], [80.2052808, 12.990738], [80.2052615, 12.9906706], [80.2051902, 12.9904332], [80.2051742, 12.9903835], [80.2051612, 12.9903329], [80.2051517, 12.9902829], [80.2051515, 12.9902817], [80.2051172, 12.990121], [80.2050473, 12.989837], [80.2049613, 12.9895427], [80.2049519, 12.9895002], [80.2049398, 12.9894458], [80.2049067, 12.9892964], [80.2048515, 12.9890534], [80.2048415, 12.9890084], [80.2047932, 12.9887307], [80.2047676, 12.9885135], [80.2047588, 12.988441], [80.2047419, 12.9882908], [80.2047293, 12.9882054], [80.2047164, 12.9881325], [80.2047003, 12.9880919], [80.2046793, 12.988062], [80.2046691, 12.9880551], [80.2046457, 12.9880471], [80.2045922, 12.98805], [80.2045179, 12.9880606], [80.2044507, 12.9880781], [80.2043917, 12.9880949], [80.2043442, 12.9881089], [80.2042974, 12.9881248], [80.204251, 12.9881428], [80.2041766, 12.9881742], [80.2040987, 12.9882037], [80.2040206, 12.9882301], [80.2039265, 12.9882605], [80.2038346, 12.9882929], [80.2037432, 12.9883276], [80.2035179, 12.9884168], [80.2034736, 12.9883577], [80.2034789, 12.9880015], [80.2035275, 12.9876285], [80.2036907, 12.9866692], [80.2037268, 12.9861519], [80.2037388, 12.9860531], [80.2037462, 12.9859925], [80.2037495, 12.9859647], [80.2037515, 12.9859334], [80.2037505, 12.985902], [80.2037464, 12.9858709], [80.2037046, 12.9856128], [80.2036955, 12.9855715], [80.203688, 12.9855373], [80.2036842, 12.9855116], [80.2036725, 12.9854425], [80.2036576, 12.9853739], [80.2036544, 12.9853618], [80.2036378, 12.9853164], [80.2034015, 12.9853716], [80.2033928, 12.9853641], [80.2033789, 12.9852848], [80.2033616, 12.9851667], [80.2033461, 12.9850167], [80.2033282, 12.9848385], [80.2033048, 12.9846098], [80.2032916, 12.9844563], [80.2032605, 12.9842013], [80.2032595, 12.9841707], [80.2032514, 12.9841064], [80.2032384, 12.98398], [80.2032291, 12.9838643], [80.203219, 12.9836917], [80.2032125, 12.98363], [80.2044979, 12.9835052], [80.2047884, 12.9834861], [80.204797, 12.9834762], [80.204786, 12.9833654], [80.2047686, 12.9831819], [80.2047495, 12.9830268], [80.2047453, 12.9830058], [80.2047426, 12.9829597], [80.2047335, 12.9828714], [80.2047163, 12.9826727], [80.204697, 12.9824695], [80.2046746, 12.9822714], [80.2046604, 12.9821184], [80.2046475, 12.9819502], [80.2046191, 12.9816201], [80.2046846, 12.9816166], [80.2053184, 12.9815563], [80.2058509, 12.981582], [80.2067504, 12.9814707], [80.2067401, 12.9814331], [80.2067274, 12.9813942], [80.2066894, 12.9812634], [80.2066816, 12.981233], [80.2066695, 12.9811858], [80.2066593, 12.9811328], [80.2066498, 12.9810835], [80.2066442, 12.9810475], [80.2066378, 12.9810067], [80.2066276, 12.9809418], [80.2066047, 12.9808603], [80.2065959, 12.9808237], [80.206576, 12.9807287], [80.2065567, 12.980654], [80.2064957, 12.9803971], [80.2065425, 12.9803755], [80.2066748, 12.9803552], [80.2069048, 12.9803199], [80.2070301, 12.9803027], [80.2071194, 12.9802905], [80.2072939, 12.9802705], [80.2074826, 12.980251], [80.207527, 12.9802336], [80.2075111, 12.9801348], [80.2074919, 12.9800301], [80.2074775, 12.9799615], [80.207472, 12.9799419], [80.2074626, 12.9799097], [80.2074495, 12.9798441], [80.2074492, 12.9798425], [80.207444, 12.9798136], [80.2074312, 12.979759], [80.2074176, 12.9796873], [80.2073822, 12.9794956], [80.2073786, 12.9794796], [80.2073634, 12.9794105], [80.2073524, 12.9793604], [80.2073465, 12.9793337], [80.2073087, 12.9791198], [80.2072777, 12.9789731], [80.2072675, 12.9789247], [80.2072538, 12.9788591], [80.2072259, 12.9786966], [80.2072026, 12.978562], [80.2071937, 12.978504], [80.2071738, 12.9783746], [80.207136, 12.9781566], [80.2071314, 12.9781084], [80.2073733, 12.978089], [80.2076569, 12.9780633], [80.2078381, 12.9780471], [80.2080734, 12.9780212], [80.20822, 12.9780049], [80.2083231, 12.9779938], [80.2085122, 12.9779852], [80.2085131, 12.9779886], [80.2092645, 12.9779534], [80.2092761, 12.9777765], [80.2092872, 12.9775781], [80.2092868, 12.9775719], [80.2092847, 12.9775661], [80.2092809, 12.9775612], [80.2092758, 12.9775575], [80.2092699, 12.9775554], [80.2092636, 12.9775551], [80.2091892, 12.9775548], [80.2090782, 12.9775601], [80.2089376, 12.9775724], [80.2089454, 12.9775322], [80.2089458, 12.9775303], [80.2089468, 12.9774248], [80.2089503, 12.9773144], [80.2089543, 12.9772157], [80.2089842, 12.9772169], [80.2092944, 12.9771573], [80.2092977, 12.9771259], [80.2092973, 12.9771191], [80.2092959, 12.9771112], [80.2092937, 12.9771035], [80.2092368, 12.9769442], [80.2092098, 12.9768667], [80.20926, 12.9768486], [80.2095632, 12.9767804], [80.2096276, 12.9767935], [80.209825, 12.976809], [80.2097942, 12.9759601], [80.2094953, 12.9759527], [80.2092636, 12.9759504], [80.2092646, 12.9758961], [80.2092983, 12.9750421], [80.2103186, 12.9750281], [80.2103586, 12.9750266], [80.2108955, 12.9750047], [80.2111643, 12.9725766], [80.2133522, 12.9706781], [80.2158646, 12.9685182], [80.2175423, 12.9677225], [80.2175528, 12.9677198], [80.2194864, 12.9672313], [80.2219026, 12.9673329], [80.2244144, 12.9683712], [80.2295155, 12.9734871], [80.2328871, 12.9765485], [80.2329267, 12.9767507], [80.2329787, 12.9767961], [80.2330467, 12.9768535], [80.233116, 12.9769095], [80.2332602, 12.9770249], [80.2334379, 12.9771572], [80.2336519, 12.9773056], [80.2337244, 12.9773546], [80.2337978, 12.9774021], [80.2338723, 12.9774482], [80.2340603, 12.9775611], [80.2342123, 12.9776465], [80.2343886, 12.9777404], [80.2345466, 12.9778191], [80.2346977, 12.9778899], [80.234749, 12.9779139], [80.2349583, 12.9780029], [80.235178, 12.9780904], [80.2354979, 12.9782037], [80.2356975, 12.9782642], [80.2359923, 12.9783454], [80.2362593, 12.978408], [80.2364859, 12.9784518], [80.2367486, 12.9784947], [80.2369959, 12.9785262], [80.2372181, 12.9785488], [80.2374796, 12.9785651], [80.237601, 12.9785707], [80.2378129, 12.9785777], [80.2380037, 12.9785841], [80.2382586, 12.9785914], [80.2384958, 12.9785981], [80.2386964, 12.9786029], [80.2388965, 12.9786092], [80.2390394, 12.9786125], [80.2391647, 12.978616], [80.2392473, 12.9786184], [80.2393055, 12.9786201], [80.2395591, 12.9786273], [80.2401983, 12.9786437], [80.2405105, 12.978651], [80.2414874, 12.9786767], [80.2422161, 12.9786985], [80.2427148, 12.9787119], [80.2431719, 12.9787259], [80.2432929, 12.9787303], [80.2432914, 12.9787643], [80.24328, 12.9789607], [80.243275, 12.9792713], [80.2432742, 12.9795289], [80.243273, 12.9795865], [80.2432666, 12.9798931], [80.2432725, 12.9802351], [80.2432569, 12.9805904], [80.2432548, 12.9809209], [80.2432631, 12.9810307], [80.2432806, 12.9811684], [80.2432812, 12.9811865], [80.243284, 12.9812045], [80.2432888, 12.981222], [80.2432956, 12.9812389], [80.2433028, 12.9812523], [80.2433043, 12.981255], [80.2433138, 12.9812686], [80.2433147, 12.98127], [80.2433269, 12.9812837], [80.2433363, 12.9812918], [80.2433471, 12.9812979], [80.2433589, 12.9813019], [80.2433713, 12.9813037], [80.2434071, 12.9813077], [80.243443, 12.9813096], [80.2434789, 12.9813093], [80.2435148, 12.981307], [80.2438085, 12.9812798], [80.2439075, 12.98127], [80.244014, 12.9812594], [80.2440452, 12.9812563], [80.2441461, 12.9812463], [80.2444258, 12.9812019], [80.2447757, 12.9811493], [80.2452147, 12.9810909], [80.2456534, 12.9810454], [80.2459933, 12.9810035], [80.2463775, 12.9809599], [80.246756, 12.9809107], [80.247114, 12.980875], [80.247387, 12.980849], [80.2476893, 12.980836], [80.2481158, 12.9808112], [80.2484321, 12.9807904], [80.248519, 12.9807834], [80.2490302, 12.9807424], [80.2494494, 12.9806881], [80.2494829, 12.9806838], [80.2494829, 12.9806838], [80.2495015, 12.9806814], [80.2496041, 12.9806642], [80.2497064, 12.9806451], [80.2498083, 12.9806239], [80.2499098, 12.9806007], [80.2500107, 12.9805756], [80.2501111, 12.9805484], [80.250211, 12.9805194], [80.2503174, 12.9804878], [80.2504243, 12.9804581], [80.2505318, 12.9804301], [80.2506397, 12.9804039], [80.2511836, 12.9802494], [80.2515972, 12.9801441], [80.2516377, 12.9801332], [80.2520058, 12.9800333], [80.2523976, 12.9799216], [80.252568, 12.9798854], [80.2525954, 12.9798687], [80.2526106, 12.9798664], [80.2527754, 12.9798592], [80.2528126, 12.9798967], [80.2528229, 12.9799111], [80.2528314, 12.9799266], [80.2528378, 12.9799431], [80.2528422, 12.9799602], [80.2536814, 12.9799224], [80.2536904, 12.9796794], [80.2536671, 12.9794721], [80.2536955, 12.9793092], [80.2537208, 12.9791862], [80.2536956, 12.9790354], [80.2536972, 12.9788432], [80.2536701, 12.9784849], [80.2536587, 12.9780791], [80.2536399, 12.9778087], [80.2536003, 12.9776135], [80.2535426, 12.9772585], [80.2535029, 12.9771081], [80.2534702, 12.9769044], [80.2534324, 12.9765028], [80.2534061, 12.976108], [80.2533617, 12.9759065], [80.2533125, 12.9757518], [80.2533039, 12.9755498], [80.2537471, 12.9754753], [80.2538035, 12.9754733], [80.25402, 12.9754606], [80.2543055, 12.9754441], [80.2544074, 12.9754373], [80.2549074, 12.9754042], [80.255226, 12.9753939], [80.2554195, 12.9753822], [80.2554207, 12.975382], [80.2554225, 12.9753811], [80.2554239, 12.9753796], [80.2554246, 12.9753777], [80.2554246, 12.9753758], [80.2554188, 12.9753454], [80.2553956, 12.9752095], [80.2554277, 12.9752042], [80.2554509, 12.9753398], [80.2554922, 12.9755574], [80.2555031, 12.9755826], [80.2555166, 12.9756065], [80.2555325, 12.975629], [80.2555442, 12.9756431], [80.2555544, 12.9756584], [80.2555555, 12.9756603], [80.2555612, 12.9756659], [80.2555683, 12.9756699], [80.2555761, 12.9756719], [80.2555842, 12.9756718], [80.2560018, 12.9755167], [80.2560019, 12.9755167], [80.2560485, 12.9754998], [80.2563826, 12.9753803], [80.2564799, 12.9753678], [80.2565143, 12.9753581], [80.256684, 12.9753062], [80.2568926, 12.9752439], [80.2568932, 12.9752436], [80.2568949, 12.9752425], [80.256896, 12.9752409], [80.2568965, 12.975239], [80.2568963, 12.975237], [80.2568533, 12.9751046], [80.2567942, 12.9749222], [80.2567489, 12.9748078], [80.2567318, 12.9747648], [80.2567866, 12.9747505], [80.2571102, 12.9746984], [80.2577121, 12.9746083], [80.2577575, 12.9746015], [80.2580368, 12.9745596], [80.258168, 12.9745353], [80.2582294, 12.9745216], [80.2582902, 12.9745053], [80.25835, 12.9744863], [80.2584044, 12.9744664], [80.2585621, 12.9744673], [80.2585881, 12.9745682], [80.2586157, 12.9746683], [80.2587423, 12.9750753], [80.2587529, 12.97511], [80.2588226, 12.9753367], [80.2588672, 12.9754762], [80.2588697, 12.9754792], [80.2588716, 12.9754799], [80.2588736, 12.9754799], [80.2590368, 12.9754485], [80.259239, 12.9754057], [80.2593813, 12.9753759], [80.2593832, 12.9753752], [80.2593846, 12.9753738], [80.2593855, 12.975372], [80.2593856, 12.9753695], [80.2593528, 12.9752144], [80.2593314, 12.9751117], [80.2593159, 12.9750367], [80.2592871, 12.9748979], [80.2592788, 12.9748593], [80.2592803, 12.9748499], [80.2592829, 12.9748337], [80.2592931, 12.9748124], [80.2593088, 12.9747946], [80.2593288, 12.9747817], [80.2593466, 12.9747762], [80.2596638, 12.9747029], [80.2597008, 12.9746926], [80.2597004, 12.9746924], [80.259699, 12.9746909], [80.2596983, 12.9746891], [80.2596777, 12.9745851], [80.2596529, 12.9744555], [80.2596379, 12.9743838], [80.2604107, 12.9743057], [80.2606027, 12.974272], [80.2607448, 12.9742581], [80.2609881, 12.9742358], [80.2614009, 12.974197], [80.2614061, 12.9741962], [80.2614458, 12.9741905], [80.261446, 12.9741904], [80.2616314, 12.9741635], [80.2620289, 12.9741073], [80.2621403, 12.9740931], [80.262183, 12.9740876], [80.2621831, 12.9740876], [80.2623691, 12.9740638], [80.2624313, 12.9740559], [80.2625898, 12.9740403], [80.2626732, 12.9740323], [80.2627569, 12.9740264], [80.2628406, 12.9740225], [80.2629244, 12.9740208], [80.2630135, 12.9740221], [80.2630619, 12.9740242], [80.2631097, 12.9740264], [80.2631915, 12.9740321], [80.2632802, 12.9740407], [80.2632954, 12.974042], [80.2633105, 12.9740409], [80.2633254, 12.9740375], [80.2633395, 12.9740319], [80.2633553, 12.9740166], [80.2633698, 12.9740001], [80.2633826, 12.9739824], [80.2633938, 12.9739636], [80.2655112, 12.9741437], [80.265568, 12.9741533], [80.2666529, 12.9743361], [80.268543, 12.9830748], [80.2685465, 12.9830908], [80.2687627, 12.9840904], [80.2689988, 12.9849777], [80.2690004, 12.9849838], [80.2700379, 12.9888823], [80.2709904, 12.9929186], [80.2710274, 12.9930587], [80.2710676, 12.9932027], [80.2710754, 12.993229], [80.2711167, 12.9933674], [80.2711806, 12.9935875], [80.2712444, 12.9938226], [80.271305, 12.9940616], [80.2713539, 12.9942476], [80.2713958, 12.9943975], [80.2714401, 12.9945467], [80.2714869, 12.9946952], [80.2715286, 12.9948202], [80.2715361, 12.994843], [80.2715614, 12.9949124], [80.2715992, 12.9950532], [80.2716348, 12.9951945], [80.2716681, 12.9953363], [80.2717787, 12.9957127], [80.271877, 12.9960948], [80.2719291, 12.9962876], [80.2719442, 12.9963612], [80.2719524, 12.9964014], [80.2719738, 12.9965156], [80.2719932, 12.9966301], [80.2720042, 12.9967111], [80.2720177, 12.9967917], [80.2720339, 12.9968719], [80.2720625, 12.9970052], [80.2720743, 12.9970711], [80.2720753, 12.9970844], [80.2720742, 12.9970976], [80.2720711, 12.9971106], [80.2720125, 12.9971273], [80.2719041, 12.9971582], [80.2716449, 12.9972322], [80.2707534, 12.9974867], [80.2707681, 12.997599], [80.2712028, 13.0009162], [80.2715094, 13.0013905], [80.2715862, 13.0015095], [80.2719124, 13.0020144], [80.272662, 13.0019243], [80.2730373, 13.0019512], [80.2736113, 13.0022433], [80.2746298, 13.0054674], [80.2765777, 13.0113306], [80.2770374, 13.0138308], [80.2777349, 13.0176244], [80.2782259, 13.021828], [80.2782204, 13.0218265], [80.2779136, 13.0219447], [80.2777965, 13.0220917], [80.2776419, 13.0221953], [80.2774605, 13.0221909], [80.2773066, 13.0222196], [80.2771966, 13.0222601], [80.2770608, 13.0223217], [80.2768623, 13.022417], [80.2766682, 13.0225203], [80.2764786, 13.0226316], [80.2763225, 13.0227122], [80.2761653, 13.0227905], [80.2759406, 13.0229085], [80.2756892, 13.0230355], [80.2754127, 13.0231692], [80.2752414, 13.0232604], [80.2750541, 13.0233602], [80.2748787, 13.0234531], [80.2746839, 13.0235556], [80.2745056, 13.0236437], [80.2743584, 13.0237163], [80.2741244, 13.0238171], [80.2739202, 13.0238984], [80.2736839, 13.0240349], [80.2735732, 13.0240604], [80.273478, 13.0240712], [80.2734212, 13.0240914], [80.2732734, 13.0241216], [80.2731454, 13.0241477], [80.2729938, 13.0241741], [80.2728413, 13.024204], [80.2726415, 13.0242471], [80.272543, 13.0242763], [80.2724466, 13.0243172], [80.2724068, 13.024338], [80.2723681, 13.0243607], [80.2723305, 13.0243851], [80.2722941, 13.0244112], [80.272259, 13.024439], [80.2722252, 13.0244683], [80.2721929, 13.0244992], [80.2721459, 13.0245477], [80.2721291, 13.0245627], [80.2721056, 13.0245828], [80.2720868, 13.0246002], [80.2720553, 13.0246272], [80.2720291, 13.0246514], [80.2719881, 13.0246745], [80.2719271, 13.0246967], [80.2718654, 13.0247167], [80.2718009, 13.0247351], [80.2717005, 13.0247639], [80.2716007, 13.0247902], [80.2715004, 13.0248144], [80.271441, 13.0248283], [80.2712387, 13.0248766], [80.271218, 13.0248816], [80.2710494, 13.024924], [80.2708813, 13.0249683], [80.2704409, 13.0250762], [80.2703737, 13.0250912], [80.2703061, 13.0251042], [80.2702382, 13.0251154], [80.27017, 13.0251245], [80.2701015, 13.0251317], [80.2700328, 13.025137], [80.2699147, 13.025139], [80.2697966, 13.0251431], [80.2696786, 13.0251493], [80.2695608, 13.0251575], [80.2695102, 13.0251602], [80.2694596, 13.0251609], [80.269409, 13.0251596], [80.2693584, 13.0251563], [80.2693081, 13.0251511], [80.269258, 13.025144], [80.2692082, 13.0251349], [80.2690256, 13.0251129], [80.2688432, 13.025089], [80.2686611, 13.0250633], [80.268093, 13.0250089], [80.2679669, 13.0250086], [80.2679486, 13.0250083], [80.2679304, 13.0250059], [80.2676909, 13.0250629], [80.2676798, 13.02507], [80.2671092, 13.0254475], [80.2670615, 13.0254791], [80.2669734, 13.0255374], [80.2668709, 13.0256152], [80.2668276, 13.025644], [80.2667311, 13.0257083], [80.2667293, 13.0257091], [80.2667273, 13.0257092], [80.2667254, 13.0257085], [80.2667238, 13.0257073], [80.2667234, 13.0257067], [80.2665456, 13.0254365], [80.2664775, 13.0253336], [80.2664194, 13.0252181], [80.2662384, 13.0253397], [80.2662151, 13.0253535], [80.2663671, 13.0255845], [80.2664519, 13.0257206], [80.266529, 13.025837], [80.2665296, 13.0258389], [80.2665295, 13.0258408], [80.2665287, 13.0258426], [80.2665273, 13.025844], [80.2663834, 13.0259398], [80.2663156, 13.0259771], [80.266244, 13.0260194], [80.2661738, 13.0260639], [80.2661079, 13.0261033], [80.2660732, 13.0261219], [80.266034, 13.0261423], [80.2660059, 13.0261576], [80.2659872, 13.0261674], [80.2659088, 13.0262137], [80.2658437, 13.0262426], [80.2658413, 13.0262338], [80.2658282, 13.0262088], [80.2656929, 13.0259737], [80.2656511, 13.0259052], [80.2656237, 13.0258609], [80.2655556, 13.0257572], [80.2655065, 13.0256811], [80.265449, 13.0255931], [80.2653973, 13.0255141], [80.2652702, 13.0253195], [80.2651239, 13.025106], [80.2650283, 13.0249897], [80.2649644, 13.0249058], [80.2649642, 13.0249055], [80.2649191, 13.0248468], [80.264904, 13.0248264], [80.2647775, 13.0246641], [80.2647009, 13.0245658], [80.2646255, 13.0244655], [80.2645519, 13.0243638], [80.2644799, 13.0242604], [80.26446, 13.0242298], [80.26445, 13.0242212], [80.2644388, 13.0242141], [80.2644267, 13.0242088], [80.2644139, 13.0242053], [80.2644007, 13.0242038], [80.2643904, 13.0242041], [80.2643874, 13.0242042], [80.2643152, 13.0242152], [80.2641924, 13.0242347], [80.2640697, 13.024255], [80.2639473, 13.0242761], [80.2638797, 13.024287], [80.2638294, 13.0242951], [80.263539, 13.024342], [80.263295, 13.02439], [80.2632829, 13.0243925], [80.2632441, 13.0244003], [80.2628201, 13.0244862], [80.2627275, 13.0245094], [80.2626703, 13.0245195], [80.2625553, 13.0245516], [80.2623979, 13.0246018], [80.262323, 13.0246265], [80.2622196, 13.0246624], [80.2620926, 13.0247084], [80.2620172, 13.0247341], [80.2619889, 13.0247497], [80.2619492, 13.0247572], [80.2618334, 13.0247863], [80.2616861, 13.0248284], [80.2614753, 13.0248932], [80.2612462, 13.0249553], [80.2610746, 13.0250001], [80.2610144, 13.0250245], [80.2610364, 13.0251033], [80.2610533, 13.0251635], [80.261053, 13.0251627], [80.2610519, 13.0251611], [80.2610502, 13.02516], [80.2610482, 13.0251595], [80.2610462, 13.0251597], [80.2609165, 13.0252008], [80.2607368, 13.0252538], [80.2604971, 13.0253255], [80.2601885, 13.0254109], [80.2599531, 13.025485], [80.2597931, 13.0255383], [80.2597875, 13.0255401], [80.2597858, 13.0255411], [80.2597845, 13.0255426], [80.2597838, 13.0255445], [80.2597839, 13.0255464], [80.2597847, 13.0255482], [80.259718, 13.0255657], [80.2595578, 13.0256076], [80.2595513, 13.0256093], [80.2594507, 13.0255213], [80.2594284, 13.0255018], [80.2593176, 13.0254009], [80.2591532, 13.0252812], [80.2590315, 13.0251638], [80.2589068, 13.0250814], [80.2588149, 13.0250152], [80.2586329, 13.0248947], [80.2584989, 13.0247851], [80.2583357, 13.0246813], [80.2582413, 13.024591], [80.2581697, 13.024562], [80.2581168, 13.0245405], [80.2579844, 13.0244948], [80.2577589, 13.0243891], [80.2575658, 13.0242873], [80.2572856, 13.024149], [80.2570391, 13.0240266], [80.2567557, 13.0239028], [80.2562406, 13.0236587], [80.2560298, 13.0235371], [80.2555989, 13.0233963], [80.2553039, 13.0232882], [80.2550548, 13.0231862], [80.2548818, 13.0231232], [80.2547299, 13.0230943], [80.254552, 13.0230369], [80.2543829, 13.0229731], [80.2542137, 13.0229129], [80.2540488, 13.0228458], [80.2539197, 13.0227894], [80.2537753, 13.0227467], [80.2536659, 13.0226998], [80.2534683, 13.0225892], [80.2532756, 13.022462], [80.253133, 13.0223556], [80.2530624, 13.0222965], [80.2529809, 13.0222159], [80.2529298, 13.0220728], [80.252908, 13.0220162], [80.2529025, 13.0220025], [80.2528795, 13.0219639], [80.2528654, 13.0219539], [80.2528139, 13.0219282], [80.2527579, 13.0219248], [80.2527322, 13.0219164], [80.2525867, 13.0217894], [80.2523813, 13.0214638], [80.2523526, 13.0214268], [80.2523177, 13.0214109], [80.2522874, 13.0214148], [80.2522626, 13.0213998], [80.2522471, 13.0213789], [80.2522358, 13.0213555], [80.2522132, 13.021322], [80.252182, 13.0212815], [80.252147, 13.0212273], [80.2521222, 13.0211896], [80.2521013, 13.0211489], [80.2520897, 13.0211093], [80.2520589, 13.0210569], [80.2520302, 13.0209928], [80.2520048, 13.0209248], [80.2520047, 13.0208666], [80.2519711, 13.0207824], [80.2519291, 13.0207275], [80.2518824, 13.0206898], [80.2518471, 13.0206326], [80.2518131, 13.0205715], [80.2517649, 13.0204916], [80.2517009, 13.020401], [80.2516566, 13.0203382], [80.2516032, 13.020247], [80.2515182, 13.0201318], [80.2513918, 13.0199924], [80.2513199, 13.0199118], [80.2512425, 13.0198277], [80.2511346, 13.0197162], [80.2510939, 13.0196823], [80.2509994, 13.0196003], [80.2505974, 13.0193375], [80.2504801, 13.0192728], [80.2504042, 13.0192165], [80.2502926, 13.0191423], [80.2501161, 13.0190241], [80.249959, 13.0189354], [80.2498899, 13.0188746], [80.2497907, 13.0188147], [80.2491744, 13.0184704], [80.2490909, 13.0192225], [80.2489283, 13.0199459], [80.2488158, 13.0204706], [80.2482136, 13.0213281], [80.2477862, 13.0220247], [80.2471557, 13.0227515], [80.2461809, 13.0237892], [80.2455704, 13.0243519], [80.2448745, 13.0250426], [80.2445074, 13.0254727], [80.2440715, 13.0258481], [80.2433691, 13.0262091], [80.2428576, 13.0263343], [80.2423194, 13.0263647], [80.2417006, 13.0264151], [80.2412484, 13.0264046], [80.2408252, 13.0263042], [80.2408252, 13.0263047], [80.2400074, 13.0270741], [80.2398129, 13.0284641], [80.2396267, 13.0292616], [80.2398535, 13.0308579], [80.2395194, 13.0312076]]]}}, {"type": "Feature", "properties": {"zone": "XIV", "zone_name": "PERUNKUDI", "region": "South"}, "geometry": {"type": "Polygon", "coordinates": [[[80.1901895, 12.970183], [80.1903968, 12.9701046], [80.1904642, 12.9700946], [80.1900275, 12.9690757], [80.1900033, 12.9690192], [80.1899776, 12.9689591], [80.1908201, 12.9686675], [80.1909891, 12.9686137], [80.1908641, 12.9681502], [80.1907552, 12.9677465], [80.1906154, 12.9672279], [80.190218, 12.9672295], [80.1898056, 12.9658275], [80.1899257, 12.9656883], [80.1903784, 12.9656209], [80.1900062, 12.9639267], [80.1901059, 12.9637183], [80.1891915, 12.9593209], [80.1889073, 12.9592855], [80.1885055, 12.9582828], [80.1876399, 12.9584118], [80.1875868, 12.9582574], [80.1883129, 12.957992], [80.1891329, 12.9575887], [80.1911816, 12.95728], [80.1919832, 12.9574726], [80.1918639, 12.9564468], [80.1906604, 12.9562341], [80.1905779, 12.9554076], [80.1903009, 12.9543979], [80.1904465, 12.9541051], [80.1920364, 12.9540086], [80.1922873, 12.9527889], [80.1922681, 12.9519612], [80.1926887, 12.9516799], [80.192928, 12.951693], [80.1930991, 12.9515769], [80.1935629, 12.9515786], [80.1935169, 12.9529602], [80.1951911, 12.9533916], [80.1980556, 12.9535521], [80.199243, 12.9535541], [80.1993187, 12.9533495], [80.2010371, 12.9529636], [80.2015619, 12.9524025], [80.2016006, 12.9517743], [80.2019293, 12.9512161], [80.2016022, 12.9497664], [80.2012246, 12.9479776], [80.2009452, 12.94661], [80.2004847, 12.9443953], [80.2001954, 12.9437996], [80.200261, 12.9437507], [80.200214, 12.9435408], [80.199935, 12.9430069], [80.1998345, 12.9420306], [80.1997464, 12.9417525], [80.1994361, 12.9413674], [80.1993056, 12.9407522], [80.198825, 12.9406123], [80.1985936, 12.9400319], [80.1982438, 12.9399494], [80.1980915, 12.9394287], [80.1978245, 12.93946], [80.1977001, 12.939361], [80.1976522, 12.9390749], [80.197125, 12.9390561], [80.1970331, 12.938975], [80.1968731, 12.9385147], [80.1968779, 12.9381218], [80.1967156, 12.9380344], [80.1964338, 12.9380418], [80.1963292, 12.9378374], [80.1961828, 12.9378014], [80.1961499, 12.9376272], [80.1959409, 12.9376111], [80.1958043, 12.9373073], [80.1958755, 12.9366234], [80.1957578, 12.9365261], [80.1947562, 12.9366993], [80.194681, 12.9365615], [80.1942259, 12.9366315], [80.1940555, 12.9360529], [80.1935038, 12.9360466], [80.193271, 12.9356467], [80.1931271, 12.93532], [80.1927707, 12.9353158], [80.1924474, 12.9346864], [80.192592, 12.9346704], [80.193551, 12.9343019], [80.1946447, 12.9341004], [80.1958559, 12.9337826], [80.1956425, 12.9315457], [80.1943934, 12.9315115], [80.1943313, 12.930761], [80.1954914, 12.9307002], [80.195664, 12.9306978], [80.1955818, 12.930234], [80.1952271, 12.9295216], [80.1950109, 12.9280342], [80.1949873, 12.9277061], [80.19489, 12.9276277], [80.1949011, 12.9271241], [80.1949728, 12.9270339], [80.1949695, 12.9267851], [80.1948782, 12.9267271], [80.1948471, 12.9262662], [80.1949311, 12.9261632], [80.1948737, 12.9258292], [80.1948947, 12.9255641], [80.1955572, 12.9244162], [80.195624, 12.924403], [80.1959451, 12.9242871], [80.1960822, 12.9243681], [80.1962353, 12.924239], [80.1968117, 12.9240199], [80.1975956, 12.9238693], [80.1973746, 12.9225328], [80.1973413, 12.9218138], [80.1973052, 12.921034], [80.197362, 12.9209222], [80.1973649, 12.9202606], [80.1971203, 12.918339], [80.1972043, 12.9174667], [80.1966765, 12.915788], [80.1957546, 12.9147323], [80.1948567, 12.9121548], [80.194697, 12.9111365], [80.1945708, 12.9099814], [80.1958908, 12.910326], [80.2002786, 12.909993], [80.2013044, 12.9097068], [80.2019816, 12.9096866], [80.2020335, 12.9095592], [80.2031247, 12.9094], [80.203185, 12.9094076], [80.2041693, 12.9092889], [80.2059641, 12.9094388], [80.2059792, 12.9094122], [80.2078511, 12.9095524], [80.2087489, 12.9094449], [80.2139505, 12.9092818], [80.2167993, 12.9121037], [80.2187132, 12.914619], [80.2193481, 12.9154385], [80.2225512, 12.9146599], [80.226298, 12.9137458], [80.2266493, 12.9165246], [80.2273517, 12.920737], [80.2277926, 12.923705], [80.2272708, 12.9238865], [80.2276952, 12.92636], [80.2282962, 12.9286907], [80.2289259, 12.931225], [80.2293978, 12.9346063], [80.2298639, 12.9379565], [80.2306779, 12.9396741], [80.2310721, 12.940506], [80.231333, 12.9404922], [80.2318532, 12.9416361], [80.2322828, 12.9426888], [80.2327126, 12.9434224], [80.2330456, 12.9466738], [80.2333509, 12.9497833], [80.2334128, 12.9519175], [80.2334409, 12.9527019], [80.2331619, 12.9534211], [80.2345896, 12.9535913], [80.23522, 12.9535785], [80.2352543, 12.9537228], [80.2354798, 12.9537348], [80.2354636, 12.9535927], [80.2356279, 12.9535543], [80.2357668, 12.9537092], [80.2358843, 12.953584], [80.2363635, 12.9535841], [80.2364108, 12.9535162], [80.2372301, 12.9535494], [80.2372573, 12.953471], [80.2376155, 12.9534613], [80.2383701, 12.9533639], [80.2388393, 12.9532405], [80.2389847, 12.9533294], [80.2393078, 12.9531306], [80.2394216, 12.953104], [80.2398356, 12.9529504], [80.240287, 12.9525907], [80.241166, 12.9523098], [80.2416591, 12.9521266], [80.2418909, 12.9519511], [80.2420698, 12.9518694], [80.2418786, 12.9514191], [80.243663, 12.9508257], [80.245588, 12.9500664], [80.2468365, 12.9498603], [80.2465805, 12.950964], [80.2459532, 12.9530286], [80.2459813, 12.9556623], [80.2459809, 12.9569038], [80.2459817, 12.9586981], [80.2495678, 12.9573268], [80.2502225, 12.9578238], [80.250302, 12.9577397], [80.2509856, 12.9577671], [80.2519844, 12.9577526], [80.2520894, 12.9577979], [80.2525734, 12.9578028], [80.2525856, 12.9573384], [80.2534829, 12.9571696], [80.253555, 12.9571138], [80.2589601, 12.9564388], [80.2616997, 12.9563858], [80.2623999, 12.9563723], [80.2629419, 12.9590345], [80.2633298, 12.9602681], [80.2638864, 12.9612481], [80.2645707, 12.965414], [80.2656385, 12.9712142], [80.2656432, 12.9712394], [80.2666529, 12.9743361], [80.265568, 12.9741533], [80.2655112, 12.9741437], [80.2633939, 12.9739636], [80.2633826, 12.9739824], [80.2633698, 12.9740001], [80.2633553, 12.9740166], [80.2633395, 12.9740319], [80.2633254, 12.9740375], [80.2633105, 12.9740409], [80.2632954, 12.974042], [80.2632802, 12.9740407], [80.2631915, 12.9740321], [80.2631097, 12.9740264], [80.2630619, 12.9740242], [80.2630135, 12.9740221], [80.2629244, 12.9740208], [80.2628406, 12.9740225], [80.2627569, 12.9740264], [80.2626732, 12.9740323], [80.2625898, 12.9740403], [80.2624313, 12.9740559], [80.2623691, 12.9740638], [80.2621831, 12.9740876], [80.262183, 12.9740876], [80.2621403, 12.9740931], [80.2620289, 12.9741073], [80.2616314, 12.9741635], [80.261446, 12.9741904], [80.2614458, 12.9741905], [80.2614061, 12.9741962], [80.2614009, 12.974197], [80.2609881, 12.9742358], [80.2607448, 12.9742581], [80.2606027, 12.974272], [80.2604107, 12.9743057], [80.2596379, 12.9743838], [80.2596529, 12.9744555], [80.2596777, 12.9745851], [80.2596983, 12.9746891], [80.259699, 12.9746909], [80.2597004, 12.9746924], [80.2597008, 12.9746926], [80.2596638, 12.9747029], [80.2593466, 12.9747762], [80.2593288, 12.9747817], [80.2593088, 12.9747946], [80.2592931, 12.9748124], [80.2592829, 12.9748337], [80.2592803, 12.9748499], [80.2592788, 12.9748593], [80.2592871, 12.9748979], [80.2593159, 12.9750367], [80.2593314, 12.9751117], [80.2593528, 12.9752144], [80.2593856, 12.9753695], [80.2593855, 12.975372], [80.2593846, 12.9753738], [80.2593832, 12.9753752], [80.2593813, 12.9753759], [80.259239, 12.9754057], [80.2590368, 12.9754485], [80.2588736, 12.9754799], [80.2588716, 12.9754799], [80.2588697, 12.9754792], [80.2588672, 12.9754762], [80.2588226, 12.9753367], [80.2587529, 12.97511], [80.2587423, 12.9750753], [80.2586157, 12.9746683], [80.2585881, 12.9745682], [80.2585621, 12.9744673], [80.2584044, 12.9744664], [80.25835, 12.9744863], [80.2582902, 12.9745053], [80.2582294, 12.9745216], [80.258168, 12.9745353], [80.2580368, 12.9745596], [80.2577575, 12.9746015], [80.2577121, 12.9746083], [80.2571759, 12.9746886], [80.2571102, 12.9746984], [80.2567866, 12.9747505], [80.2567318, 12.9747648], [80.2567489, 12.9748078], [80.2567942, 12.9749222], [80.2568137, 12.9749824], [80.2568533, 12.9751046], [80.2568963, 12.975237], [80.2568965, 12.975239], [80.256896, 12.9752409], [80.2568949, 12.9752425], [80.2568932, 12.9752436], [80.2568926, 12.9752439], [80.256684, 12.9753062], [80.2565143, 12.9753581], [80.2564799, 12.9753678], [80.2563826, 12.9753803], [80.2560485, 12.9754998], [80.2560019, 12.9755167], [80.2560018, 12.9755167], [80.2555842, 12.9756718], [80.2555761, 12.9756719], [80.2555683, 12.9756699], [80.2555612, 12.9756659], [80.2555555, 12.9756603], [80.2555544, 12.9756584], [80.2555442, 12.9756431], [80.2555325, 12.975629], [80.2555166, 12.9756065], [80.2555031, 12.9755826], [80.2554922, 12.9755574], [80.2554544, 12.9753585], [80.2554509, 12.9753398], [80.2554277, 12.9752042], [80.2553956, 12.9752095], [80.2554188, 12.9753454], [80.2554216, 12.9753602], [80.2554246, 12.9753758], [80.2554246, 12.9753777], [80.2554239, 12.9753796], [80.2554225, 12.9753811], [80.2554207, 12.975382], [80.2554195, 12.9753822], [80.255226, 12.9753939], [80.2549771, 12.9754019], [80.2549074, 12.9754042], [80.2544074, 12.9754373], [80.2543055, 12.9754441], [80.25402, 12.9754606], [80.2539886, 12.9754624], [80.2538035, 12.9754733], [80.2537471, 12.9754753], [80.2533039, 12.9755498], [80.2533125, 12.9757518], [80.2533617, 12.9759065], [80.2534061, 12.976108], [80.2534324, 12.9765028], [80.2534702, 12.9769044], [80.2535029, 12.9771081], [80.2535426, 12.9772585], [80.2536003, 12.9776135], [80.2536399, 12.9778087], [80.2536587, 12.9780791], [80.2536701, 12.9784849], [80.2536972, 12.9788432], [80.2536956, 12.9790354], [80.2537208, 12.9791862], [80.2536955, 12.9793092], [80.2536671, 12.9794721], [80.2536904, 12.9796794], [80.2536814, 12.9799224], [80.2528422, 12.9799602], [80.2528378, 12.9799431], [80.2528314, 12.9799266], [80.2528229, 12.9799111], [80.2528126, 12.9798967], [80.2527754, 12.9798592], [80.2526106, 12.9798664], [80.2525954, 12.9798687], [80.252568, 12.9798854], [80.2523976, 12.9799216], [80.2520058, 12.9800333], [80.2516377, 12.9801332], [80.2515972, 12.9801441], [80.2511836, 12.9802494], [80.2506397, 12.9804039], [80.2505318, 12.9804301], [80.2504243, 12.9804581], [80.2503174, 12.9804878], [80.250211, 12.9805194], [80.2501111, 12.9805484], [80.2500107, 12.9805756], [80.2499098, 12.9806007], [80.2498083, 12.9806239], [80.2497064, 12.9806451], [80.2496041, 12.9806642], [80.2495015, 12.9806814], [80.2494829, 12.9806838], [80.2494829, 12.9806838], [80.2494494, 12.9806881], [80.2491275, 12.9807298], [80.2490302, 12.9807424], [80.248519, 12.9807834], [80.2484321, 12.9807904], [80.2481158, 12.9808112], [80.2476893, 12.980836], [80.247387, 12.980849], [80.247114, 12.980875], [80.246756, 12.9809107], [80.2463775, 12.9809599], [80.2459933, 12.9810035], [80.2456534, 12.9810454], [80.2452147, 12.9810909], [80.2447757, 12.9811493], [80.2444258, 12.9812019], [80.2441461, 12.9812463], [80.2440452, 12.9812563], [80.244014, 12.9812594], [80.2439075, 12.98127], [80.2438085, 12.9812798], [80.2436764, 12.981292], [80.2435148, 12.981307], [80.2434789, 12.9813093], [80.243443, 12.9813096], [80.2434071, 12.9813077], [80.2433713, 12.9813037], [80.2433589, 12.9813019], [80.2433471, 12.9812979], [80.2433363, 12.9812918], [80.2433269, 12.9812837], [80.2433148, 12.98127], [80.2433138, 12.9812686], [80.2433043, 12.981255], [80.2433028, 12.9812523], [80.2432956, 12.9812389], [80.2432888, 12.981222], [80.243284, 12.9812045], [80.2432812, 12.9811865], [80.2432806, 12.9811684], [80.2432631, 12.9810307], [80.2432548, 12.9809209], [80.2432569, 12.9805904], [80.2432672, 12.9803553], [80.2432716, 12.9802554], [80.2432725, 12.9802351], [80.2432666, 12.9798931], [80.243273, 12.9795865], [80.2432742, 12.9795289], [80.243275, 12.9792713], [80.24328, 12.9789607], [80.2432914, 12.9787643], [80.2433027, 12.9786547], [80.2432929, 12.9787303], [80.2430095, 12.978721], [80.2427148, 12.9787119], [80.2422161, 12.9786985], [80.2414874, 12.9786767], [80.2405105, 12.978651], [80.2401983, 12.9786437], [80.2395591, 12.9786273], [80.2393055, 12.9786201], [80.2392473, 12.9786184], [80.2391647, 12.978616], [80.2390394, 12.9786125], [80.2388965, 12.9786092], [80.2386964, 12.9786029], [80.2384958, 12.9785981], [80.2382586, 12.9785914], [80.2380037, 12.9785841], [80.2378129, 12.9785777], [80.237601, 12.9785707], [80.2374796, 12.9785651], [80.2372181, 12.9785488], [80.2369959, 12.9785262], [80.2367486, 12.9784947], [80.2364859, 12.9784518], [80.2362593, 12.978408], [80.2359923, 12.9783454], [80.2356975, 12.9782642], [80.2354979, 12.9782037], [80.235178, 12.9780904], [80.2349583, 12.9780029], [80.234749, 12.9779139], [80.2346977, 12.9778899], [80.2345466, 12.9778191], [80.2343886, 12.9777404], [80.2342123, 12.9776465], [80.2340603, 12.9775611], [80.2338723, 12.9774482], [80.2337978, 12.9774021], [80.2337244, 12.9773546], [80.2336519, 12.9773056], [80.2334379, 12.9771572], [80.2332602, 12.9770249], [80.233116, 12.9769095], [80.2330467, 12.9768535], [80.2329787, 12.9767961], [80.2329267, 12.9767507], [80.2328871, 12.9765486], [80.2309144, 12.9747573], [80.2294959, 12.9734674], [80.2284878, 12.9724564], [80.2244144, 12.9683712], [80.221997, 12.9673719], [80.2219026, 12.9673329], [80.2203611, 12.9672681], [80.2194864, 12.9672313], [80.2177671, 12.9676657], [80.2175528, 12.9677198], [80.2175423, 12.9677225], [80.2158646, 12.9685182], [80.2133522, 12.9706781], [80.2111643, 12.9725766], [80.2110568, 12.9735475], [80.2108955, 12.9750047], [80.2103586, 12.9750266], [80.2103186, 12.9750281], [80.2092983, 12.9750421], [80.2092646, 12.9758961], [80.2092636, 12.9759504], [80.2094953, 12.9759527], [80.2097942, 12.9759601], [80.209825, 12.976809], [80.2098007, 12.9768071], [80.2097598, 12.9768039], [80.2096276, 12.9767935], [80.2095632, 12.9767804], [80.20926, 12.9768486], [80.2092098, 12.9768667], [80.2092368, 12.9769442], [80.2092937, 12.9771035], [80.2092959, 12.9771112], [80.2092973, 12.9771191], [80.2092977, 12.9771259], [80.2092944, 12.9771573], [80.2089842, 12.9772169], [80.2089543, 12.9772157], [80.2089503, 12.9773144], [80.2089468, 12.9774248], [80.2089458, 12.9775303], [80.2089454, 12.9775322], [80.2089376, 12.9775724], [80.2090782, 12.9775601], [80.2091892, 12.9775548], [80.2092636, 12.9775551], [80.2092699, 12.9775554], [80.2092758, 12.9775575], [80.2092809, 12.9775612], [80.2092847, 12.9775661], [80.2092863, 12.9775705], [80.2092868, 12.9775719], [80.2092872, 12.9775781], [80.2092761, 12.9777765], [80.209271, 12.9779386], [80.209269, 12.9779465], [80.2092645, 12.9779534], [80.209258, 12.9779585], [80.2092501, 12.9779612], [80.2092419, 12.9779615], [80.2091186, 12.9779678], [80.2089796, 12.9779729], [80.2087654, 12.9779809], [80.2085131, 12.9779886], [80.2083418, 12.977993], [80.208338, 12.9779931], [80.2083231, 12.9779938], [80.20822, 12.9780049], [80.2082185, 12.978005], [80.2080735, 12.9780212], [80.2078381, 12.9780471], [80.2076569, 12.9780633], [80.2073733, 12.978089], [80.2071547, 12.9781066], [80.2071314, 12.9781084], [80.2058414, 12.9786836], [80.2057061, 12.9783704], [80.2056022, 12.9781255], [80.2055318, 12.9779504], [80.2054579, 12.97779], [80.2053963, 12.9776292], [80.2052044, 12.9771849], [80.2051032, 12.9769046], [80.2049859, 12.9766432], [80.2048846, 12.9764105], [80.2047811, 12.9761773], [80.204551, 12.976248], [80.2046309, 12.9768262], [80.2044555, 12.9768287], [80.2040668, 12.976915], [80.2036947, 12.9769934], [80.2034306, 12.9770319], [80.2033262, 12.9770533], [80.203096, 12.9771023], [80.2029729, 12.9771329], [80.2024126, 12.9772635], [80.2020263, 12.9773492], [80.2020723, 12.9775686], [80.2021041, 12.9777021], [80.2021066, 12.9777431], [80.2021471, 12.978049], [80.2018402, 12.9781118], [80.2015857, 12.97822], [80.2011943, 12.9782691], [80.2012688, 12.9789446], [80.2012599, 12.9790568], [80.201254, 12.9791494], [80.2007497, 12.9792007], [80.2000638, 12.9793268], [80.1998862, 12.9795797], [80.1995165, 12.9797049], [80.1993881, 12.9797532], [80.1993372, 12.9797555], [80.1990095, 12.9796489], [80.1987681, 12.9796851], [80.1987044, 12.979696], [80.1984727, 12.9797209], [80.1981908, 12.9797467], [80.1981281, 12.9797495], [80.1978552, 12.9797866], [80.1977402, 12.979803], [80.1974871, 12.9799424], [80.1974332, 12.9799766], [80.1973222, 12.9799982], [80.197283, 12.9800089], [80.1971515, 12.9800395], [80.1970622, 12.9800671], [80.1969659, 12.9800748], [80.1968862, 12.9800941], [80.1968557, 12.9801003], [80.196799, 12.9801266], [80.1967095, 12.9801729], [80.1966592, 12.9801887], [80.1965197, 12.9802127], [80.1964311, 12.9802309], [80.1963966, 12.980238], [80.1963135, 12.9802586], [80.1963021, 12.9802614], [80.1962828, 12.9802699], [80.1962122, 12.9802961], [80.1960806, 12.980334], [80.1960222, 12.980458], [80.1959782, 12.9805397], [80.1959275, 12.9806141], [80.1958451, 12.9807737], [80.1957811, 12.9808981], [80.1957717, 12.9809289], [80.1957654, 12.9809285], [80.1956753, 12.9809232], [80.1954768, 12.9809309], [80.1953137, 12.981024], [80.1938208, 12.9820459], [80.1935662, 12.982124], [80.1933065, 12.9821479], [80.1930939, 12.9821603], [80.1928961, 12.9821769], [80.1926119, 12.982202], [80.192435, 12.9822195], [80.1922492, 12.9822433], [80.1920544, 12.9822717], [80.1919156, 12.9822822], [80.1917531, 12.9823012], [80.1915942, 12.9823217], [80.1914547, 12.9823402], [80.1913626, 12.98235], [80.1912837, 12.9823583], [80.1911627, 12.9823156], [80.1911205, 12.9823017], [80.1911101, 12.9822971], [80.1910249, 12.9822666], [80.1909575, 12.9822391], [80.1909232, 12.9819391], [80.1905023, 12.9820066], [80.1903999, 12.9819883], [80.1903223, 12.9819713], [80.1902408, 12.9819097], [80.1901569, 12.9818811], [80.1900818, 12.9818545], [80.1898932, 12.9818516], [80.189876, 12.9818513], [80.1897694, 12.9818839], [80.1897528, 12.9817046], [80.189715, 12.9816541], [80.1896443, 12.9815187], [80.1895527, 12.9813686], [80.1895286, 12.9813278], [80.1895523, 12.9812525], [80.1895278, 12.9811165], [80.1895169, 12.9810455], [80.189495, 12.9809119], [80.1894829, 12.9808264], [80.1894727, 12.98074], [80.1894737, 12.9807036], [80.1897301, 12.9806461], [80.1897321, 12.9806456], [80.1896217, 12.9800744], [80.1897731, 12.9800556], [80.18971, 12.9796862], [80.1896915, 12.9794855], [80.1896771, 12.9793939], [80.1896545, 12.9784496], [80.1897804, 12.978471], [80.1897798, 12.9781909], [80.1897817, 12.9781013], [80.1897608, 12.9777043], [80.1897539, 12.9776529], [80.1897508, 12.9776168], [80.1897709, 12.9776062], [80.1901296, 12.9774452], [80.1903653, 12.9772696], [80.1905235, 12.9771594], [80.1903892, 12.9763679], [80.1903394, 12.9760872], [80.1903127, 12.9758649], [80.1902758, 12.9756895], [80.1902626, 12.9756054], [80.1902497, 12.9755072], [80.1902563, 12.9754815], [80.1903535, 12.9751898], [80.1904078, 12.9750513], [80.1904349, 12.9749884], [80.1905028, 12.9748358], [80.1905694, 12.9746876], [80.1905972, 12.9746313], [80.1906072, 12.9746091], [80.1906622, 12.974494], [80.1906039, 12.9744503], [80.1905182, 12.9743817], [80.1904218, 12.9743067], [80.1903416, 12.9742387], [80.1902543, 12.9741702], [80.190171, 12.9740943], [80.1901824, 12.9740539], [80.1899865, 12.9740059], [80.1899423, 12.9739793], [80.1898663, 12.9739331], [80.1897988, 12.973897], [80.1895791, 12.9737723], [80.1893818, 12.9736137], [80.189281, 12.973575], [80.1893625, 12.9720826], [80.1893611, 12.9720066], [80.1893291, 12.971881], [80.1892583, 12.9717077], [80.1891946, 12.9715026], [80.1891302, 12.9713142], [80.188935, 12.9706667], [80.189265, 12.9705342], [80.1895321, 12.9704316], [80.1901895, 12.970183]]]}}, {"type": "Feature", "properties": {"zone": "I", "zone_name": "THIRUVOTTRIYUR", "region": "North"}, "geometry": {"type": "Polygon", "coordinates": [[[80.2990411, 13.1433969], [80.2992095, 13.1433604], [80.2995731, 13.1432624], [80.2997338, 13.1432368], [80.2998839, 13.1431904], [80.301933, 13.1468703], [80.302385, 13.1475892], [80.3024067, 13.1476897], [80.3025521, 13.1480777], [80.3027699, 13.1487386], [80.3030313, 13.1495288], [80.3033155, 13.1504242], [80.3075833, 13.14914], [80.3076383, 13.1493057], [80.3093718, 13.1545251], [80.3096066, 13.1552566], [80.310958, 13.1594118], [80.3111115, 13.1602835], [80.3119639, 13.1636022], [80.3131858, 13.1684747], [80.3146532, 13.1729762], [80.3149557, 13.174063], [80.3157646, 13.1779476], [80.316135, 13.1789946], [80.3169468, 13.1816261], [80.3172417, 13.1826621], [80.3176213, 13.1838635], [80.3185667, 13.1874709], [80.3191891, 13.1894835], [80.3210232, 13.1964766], [80.3219045, 13.2000896], [80.322952, 13.2044872], [80.3234729, 13.2064285], [80.3238003, 13.2076658], [80.3244136, 13.2099447], [80.3251564, 13.2125756], [80.3253087, 13.213115], [80.3258175, 13.2147056], [80.3274105, 13.2196673], [80.3289776, 13.224592], [80.3297199, 13.2273255], [80.330271, 13.2291088], [80.3304817, 13.2295519], [80.3314935, 13.2323278], [80.3310745, 13.2329364], [80.3313796, 13.2338492], [80.3273294, 13.2350491], [80.3237592, 13.2323988], [80.3177931, 13.2311069], [80.3177127, 13.2296479], [80.3165285, 13.227103], [80.313582, 13.2206865], [80.3132465, 13.2200695], [80.3082832, 13.2109407], [80.3088129, 13.207089], [80.3068856, 13.2028778], [80.3042305, 13.1977447], [80.3049776, 13.1976595], [80.3040747, 13.1970314], [80.3025516, 13.1930283], [80.3025486, 13.1917927], [80.3004175, 13.1899136], [80.2996221, 13.1876607], [80.2987306, 13.1879028], [80.2956601, 13.1833257], [80.2938991, 13.1804847], [80.2909815, 13.1814883], [80.2908601, 13.1815146], [80.2862787, 13.1817975], [80.2869573, 13.1735254], [80.2826646, 13.1635812], [80.279355, 13.1605616], [80.278893, 13.1601903], [80.2784264, 13.1601874], [80.2776308, 13.1602947], [80.2776069, 13.1598388], [80.2764323, 13.1600876], [80.2718687, 13.1609146], [80.269917, 13.1612068], [80.2698491, 13.1612169], [80.2698123, 13.1612298], [80.269113, 13.161358], [80.2691714, 13.1612502], [80.2691776, 13.1612318], [80.2688493, 13.1612893], [80.2684332, 13.1613622], [80.2684065, 13.1611119], [80.2675224, 13.1543434], [80.2675998, 13.1530775], [80.26697, 13.1514445], [80.2661555, 13.1493108], [80.2663175, 13.149178], [80.2683011, 13.1492243], [80.2683216, 13.1483182], [80.2680719, 13.1482403], [80.2676523, 13.1468285], [80.2671192, 13.1462296], [80.2664859, 13.1461354], [80.2665687, 13.145414], [80.2657941, 13.1453927], [80.2657642, 13.1452372], [80.2650195, 13.1413618], [80.2785259, 13.1419231], [80.278745, 13.1419242], [80.2795656, 13.14249], [80.283776, 13.1451317], [80.2840371, 13.1453045], [80.2843667, 13.1458049], [80.2844144, 13.1458774], [80.2861707, 13.1460892], [80.2866529, 13.1461464], [80.2870769, 13.1460315], [80.2873846, 13.1459848], [80.2900981, 13.144606], [80.2905897, 13.1444909], [80.2909834, 13.1443895], [80.2914399, 13.1442941], [80.2916771, 13.1442653], [80.2917364, 13.1442581], [80.2917364, 13.1442581], [80.2917963, 13.1442508], [80.2921007, 13.1442194], [80.2923662, 13.1441943], [80.2925071, 13.1441811], [80.2928486, 13.1441501], [80.292854, 13.1441496], [80.2928827, 13.1441478], [80.2929399, 13.144144], [80.292945, 13.1441811], [80.2929526, 13.1442179], [80.2929625, 13.1442541], [80.2929819, 13.1443135], [80.2930036, 13.1443722], [80.2930275, 13.14443], [80.2930536, 13.1444869], [80.2930951, 13.1445917], [80.2931017, 13.1446043], [80.2931074, 13.1446077], [80.2933554, 13.1445844], [80.2936437, 13.144566], [80.2937724, 13.1445545], [80.2938318, 13.1445492], [80.2939484, 13.1445388], [80.2941551, 13.1445265], [80.2942662, 13.1445198], [80.2945674, 13.1444968], [80.2948719, 13.1444622], [80.2950599, 13.1444447], [80.2951061, 13.1444404], [80.2951533, 13.144436], [80.2954418, 13.1443999], [80.2957257, 13.1443745], [80.296011, 13.1443504], [80.2963008, 13.1443229], [80.2965762, 13.1442985], [80.2966433, 13.1442923], [80.2966563, 13.1442905], [80.2968246, 13.1442551], [80.2968066, 13.1442062], [80.2967314, 13.1439853], [80.2967318, 13.1439613], [80.2967398, 13.1439387], [80.2967464, 13.1439286], [80.2967546, 13.1439196], [80.2967906, 13.1438987], [80.2968182, 13.1438874], [80.2968466, 13.1438784], [80.2972246, 13.1437974], [80.2976517, 13.1437117], [80.2979024, 13.1436662], [80.2981448, 13.1436019], [80.2981448, 13.1436018], [80.2981884, 13.1435909], [80.2984586, 13.1435231], [80.2990411, 13.1433969]]]}}, {"type": "Feature", "properties": {"zone": "XV", "zone_name": "SHOZHANGANALLUR", "region": "South"}, "geometry": {"type": "Polygon", "coordinates": [[[80.2379325, 12.858936], [80.2397353, 12.8586507], [80.2398298, 12.8587958], [80.2408778, 12.8586652], [80.2462579, 12.857578], [80.2486088, 12.8571029], [80.2491309, 12.8571237], [80.2492378, 12.858093], [80.2497372, 12.8623289], [80.2500494, 12.8646143], [80.2504532, 12.8675703], [80.2507125, 12.8705855], [80.2509874, 12.8724404], [80.251227, 12.8738765], [80.2512345, 12.8739411], [80.2515242, 12.8764252], [80.2515359, 12.8765265], [80.2516178, 12.8772375], [80.2518217, 12.8789022], [80.2524898, 12.8838325], [80.2525718, 12.8844236], [80.2528599, 12.886501], [80.2529285, 12.8870088], [80.2531105, 12.8883559], [80.2535617, 12.8924481], [80.253676, 12.8933264], [80.2540743, 12.8963851], [80.2541216, 12.8968996], [80.2543814, 12.8997353], [80.2546563, 12.9019572], [80.2549099, 12.9039999], [80.2552071, 12.9064291], [80.2552713, 12.9069539], [80.2553564, 12.9076495], [80.2559793, 12.9134828], [80.2561537, 12.9146497], [80.2562757, 12.9154662], [80.2564576, 12.9166839], [80.2568401, 12.9193395], [80.2572131, 12.9228426], [80.2572088, 12.9229636], [80.2577084, 12.9251713], [80.2577973, 12.9259943], [80.2580743, 12.9285571], [80.258421, 12.9317654], [80.2583878, 12.9321581], [80.258303, 12.9321907], [80.258929, 12.9360665], [80.2589546, 12.936225], [80.2590435, 12.9367759], [80.2593279, 12.9385365], [80.2595134, 12.9391604], [80.2596776, 12.939913], [80.2602899, 12.9423774], [80.2604617, 12.943227], [80.2605812, 12.9438183], [80.2611469, 12.9471206], [80.2614856, 12.9490977], [80.2616415, 12.9498693], [80.2618873, 12.9510864], [80.2620074, 12.9515647], [80.2620997, 12.9521015], [80.2624595, 12.9537787], [80.2629102, 12.9563449], [80.2623895, 12.9563373], [80.2623999, 12.9563723], [80.2616997, 12.9563858], [80.2608428, 12.9564024], [80.2589601, 12.9564388], [80.253555, 12.9571138], [80.2534829, 12.9571696], [80.2525856, 12.9573384], [80.2525734, 12.9578028], [80.2520894, 12.9577979], [80.2519844, 12.9577526], [80.2509856, 12.9577671], [80.250302, 12.9577397], [80.2502225, 12.9578238], [80.2495678, 12.9573268], [80.2459817, 12.9586981], [80.2459809, 12.9569038], [80.2459813, 12.9556623], [80.2459532, 12.9530286], [80.2465805, 12.950964], [80.2468365, 12.9498603], [80.245588, 12.9500664], [80.243663, 12.9508257], [80.2418786, 12.9514191], [80.2420698, 12.9518694], [80.2418909, 12.9519511], [80.2416591, 12.9521266], [80.241166, 12.9523098], [80.240287, 12.9525907], [80.2398356, 12.9529504], [80.2394216, 12.953104], [80.2393078, 12.9531306], [80.2389847, 12.9533294], [80.2388393, 12.9532405], [80.2383701, 12.9533639], [80.2376155, 12.9534613], [80.2372573, 12.953471], [80.2372301, 12.9535494], [80.2364108, 12.9535162], [80.2363635, 12.9535841], [80.2358843, 12.953584], [80.2357668, 12.9537092], [80.2356279, 12.9535543], [80.2354636, 12.9535927], [80.2354798, 12.9537348], [80.2352543, 12.9537228], [80.23522, 12.9535785], [80.2345896, 12.9535913], [80.2331619, 12.9534211], [80.2334409, 12.9527019], [80.2334128, 12.9519175], [80.2333509, 12.9497833], [80.2330456, 12.9466738], [80.2327126, 12.9434224], [80.2322828, 12.9426888], [80.2318532, 12.9416361], [80.231333, 12.9404922], [80.2310721, 12.940506], [80.2306779, 12.9396741], [80.2298639, 12.9379565], [80.2293978, 12.9346063], [80.2289259, 12.931225], [80.2282962, 12.9286907], [80.2276952, 12.92636], [80.2272708, 12.9238865], [80.2277926, 12.923705], [80.2273517, 12.920737], [80.2266493, 12.9165246], [80.226298, 12.9137458], [80.2225512, 12.9146599], [80.2193481, 12.9154385], [80.2187132, 12.914619], [80.2167993, 12.9121037], [80.2139505, 12.9092818], [80.2132559, 12.8962331], [80.2132764, 12.8912799], [80.2129906, 12.8894317], [80.2125801, 12.8877399], [80.2122993, 12.8860681], [80.210608, 12.8795642], [80.2104572, 12.8793458], [80.2083955, 12.8756035], [80.2080442, 12.8750151], [80.2088828, 12.8725342], [80.2101844, 12.8688664], [80.212682, 12.861788], [80.2131495, 12.8605272], [80.2171802, 12.8558725], [80.217324, 12.8549372], [80.2199002, 12.8541538], [80.219817, 12.8524774], [80.226332, 12.8523419], [80.2295398, 12.8523751], [80.2301372, 12.852265], [80.2308787, 12.8522583], [80.2320667, 12.8520946], [80.2331845, 12.8542339], [80.2333318, 12.8544428], [80.2337675, 12.8550613], [80.2352795, 12.8571993], [80.2354398, 12.8574347], [80.2362769, 12.8583736], [80.2364281, 12.8585445], [80.2364944, 12.8586175], [80.2365324, 12.8586601], [80.2366196, 12.8587574], [80.2368918, 12.859061], [80.2369216, 12.8590937], [80.2369343, 12.8590909], [80.2371708, 12.8590542], [80.2379325, 12.858936]]]}}, {"type": "Feature", "properties": {"zone": null, "zone_name": null, "region": null}, "geometry": {"type": "Polygon", "coordinates": [[[80.188635, 13.0095529], [80.1879034, 13.0089919], [80.187899, 13.0089885], [80.1878517, 13.0089592], [80.1863981, 13.0080594], [80.1862604, 13.0083201], [80.1856568, 13.0082644], [80.1851195, 13.0077148], [80.1837323, 13.007146], [80.1827589, 13.0061103], [80.1817495, 13.0050672], [80.1773565, 13.0009459], [80.1759631, 12.9995885], [80.1772368, 12.9952736], [80.1768947, 12.9948095], [80.1766325, 12.9945676], [80.1763537, 12.9942382], [80.1739863, 12.991382], [80.1756751, 12.9902154], [80.1778446, 12.9888348], [80.1783458, 12.9890024], [80.1783757, 12.9887287], [80.1783194, 12.9885868], [80.1788247, 12.9876665], [80.1791621, 12.9873216], [80.1798369, 12.9873467], [80.1809094, 12.9871999], [80.1814454, 12.9874779], [80.1814786, 12.9874259], [80.1817089, 12.9875367], [80.1820177, 12.9876757], [80.1820699, 12.987696], [80.1825036, 12.9878838], [80.1827203, 12.9879768], [80.1831593, 12.988177], [80.1832087, 12.9881843], [80.1833249, 12.9882342], [80.1833637, 12.9882454], [80.1834744, 12.9882956], [80.1835451, 12.9883183], [80.1835995, 12.9883584], [80.1837323, 12.9884252], [80.183816, 12.9884575], [80.1838912, 12.9884963], [80.1839617, 12.9885129], [80.1842256, 12.9886251], [80.1842679, 12.9886421], [80.1841851, 12.9889149], [80.1852334, 12.9894606], [80.1851366, 12.9898421], [80.1849948, 12.9904051], [80.1849468, 12.9901801], [80.1847856, 12.990443], [80.1848795, 12.9908746], [80.1848728, 12.990898], [80.184842, 12.9911826], [80.1852928, 12.9927772], [80.1854046, 12.9931525], [80.1854997, 12.9938037], [80.1856591, 12.9938768], [80.1868445, 12.994483], [80.1869195, 12.9945305], [80.1872963, 12.9947125], [80.1875522, 12.9948323], [80.1880918, 12.9950876], [80.1888441, 12.995439], [80.1891211, 12.9955727], [80.1894809, 12.99576], [80.1897726, 12.9958776], [80.1900237, 12.9959597], [80.190309, 12.9960219], [80.1904999, 12.9960689], [80.1913594, 12.9962726], [80.1919102, 12.9964122], [80.1926489, 12.9965959], [80.1926863, 12.9965685], [80.1931583, 12.996661], [80.1932064, 12.9966822], [80.1934329, 12.9967169], [80.1935197, 12.9967302], [80.1938657, 12.9967929], [80.1942185, 12.9968508], [80.1944915, 12.9968897], [80.1949591, 12.996896], [80.195177, 12.996914], [80.1952748, 12.996921], [80.1955875, 12.9969492], [80.1958702, 12.9969691], [80.1959349, 12.9969771], [80.1961279, 12.9969997], [80.1962762, 12.9970122], [80.1965677, 12.9970406], [80.1966246, 12.9970534], [80.1967063, 12.9970611], [80.1967993, 12.9970662], [80.1968153, 12.9970782], [80.1969901, 12.9970826], [80.1970219, 12.9970943], [80.1972246, 12.9970865], [80.1973504, 12.9970825], [80.1974933, 12.997079], [80.1980646, 12.9970818], [80.1985164, 12.9970596], [80.1985443, 12.997165], [80.1985456, 12.9971814], [80.1985466, 12.9972166], [80.1985549, 12.9973486], [80.1985574, 12.9974235], [80.1985611, 12.9974568], [80.1985639, 12.9974788], [80.1985668, 12.997513], [80.1985683, 12.9975254], [80.1985726, 12.9975728], [80.1985739, 12.9975994], [80.1985783, 12.9976238], [80.1985816, 12.9976745], [80.1985856, 12.997721], [80.1985906, 12.9977752], [80.198598, 12.9978625], [80.1986029, 12.997922], [80.1986091, 12.9979823], [80.1986113, 12.9980074], [80.1986326, 12.9980073], [80.1986333, 12.9980534], [80.1986346, 12.998125], [80.1986346, 12.9982027], [80.198635, 12.9982383], [80.1986381, 12.9983194], [80.1986399, 12.9983785], [80.1986386, 12.9983975], [80.198635, 12.9984278], [80.1986342, 12.9984427], [80.198583, 12.998442], [80.1985856, 12.998487], [80.1985904, 12.9985435], [80.1985938, 12.9985881], [80.1985945, 12.99861], [80.1986449, 12.9986127], [80.1987043, 12.9986158], [80.1987509, 12.9986171], [80.1987691, 12.9986191], [80.1988288, 12.9986214], [80.1988509, 12.9986215], [80.1988938, 12.9986224], [80.1989857, 12.9986265], [80.1990923, 12.9986303], [80.199199, 12.9986344], [80.1993247, 12.9986397], [80.1994153, 12.998643], [80.1995504, 12.9986489], [80.1996142, 12.9986521], [80.1996782, 12.998655], [80.19972, 12.9986542], [80.1997724, 12.9986524], [80.1998395, 12.9986499], [80.1999169, 12.9986469], [80.1999456, 12.9986454], [80.200017, 12.9986425], [80.2000764, 12.9986413], [80.2001246, 12.9986393], [80.2001554, 12.9986378], [80.2002064, 12.9986355], [80.2003108, 12.998632], [80.2003959, 12.9986301], [80.2004609, 12.9986271], [80.2005061, 12.998612], [80.2005394, 12.9986008], [80.200571, 12.9985924], [80.2005708, 12.9986467], [80.2005654, 12.9987413], [80.2005609, 12.9988189], [80.2005581, 12.9988683], [80.2005536, 12.9989335], [80.2005277, 12.9989347], [80.2004844, 12.9989357], [80.2004864, 12.9990596], [80.2004868, 12.9991483], [80.2004862, 12.9992129], [80.2004874, 12.9992472], [80.2004865, 12.9992701], [80.2004873, 12.9992783], [80.2004867, 12.9992948], [80.2004874, 12.9993435], [80.2004869, 12.9994695], [80.200488, 12.9995328], [80.2004882, 12.9995747], [80.2004877, 12.9996321], [80.2004877, 12.9996967], [80.2004879, 12.9997603], [80.2004877, 12.9998252], [80.2004871, 12.9998613], [80.2004867, 12.9999351], [80.2004863, 12.999983], [80.2004853, 13.0000919], [80.200486, 13.0001609], [80.2004861, 13.0002457], [80.2004858, 13.0003038], [80.2004844, 13.0003338], [80.2005418, 13.000332], [80.2006018, 13.000329], [80.2006243, 13.0003258], [80.2006442, 13.0003257], [80.2007352, 13.0003236], [80.2008128, 13.0003215], [80.2008683, 13.0003202], [80.2009649, 13.0003174], [80.2010159, 13.0003171], [80.2010526, 13.0003127], [80.2011192, 13.0003028], [80.2011455, 13.0003002], [80.201182, 13.000296], [80.2011978, 13.0002926], [80.2013017, 13.0002933], [80.2013636, 13.0002944], [80.2014036, 13.0002949], [80.2014339, 13.0002823], [80.2014616, 13.0002727], [80.2014712, 13.0003986], [80.2014874, 13.0004062], [80.2014934, 13.0004901], [80.2014997, 13.0005999], [80.2015056, 13.0007336], [80.2015104, 13.0008217], [80.2015145, 13.0008834], [80.2015081, 13.0009261], [80.2015038, 13.0009592], [80.2018103, 13.0009366], [80.2019259, 13.0009288], [80.2019291, 13.000971], [80.2019363, 13.0010394], [80.2019451, 13.0011618], [80.2019518, 13.001233], [80.2019555, 13.00129], [80.2019612, 13.0013168], [80.2019857, 13.0014195], [80.2019879, 13.0014906], [80.2019763, 13.001507], [80.2019847, 13.0017145], [80.2019831, 13.001809], [80.2019823, 13.0018728], [80.2019822, 13.0019244], [80.201981, 13.0019794], [80.2019798, 13.0020554], [80.2019789, 13.0021246], [80.201976, 13.0021386], [80.2019764, 13.0021598], [80.2019746, 13.0023556], [80.2019756, 13.0024185], [80.2019553, 13.0024212], [80.2019559, 13.0024319], [80.2019581, 13.0025371], [80.2019611, 13.0026189], [80.2019642, 13.0027281], [80.2019688, 13.0028891], [80.2019695, 13.0029505], [80.2020322, 13.0029551], [80.2021031, 13.00296], [80.202142, 13.0029634], [80.2021691, 13.002963], [80.2022485, 13.0029629], [80.202251, 13.0029709], [80.2022845, 13.0029739], [80.2023627, 13.0029802], [80.2024233, 13.0029848], [80.2024498, 13.0029873], [80.2024934, 13.0029927], [80.2025269, 13.002998], [80.2025506, 13.0030014], [80.2025617, 13.0030037], [80.2026304, 13.0030038], [80.2026357, 13.0030118], [80.2026739, 13.0030121], [80.2027425, 13.0030147], [80.2028261, 13.0030247], [80.2028939, 13.0030355], [80.202897, 13.0030875], [80.202901, 13.0031367], [80.2028994, 13.0031704], [80.2029004, 13.0032009], [80.2029017, 13.003243], [80.2029015, 13.0032887], [80.2029023, 13.0033173], [80.2028995, 13.0033919], [80.2028978, 13.0035008], [80.2027256, 13.0034939], [80.202612, 13.0034927], [80.2024943, 13.0034905], [80.2023843, 13.0034822], [80.2023863, 13.0035631], [80.2023877, 13.0035799], [80.2023836, 13.0036881], [80.2023816, 13.0037873], [80.2023763, 13.0039448], [80.202374, 13.004021], [80.2022942, 13.0040202], [80.2022974, 13.0041667], [80.2022988, 13.0042555], [80.2022999, 13.0043458], [80.2023016, 13.0044382], [80.2023395, 13.0044225], [80.2023684, 13.0044259], [80.2023535, 13.0044858], [80.2023304, 13.0045749], [80.2023154, 13.004638], [80.2023045, 13.0046591], [80.2023016, 13.0046612], [80.2020888, 13.0046908], [80.2020094, 13.0047021], [80.202004, 13.0048454], [80.2020006, 13.005005], [80.2019934, 13.005205], [80.2019879, 13.0053887], [80.2019856, 13.0054786], [80.2020804, 13.0055254], [80.2021514, 13.0055616], [80.2021603, 13.0055616], [80.2021683, 13.0055642], [80.2022642, 13.0056089], [80.2023975, 13.0056762], [80.2025064, 13.0057309], [80.2025217, 13.0057401], [80.2026013, 13.0057631], [80.2026959, 13.0057739], [80.2027398, 13.0057781], [80.2029389, 13.0058058], [80.203083, 13.0058255], [80.2031586, 13.0058343], [80.2031741, 13.0058632], [80.2032177, 13.0059518], [80.2032299, 13.0059745], [80.2032199, 13.006032], [80.2032348, 13.006043], [80.2032948, 13.006079], [80.2037857, 13.0063788], [80.2039843, 13.006481], [80.2038425, 13.0070076], [80.2037178, 13.0076384], [80.2035576, 13.0103344], [80.2035833, 13.0111233], [80.2036158, 13.0115099], [80.2036736, 13.011879], [80.2037456, 13.0122674], [80.2038108, 13.0125114], [80.2038532, 13.0126514], [80.203847, 13.0126627], [80.2022726, 13.0131254], [80.2023843, 13.0135462], [80.2023845, 13.0135477], [80.2023845, 13.0135493], [80.2023842, 13.0135508], [80.2023837, 13.0135523], [80.2023829, 13.0135537], [80.2023819, 13.0135549], [80.2023806, 13.0135559], [80.2023793, 13.0135567], [80.2023778, 13.0135572], [80.201015, 13.0139235], [80.1996819, 13.0142457], [80.1996458, 13.0142528], [80.1988635, 13.0144907], [80.198827, 13.0144961], [80.1979727, 13.0149018], [80.1983491, 13.0178412], [80.1984528, 13.0180539], [80.1984669, 13.0181565], [80.1985352, 13.0185045], [80.1986592, 13.0192646], [80.198867, 13.0205525], [80.1988909, 13.0206682], [80.1990879, 13.0217696], [80.2001484, 13.027676], [80.2002218, 13.0280786], [80.2002677, 13.0283308], [80.2001356, 13.0283375], [80.2000051, 13.028344], [80.199722, 13.0283582], [80.1995158, 13.0283685], [80.1991847, 13.0283851], [80.1986366, 13.0284126], [80.1984189, 13.0284235], [80.1980418, 13.0284424], [80.197856, 13.0284517], [80.1969257, 13.0284983], [80.1963287, 13.0282445], [80.1954352, 13.0278645], [80.1944317, 13.0274377], [80.1945601, 13.0272602], [80.1945591, 13.027172], [80.1945578, 13.027056], [80.1941816, 13.0230214], [80.1940836, 13.0219433], [80.1940042, 13.0210683], [80.1938689, 13.0195935], [80.1936211, 13.0174625], [80.1931497, 13.0149596], [80.1931461, 13.0149409], [80.1931044, 13.0148967], [80.1927054, 13.0144736], [80.1920503, 13.0144846], [80.1919793, 13.0144858], [80.1917489, 13.0144897], [80.1914802, 13.0130918], [80.1911303, 13.0126313], [80.1903716, 13.0118634], [80.190217, 13.0114036], [80.1898698, 13.0101202], [80.1895178, 13.0094243], [80.188635, 13.0095529]]]}}]}