# OpenStreetMap amenities for chennai (T3, ODbL). Nearest is not jurisdictional — the closest government office is often not the one with jurisdiction.
id,category,name,name_kn,operator,is_government,lat,lng
node/5308690568,metro_station,Alandur,,Chennai Metro Rail Limited,False,13.004256,80.201453
node/5319202812,metro_station,Saint Thomas Mount,,Chennai Metro Rail Limited,False,12.995,80.198582
node/5319207378,metro_station,Ekkattuthangal,,Chennai Metro Rail Limited,False,13.016922,80.205424
node/5319972796,metro_station,Ashok Nagar,,Chennai Metro Rail Limited,False,13.035477,80.211107
node/5319972798,metro_station,Vadapalani,,Chennai Metro Rail Limited,False,13.050937,80.212065
node/5319972799,metro_station,Arumbakkam,,Chennai Metro Rail Limited,False,13.061675,80.211656
node/5321248890,metro_station,CMBT,,Chennai Metro Rail Limited,False,13.06852,80.203984
node/5321248896,metro_station,Koyambedu,,Chennai Metro Rail Limited,False,13.07345,80.194836
node/5329907482,metro_station,Pachaiyappa's College,,Chennai Metro Rail Limited,False,13.075547,80.232852
node/5329907487,metro_station,Kilpauk,,Chennai Metro Rail Limited,False,13.077637,80.242619
node/5329907490,metro_station,Nehru Park,,Chennai Metro Rail Limited,False,13.078784,80.250473
node/5329907499,metro_station,Egmore,,Chennai Metro Rail Limited,False,13.080281,80.263055
node/5337407346,metro_station,ஆயிரம் விளக்கு,,Chennai Metro Rail Limited,False,13.058516,80.258783
node/5337407350,metro_station,எல் ஐ சி,,Chennai Metro Rail Limited,False,13.064372,80.265846
node/5337407354,metro_station,அரசினர் தோட்டம்,,Chennai Metro Rail Limited,False,13.069634,80.273036
node/5337658083,metro_station,High Court,,Chennai Metro Rail Limited,False,13.087268,80.284984
node/5337658088,metro_station,Mannadi,,Chennai Metro Rail Limited,False,13.095446,80.286131
node/5337658099,metro_station,Washermanpet,,Chennai Metro Rail Limited,False,13.107847,80.280949
node/5338654280,metro_station,Anna Nagar Tower Entrance/Exit,,,False,13.085101,80.209654
node/5338656231,metro_station,Anna Nagar Tower Entrance/Exit,,,False,13.084822,80.209632
node/6285857237,metro_station,Nanganallur Road,,Chennai Metro Rail Limited,False,12.99988,80.19401
node/6285857239,metro_station,Meenambakkam,,Chennai Metro Rail Limited,False,12.987673,80.176479
node/6285857241,metro_station,Chennai International Airport,,Chennai Metro Rail Limited,False,12.980809,80.164203
node/6285857242,metro_station,தேனாம்பேட்டை,,Chennai Metro Rail Limited,False,13.0368,80.246419
node/6285857243,metro_station,நந்தனம்,,Chennai Metro Rail Limited,False,13.031709,80.241196
node/6285857244,metro_station,சைதாப்பேட்டை,,Chennai Metro Rail Limited,False,13.023995,80.228124
node/6285857246,metro_station,சின்னமலை,,Chennai Metro Rail Limited,False,13.014663,80.224167
node/6285857248,metro_station,கிண்டி,,Chennai Metro Rail Limited,False,13.009275,80.213085
node/6285857249,metro_station,ஏ ஜி டி.எம்.எஸ்,,Chennai Metro Rail Limited,False,13.045885,80.248285
node/6285857253,metro_station,Central Metro,,Chennai Metro Rail Limited,False,13.081725,80.273916
node/8430632406,metro_station,Sir Theagaraya College,,Chennai Metro Rail Limited,False,13.115754,80.284744
node/8430632416,metro_station,Tondiarpet,,Chennai Metro Rail Limited,False,13.124528,80.288856
node/8430636713,metro_station,Wimco Nagar,,Chennai Metro Rail Limited,False,13.17929,80.307344
node/8430636714,metro_station,Thiruvottriyur,,Chennai Metro Rail Limited,False,13.171803,80.305269
node/8430636715,metro_station,Kaladipet,,Chennai Metro Rail Limited,False,13.150667,80.299393
node/8430636716,metro_station,சுங்கச்சாவடி,,Chennai Metro Rail Limited,False,13.143134,80.296329
node/8430636817,metro_station,புது வண்ணாரப்பேட்டை,,Chennai Metro Rail Limited,False,13.134519,80.293001
node/9360208171,metro_station,Thirumangalam Metro Entrance/Exit,,CMRL,False,13.085391,80.202482
node/9391348571,metro_station,Shenoy Nagar Metro Entrance - North East,,,False,13.0797,80.225864
node/9391348572,metro_station,Shenoy Nagar Metro Entrance - North West,,,False,13.0798,80.224538
node/9580013601,metro_station,Thiruvottiyur Theradi,,Chennai Metro Rail Limited,False,13.160215,80.302448
node/9857416360,metro_station,Wimco Nagar Depot,,Chennai Metro Rail Limited,False,13.183971,80.308994
node/9980951873,metro_station,High Court A4,,,False,13.088605,80.28575
node/11035843675,metro_station,High Court A2,,,False,13.087111,80.284065
node/11037119026,metro_station,High Court A1,,,False,13.086842,80.285048
node/11037119040,metro_station,High Court A3,,,False,13.088239,80.284769
node/12109641351,metro_station,D,,,False,13.00372,80.201414
node/12109641352,metro_station,C,,,False,13.004686,80.201955
node/12109641357,metro_station,A,,,False,13.004791,80.201657
node/12109663408,metro_station,B,,,False,12.981407,80.163963
node/12109663409,metro_station,A,,,False,12.980627,80.164267
node/12497490237,metro_station,"Regional Transport Office,Meenambakkam",,,False,12.999319,80.200989
node/13743048369,metro_station,Teynampet,,,False,13.037673,80.246325
node/13971965462,metro_station,Porur Junction,,Chennai Metro Rail Limited,False,13.035861,80.156761
node/13972061019,metro_station,Thelliyaragaram,,Chennai Metro Rail Limited,False,13.036864,80.141862
node/13972063969,metro_station,Porur Bypass,,Chennai Metro Rail Limited,False,13.036226,80.149971
node/13972457964,metro_station,Kumananchavadi Metro,,Chennai Metro Rail Limited,False,13.044683,80.118909
node/13972487793,metro_station,Poonamallee Government Hospital Metro,,Chennai Metro Rail Limited,False,13.049712,80.101998
node/13972497043,metro_station,Kattupakkam,,Chennai Metro Rail Limited,False,13.041979,80.125382
node/13972502091,metro_station,Karayanchavadi Metro,,Chennai Metro Rail Limited,False,13.046711,80.110905
node/13972514096,metro_station,Iyappanthangal Metro,,,False,13.038183,80.134988
node/246866326,bus_stop,Thiruvanmiyur Moffusil bus stop,,,False,12.987301,80.259419
node/249497892,bus_stop,Sathya Studio,,,False,13.014809,80.25935
node/256039818,bus_stop,Guindy,,,False,13.008075,80.20939
node/262666364,bus_stop,,,,False,13.050564,80.279698
node/278744710,bus_stop,Velachery Vijayanagar Bus Terminus,,,False,12.975951,80.221066
node/278745849,bus_stop,மூவரசம்பட்டு கூட்ரோடு,,,False,12.96829,80.18948
node/278746364,bus_stop,Hindu Colony,,,False,12.975492,80.183263
node/278747097,bus_stop,Chidambaram Stores,,,False,12.983066,80.188846
node/279150540,bus_stop,பரங்கிமலை ரயில் நிலையம்,,,False,12.994639,80.200193
node/300316947,bus_stop,Guindy Station,,,False,13.008133,80.213311
node/301736148,bus_stop,Eldams Road,,,False,13.038909,80.25004
node/301736149,bus_stop,Alwarpet,,,False,13.038081,80.255927
node/301736152,bus_stop,ஆழ்வார் பேட்டை,,,False,13.036222,80.25521
node/301736165,bus_stop,ஆழ்வார் பேட்டை,,,False,13.038754,80.258849
node/301736187,bus_stop,Vanavil,,,False,13.041495,80.247647
node/301736898,bus_stop,SIET,,,False,13.037953,80.24688
node/301736902,bus_stop,Stella Maris,,,False,13.047903,80.25387
node/301736903,bus_stop,Chola Sheraton,,,False,13.045882,80.256644
node/301736912,bus_stop,Music Academy,,,False,13.046469,80.260534
node/301736913,bus_stop,ஆழ்வார் பேட்டை,,,False,13.035108,80.257131
node/303010139,bus_stop,TTK Road,,,False,13.033221,80.252944
node/303010141,bus_stop,,,,False,13.035524,80.247442
node/303284240,bus_stop,General Hospital,,,False,13.081757,80.276756
node/303284248,bus_stop,Ripon Building,,,False,13.081261,80.271858
node/303510894,bus_stop,Nandanam YMCA,,,False,13.029835,80.237885
node/303512414,bus_stop,சைதாப்பேட்டை பாலம்,,,False,13.019564,80.224659
node/303536869,bus_stop,,,,False,13.029224,80.254162
node/303536872,bus_stop,,,,False,13.029389,80.25982
node/303569588,bus_stop,,,,False,13.029045,80.249268
node/303695784,bus_stop,Commissioner Office,,,False,13.073767,80.261816
node/303695785,bus_stop,Egmore Court,,,False,13.072688,80.262541
node/303695815,bus_stop,,,,False,13.078387,80.263655
node/304908971,bus_stop,,,,False,13.035344,80.250523
node/304920824,bus_stop,Aalandur Metro,,,False,13.003665,80.200704
node/304920825,bus_stop,,,,False,13.0025,80.200786
node/304921944,bus_stop,Egmore Station,,,False,13.077922,80.262386
node/305478863,bus_stop,Sadasiva Nagar,,,False,12.96567,80.203727
node/306551393,bus_stop,சைதாப்பேட்டை பாலம்,,,False,13.01926,80.224226
node/306551395,bus_stop,Vanavil,,,False,13.040553,80.247014
node/306551396,bus_stop,SIET,,,False,13.0373,80.246399
node/308301022,bus_stop,DMS,,,False,13.046791,80.248298
node/308811912,bus_stop,Vanuvampet,,,False,12.981693,80.195617
node/308917111,bus_stop,Pazhavanthangal Station,,,False,12.988008,80.185608
node/309062093,bus_stop,Simson,,MTC,False,13.070288,80.273803
node/309062094,bus_stop,P.Orr & Sons,,,False,13.070645,80.2737
node/309185794,bus_stop,Dams Road,,,False,13.067109,80.268571
node/309185812,bus_stop,LIC,,,False,13.06279,80.263699
node/309185820,bus_stop,TVS,,,False,13.059229,80.259705
node/309185827,bus_stop,TVS,,,False,13.059312,80.259461
node/309323593,bus_stop,,,,False,13.062727,80.244681
node/309323867,bus_stop,ஜெமினி,,,False,13.055035,80.249307
node/310100943,bus_stop,IIT/CLRI,,,False,13.006865,80.240725
node/310591980,bus_stop,மூவரசம்பேட்டை,,,False,12.96999,80.186341
node/310592291,bus_stop,Axis bank,,,False,12.966134,80.188566
node/310592748,bus_stop,Ponniamman Koil,,,False,12.964764,80.19644
node/310593525,bus_stop,Balaiah Garden,,,False,12.965481,80.200304
node/310593794,bus_stop,Kaiveli,,,False,12.963642,80.215305
node/310729808,bus_stop,Yellow Pages,,,False,13.044513,80.268548
node/312031432,bus_stop,Gandhinagar,,,False,13.006844,80.24938
node/312686129,bus_stop,Ajanta,,,False,13.047315,80.266331
node/313135889,bus_stop,,,,False,13.056505,80.254939
node/313159416,bus_stop,Guru Nanak College,,MTC,False,12.990968,80.219987
node/313442701,bus_stop,Vetrivel Theatre,,,False,12.979639,80.182978
node/313783576,bus_stop,Vannanthurai,,,False,12.996318,80.262457
node/315888034,bus_stop,Royapettah High Road Police Station,,,False,13.052317,80.263756
node/316066248,bus_stop,Secretariat,,,False,13.080374,80.288367
node/316244808,bus_stop,,,,False,13.052009,80.257683
node/316244809,bus_stop,Shanti Theatre,,,False,13.067256,80.270566
node/316244810,bus_stop,Thousand Lights,,,False,13.056522,80.256436
node/317827746,bus_stop,Jayanti,,,False,12.988507,80.255881
node/317827781,bus_stop,Jayanti,,,False,12.988399,80.255959
node/318066696,bus_stop,Marudeeswarar Temple,,,False,12.985301,80.259637
node/318069500,bus_stop,Thiruvanmiyur ECR Moffusil Bus stop,,,False,12.985808,80.259725
node/319473140,bus_stop,,,,False,13.067773,80.255043
node/325191477,bus_stop,Madhya Kailash,,MTC,False,13.006189,80.247537
node/325191941,bus_stop,IIT/CLRI,,,False,13.006515,80.2416
node/330654132,bus_stop,,,IIT-M,False,12.986562,80.238517
node/330780587,bus_stop,,,,False,12.988515,80.229819
node/330780590,bus_stop,Taramani Guest House,,,False,12.986715,80.233215
node/330780591,bus_stop,,,,False,12.98656,80.235387
node/334222809,bus_stop,,,,False,13.043982,80.268377
node/334222896,bus_stop,New Woodlands Hotel,,,False,13.044813,80.2633
node/334267136,bus_stop,Spencers,,,False,12.996013,80.2678
node/334713155,bus_stop,Banyan Tree,,,False,13.011015,80.259271
node/334713159,bus_stop,Malar Hospital,,,False,13.007848,80.258729
node/343721497,bus_stop,ஆழ்வார் பேட்டை,,,False,13.038619,80.25884
node/344411089,bus_stop,Sterling Road,,,False,13.063501,80.243453
node/353719171,bus_stop,,,,False,12.995154,80.187376
node/355515114,bus_stop,Chola Sheraton,,,False,13.046209,80.256558
node/355550113,bus_stop,Egmore Station,,,False,13.077512,80.261881
node/356274121,bus_stop,Ice House stop,,,False,13.049045,80.280484
node/356277093,bus_stop,LIC,,,False,13.066518,80.268722
node/357233537,bus_stop,Kannagi Statue,,,False,13.05639,80.281739
node/357233543,bus_stop,Kannagi Statue,,,False,13.056797,80.282009
node/360807238,bus_stop,,,,False,13.059465,80.247671
node/360807295,bus_stop,Taj Hotel,,,False,13.059469,80.248064
node/362227770,bus_stop,MRC Nagar,,,False,13.020774,80.269909
node/365279752,bus_stop,DMS,,,False,13.047013,80.248706
node/365957307,bus_stop,Nandambakkam,,,False,13.016657,80.189233
node/365983874,bus_stop,Saidapet Court,,,False,13.013981,80.226527
node/366855005,bus_stop,DPI,,,False,13.067251,80.253857
node/370969649,bus_stop,காட்டுப்பாக்கம்,,,False,13.040857,80.128079
node/370969652,bus_stop,,,,False,13.040727,80.12798
node/370969655,bus_stop,அய்யப்பன்தாங்கல்,,,False,13.038163,80.135238
node/370969661,bus_stop,,,,False,13.036855,80.142299
node/370969664,bus_stop,போரூர்,,,False,13.035475,80.154233
node/370969668,bus_stop,,,,False,13.036578,80.142641
node/370969671,bus_stop,Porur Flyover,,,False,13.034984,80.155186
node/370969686,bus_stop,,,,False,13.032279,80.163733
node/370969689,bus_stop,,,,False,13.03206,80.163599
node/370969697,bus_stop,Mugalivakkam,,,False,13.029474,80.168324
node/370969700,bus_stop,Moon lite,,,False,13.024939,80.176834
node/370969702,bus_stop,Moon lite,,,False,13.024692,80.176812
node/371720100,bus_stop,Thalankuppam,,,False,13.224932,80.327908
node/373156194,bus_stop,,,,False,12.90575,80.167837
node/373156197,bus_stop,Jayanagar Bus Stop,,,False,12.890153,80.184446
node/373156202,bus_stop,,,,False,12.907515,80.198677
node/373169717,bus_stop,,,,False,13.158755,80.298403
node/373169886,bus_stop,,,,False,13.159283,80.302167
node/378688565,bus_stop,Woodlands,,,False,13.051341,80.251634
node/378688568,bus_stop,Woodlands,,,False,13.051475,80.251885
node/384486247,bus_stop,Purasawalkam,,,False,13.079959,80.254787
node/386002530,bus_stop,,,,False,13.03037,80.238274
node/386002531,bus_stop,,,,False,13.029554,80.243774
node/389516314,bus_stop,SIET,,,False,13.036874,80.246682
node/389964617,bus_stop,KK Nagar West MTC Terminus,,,False,13.044188,80.193677
node/391823865,bus_stop,Kathipara,,,False,13.007357,80.201803
node/391823888,bus_stop,Butt Road,,,False,13.007339,80.196962
node/393765035,bus_stop,,,,False,13.085263,80.285492
node/393765044,bus_stop,Law College,,,False,13.087597,80.285252
node/393765046,bus_stop,உயர் நீதிமன்றம்,,,False,13.088519,80.288179
node/400900464,bus_stop,,,,False,13.047024,80.211933
node/400900776,bus_stop,,,,False,13.048953,80.207122
node/401769773,bus_stop,NGO Colony,,,False,12.994706,80.206537
node/401880679,bus_stop,Chinmaya Nagar,,,False,13.062793,80.19718
node/401880700,bus_stop,,,,False,13.063119,80.197214
node/401880712,bus_stop,Koyambedu Market,,,False,13.069269,80.200624
node/401880999,bus_stop,CMBT,,MTC,False,13.068119,80.204931
node/402290952,bus_stop,,,,False,13.069491,80.124305
node/402292542,bus_stop,Puzhithivakkam,,,False,12.973831,80.203355
node/402292545,bus_stop,,,,False,13.057489,80.204154
node/405508932,bus_stop,Stella Maris,,,False,13.048024,80.254087
node/407981751,bus_stop,Luz Corner,,,False,13.036886,80.267036
node/407983130,bus_stop,,,,False,13.037429,80.264641
node/410293823,bus_stop,,,,False,13.047093,80.232909
node/410293824,bus_stop,,,,False,13.047736,80.23304
node/410613113,bus_stop,Mandaveli,,,False,13.026451,80.264178
node/410613378,bus_stop,,,,False,13.025138,80.265173
node/410614381,bus_stop,RK Mutt Road Mylapore Tank,,,False,13.033843,80.267851
node/410614397,bus_stop,Mylapore Tank,,,False,13.033718,80.267925
node/410615353,bus_stop,Luz Corner,,,False,13.036997,80.266584
node/411316688,bus_stop,Virugambakkam,,,False,13.049001,80.19238
node/412728360,bus_stop,Vivekananda College,,,False,13.039795,80.263551
node/413858335,bus_stop,,,,False,13.035202,80.270443
node/414712723,bus_stop,Royapettah Hospital,,,False,13.054686,80.264198
node/414712727,bus_stop,Royapettah Hospital,,,False,13.054653,80.26443
node/414713529,bus_stop,,,,False,13.064349,80.282176
node/414713705,bus_stop,,,,False,13.065653,80.28373
node/414713706,bus_stop,,,,False,13.064508,80.282039
node/414714010,bus_stop,,,,False,13.064524,80.283747
node/415913900,bus_stop,,,,False,13.070016,80.242024
node/415913904,bus_stop,Chetpet,,,False,13.070484,80.242119
node/416412294,bus_stop,Luz Corner,,,False,13.037528,80.267762
node/416412351,bus_stop,,,,False,13.037845,80.267596
node/417750649,bus_stop,,,,False,13.000798,80.26729
node/417750654,bus_stop,Besant Nagar,,,False,12.996087,80.267668
node/418116038,bus_stop,Mandaveli Post Office,,,False,13.029321,80.266145
node/418116039,bus_stop,Devanathan Street,,,False,13.028828,80.263849
node/418116040,bus_stop,Mandaveli,,,False,13.027196,80.266243
node/418116041,bus_stop,,,,False,13.024863,80.265134
node/418116043,bus_stop,Narada Gana Sabha,,,False,13.041481,80.258689
node/418116044,bus_stop,Narada Gana Sabha,,,False,13.04171,80.259068
node/418116045,bus_stop,ஆழ்வார் பேட்டை,,,False,13.037484,80.256163
node/442131985,bus_stop,Tambaram Railway Station,,,False,12.925416,80.116935
node/442506948,bus_stop,Ram Nagar,,,False,12.965246,80.206987
node/459632401,bus_stop,,,,False,13.054502,80.203974
node/459633603,bus_stop,,,,False,13.054438,80.204234
node/459633606,bus_stop,,,,False,13.054622,80.201316
node/560212201,bus_stop,Nehru nagar,,,False,12.942637,80.140312
node/571352244,bus_stop,Aalaiamman Koil,,,False,13.039449,80.245514
node/577376043,bus_stop,Madya Kailash,,,False,13.006554,80.24631
node/595702075,bus_stop,Natesa Nagar,,,False,13.057343,80.194058
node/595702076,bus_stop,Natesa Nagar,,,False,13.057646,80.194552
node/595704144,bus_stop,Sai Nagar,,,False,13.059883,80.195335
node/595706156,bus_stop,Vadapalani Koil bus stop,,,False,13.049876,80.214857
node/595714972,bus_stop,Elango Nagar,,,False,13.052585,80.192119
node/595735860,bus_stop,Avichi bus stop,,,False,13.047393,80.197845
node/597593840,bus_stop,Kesavardhini bus stop,,,False,13.041927,80.17819
node/604693344,bus_stop,,,,False,13.051569,80.277361
node/614009832,bus_stop,Kamarajapuram,,Government of Tamil Nadu,False,12.923301,80.155012
node/618609725,bus_stop,Sayani,,,False,13.097782,80.239926
node/675752169,bus_stop,,,,False,13.108942,80.242345
node/691189595,bus_stop,Larsen & Toubro,,,False,13.024258,80.178656
node/694064191,bus_stop,Medavakkam Junction,,,False,12.920592,80.184473
node/729821770,bus_stop,Thirumalai Pillai Road,,,False,13.046382,80.239482
node/934859082,bus_stop,Alwarthirunagar,,,False,13.044236,80.185165
node/941583422,bus_stop,Ampa Skywalk,,,False,13.074315,80.220522
node/959609084,bus_stop,,,,False,13.053189,80.247918
node/964604284,bus_stop,டோல் கேட்,,,False,12.902264,80.21618
node/964604586,bus_stop,Sunnambu Kolathur Puliyamara Stop,,,False,12.948504,80.198933
node/966544114,bus_stop,Ripon Building,,,False,13.081205,80.273015
node/966556116,bus_stop,Chintadripet,,,False,13.075041,80.271436
node/978213017,bus_stop,Mathur Gate,,,False,13.16683,80.245964
node/978588586,bus_stop,Narayanapuram,,,False,12.940414,80.205661
node/996517630,bus_stop,Virugambakkam,,,False,13.04639,80.190213
node/1001424410,bus_stop,DPI,,,False,13.067506,80.253475
node/1001424417,bus_stop,Ethiraj College,,,False,13.06449,80.258958
node/1001424418,bus_stop,Ethiraj College,,,False,13.06437,80.258871
node/1007625832,bus_stop,Vadapalani Junction,,,False,13.048879,80.211988
node/1007625852,bus_stop,Guindy,,,False,13.007729,80.209863
node/1015556637,bus_stop,Rampuram MIOT Hospital,,,False,13.021049,80.183923
node/1015562222,bus_stop,MIOT Hospital,,,False,13.020813,80.183808
node/1015569839,bus_stop,SRM College Bus Stop,,,False,13.031721,80.179908
node/1015570222,bus_stop,Arasamaram Bus Stop,,,False,13.031429,80.183964
node/1015570839,bus_stop,Rayala Nagar Bus Stop,,,False,13.028983,80.183695
node/1015572322,bus_stop,St. Johns School Bus stop,,,False,13.031247,80.181755
node/1015575361,bus_stop,Ayyapan Koil,,,False,13.039362,80.196956
node/1015575816,bus_stop,Amman Koil,,,False,13.041484,80.196734
node/1015576952,bus_stop,PSBB,,,False,13.038867,80.199221
node/1015577154,bus_stop,PSBB School,,,False,13.041139,80.199263
node/1015578911,bus_stop,Pondicherry Guest house,,,False,13.041714,80.193223
node/1015580858,bus_stop,Nesapakkam,,,False,13.03816,80.192686
node/1015581126,bus_stop,Ajantha,,,False,13.037334,80.19642
node/1015583032,bus_stop,MGR Nagar,,,False,13.036427,80.201733
node/1015583945,bus_stop,Pilliayar Koil,,,False,13.040752,80.205014
node/1015584175,bus_stop,Sivan Park,,,False,13.04116,80.205389
node/1024558013,bus_stop,Ashok Pillar (Towards K.K Nagar & Porur),,,False,13.031654,80.212205
node/1024560151,bus_stop,Ashok Pillar,,,False,13.032555,80.211991
node/1024562407,bus_stop,Ashok Pillar,,,False,13.035062,80.211905
node/1024570438,bus_stop,ESIC,,,False,13.035198,80.208257
node/1024673452,bus_stop,Madanandhapuram,,,False,13.022938,80.146735
node/1024674757,bus_stop,Moulivakkam (Bai kadai),,,False,13.019843,80.143343
node/1067520553,bus_stop,R.A. Puram,,,False,13.027289,80.254263
node/1069492323,bus_stop,Chataram Bus Stop,,,False,13.086731,80.275784
node/1109183357,bus_stop,,,,False,13.121013,80.19987
node/1183430572,bus_stop,Women's polytechnic,,MTC,False,12.996648,80.249095
node/1183430650,bus_stop,Women's polytechnic,,,False,12.998182,80.248923
node/1183430763,bus_stop,Tidel park,,MTC,False,12.989385,80.250869
node/1183430887,bus_stop,Tidel Park,,MTC,False,12.991133,80.250668
node/1183431007,bus_stop,VHS Hospital,,,False,13.003479,80.247445
node/1185703062,bus_stop,Avadi Market,,,False,13.116052,80.106263
node/1200694624,bus_stop,Navalur,,,False,12.844584,80.226462
node/1311558790,bus_stop,Woodlands Theatre,,,False,13.057195,80.264729
node/1311558791,bus_stop,Woodlands Theatre / Wesley school,,,False,13.057111,80.264987
node/1311558792,bus_stop,L.I.C,,,False,13.064226,80.2658
node/1311558793,bus_stop,Music Academy,,,False,13.047547,80.261006
node/1311558794,bus_stop,Gowdia Mutt Road,,,False,13.050891,80.262518
node/1311558795,bus_stop,Royapettah High Road Police Station,,,False,13.052159,80.263957
node/1330414243,bus_stop,Oil Mill,,Government of Tamil Nadu,False,12.928437,80.202201
node/1334303173,bus_stop,Narayanasamy Thottam,,,False,13.020207,80.26266
node/1453592060,bus_stop,Arsasi Mandi,,,False,12.963919,80.256481
node/1453592062,bus_stop,Kandanchavadi,,,False,12.966574,80.247806
node/1457114931,bus_stop,Kandanchavadi,,,False,12.966921,80.248276
node/1457114934,bus_stop,Kottivakkam,,,False,12.969085,80.25777
node/1457114942,bus_stop,Kottivakkam,,,False,12.969405,80.257615
node/1457114953,bus_stop,SRP Tools,,,False,12.979143,80.252589
node/1457114954,bus_stop,SRP Tools,,,False,12.979494,80.252835
node/1467456714,bus_stop,Thabal Petti,,,False,13.141584,80.237178
node/1666841444,bus_stop,Oil Mill,,,False,12.929053,80.20255
node/1676204804,bus_stop,National Institute of Fashion Technology (N.I.F.T),,,False,12.984737,80.252357
node/1676204841,bus_stop,Spastic Society,,,False,12.986149,80.250387
node/1676204843,bus_stop,Tech Park,,,False,12.986178,80.244571
node/1676204850,bus_stop,Spastic Society,,,False,12.986345,80.250284
node/1676204856,bus_stop,Tech Park,,,False,12.986361,80.244471
node/1676252666,bus_stop,,,,False,13.046692,80.233005
node/1685049528,bus_stop,C.I.T. Colony,,,False,13.044022,80.259771
node/1685049537,bus_stop,C.I.T. Colony,,,False,13.044313,80.259631
node/1693491914,bus_stop,Santhoshpuram,,,False,12.920002,80.170946
node/1693497698,bus_stop,Santhoshpuram,,Government of Tamil Nadu,False,12.919729,80.171129
node/1703352021,bus_stop,Trisulam Airport,,,False,12.975509,80.157792
node/1703352022,bus_stop,Trisulam Airport,,,False,12.980213,80.163266
node/1711224934,bus_stop,கோவிலாம்பாக்கம்,,,False,12.939243,80.182589
node/1764308008,bus_stop,Velachery Railway Station,,,False,12.971272,80.218942
node/1863536092,bus_stop,,,,False,13.050512,80.214339
node/1883603286,bus_stop,Sunnambu Kolathur,,,False,12.946354,80.197391
node/1899719037,bus_stop,S.Kolathur Vinayagapuram Stop,,,False,12.948444,80.194477
node/1899719039,bus_stop,,,,False,12.948669,80.194482
node/1899719797,bus_stop,Sunnambu Kolathur Puliyamara Stop,,,False,12.948588,80.198932
node/1899719800,bus_stop,Sunnambu Kolathur Puliyamara Stop,,,False,12.948505,80.198983
node/1899720980,bus_stop,Narayana puram,,,False,12.948543,80.203441
node/1899720981,bus_stop,Narayana puram,,,False,12.948794,80.203355
node/1920364154,bus_stop,Roja Medicals,,,False,12.980675,80.188072
node/1949567462,bus_stop,Kaiveli,,,False,12.963906,80.21597
node/1949567464,bus_stop,Kaiveli,,Government of Tamil Nadu,False,12.963378,80.216086
node/1952553763,bus_stop,Postal Colony,,,False,13.03631,80.220621
node/1952555473,bus_stop,Postal Colony,,,False,13.037015,80.220895
node/1955951295,bus_stop,Ram Colony,,,False,13.03438,80.216154
node/1955951298,bus_stop,Pudhur High School Bus Stop,,,False,13.041851,80.216117
node/1955951301,bus_stop,Pudhur High School Bus Stop,,,False,13.041699,80.216047
node/1955951303,bus_stop,Ram Colony,,,False,13.03433,80.216211
node/2039504294,bus_stop,Eachankadu junction,,,False,12.949116,80.18396
node/2039504299,bus_stop,Eachangadu Junction,,,False,12.949453,80.183824
node/2072482089,bus_stop,Lakshmi Nagar,,,False,13.038386,80.165123
node/2077234674,bus_stop,Pallikaranai,,Government of Tamil Nadu,False,12.933813,80.204047
node/2142333096,bus_stop,,,,False,13.014805,80.174487
node/2145422466,bus_stop,Pazhavanthangal,,,False,12.98785,80.185285
node/2145429148,bus_stop,,,,False,12.98285,80.188496
node/2151931377,bus_stop,Nanganallur Market,,,False,12.985834,80.188495
node/2157590801,bus_stop,Five Furlong Road,,MTC,False,12.997438,80.216264
node/2158620128,bus_stop,Velachery Check Post,,MTC,False,12.997405,80.216542
node/2158620129,bus_stop,Velachery Check Post,,MTC,False,12.997413,80.21645
node/2239237792,bus_stop,West Saidapet,,,False,13.024459,80.21982
node/2241055785,bus_stop,Guindy,,,False,13.009257,80.211347
node/2241072260,bus_stop,,,,False,13.020821,80.225256
node/2241832803,bus_stop,Chintadripet,,,False,13.074952,80.271371
node/2245351858,bus_stop,,,,False,12.990274,80.227634
node/2271085296,bus_stop,,,,False,13.048803,80.207174
node/2376817233,bus_stop,KumaranKundram,,Metropolitan Transport Corporation,False,12.941899,80.142916
node/2394698615,bus_stop,K4 Police Station,,,False,13.092331,80.218921
node/2481989471,bus_stop,L.I.C,,,False,13.064274,80.265859
node/2481989472,bus_stop,L.I.C,,,False,13.064326,80.265917
node/2481989473,bus_stop,L.I.C,,,False,13.064375,80.265978
node/2482014614,bus_stop,TVS,,,False,13.059281,80.259774
node/2482014616,bus_stop,TVS,,,False,13.059334,80.259838
node/2482014617,bus_stop,TVS,,,False,13.059373,80.259536
node/2482014618,bus_stop,TVS,,,False,13.06077,80.26254
node/2482014620,bus_stop,TVS,,,False,13.059432,80.259615
node/2482014623,bus_stop,TVS,,,False,13.059489,80.259687
node/2482072866,bus_stop,General Hospital,,,False,13.081791,80.277035
node/2482072867,bus_stop,General Hospital,,,False,13.08182,80.277283
node/2482072870,bus_stop,General Hospital,,,False,13.081854,80.277505
node/2482072873,bus_stop,General Hospital (Central),,MTC,False,13.081873,80.27774
node/2482072875,bus_stop,LIC,,,False,13.062865,80.263785
node/2482072877,bus_stop,LIC,,,False,13.062949,80.263882
node/2482072878,bus_stop,L.I.C,,,False,13.064682,80.266393
node/2482072879,bus_stop,LIC,,,False,13.064772,80.266112
node/2482072880,bus_stop,Secretariat,,,False,13.081022,80.288333
node/2482072921,bus_stop,Pallavan Salai,,MTC,False,13.076366,80.276459
node/2482072922,bus_stop,Pallavan Salai,,,False,13.076808,80.276179
node/2482072933,bus_stop,உயர் நீதிமன்றம்,,,False,13.084907,80.283382
node/2482075364,bus_stop,Commissioner Office,,,False,13.074166,80.262063
node/2482075367,bus_stop,,,,False,13.06891,80.267339
node/2482075369,bus_stop,Egmore Court,,,False,13.071661,80.264651
node/2482301305,bus_stop,,,,False,13.050375,80.240363
node/2482301372,bus_stop,,,,False,13.057003,80.234939
node/2485153591,bus_stop,Valluvar Statue,,,False,13.041787,80.268318
node/2485153597,bus_stop,,,,False,13.041983,80.268115
node/2485980398,bus_stop,,,,False,13.065246,80.273796
node/2486085722,bus_stop,கஸ்தூரிபாய் மருத்துவமனை,,,False,13.058136,80.278118
node/2486085724,bus_stop,,,,False,13.060205,80.277664
node/2486106727,bus_stop,,,,False,13.030027,80.250568
node/2486226649,bus_stop,Chennai Central Railway Station,,,False,13.08259,80.276308
node/2486226651,bus_stop,Loane Square,,,False,13.091464,80.285738
node/2486226652,bus_stop,,,,False,13.091953,80.275181
node/2486226653,bus_stop,Beach Station,,,False,13.094348,80.292372
node/2486226655,bus_stop,Mannadi,,,False,13.09614,80.286395
node/2486226656,bus_stop,Clive Battery,,,False,13.099044,80.293763
node/2486226657,bus_stop,,,,False,13.099688,80.28667
node/2486226658,bus_stop,,,,False,13.101091,80.274936
node/2486226659,bus_stop,,,,False,13.103491,80.286777
node/2489157878,bus_stop,,,,False,13.072135,80.273971
node/2495414567,bus_stop,பேசின் பிரிட்ஜ்,,,False,13.102301,80.270674
node/2515095267,bus_stop,,,,False,12.964874,80.196993
node/2583555195,bus_stop,Rajakadai,,,False,13.151156,80.29972
node/2587520213,bus_stop,Adyar Depot,,,False,12.998897,80.255938
node/2587520244,bus_stop,Sathya Studio,,,False,13.016262,80.259525
node/2587520245,bus_stop,Sathya Studio,,,False,13.016343,80.259582
node/2587520246,bus_stop,Sathya Studio,,,False,13.016421,80.259639
node/2587520247,bus_stop,Sathya Studio,,,False,13.016509,80.259698
node/2587530808,bus_stop,Adyar Depot,,,False,12.998469,80.256155
node/2587530809,bus_stop,BSNL Office,,,False,13.000274,80.256408
node/2739927426,bus_stop,CSI Church Bus Stop,,MTC,False,13.108425,80.180271
node/2739929645,bus_stop,Korattur 41D Bus Stand,,MTC,False,13.108223,80.183405
node/2739938120,bus_stop,Korattur Aerikarai Bus Stop,,MTC,False,13.110343,80.180364
node/3016127769,bus_stop,Camp Road,,Government of Tamil Nadu,False,12.922354,80.141647
node/3016129434,bus_stop,Camp Road,,,False,12.92261,80.143673
node/3016138304,bus_stop,சேலையூர்,,,False,12.922346,80.138393
node/3016138305,bus_stop,சேலையூர்,,,False,12.922488,80.138603
node/3016141192,bus_stop,Convent Bus Stop,,,False,12.922785,80.133058
node/3016141193,bus_stop,Selayur,,,False,12.922885,80.131175
node/3016141194,bus_stop,Christ King Covent,,Government of Tamil Nadu,False,12.922672,80.131227
node/3016144952,bus_stop,East Tambaram,,Government of Tamil Nadu,False,12.923213,80.120574
node/3016144953,bus_stop,East Tambaram,,,False,12.923425,80.120646
node/3215416374,bus_stop,Adayar Signal,,,False,13.007657,80.25857
node/3215417205,bus_stop,Andhra Mahila Sabha,,,False,13.016013,80.259441
node/3215420255,bus_stop,Rani Meyammai School,,,False,13.020269,80.26273
node/3215426872,bus_stop,Mandaveli,,,False,13.026466,80.264315
node/3215469782,bus_stop,Luz Corner,,,False,13.03702,80.266455
node/3215471512,bus_stop,St Mary’s Road,,,False,13.029318,80.265997
node/3215471942,bus_stop,AVM Rajeshwari,,,False,13.044526,80.265316
node/3215474364,bus_stop,Valluvar Statue,,,False,13.041666,80.268214
node/3215478754,bus_stop,Woodlands,,,False,13.04479,80.262809
node/3215488159,bus_stop,Stella Maris College,,,False,13.047608,80.254202
node/3215494190,bus_stop,Chola Hotel,,,False,13.046143,80.256756
node/3215497011,bus_stop,Semozhi Poonga,,,False,13.050416,80.252503
node/3215497034,bus_stop,Gemini,,,False,13.055307,80.249382
node/3215500283,bus_stop,Chetpet,,,False,13.069597,80.242156
node/3215503639,bus_stop,Sterling Road,,,False,13.062284,80.245
node/3215508149,bus_stop,Brick Kiln,,,False,13.08971,80.25099
node/3215509332,bus_stop,KMC,,,False,13.078764,80.244405
node/3215513362,bus_stop,Millers Road,,,False,13.084537,80.250268
node/3215513434,bus_stop,Mekala Theatre,,,False,13.087241,80.250755
node/3215523368,bus_stop,Saravana Theatre,,,False,13.094148,80.250959
node/3215523791,bus_stop,Otteri,,,False,13.097209,80.251382
node/3215524962,bus_stop,Mettupalayam,,,False,13.104952,80.253101
node/3215525045,bus_stop,Jamalia,,,False,13.106402,80.249355
node/3215525963,bus_stop,Mangalapuram,,,False,13.107165,80.245865
node/3215525982,bus_stop,Perambur Railway Station,,,False,13.108059,80.244562
node/3216954757,bus_stop,Perambur Railway Station Bus Stand,,,False,13.108164,80.244489
node/3216957362,bus_stop,Mangalapuram,,,False,13.107312,80.24674
node/3216958497,bus_stop,Jamalia,,,False,13.106217,80.250519
node/3216970886,bus_stop,Mettupalayam,,,False,13.105056,80.253177
node/3216970916,bus_stop,Binny Mills,,,False,13.102336,80.252645
node/3216985354,bus_stop,Otteri,,,False,13.097216,80.251451
node/3216985475,bus_stop,Chetpet,,,False,13.069462,80.24337
node/3216986182,bus_stop,Saravana Theatre,,,False,13.093623,80.250979
node/3216986939,bus_stop,R.K. Road,,,False,13.090635,80.251119
node/3216986940,bus_stop,Mekala Theatre,,,False,13.087209,80.25065
node/3216986967,bus_stop,Millers Road,,,False,13.08345,80.254603
node/3216990390,bus_stop,KMC,,,False,13.078741,80.252126
node/3216990971,bus_stop,College Road,,,False,13.067784,80.246522
node/3216991399,bus_stop,Haddows Road,,,False,13.066668,80.247892
node/3216991543,bus_stop,Income Tax Offrice,,,False,13.057322,80.248714
node/3216992157,bus_stop,Valluvar Statue,,,False,13.041331,80.268321
node/3216992158,bus_stop,VM Street,,,False,13.044299,80.269167
node/3216993078,bus_stop,Sterling,,,False,13.06063,80.247496
node/3216994236,bus_stop,Semozhi Poonga,,,False,13.0502,80.252613
node/3216995418,bus_stop,Gemini,,,False,13.054958,80.249652
node/3216995837,bus_stop,Stella Maris College,,,False,13.048023,80.253861
node/3216995856,bus_stop,Chola Hotel,,,False,13.045967,80.256717
node/3216997832,bus_stop,Kapaleeshwar Temple,,,False,13.034406,80.268122
node/3216998093,bus_stop,Woodlands,,,False,13.044702,80.264839
node/3216998713,bus_stop,Luz Corner,,,False,13.037627,80.267746
node/3216999998,bus_stop,Mandaveli Market,,,False,13.029914,80.266749
node/3217000237,bus_stop,Rani Meiyammai School,,,False,13.022266,80.263487
node/3217004886,bus_stop,Andhra Mahila Sabha,,,False,13.016214,80.259758
node/3217004899,bus_stop,Adyar Signal,,,False,13.007071,80.258641
node/3217004939,bus_stop,Adyar Depot,,,False,12.998741,80.256172
node/3217006341,bus_stop,Jayanthi Theatre,,,False,12.988964,80.256084
node/3247299914,bus_stop,Thiruvanmiyur,,MTC,False,12.986882,80.257999
node/3247310920,bus_stop,Thiruvanmiyur RTO,,,False,12.976686,80.259059
node/3247310921,bus_stop,Marundeeswarar Temple,,,False,12.98508,80.259496
node/3247388390,bus_stop,Kottivakkam,,,False,12.969476,80.257895
node/3247394198,bus_stop,Kotivakkam,,,False,12.96954,80.257589
node/3247406935,bus_stop,Chinna Neelankarai,,,False,12.95405,80.255212
node/3247410861,bus_stop,Vettuvankeni,,,False,12.950477,80.255049
node/3247419936,bus_stop,Injambakkam,,,False,12.92734,80.251421
node/3247421162,bus_stop,Saibaba,,,False,12.938455,80.252815
node/3247421163,bus_stop,Vettuvankeni,,,False,12.949659,80.254723
node/3247422104,bus_stop,Injambakkam,,,False,12.927345,80.251451
node/3258044158,bus_stop,Water Tank,,,False,12.914013,80.250394
node/3258044670,bus_stop,VGP,,,False,12.920538,80.251336
node/3258047142,bus_stop,,,,False,12.897592,80.247484
node/3258047153,bus_stop,Nainar Depot,,,False,12.877493,80.24381
node/3258049393,bus_stop,Uthandi,,,False,12.868903,80.243591
node/3258057378,bus_stop,Ragas,,,False,12.859798,80.241912
node/3258057379,bus_stop,Kanathur,,,False,12.850503,80.241193
node/3258057380,bus_stop,Meera Nagar,,,False,12.841696,80.240624
node/3258058365,bus_stop,Muthukaadu,,,False,12.831262,80.240438
node/3261257465,bus_stop,Meera Nagar,,,False,12.841665,80.24056
node/3261260258,bus_stop,Ragas,,,False,12.859842,80.241834
node/3261261651,bus_stop,Nainar Depot,,,False,12.87788,80.243816
node/3261262160,bus_stop,Uthandi,,,False,12.867901,80.243363
node/3261262339,bus_stop,VGP,,,False,12.920583,80.251487
node/3261264219,bus_stop,Water Tank,,,False,12.914886,80.250312
node/3262960162,bus_stop,Saibaba,,,False,12.938479,80.252606
node/3262970161,bus_stop,Chinna Neelankarai,,,False,12.9545,80.255084
node/3262996627,bus_stop,Gandhinagar,,,False,13.006638,80.254755
node/3262998692,bus_stop,Pallavakkam,,,False,12.96126,80.256208
node/3262998735,bus_stop,Madhya Kailash,,,False,13.006548,80.246537
node/3263003853,bus_stop,Gandhi Mandapam,,,False,13.007403,80.236707
node/3263010049,bus_stop,சைதாப்பேட்டை காவல் நிலையம்,,,False,13.022125,80.226277
node/3263015762,bus_stop,Halcyon Technologies,,,False,13.029448,80.230906
node/3263015885,bus_stop,சைதாப்பேட்டை,,,False,13.023249,80.227446
node/3263015892,bus_stop,Little Mount,,,False,13.014322,80.226269
node/3263017226,bus_stop,Anna University,,,False,13.008317,80.233444
node/3264712469,bus_stop,Guindy,,,False,13.007285,80.209766
node/3264719874,bus_stop,Kathipara,,,False,13.00738,80.201435
node/3264719879,bus_stop,Butt Road,,,False,13.007229,80.197041
node/3264721594,bus_stop,L&T Bus Stop,,,False,13.023718,80.178566
node/3264823358,bus_stop,Mugalivakkam,,,False,13.029078,80.168908
node/3264825519,bus_stop,Sakthi Nagar,,,False,13.03231,80.163203
node/3264825906,bus_stop,போரூர்,,,False,13.034537,80.156669
node/3264826261,bus_stop,Ramachandra Hospital,,,False,13.036502,80.143
node/3264827350,bus_stop,காட்டுப்பாக்கம்,,,False,13.041096,80.127076
node/3264828694,bus_stop,அய்யப்பன்தாங்கல்,,,False,13.037991,80.135136
node/3264829569,bus_stop,Kumanan Savadi,,,False,13.044893,80.116177
node/3264830297,bus_stop,Karayan Savadi,,,False,13.046464,80.111308
node/3264830986,bus_stop,Kallarai,,,False,13.04919,80.105423
node/3264861262,bus_stop,Kallarai,,,False,13.049282,80.105701
node/3264861573,bus_stop,Karayan Savadi,,,False,13.046689,80.111104
node/3264865893,bus_stop,Kumanan Savadi,,,False,13.045021,80.115976
node/3264869197,bus_stop,சக்தி நகர்,,,False,13.035791,80.154217
node/3264869925,bus_stop,Ramachandra Hospital,,,False,13.036954,80.141834
node/3264871280,bus_stop,Sakthi Nagar,,,False,13.031874,80.164351
node/3264873477,bus_stop,Mugalivakkam,,,False,13.029507,80.168626
node/3264878136,bus_stop,Moon lite,,,False,13.025028,80.176705
node/3264878737,bus_stop,Ramapuram,,,False,13.020967,80.183968
node/3264882061,bus_stop,L&T,,,False,13.023807,80.178902
node/3264882332,bus_stop,Nandambakkam,,,False,13.016826,80.189347
node/3264883462,bus_stop,Butt Road,,,False,13.00865,80.197567
node/3264883515,bus_stop,சின்ன மலை Little Mount Metro,,Metropolitan Transport Corporation Chennai,False,13.015577,80.225033
node/3298619178,bus_stop,Baby Nagar,,,False,12.980629,80.228754
node/3377597538,bus_stop,Avvaai Illam,,,False,13.007376,80.261585
node/3605047768,bus_stop,Independence Day Park,,,False,12.981632,80.185621
node/3724408109,bus_stop,Thambiah Road,,,False,13.041275,80.224764
node/3724408110,bus_stop,,,,False,13.042286,80.224621
node/3725571283,bus_stop,Holy Angels Convent,,,False,13.040336,80.241601
node/3729730986,bus_stop,Krishna Nagar,,,False,12.97274,80.138533
node/3729730987,bus_stop,Krishna Nagar,,,False,12.973026,80.138054
node/3732413818,bus_stop,,,,False,13.040418,80.239226
node/3732415367,bus_stop,T. Nagar Pondy Bazaar Big Bazaar,,,False,13.040774,80.237649
node/3742401976,bus_stop,Muthamizh Nagar,,,False,12.97178,80.141539
node/3742401984,bus_stop,Muthamizh Nagar,,,False,12.971605,80.1418
node/3872358350,bus_stop,Subbaraya nagar,,,False,12.957516,80.125325
node/3969967347,bus_stop,Pallavaram,,,False,12.968167,80.148534
node/3990598049,bus_stop,Virugambakkam,,,False,13.046577,80.191524
node/4129578889,bus_stop,SIPCOT,,,False,12.832078,80.229202
node/4153840390,bus_stop,Oxford School,,,False,13.029025,80.224262
node/4153840489,bus_stop,Srinivasa Theatre,,,False,13.031205,80.224218
node/4153840589,bus_stop,Srinivasa Theatre,,,False,13.031145,80.224071
node/4153840689,bus_stop,Oxford School,,,False,13.029017,80.22402
node/4221545249,bus_stop,,,,False,13.001675,80.196009
node/4221545250,bus_stop,,,,False,13.001732,80.196085
node/4221545251,bus_stop,,,,False,13.001783,80.196162
node/4221572806,bus_stop,Maduvankarai,,Metropolitan Transport Corporation (Chennai) Ltd.,False,13.003603,80.211981
node/4221779489,bus_stop,Olympia Tech Park,,Metropolitan Transport Corporation (Chennai) Ltd.,False,13.014091,80.204593
node/4308329989,bus_stop,West Saidapet,,METRO TRANSPORT CORPORATION,False,13.024176,80.213001
node/4311241791,bus_stop,kumananchavadi,,,False,13.045107,80.115673
node/4358666333,bus_stop,Bharathi Nagar,,MTC,False,12.981636,80.233475
node/4384940991,bus_stop,Vanavani,,IITM Transport Cell,False,12.998581,80.239152
node/4384940992,bus_stop,Vanavani,,IITM Transport Cell,False,12.999126,80.239405
node/4384979890,bus_stop,E1 bus stop,,iITM Transport Cell,False,12.996059,80.235919
node/4384980791,bus_stop,Gajendra Circle,,IITM Transport Cell,False,12.992073,80.233773
node/4384985391,bus_stop,Gajendra Circle,,IITM Transport Cell,False,12.992195,80.233669
node/4384995091,bus_stop,E1 bus stop,,IITM Transport Cell,False,12.996135,80.23622
node/4384995092,bus_stop,MOH bus stop,,,False,13.002684,80.240212
node/4384996591,bus_stop,Post office bus stop,,IITM Transport Cell,False,12.993954,80.234336
node/4385019891,bus_stop,MOH bus stop,,,False,13.002553,80.240068
node/4385019892,bus_stop,D Type bus stop,,,False,13.003812,80.241377
node/4385029489,bus_stop,Post office bus stop,,IITM Transport Cell,False,12.994156,80.234737
node/4385062589,bus_stop,Admin bus stop,,,False,12.991191,80.233011
node/4385062689,bus_stop,Admin bus stop,,,False,12.991032,80.231971
node/4402620433,bus_stop,சோழிங்கநல்லூர்,,,False,12.903284,80.227955
node/4402620444,bus_stop,Accenture,,,False,12.907569,80.228228
node/4407799377,bus_stop,Nagesh Theatre stop,,,False,13.040012,80.242543
node/4407799419,bus_stop,Globus,,,False,13.039986,80.242915
node/4411798690,bus_stop,மியாட் மருத்துவமனை,,,False,13.020458,80.1845
node/4411849791,bus_stop,Jaynthi Theatre,,MTC,False,13.014377,80.193512
node/4411855089,bus_stop,Main Road,,,False,13.021072,80.183345
node/4417314190,bus_stop,Doraiswamy Road,,,False,13.04072,80.230696
node/4421925892,bus_stop,College Road,,,False,13.067122,80.24794
node/4421948892,bus_stop,Loyola College,,,False,13.064553,80.234978
node/4421948893,bus_stop,College Road / WCC,,,False,13.067929,80.248627
node/4421967489,bus_stop,Loyola College,,,False,13.064739,80.234695
node/4666745989,bus_stop,கவுல் பஜார்,,,False,12.990514,80.14991
node/4732042730,bus_stop,SRS travels,,,False,13.072644,80.201997
node/4739613829,bus_stop,Marriage Hall Bus Stop,,Metropolitan Transport Corporation (Chennai) Ltd.,False,13.073566,80.200342
node/4758897023,bus_stop,Gnayuru Outring Road,,,False,13.23989,80.216266
node/4758897025,bus_stop,Sothupakkam,,,False,13.223847,80.194342
node/4758901321,bus_stop,Sothupakkam Hd Rd,,,False,13.194126,80.183347
node/4763208284,bus_stop,கஸ்தூரிபாய் மருத்துவமனை,,,False,13.058002,80.278202
node/4763208285,bus_stop,Bazullah road,,,False,13.047068,80.23531
node/4763212040,bus_stop,,,,False,13.048667,80.260024
node/4763212995,bus_stop,,,,False,13.032648,80.277501
node/4763213172,bus_stop,,,,False,13.033435,80.277251
node/4785434123,bus_stop,MGR STATUE,,,False,13.031501,80.19136
node/4788407922,bus_stop,Stanley Subway,,,False,13.108893,80.286793
node/4789389223,bus_stop,Stanley - Mint Subway,,,False,13.104527,80.286725
node/4864012223,bus_stop,Singaravelar Memorial,,,False,13.107882,80.291385
node/4910251723,bus_stop,Gandhi park bus stop,,,False,12.92668,80.127613
node/4948353021,bus_stop,HM Hospital or kaliappa bus stop,,,False,13.028985,80.254372
node/5090924222,bus_stop,Kamarajapuram,,,False,12.923495,80.154566
node/5093966251,bus_stop,Sholinganallur,,,False,12.898844,80.227985
node/5207918374,bus_stop,MGR Market,,,False,13.036328,80.201655
node/5225963092,bus_stop,SRP Tools Bus Stand,,,False,12.986135,80.251297
node/5227401703,bus_stop,Thirumangalam Metro,,Government,False,13.085378,80.201311
node/5227454884,bus_stop,Ekkattuthangal,,Metropolitan Transport Corporation (Chennai) Ltd.,False,13.019018,80.206403
node/5228340704,bus_stop,Kalaimagal Nagar,,,False,13.024367,80.206674
node/5228342635,bus_stop,Kalaimagal Nagar,,,False,13.024326,80.206994
node/5239594891,bus_stop,Thirumangalam EB Office Bus Stop,,Metropolitan Transport Corporation (Chennai) Ltd.,False,13.087065,80.198188
node/5258976322,bus_stop,Bus stop,,,False,12.885623,80.151399
node/5258977225,bus_stop,கஸ்பாபுரம்,,,False,12.889733,80.143085
node/5259036521,bus_stop,பதுவஞ்சேரி,,,False,12.888567,80.145289
node/5259058521,bus_stop,சடையப்பர் கோவில்,,,False,12.887024,80.148632
node/5259088435,bus_stop,அகரம்தென்,,,False,12.883632,80.154339
node/5259114725,bus_stop,Thiruvanchery Bus stop,,,False,12.894118,80.141175
node/5259129622,bus_stop,Sathya Murthy Nagar,,,False,12.902248,80.142023
node/5259141322,bus_stop,Ambedhkar Nagar,,,False,12.917799,80.145792
node/5304209965,bus_stop,SIPCOT/ Egatoor,,,False,12.833027,80.228884
node/5304399879,bus_stop,Tambaram Kulam Bus stop,,,False,12.925605,80.104313
node/5318529343,bus_stop,Vadapalani,,Metropolitan Transport Corporation (Chennai) Ltd.,False,13.04684,80.212143
node/5318530216,bus_stop,Vadapalani (Nerkundram Pathai),,Metropolitan Transport Corporation (Chennai) Ltd.,False,13.053955,80.211462
node/5318537692,bus_stop,MMDA,,Metropolitan Transport Corporation (Chennai) Ltd.,False,13.06301,80.21156
node/5320093328,bus_stop,CPWD Quarters Bus Stop,,Metropolitan Transport Corporation (Chennai) Ltd.,False,13.082197,80.19837
node/5332423915,bus_stop,Buhari Hotel Bus Stop,,,False,12.942029,80.253306
node/5332440110,bus_stop,Thiruvanmiyur RTO,,,False,12.976764,80.259203
node/5336301540,bus_stop,Aringar Anna Arch,,,False,13.076939,80.215267
node/5336303647,bus_stop,Anna Arch,,,False,13.075358,80.217603
node/5336309421,bus_stop,Kandhasamy College,,,False,13.085192,80.217869
node/5336309429,bus_stop,S. S. Super Market Bus Stop,,,False,13.090695,80.21807
node/5336311486,bus_stop,Anna Peripheral Hospital Stop,,,False,13.095712,80.218716
node/5336393773,bus_stop,Kalpana Hotel Stop,,,False,13.102778,80.208686
node/5338328029,bus_stop,SIDCO Nagar,,,False,13.103231,80.198992
node/5338328041,bus_stop,Nathamuni Theatre Stop,,,False,13.103667,80.202658
node/5338516190,bus_stop,South Redhills Road Market,,,False,13.108066,80.206155
node/5338598421,bus_stop,Kallukadai Stop,,,False,13.10221,80.210741
node/5338600702,bus_stop,ICF,,,False,13.100109,80.214549
node/5338602064,bus_stop,Anna Peripheral Hospital Stop,,,False,13.095623,80.218941
node/5338606117,bus_stop,14 Shops Stop,,,False,13.090092,80.218267
node/5338606922,bus_stop,Kandasamy College,,,False,13.085811,80.218134
node/5338612406,bus_stop,Anna Nagar Roundtana,,,False,13.084803,80.21596
node/5338614518,bus_stop,Ayyappan Kovil,,,False,13.084898,80.213258
node/5338616524,bus_stop,Ayyappan Kovil,,,False,13.084722,80.211882
node/5338617221,bus_stop,Blue Star,,,False,13.084996,80.210993
node/5338656232,bus_stop,Anna Nagar Tower Station,,,False,13.084834,80.209534
node/5338658745,bus_stop,Anna Nagar Tower Station,,,False,13.085097,80.209548
node/5355818030,bus_stop,Ekkattuthangal,,Metropolitan Transport Corporation (Chennai) Ltd.,False,13.018641,80.205923
node/5356742026,bus_stop,ஆயிரம் விளக்கு,,,False,13.054195,80.253785
node/5373987234,bus_stop,Thirumangalam EB Office,,,False,13.087358,80.197445
node/5394814347,bus_stop,Collector Nagar,,,False,13.087806,80.190345
node/5394822729,bus_stop,Collector Nagar,,,False,13.087563,80.189391
node/5400380243,bus_stop,Jai Nagar Park,,,False,13.069236,80.206563
node/5400380933,bus_stop,Vijayakanth Kalyana Mandapam,,,False,13.073976,80.200226
node/5400381038,bus_stop,CPWD Quarters Bus Stop,,Metropolitan Transport Corporation (Chennai) Ltd.,False,13.082075,80.198703
node/5400381616,bus_stop,Pondicherry Buses Only,,,False,13.031897,80.21134
node/5400381618,bus_stop,Sivan Kovil,,,False,13.047612,80.212345
node/5400382521,bus_stop,Thirunagar,,,False,13.058004,80.211699
node/5400382522,bus_stop,MMDA,,Metropolitan Transport Corporation (Chennai) Ltd.,False,13.06514,80.211294
node/5486341834,bus_stop,Jayanti,,,False,12.987459,80.255398
node/5486499215,bus_stop,Race Course (Guindy),,,False,13.00809,80.21336
node/5624538882,bus_stop,DRJ Hospital Bus stop,,,False,13.119438,80.198654
node/5628388498,bus_stop,Taramani Guest House,,,False,12.986679,80.233365
node/5631301095,bus_stop,Marudeeswarar Temple,,,False,12.985293,80.259745
node/5631301097,bus_stop,Sathya Studio,,,False,13.014823,80.259176
node/5631301098,bus_stop,,,,False,13.056523,80.254949
node/5631301100,bus_stop,Malar Hospital,,,False,13.006954,80.258391
node/5631301101,bus_stop,Malar Hospital,,,False,13.007918,80.258755
node/5631301102,bus_stop,,,,False,13.070009,80.242002
node/5631301103,bus_stop,Binny Mills,,,False,13.102989,80.252726
node/5631301107,bus_stop,Thiruvanmiyur Moffusil bus stop,,,False,12.98723,80.2594
node/5631301108,bus_stop,Ashoknagar Moffussil,,,False,13.031923,80.211174
node/5631301109,bus_stop,,,,False,13.050525,80.279673
node/5631301110,bus_stop,,,,False,13.014818,80.174438
node/5631301111,bus_stop,,,,False,13.014592,80.174405
node/5631301112,bus_stop,ஆழ்வார் பேட்டை,,,False,13.038602,80.258793
node/5631301113,bus_stop,ஆழ்வார் பேட்டை,,,False,13.038808,80.258861
node/5631301114,bus_stop,Bharathi Nagar,,MTC,False,12.981658,80.233499
node/5631301115,bus_stop,Yellow Pages,,,False,13.044472,80.268543
node/5631301116,bus_stop,Jayanti,,,False,12.988385,80.255997
node/5631301117,bus_stop,Jayanti,,,False,12.988525,80.25582
node/5631301118,bus_stop,Guru Nanak College,,MTC,False,12.990698,80.220296
node/5631301119,bus_stop,VHS Hospital,,,False,13.003422,80.247739
node/5631301421,bus_stop,Adyar,,,False,13.006442,80.254361
node/5631301422,bus_stop,IIT Gate Bus Stop,,,False,13.005825,80.242492
node/5631301423,bus_stop,Thiruvanmiyur ECR Moffusil Bus stop,,,False,12.9858,80.2598
node/5631301424,bus_stop,Five Furlong Road,,MTC,False,12.99747,80.216297
node/5631301425,bus_stop,Velachery Check Post,,Metropoliton Transport Corporation (Chennai) Ltd.,False,12.9974,80.216663
node/5631301426,bus_stop,Velachery Check Post,,Metropoliton Transport Corporation (Chennai) Ltd.,False,12.997486,80.216432
node/5631301427,bus_stop,Guindy,,Metropolitan Transport Corporation (Chennai) Ltd.,False,13.008031,80.209398
node/5631301429,bus_stop,கிண்டி,,,False,13.008918,80.211192
node/5632367706,bus_stop,,,,False,12.990773,80.230032
node/5632367707,bus_stop,Campus cafe,,,False,12.990912,80.230123
node/6031412486,bus_stop,"அரசு போக்குவரத்து கழகம் விழுப்புரம்,காஞ்சிபுரம் மண்டலம்,தாம்பரம் பேரூந்து நிலையம்",,,False,12.925759,80.116578
node/6057945756,bus_stop,Bus Stop,,,False,13.029002,80.253739
node/6117608083,bus_stop,VOC Nagar Bus Stop,,,False,13.09125,80.227619
node/6185888872,bus_stop,Abirami theatre bus stop,,,False,13.085819,80.246589
node/6253855210,bus_stop,YBM Koyambedu,,,False,13.075269,80.196838
node/6367914551,bus_stop,Chennai Trade Centre,,,False,13.015433,80.191232
node/6394588658,bus_stop,Vannanthurai,,,False,12.996124,80.262779
node/6518463385,bus_stop,திருமங்கலம்,,,False,13.090667,80.198456
node/6518468529,bus_stop,Bus Stop,,,False,13.091731,80.19844
node/7056229385,bus_stop,Quaid e Millath,,,False,13.063137,80.262215
node/7169395980,bus_stop,Military Quarters,,,False,13.010756,80.195726
node/7169419214,bus_stop,ST Thomas Hospital,,,False,13.010762,80.195942
node/7170102954,bus_stop,Panaiyur,,,False,12.886917,80.245757
node/7185777641,bus_stop,T I Miller Bus Stop,,,False,13.103751,80.156335
node/7185834751,bus_stop,T I Miller Bus Stop,,,False,13.103499,80.156633
node/7252487207,bus_stop,Mofussil Bus Stop,,,False,13.032959,80.212033
node/7255708042,bus_stop,Nungambakkam Police Station,,,False,13.057714,80.242763
node/7255754030,bus_stop,Bus stop,,,False,13.053316,80.247938
node/7412854052,bus_stop,IGP,,Metropolitan Transport Corporation (Chennai) Ltd.,False,12.972995,80.250241
node/7412932328,bus_stop,ஆழ்வார் பேட்டை,,MTC,False,13.035648,80.254895
node/7412932329,bus_stop,Kotturpuram,,MTC,False,13.023105,80.242783
node/7412932330,bus_stop,Kottur,,MTC,False,13.018577,80.241314
node/7412932331,bus_stop,Birla planetarium / CLRI,,MTC,False,13.010052,80.240569
node/7412932332,bus_stop,Ascendas IT park,,MTC,False,12.986217,80.246824
node/7416129840,bus_stop,Music Academy,,MTC,False,13.047102,80.260981
node/7577454519,bus_stop,Indira Nagar,,,False,12.912119,80.143271
node/7577454520,bus_stop,Indira Nagar,,,False,12.912176,80.143122
node/7794498887,bus_stop,Lucas TVS Bus stop,,MTC,False,13.100837,80.18963
node/7794498890,bus_stop,Lucas TVS Bus stop,,MTC,False,13.101301,80.189643
node/7796211336,bus_stop,Ambattur OT,,,False,13.121633,80.148099
node/7796477442,bus_stop,Canara Bank Bus Stop,,,False,13.110366,80.1523
node/7796477443,bus_stop,Canara Bank Bus Stop,,,False,13.11165,80.1511
node/7796477452,bus_stop,Telephone Exchange Bus Stop,,,False,13.101506,80.162571
node/7796477453,bus_stop,Telephone Exchange Bus Stop,,,False,13.101243,80.162765
node/7796477467,bus_stop,Ambattur Industrial Estate Bus Stop,,,False,13.099833,80.170358
node/7796477468,bus_stop,Ambattur Industrial Estate Bus Stop,,,False,13.099458,80.170266
node/7796505766,bus_stop,Wavin,,,False,13.088678,80.171558
node/7796505767,bus_stop,Wavin,,,False,13.088442,80.172007
node/7796591115,bus_stop,Anna Nagar West,,,False,13.094152,80.198716
node/7843242892,bus_stop,Ambattur OT,,,False,13.122807,80.148388
node/7843267872,bus_stop,Skywalk,,,False,13.072011,80.222014
node/7843267873,bus_stop,Skywalk,,,False,13.073815,80.220833
node/7843267874,bus_stop,Anna Arch,,,False,13.076054,80.218159
node/7869100700,bus_stop,Dunlop,,,False,13.106063,80.152436
node/7869100702,bus_stop,Golden Flats,,,False,13.088302,80.178412
node/7869100703,bus_stop,Mehtha Nagar,,,False,13.067854,80.226998
node/7869100704,bus_stop,Choolaimedu,,,False,13.066652,80.230974
node/7869148874,bus_stop,Choolaimedu,,,False,13.066629,80.23052
node/7869208199,bus_stop,Dunlop,,,False,13.104965,80.15263
node/7869208200,bus_stop,Mehtha Nagar,,,False,13.067837,80.226826
node/7871877992,bus_stop,Valluvar Kottam,,,False,13.05383,80.242301
node/7966811036,bus_stop,Sembakkam,,,False,12.923557,80.159323
node/7966811037,bus_stop,Sembakkam,,,False,12.923213,80.159955
node/8064696884,bus_stop,மூவரசம்பட்டு,,,False,12.969384,80.186132
node/8976358611,bus_stop,Brittania bus stop,,,False,13.098444,80.181918
node/9084570182,bus_stop,Amutham,,,False,13.039752,80.193112
node/9331471612,bus_stop,Anakaputhur Arunmathi Arch,,,False,12.97753,80.130627
node/9331499322,bus_stop,Pammal Retta Pillayar,,,False,12.974878,80.133292
node/9331504032,bus_stop,Anakaputhur High School,,,False,12.980702,80.129208
node/9331571508,bus_stop,Pammal,,,False,12.975163,80.13264
node/9331589294,bus_stop,Pammal CSI church,,,False,12.974474,80.135246
node/9331603402,bus_stop,Anakaputhur Ambedhkar Silai,,,False,12.979562,80.128967
node/9368655291,bus_stop,Kumaran Theater,,MTC,False,12.972656,80.191452
node/9370267242,bus_stop,Dhandeeswaram,,Metropoliton Transport Corporation (Chennai) Ltd.,False,12.98298,80.221965
node/9370267243,bus_stop,Gandhi Road,,Metropoliton Transport Corporation (Chennai) Ltd.,False,12.986453,80.222912
node/9370267244,bus_stop,Five Furlong Road,,Metropoliton Transport Corporation (Chennai) Ltd.,False,12.997687,80.215958
node/9370267245,bus_stop,Olympia Tech Park,,Metropolitan Transport Corporation (Chennai) Ltd.,False,13.014857,80.204585
node/9370309976,bus_stop,Mogaipair Junction,,Metropolitan Transport Corporation (Chennai) Ltd.,False,13.08906,80.169416
node/9370524480,bus_stop,Velachery Vijaynagar,,Metropolitan Transport Corporation (Chennai) Ltd.,False,12.976273,80.221563
node/9370524481,bus_stop,National Institute of Fashion Technology (N.I.F.T),,,False,12.983168,80.252481
node/9399815493,bus_stop,Taramani 100 Feet Road,,,False,12.981411,80.242707
node/9399815494,bus_stop,Taramani 100 Feet Road,,,False,12.981232,80.242719
node/9400398342,bus_stop,Mahalakshmi Nagar,,,False,12.922703,80.147364
node/9400398345,bus_stop,Gowrivakkam,,,False,12.92095,80.167976
node/9400398348,bus_stop,Vijayanagaram,,,False,12.918497,80.176762
node/9400398352,bus_stop,Medavakkam,,,False,12.917317,80.193678
node/9400398353,bus_stop,Jeyachandran,,,False,12.92113,80.19684
node/9400398372,bus_stop,High School,,,False,12.926046,80.19743
node/9400398374,bus_stop,Pallikkaranai,,,False,12.933631,80.203755
node/9400398378,bus_stop,Balaji Dental College,,,False,12.944287,80.208202
node/9400398379,bus_stop,Kamatchi Memorial Hospital,,,False,12.948759,80.209826
node/9400398381,bus_stop,Balaji Nagar,,,False,12.953427,80.211823
node/9400398391,bus_stop,Tambaram Railway Station,,,False,12.929329,80.120692
node/9400398392,bus_stop,Tambaram Railway Station,,,False,12.929359,80.120633
node/9401706170,bus_stop,Velachery Vijaya Nagar,,MTC,False,12.975166,80.220829
node/9402008106,bus_stop,Velachery Railway Station,,Government of Tamil Nadu,False,12.971209,80.219272
node/9402008109,bus_stop,Kamatchi Memorial Hospital,,Government of Tamil Nadu,False,12.94822,80.210177
node/9402008111,bus_stop,Balaji Dental College,,Government of Tamil Nadu,False,12.944131,80.208506
node/9402008115,bus_stop,High School,,Government of Tamil Nadu,False,12.926594,80.197764
node/9402032617,bus_stop,Jeyachandran stores,,Government of Tamil Nadu,False,12.922003,80.197334
node/9402032619,bus_stop,Medavakkam,,Government of Tamil Nadu,False,12.91862,80.187906
node/9402032621,bus_stop,Medavakkam Junction,,Government of Tamil Nadu,False,12.919832,80.182536
node/9402032624,bus_stop,Gowrivakkan,,Government of Tamil Nadu,False,12.92085,80.167702
node/9402032629,bus_stop,Aadhi Nagar,,Government of Tamil Nadu,False,12.92264,80.132959
node/9412787724,bus_stop,Ponniamman Koil,,,False,12.964885,80.196254
node/9412787725,bus_stop,Balaiah Garden,,,False,12.965438,80.201358
node/9412787727,bus_stop,Ram Nagar,,,False,12.965328,80.206993
node/9412787729,bus_stop,Sadasiva Nagar,,,False,12.965846,80.203116
node/9412862313,bus_stop,Ashok Pillar,,,False,13.034286,80.212228
node/9417619429,bus_stop,Kumaran Theater,,,False,12.97251,80.191535
node/9417619443,bus_stop,மூவரசம்பட்டு கூட்ரோடு,,,False,12.968242,80.18964
node/9504474776,bus_stop,Flower Bazaar,,,False,13.08768,80.281475
node/9514055804,bus_stop,,,,False,12.988624,80.197745
node/9514055810,bus_stop,Mahalakshmi Colony,,,False,12.997777,80.207325
node/9514055811,bus_stop,Mahalakshmi Apartments,,,False,12.99802,80.207271
node/9514055812,bus_stop,Aalandur Metro,,,False,13.004809,80.201548
node/9514055813,bus_stop,Cement Road,,,False,12.995715,80.189233
node/9514055814,bus_stop,Pillayar Koil,,,False,12.982792,80.19172
node/9514055815,bus_stop,Chellammal College,,,False,13.01213,80.22025
node/9514055816,bus_stop,Todhunter Nagar,,,False,13.02545,80.229749
node/9514067017,bus_stop,Nandanam,,,False,13.029441,80.236933
node/9514067018,bus_stop,Vani Mahal,,,False,13.046592,80.242791
node/9514067019,bus_stop,Vani Mahal,,,False,13.047,80.243904
node/9522345424,bus_stop,UTI Bank,,,False,12.96588,80.188958
node/9522345425,bus_stop,UTI Bank,,,False,12.964848,80.188233
node/9522345426,bus_stop,UTI Bank,,,False,12.965401,80.188297
node/9524625506,bus_stop,Jai Gopal Garodia School,,,False,12.985345,80.185783
node/9524652864,bus_stop,Independence Day Park,,,False,12.982318,80.185769
node/9524666195,bus_stop,Vetrivel Theatre,,,False,12.979833,80.182912
node/9529333083,bus_stop,Meenambakkam Metro,,,False,12.987322,80.17618
node/9536043083,bus_stop,Pillayar Koil,,,False,12.981393,80.238499
node/9536047321,bus_stop,Pillayar Koil,,,False,12.981171,80.238191
node/9554098006,bus_stop,Phoenix Mall,,,False,12.991058,80.219522
node/9554102404,bus_stop,Erikkarai,,,False,12.987139,80.218366
node/9554116143,bus_stop,Rajalakshmi Nagar,,,False,12.983924,80.218071
node/9554140669,bus_stop,Guindy Race Course,,,False,13.004686,80.22039
node/9554140671,bus_stop,Nanganallur Metro Station,,,False,12.999271,80.193438
node/9554147562,bus_stop,GN Chetty Road,,,False,13.048571,80.246082
node/9554156480,bus_stop,Halda,,,False,13.010455,80.222861
node/9554162872,bus_stop,Erikkarai,,,False,12.987334,80.218154
node/9676595400,bus_stop,Alamaram Bus Stop,,,False,12.957491,80.178322
node/9734354380,bus_stop,New Woodlands,,,False,13.044673,80.263025
node/9734368257,bus_stop,New Woodlands,,,False,13.04481,80.263194
node/9734386075,bus_stop,AVM Rajeshwari Thirumana Mandapam,,,False,13.044691,80.265325
node/9734398142,bus_stop,Yellow Pages,,,False,13.044569,80.269177
node/9734416560,bus_stop,Radha Krishnan Salai Kalyani Hospital,,,False,13.043876,80.271583
node/9734417426,bus_stop,Yellow Pages,,,False,13.04459,80.269134
node/9734424821,bus_stop,Kalyani Hospital,,,False,13.043829,80.27185
node/9734428259,bus_stop,,,,False,13.043857,80.271691
node/9849133813,bus_stop,JK Mahal,,,False,12.97604,80.183287
node/9849200501,bus_stop,Baby Nagar,,,False,12.980188,80.22843
node/9849235452,bus_stop,MMDA Colony,,,False,12.97107,80.183076
node/9849242230,bus_stop,,,,False,13.009892,80.259402
node/9849246448,bus_stop,Bharathy Nagar,,,False,12.981143,80.234273
node/9849253327,bus_stop,Baby Nagar,,,False,12.981727,80.230483
node/9853561301,bus_stop,Barathiyar Nagar,,,False,13.185415,80.317056
node/9853561302,bus_stop,Barathiyar Nagar,,,False,13.185677,80.316936
node/9860073726,bus_stop,,,,False,13.248891,80.23239
node/9860380741,bus_stop,,,,False,13.235769,80.215684
node/9860380970,bus_stop,,,,False,13.222246,80.193274
node/9860380992,bus_stop,,,,False,13.218222,80.183761
node/9864935094,bus_stop,Vijayanallur,,,False,13.202379,80.160526
node/9864935220,bus_stop,,,,False,13.196231,80.155786
node/9864935323,bus_stop,,,,False,13.192414,80.152896
node/9864935447,bus_stop,,,,False,13.182558,80.147744
node/9864935583,bus_stop,,,,False,13.181041,80.14566
node/9864935717,bus_stop,,,,False,13.178053,80.136228
node/9864935802,bus_stop,Saint Michaels Polytechnic College,,,False,13.179267,80.129664
node/9865114872,bus_stop,,,,False,13.181127,80.116383
node/9865114985,bus_stop,,,,False,13.178992,80.101356
node/9872392719,bus_stop,The Esplanade,,,False,13.088843,80.289327
node/9894539902,bus_stop,Anna Nagar Roundtana,,,False,13.084607,80.215969
node/9916421668,bus_stop,Ganesh Nagar,,,False,12.961312,80.187229
node/9918041829,bus_stop,Nandanam YMCA,,,False,13.028953,80.23677
node/9920341481,bus_stop,,,,False,13.022034,80.226197
node/9920341482,bus_stop,,,,False,13.019538,80.206493
node/9920341495,bus_stop,Guindy Railway Station,,,False,13.008047,80.213137
node/9920362744,bus_stop,Taj Connemara,,,False,13.063364,80.261571
node/9920370156,bus_stop,US Embassy,,Metropolitan Transport Corporation (Chennai) Ltd.,False,13.053692,80.253065
node/9920370157,bus_stop,Anand Theater,,Metropolitan Transport Corporation (Chennai) Ltd.,False,13.056719,80.256653
node/9920370158,bus_stop,Spencer Plaza,,Metropolitan Transport Corporation (Chennai) Ltd.,False,13.060624,80.261074
node/9920387333,bus_stop,LIC,,,False,13.063045,80.263971
node/9920387335,bus_stop,TTK Road Adyar Gate,,Metropolitan Transport Corporation (Chennai) Ltd.,False,13.030577,80.251142
node/9920387336,bus_stop,TTK Road,,Metropolitan Transport Corporation (Chennai) Ltd.,False,13.032913,80.252911
node/9920387338,bus_stop,Kotturpuram Bridge,,Metropolitan Transport Corporation (Chennai) Ltd.,False,13.027407,80.244917
node/9932032471,bus_stop,Tcs bus stop,,,False,12.919148,80.230153
node/9932746317,bus_stop,ESI bus stop,,,False,13.107646,80.186667
node/9992430694,bus_stop,,,,False,13.106467,80.280118
node/9992430955,bus_stop,,,,False,13.111271,80.27785
node/10016012917,bus_stop,Kanthanchavadi,,,False,12.965144,80.247453
node/10016030270,bus_stop,Kanthanchavadi,,,False,12.96714,80.248054
node/10036499425,bus_stop,Nandanam Officers Enclave,,,False,13.032088,80.242264
node/10036499426,bus_stop,Nandanam Officers Enclave,,,False,13.031926,80.241303
node/10102264735,bus_stop,General Post Office,,,False,13.093067,80.291755
node/10102275912,bus_stop,Beach Station,,,False,13.094226,80.292103
node/10115681436,bus_stop,Moolakothalam,,,False,13.104548,80.275838
node/10115681437,bus_stop,Moolakothalam,,,False,13.104393,80.275879
node/10115882544,bus_stop,Mannadi,,,False,13.095673,80.286441
node/10115882552,bus_stop,Loyer Square,,,False,13.093621,80.286143
node/10291068729,bus_stop,Thirumanglam,,,False,13.090637,80.198722
node/10291068730,bus_stop,Annanagar,,,False,13.094967,80.198535
node/10291068731,bus_stop,Annanagar,,,False,13.095005,80.198806
node/10291068732,bus_stop,Padi,,,False,13.102052,80.194313
node/10291068733,bus_stop,Padi,,,False,13.102071,80.19451
node/10297987466,bus_stop,Tcs bus stop,,,False,12.919423,80.229857
node/10308012376,bus_stop,Thyagaraya Nagar,,,False,13.040831,80.23216
node/10536304466,bus_stop,Island Grounds,,,False,13.074746,80.286282
node/10536304467,bus_stop,Island Grounds,,,False,13.074677,80.286421
node/10606088293,bus_stop,Sridevi Kuppam main road bus stop,,,False,13.04178,80.175709
node/10798124380,bus_stop,Payaigada,,,False,13.085668,80.279851
node/10893145245,bus_stop,Moolakkothanam,,,False,13.103936,80.273843
node/11195610936,bus_stop,Govardanagiri,,,False,12.996004,80.109965
node/11195612538,bus_stop,Maangadu,,,False,13.031754,80.111291
node/11195612539,bus_stop,Maangadu Depot,,,False,13.035049,80.112095
node/11195612540,bus_stop,Gangai Amman Koil,,,False,13.038118,80.113209
node/11195612541,bus_stop,Saveetha Hospital,,,False,13.041161,80.114464
node/11195612542,bus_stop,Kumanan Savadi,,,False,13.043828,80.115338
node/11195612543,bus_stop,Karayan Savadi,,,False,13.046418,80.111835
node/11195612544,bus_stop,Senneerkuppam Electricity Board,,,False,13.052311,80.112774
node/11195612545,bus_stop,Senneerkuppam,,,False,13.055728,80.113957
node/11195612546,bus_stop,Vetrilai Thottam,,,False,13.061978,80.113072
node/11195612547,bus_stop,SA Engineering College,,,False,13.066214,80.112621
node/11195612548,bus_stop,Panchayat,,,False,13.074838,80.111782
node/11195612549,bus_stop,Melpakkam,,,False,13.081689,80.10936
node/11195612550,bus_stop,Paruthipattu,,,False,13.086507,80.108703
node/11195612551,bus_stop,Iyankulam,,,False,13.093683,80.108509
node/11195612552,bus_stop,Govardanagiri,,,False,13.098382,80.108448
node/11195612553,bus_stop,Moorthy Nagar,,,False,13.102743,80.108453
node/11195612554,bus_stop,JB Estate,,,False,13.111389,80.108732
node/11195612555,bus_stop,Avadi Mosque,,,False,13.11425,80.108281
node/11195612556,bus_stop,Kannigapuram,,,False,13.116449,80.100546
node/11195612557,bus_stop,Kannigapuram,,,False,13.116752,80.100567
node/11197039984,bus_stop,Pammal,,,False,12.975281,80.132671
node/11197039985,bus_stop,Gerugambakkam High School,,,False,12.978231,80.130469
node/11197039986,bus_stop,Anakaputhur Amman Temple,,,False,12.983299,80.127674
node/11228615338,bus_stop,Bus Stop,,,False,12.887178,80.184221
node/11454500629,bus_stop,,,,False,13.074046,80.226838
node/11454501196,bus_stop,,,,False,13.056572,80.113572
node/11502813606,bus_stop,Mint New Bus Stop,,,False,13.103906,80.276076
node/11898326816,bus_stop,Puzhuthivakkam Railway Station (Temporary),,,False,12.978174,80.204186
node/11898334385,bus_stop,Temporary unmarked bus stop,,,False,12.978174,80.204186
node/11915150827,bus_stop,Senthil nagar,,MTC,False,13.123595,80.20147
node/11915150828,bus_stop,Senthil nagar,,MTC,False,13.12376,80.202265
node/11915150829,bus_stop,Senthil nagar,,,False,13.123807,80.202899
node/11915150830,bus_stop,,,,False,13.118268,80.198391
node/11930865099,bus_stop,Puzhal Camp,,,False,13.158211,80.203672
node/11953087580,bus_stop,Ambedkar nagar,,,False,13.126039,80.206414
node/11953087581,bus_stop,Ambedkar nagar,,,False,13.125778,80.20661
node/11953087582,bus_stop,Kolathur Metro Water,,,False,13.129994,80.213962
node/11953087583,bus_stop,Kolathur Metro Water,,,False,13.130707,80.21382
node/11953087584,bus_stop,Shastri Nagar,,,False,13.135694,80.216231
node/11953087585,bus_stop,Shastri Nagar,,,False,13.135931,80.216594
node/11953087586,bus_stop,Madhavaram Rountana,,,False,13.144919,80.219351
node/11953087587,bus_stop,Madhavaram Rountana,,,False,13.144016,80.220311
node/11953087588,bus_stop,Kathirvedu Bypas,,,False,13.153267,80.208135
node/11953087589,bus_stop,Kathirvedu Bypass,,,False,13.153486,80.208343
node/11953087593,bus_stop,Puzhal Camp,,,False,13.157981,80.204053
node/11953087600,bus_stop,Ambattur Camp,,,False,13.158075,80.203331
node/11953087601,bus_stop,Puzhal Jail,,,False,13.164351,80.202331
node/11953087602,bus_stop,Puzhal Jail,,,False,13.16515,80.202366
node/11953087603,bus_stop,Kavankarai,,,False,13.170473,80.199246
node/11953087604,bus_stop,Kavankarai,,,False,13.170099,80.199807
node/11953087605,bus_stop,Sri Nallagu Polytechnic college,,,False,13.178031,80.195363
node/11953087606,bus_stop,Sri Nallagu Nadar Polytechnic College,,,False,13.178457,80.194754
node/11953087611,bus_stop,Redhills Market,,,False,13.189498,80.187383
node/11953087612,bus_stop,Redhills Market,,,False,13.189791,80.187421
node/11953087613,bus_stop,Thirumangalam EB Office,,,False,13.079099,80.198686
node/11959583808,bus_stop,Dhandeeswaram,,Metropoliton Transport Corporation (Chennai) Ltd.,False,12.982871,80.222006
node/11959593357,bus_stop,BSNL,,,False,13.031609,80.209345
node/11959593359,bus_stop,Udhayam Theatre,,,False,13.035105,80.211198
node/11959593360,bus_stop,Udhayam Theatre,,,False,13.03512,80.211113
node/11959599075,bus_stop,Guru Nanak,,,False,12.990395,80.220397
node/11959617427,bus_stop,Jawaharlal Nehru Road,,,False,13.046285,80.212112
node/11959664546,bus_stop,Koyambedu,,,False,13.074458,80.199399
node/11959664547,bus_stop,Nerkundram,,,False,13.071401,80.186276
node/11959664548,bus_stop,Vengaya Mandi,,,False,13.069732,80.181683
node/11959664549,bus_stop,Ration Shop,,,False,13.066533,80.17489
node/11959665380,bus_stop,Market,,,False,13.063122,80.167213
node/11959665381,bus_stop,Erikkarai,,,False,13.061234,80.16462
node/11959665382,bus_stop,Vaanagaram,,,False,13.060344,80.154831
node/11959665383,bus_stop,Velappanchavadi,,,False,13.061032,80.138614
node/12108836587,bus_stop,Nest Apartment,,TNSTC,False,12.878619,80.21616
node/12114421266,bus_stop,,,,False,13.150589,80.191418
node/12147208813,bus_stop,Ayurveda Ashramam,,,False,13.184197,80.19164
node/12155348708,bus_stop,Korattur Water Canal Road,,,False,13.126958,80.194228
node/12155348709,bus_stop,Korattur Water Canal Road,,,False,13.126986,80.19441
node/12155348710,bus_stop,Madanankuppam,,,False,13.135487,80.190348
node/12155348711,bus_stop,Madanankuppam,,,False,13.135585,80.190339
node/12167706507,bus_stop,,,,False,13.077238,80.225112
node/12169680535,bus_stop,,,,False,13.0845,80.219883
node/12169680536,bus_stop,,,,False,13.084685,80.219834
node/12169834258,bus_stop,Kandaswamy College,,,False,13.085541,80.218165
node/12169834259,bus_stop,Kandaswamy College,,,False,13.085541,80.217848
node/12188084879,bus_stop,Senthil nagar,,,False,13.122855,80.20159
node/12188084880,bus_stop,Srinivasa nagar,,,False,13.118517,80.205062
node/12188084881,bus_stop,Srinivasa nagar,,,False,13.118632,80.205057
node/12188084882,bus_stop,Ilankali amman koil,,,False,13.113922,80.206722
node/12188084883,bus_stop,Ilankali amman koil,,,False,13.113912,80.206878
node/12188084884,bus_stop,South Redhills Road Market,,,False,13.108379,80.205961
node/12202926833,bus_stop,Kallikuppam,,,False,13.132668,80.173451
node/12202926834,bus_stop,Kallikuppam,,,False,13.13207,80.171735
node/12202926835,bus_stop,Kallikuppam koil,,,False,13.131986,80.169653
node/12202926836,bus_stop,West balaji nagar,,,False,13.131937,80.165246
node/12202926837,bus_stop,Pudur,,,False,13.130356,80.158578
node/12361399925,bus_stop,Sholinganallur bus stand,,MTC,False,12.901036,80.22757
node/12458643768,bus_stop,Nethaji Nagar Bus Stop,,,False,13.188634,80.314903
node/12458688668,bus_stop,ITC,,,False,13.184296,80.308919
node/12458688674,bus_stop,Murugan Kovil,,,False,13.186223,80.307621
node/12458710742,bus_stop,Periyakasi Temple Stop,,,False,13.191292,80.31344
node/12458713955,bus_stop,ITC bus Stop,,,False,13.184109,80.308805
node/12458713956,bus_stop,ITC Bus Stop,,,False,13.183916,80.308592
node/12458756398,bus_stop,Bus Stop,,Government,False,13.191485,80.313357
node/12512509201,bus_stop,Bus Stop,,,False,12.897246,80.18202
node/12581554803,bus_stop,,,,False,13.136601,80.230819
node/12581635599,bus_stop,,,,False,13.135099,80.238583
node/12581645338,bus_stop,,,,False,13.129287,80.241354
node/12986091907,bus_stop,Karappakkam,,,False,12.913333,80.229307
node/12986110301,bus_stop,Ponniyamman Koyil,,,False,12.885737,80.226911
node/12986110401,bus_stop,Kumaran Nagar,,,False,12.877974,80.226947
node/13254368531,bus_stop,Nedungundram bus stop,,,False,12.8803,80.108841
node/13414854084,bus_stop,,,,False,13.221126,80.16752
node/13439108501,bus_stop,Baby nagar,,,False,12.980623,80.228743
node/13513843601,bus_stop,Valluvar kottam,,,False,13.053879,80.242191
node/13513843701,bus_stop,Pushpa nagar,,,False,13.058936,80.240115
node/13645694601,bus_stop,Kalpana Hotel Bus Stop,,,False,13.10323,80.20766
node/13839624069,bus_stop,மயிலாப்பூர் டேங்க்,,,False,13.033272,80.267814
node/13864207148,bus_stop,,,,False,12.937277,80.138546
node/13919242688,bus_stop,,,,False,13.084046,80.161857
node/13928250806,bus_stop,Kalaivanar Nagar,,,False,13.095546,80.152549
node/13935102865,bus_stop,,,,False,12.990885,80.231635
node/243060332,bus_station,மைலாப்பூர்,,,False,13.033434,80.267946
node/247677936,bus_station,Foreshore Estate Bus Terminus,,,False,13.022402,80.276327
node/247691544,bus_station,V House Bus Terminus,,,False,13.051211,80.277839
node/262308392,bus_station,GingerBread,,,False,13.080216,80.173696
node/278746634,bus_station,Nanganallur Bus Terminus,,MTC,False,12.977807,80.181248
node/306104406,bus_station,Puratchi Thalaivar Dr. M.G.R Bus Terminus,,,False,13.06846,80.205125
node/306105674,bus_station,Ramapuram Bus Stand,,,False,13.034805,80.173857
node/306113099,bus_station,Taramani,,MTC,False,12.985477,80.240563
node/308032774,bus_station,Saligramam Bus Terminus,,,False,13.053339,80.197083
node/311284385,bus_station,Perambur MTC Terminus,,,False,13.108569,80.248252
node/311337040,bus_station,ICF MTC Terminus,,,False,13.100243,80.214714
node/321659385,bus_station,Manali MTC Terminus,,,False,13.169977,80.257159
node/321661962,bus_station,மாதவரம் மாநகர பேருந்து முனையம்,,,False,13.152368,80.228345
node/340042533,bus_station,Hasthinapuram MTC Terminus,,,False,12.940444,80.150586
node/340088810,bus_station,Tambaram MTC Terminus,,,False,12.925339,80.116745
node/340088821,bus_station,Tambaram East MTC Terminus,,,False,12.923598,80.117091
node/344420267,bus_station,Ayanavaram MTC Terminus,,,False,13.098591,80.242004
node/359120280,bus_station,Erumaivettipalayam Bus Stand,,,False,13.242455,80.120113
node/360562773,bus_station,Puzhuthivakkam Bus Stand,,,False,12.97398,80.202931
node/370969659,bus_station,Ayyapanthangal,,,False,13.037793,80.134942
node/373077167,bus_station,Ennore MTC Terminus,,,False,13.214722,80.320837
node/389964614,bus_station,KK Nagar West MTC Terminus,,,False,13.044159,80.193303
node/401695312,bus_station,Kannagi Nagar MTCTerminus,,,False,12.925654,80.238308
node/401769770,bus_station,NGO Colony Bus Terminus,,,False,12.994789,80.206816
node/402290805,bus_station,Thiruverkadu MTC Bus Terminus,,,False,13.069585,80.124022
node/402298612,bus_station,Semmanchery MTC Terminus,,,False,12.874697,80.209765
node/402656745,bus_station,Elango Nagar MTC Terminus,,,False,13.090602,80.185474
node/402750050,bus_station,Parvathi Nagar MTC Terminus,,,False,13.145751,80.250441
node/442132009,bus_station,Tambaram Bus Stand,,,False,12.927719,80.118742
node/442538699,bus_station,Madipakkam Bus Stand,,Chennai Metro Transport Services,False,12.962861,80.198284
node/675894194,bus_station,Vinayakapuram,,MTC,False,13.139863,80.20568
node/1185703062,bus_station,Avadi Market,,,False,13.116052,80.106263
node/1391028778,bus_station,KK Nagar MTC Terminus,,,False,13.035422,80.205717
node/1391573894,bus_station,IOC MTC Terminus,,,False,13.139069,80.282031
node/1391573897,bus_station,Thirovttriyur MTC Terminus,,,False,13.172164,80.305091
node/1428608424,bus_station,Mathur MMDA,,,False,13.171374,80.247506
node/1693526124,bus_station,Medavakkam Bus Terminus,,,False,12.919728,80.182261
node/2210065615,bus_station,Valluvar Nagar Bus Stop,,,False,12.893383,80.183493
node/3264888779,bus_station,Guindy Bus Stand,,,False,13.009059,80.210793
node/4546369389,bus_station,Paulo bus stand,,,False,13.069513,80.199087
node/5230370403,bus_station,Mogappair West Bus Terminus,,MTC,False,13.082209,80.170411
node/5318548733,bus_station,SRM Travels,,,False,13.071098,80.202996
node/7205568985,bus_station,தாம்பரம் சானடோரியம் பேருந்து நிலையம்,,,False,12.937195,80.127285
node/7652446224,bus_station,Pattur Bus Stand,,,False,13.023185,80.118511
node/7796477466,bus_station,Ambattur Industrial Estate Bus Terminus,,,False,13.099614,80.169923
node/7796591114,bus_station,Anna Nagar West,,,False,13.093755,80.198494
node/7895958715,bus_station,Ambattur O.T,,MTC,False,13.119661,80.150122
node/9331600151,bus_station,Anakaputhur Bus Stand,,,False,12.985252,80.12308
node/9796683105,bus_station,Perumbakkam Bus Depot,,,False,12.886663,80.209688
node/10848041900,bus_station,Madhavaram Mofussil Bus Terminus,,,False,13.146104,80.2217
node/10951278204,bus_station,Red Hills MTC Bus Terminus,,,False,13.192939,80.183987
node/10951379005,bus_station,Red Hills Bypass Bus Stop,,,False,13.196737,80.181051
node/10951379006,bus_station,Red Hills Bypass Bus Stop,,,False,13.187026,80.191907
node/10951379007,bus_station,"Madhavarm APSRTC , TNSTC Bus Terminus",,,False,13.145566,80.221364
node/10980207098,bus_station,Koyambedu Mofussil Bus Terminal,,,False,13.065835,80.205601
node/10980207099,bus_station,Koyambedu Mofussil Bus Terminal,,,False,13.066529,80.206286
node/10980207100,bus_station,Koyambedu Mofussil Bus Terminal,,,False,13.066402,80.204973
node/11598619872,bus_station,Bus to Mamallapuram,,,False,13.06852,80.204936
node/11906447555,bus_station,Besant Nagar MTC Terminus,,,False,13.000348,80.265776
node/11959766020,bus_station,Teachers Colony,,,False,13.129995,80.202191
node/12458756394,bus_station,Bus Stop,,Public,False,13.188672,80.314964
way/27618346,bus_station,Broadway Bus Terminus,,,False,13.086923,80.28417
way/28089286,bus_station,Mandaveli Bus Terminus,,Metropolitan Transport Corporation (Chennai),False,13.026626,80.265738
way/28089412,bus_station,Thyagaraya Nagar Bus Terminus,,Metropolitan Transport Corporation,False,13.034561,80.23008
way/31956728,bus_station,Chennai Mofussil Bus Terminus,,,False,13.067044,80.205648
way/35372225,bus_station,Anna Square Bus Station,,,False,13.06641,80.284296
way/125234675,bus_station,Vadapalani Bus Terminus,,mtc,False,13.04919,80.207094
way/125234686,bus_station,Chromepet Bus Stand,,MTC,False,12.951576,80.140084
way/125234691,bus_station,சென்னை சென்ட்ரல்,,mtc,False,13.082012,80.275622
way/125234695,bus_station,Anna Nagar West Depot,,MTC,False,13.093925,80.198087
way/125234699,bus_station,Pallavaram Bus Stand,,MTC,False,12.969295,80.150249
way/125234701,bus_station,Chromepet Bus Stand,,Metropolitan Transport Corporation (Chennai),False,12.951302,80.140446
way/125234714,bus_station,Thiruverkadu Bus Depot,,,False,13.069503,80.12401
way/125234718,bus_station,Thiruvanmiyur MTC Terminus,,mtc,False,12.986836,80.259333
way/125234722,bus_station,Saidapet MTC Terminus,,mtc,False,13.023427,80.22772
way/209562041,bus_station,Egmore Railway Station,,,False,13.079456,80.262775
way/214598735,bus_station,Guindy Estate MTC Terminus,,,False,13.0092,80.210746
way/217753807,bus_station,MMDA Colony,,,False,13.062514,80.215383
way/217928912,bus_station,Villivakkam MTC Bus Terminus,,MTC,False,13.105383,80.208366
way/354810503,bus_station,Bus Shed,,,False,12.988099,80.22373
way/369148292,bus_station,Pallavaram Bus Stand,,MTC,False,12.968906,80.149619
way/443147288,bus_station,Kaviarasu Kannadasan Nagar(KKD) Nagar Bus Terminus,,,False,13.136177,80.256762
way/443147289,bus_station,Kodungaiyur Parvathi Nagar Bus Terminus,,"MTC, Chennai",False,13.142555,80.24916
way/1032599147,bus_station,NGO Colony Bus Terminus,,,False,12.994369,80.206753
way/1035168086,bus_station,Avadi MTC Terminus,,,False,13.120051,80.102118
way/1052950343,bus_station,Keelkattalai Bus Stand,,,False,12.956027,80.186129
way/1079915315,bus_station,Koyambedu Omni Bus Station,,,False,13.07078,80.198793
way/1134197655,bus_station,Vallalar Nagar Bus Depot,,mtc,False,13.104335,80.276257
way/1173910097,bus_station,Tambaram,,,False,12.928162,80.11905
way/1188056511,bus_station,Korattur MTC Terminus,,,False,13.111587,80.184212
way/1202024841,bus_station,Vallalar Nagar Bus Terminal,,,False,13.105908,80.280433
node/248467412,railway_station,Chennai Chetpet,,Southern Railway,False,13.074342,80.242421
node/248545108,railway_station,Pattaravakkam,,SR,False,13.11439,80.166398
node/304278622,railway_station,Anna Nagar West,,SR,False,13.098539,80.201006
node/304278630,railway_station,Padi,,SR,False,13.103661,80.194809
node/2481258995,railway_station,Chennai Park Town,,SR,False,13.079587,80.276295
node/2481258999,railway_station,Chennai Park,,SR,False,13.080754,80.273088
node/2481259002,railway_station,Kodambakkam,,SR,False,13.051662,80.230689
node/2481259006,railway_station,Mambalam,,SR,False,13.038066,80.227775
node/2481259029,railway_station,Saidapet,,SR,False,13.02331,80.223719
node/2481969291,railway_station,Puratchi Thalaivar Dr. M. G. Ramachandran Central,,SR,False,13.082423,80.275962
node/2486239287,railway_station,Chepauk,,SR,False,13.061931,80.280596
node/2486239288,railway_station,Thiruvallikeni,,SR,False,13.055935,80.280604
node/3187977875,railway_station,Palavanthangal,,SR,False,12.990638,80.18794
node/3264712327,railway_station,Guindy,,SR,False,13.008669,80.212606
node/3678939665,railway_station,Avadi,,SR,False,13.118274,80.101543
node/4221752111,railway_station,Saint Thomas Mount,,SR,False,12.994765,80.199371
node/4435694788,railway_station,Pallavaram,,SR,False,12.967574,80.15205
node/4885083053,railway_station,Tirusulam,,SR,False,12.980461,80.165793
node/4885094689,railway_station,Meenambakkam,,SR,False,12.984698,80.175093
node/5273733276,railway_station,Chromepet,,SR,False,12.95219,80.141168
node/5274094702,railway_station,Ennore,,SR,False,13.217468,80.321601
node/5274761658,railway_station,Korukkupet,,SR,False,13.119425,80.278456
node/5274761659,railway_station,Korattur,,SR,False,13.113142,80.184152
node/5274913769,railway_station,Kotturpuram,,SR,False,13.013718,80.248452
node/5275790188,railway_station,Chennai Egmore,,SR,False,13.077749,80.261257
node/5276187591,railway_station,Perambur Carriage Works,,SR,False,13.107281,80.238886
node/5276205560,railway_station,Perambur,,SR,False,13.107719,80.244414
node/5276214842,railway_station,Perambur Loco Works,,SR,False,13.108498,80.226215
node/5286945822,railway_station,Tambaram,,SR,False,12.925792,80.117919
node/5287023932,railway_station,Vyasarpadi Jeeva,,SR,False,13.109196,80.25722
node/5287054301,railway_station,V.O.C. Nagar,,SR,False,13.140807,80.287611
node/5310778033,railway_station,Ambattur,,SR,False,13.114024,80.152861
node/5310778034,railway_station,Tirumullaivayil,,SR,False,13.11519,80.1372
node/5310778035,railway_station,Annanur,,SR,False,13.116356,80.126913
node/5311732458,railway_station,Tondiarpet,,SR,False,13.12752,80.281924
node/5311732459,railway_station,Tiruvottiyur,,SR,False,13.158641,80.296208
node/5311732501,railway_station,Wimco Nagar,,SR,False,13.179683,80.305459
node/5311732516,railway_station,Kathivakkam,,SR,False,13.204038,80.316547
node/5311755231,railway_station,Chintadaripet,,SR,False,13.073795,80.273861
node/5311755232,railway_station,Light House,,SR,False,13.045537,80.276989
node/5311755233,railway_station,Mundakakanni Amman Koil,,SR,False,13.040651,80.269882
node/5311755234,railway_station,Thirumayilai,,SR,False,13.035398,80.267513
node/5311755235,railway_station,Mandaveli,,SR,False,13.028093,80.260618
node/5311755236,railway_station,Greenways Road,,SR,False,13.021585,80.252729
node/5311755237,railway_station,Kasturiba Nagar,,SR,False,13.005382,80.24786
node/5311755238,railway_station,Indira Nagar,,SR,False,12.996062,80.249716
node/5311755239,railway_station,Tiruvanmiyur,,SR,False,12.988982,80.251587
node/5311755240,railway_station,Taramani,,SR,False,12.978658,80.241644
node/5311755241,railway_station,Perungudi,,SR,False,12.976058,80.232192
node/5311755242,railway_station,Velachery,,SR,False,12.967619,80.219508
node/5311755243,railway_station,Puzhudivakkam,,MRTS,False,12.977158,80.205424
node/5311755244,railway_station,Adambakkam,,MRTS,False,12.982381,80.196888
node/5311775880,railway_station,Tambaram Sanatorium,,SR,False,12.936959,80.130703
node/5311775881,railway_station,Nungambakkam,,SR,False,13.065841,80.232839
node/6460934200,railway_station,Washermanpet,,SR,False,13.108965,80.28201
way/23633604,airport,Chennai International Airport,ಚೆನ್ನೈ ಇಂಟರ್‌ನ್ಯಾಶನಲ್ ಏರ್‌ಪೋರ್ಟ್,,False,12.993366,80.167299
way/28261189,airport,Tambaram Air Force Station,,Indian Air Force,False,12.903514,80.121325
way/872124343,airport,Cholavaram Airstrip,,,False,13.208466,80.151878
node/306116789,government_office,Vengaivasal Panchayat office,,,True,12.900024,80.171564
node/335503095,government_office,Corporation Ward 152 Office,,,True,12.997878,80.261448
node/340890453,government_office,Ward 155 Corporation Office,,,True,12.985909,80.259353
node/366857802,government_office,Regional Meteorological Centre - IMD Chennai,,,True,13.068538,80.247085
node/370142855,government_office,RTO Office KK Nagar,,,True,13.032279,80.209156
node/941426010,government_office,Election commission office,,,True,13.069625,80.20624
node/1483766085,government_office,Miranda residence,,,True,12.899125,80.173774
node/2475523033,government_office,Sithalapakkam Panchayat Office,,,True,12.887265,80.18435
node/2794065478,government_office,BSNL Customer Service Center,,,True,13.053902,80.221249
node/3026673462,government_office,Chitalappakam Panchayat & EB Office,,,True,12.937203,80.138157
node/3157620727,government_office,Sub-Registrar Office,,,True,12.924987,80.126237
node/4280392327,government_office,BSNL Exchange,,,True,12.991366,80.209988
node/4332194892,government_office,TAMIL NADU CABIL,,,True,13.068538,80.260673
node/4358646184,government_office,Metro Water,,,True,12.985256,80.218601
node/4549842392,government_office,JBN Community Hall,,JBN Association,True,13.090446,80.190715
node/4550111390,government_office,Office asg chennai,,,True,12.9875,80.175215
node/4580960017,government_office,corporation office,,,True,12.984611,80.257605
node/4626968263,government_office,Tamil Nadu Electricity Board,,,True,12.974664,80.262936
node/4698134989,government_office,"Parcel office, Chennai central",,,True,13.1005,80.273401
node/4713665593,government_office,Tata Communications Ltd,,,True,13.068335,80.279028
node/4830775366,government_office,National Institute of Epidemiology,,Central govt of India,True,13.100647,80.139816
node/5087493232,government_office,Sneham seva center for tambaram municipality,,,True,12.924209,80.12779
node/5212376621,government_office,Chief Education Office,,,True,12.926882,80.198192
node/5212388522,government_office,"SAIDAPET, TAMILNADU",,,True,12.926938,80.198254
node/5226266430,government_office,Regional Transport Office-Sholinganallur,,,True,12.900598,80.227809
node/5227463357,government_office,NSIC,,,True,13.021109,80.206503
node/5246576321,government_office,Tamilnadu electricity board office,,,True,12.922946,80.125703
node/5246584922,government_office,Sub Registrar office,,,True,12.921546,80.11634
node/5246587821,government_office,BSNL telephone office,,,True,12.918279,80.115956
node/5255065021,government_office,SUB REGISTER RAYAPURAM,,,True,13.1171,80.284115
node/5259058323,government_office,"Village administration office, agaram then",,,True,12.885487,80.152023
node/5259538621,government_office,Pammal Municipality office,,,True,12.974922,80.135137
node/5304399845,government_office,Income Tax Department Additional/ joint commesioner office,,,True,12.924539,80.114347
node/5306605791,government_office,Kendriya Bhandar Regional Office,,,True,13.087798,80.204608
node/5306607745,government_office,Central PWD Service Center,,,True,13.088112,80.203517
node/5318579593,government_office,C.P.W.D Service Center,,,True,13.082853,80.197638
node/5318582177,government_office,Nirman Bhavan,,,True,13.082904,80.196951
node/5518300718,government_office,US Biometrics Centre,,,True,13.053259,80.243079
node/5849503687,government_office,"Foreigner's Regional Registration Office, Chennai",,,True,13.065547,80.247063
node/5851464592,government_office,தமிழ்நாடு ராஜ் பவன்,,,True,13.005916,80.226524
node/5851482985,government_office,Tamil Nadu Public Service Commission,,,True,13.085154,80.282022
node/5851482986,government_office,Airports Authority of India (AAI) Operational Office,,,True,12.983809,80.168826
node/6045880760,government_office,Chennai Drinking Water and Drainage Clearance Board,,,True,13.034794,80.250367
node/6050605286,government_office,தமிழ்நாடு அரசு இசேவை மையம்,,,True,13.05378,80.274391
node/6257601883,government_office,Bank Employees Federation of India,,,True,13.048432,80.250696
node/6261225290,government_office,Tamilnadu Slum Clearence Board,,,True,13.114229,80.265411
node/6310120985,government_office,Village administration office,,,True,13.248635,80.216568
node/6378558385,government_office,TNRERA,,,True,13.077449,80.265248
node/6760767420,government_office,Rail Vikas Nigam Limited,,,True,13.034408,80.266722
node/7176576232,government_office,EPF office,,,True,13.014916,80.192884
node/7261140337,government_office,Office of the Registrar of Cooperative Societies,,,True,13.07677,80.239859
node/7264247854,government_office,Hindu Religious and Charitable Endowments Department,,,True,13.057969,80.248676
node/7272177286,government_office,Handloom Export Promotion Council,,,True,13.051821,80.247909
node/7682535985,government_office,EB office - Pammal,,,True,12.975395,80.131803
node/7868260223,government_office,Ambattur RTO,,,True,13.117876,80.154179
node/8151821343,government_office,Tamil Nadu Public Distribution Scheme Service Office,,Public Distribution System,True,12.991501,80.198827
node/9567727980,government_office,Village Administrator's Office - Alandur,,,True,13.001841,80.20595
node/9891659946,government_office,Food Corporation of India,,,True,13.06591,80.248006
node/9891675975,government_office,NABARD,,,True,13.062264,80.245948
node/9891685428,government_office,Central Stationary Office,,,True,13.066579,80.246261
node/9920341491,government_office,Wildlife Warden,,,True,13.004364,80.234345
node/9920595831,government_office,VAO Office,,,True,12.941691,80.18734
node/10687917005,government_office,வக்ஃப் இல்லம்,,,True,13.098003,80.292336
node/10914802359,government_office,Department Of Tribal Welfare,,,True,13.0632,80.282867
node/11690043869,government_office,Medavakkam Panchayat Office,,,True,12.915499,80.192383
node/12162845607,government_office,Integrated Sub Registrar Office's Campus,,,True,13.078159,80.172834
node/12458790371,government_office,"சார் பதிவாளர் அலுவலகம், திருவெற்றியூர்",,,True,13.178733,80.307692
node/12497490237,government_office,"Regional Transport Office,Meenambakkam",,,True,13.004269,80.20265
node/12543417301,government_office,Community Hall (Samudhaya Nala Koodam),,,True,13.072338,80.23164
node/12836705750,government_office,Survey House,,,True,13.0635,80.281195
node/12841106304,government_office,Green Apple Banquet Hall,,,True,13.089584,80.193069
node/12841106305,government_office,ONGC Anna Nagar Office Complex,,,True,13.090156,80.192644
node/12841106701,government_office,KAY-EM Royal Mahal,,,True,13.090393,80.198299
node/12841106801,government_office,PSB Hall,,,True,13.093057,80.193956
node/13419989475,government_office,Tamilnadu Real Estate Regulatory Authority (TNRERA),,,True,13.085472,80.224094
node/13639953901,government_office,"Joint Office, Southern Railway",,,True,13.101886,80.230429
node/13639954001,government_office,"Joint office, Southern Railway",,,True,13.101916,80.230392
node/13746287114,government_office,Station Master,,,True,13.082566,80.275297
way/23893614,government_office,Tamil Nadu Government Legislature & Secretariat,,,True,13.079816,80.287003
way/29267007,government_office,Ezhilagam,,,True,13.063714,80.282756
way/29883003,government_office,Panagal Maaligai,,,True,13.01985,80.224092
way/31897154,government_office,Tamil Nadu Water Supply and Drainage Board,,,True,13.062758,80.282583
way/31897155,government_office,Public Works Department,,,True,13.061825,80.282082
way/47474023,government_office,Corporation Office,,,True,13.051147,80.277151
way/96792775,government_office,MEPZ administrative office,,,True,12.936627,80.125587
way/209546187,government_office,Directorate of Public Instruction Campus - DPI,,,True,13.068909,80.251316
way/211260245,government_office,Mylapore - Triplicane Taluk Office,,,True,13.022958,80.252235
way/211435478,government_office,Fort - Tondiarpet Taluk Office,,,True,13.083712,80.270838
way/214598736,government_office,Highway Research Station,,,True,13.010667,80.229178
way/217609825,government_office,Chennai Collectorate,,,True,13.095997,80.292206
way/217878630,government_office,Perambur- Purasawalkam Taluk Office,,,True,13.106827,80.245272
way/218162625,government_office,Corporation Ward 176 Office,,,True,12.997871,80.261454
way/218163944,government_office,Barath Sanchar Ningam Limited,,,True,13.000682,80.256951
way/274370569,government_office,Tamilnadu Electricity Board (TNEB) office,,,True,13.067286,80.207285
way/274534529,government_office,"RTO Office, Chinmaya Nagar",,,True,13.060522,80.196063
way/337930119,government_office,Office of the Deputy Director - Medical Services,,,True,13.024694,80.219996
way/338925012,government_office,Highways Office,,,True,13.021146,80.222667
way/354493933,government_office,Ambattur Taluk Office,,,True,13.113865,80.147313
way/354773796,government_office,ELCOT (Electronic Corporation of Tamil Nadu),,,True,12.956307,80.244286
way/363855451,government_office,TamilNadu Housing Board,,,True,13.087463,80.197755
way/397068332,government_office,Palavakkam Corporation Office,,,True,12.960887,80.256532
way/462740005,government_office,corporation office Thiruvanmiyur,,,True,12.984628,80.257599
way/546657840,government_office,Tamil Nadu Bio-Diversity Conservation and Greening Project,,,True,12.919498,80.177238
way/549105641,government_office,Employees state insurance office,,,True,12.923762,80.111813
way/549105643,government_office,Snegam government support center,,,True,12.925712,80.104504
way/553706272,government_office,St. Thomas Mount Cantonment Board Office,,,True,13.005953,80.196735
way/560984380,government_office,Regional Revenue Office - Ambattur,,,True,13.087685,80.192464
way/653527365,government_office,Tamil Nadu Films Division,,,True,13.066928,80.276726
way/670974346,government_office,Alandur Taluk Office,,,True,12.998506,80.19534
way/1030842455,government_office,Sanitation Inspection Office,,,True,12.9771,80.181452
way/1032599146,government_office,Government eSeva Center,,,True,12.972268,80.193645
way/1060226623,government_office,Red Hills Regional Transport Office,,,True,13.214089,80.170974
way/1080669050,government_office,Sanitation Inspection Office,,,True,12.978376,80.186027
way/1080669051,government_office,Chennai Corporation e-Sevai Centre,,,True,12.978466,80.185859
way/1090962915,government_office,"Integrated Commercial Taxes Office Complex, Chennai (North) Division",,,True,13.091816,80.274575
way/1103976786,government_office,Chennai District Collector's Office,,,True,13.095953,80.292276
way/1103977627,government_office,Custom House,,,True,13.096961,80.292828
way/1103977629,government_office,Directorate of Lighthouses and Lightships,,,True,13.0975,80.292335
way/1105971903,government_office,Chennai Metropolitan Water Supply & Sewerage Board,,,True,13.093356,80.275097
way/1128373253,government_office,Tamil Nadu Electricity Board Head Office,,,True,13.066155,80.264598
way/1130587009,government_office,Chennai Metropolitan Water Supply and Sewerage Board,,,True,13.072745,80.271824
way/1131693913,government_office,Urban Administration Building,,,True,13.021166,80.273461
way/1132166886,government_office,Reserve Bank of India,,,True,13.084352,80.288535
way/1134367681,government_office,Tamil Nadu Commercial Taxes and Registration Department,,,True,13.023833,80.232418
way/1134367682,government_office,Tamil Nadu Information Comission,,,True,13.024042,80.231843
way/1134367683,government_office,Tamil Nadu Department of Animal Husbandry & Department of Fisheries,,,True,13.024653,80.232582
way/1134367684,government_office,Tamil Nadu Finance Department,,,True,13.024727,80.23142
way/1136362732,government_office,Tamil Nadu Forest Department,,,True,12.998645,80.217048
way/1136399861,government_office,Tamil Nadu Small Industries Development Corporation,,,True,13.009585,80.210128
way/1136399869,government_office,Directorate Of Industrial Safety and Health,,,True,13.013347,80.209308
way/1136402720,government_office,Office of the Accountant General (A & E) Tamil Nadu,,,True,13.044132,80.248768
way/1136405605,government_office,Geological Survey of India,,,True,13.011222,80.202034
way/1147247479,government_office,Commercial Tax Offices,,,True,13.065995,80.25433
way/1202024808,government_office,GCC Zone 5 Office,,,True,13.104614,80.274463
way/1314584112,government_office,Greater Chennai Corporation Zone 8 Office,,,True,13.077151,80.225542
way/1419895750,government_office,Tamil Nadu Housing Board - Head Office,,,True,13.02958,80.231101
way/1506909974,government_office,"Taluk Office, Aminjikarai chennai",,,True,13.077789,80.223199
node/250363729,police_station,Mambalam Police Station,,,True,13.034957,80.22946
node/259773441,police_station,Royapettah PS,,,True,13.052011,80.263735
node/264481213,police_station,Nungambakkam F3 police station,,,True,13.059617,80.242768
node/300468066,police_station,S-8 Adambakkam Police Station,,,True,12.989396,80.201968
node/301949978,police_station,Teynampet E3 PS,,,True,13.048651,80.249488
node/312025133,police_station,Adyar J2,,,True,12.997814,80.255718
node/320968223,police_station,Central Station PS,,,True,13.081828,80.275507
node/320968578,police_station,Chennai Central RPF,,,True,13.083061,80.2733
node/339282419,police_station,B1 Saint Thomas Mount PS,,,True,12.999121,80.200262
node/366075241,police_station,Koyambedu Police Station,,,True,13.069641,80.200459
node/370481197,police_station,"Office, Police Commissioner",,,True,13.010086,80.199093
node/370969674,police_station,T15 SRMC PS,,,True,13.034199,80.160249
node/389948945,police_station,KK Nagar PS,,,True,13.041511,80.205442
node/390852677,police_station,N4 PS,,,True,13.134541,80.29746
node/411318042,police_station,Virugambakkam Police Station,,,True,13.049112,80.199256
node/687175330,police_station,Police Booth,,,True,13.073748,80.192342
node/687177364,police_station,Police Booth,,,True,13.065691,80.193571
node/747616884,police_station,Velachery,,,True,12.985013,80.220871
node/934859086,police_station,Police Booth,,,True,13.044732,80.186216
node/966556101,police_station,Chintadripet,,,True,13.074909,80.272504
node/983961147,police_station,S6 Shankar Nagar Police Station,,,True,12.96928,80.125796
node/984217571,police_station,Vadapalani Police station,,,True,13.049673,80.211731
node/1015569835,police_station,Ramapuram Police Station,,,True,13.031774,80.179007
node/1315141190,police_station,Police booth,,,True,12.965163,80.206035
node/1451946829,police_station,Porur Police Station,,,True,13.034307,80.160129
node/1711627907,police_station,Shastri Nagar Police Station,,,True,13.000612,80.265931
node/1865961947,police_station,Police Outpost,,,True,13.215617,80.169439
node/1896342668,police_station,HVF,,,True,13.129146,80.107379
node/2061123092,police_station,J9 Police Station,,,True,12.947613,80.241625
node/2086712180,police_station,Madipalkam police stations,,,True,12.955986,80.185307
node/2210021510,police_station,Police Booth,,,True,12.897566,80.182321
node/2221603034,police_station,Police Assistance Booth Mugalivakam,,,True,13.020716,80.166324
node/2587520257,police_station,J6 Police Station,,,True,12.98746,80.255932
node/3097014588,police_station,S-10 Police Station (Pallikaranai),,,True,12.917383,80.195081
node/3195423909,police_station,Chetpet,,,True,13.070691,80.242119
node/4308319495,police_station,R6 KUMARAN NAGAR POLICE STATION ,,,True,13.028368,80.216311
node/4445488162,police_station,Otteri Police Station,,,True,13.087452,80.245879
node/4446984572,police_station,police station s11,,,True,12.925417,80.112898
node/4449967759,police_station,J.J Nagar Police Booth (V3),,,True,13.087695,80.187889
node/4450010503,police_station,Thalambur Police Station,,,True,12.846901,80.227177
node/5079397364,police_station,Police Assistance Booth,,,True,13.069926,80.271418
node/5226262920,police_station,J-10 Semmenchery Police Station,,,True,12.900856,80.228016
node/5367536437,police_station,Police Booth,,Chennai Police,True,13.014976,80.181643
node/6780251054,police_station,Railway Police,,,True,13.034137,80.266441
node/6854765885,police_station,Police Booth,,,True,12.993186,80.267493
node/7060019586,police_station,Coast Guard Store Depot,,,True,13.118823,80.297462
node/7060026186,police_station,Indian Army DB AREA,,,True,13.075738,80.277593
node/8096280337,police_station,R10 MGR Nagar Police Station,,,True,13.031089,80.201703
node/8108600154,police_station,R6 Police Booth,,,True,13.026501,80.211624
node/8645780209,police_station,Velachery Police Station,,,True,12.980944,80.220923
node/10741550765,police_station,mangadu police station,,,True,13.035288,80.114521
node/12169790434,police_station,Control Room,,,True,13.084869,80.218247
node/12459049285,police_station,M5 Ennore Police Booth,,,True,13.186418,80.307606
node/13127975757,police_station,Srinagar colony police booth,,,True,13.012506,80.227246
way/208569725,police_station,Mylapore E1 PS,,,True,13.035987,80.270142
way/211435479,police_station,Periamet PS,,,True,13.083112,80.270914
way/214356712,police_station,R1 Police Station,,,True,13.034764,80.22949
way/217637688,police_station,Esplanade PS,,,True,13.086472,80.28537
way/217767201,police_station,F4 Greams Road PS,,,True,13.059839,80.254797
way/217920494,police_station,Peravallur Police Station,,,True,13.111398,80.226378
way/217960575,police_station,D1 Triplicane Police Station,,,True,13.067255,80.273649
way/231052535,police_station,K4 Police Station,,,True,13.092545,80.21797
way/240511203,police_station,R3 Ashok Nagar Police Station,,,True,13.044081,80.217304
way/241007895,police_station,Abhiramapuram,,,True,13.033256,80.255967
way/241027985,police_station,F2 Egmore Police Station,,,True,13.075072,80.257014
way/297495780,police_station,Selaiyur Police Station,,,True,12.922946,80.135236
way/343141650,police_station,Police Station - J1 - Saidapet,,,True,13.022408,80.226078
way/354469200,police_station,E5 Foreshore Estate Police Station,,,True,13.024555,80.274816
way/835251736,police_station,Ambattur T1 Police Station,,,True,13.107314,80.152557
way/1038741390,police_station,Guindy J3 Police station,,,True,13.009353,80.210692
way/1076586613,police_station,B1 North Beach Police Station,,,True,13.089922,80.290458
way/1089835073,police_station,C3 Seven Wells Police Station,,,True,13.098888,80.281695
way/1089863482,police_station,C5 Kothavalchavadi Police Station,,,True,13.094035,80.28546
way/1090653955,police_station,C1 Flower Bazaar Police Station,,,True,13.088408,80.281703
way/1090653956,police_station,C1 Flower Bazaar Police Booth,,,True,13.088372,80.282394
way/1090950056,police_station,H1 Washermanpet Police Station,,,True,13.108661,80.28092
way/1091003580,police_station,P2 Otteri Police Station,,,True,13.100333,80.251563
way/1095915240,police_station,E3 Teynampet Police Assistance Booth,,,True,13.031311,80.239832
way/1095915254,police_station,Office of the Director General of Police Civil Supplies CID Chennai,,,True,13.030052,80.243235
way/1105971900,police_station,C2 Elephant Gate Police Station,,,True,13.092631,80.275012
way/1107911282,police_station,"Office of the Deputy Commissioner of Police, Pudupet",,,True,13.068639,80.262058
way/1110191293,police_station,N3 Muthialpet Police Station,,,True,13.099838,80.287025
way/1112851437,police_station,D5 Marina Police Station,,,True,13.039151,80.279321
way/1116154383,police_station,B1 North Beach Police Station,,,True,13.096622,80.291512
way/1122926992,police_station,G7 Chetpet Police Station,,,True,13.072535,80.252068
way/1123051523,police_station,D2 Anna Salai (Mount Road) Poice Station,,,True,13.061062,80.262232
way/1131693908,police_station,Tamil Nadu Police Computer Communication Centre,,,True,13.022507,80.271388
way/1131693910,police_station,Tamil Nadu State Crime Records Bureau,,,True,13.022806,80.271634
way/1132145713,police_station,Elliots Beach Police Outpost,,,True,13.000714,80.27122
way/1176848837,police_station,C5 Kothavalchavadi Police Station,,,True,13.095344,80.280724
way/1330398918,police_station,T-1 Police Station,,,True,13.130662,80.158703
node/302899362,fire_station,Teynampet FS,,,True,13.047447,80.249119
node/3029313653,fire_station,Tamil Nadu Fire and Rescue Services,,,True,12.943636,80.133596
node/5354315736,fire_station,Fire service station;Fire Force Service center,,Government,True,12.976853,80.227634
way/217731034,fire_station,Fire and Rescue station,,,True,13.035212,80.230626
way/620705901,fire_station,Chennai International Airport Fire Station 2,,,True,12.992503,80.166022
way/1105414357,fire_station,Moolakothalam Fire Station,,,True,13.105508,80.278214
way/1122111815,fire_station,Esplanade Fire Station,,,True,13.086478,80.286063
way/1172399106,fire_station,Washermanpet Fire & Rescue Station,,,True,13.10244,80.274401
node/248643757,post_office,Alwarpet,,,True,13.039407,80.257379
node/264481214,post_office,Nungambakkam,,,True,13.060553,80.243016
node/295544408,post_office,Anna Nagar post office,,,True,13.084667,80.207564
node/302884332,post_office,Teynampet West,,,True,13.047487,80.248542
node/302884335,post_office,Teynampet South,,,True,13.039737,80.247301
node/303601613,post_office,Eldams Road Post Office,,,True,13.038067,80.252839
node/343456161,post_office,Saligram Post office,,,True,13.055399,80.204013
node/410615442,post_office,Raja Annamalai Puram Post Office,,,True,13.02615,80.265637
node/471986873,post_office,Greams Road,,,True,13.059454,80.25474
node/1000989064,post_office,Pammal Post Office,,,True,12.973739,80.132686
node/1473040682,post_office,Choolaimedu Post Office,,,True,13.064044,80.223561
node/1645214401,post_office,"College of Engineering, Guindy",,India Post,True,13.010537,80.236545
node/1693481930,post_office,India Post Office,,India Post,True,12.920925,80.168258
node/1764282872,post_office,Velachery Post Office,,"Ministry of IT& Telecommunication, Govt of India",True,12.982604,80.221709
node/1896341956,post_office,HVF Post Office,,,True,13.131133,80.111784
node/1955927401,post_office,UPS Delivery Main Center,,UPS Worldwide,True,13.034813,80.212843
node/2211491442,post_office,Adyar Post Office,,,True,13.007098,80.26054
node/2221603018,post_office,Mugalivakkam Post Office - Speed Post Office,,India Post,True,13.022253,80.167719
node/2296746909,post_office,Chintadripet Post Office,,India Post,True,13.074467,80.269952
node/2320746888,post_office,Thiruvanmiyur Post Office,,,True,12.98325,80.255017
node/2587530812,post_office,Ramakrishna Nagar,,,True,13.023194,80.258987
node/2775749705,post_office,Thyagaraya Nagar Post office,,India Post,True,13.04058,80.235939
node/3097003000,post_office,Medavakkam Post office,,,True,12.92721,80.194232
node/3681860149,post_office,Kodambakkam Post Office,,,True,13.05193,80.23026
node/4035134512,post_office,Ayanavaram Post office,,,True,13.10036,80.230766
node/4338130030,post_office,Blue Dart,,Blue Dart Express,True,13.071098,80.259099
node/4621643891,post_office,Blue dart express ltd,,,True,13.050481,80.214991
node/4682739890,post_office,RPF KENNEL,,,True,12.923903,80.12258
node/5246751722,post_office,Selaiyur Sub Post Office,,,True,12.923386,80.14744
node/5625813031,post_office,India Post (Anna Nagar West Ext.),,India Post,True,13.087575,80.192774
node/7843183658,post_office,Post Office,,,True,13.119347,80.161245
node/7883733710,post_office,Professional Couriers,,,True,13.118843,80.149213
node/9462028483,post_office,Madipakkam Sub Post Office,,,True,12.968459,80.190016
node/9567719197,post_office,Alandur Post Office,,,True,13.001908,80.205956
node/12495425482,post_office,DTDC,,Desk to Desk Courier & Cargo,True,13.052861,80.242336
node/13638747301,post_office,India Post,,,True,13.100209,80.214236
node/13979260276,post_office,Chitlapakkam Sub Post Office,,India Post,True,12.936829,80.140195
node/384735378,courthouse,Poonamallee Special Court,,,True,13.047026,80.109223
node/542920859,courthouse,Saidapet District Magistrate Courts,,,True,13.01326,80.226957
node/7016742685,courthouse,தமிழ்நாடு மாநில நீதித்துறை அகாடமி,,,True,13.017328,80.259149
node/11958767996,courthouse,National Company Law Tribunal,,,True,13.0944,80.291763
way/34326333,courthouse,Madras High Court,,,True,13.086977,80.287629
way/1089794582,courthouse,Metropolitan Magistrate Court,,,True,13.092134,80.291215
node/248420920,hospital,Kalaignar Karunanidhi Nagar,,Hospital,False,13.038649,80.205216
node/248560797,hospital,Kasimedu,,,False,13.122775,80.296058
node/258978416,hospital,Amrit Hospital,,,False,13.092201,80.279291
node/258978417,hospital,Vikram Hospital,,,False,13.098501,80.279618
node/262452334,hospital,City Tower Hospitals,,,False,13.08438,80.216086
node/289486820,hospital,"Apollo Hospitals, Tondiarpet",,Apollo Hospitals,False,13.128937,80.290562
node/295544111,hospital,K.H.M.Hospital,,,False,13.084442,80.213072
node/295552091,hospital,Sundaram Medical Foundation,,,False,13.08217,80.206982
node/295552092,hospital,Sri Devi Speciality Hospial,,,False,13.088798,80.199469
node/303590777,hospital,Corporation Hospital,,,False,13.033662,80.257247
node/308811614,hospital,"Hindu Mission Health Services, Kanchipuram",,,False,12.978768,80.184647
node/310015097,hospital,Military Hospital,,,False,13.019462,80.197295
node/310504820,hospital,Goverment dental hospital & collage,,,False,13.082961,80.281264
node/310732936,hospital,Kilpauk Medical College,,,False,13.078598,80.243337
node/310909754,hospital,Hariharan Hospital,,,False,12.984715,80.190591
node/310910945,hospital,BM Hospital,,,False,12.988762,80.190412
node/311429396,hospital,K.F. Hospital,,,False,12.973463,80.18414
node/312000326,hospital,Cancer Institute,,,False,13.006134,80.239884
node/313027868,hospital,Sri Ramachandra Medical Centre and Hospital,,,False,13.038098,80.142805
node/320275820,hospital,Govt Maternity Hospital,,,False,13.0721,80.258987
node/320275824,hospital,Institute of Child Health,,,False,13.07355,80.257025
node/320275839,hospital,Institute of Obstetrics and Gynaecology dd,,,False,13.073543,80.259146
node/364650995,hospital,MIOT International,,,False,13.021181,80.185841
node/367795605,hospital,St. Thomas Hospital,,,False,13.012273,80.196428
node/375668400,hospital,Venkataeswara Hospitals,,,False,13.029362,80.244092
node/442508332,hospital,Sarswathi Hospital,,,False,12.965385,80.206773
node/459635161,hospital,Apollo Clinic & Pharmacy,,,False,13.05244,80.204166
node/459648701,hospital,Vijaya Heart Centre,,,False,13.048382,80.207014
node/540658116,hospital,B.M.Orthopaedic Hospital,,,False,13.11811,80.149941
node/591555028,hospital,skandan nursing home,,,False,12.944794,80.14056
node/595706154,hospital,"Vasan Eye Care Hospital, Vadapalani",,,False,13.049532,80.211027
node/597590621,hospital,JJ Hospital,,,False,13.057129,80.194214
node/941471945,hospital,Appasamy Hospital,,Appasamy Hospital,False,13.075045,80.21512
node/941611681,hospital,Appasamy Hospital,,,False,13.073239,80.214883
node/941621037,hospital,Appolo Clinic,,,False,13.089207,80.217887
node/983957837,hospital,"Sankara Eye Hospital, Kanchipuram",,,False,12.965059,80.128212
node/1015571498,hospital,Srm Speciality Hospital,,,False,13.033133,80.181086
node/1015571601,hospital,SRM Dental Hospital,,,False,13.032129,80.18012
node/1127285905,hospital,Aakash Fertility Centre & Hospital,,,False,13.05546,80.211837
node/1152858038,hospital,Rajan Eye Care Hospital,,,False,13.050833,80.243442
node/1182739082,hospital,MMC Govenment Hospital,,,False,13.1636,80.243552
node/1185699253,hospital,Avadi Hospital,,,False,13.117494,80.100813
node/1315895438,hospital,sree dhanalakshmi family clinic,,,False,13.058305,80.211745
node/1446415367,hospital,Bhadra Homeo,,,False,12.966388,80.247472
node/1472969165,hospital,Amma Hospital,,,False,13.062605,80.230521
node/1474055555,hospital,Right Hospitals,,,False,13.078795,80.240573
node/1560720462,hospital,Vasan Eye Care Hospital,,,False,13.001531,80.255254
node/1621246558,hospital,Ashwini Eye Care,,,False,13.118708,80.157242
node/1789987574,hospital,Prime Care Nursing Home,,,False,12.979919,80.204492
node/1833926660,hospital,ACS Medical College And Hospital,,,False,13.057521,80.127824
node/1948616260,hospital,Apollo Free Emergency Clinic,,,False,13.067723,80.205005
node/1955943159,hospital,Agarwal Hospital,,,False,13.038566,80.216584
node/1957903721,hospital,Senthil Nursing Home,,,False,13.084967,80.200475
node/1957904106,hospital,I K Hospital,,,False,13.086867,80.199166
node/1979247767,hospital,B.P. Jain Hospital (Sri Sankara Health Centre),,,False,12.973064,80.133966
node/1993266486,hospital,Ortho clinic,,,False,12.980046,80.228659
node/2072479943,hospital,JK Hospital,,,False,13.035856,80.16449
node/2120763195,hospital,SP Hospital,,,False,12.993364,80.200913
node/2124734395,hospital,Fourtts India Laboratories,,,False,12.932168,80.233739
node/2126461371,hospital,Rotary Central Margaret Sidney Hospital,,,False,12.983796,80.193211
node/2145405955,hospital,Sri Chakra Hospital,,,False,12.978652,80.185028
node/2210056220,hospital,Rajan Hospital,,,False,12.89285,80.183598
node/2253361647,hospital,Dr. Janardhanan Multispeciality Dental Clinic,,,False,12.984259,80.188608
node/2296731456,hospital,Dr Venugopals' Sundaram Clini,,,False,13.076782,80.268345
node/2296731781,hospital,Dr Kabir's Clinic,,,False,13.076873,80.267838
node/2296732187,hospital,Dr Sridhars'Clinic,,,False,13.076434,80.267243
node/2485567524,hospital,Vepery Hospital,,,False,13.092181,80.259441
node/2517035814,hospital,Vasan Eye care,,,False,12.9658,80.191882
node/2559180846,hospital,Jaws Dental Foundation,,,False,13.092967,80.223626
node/2587530810,hospital,Chennai Skin Foundation,,,False,13.020568,80.25947
node/2669702938,hospital,Sukrthi Nursing Home,,,False,12.971029,80.208296
node/2794348661,hospital,A.N.N Hospital,,,False,13.040594,80.178462
node/2966142809,hospital,Appolo Speciality Hospital Vanagram,,,False,13.070504,80.150612
node/3118864398,hospital,Kauvery Hospital,,,False,13.03817,80.257301
node/3157617785,hospital,Dr Mohan's Diabetes Hospital,,,False,12.925574,80.128133
node/3372786283,hospital,Velachery SABA Hospital,,,False,12.986273,80.229892
node/3664004950,hospital,Chellam Hospital,,Chellam Hosptial,False,12.901295,80.158376
node/3687711447,hospital,Kaya Skin clinic,,,False,12.976778,80.222351
node/3702797921,hospital,Madras Medical Mission Hospital - Institute of Cardio Vascular Diseases,,,False,13.085996,80.187059
node/3982078512,hospital,Pavithra Hospital,,,False,13.126091,80.248841
node/4221573903,hospital,Shankara Netralaya Eye Hospital,,,False,13.064256,80.249775
node/4329387869,hospital,Srinivasan Rajalakshmi Memorial Hospital,,"Dr. S.Krishnan , MD.RT, Dr. Mrs. P. Radha [MD]",False,12.973379,80.187599
node/4486583996,hospital,Chennai Medical Centre Hospital,,,False,13.038005,80.188969
node/4488082604,hospital,SRM Institutes For Medical Science,,,False,13.051596,80.21143
node/4740298624,hospital,government child health center,,,False,12.924167,80.127445
node/4740298625,hospital,Christdas hospital,,,False,12.922971,80.12982
node/4764302980,hospital,HEALTH,,,False,13.0136,80.239536
node/4813324323,hospital,GURU EYE HOSPITAL,,,False,13.113302,80.290525
node/4911075821,hospital,Lakshya fertility hospital,,,False,12.926122,80.126519
node/5087493136,hospital,Sugam homeopathic hospital,,,False,12.923099,80.130824
node/5087493227,hospital,Dr. KK eye care center,,,False,12.922066,80.138133
node/5087493324,hospital,Be Well Hospital,,,False,12.92201,80.141779
node/5090924224,hospital,Chellam Super Speciality Center,,,False,12.923785,80.158953
node/5090926024,hospital,New Life Hospital,,,False,12.922517,80.152236
node/5258976324,hospital,Government Health Center,,,False,12.885562,80.151595
node/5259008321,hospital,Annai Therasa Hospital,,,False,12.891741,80.141261
node/5259088422,hospital,Government Veterinary Hospital,,,False,12.885516,80.152282
node/5259129922,hospital,Sindhu hospital,,,False,12.920747,80.14379
node/5259141323,hospital,Bedhesda hospital,,,False,12.920113,80.144379
node/5263563022,hospital,J.M Hoapital,,,False,13.113136,80.242937
node/5302938624,hospital,Kottakkal Arya Vaidhyasala,,,False,12.920372,80.144391
node/5321368440,hospital,Marhura hospital,,,False,12.836928,80.227573
node/5336542921,hospital,The Cresent Hospital,,,False,13.052724,80.272734
node/5367950021,hospital,Biocosmo Healthcare,,,False,13.059033,80.237533
node/5492573024,hospital,VSR Hospital,,,False,13.079968,80.180559
node/5492577281,hospital,New Life Family Hospitals,,,False,13.080048,80.180498
node/5500158687,hospital,Vijaya Group of Hospital,,,False,13.049739,80.208322
node/5547728024,hospital,ஹிபா சிறப்பு மருத்துவமனை,,,False,13.061521,80.275747
node/5570522545,hospital,ARK Hospital,,,False,12.9857,80.229354
node/5631872266,hospital,Annamalai Hospital,,Annamalai,False,13.031147,80.222898
node/5631872277,hospital,Ezhil Hospital,,Durairaj,False,13.031954,80.220791
node/5792664046,hospital,"Qure Ortho Clinic, Physiotherapy, X Ray & Pharmacy",,,False,12.9794,80.204366
node/6138546488,hospital,"Dr.Agarwal's Eye Hospital Ltd, Tambaram",,,False,12.929761,80.120048
node/6185882385,hospital,Nivas Skin Clinic,,,False,13.028966,80.208595
node/6886285320,hospital,Apollo Cancer Centres,,,False,13.033751,80.2451
node/6914280086,hospital,Raju Hospitals,,,False,13.032989,80.230346
node/6914280093,hospital,Rakshith Hospitals,,,False,13.042307,80.177473
node/6914764645,hospital,Dr. A. L. Annamalais Ent Care Centre,,,False,12.943962,80.138844
node/6914764653,hospital,Sri Kalyan Hospital,,,False,13.006398,80.250713
node/6914767985,hospital,A G Chrompet Health And Maternity Centre,,,False,12.950441,80.143831
node/6914768001,hospital,Sen Hospital,,,False,13.110565,80.241878
node/6914768046,hospital,Billroth Hospitals,,,False,13.075743,80.227259
node/6914768063,hospital,Cauvery Trust Hospital,,,False,13.10266,80.211294
node/6914768069,hospital,Kedar Hospital,,,False,13.02291,80.167081
node/6914768085,hospital,Srinivas Eye Hospital,,,False,13.082973,80.179697
node/6914768086,hospital,Soundarapandian Bone and Joint Hospital Research Institute Pvt. Ltd.,,,False,13.08382,80.215641
node/6914768088,hospital,Dr. U. Mohan Rau Memorial Hospital - Chennai,,,False,13.079494,80.257281
node/6914880538,hospital,Chennai Cancer Care,,,False,13.076294,80.234026
node/6914880539,hospital,Chennai Eye Care Hospital,,,False,12.978945,80.22463
node/6914880540,hospital,Chennai Heart Centre,,,False,13.091794,80.241053
node/6914880546,hospital,Chennai Kaliappa Hospital,,,False,13.026849,80.255808
node/6914880552,hospital,Mots Hospital,,,False,13.083361,80.234156
node/6914880584,hospital,Vasanthi Orthopaedic Hospital,,,False,13.072359,80.215764
node/6914896212,hospital,R.K. Gynaec And Maternity Hospital,,,False,13.078813,80.248179
node/6914896214,hospital,R.G. Stone Urological Research Institute,,,False,13.024079,80.227829
node/6914896215,hospital,R. K. Eye Centre,,,False,13.048591,80.231179
node/6914896269,hospital,Psymed Hospiyal,,,False,13.071476,80.2318
node/6914911759,hospital,Vanaja Hospital,,,False,13.199039,80.176031
node/6914911764,hospital,"Vasanthram Hospital (P) Ltd.,",,,False,13.043309,80.21877
node/6914927162,hospital,Vadapalani Multispeciality Hospital,,,False,13.051656,80.213315
node/6914937617,hospital,Sri Ramachandra Hospital,,,False,13.037871,80.140202
node/6915117046,hospital,"M N Eye Hospital Private Limited, Tondiarpet",,,False,13.123231,80.287653
node/6915134068,hospital,Doctor Rexs Hospitals,,,False,13.083881,80.250239
node/6915201226,hospital,Helios Hospital Pvt Ltd,,,False,12.985588,80.218914
node/6915218991,hospital,Deepam Muthu Hospital,,,False,13.099585,80.26053
node/6915231638,hospital,Devibala Maternity,,,False,12.971439,80.137815
node/6915413133,hospital,S K Nursing Home Pvt Ltd,,,False,12.928932,80.117086
node/6915463333,hospital,Malligai Hospital,,,False,13.123876,80.289975
node/6915520031,hospital,D.R.R. Eye Hospital,,,False,13.045906,80.113604
node/6915563707,hospital,Deepam Hospital,,,False,12.92941,80.117438
node/6915836812,hospital,Huma Specialists Hospital and Research Centre Pvt Ltd,,,False,13.028265,80.235353
node/6916036803,hospital,Divya Hospital,,,False,12.964439,80.187601
node/6916178396,hospital,Noor`S Hospital,,,False,13.141844,80.248505
node/6916205172,hospital,"Vasan Eye Care Hospital, Perambur",,,False,13.117789,80.22871
node/6926045326,hospital,Sri Sai Krs Hospital,,,False,13.037976,80.216298
node/6926049961,hospital,"Gowri Nursing Home, Kanchipuram",,,False,12.977971,80.188392
node/6926055599,hospital,Christudas Orthopaedic Speciality Hospital,,,False,12.921414,80.127482
node/6926055600,hospital,Satish Eye Hospital,,,False,13.081396,80.246997
node/6926055920,hospital,"A.K. Hospital, Chennai",,,False,13.074144,80.220515
node/6926055921,hospital,Gajanan Hospitals Pvt Ltd,,,False,12.92644,80.111771
node/6926055922,hospital,Ammayi Eye Hospital,,,False,13.033193,80.215904
node/6926055923,hospital,K.M. Speciality Hospital,,,False,13.037967,80.201352
node/6926060954,hospital,Subha Hospital,,,False,13.111387,80.292349
node/6926082101,hospital,I Care Eye Care Eye Institute,,,False,12.943659,80.143779
node/6926107781,hospital,Radhatri Nethralaya,,,False,13.033928,80.239497
node/6926118208,hospital,"S M Hospital, Chennai",,,False,13.040097,80.204421
node/6926173267,hospital,Cu Shah Sankara Netralaya,,,False,13.001269,80.200128
node/6926280322,hospital,Aashiana Hospital,,,False,13.092404,80.209018
node/6926411928,hospital,"Ayesha Hospital, Kilpauk",,,False,13.084701,80.249805
node/6926437405,hospital,Frontline Eye Hospital,,,False,13.032353,80.251721
node/6926437416,hospital,Fousiya Hospital,,,False,13.047772,80.274447
node/6926437428,hospital,Hande Hospital,,,False,13.076465,80.227459
node/6926437454,hospital,Dr Gurusekaran Hospital Pvt Ltd,,,False,13.037492,80.238114
node/6926437476,hospital,Grace Multipeciality Hospital,,,False,12.956977,80.186756
node/6926494055,hospital,G. R. Hospital & Fertility Centre,,,False,12.995298,80.206896
node/6926494067,hospital,G K M Hospital Pvt Ltd,,,False,13.089992,80.25852
node/6926808792,hospital,Starlight Hospitals Pvt Ltd,,,False,12.986453,80.260158
node/6926953017,hospital,Kaliappa Renal Center,,,False,13.027462,80.256648
node/6926953024,hospital,K P Childrens Hospital And Neuro Centre,,,False,12.991118,80.198674
node/6927267098,hospital,Ayur Kshetra ( A Unit Of Institute Of Ayurvedic Research Pvt Ltd),,,False,13.076081,80.210743
node/6927292449,hospital,Krishna Eye And Ent Hospitals,,,False,13.034398,80.233976
node/6927308315,hospital,Vishnu Eye Clinic and Laser Foundation,,,False,13.084289,80.223061
node/6927359623,hospital,Kanaga Hospital,,,False,13.009988,80.122329
node/6927380447,hospital,"Santhigiri Ayurveda and Siddha Hospital, Chennai",,,False,13.047687,80.264657
node/6927647007,hospital,Vijaya Heart Foundation - Vijaya Hospital,,,False,13.054729,80.211046
node/6927769046,hospital,Santosh Hospital Pvt Ltd,,,False,12.995229,80.26919
node/6928042666,hospital,"Dr.Agarwal's Eye Hospital Ltd., Anna Nagar",,Dr. Agarwal's Eye Hospital,False,13.084741,80.221968
node/6928094720,hospital,Athipathi Hospital and Research Centre,,,False,12.976271,80.2222
node/6928167787,hospital,Girishwari Hospital Pvt Ltd,,,False,13.034979,80.251914
node/6928327073,hospital,Sri Kumaran Multi Speciality Hospital,,,False,13.115289,80.292361
node/6928330765,hospital,Sri Kumaran Hospital,,,False,12.927847,80.111862
node/6928330859,hospital,Dr. Arvind Vision Care,,,False,13.084012,80.169181
node/6928384708,hospital,Dr. K Ravi Eye Care,,,False,13.040701,80.261802
node/6928444701,hospital,"SKS Hospital, Chennai",,,False,13.089699,80.187742
node/6928481484,hospital,Dr. K.K. Surgical and Paediatric Centre Pvt Ltd,,,False,12.922037,80.138244
node/6928727073,hospital,Madras Ent Research Foundation,,,False,13.026869,80.254144
node/6928752799,hospital,Dr. Mohans Mv Diabetes Specialities Centre - Chennai,,,False,13.054195,80.257671
node/6928779096,hospital,Chettinad Super Speciality Hospital,,,False,12.910941,80.228211
node/6928800365,hospital,Dr.Bhats Eye Hospital,,,False,13.117541,80.153941
node/6928878284,hospital,Lifeline Rigid Hospital,,,False,13.07802,80.233699
node/6928899364,hospital,Dr. Seshiah Diabetes Research Institute and Dr. Balaji Diabetes Care Centre,,,False,13.074859,80.229984
node/6928920472,hospital,Dr.Kamakshi Memorial Hospital,,,False,13.002219,80.252087
node/6928920473,hospital,Dr.Duraiswami Eye Hospital,,,False,13.034051,80.227937
node/6928936148,hospital,Dr.Agarwals Eye Hospital - Velacherry,,Dr. Agarwal's Eye Hospital,False,12.983237,80.217509
node/6928936149,hospital,"Dr.Agarwal's Eye Hospital Ltd, Nanganallur",,Dr. Agarwal's Eye Hospital,False,12.982784,80.189166
node/6928936160,hospital,Dr. Udhaya Rajas Dental Centre,,,False,13.046549,80.24229
node/6929229178,hospital,National Institute Of Siddha Department Of Ayush,,,False,12.939326,80.127977
node/6929250392,hospital,Dhanvantari Eye Care,,,False,13.097328,80.194219
node/6929255218,hospital,Sri Bala Nursing Home,,,False,13.118312,80.231805
node/6929257550,hospital,"Anand Hospital, Chennai",,,False,13.163835,80.258166
node/6929259906,hospital,Lakshmi Hospital,,,False,13.031489,80.221869
node/6929266356,hospital,Nanthini Hospital,,,False,12.932646,80.232006
node/6929359056,hospital,B.M. Silver Jubilee Multi Speciality Hospital,,,False,12.964686,80.152229
node/6929359057,hospital,Bharathirajaa Hospital and Research centre,,,False,13.048098,80.245015
node/6929359073,hospital,Bethany Health Care Centre,,,False,13.069981,80.244414
node/6929359074,hospital,Bethesda Hospital and Child Care Centre,,,False,12.92178,80.1451
node/6929359084,hospital,Bhagwan Mahaveer Eye Hospital,,,False,13.110508,80.29172
node/6929372896,hospital,Bharath Hospital,,,False,12.982328,80.193783
node/6929398895,hospital,Trinity Acute Care Hospital - Chennai,,,False,13.038261,80.258279
node/6929592168,hospital,Balakrishna Eye Hospital,,,False,13.027444,80.226987
node/6929599461,hospital,Dr Rabindran's Health Care Center,,,False,13.119077,80.150486
node/6929625889,hospital,Babu's Maternity Hospital,,,False,12.929492,80.119477
node/6929625895,hospital,B.S.S. Hospital,,,False,13.026013,80.265523
node/6929625900,hospital,B.S. Hospital,,,False,12.934323,80.138437
node/6929625901,hospital,B.R.S. Hospital Pvt. Ltd.,,,False,13.051944,80.245483
node/6929731466,hospital,Harvey Healthcare Limited,,,False,13.037303,80.255814
node/6929737121,hospital,Chitra's Ent Laser Hospital,,,False,13.051825,80.247648
node/6929969774,hospital,Kottakkal Arya Vaidya Sala,,,False,13.039548,80.231302
node/6930080547,hospital,"Rohit Hospital, Tiruvallur",,,False,13.151229,80.299898
node/6930163091,hospital,Je Nesam Hospital,,,False,13.040573,80.214687
node/6930163175,hospital,Chennai Meenakshi Multispeciality Hospital Ltd,,,False,13.03762,80.261962
node/6930188138,hospital,Chennai Skin Foundation and Yesudian Research Institute,,,False,13.021039,80.259292
node/6930464973,hospital,Chinnammal Ent Hospital,,,False,13.045934,80.113143
node/6930467954,hospital,Dr.Mu.Va.Hospital,,,False,13.074333,80.228278
node/6930489015,hospital,Cholayil Sanjeevanam Ayurveda,,,False,13.084453,80.179864
node/6931010523,hospital,"Vandana Hospital, Tiruvallur",,,False,13.145686,80.292714
node/6931566251,hospital,Mysaan Hospital,,,False,13.064133,80.270564
node/6931658649,hospital,V H M Hospitals Pvt Ltd,,,False,13.046289,80.197998
node/6931772941,hospital,Robin and Robin Health Care,,,False,13.080774,80.198903
node/6932068862,hospital,West Madras Medical Centre,,,False,13.08505,80.215956
node/6932103990,hospital,"Kauvery Hospital, Chennai",,,False,13.039056,80.256821
node/6932138889,hospital,Rathi Med Speciality Hospital,,,False,13.09165,80.217984
node/6932203729,hospital,Santhi Hospital,,Private,False,12.950784,80.255186
node/6932740110,hospital,Sunder Eye Hospital,,,False,13.08497,80.215972
node/6932938089,hospital,Laksha Hospital,,,False,13.043547,80.263635
node/6932938090,hospital,"Lake View Hospital, Tiruvallur",,,False,13.136821,80.208752
node/6932966221,hospital,Narayanaa Hospital,,,False,13.089377,80.25476
node/6932999583,hospital,NN Hospital,,,False,12.930097,80.118847
node/6933010451,hospital,Janamma Hospital,,,False,13.026946,80.26232
node/6933016136,hospital,"Noble Hospital, Chennai",,,False,13.082154,80.253244
node/6933038486,hospital,"J.K. Hospital, Chennai",,,False,13.135451,80.29348
node/6933038566,hospital,Indira Eye Hospital,,,False,13.022206,80.262239
node/6933038567,hospital,Indian Hospitals,,,False,13.076666,80.20575
node/6933130958,hospital,Diabetes Research Centre and M.V.Hospital For Diabetes,,,False,13.111946,80.295207
node/6933279103,hospital,"Vasan Eye Care Hospital, Neelankarai",,,False,12.950427,80.2551
node/6933370913,hospital,Apollo First Medical Foundation,,,False,13.077691,80.245922
node/6933510851,hospital,Josephs Nursing Home,,,False,13.073941,80.235735
node/6933510862,hospital,Jip Diabetic and Heart Care Centre,,,False,12.954833,80.141636
node/6933510877,hospital,Jayam Polyclinc,,,False,12.995856,80.260334
node/6933514287,hospital,Jayadev Polyclinic Hospital,,,False,13.077855,80.241529
node/6933514313,hospital,"Jawahar Hospital, Kanchipuram",,,False,12.93355,80.123004
node/6933522070,hospital,Kummaran Eye Speciality Centre,,,False,13.060035,80.230291
node/6933523232,hospital,Kvt Health Centre,,,False,13.12823,80.242156
node/6933737012,hospital,Ezhil Hospital,,,False,13.130226,80.291685
node/6933748976,hospital,Essvee Hospital,,,False,13.123201,80.146142
node/6933757130,hospital,Premier Health Center,,,False,13.084249,80.220851
node/6933794368,hospital,Vasantha Subramanian Hospitals Pvt Ltd,,,False,13.073197,80.252724
node/6933802716,hospital,"Vasan Eye Care Hospital, Tondiarpet",,,False,13.110901,80.28122
node/6933828333,hospital,Madras Poly Clinic and R.R. Scan,,,False,13.046106,80.222004
node/6933831617,hospital,"Vasan Eye Care Hospital, Valasaravakkam",,,False,13.041106,80.174755
node/6933833923,hospital,Life Medhospital,,,False,13.053551,80.257691
node/6933869777,hospital,"K.M. Hospitals, Chennai",,,False,13.088411,80.242117
node/6933875088,hospital,Zubeda Hospitals Ltd.,,,False,13.074196,80.235777
node/6933910999,hospital,RR Multispeciality Hospital,,,False,13.058475,80.274012
node/6933998001,hospital,Dr.Manju Kulkarni Hospital,,,False,13.074384,80.236767
node/6934018868,hospital,S.V. Bone And Joint Hospital,,,False,13.047324,80.224146
node/6934031649,hospital,Sri G.M. Hospital,,,False,12.965227,80.192764
node/6934036697,hospital,Sri Eshodha Hospital,,,False,13.098121,80.236264
node/6934061609,hospital,Srichakara Multispeciality Hospital,,,False,12.97853,80.185138
node/6934098007,hospital,Abhijay Hospital,,,False,13.116018,80.232844
node/6934139598,hospital,Arvind Sai Eye Hospital,,,False,12.973139,80.137125
node/6934146446,hospital,"Sinus And Nose Hospital - Mylapore, Chennai",,,False,13.035062,80.277848
node/6934155951,hospital,Sindu Hospital,,,False,12.920658,80.143401
node/6934163318,hospital,Sibi Hospital,,,False,12.969792,80.190456
node/6934186203,hospital,Sri Venkateshwara`s C.M. Hospital,,,False,12.985791,80.185987
node/6934246102,hospital,Srinivas Priya Hospital (P) Ltd,,,False,13.110047,80.246685
node/6934270989,hospital,Anjakha Hospital,,,False,12.963741,80.188005
node/6934271042,hospital,M.S.M. Skin and Hair Care Clinic,,,False,12.952144,80.143813
node/6934271069,hospital,"M.R. Hospital, Chennai",,,False,13.072528,80.219578
node/6934271075,hospital,M. N. Orthopaedic Hospital,,,False,13.081033,80.233665
node/6934271106,hospital,M V Hospital For Diabetes Pvt Ltd,,,False,13.112157,80.295693
node/6934271111,hospital,M N Eye Hospital,,,False,12.996767,80.26036
node/6934301423,hospital,"A.V. Hospital, Chennai",,,False,13.11708,80.286419
node/6934325848,hospital,N.R. Hospital,,,False,13.112216,80.230974
node/6934325849,hospital,N.R. Medical Home Private Limited,,,False,13.096588,80.259714
node/6934325866,hospital,Nagamani Hospitals Private Limited,,,False,13.117412,80.289427
node/6934325876,hospital,Nalamm Hospital Pvt Ltd,,,False,13.118422,80.261018
node/6934325882,hospital,Nandalala Medical Foundation,,,False,13.032852,80.261517
node/6934326572,hospital,Sri Kumaran Health Centre,,,False,13.130891,80.21388
node/6934340601,hospital,Nandhini Hospital,,,False,12.978471,80.224793
node/6934340623,hospital,Navasuja Sankara Nethralaya,,,False,13.026511,80.260788
node/6934340638,hospital,Neomed Hospital - Chennai,,,False,13.083452,80.203075
node/6934340658,hospital,"New Balaji Hospital, Chennai",,,False,13.031647,80.231118
node/6934340659,hospital,New Hope Indian Specilaity Hospital,,,False,13.077758,80.241483
node/6934340664,hospital,New Hope Medical Centre Pvt. Ltd,,,False,13.077682,80.24152
node/6934340665,hospital,Nichani Health Centre,,,False,13.111251,80.294028
node/6934340710,hospital,Om Shakthi Hospital,,,False,13.118422,80.150775
node/6934340749,hospital,Orthopedic and Specialities Hospital,,,False,13.039056,80.208672
node/6934340766,hospital,Padmapriya Hospital Pvt. Ltd.,,,False,12.999622,80.253703
node/6934340781,hospital,Palani Balaji Fertility Centre,,,False,13.012212,80.223508
node/6934340782,hospital,Pallava Hospital,,,False,13.042039,80.2126
node/6934340789,hospital,Pankajam Memorial Hospital,,,False,12.980147,80.183596
node/6934347087,hospital,Apollo Childrens Hospital,,,False,13.060131,80.252366
node/6934347093,hospital,Anuradha Maternity Centre,,,False,13.035688,80.233755
node/6934407803,hospital,Shri Balaji Hospital - Chennai,,,False,13.091971,80.251163
node/6934884999,hospital,Teja Hospital,,,False,13.122003,80.146927
node/6934897845,hospital,Tamil Nadu Urological Research Centre,,,False,13.071034,80.222632
node/6934903332,hospital,Sss Hospital,,,False,13.157773,80.301893
node/6935159758,hospital,Thirimoorthys Heart Care Hospital,,,False,12.967335,80.186798
node/6935224404,hospital,"Thulasi Krishna Nursing Home, Kodambakkam",,,False,13.051718,80.230005
node/6935224405,hospital,"Sugam Hospital, Tiruvallur",,,False,13.165218,80.303297
node/6935272552,hospital,Dr. Agarwal's Eye Hospital,,Dr. Agarwal's Eye Hospital,False,13.074266,80.238216
node/6935274089,hospital,Selvarangam Hospital,,,False,13.085018,80.224467
node/6936134771,hospital,"Sankara Nethralaya, Chennai",,,False,13.067084,80.250544
node/6936244762,hospital,Royal Hospital - Chennai,,,False,13.044968,80.184651
node/6936264375,hospital,Viganesh Hospital,,,False,13.030913,80.17159
node/6936271569,hospital,Sri Lakshmi Multi Speciality Hospital Pvt Ltd,,,False,12.964078,80.246143
node/6936275517,hospital,Dr Agarwal Eye Hospital Ltd,,,False,13.11359,80.227076
node/6936294078,hospital,Karthik Hospital,,,False,13.166552,80.304305
node/6936315219,hospital,Spandana Surgical Centre,,,False,13.083445,80.17495
node/6936316468,hospital,Tosh Hospitals Private Limited,,,False,13.082702,80.242465
node/6936339695,hospital,Sundaram Cancer Centre,,,False,13.07604,80.236622
node/6936339711,hospital,R.R. Eye Instutute and Laser Foundation,,,False,13.048399,80.204042
node/6936339822,hospital,Avm Medical Ent Research Foundation Pvt Ltd,,,False,13.044149,80.263711
node/6936356289,hospital,"Aditya Hospital, Chennai",,,False,13.08068,80.248616
node/6936359923,hospital,Laser and Laparascopic Hospital,,,False,13.043012,80.237152
node/6936359940,hospital,Lakshmi Maternity Hospital,,,False,12.993867,80.252844
node/6936359972,hospital,Kumaran Hospital Pvt.Ltd.,,,False,13.079029,80.249089
node/6936369001,hospital,D R J Hospital P. Ltd.,,,False,13.121789,80.199636
node/6936386662,hospital,"Dr Agarwals Eye Hospital Ltd, Chennai",,,False,13.038135,80.161934
node/6936391765,hospital,Apollo Specialty Hospitals Private Limited,,,False,13.017796,80.271101
node/6936411410,hospital,Deepam Eye Hospital,,,False,13.087761,80.242348
node/6936415699,hospital,Dr. A. Ramachandran's Diabetes Hospital,,,False,13.068534,80.25799
node/6936434314,hospital,"Srushti Hospital, Kanchipuram",,,False,13.035348,80.182281
node/6936469837,hospital,Veecare Eye Hospital,,,False,13.084395,80.218243
node/6936663153,hospital,Velachery K S Hospital,,,False,12.976391,80.211402
node/6936669886,hospital,K.J. Hospital,,,False,13.079002,80.25267
node/6936681265,hospital,Sathya Physiotherapy Centre,,,False,13.044037,80.23362
node/6936684311,hospital,Kensington Hospital,,,False,13.078838,80.246937
node/6936684328,hospital,Ponmalligai Hospital Pvt Ltd,,,False,12.992512,80.206147
node/6936684391,hospital,Pdr Othopaedic Hospital,,,False,13.038952,80.229089
node/6936695126,hospital,E V Kalyani Medical Centre,,,False,13.042779,80.270681
node/6936695172,hospital,Yogi Vedha Kumari Hospital,,,False,13.026988,80.263159
node/6936695177,hospital,Xcellent Care Superspeciality Hospital,,,False,12.983389,80.218178
node/6936695178,hospital,Women and Children Foundation,,,False,13.047847,80.232907
node/6936695215,hospital,Subhiksha Hospital,,,False,12.974099,80.138761
node/6936695226,hospital,"Sudha Hospital, Chennai",,,False,13.07915,80.254149
node/6936696196,hospital,V.K. Hospital,,,False,13.081694,80.252281
node/6936696229,hospital,U.K. Hospitals Pvt. Ltd.,,,False,13.083886,80.225263
node/6936696239,hospital,"Trust Hospital, Chennai",,,False,13.089219,80.24154
node/6936696240,hospital,Titan Eye,,,False,13.082343,80.207629
node/6936708005,hospital,Sai Ortho Care Hospital,,,False,13.033278,80.237165
node/6936708989,hospital,Sooriya Hospital,,,False,13.048189,80.20352
node/6936709086,hospital,Centre For Blood Disorders,,,False,13.04965,80.241058
node/6936738654,hospital,Roselin Gandhi Hospital,,,False,13.116671,80.28033
node/6936874933,hospital,Paterson Cancer Center / Vijaya Health Centre Premises,,,False,13.047583,80.206972
node/6936953154,hospital,Fertility Research Centre,,,False,13.055886,80.248134
node/6936976871,hospital,Spot Hospital,,,False,13.047269,80.218735
node/6936994823,hospital,B B Hospital,,,False,13.11842,80.204346
node/6937055902,hospital,Appasamy Krishna Hospital and Medical Research Centre,,,False,12.975865,80.220502
node/6937067452,hospital,"Medindia Hospitals, Chennai",,,False,13.060672,80.24322
node/6937109075,hospital,"Aakash Hospital, Tiruvallur",,,False,13.169482,80.304324
node/6937111102,hospital,K.M. Multi Speciality Hospital,,,False,13.145007,80.239825
node/6937320470,hospital,Rudhra-Chella Clinicare`N`Cure Services,,,False,13.122888,80.293498
node/6937351599,hospital,K.K.R. ENT Hospital and Research Institute(P) Ltd,,,False,13.078195,80.245289
node/6937398987,hospital,Roy's Heart Foundation,,,False,13.034589,80.183694
node/6937434309,hospital,"Srinivasa Hospital P P N, Chennai",,,False,13.050338,80.229938
node/6937467152,hospital,Gastro Cre Hospital,,,False,13.039407,80.250768
node/6937497904,hospital,Aaditya Kamaraja Eye Hospital,,,False,13.046368,80.186524
node/6937630622,hospital,"Kasthuri Hospital, Chennai",,,False,12.92694,80.11465
node/6950288001,hospital,Sahishnatha Indtitute Of Maternal And Child Health,,,False,12.95319,80.254161
node/6950427127,hospital,Immanuel Hosptal,,,False,13.116212,80.106551
node/7181684162,hospital,Siva E N T Hospital,,,False,13.06198,80.274169
node/7181711080,hospital,"Vinayagam Laser Hospital, Chennai",,,False,13.047611,80.265095
node/7181721033,hospital,"Dr Agarwals Eye Hospital, Triplicane",,,False,13.052488,80.273645
node/7181722911,hospital,"Dr.Agarwal's Eye Hospital Ltd., Gopala Puram",,Dr. Agarwal's Eye Hospital,False,13.043209,80.259169
node/7181748147,hospital,Bharani Hospital,,,False,13.038011,80.20132
node/7181795816,hospital,Vasantha Hospital,,,False,13.173811,80.294082
node/7210884259,hospital,Fortis Vadapalani Hospital,,,False,13.047513,80.204273
node/7210895386,hospital,Tamil Nadu Urological Research Centre Best Kidney Stone Clinic,,,False,13.074871,80.214755
node/7210899888,hospital,Sree Sanjeevi Rayan Hospital,,,False,13.199228,80.178616
node/7210911300,hospital,Sri Ranga Hospitals,,,False,13.029053,80.263627
node/7210948177,hospital,Chamiers Day Care Center,,,False,13.029728,80.244625
node/7213394742,hospital,London Harley Street Women And Fertility Centre,,,False,12.960972,80.242149
node/7213449202,hospital,Gas Hospital,,,False,13.003026,80.254098
node/7213492568,hospital,Dr.Bala Subramanian,,,False,13.046506,80.24238
node/7252256158,hospital,Madhavaram Government Hospital,,,False,13.163539,80.243067
node/7252256167,hospital,"Govt Hospital, Alamathi",,,False,13.209768,80.112121
node/7252256177,hospital,Swasthik Health Care center,,,False,13.129713,80.250604
node/7252256184,hospital,NRV Hospital,,,False,13.13468,80.243196
node/7252256194,hospital,Sugam Hospital,,,False,13.168596,80.304286
node/7252333314,hospital,Govt Kilpauk Medical College Hospital,,,False,13.07832,80.243753
node/7252333318,hospital,Rasi Hospital,,,False,13.12038,80.285818
node/7252333320,hospital,Government Maternity And Child Hospital,,,False,13.099174,80.230199
node/7252333321,hospital,Cloudnine Hospital - Chennai,,,False,13.043394,80.246117
node/7252333330,hospital,Shifa Hospital And Reasearch Centre,,,False,13.061988,80.274513
node/7252333337,hospital,Govt. Stanley Hospital,,,False,13.10618,80.286804
node/7252333341,hospital,Subam Specialities Hospitals,,,False,13.046978,80.1895
node/7252333346,hospital,Srisaihospital With Matrinity Facility,,,False,13.069263,80.179911
node/7252333347,hospital,Govt Peripheral Hospital Periyar Nagar,,,False,13.115305,80.223385
node/7252333349,hospital,Be Well Hospital,,,False,13.043113,80.24531
node/7252333352,hospital,Hera Hospital,,,False,13.050864,80.192246
node/7252333354,hospital,Government Unani Hospital,,,False,13.112901,80.295798
node/7252333356,hospital,Meenakshi Hospital & Childrens Hospital,,,False,13.058665,80.24285
node/7252333369,hospital,Tanker Dialysis Foundation Unit,,,False,13.09041,80.175293
node/7252333371,hospital,Hiba Hospital,,,False,13.06162,80.275793
node/7252333372,hospital,A.R.A Hospital For Women,,,False,13.050882,80.273513
node/7252333375,hospital,Priyas Medical Centre,,,False,13.059402,80.195442
node/7252333378,hospital,Dr. Rai Memorial Medical Centre,,,False,13.044837,80.247551
node/7252333380,hospital,Medway Hospitals,,,False,13.053597,80.227538
node/7252333381,hospital,Seven Wells Hospital,,,False,13.099378,80.282542
node/7252333383,hospital,Government Hospital,,,False,13.068807,80.267208
node/7252333388,hospital,Standard Hospital,,,False,13.052468,80.189847
node/7252333389,hospital,Chennai Corporation Hospital,,,False,13.114293,80.284452
node/7252333390,hospital,Guru Raghavendra Hospital,,,False,13.041009,80.196453
node/7252333392,hospital,Varadarajapuram Government Hospitals,,,False,13.112681,80.153358
node/7252333394,hospital,Seethapathy clinic & Hospital,,,False,13.048703,80.264545
node/7252333396,hospital,Kvt Health Speciality Hospital,,,False,13.126753,80.24898
node/7252333397,hospital,Sakthi Hospital &Reasearch Centre Helath Care Organization,,,False,13.057271,80.275736
node/7252333398,hospital,Women And Children Foundation Hospitals T-Nagar,,,False,13.048082,80.232996
node/7252333399,hospital,Dr.Rai Cbcc Centre,,,False,13.05562,80.124419
node/7252333402,hospital,Annai multispeciality hospital,,,False,13.053886,80.192712
node/7252333403,hospital,Firm Hospital,,,False,13.091646,80.213994
node/7252333406,hospital,The Best Hospital Private Ltd,,,False,13.053509,80.219549
node/7252333407,hospital,Chennai Corporation Hospital,,,False,13.0887,80.256712
node/7252333409,hospital,Triplicane Government Hospital,,,False,13.060986,80.274798
node/7252333416,hospital,Government Hospital For Ladies And Children,,,False,13.059056,80.192822
node/7255706468,hospital,SIMS Hospital,,,False,13.056183,80.247833
node/7257289060,hospital,Tagore Medical College Hospital,,,False,12.860133,80.135874
node/7257289090,hospital,Shri Isari Velan Hospital,,,False,12.846693,80.197261
node/7257289121,hospital,Vn Allergy & Asthma Research Centre,,,False,12.927523,80.112542
node/7257289123,hospital,Suraj Hospital,,,False,12.910778,80.196756
node/7257289126,hospital,Bethesda Medical Mission Hospital,,,False,12.92622,80.102998
node/7257421533,hospital,Sri Muthukumaran Medical College Hospital & Research Institute,,,False,13.01822,80.108873
node/7257421540,hospital,Sunrays Laproscopic Centre,,,False,13.031913,80.209989
node/7257421544,hospital,Sriramachandra Hospital,,,False,13.037444,80.144454
node/7257421549,hospital,Chinna Porur Government Hospital,,,False,13.036953,80.169935
node/7257421555,hospital,Arun Hospital,,,False,12.940864,80.182868
node/7257421557,hospital,Motherhood Hospital,,,False,13.031201,80.251199
node/7257421559,hospital,"Government Hospital, Adyar",,,False,12.99795,80.256212
node/7257421563,hospital,Shree Eye & Maternity Hospital,,,False,12.952192,80.144225
node/7257421569,hospital,Gunasekaran Hospitals Pvt.Ltd,,,False,13.037462,80.238939
node/7257421573,hospital,"Government Hospital, Tambaram",,,False,12.94505,80.13456
node/7257421582,hospital,Vijayam Hospital & Fertility Centre,,,False,12.95866,80.187198
node/7257421583,hospital,Kumaran Specialities Hospital,,,False,13.03968,80.21204
node/7257421586,hospital,Arokiya hospital,,,False,13.037423,80.190944
node/7257421589,hospital,Parvathy Hospital,,,False,13.036525,80.156734
node/7257421593,hospital,Genesis Womens Hospital,,,False,13.034922,80.246547
node/7257421596,hospital,Radhatri Nethralaya,,,False,13.03422,80.239819
node/7257421601,hospital,Kavery Hospital,,,False,13.038362,80.25724
node/7257421602,hospital,Kanamapet Government Hospital,,,False,13.029899,80.226121
node/7257421613,hospital,Government Hospital Alandur,,,False,13.004816,80.202543
node/7257421615,hospital,Janani Hospital,,,False,13.031323,80.190926
node/7257421619,hospital,T.K.R. Hospital,,,False,12.934223,80.180756
node/7320948885,hospital,Unani sidha ayurvedha in patient block,,,False,13.075361,80.21879
node/7652446229,hospital,Taj Hospital,,,False,13.02394,80.116819
node/7652449746,hospital,Malar Clinic,,Dr. Arun,True,12.964589,80.195852
node/7818702357,hospital,Prasad Multispeciality Hospital,,,False,13.156154,80.301391
node/7818702358,hospital,Uma Hospital,,,False,13.13454,80.205888
node/7818702367,hospital,Suman Hospital,,,False,13.15033,80.29842
node/7818702393,hospital,Sankara Eye Hospital,,,False,13.165259,80.25871
node/7818702395,hospital,G S Hospital,,,False,13.153762,80.300648
node/7818702399,hospital,Md Hussain Hospital,,,False,13.170278,80.193567
node/7818702406,hospital,Esha Hospital,,,False,13.152173,80.300215
node/7818702409,hospital,Annai Hospital,,,False,13.148628,80.298281
node/7818702419,hospital,Sekar Hospital,,,False,13.152333,80.299881
node/7818702420,hospital,St. Anthony's Hospital,,,False,13.161861,80.204431
node/7819840745,hospital,Kannimaram Hospital,,,False,13.047185,80.184358
node/7819840748,hospital,Vasanthi Dental Hospital,,,False,13.040182,80.180345
node/7819840767,hospital,Aravind Eye Hospital,,Aravind Eye Hospitals,False,13.053291,80.124954
node/7819840797,hospital,Meenakshi Mission Hospital,,,False,13.047262,80.18156
node/7819840806,hospital,Shanthi Hospital,,,False,13.047041,80.184113
node/7820874217,hospital,Sri Meenachi Hospital,,,False,12.850128,80.140347
node/7820874273,hospital,Kathir Memorial Hospital,,,False,12.84935,80.141738
node/7821906812,hospital,Sanjeevi's Ayush Hospital,,,False,12.928513,80.113906
node/7821906814,hospital,AG Multi Speciality Hospital,,,False,12.925218,80.112539
node/7821906817,hospital,N S Hospital,,,False,12.927461,80.11434
node/7821906820,hospital,Dr. Sathish Kumar Institute Of Child Health and Hospital for Children,,,False,12.937289,80.13902
node/7821906825,hospital,Peeram Hospital Private Limited,,,False,12.934995,80.125735
node/7821906832,hospital,Saaol Heart Centre,,,False,12.936123,80.123835
node/7821906834,hospital,PK Multi Speciality Hospital,,,False,12.929311,80.118892
node/7821906836,hospital,Jyothi Siddha Ayurveda Hospital,,,False,12.93053,80.118585
node/7821906842,hospital,Sarjana Hospital,,,False,12.926485,80.102663
node/7821906853,hospital,Sree Devi Hospital,,,False,12.929335,80.113189
node/7821906855,hospital,Jawahar Hospital,,,False,12.922789,80.128194
node/7821906857,hospital,Ramana Child Hospital,,,False,12.934018,80.123674
node/7821906858,hospital,Arya Vaidya Shala,,,False,12.923928,80.128039
node/7821906859,hospital,Dr. Mehta Hospital,,,False,12.932399,80.119517
node/7821906860,hospital,Seshagiri Hospital,,,False,12.930127,80.119575
node/7821906861,hospital,Udhayam Maternity and General Hospital,,,False,12.929254,80.117767
node/7821906862,hospital,Children Care Centre,,,False,12.92613,80.105973
node/7821906863,hospital,Madhu Hospital,,,False,12.925321,80.127037
node/7821906864,hospital,Vithagan Health Care Hospital,,,False,12.923402,80.129269
node/7821906866,hospital,Arul Hospital,,,False,12.925426,80.10622
node/7821906868,hospital,A.G Hospital,,,False,12.926483,80.111783
node/7821906869,hospital,Apollo Hospital,,,False,12.924382,80.106122
node/7821906871,hospital,Parvathy Ortho Hospital,,,False,12.926421,80.107822
node/7821906876,hospital,Rainbow Women and Children's Hospital,,,False,12.925562,80.114139
node/7821906879,hospital,Elmer Kidney Care,,,False,12.927288,80.112985
node/7821906887,hospital,Sri Jayam Hospital,,,False,12.927951,80.115223
node/7821906889,hospital,Raindew Hospital,,,False,12.924969,80.112188
node/7821906892,hospital,M.J. Hospital,,,False,12.922599,80.128063
node/7821906894,hospital,Sudar Hospital,,,False,12.930282,80.117582
node/7821906895,hospital,Sai Vijay Ayurvedic Herbal Health Care,,,False,12.923324,80.12704
node/7821906903,hospital,Manimegalai Hospital,,,False,12.937072,80.139447
node/7821906906,hospital,Rajarajan Venkateshan Hospital,,,False,12.926108,80.106087
node/7821906907,hospital,Dhanwanthralaya Ayurveda Speciality Hospital,,,False,12.930972,80.107112
node/7821906908,hospital,Dhanwantralaya,,,False,12.926297,80.11211
node/7822259984,hospital,Deepam Rehabilitation Centre,,,False,12.916386,80.178931
node/7822259986,hospital,HCL Health Care,,,False,12.904472,80.216804
node/7822259987,hospital,Ganesh Hospital,,,False,12.908259,80.157008
node/7822259988,hospital,Subasree Hospital,,,False,12.916822,80.194093
node/7822259992,hospital,Centre For Vision and Eye Surgery,,,False,12.894831,80.223306
node/7822259995,hospital,Shri Sai Children's Hospital and Dental Clinic,,,False,12.912214,80.229384
node/7822260001,hospital,Sri Balaji Hospital,,,False,12.917824,80.190331
node/7822260004,hospital,S.V. Hospital,,,False,12.906908,80.202685
node/7822260005,hospital,Bethel Hospital,,,False,12.91143,80.156311
node/7822260007,hospital,Sai Babaji's Accupuncture Centre,,,False,12.918647,80.171208
node/7822260009,hospital,SV Hospital,,,False,12.931968,80.232625
node/7822260011,hospital,Shanthi General Hospital,,,False,12.923307,80.153003
node/7822260016,hospital,Karthick Children's Hospital,,,False,12.912322,80.192466
node/7822260017,hospital,Arun Hospital,,,False,12.914978,80.194803
node/7822260018,hospital,Radial Ortho Speciality Hospital,,,False,12.913198,80.191597
node/7822260021,hospital,Jayam Hospital,,,False,12.949875,80.238165
node/7822260025,hospital,Maternity and Child Care Hospital,,,False,12.916487,80.189662
node/7822260027,hospital,Sanjeevi's Ayurveda Therapy Centre,,,False,12.908716,80.157162
node/7822260032,hospital,Shri Balaji Diabetes Hospital,,,False,12.915007,80.192952
node/7822260033,hospital,Dhanvantri Multi Speciality,,,False,12.940224,80.241234
node/7822260038,hospital,Annai Teresa Hospital,,,False,12.9185,80.189206
node/7822260040,hospital,Government Hospital,,,False,12.907366,80.157127
node/7822260043,hospital,Prayoga Hospital,,,False,12.918236,80.152512
node/7822260044,hospital,Swaram Hospital and Speciality Clinic,,,False,12.901179,80.2286
node/7822260051,hospital,C-Dot Hospital,,,False,12.907274,80.202736
node/7822260054,hospital,KL Hospital,,,False,12.900673,80.228328
node/7822260055,hospital,Mugavari Eye Hospital and Research Institute,,,False,12.916711,80.192146
node/7822260056,hospital,Global Hospital,,,False,12.906006,80.207271
node/7822543395,hospital,Avinash Ortho Hospital,,,False,12.938376,80.17254
node/7822543399,hospital,Kavitha Ortho and Multi Speciality Hospital,,,False,12.950269,80.151332
node/7822543402,hospital,Dr. Gomathi Hospital,,,False,12.955108,80.131944
node/7822543406,hospital,"Ray's Head, Neck Care Centre-ENT and Dental Clinic",,,False,12.954923,80.134044
node/7822543416,hospital,Sri Santhanakrishna Padmavati Health Care and Research Centre,,,False,12.946208,80.139977
node/7822543423,hospital,Sri Venkateshwara Hospital,,,False,12.954062,80.133984
node/7822543424,hospital,Dr. Velmurugan Hospital,,,False,12.929642,80.202959
node/7822543426,hospital,Sri Ram Hospital,,,False,12.949906,80.134981
node/7822543429,hospital,Kidney Hospital and Diagnostic Centre,,,False,12.952496,80.137893
node/7822543430,hospital,AM Hospital,,,False,12.934455,80.181996
node/7822543432,hospital,TB Hospital,,,False,12.944817,80.130393
node/7822543433,hospital,HCG Cancer Centre,,,False,12.957543,80.143138
node/7822543434,hospital,Sayee Hospitals,,,False,12.952195,80.143207
node/7822543438,hospital,Inbam Hospital,,,False,12.933969,80.204151
node/7822543439,hospital,Thanushika Hospital,,,False,12.950312,80.151321
node/7822543444,hospital,Hindusthan Hospital,,,False,12.939351,80.18069
node/7822543448,hospital,Puthur Kattu,,,False,12.947856,80.13705
node/7822543452,hospital,RKP Hospital,,,False,12.937983,80.179999
node/7822543455,hospital,Muthu Multi Speciality Hospital and Pharmacy,,,False,12.928263,80.200805
node/7822543459,hospital,Kokila Siddha Hospital,,,False,12.960669,80.139703
node/7822543469,hospital,Thomas Health Care Centre,,,False,12.954493,80.14397
node/7822543471,hospital,Raj Joty Eye Hospital,,,False,12.935221,80.181802
node/7822543477,hospital,Sun Hospital,,,False,12.95372,80.143246
node/7822543484,hospital,Apollo Hospitals,,Apollo Hospitals,False,12.952056,80.137278
node/7822543489,hospital,Shailaja Hospital,,,False,12.9531,80.144066
node/7822543490,hospital,Dhanwantari Hospital,,,False,12.945244,80.140022
node/7822543491,hospital,Dr. Ashok Kumar Children's Hospital,,,False,12.954659,80.134998
node/7822543498,hospital,Venus Accupoint,,,False,12.942241,80.138102
node/7822543500,hospital,Saraswathy Hospital,,,False,12.942545,80.140574
node/7822543501,hospital,V Cure Hospital,,,False,12.928045,80.199546
node/7822543502,hospital,Al Elaj Accupressure and Health Centre,,,False,12.956961,80.142451
node/7822543505,hospital,V.S. Hospital,,,False,12.933726,80.181197
node/7822543510,hospital,Daisy Hospitals,,,False,12.957689,80.142903
node/7823212559,hospital,Shakthi Hospital,,,False,12.975365,80.25432
node/7823212561,hospital,Chennai Emergency Care Centre,,,False,12.971281,80.132333
node/7823212562,hospital,JIP Hospital,,,False,12.971987,80.140752
node/7823212567,hospital,Dr. Habeb Child Care Hospital,,,False,12.966813,80.144778
node/7823212570,hospital,Hale and Healthy Hospitals,,,False,12.975769,80.259008
node/7823212573,hospital,Rathna Hospital,,,False,13.008748,80.193717
node/7823212575,hospital,Deen Hospital,,,False,13.034339,80.110493
node/7823212576,hospital,S.S. Hospital,,,False,13.003645,80.203084
node/7823212579,hospital,Dhanraj Hospital,,,False,13.00178,80.203327
node/7823212581,hospital,Nalam Hospital,,,False,13.016467,80.177285
node/7823212587,hospital,Chennai Hospital,,,False,12.973474,80.130799
node/7823212603,hospital,Deenan Health Care,,,False,12.973882,80.131549
node/7823212607,hospital,Promed Hospital,,,False,12.975142,80.258257
node/7823212610,hospital,Happy Clinic Hospital,,,False,12.969363,80.256614
node/7823212616,hospital,Shadithya Hospital,,,False,12.971892,80.144538
node/7823212623,hospital,Jaya Sri Hospital,,,False,13.002788,80.207025
node/7823212624,hospital,Kedar Hospital,,,False,13.044166,80.136477
node/7823212630,hospital,Sai Nursing Home and Maternity Hospital,,,False,13.037218,80.113684
node/7823212631,hospital,Kaanthi Makapperu Hospital,,,False,13.003406,80.206363
node/7823212633,hospital,Medforte Health Care,,,False,12.970047,80.149901
node/7823212640,hospital,Contonment Board General Hospital,,,False,12.97059,80.148318
node/7823415020,hospital,Corporation Hospital,,,False,12.991535,80.261505
node/7823415021,hospital,Relief Dental Hospitals,,,False,12.978253,80.258947
node/7823415033,hospital,Accu Hospital,,,False,13.041251,80.267354
node/7823415037,hospital,Kalyani Hospital,,,False,13.051211,80.273209
node/7823415048,hospital,Triveni Hospital,,,False,13.038537,80.258193
node/7823415049,hospital,SMK Hospital,,,False,12.986383,80.260187
node/7823415056,hospital,Uma Sankaran Siddha Hospital,,,False,12.991672,80.262448
node/7823415059,hospital,Vasantha Hospital,,,False,13.04906,80.274795
node/7823415061,hospital,Orthomed Hospital,,,False,13.04547,80.266873
node/7823415065,hospital,Mint Hospitals,,,False,13.001349,80.258796
node/7823415083,hospital,Saanvi Fertility Centre Urology and Stone Centre,,,False,13.043659,80.263941
node/7823415084,hospital,The Crescent Hospital,,,False,13.052877,80.272786
node/7823415087,hospital,Syma Hospital,,,False,13.054632,80.277477
node/7823415088,hospital,Sri Parthasarathy Hospital,,,False,13.054762,80.275651
node/7823415091,hospital,Ashwini Hospital,,,False,12.989017,80.259959
node/7823776196,hospital,R.S. Hospital,,,False,13.054937,80.206859
node/7823776197,hospital,Arun Vijaya Hospitals,,,False,13.038873,80.192755
node/7823776209,hospital,C.M. Hospital,,,False,13.055317,80.201287
node/7823776213,hospital,Shali Day & Night Hospital,,,False,13.051996,80.204702
node/7823776215,hospital,Koncept Hospitals,,,False,13.051051,80.243818
node/7823776217,hospital,Diawin Multi Speciality Siddha Hospital,,,False,13.052011,80.207658
node/7823776221,hospital,G G Hospital,,,False,13.055454,80.247734
node/7823776223,hospital,K R S Hospitals,,,False,13.061671,80.243494
node/7823776225,hospital,Sterling Hospitals,,,False,13.061637,80.243704
node/7823776227,hospital,Lily Shantha Hospital,,,False,13.051637,80.193912
node/7823776231,hospital,Dr. Maibbar Hospital,,,False,13.059443,80.245946
node/7823776233,hospital,Swastik Hospital,,,False,13.053927,80.199197
node/7823776246,hospital,Standard Hospital,,,False,13.052694,80.189943
node/7823776250,hospital,MM Hospital,,,False,13.052772,80.191781
node/7823776253,hospital,Arun Hospital,,,False,13.051465,80.203188
node/7823776254,hospital,Krishna Geetham Vaidyasala,,,False,13.053821,80.198927
node/7824965206,hospital,Agm Hospital,,,False,13.080209,80.252244
node/7824965209,hospital,Dr. Sambandam Eye Hospital,,,False,13.088647,80.241601
node/7824965211,hospital,Sugumar Hospital,,,False,13.082885,80.270994
node/7824965213,hospital,Ranjith Hospital,,,False,13.088884,80.241855
node/7824965216,hospital,Mythili Hospitals,,,False,13.070432,80.242149
node/7824965221,hospital,Santosham Chest Hospital,,,False,13.074664,80.253798
node/7824965222,hospital,Tune 32 Hospital,,,False,13.071546,80.262265
node/7824965223,hospital,Pandalai Hospital,,,False,13.077158,80.245077
node/7824965225,hospital,Centre For Gastro Esophageal Disorders,,,False,13.078642,80.254086
node/7824965227,hospital,Be Well Hospital,,,False,13.080748,80.234006
node/7824965229,hospital,Puttur Kattu Hospital,,,False,13.081241,80.250611
node/7824965232,hospital,An-Noor Eye Hospital,,,False,13.084958,80.266998
node/7824965237,hospital,Herbzalive Ayurveda Hospital,,,False,13.079387,80.2474
node/7824965238,hospital,Meta Hospital,,,False,13.082674,80.27059
node/7824965240,hospital,Dr. H. Yogish Hospital,,,False,13.073733,80.226835
node/7824965241,hospital,Neuro Hospital,,,False,13.071343,80.262598
node/7824965243,hospital,Murugan Hospitals,,,False,13.083368,80.234299
node/7824965244,hospital,Amrit Hospital,,,False,13.081187,80.252083
node/7824965245,hospital,Mercury Hospital,,,False,13.071832,80.260048
node/7824965246,hospital,Naz Unani Hospital,,,False,13.085016,80.269998
node/7824965249,hospital,S.K. Selvam Hospital,,,False,13.07613,80.269482
node/7824965252,hospital,Apollo Hospital,,,False,13.082574,80.271033
node/7824965254,hospital,Kola Saraswathi Agarwal Samaj Health Centre,,,False,13.081333,80.255397
node/7824965258,hospital,Demo Hospital,,,False,13.084404,80.245495
node/7824965259,hospital,Gremaltes Hospital,,,False,13.079316,80.229048
node/7824965260,hospital,Srl Hospital,,,False,13.08142,80.233376
node/7824965262,hospital,Periyar Maniammai Hospital,,,False,13.08115,80.262078
node/7824965264,hospital,Red Cross Hospital,,,False,13.074301,80.267569
node/7824965266,hospital,Ponmalligai Hospitals,,,False,13.076858,80.233938
node/7825002779,hospital,V S Hospital,,,False,13.121677,80.223677
node/7825002781,hospital,Iyyappa Multi Speciality Hospitals,,,False,13.116044,80.245424
node/7825002782,hospital,GK Hospital,,,False,13.113594,80.239437
node/7825009786,hospital,Dr. Kleela Hospital,,,False,13.115563,80.245785
node/7825009787,hospital,Bluemed Healthcare,,,False,13.129756,80.217275
node/7825009790,hospital,St. Joseph Cluny Hospital,,,False,13.120484,80.224399
node/7825009792,hospital,Dr. A C Aruldas Hospital,,,False,13.110265,80.241849
node/7825009797,hospital,Bharathiraja Hospitals,,,False,13.130078,80.216941
node/7825009798,hospital,Kolathur Multi Speciality and Research Centre,,,False,13.122284,80.216095
node/7825009799,hospital,Arul Childs Hospital,,,False,13.1185,80.225808
node/7825009803,hospital,KCK Hospital,,,False,13.129071,80.215909
node/7825009805,hospital,Sugar Hospital,,,False,13.121994,80.223631
node/7825009807,hospital,Retteri Kumaran Hospital,,,False,13.129869,80.214109
node/7825009815,hospital,Government Hospital,,,False,13.109337,80.231285
node/7825009816,hospital,K.H.M. Hospital,,,False,13.129327,80.215262
node/7825009817,hospital,Sankar Eye Hospital,,,False,13.113104,80.240402
node/7825009819,hospital,Niranjana Hospital,,,False,13.110148,80.224452
node/7825009820,hospital,Parvatham Hospital,,,False,13.114842,80.244152
node/7825009823,hospital,U.S. Hospital,,,False,13.126304,80.219266
node/7825009824,hospital,Bharani Hospital,,,False,13.110623,80.237446
node/7843239851,hospital,Sir Ivan Stedford Hospital,,,False,13.124793,80.143548
node/7953367285,hospital,Nalam marithuvamanai,,,False,13.118386,80.260629
node/8099947735,hospital,K.M. Nursing Home,,,False,13.037122,80.201339
node/8105683179,hospital,Military Hospital,,,False,13.011774,80.194171
node/8108467017,hospital,உழைப்பாளி மருத்துவமனை,,,False,13.048724,80.203627
node/8108591031,hospital,KS Bone and Joint Clinic - Ortho,,,False,13.026029,80.212368
node/8111861614,hospital,Shens Multi-Speciality Hospital,,,False,13.031883,80.210312
node/8197934476,hospital,Sanjeevani Ayurvedic Hospital,,,False,12.912048,80.248979
node/8639896900,hospital,Prashanth Hospitals,,,False,12.978454,80.22147
node/8935514615,hospital,Geri care hospital,,,False,13.043932,80.240709
node/9444720904,hospital,4 Squares Dentistry,,,False,12.921465,80.16513
node/9591995528,hospital,S B Hospital,,,False,12.846111,80.226384
node/9717766098,hospital,Chamdhi Netralayam Eye Hospital,,,False,13.208628,80.169845
node/9980280804,hospital,Shreyas hospital,,,False,13.12667,80.201439
node/10261422409,hospital,Women And Children Foundation Hospital,,Women And Children Foundation Limited,False,13.118028,80.212604
node/10271805421,hospital,Frame of Mind - SCARF Psychiatric Hospital,,,False,13.097277,80.198242
node/10294576078,hospital,Vasantha Memorial Cancer Centre,,,False,13.040756,80.214688
node/11071527636,hospital,KHM,,,False,13.084556,80.213046
node/11081786797,hospital,L Rapha Life Care Hospital,,,False,12.958045,80.128004
node/11162390408,hospital,Dr. Vijay's Hospital,,,False,13.08567,80.179772
node/11468740371,hospital,SMF,,,False,13.086873,80.169746
node/11679595256,hospital,Jananam fertility centre,,,False,12.956915,80.25134
node/11782793599,hospital,Sugam Hospital,,,False,12.962215,80.159938
node/11804254199,hospital,Dental College & Hospital,,,False,12.870515,80.223374
node/11865553974,hospital,H&M Hospital,,,False,12.89188,80.177056
node/12146055740,hospital,"Commissioner of Police office, Greater chennai Police",,,False,13.081276,80.263118
node/12378706312,hospital,Dr Bala's Skin clinic,,Dr Balakumatan,False,12.983196,80.201357
node/12581525295,hospital,Meridian Hospitals,,,False,13.136324,80.215769
node/12581658601,hospital,St Anthony's Hospital,,,False,13.139602,80.237739
node/12619467462,hospital,Vadivelu Hospital,,,False,13.100221,80.240085
node/13096237915,hospital,Iswarya Fertility Center,,,False,13.006489,80.250483
node/13155026101,hospital,Good Shepard hospital,,,False,12.981084,80.234349
node/13456132677,hospital,RMS Ropheka Multi Speciality Hospitals,,,False,13.203512,80.266144
node/13694295601,hospital,Palaniappa Hospital,,,False,13.027552,80.183253
node/13870488102,hospital,Bethesda Hospital & Child Care Centre,,,False,12.919666,80.144317
way/27618339,hospital,Rajiv Gandhi Government General Hospital,,,True,13.080897,80.277328
way/28345285,hospital,Stanley Medical College and Hospital,,,False,13.106387,80.284145
way/28493363,hospital,Sri Ramachandra Institute of Higher Education and Research,,,False,13.041033,80.142526
way/29046387,hospital,Tt Ranganathan Clinical Research Foundation,,,False,12.992367,80.25501
way/29046742,hospital,IMPCOPS Traditional Hospital,,,False,12.99308,80.257279
way/29116157,hospital,Egmore Eye Hospital,,,False,13.070224,80.259983
way/30973308,hospital,ESI Hospital,,Employees' State Insurance,False,13.095057,80.239771
way/31240956,hospital,Government Hospital of Thoracic Medicine,,,False,12.941891,80.129377
way/32896904,hospital,Cantonment General Hospital,,,False,13.009576,80.195014
way/34097016,hospital,Communicable Diseases Hospital,,,False,13.128716,80.292521
way/35312695,hospital,புனித இஸ்பேல் மருத்துவமனை,,,False,13.038451,80.262248
way/44034276,hospital,Parvathy Hospital,,,False,12.946075,80.136745
way/44034282,hospital,Chennai Krishna Hospital,,,False,12.946368,80.136982
way/47416302,hospital,Stanley Medical College and Hospital,,,False,13.104217,80.283195
way/48741356,hospital,ICF Hospital,,,False,13.099891,80.213875
way/48753841,hospital,Anna Nagar Government Hospital,,,False,13.095445,80.219715
way/100857284,hospital,"அறிஞர் அண்ணா அரசு இந்திய,மருத்துவமனை,அரும்பாக்கம்,சென்னை-106",,,False,13.07726,80.218773
way/125180726,hospital,Govt Peripheral Hospital KK Nagar,,,False,13.034006,80.207841
way/131961841,hospital,Ayurveda Hospital,,,False,12.970516,80.260116
way/132073184,hospital,Apollo Hospital,,,False,12.963057,80.24574
way/133862451,hospital,Prashanth Hospitals,,,False,13.069574,80.236322
way/138307630,hospital,Sir Ivan Stedford Hospital,,,False,13.125387,80.1439
way/156240637,hospital,Udhi Eye Hospitals,,,False,13.03916,80.25716
way/156250603,hospital,Agarwal Eye Hospital,,,False,13.046071,80.25572
way/156250608,hospital,Aswene Soundarya Hospital,,,False,13.044707,80.256162
way/170104584,hospital,Global Hospitals,,,False,13.009811,80.251518
way/178747899,hospital,Government Rsrm Lying Hospital,,,False,13.109067,80.288719
way/180145742,hospital,Sree Balaji Medical College And Hospital,,,True,12.954914,80.138169
way/181579506,hospital,Health Centre,,,False,13.013635,80.239323
way/188445646,hospital,Apollo Clinic & Pharmacy,,,False,13.036097,80.257265
way/209413524,hospital,Trinity Acute Care,,,False,13.038558,80.257868
way/209546207,hospital,Sankara Nethralaya,,,False,13.066796,80.249399
way/211260239,hospital,Apollo Hospital,,,False,13.06312,80.251519
way/211274279,hospital,CSI Kalyani Hospital,,,False,13.043331,80.272402
way/211423255,hospital,EV Kalyani Hospital,,,False,13.042348,80.27094
way/211423281,hospital,Kasturibai Gandhi Hospital,,,False,13.059405,80.278427
way/211900029,hospital,Cancer Hospital,,,False,13.009056,80.248495
way/214188197,hospital,சைதாப்பேட்டை அரசு மருத்துவமனை,,,False,13.020458,80.224045
way/217726810,hospital,ஆந்திர மாநில சபா,,,False,13.017676,80.259888
way/217797428,hospital,Mehta Hospital,,,False,13.071991,80.240885
way/217846762,hospital,Corporation Baby Hospital,,,False,13.09718,80.275428
way/217864765,hospital,C.S.I. Rainy Multi Speciality Hospital,,,False,13.117906,80.291003
way/217864797,hospital,Government Peripheral Hospital,,,False,13.126028,80.286693
way/217868140,hospital,ESI,,Employees' State Insurance,False,13.12696,80.291222
way/217960574,hospital,Tamil Nadu Government Multi Super Speciality Hospital,,,False,13.069375,80.27415
way/218149507,hospital,Billroth Hospital,,,False,13.027351,80.256753
way/218163938,hospital,Fortis Malar Hospital,,,False,13.01016,80.258564
way/220821765,hospital,Gowri Nursing Home,,,False,12.977388,80.188333
way/231052536,hospital,Vasan Dental Care,,,False,13.092087,80.218563
way/240472123,hospital,Police Hospital,,,False,13.074405,80.259298
way/240501607,hospital,The Child Trust Medical Research Foundation,,,False,13.057343,80.245897
way/262012749,hospital,Chennai Corporation 24 Hours Maternity Hospital,,,False,13.020873,80.224134
way/315499682,hospital,Apollo Speciality Hospital - Block A,,Apollo Hospitals,False,13.033647,80.245168
way/315499747,hospital,Apollo Speciality Hospital - Block B,,,False,13.033617,80.245639
way/315499965,hospital,Apollo Speciality Hospital - Block C,,,False,13.033929,80.245666
way/328706398,hospital,Chennai Clinical Centres,,Dr D Balakrishnan ENT Clinic,False,12.9942,80.251627
way/332525434,hospital,Public Health Centre (In Patient Block),,Public Health Welfare Society,False,13.035999,80.221849
way/332525519,hospital,Public Health Centre (Out Patient Block),,,False,13.036384,80.221938
way/337923794,hospital,Chitra Maternity andSurgival Centre,,,False,13.023439,80.222913
way/337929079,hospital,Bora Hospital,,,False,13.022311,80.222278
way/343141649,hospital,Vasan,,,False,13.021732,80.225769
way/350538223,hospital,SRM Hospital,,,False,13.041811,80.224632
way/354243595,hospital,Guest Hospital,,,False,13.077224,80.238753
way/354278944,hospital,Frontier Lifeline Hospital,,,False,13.087524,80.185732
way/354293689,hospital,Hande Medical Centre,,Hande Medical Centre,False,13.061178,80.246621
way/354540004,hospital,Balaji Hospital (P) Ltd,,,False,13.007402,80.206085
way/354562297,hospital,Sugam Hospitals,,,False,12.961786,80.1467
way/354572408,hospital,Chennai Medical Centre,,,False,13.038104,80.189064
way/354814307,hospital,Chennai Fertility Center,,,False,13.069037,80.225761
way/354839873,hospital,J.V. Hospitals Llp,,,False,13.050566,80.229903
way/354840226,hospital,R.R Dental Hospital,,,False,13.051901,80.229261
way/354840384,hospital,JV Hospital,,,False,13.050563,80.229749
way/355052484,hospital,Viganesh Hospital,,,False,13.030866,80.171742
way/355067576,hospital,Chennai Heritage Hospital,,,False,13.065371,80.211991
way/355074781,hospital,Xcellent Care Hospital,,Xcellent Care Super Speciality Hospital ( P ) Ltd.,False,12.985629,80.218387
way/355658593,hospital,Be Well Hospitals,,,False,13.079448,80.198328
way/355954822,hospital,HomeoCare International Hospital,,,False,12.924879,80.112681
way/361224706,hospital,MN Eye Hospital,,,False,13.12294,80.287507
way/363930311,hospital,Chennai National Hospital,,,False,13.096367,80.291437
way/364356223,hospital,Diha Clinic,,Diha Trust,False,12.980945,80.187114
way/364483211,hospital,Nirmal Eye Hospital,,,False,12.929765,80.116166
way/364721502,hospital,Athipathy Hospitals,,,False,12.976434,80.222191
way/371970672,hospital,Dr.Kamakshi Memorial Hospital,,,False,12.949237,80.209159
way/374048313,hospital,Shivasundar Hospital,,,False,12.997769,80.257476
way/451681464,hospital,CMC Hospital,,,False,13.038076,80.188903
way/462740006,hospital,corporation hospital,,,False,12.984694,80.257342
way/765605778,hospital,Gleneagles Global Heath City,,,False,12.898122,80.206158
way/907941478,hospital,Tiruvottiyur Government Hospital,,,False,13.157604,80.301256
way/1104433136,hospital,Chennai National Hospital Speciality Clinics,,,False,13.094813,80.291457
way/1110191307,hospital,SA Hospital,,,False,13.099137,80.286881
way/1155182281,hospital,Prashanth Superspeciality Hospital Kolathur,,,False,13.140048,80.217687
way/1176875169,hospital,Shaarave Hospital,,,False,13.098394,80.279877
way/1180926082,hospital,The Arya Vysya Meternity Home and Child Welfare Centre,,,False,13.09109,80.281388
way/1234813078,hospital,Cherish Hospital,,,False,13.129707,80.130985
way/1241298308,hospital,Mint Hospital,,,False,13.100229,80.28376
way/1289802426,hospital,Dr. Mehta's Hospitals - Global Campus,,,False,13.061774,80.135662
way/1314584114,hospital,Government child birth Hospital,,,False,13.07655,80.224557
way/1410036059,hospital,Govt. Kilpauk Hospital,,,False,13.076639,80.243015
way/1428318904,hospital,Gynmc PG Block,,Government of Tamilnadu,True,13.076975,80.217488
node/370319221,pharmacy,Apollo Pharmacy,,,False,13.06454,80.243327
node/378692897,pharmacy,Appolo,,,False,13.034842,80.255502
node/378692901,pharmacy,Sugam,,,False,13.03863,80.251768
node/378692904,pharmacy,Sugam,,,False,13.039551,80.250293
node/459642871,pharmacy,Abhirami Medicals,,,False,13.054072,80.204015
node/560603714,pharmacy,Sreedevi,,,False,12.946351,80.138465
node/560636411,pharmacy,maduvai,,,False,12.945955,80.138226
node/582775120,pharmacy,Nazeer,,,False,12.951523,80.142398
node/595662363,pharmacy,Geetha Pharmacy,,,False,13.057032,80.193944
node/612527668,pharmacy,Seven Star Pharmacy,,,False,13.072666,80.208369
node/934857903,pharmacy,MedPlus,,,False,13.039837,80.185912
node/941482690,pharmacy,Seetha Medicals,,,False,13.07064,80.208159
node/992583956,pharmacy,Om Medicals,,,False,13.052916,80.203963
node/1018359157,pharmacy,Apollo,,,False,13.029475,80.253953
node/1067496698,pharmacy,Capz and Tabz,,,False,13.027979,80.263865
node/1415646055,pharmacy,Uma Medicals,,,False,13.038612,80.180512
node/1450869068,pharmacy,Meiyappan Medicals,,,False,12.973881,80.258182
node/1467471239,pharmacy,Ganapathy medicals,,,False,13.141706,80.237111
node/1666841790,pharmacy,Saravana Medicals,,,False,12.929443,80.20297
node/1693548862,pharmacy,Sai Pharmacy,,,False,12.921453,80.166563
node/1697808540,pharmacy,Periyandaver Pharmacy,,,False,13.026682,80.270192
node/1764130037,pharmacy,Jayanthi Enterprise,,,False,12.970622,80.218256
node/1797128712,pharmacy,Siva Medicals,,,False,13.072812,80.207941
node/1895925529,pharmacy,S L V Medicals,,,False,12.94626,80.197094
node/1921334902,pharmacy,Apollo Pharmacy,,,False,12.979604,80.188057
node/1926719654,pharmacy,Gokul Medicals,,,False,12.981053,80.188212
node/1948616269,pharmacy,Apollo Pharmacy,,,False,13.067751,80.205005
node/1955943164,pharmacy,Rajan Opticals,,,False,13.034646,80.216303
node/1955943166,pharmacy,Agarwal,,,False,13.038589,80.216627
node/2151933464,pharmacy,Apollo Pharmacy,,,False,12.986036,80.18852
node/2162772403,pharmacy,RPT Medicals,,,False,12.917288,80.187317
node/2253368679,pharmacy,Ambhika Medicals,,,False,12.984395,80.188611
node/2258356173,pharmacy,MedPlus,,,False,12.987233,80.188128
node/2394694856,pharmacy,Apollo Pharmacy,,,False,13.090482,80.215805
node/2878310971,pharmacy,Roja Medicals,,,False,12.980673,80.188131
node/2926952456,pharmacy,LAB,,,False,13.015862,80.174851
node/3240606754,pharmacy,Shri Ganesh Pharmacy,,,False,12.988662,80.190316
node/3450053562,pharmacy,Apollo Pharmacy,,,False,13.024959,80.220468
node/3450059376,pharmacy,Sushil Medicals,,,False,13.024857,80.220411
node/3453282583,pharmacy,Sri Ram Medicals,,,False,13.025087,80.221673
node/3453302326,pharmacy,Amman Medicals,,,False,13.024974,80.220756
node/3453302327,pharmacy,Ganesh Medicals,,,False,13.024951,80.220315
node/3453302328,pharmacy,Naga Medicals,,,False,13.025018,80.221377
node/3453367856,pharmacy,Sri Karaneeswarar Medicals,,,False,13.024212,80.223169
node/3453898726,pharmacy,Udayam Medicals,,,False,13.022258,80.221162
node/3467526751,pharmacy,Sri Iyappa Medicals,,,False,13.021664,80.219465
node/3470914439,pharmacy,Jaya Medicals,,,False,13.039597,80.221378
node/3485824671,pharmacy,MedPlus,,,False,13.024734,80.216825
node/3485824672,pharmacy,Saranya Medicals,,,False,13.022156,80.220754
node/3485824673,pharmacy,Saravana Medicals,,,False,13.022245,80.22066
node/3485824674,pharmacy,Sayer Pharmacy,,,False,13.021868,80.224325
node/3485824675,pharmacy,Sindhu Pharmacy,,,False,13.022195,80.222602
node/3485824676,pharmacy,Vasantham Medicals,,,False,13.02229,80.219927
node/3508280901,pharmacy,Gandhi Pharmacy,,,False,12.985719,80.229196
node/3524770229,pharmacy,Maruthi Pharmacy,,,False,13.024254,80.218509
node/3685002782,pharmacy,West Mambalam Pharmacy,,,False,13.041975,80.224955
node/3735409816,pharmacy,Jeyalakshmi Medicals,,,False,13.042042,80.225779
node/3735409817,pharmacy,Madras Medicals,,,False,13.017218,80.24104
node/3745022788,pharmacy,Vinodh Medicals,,,False,13.039126,80.221271
node/3749230043,pharmacy,MedPlus,,,False,12.971916,80.14121
node/3774546122,pharmacy,Andavar Medicals,,,False,12.999185,80.256351
node/3774546123,pharmacy,Nagappa Pharmacy,,,False,12.999255,80.257968
node/3777708607,pharmacy,MedPlus,,,False,12.999154,80.256684
node/3800583777,pharmacy,Apollo Pharmacy,,,False,13.036329,80.22269
node/3800583778,pharmacy,Mumtaz Medicals,,,False,13.036673,80.223022
node/3800583779,pharmacy,Saravana Medicals,,,False,13.036267,80.222266
node/3810841790,pharmacy,Dhanalakshmi Medicals,,,False,13.036826,80.223019
node/3919826308,pharmacy,Specialist Pharmacy,,,False,12.985733,80.218247
node/3969967345,pharmacy,Bawaa Medicals,,,False,12.968197,80.148731
node/3971391761,pharmacy,Appolo Pharmacy,,,False,12.986115,80.227451
node/4269972191,pharmacy,Shree Devi Medicals,,,False,13.061043,80.27655
node/4304184691,pharmacy,Surya Medical,,,False,12.951122,80.14576
node/4310359596,pharmacy,Balaji Medicals,,,False,12.986873,80.116314
node/4374965690,pharmacy,Super pharmacy,,,False,12.929392,80.202563
node/4402711896,pharmacy,Sri Nanthish Medicals,,,False,13.011127,80.153013
node/4411841793,pharmacy,mother medicals,,,False,13.027542,80.183385
node/4417312196,pharmacy,Apollo Pharmacy,,,False,13.033928,80.214254
node/4571917396,pharmacy,Sree Thirumal Pharmacy,,Nakeeran,False,13.090139,80.188509
node/4580687658,pharmacy,Sri Krishna Medicals,,,False,13.031316,80.224667
node/4740021911,pharmacy,Gokul XRAY,,,False,13.039616,80.263041
node/4911126521,pharmacy,Rafi medicals,,,False,12.926649,80.12777
node/5040904305,pharmacy,MedPlus,,,False,12.969261,80.187494
node/5087493923,pharmacy,MedPlus,,,False,12.922702,80.128618
node/5090925921,pharmacy,Apollo Pharmacy,,,False,12.922402,80.16259
node/5234697495,pharmacy,Apollo Pharmacy,,,False,12.937272,80.15659
node/5246751725,pharmacy,MedPlus,,,False,12.926237,80.147948
node/5246751826,pharmacy,Apollo Pharmacy,,,False,12.925919,80.147604
node/5258898327,pharmacy,Apollo Pharmacy,,,False,12.910657,80.142781
node/5258977224,pharmacy,Krishna Medicals,,,False,12.890741,80.141522
node/5305752194,pharmacy,Sukham Pharmacy,,,False,13.08569,80.203061
node/5311605222,pharmacy,Jeyaraj medicals,,,False,12.928561,80.130091
node/5321369027,pharmacy,Omega medicine,,,False,12.836912,80.228226
node/5332431685,pharmacy,Shifa Medicals,,,False,12.965865,80.256878
node/5332436330,pharmacy,Apollo Pharmacy,,,False,12.975206,80.258833
node/5332437283,pharmacy,Sri Meyyappa Medicals,,,False,12.973804,80.258468
node/5336394298,pharmacy,S.R. Medicals,,,False,13.102622,80.209083
node/5336395126,pharmacy,MedPlus,,,False,13.102666,80.208917
node/5338508433,pharmacy,Sri Bhagavan Medicals,,,False,13.105724,80.207685
node/5338512294,pharmacy,Sri Azhagu Medicals,,,False,13.107679,80.206109
node/5338522331,pharmacy,Thai Medical and Generals,,,False,13.109282,80.206215
node/5338591947,pharmacy,Gurudev Pharmacy,,,False,13.10365,80.20759
node/5338616494,pharmacy,Narayanappah Pharmacy,,,False,13.084734,80.212263
node/5359076843,pharmacy,Sathya Pharmacy,,,False,13.085242,80.199355
node/5370532387,pharmacy,A.R.R. Pharmacy,,,False,13.085739,80.19259
node/5370536481,pharmacy,MedPlus,,,False,13.085025,80.192458
node/5370537739,pharmacy,Madha Medicals,,,False,13.084742,80.192419
node/5400380244,pharmacy,Coopertive Medicals,,,False,13.08738,80.197492
node/5400382372,pharmacy,Ashok Medicals,,,False,13.034963,80.212384
node/5409630282,pharmacy,Anbu Medicals,,,False,13.083341,80.192065
node/5570584568,pharmacy,Nanomed Clinical Lab,,,False,12.981462,80.229362
node/5910074596,pharmacy,The Guest Pharmacy,,,False,13.077001,80.238726
node/6015237085,pharmacy,K ramaswamy chetty,,,False,13.086015,80.27981
node/6036525834,pharmacy,VM Medicals,,,False,13.105607,80.20993
node/6036592551,pharmacy,MedPlus,,,False,13.108615,80.207706
node/6039322857,pharmacy,Jayalakshmi Medicals,,,False,13.087437,80.197099
node/6237693085,pharmacy,Muthu Pharmacy,,,False,13.085375,80.252013
node/6274294885,pharmacy,Good Health Medicals,,,False,13.063683,80.277322
node/6274320987,pharmacy,Sabari Medicals,,,False,13.065152,80.273929
node/6274344085,pharmacy,National Medicals,,,False,13.06344,80.274789
node/7045971385,pharmacy,Sri Annai Pharmacy,,,False,13.002511,80.256858
node/7045972385,pharmacy,Modern Medicals,,,False,12.990941,80.256108
node/7099721389,pharmacy,Janaki Medicals,,,False,13.006327,80.256738
node/7130311850,pharmacy,Farmatodo,,,False,13.163687,80.254077
node/7169412006,pharmacy,Sri Kandan Medicals,,,False,13.010557,80.196021
node/7169425322,pharmacy,Patanjali Pharmacy,,,False,13.010909,80.196164
node/7652449745,pharmacy,Apollo Pharmacy,,,False,12.964259,80.198129
node/7658575241,pharmacy,Annai Pharmacy,,,False,12.967751,80.237529
node/7916557138,pharmacy,Apollo Pharmacy,,Apollo,False,12.974229,80.191971
node/8100644874,pharmacy,Raasi Medicals,,,False,13.027531,80.210258
node/8108619759,pharmacy,Med Pharmacy,,,False,13.02872,80.212303
node/8108621642,pharmacy,Ashok Pharmacy,,,False,13.02906,80.208606
node/8111869852,pharmacy,Ashok Nagar Pharmacy,,,False,13.031295,80.211622
node/8494474317,pharmacy,Bawa pharmacy and pet shop,,,False,12.994906,80.267725
node/8637836694,pharmacy,Rajesh Medicals,,,False,12.982466,80.223741
node/8645780200,pharmacy,Rasi Medicals,,,False,12.976591,80.222595
node/9419854647,pharmacy,Bawaa Medicals,,,False,12.963705,80.187588
node/9491447055,pharmacy,Vaani pharmacy,,,False,12.973812,80.189799
node/9905166209,pharmacy,Apollo Pharmacy,,Apollo Pharmacy,False,12.97952,80.183016
node/9905166214,pharmacy,Sunshine Pharmacy,,,False,12.978187,80.183161
node/9905201923,pharmacy,MedPlus,,MedPlus,False,12.975445,80.183216
node/9980280808,pharmacy,MedPlus,,,False,13.127997,80.201544
node/9997936353,pharmacy,Apollo Pharmacy,,,False,12.981812,80.221422
node/10115467419,pharmacy,Azeez Medicals,,,False,13.095786,80.289305
node/10115689799,pharmacy,City Medicals,,,False,13.096386,80.289078
node/10208901306,pharmacy,Alahu Pharmacy,,,False,13.096609,80.289686
node/10267991675,pharmacy,Medplus Pharmacy,,,False,13.099955,80.156984
node/10268908442,pharmacy,Apollo Pharmacy,,,False,12.998528,80.267465
node/10268908445,pharmacy,Maharaja Medicals,,,False,12.998398,80.267507
node/10268908448,pharmacy,Shobika Pharmacy,,,False,12.998265,80.267551
node/10574108889,pharmacy,Right Pharmacy,,,False,13.102068,80.276218
node/10574142261,pharmacy,Rajeshwar Medicals,,,False,13.102324,80.277594
node/10583922905,pharmacy,K. S. Medicals,,,False,13.101022,80.292295
node/10584063733,pharmacy,MAS Medicals,,,False,13.096317,80.285492
node/10595586116,pharmacy,London Medicals,,,False,13.099602,80.288573
node/10742578789,pharmacy,Mahaveer Pharmacy,,,False,13.099873,80.280135
node/10798116925,pharmacy,Malick Medicals,,,False,13.088628,80.282147
node/10885759469,pharmacy,Arrahman Medicals and Surgicals,,,False,13.104709,80.284676
node/10892974738,pharmacy,Taj Medicals,,,False,13.104156,80.284564
node/10892974743,pharmacy,Sree Sai Medicals,,,False,13.104237,80.284579
node/10895930390,pharmacy,Shri Rajeshwar Medical,,,False,13.094219,80.280132
node/10933186980,pharmacy,Gem Medicals,,,False,13.094342,80.284448
node/10933382910,pharmacy,Sharma Medicals,,,False,13.098069,80.28009
node/10933457922,pharmacy,MedPlus,,,False,13.095083,80.280902
node/10933457932,pharmacy,Pooja Medical Store,,,False,13.095137,80.28058
node/10933495005,pharmacy,Sri Lakhsmi Medical,,,False,13.098539,80.282954
node/10933682445,pharmacy,Raj Pharma,,,False,13.096676,80.279888
node/10933682465,pharmacy,MedPlus,,,False,13.097148,80.279912
node/10933682543,pharmacy,Shaarave Pharmacy,,,False,13.09837,80.279993
node/10933682545,pharmacy,Shub Pharmacy,,,False,13.098454,80.280005
node/10933682615,pharmacy,Raj Pharmacy,,,False,13.096546,80.279267
node/10933795459,pharmacy,Shri Soni Medicals,,,False,13.094615,80.279622
node/10933806243,pharmacy,Lal Medicals,,,False,13.095857,80.279831
node/10943490889,pharmacy,Renuka Medicals,,,False,13.096629,80.27898
node/10951520437,pharmacy,Rajeshwar Medical,,,False,13.094972,80.281559
node/10963479044,pharmacy,Eswari Medicals,,,False,13.102494,80.284357
node/10967199343,pharmacy,J.K. Medicals,,,False,13.098293,80.280498
node/10967203528,pharmacy,Akshathaa Medical,,,False,13.097373,80.280519
node/10967301671,pharmacy,Prem Medicals,,,False,13.097616,80.284401
node/10973661157,pharmacy,Mahaveer Medicals,,,False,13.092629,80.279867
node/11071527624,pharmacy,Apollo Pharmacy,,,False,13.085407,80.212861
node/11079072040,pharmacy,Shree Andal Medical,,,False,12.846098,80.226384
node/11162390464,pharmacy,Apollo Pharmacy,,,False,13.085003,80.174752
node/11395977107,pharmacy,Easwar medicals,,,False,13.041465,80.221789
node/11395977108,pharmacy,Apollo Pharmacy,,,False,13.043909,80.222313
node/11395977109,pharmacy,Apollo Pharmacy,,,False,13.046782,80.226321
node/11395977110,pharmacy,Jayalaksmi medicals,,,False,13.045455,80.225879
node/11395977112,pharmacy,MedPlus,,,False,13.042758,80.225203
node/11395977113,pharmacy,Velavan medical shop,,,False,13.042604,80.22516
node/11397678678,pharmacy,Apollo,,Apollo Hospitals,False,13.082629,80.27528
node/11428732769,pharmacy,Sri Vignesh Medicals,,,False,12.895994,80.173086
node/11496646587,pharmacy,K.M Medicals,,,False,13.101771,80.282128
node/11505503013,pharmacy,Sugam Medicals,,,False,13.102663,80.279877
node/11508069598,pharmacy,SIVA,,,False,13.131765,80.248701
node/11513226268,pharmacy,Ameer Medicals,,,False,13.100343,80.283744
node/11513795735,pharmacy,Raghavendra Medicals,,,False,13.102908,80.284205
node/11533446513,pharmacy,Rithick Medicals,,,False,13.09946,80.283684
node/11536809270,pharmacy,Annai Medicals,,,False,12.890197,80.184503
node/11536809669,pharmacy,Apollo Pharmacy,,,False,12.889721,80.184658
node/11832500011,pharmacy,RR Pharmacy,,,False,13.037489,80.267071
node/12108813090,pharmacy,Apollo Pharmacy,,,False,12.878455,80.215884
node/12108828535,pharmacy,MedPlus,,,False,12.878403,80.216313
node/12458756399,pharmacy,Piramal Pharma,,Private,False,13.191807,80.314527
node/12494690201,pharmacy,MedPlus,,,False,13.070634,80.231846
node/12497428101,pharmacy,Saffra Medicals,,,False,13.072045,80.230545
node/12547945101,pharmacy,Daksha Pharmacy,,,False,13.072267,80.230347
node/12571350701,pharmacy,Star Pharmacy Adambakkam,,Star Pharmacy,False,12.991369,80.20564
node/12571366102,pharmacy,Star Pharmacy,,Star Pharmacy,False,12.990467,80.210186
node/12640732029,pharmacy,MedPlus,,,False,13.04976,80.24042
node/12640732242,pharmacy,Muthu Pharmacy,,,False,13.050656,80.240362
node/12698235802,pharmacy,Apollo Pharmacy,,,False,12.913054,80.192082
node/13039283368,pharmacy,Tamil medicals,,,False,13.014314,80.231344
node/13039283371,pharmacy,Cure blue pharmacy,,,False,13.014916,80.229668
node/13127975756,pharmacy,முத்து பார்மஸி,,,False,13.012401,80.227311
node/13137353953,pharmacy,Apollo Pharmacy,,,False,13.04993,80.23971
node/13185226534,pharmacy,Apollo Pharmacy,,,False,13.006768,80.256244
node/13310799901,pharmacy,Sunitha medicals,,,False,13.007944,80.263362
node/13347546401,pharmacy,BRS Medicals,,,False,13.043603,80.274374
node/13607074536,pharmacy,S. R. Pharmacy,,,False,13.074177,80.224358
node/13607099594,pharmacy,BSB Pharmacy,,,False,13.072788,80.181626
node/13622493109,pharmacy,Sri Ayanaar Medicals,,,False,12.904379,80.15011
node/13622493110,pharmacy,Apollo Pharmacy,,,False,12.906083,80.150388
node/13742756401,pharmacy,Apollo Pharmacy,,,False,12.983676,80.165945
node/13743101399,pharmacy,MedPlus,,,False,13.067167,80.22747
node/13743114052,pharmacy,MedPlus,,,False,13.085369,80.212863
node/13743114053,pharmacy,SS Chemists,,,False,13.085282,80.215493
node/13765623901,pharmacy,Murugan Medicals,,,False,12.917726,80.190739
node/13839368297,pharmacy,நியூ சிவா நாட்டு மூலிகை மருந்து கடை,,,False,13.034371,80.269644
node/13839616627,pharmacy,டி. யு. சி. எஸ். காமதேனு கூட்டுறவு மருந்தகம்,,,False,13.033099,80.267643
node/13867058240,pharmacy,MedPlus,,,False,12.93762,80.13503
node/13891644072,pharmacy,MedPlus,,,False,12.936816,80.139557
node/13953271800,pharmacy,Annai Medicals,,,False,12.936131,80.138397
node/13953286998,pharmacy,Green Plus Pharmacy,,,False,12.934521,80.139998
node/13956835101,pharmacy,Apollo Pharmacy,,,False,13.073942,80.228047
node/13963704577,pharmacy,Gajaa Medicals,,,False,12.937986,80.132957
node/13964157501,pharmacy,ஆண்டாள் மெடிக்கல்ஸ்,,,False,12.916007,80.192199
node/300467984,school,New Prince Higher Secondary,,,False,12.985315,80.202946
node/300468062,school,St. Marks School,,,False,12.986837,80.206505
node/312014519,school,Brilliant Matriculation School,,,False,12.970414,80.186583
node/312015795,school,Mowbray's Matriculation Higher Secondary School,,,False,12.985101,80.189458
node/325787792,school,Shri Sakthi Vidyalaya,,,False,12.886199,80.246083
node/347356350,school,Balalok Matriculation Higher Secondary School,,,False,13.054256,80.194399
node/347362882,school,JaiGopal Garodia Girls High school,,,False,13.053099,80.196708
node/417776186,school,Olcott Memorial HSS,,,False,13.003453,80.267729
node/459641978,school,LaClarence Matriculation Higher Secondary Schoolt,,,False,13.054271,80.203633
node/459652832,school,Thai Sathia School,,,False,13.043835,80.19816
node/473396856,school,Starlight Abacus School,,,False,13.007477,80.261384
node/560231368,school,NSN School,,,False,12.942625,80.14164
node/595654418,school,Government Boys Higher Secondary School,,,False,12.953827,80.13683
node/595655153,school,Lakshmi Ammal School,,,False,12.951987,80.134533
node/595657131,school,Chinmaya Vidyalaya,,,False,13.060167,80.193729
node/595735861,school,St. John's Matriculation Higher Secondary School,,,False,13.047486,80.187342
node/598059387,school,Government Girls Higher Secondary School,,,False,12.952398,80.13449
node/612546126,school,Kanmani Montessori School,,,False,13.073586,80.20883
node/614436617,school,Ambal Metriculation School,,,False,13.07341,80.206205
node/747616456,school,Akshaya,,,False,12.978798,80.222484
node/761949200,school,Christ King School,,,False,12.921442,80.186945
node/934859077,school,La Chatlaine,,,False,13.044298,80.185339
node/941467495,school,Kolla Perumal (KPVCSS),,,False,13.074511,80.213919
node/953110024,school,Velammal School (Ambattur),,,False,13.128521,80.149466
node/983957835,school,Sarada Matriculation School,,,False,12.967432,80.128164
node/983959722,school,Ammaniammal School,,,False,12.966063,80.126321
node/1003378082,school,Bala Saravana Matriculation School,,,False,12.983159,80.210421
node/1015568367,school,Assisi School,,,False,13.030195,80.17746
node/1015578645,school,PSBB School,,,False,13.039707,80.19968
node/1015585631,school,Sri Krishna Swamy Mat. Hr. Sec. School,,,False,13.038254,80.197684
node/1044780333,school,German School Chennai,,,False,12.951589,80.260651
node/1069491369,school,SSV Hr Sec School,,,False,13.0885,80.277739
node/1069491576,school,AB Parekh Hr Sec School,,,False,13.088335,80.277219
node/1127295227,school,Janaki Ramachandran Matriculation Scool,,,False,13.053815,80.214381
node/1185700733,school,RCM Hr Sec School,,,False,13.104036,80.1015
node/1306385769,school,Amrita Vidyalaya,,,False,13.024756,80.189912
node/1329321951,school,St Peters School,,,False,12.928483,80.202497
node/1329326250,school,Bharatha Vidhyalaya School,,,False,12.907913,80.201642
node/1329336746,school,Pallikarani Govt Higher Secondary School,,,False,12.924227,80.19823
node/1330443392,school,Asan Memorial College,,,False,12.925339,80.200372
node/1446841958,school,Govt School,,,False,13.0543,80.20282
node/1446842407,school,Barathi Vidayala School - Block 1,,,False,13.054312,80.205978
node/1446842408,school,Barathi Vidayala School - Block 2,,,False,13.053895,80.206171
node/1596154407,school,Lets do Something - Activity center,,,False,12.975837,80.221575
node/1621240490,school,Maha Ganesa Vidyalaya,,,False,13.119534,80.154941
node/1636170540,school,Pon Vidhyashram School,,,False,12.966757,80.215515
node/1636171309,school,SAN Academy,,,False,12.975785,80.212388
node/1636178008,school,Vailankanni Silver Jubilee Matriculation Higher Secondary School,,,False,12.957901,80.192883
node/1653993044,school,"Chinmaya Vidhyalaya, Anna Nagar",,,False,13.091619,80.207589
node/1672262615,school,St.Johns English School,,,False,13.0017,80.266308
node/1760694106,school,Prince Matric Hr Sec School,,,False,12.969464,80.194431
node/1760907465,school,Thandai Periyar Govt High School,,,False,12.970503,80.197046
node/1825978766,school,FES Matriculation Higher Secoundary School,,,False,13.135594,80.251518
node/1896333049,school,Vijayantha,,,False,13.130399,80.105083
node/1896342348,school,KV HVF,,,False,13.129908,80.110834
node/1896345709,school,VHHS,,,False,13.124251,80.106226
node/1926709450,school,Jawaharlal Nehru Government Boys School,,,False,12.986228,80.185511
node/2053800293,school,Himayam Matric School,,,False,12.945462,80.194571
node/2059560611,school,Dhanraj Baid Jain College,,,False,12.945977,80.239775
node/2064178200,school,CL Baid Metha College Of Pharmacy,,,False,12.945662,80.239586
node/2071087259,school,CL Baid Metha College of Pharmacy,,,False,12.945667,80.239576
node/2071090050,school,CL Baid Sishya School;Cromā,,,False,12.949463,80.240465
node/2086712181,school,Goverment school,,,False,12.956025,80.185044
node/2115851259,school,Vael's Bilabong School,,,False,12.921593,80.248885
node/2117666024,school,KCG College of Technology,,,False,12.921437,80.241677
node/2117671390,school,National Institute of Management Studies,,,False,12.917798,80.241054
node/2123575602,school,Chettinadu A School,,,False,12.953079,80.244688
node/2124725682,school,Akshara School,,,False,12.933492,80.236508
node/2124849459,school,YMCA SCHOOL,,,False,12.976641,80.250586
node/2124854755,school,Global Institute Of Gaming And Animation,,,False,12.95544,80.248281
node/2127107074,school,St.Pius school,,,False,12.96473,80.243312
node/2210024243,school,Sithalapakkam Government High School,,,False,12.896132,80.182861
node/2270917857,school,Vivekananda School,,,False,12.989538,80.100084
node/2270917858,school,Sivanthi Public School,,,False,12.987301,80.106516
node/2296733697,school,Dhanakoti Middle School,,,False,13.075606,80.272087
node/2296734281,school,Kalyanam Girls High School,,,False,13.07551,80.272248
node/2296735136,school,Kalyanam Girls Higher Secondary School,,,False,13.076306,80.271961
node/2296736065,school,Chintadripet Boys Higher Secondary School,,,False,13.075008,80.273216
node/2296739472,school,சென்னை மாநகராட்ச்சி பள்ளி-சிந்தாரிபேட்டை,,,False,13.076586,80.266661
node/2296744654,school,Chintadripet Middle School,,,False,13.073615,80.267849
node/2296745323,school,Rao Bahadur Calavala Cunnan Chetty Middle School,,,False,13.074522,80.269472
node/2517035812,school,King's Matric Hr Sec School,,,False,12.965756,80.197016
node/2583555357,school,Revoor Padmanabha Chetty Matriculation Higher Secondary School,,,False,13.151144,80.298744
node/2728294977,school,Infant jesus high school,,,False,12.929832,80.204591
node/2779907360,school,Padma Seshadri Bala Bhavan Higher Secondary School,,,False,13.054758,80.2412
node/3071893249,school,Sreevatsa Viswanathan Vivekananda Vidhyalaya,,,False,12.928648,80.145371
node/3097012397,school,Chennai School (Corporation),,,False,12.926285,80.197877
node/3149264021,school,St. Christopher Nursery And Primary School,,,False,13.02092,80.169204
node/3397754749,school,Diana Nursery & Primary School,,Private,False,13.023129,80.218007
node/3998858427,school,தென் இந்திய இந்தி பரப்புரை கூட்டமைப்பு,,,False,13.034893,80.238973
node/4035159042,school,Soundara Pandiya Nadar School,,,False,13.097704,80.228567
node/4090239218,school,Rajkumar Sulochana Matric Higher Secondary School,,,False,12.968849,80.192086
node/4153810890,school,Oxford Matriculation Higher Secondary School,,,False,13.02866,80.224341
node/4213294489,school,Good Shepherd Matriculation School,,,False,13.050459,80.179894
node/4231249091,school,Alpha Arts and Science College,,,False,13.045989,80.142289
node/4290851202,school,PANIMALAR POLYTECHNIC COLLEGE,,,False,13.067975,80.224229
node/4294274187,school,Chennai Primary School,,,False,12.980146,80.232047
node/4300667140,school,Chennai Higher Secondary School,,,False,12.985216,80.218948
node/4310590233,school,St Mark's School,,,False,12.951081,80.14887
node/4315323191,school,St.Johns MHSS,,,False,13.035243,80.160908
node/4351216397,school,RJR Middle School,,,False,13.118594,80.279216
node/4358935393,school,sivanthi matriculation higher secondary school,,,False,13.027046,80.181904
node/4377440092,school,Target soft solution,,,False,13.037239,80.233401
node/4383204790,school,KYM,,,False,13.078425,80.282892
node/4411778295,school,siva sakthi matriculation higher secondary school,,,False,12.987447,80.218453
node/4411841291,school,DEAF AND DUM SCHOOL,,,False,13.023437,80.181626
node/4421925894,school,Loyola college,,,False,13.06541,80.233698
node/4421948894,school,Womens Christian College (WCC),,,False,13.068133,80.249159
node/4447008637,school,Aathichudy Special School,,,False,13.004864,80.252718
node/4447073028,school,Grace Matriculation Higher Secondary School,,,False,13.040474,80.154546
node/4447078989,school,grace school,,,False,13.117952,80.130697
node/4447246138,school,Sri Sankara Vidyalaya Matriculation School,,,False,12.971567,80.126554
node/4447298329,school,Gill Adarsh Matriculation Higher Secondary School,,,False,13.050216,80.269996
node/4450536979,school,St Antony School,,,False,12.976797,80.226075
node/4517223590,school,my college,,,False,13.123215,80.169752
node/4633798289,school,CSI Middle school Sembiam,,,False,13.112821,80.23882
node/5087492821,school,Sri Sankara Vidyalaya Matriculation Higher Secondary School,,,False,12.922872,80.132183
node/5090924223,school,Alpha International school,,,False,12.923935,80.158351
node/5225756935,school,Zion matriculation higher secondary school,,,False,12.93606,80.16091
node/5226289023,school,Saviour Jesus Matriculation Higher Secondary School,,,False,12.942841,80.15027
node/5234697499,school,Shikshaa Matriculation Higher Secondary School,,,False,12.940489,80.156152
node/5246576324,school,St. Valanar HR sec school,,,False,12.922985,80.116829
node/5246751821,school,Christ king metric hr sec school,,,False,12.922157,80.116364
node/5246751823,school,St Mary's metric hr sec school,,,False,12.917028,80.115547
node/5246751824,school,CSI Middle school,,CSI,False,12.916172,80.115607
node/5259088434,school,Vankateswara Vidyalaya primary school,,,False,12.883971,80.152481
node/5302949922,school,St Mark matric school,,,False,12.92233,80.142963
node/5320053509,school,செ.தெ நாயகம் தியாகராய நகர் மேனிலைப் பள்ளி,,,False,13.036106,80.236564
node/5332419164,school,St. Joseph Higher Secondary School,,,False,12.938573,80.252817
node/5336398867,school,St. John Williams Matriculation School,,,False,13.103195,80.209311
node/5346397021,school,மணிஸ் நர்சரி மற்றும் பிரைமரி பள்ளி,,,False,13.055741,80.271905
node/5484076358,school,குண்டூர் சுப்பையா பிள்ளை தி.நகர் பெண்கள் மேல் நிலைப்பள்ளி,,,False,13.035876,80.237439
node/5875330425,school,Govt.Hr secondary school,,,False,13.027815,80.244473
node/5992069281,school,Rajiv School of Excellence Matriculation & Higher Secondary,,,False,13.038369,80.162825
node/6036590821,school,Singaram Pillai Girls High School,,,False,13.108468,80.208451
node/6356479646,school,Bala Mandir Kamaraj Trust,,,False,13.049052,80.246564
node/7053805485,school,Primrose Schools,,,False,12.909766,80.249499
node/7134517787,school,San Academy school,,,False,12.941837,80.101644
node/7136008687,school,National Public School,,,False,13.049434,80.258139
node/7136010486,school,ஸ்ரீ சாரதா பள்ளி,,,False,13.049935,80.25663
node/7136028385,school,D.A.V Boys Higher Secondary School,,,False,13.05024,80.256644
node/7723762942,school,Peace Academy Chennai,,,False,13.039242,80.256357
node/7930758686,school,Orchids The International School Thoraipakkam,,Orchids International School,False,12.925003,80.228667
node/8095515268,school,Manimegalai Vidhyalaya Nursery and Primary School,,,False,13.026031,80.211499
node/8096237707,school,Seethalakshmi Vidhyalaya School,,,False,13.02936,80.206801
node/8096940514,school,Chennai High School,,,False,13.029414,80.212421
node/8100718329,school,Apple Kids International Pre School,,,False,13.028351,80.209149
node/8597345825,school,Prince Srivari Vidyalaya,,,False,12.969047,80.194282
node/8597345826,school,Shri Venkateshwara Highter Secondary School,,,False,12.969465,80.194909
node/8628194990,school,Holy Family Convent Matric. Hr. Sec. School,,,False,12.960289,80.18651
node/8669165865,school,Government Higher Secondary School,,Government of Tamil Nadu,True,12.968924,80.184951
node/8669165867,school,Government Primary School,,Government of Tamil Nadu,True,12.968805,80.184453
node/8935540225,school,Satyamurthi high school,,,False,13.048298,80.246429
node/9378879818,school,The School - KFI,,Krishnamurti Foundation,False,12.84388,80.205018
node/9391105251,school,Nadar Sangam Matric Hr Sec School,,,False,12.976144,80.138181
node/9920582502,school,Netaji Vidyalaya School,,,False,12.943036,80.192844
node/9994034445,school,Government Higher secondary school,,,False,13.040128,80.130953
node/10289598933,school,St. Mary's School,,,False,13.195645,80.180137
node/10792844389,school,SV High School,,,False,13.053935,80.148484
node/11253282590,school,model school,,,False,12.894899,80.226771
node/11805421003,school,C.S.I. Anderson Rajagopaul Girls Higher Secondary School,,,False,13.09506,80.289268
node/11835034706,school,Venkatasubba Rao matrix Hr Secy School,,,False,13.050198,80.240234
node/11848217940,school,Department of Computer science,,Department of Higher Education,True,12.873834,80.221167
node/11848217941,school,Department of Electronics,,Department of Higher Education,True,12.873916,80.22099
node/11848217942,school,Computer Science Laboratory,,Department of Higher Education,True,12.873962,80.220861
node/11848217943,school,Department of Electrical & Electronics Engg.,,Department of Higher Education,True,12.873986,80.220724
node/11848217944,school,Department of Mechanical Engg.,,Department of Higher Education,True,12.873759,80.220305
node/11848217946,school,Machine Shop & Drawing Hall,,Department of Higher Education,True,12.873988,80.220297
node/11848217947,school,Bio Medical Laboratory,,Department of Higher Education,True,12.874179,80.220351
node/11917025570,school,The dance crew,,,False,12.912948,80.19181
node/12192792965,school,LBEAAR Matric Hr. Sec. School,,,False,13.071989,80.189409
node/12301257361,school,Hussain Memorial Matric & Hr. Sec. School,,,False,13.12133,80.147264
node/12407599025,school,Chemical department,,Department of Higher Education,True,12.870335,80.215186
node/12554273454,school,Sri Agathiar Vidhyalaya Nursery & Primary School,,,False,13.159264,80.303144
node/12581554806,school,St Anne's School,,,False,13.132247,80.236172
node/12581645343,school,St Anne's Matriculation School,,,False,13.13204,80.238848
node/12581658602,school,St Anns Metric Secondary School,,,False,13.141603,80.23667
node/12894184501,school,Zemcode Medical Coding Training,,,False,12.915643,80.194558
node/13390341655,school,BrightPath Play School,,,False,12.96562,80.214928
node/13392511809,school,Orchid school,,,False,13.125858,80.19605
node/13394288611,school,Padmashree school,,,False,13.12768,80.197443
node/13433948701,school,Rudrappasamy School,,,False,13.116929,80.171789
node/13898851358,school,Chitlapakkam School Ground,,,False,12.93747,80.135622
way/23186297,school,Sarada Vidyalaya Girls,,,False,13.042298,80.231523
way/23186327,school,Vidyodaya Girls HSS,,,False,13.050915,80.241757
way/23186336,school,Ramakrishna Mission Matric HSS,,,False,13.046845,80.231191
way/23929780,school,M. Ct. M Chidambaram Chettyar International School,,,False,13.0376,80.259123
way/23929941,school,St Ebbas Girls HS School,,,False,13.043858,80.262584
way/23962542,school,Saint Williams High School,,,False,13.052863,80.267902
way/23970143,school,Valliaammal Matriculation,,,False,13.08523,80.223473
way/24240072,school,JGVV School,,,False,13.089472,80.214174
way/24260624,school,NKT National Girls HSS,,,False,13.051851,80.274822
way/24261527,school,Lady Willingdon High School,,,False,13.048488,80.279205
way/24270339,school,Vidya Mandir SSS,,,False,13.037591,80.268709
way/24270393,school,Saint Bede's Anglo Indian Higher Secondary School,,,False,13.034117,80.278278
way/24270394,school,Rosary Matriculation HSS,,,False,13.035205,80.27623
way/24270411,school,CSI School for Deaf,,,False,13.03668,80.277385
way/24270436,school,P. S. Senior Secondary School,,,False,13.031271,80.266086
way/24270517,school,Santhome HSS,,,False,13.031861,80.276788
way/24339608,school,Foreshore Estate Elementary School,,,False,13.023896,80.276677
way/24339616,school,Raja Muthiah School,,,False,13.022462,80.26126
way/24339617,school,Harishri Vidyalayam,,,False,13.022365,80.262854
way/24339620,school,Chettinad Vidyashram School,,,False,13.017573,80.268694
way/24375563,school,Good Shepherd Convent,,,False,13.065106,80.244887
way/24375609,school,Asan Memorial Senior Secondary School,,,False,13.064213,80.251933
way/25618840,school,Modern Senior Secondary School,,,False,12.97393,80.185426
way/25619926,school,Modern Senior Secondary School (Primary),,,False,12.974681,80.184659
way/26422007,school,Corporation School,,,False,13.138468,80.296679
way/27199950,school,Loyola and Fatima Matriculation Higher Secondary School,,,False,13.05011,80.226315
way/27199951,school,Kodambakkam HSS,,,False,13.052268,80.223247
way/27199952,school,SRM NIGHTINGALE MATRICULATION HIGHER SECONDARY SCHOOL,,Valliammai Trust,False,13.0418,80.22445
way/27311864,school,Anna High School,,,False,13.000618,80.268238
way/27433214,school,Nirmala Girls HSS,,,False,13.041543,80.210304
way/27433215,school,Stella Matric,,,False,13.040933,80.209834
way/27433218,school,Kendriya Vidyalaya,,,False,13.036846,80.209249
way/27433219,school,Govt Girls School,,,False,13.032481,80.213937
way/27435143,school,Thai Sathia School,,,False,13.043994,80.198156
way/27460554,school,General Cariappa HSS,,,False,13.058507,80.204616
way/27483786,school,Corporation School,,,False,13.038633,80.251137
way/27643187,school,Saint Francis Xavier,,,False,13.029455,80.25077
way/27768551,school,Kendriya Vidyalaya IIT Chennai,,,False,12.992769,80.232928
way/28068665,school,Holy Angels Convent,,,False,13.040993,80.241492
way/28068671,school,Kesari HSS,,,False,13.040467,80.24593
way/28085709,school,Ramakrishna Mission HSS,,,False,13.040648,80.234255
way/28085862,school,Ramakrishna HSS,,,False,13.034826,80.23414
way/28151245,school,Sacred Heart Matric,,,False,13.053409,80.254602
way/28162212,school,Maharishi Vidya Mandir,,,False,13.07457,80.234998
way/28163137,school,St George's Anglo Indian Higher Secondary School,,,False,13.076748,80.232009
way/28281732,school,The School Krishnamurti Foundation India,,,False,13.005196,80.263284
way/28296057,school,Kalki Saraswathi HSS,,,False,13.079261,80.24607
way/28318885,school,Savithri Ammal HSS,,,False,13.040292,80.269281
way/28402530,school,Ladies Sivasamy School,,,False,13.032017,80.271405
way/28402586,school,Sir Sivasamy Kalyana,,,False,13.032611,80.272233
way/28405012,school,The Hindu Colony Chellammal Vidyalaya Senior Secondary School,,,False,12.978568,80.183987
way/28405027,school,New Prince Matriculation Higher Secondary School,,,False,12.977216,80.196635
way/28405056,school,Sai Matriculation Higher Secondary School,,,False,12.968093,80.191351
way/28405760,school,The Hindu Senior Secondary School,,,False,12.997393,80.253576
way/28502342,school,Asan Memorial HSS,,,False,13.0622,80.254175
way/28503858,school,Assumption HSS,,,False,13.05508,80.248845
way/28504274,school,Little Flower School for the Blind and Deaf,,,False,13.050655,80.24798
way/28507306,school,Guru Nanak School,,,False,12.990597,80.220905
way/28534579,school,Marian Matriculation,,,False,13.004727,80.193745
way/28534585,school,St Johns Matriculation,,,False,13.003817,80.19181
way/28563208,school,Sri Sankara Senior Secondary School,,,False,13.009912,80.260978
way/28563210,school,Avvai Home,,,False,13.009026,80.261214
way/28563224,school,Sishya,,,False,13.005826,80.259311
way/28732095,school,Govt Hobart Girls HSS,,,False,13.057143,80.261682
way/28764650,school,St Peters HSS,,,False,13.109326,80.295217
way/28764688,school,St Annes HSS,,,False,13.110479,80.292256
way/28764714,school,Kevins Anglo-Indian High School,,,False,13.111674,80.294467
way/29044877,school,Don Bosco Matriculation Higher Secondary School,,,False,13.070551,80.255517
way/29044902,school,Don Bosco Primary,,,False,13.069943,80.254489
way/29046739,school,Corporation School,,,False,12.989917,80.254768
way/29047565,school,Besant Theosophical High School,,,False,12.991497,80.264382
way/29069721,school,Kendriya Vidyalaya Island Grounds,,,False,13.077638,80.278094
way/29115468,school,Presidency Girls HSS,,,False,13.075007,80.252969
way/29115914,school,St Anthony's Anglo Indian HSS,,,False,13.072511,80.261696
way/29252766,school,Bala Mandir School,,,False,13.049785,80.246556
way/30026135,school,Vanavani Matriculation Higher Secondary School,,,False,12.998174,80.238411
way/30077687,school,Bakthavachalam Vidhyashram School,,,False,13.109084,80.182959
way/30342333,school,Thiruvanmiyur Corporation School,,,False,12.981507,80.261106
way/30342450,school,Sankara School,,,False,12.976521,80.259953
way/30342858,school,Nellai Nadar Matric HSS,,,False,12.972921,80.262318
way/30343118,school,Sri Sankara Vidyashram HSS,,,False,12.985278,80.257037
way/30343814,school,Corpn School,,,False,12.993213,80.270383
way/30347104,school,Saint Louis School for the Deaf and Blind,,,False,13.012173,80.249468
way/30347107,school,Saint Michaels Academy,,,False,13.010726,80.250375
way/30347109,school,Saint Patricks HSS,,,False,13.012202,80.251205
way/30347113,school,Bala Vidya Mandir,,,False,13.010011,80.251207
way/30394432,school,Corporation High School,,,False,13.001806,80.253782
way/30394613,school,Corporation Primary School,,,False,13.004931,80.256242
way/30394615,school,Bharath HSS,,,False,13.00166,80.255935
way/30402674,school,Corporation Middle School,,,False,13.002833,80.26261
way/30606820,school,G. K. Shetty Hindu Vidhyalaya School,,,False,12.984779,80.207198
way/30890106,school,Karthikeyan Matriculation Higher Secondary School,,,False,13.055853,80.203624
way/32510191,school,Padma Seshadri Bala Bhavan Senior Secondary School - PSBB KK Nagar,,,False,13.039993,80.199858
way/32551130,school,Kolaperumal Chetty Vaishnav School,,,False,13.07437,80.213858
way/32575333,school,M.A.Krishnasamy Matriculation School,,,False,13.028423,80.204627
way/32589617,school,Christ Church Anglo Indian High Secondary School,,,False,13.066069,80.270032
way/32686279,school,Army School,,,False,13.02396,80.195327
way/32827402,school,CSI Ewarts School,,,False,13.082219,80.256591
way/32896974,school,St. Joseph School,,,False,13.011631,80.19484
way/32896988,school,RC School,,,False,13.008899,80.195214
way/33010477,school,Saint Lazarus School,,,False,13.02915,80.273823
way/33069085,school,Kathivakkam HSS,,,False,13.225311,80.322246
way/33076141,school,Government School,,,False,13.159854,80.301184
way/33076143,school,Dharam Hinduja Matric HSS,,,False,13.15897,80.301451
way/33076157,school,Sri Ram Dayal Khemka Vivekananda Vidyalaya Junior College,,,False,13.15689,80.302667
way/33076158,school,Our Lady's Convent,,,False,13.155076,80.301852
way/33077485,school,Vellayan Chettiar HSS,,,False,13.167571,80.306177
way/33267223,school,Bon Secours Convent,,,False,13.029997,80.251016
way/33300163,school,American International School Chennai,,,False,12.982253,80.246534
way/33622104,school,CSI Bains School,,,False,13.082778,80.245317
way/33622438,school,Bhavans,,,False,13.083879,80.240503
way/33630537,school,Sarojini Girls HSS,,,False,13.050672,80.106446
way/33630558,school,Poonamallee Government HSS,,,False,13.050045,80.108472
way/33630846,school,Poonamallee Blind School,,,False,13.047231,80.106948
way/33630904,school,Don Guanella Major Seminary,,,False,13.045747,80.110673
way/33938373,school,Government HSS,,,False,13.027329,80.244254
way/33938568,school,Boston Matriculation,,,False,13.027496,80.24334
way/34028125,school,Government HSS,,,False,13.034462,80.202591
way/34133590,school,AV Meiyappan MHSS,,,False,13.050681,80.197998
way/34140559,school,M.R Matriculation Higher Secondary School,,,False,13.057318,80.181456
way/34159270,school,Velammal Matriculation Higher Secondary School,,,False,13.086363,80.18271
way/34159305,school,MGR Adarsh school,,,False,13.082862,80.181848
way/34159548,school,Montfort Matriculation,,,False,13.006469,80.198314
way/34159549,school,St Helens HSS,,,False,13.006884,80.197278
way/34159550,school,Dominics Girls HSS,,,False,13.006151,80.197235
way/34159551,school,St Thomas HSS,,,False,13.007974,80.19825
way/34230318,school,Hindi Prachar Sabha,,,False,13.034679,80.238946
way/34326336,school,St. Thomas Matriculation Higher Secondary School,,,False,13.091196,80.28477
way/34552720,school,Krinshnaswamy School,,,False,13.083784,80.211866
way/34629719,school,Government Girls HSS,,,False,13.118327,80.15485
way/35015054,school,AMM School,,,False,13.019059,80.242
way/35070068,school,Avichi School,,,False,13.048516,80.197904
way/35464358,school,Madras Christian College Higher Secondary School,,,False,13.071473,80.236874
way/35475184,school,Chennai Boys Higher Secondary School,,Corporation of Chennai,False,13.025514,80.219321
way/35572295,school,Spastic Society of india,,,False,12.985188,80.249998
way/35678097,school,Vidya Vinaya Vinoda Matriculation Hr. Sec. School,,,False,12.99896,80.266042
way/43157498,school,Ramaswamy Mudaliar School,,,False,13.116877,80.149418
way/43826805,school,ayyasami school,,,False,12.943293,80.141044
way/43826806,school,NSN school,,,False,12.94269,80.141688
way/47109372,school,Measi Matriculation Higher Secondary School,,,False,13.097483,80.291454
way/47415265,school,Doctor Guruswamy HSS,,,False,13.098406,80.27604
way/47473073,school,Kesari High School,,,False,13.043418,80.265965
way/47474025,school,The Children's Garden Higher Secondary School,,,False,13.045555,80.269365
way/47497721,school,Bharat Scouts and Guides,,,False,13.055478,80.28123
way/48741304,school,ICF School,,,False,13.102779,80.221408
way/48741330,school,ICF School,,,False,13.100455,80.218993
way/48741372,school,ICF School,,,False,13.09953,80.220804
way/51132532,school,St Joseph's Higher Secondary School,,,False,13.108887,80.240028
way/53470466,school,Savio School,,,False,13.109686,80.241162
way/53470477,school,Higher Secondary School,,,False,13.112363,80.241179
way/54584266,school,Daniel Thomas HSS,,,False,13.074528,80.192508
way/85733338,school,Wesley Higher Secondary School,,,False,13.05661,80.263521
way/100554435,school,Police Academy,,,False,12.856438,80.098261
way/102550222,school,"Don  Bosco Mat.Hr.Sec. School,Erukkancheri",,,False,13.125333,80.249285
way/118695817,school,Jawahar Higher Secondary School,,,False,13.037644,80.212714
way/131961752,school,Antony School,,,False,12.971979,80.255234
way/132063266,school,Govt School,,,False,12.966591,80.256701
way/132065414,school,YMCA Boys HSS,,,False,12.976054,80.249674
way/144877281,school,Don Bosco Higher Secondary School,,,False,13.111407,80.263922
way/157547514,school,St. Johns Matriculation School,,,False,13.024876,80.267267
way/157549275,school,St.Johns Senior Secondary School,,,False,13.025438,80.267686
way/164933758,school,D.A.V Public School,,,False,12.972299,80.2226
way/179246857,school,Goverment School,,,False,12.942884,80.191395
way/183882478,school,Sri Ahobila Math Oriental Higher Secondary School,,,False,13.034967,80.225632
way/183882994,school,Sri Narayana Mission School,,,False,13.036002,80.226848
way/188162845,school,Shri A. Ganesan Matriculation Higher Secondary School,,,False,12.97265,80.220286
way/203214270,school,A School,,,False,12.940964,80.198789
way/205219589,school,Municipal Primary School,,,False,12.987714,80.185918
way/208570709,school,St Raphael's Girls HSS,,,False,13.034261,80.276131
way/209551264,school,D. A. V School,,,False,12.981372,80.202728
way/211900028,school,Anna GEM Science Park Matriculation Higher Secondary School,,,False,13.01611,80.238887
way/214379309,school,Saint Mary's School,,,False,13.025327,80.214508
way/215529547,school,Jawahar Senior Secondary School,,,False,13.041192,80.215385
way/217637692,school,Chennai Corporation School,,,False,13.108448,80.272002
way/217731073,school,sri ramakrishna mission sarada vidyalaya model higher secondary school for girls,,,False,13.035194,80.232214
way/217745267,school,Corporation Boys Higher Secondary School,,,False,13.062207,80.230706
way/217745268,school,Government Girls Higher Secondary School,,,False,13.059992,80.231133
way/217745269,school,"Kendriya Vidyalaya, Gill Nagar",,,False,13.063533,80.224639
way/217747553,school,Kidzee School,,,False,13.063615,80.22813
way/217763975,school,Vidya Ratna PTS Matriculation Higher Secondary School,,,False,13.000236,80.25835
way/217865455,school,C.S.I. Northwick Girls' Higher Secondary School,,,False,13.117869,80.296362
way/217906534,school,School Ground,,,False,13.119696,80.239154
way/217933046,school,Periyar Matriculation Higher Secondary School,,,False,13.113031,80.225371
way/217952453,school,Chennai Corporation School,,,False,13.110933,80.273121
way/218144562,school,Padma Seshadri Bala Bhavan School,,,False,13.049318,80.241007
way/218144573,school,Thakkar Bapa Vidyalaya,,,False,13.032544,80.2379
way/218191088,school,Sir M. Ct. Muthiah Chettiar Boys Higher Secondary School,,,False,13.080777,80.254141
way/237099388,school,HLC International,,,False,12.862538,80.206766
way/240461919,school,PN Dhawan Adasrsh Vidyalaya,,Punjab Association,False,13.054631,80.260893
way/240501600,school,Nungambakkam Boys HSS,,,False,13.057492,80.240863
way/243880686,school,Lalaji Memorial Omega International School,,,False,13.00254,80.148419
way/255505185,school,Chennai Girls Higher Secondary School,,Corporation of Chennai,False,13.025473,80.218585
way/297184907,school,MCC Campus School,,,False,12.921551,80.126675
way/297497481,school,Sri Sankara Vidyalaya Matriculation Higher Secondary School,,,False,12.923391,80.132069
way/297497796,school,Christ King Girls Higher Secondary School Ground,,,False,12.922209,80.131903
way/297497842,school,Sita devi garodia hindu vidyalaya play ground,,,False,12.925567,80.128652
way/297691511,school,Corley Higher Secondary School Ground,,,False,12.916946,80.116349
way/301242245,school,Jaigopal Garodia National Higher Secondary School,,,False,12.931637,80.128645
way/339508304,school,C.S.I. Middle School,,,False,13.020088,80.220653
way/339877359,school,Vidhya Sagara Brotherhood aided Middle School,,Saidapet Annadhana & School Charity Trust,False,13.024141,80.226096
way/339882890,school,Sri Sitaram Vidhyalaya,,Sri Ram Samaj,False,13.035965,80.220861
way/348294605,school,B.S.Mootha Girls Senior Secondary School,,,False,13.04176,80.228097
way/348495070,school,Chennai Primary School,,Corporation of Chennai,False,13.016565,80.244527
way/348495071,school,Advent Primary School,,Advent Christian Confrence,False,13.01882,80.245093
way/349586216,school,Thiruvengada Nagar School,,,False,13.116916,80.144199
way/349587480,school,TI Matriculation Higher Secondary School,,,False,13.116494,80.14802
way/354250115,school,Padma Sarangapani School,,,False,13.102215,80.199169
way/354275874,school,Chennai Public School Global,,,False,13.082533,80.218189
way/354496963,school,Tarachand Galada jain Matriculation School,,,False,13.034273,80.228584
way/354569784,school,St. Savio Matriculation Higher secondary school,,,False,12.981744,80.226192
way/354803312,school,SRM (Primary Section),,Valliammai Trust,False,13.041872,80.224054
way/354814768,school,DAV Primary Secondary School,,,False,13.064934,80.22256
way/355020654,school,Panchayat School,,,False,12.959572,80.240124
way/355049844,school,St. Antony's School,,,False,12.93586,80.204687
way/355074376,school,Sri Maharishi Vasudeva Vidyalaya,,,False,13.035082,80.225674
way/369457521,school,Gopalapuram Boys Higher Secondary School,,,False,13.051212,80.258062
way/369893918,school,Srimathi Sundaravalli Memorial School,,,False,12.95655,80.133587
way/373792906,school,Guntur Subbiah Pillai Girls Higher Secondary,,,False,13.035789,80.237771
way/374049782,school,Sri Mylai Karpagavalli Matriculation Higher Secondary School,,,False,12.99864,80.25802
way/393946464,school,St. Sebastian Matriculation Higher Secondary School,,,False,12.972731,80.146537
way/393946466,school,St. Theresa Girls' Higher Secondary School,,,False,12.971896,80.145327
way/428484763,school,"Government Higher Secondary School, Velachery",,Tamilnadu Govt.,False,12.987953,80.219875
way/438356558,school,Pon Vidhyashram School,,,False,12.917937,80.247597
way/440897489,school,AMM School,,,False,12.964629,80.258333
way/442607342,school,St. Francis International School,,,False,13.011945,80.154554
way/487967169,school,Singaram Pillai Higher Secondary School,,Tamil Nadu Government,False,13.103524,80.200085
way/487967170,school,S.B.O.A School and Junior College,,,False,13.092063,80.19521
way/487967171,school,Singaram Pillai School,,,False,13.101996,80.195899
way/549670582,school,Singaram Pillai Hr Sec School,,,False,13.101483,80.195814
way/589722657,school,Babaji School Play Ground,,Babaji Vidhyaharam,False,12.89655,80.218187
way/670053470,school,Porur Government High School,,,False,13.033829,80.160065
way/670974351,school,Kendriya Vidyalaya,,,False,12.991897,80.186198
way/730963732,school,SRI MB JAIN HIGHER SECONDARY SCHOOL,,,False,13.034671,80.227986
way/765366835,school,Sindhi Model Senior Secondary School,,,False,13.085106,80.244133
way/792345466,school,Chinmaya Vidyalaya (Tapovanam),,,False,13.081369,80.239415
way/817452165,school,TI Matriculation Higher Secondary School,,,False,13.114957,80.147408
way/819430701,school,Sri Chaitanya School,,,False,12.959405,80.145669
way/842358375,school,Nathella Vidyodaya,,,False,13.119419,80.159326
way/843529201,school,Mahaganesa Government School,,,False,13.119517,80.15496
way/938699837,school,Sunshine Senior Secondary School,,Rays Educational Trust,False,12.973511,80.209201
way/969993574,school,D.A.V Boys School,,,False,13.088747,80.181823
way/970633580,school,Chennai Public School,,,False,13.08897,80.190021
way/970633585,school,Spartan Group of Schools,,,False,13.086561,80.180109
way/970634106,school,D.A.V Girls School,,,False,13.087778,80.179216
way/985482164,school,Green Valley School,,,False,13.083263,80.164326
way/1019183969,school,Government High School Grounds,,,False,12.926151,80.198674
way/1031073053,school,KV sports ground,,Kendriya vidyalaya anna nagar,True,13.08195,80.197985
way/1034057832,school,Government School,,Government of Tamil Nadu,False,12.929173,80.182462
way/1066918399,school,Perumbakkam Higher Secondary School,,,False,12.885765,80.210475
way/1074246086,school,Sagaya Madha Matriculation Higher Secondary School,,,False,13.184493,80.316274
way/1082035631,school,Sri Venkateswara Chakra School,,,False,13.130955,80.146963
way/1091003545,school,Shri Ram Universal School,,,False,13.100067,80.253753
way/1104424886,school,Muthialpet Higher Secondary School,,,False,13.095744,80.289786
way/1116172429,school,St. Columbans Anglo-Indian Matriculation School,,,False,13.090423,80.286861
way/1116172431,school,St. Mary's Anglo-Indian Higher Secondary School,,,False,13.089598,80.287335
way/1116186789,school,Dr. Rathnavelu Subramaniam Muthialpet Girls Higher Secondary School,,,False,13.096881,80.290041
way/1116272501,school,B.S. Nursery and Primary School,,,False,13.098835,80.293279
way/1135430982,school,Dominic Savio Matriculation School,,,False,13.099884,80.2859
way/1136670234,school,"Chennai Middle School, Ramasamy Street",,,False,13.098449,80.288918
way/1136682578,school,Dr.Rathinavel Subramanian Muthialpet Girls Higher Secondary School,,,False,13.097126,80.290118
way/1147266480,school,M. Ellappa Chettiar Aided Primary School,,,False,13.100568,80.29065
way/1147283499,school,Dr. Rajamanickanar Memorial Nursery and Primary School,,,False,13.10109,80.291298
way/1147473112,school,K. Ramiah Chetty A.R.C. Girl's Higher Secondary School,,,False,13.102472,80.288691
way/1147474036,school,MSB Matriculation Higher Secondary School,,,False,13.102511,80.288234
way/1149331619,school,Bharath Dass Matriculation Higher Secondary School,,,False,12.960095,80.243034
way/1149362735,school,Montfort Matriculation School,,,False,12.963181,80.235019
way/1155133570,school,Chennai Middle School,,,False,13.104472,80.284327
way/1169602546,school,Vivekananda Centenary Girls Higher Secondary School,,,False,13.103792,80.278291
way/1172399083,school,Sri Ramakrishna Math National School,,,False,13.103778,80.275041
way/1172638604,school,Sriram Vidhya Mandir School,,,False,13.111872,80.257886
way/1172639331,school,Annai Vailankanni Matriculation School,,,False,13.118593,80.257174
way/1174462632,school,The Hindu Theological Higher Secondary School,,,False,13.093152,80.279078
way/1174507990,school,The Madras Progressive Union Higher Secondary School,,,False,13.09318,80.278472
way/1176840421,school,The Saivite Middle School and T.T.V. Higher Secondary School,,,False,13.096067,80.280292
way/1176848828,school,Ganeshbai Galada Jain Girls Higher Secondary School,,,False,13.095481,80.280072
way/1178017210,school,CSI Middle School,,,False,13.096403,80.278972
way/1178725427,school,K.T.C.T Girls Primary & Higher Secondary School,,,False,13.093535,80.280389
way/1178725431,school,Shree Jethmal Tikamchand Chajed Jain Mission High School,,,False,13.09394,80.280468
way/1180950683,school,S.K.P.D Boys Primary School and Higher Secondary School,,,False,13.090279,80.281666
way/1202245460,school,Sri Venkateswara Public School,,,False,13.167883,80.212532
way/1202517159,school,Christwood School,,,False,12.859825,80.169319
way/1237138893,school,Annai Arul Public School,,,False,12.895715,80.155324
way/1237674824,school,Government Muslim High School,,,False,13.102908,80.28155
way/1237744463,school,St. Gabriel's Higher Secondary School,,,False,13.101022,80.286314
way/1237744470,school,Don Bosco Nursery & Primary School,,,False,13.100454,80.286228
way/1239088646,school,Bishop Corrie Anglo-Indian Higher Secondary School,,,False,13.102585,80.286193
way/1239353112,school,St. Anne's Girls Higher Secondary School / St. Francis Xavier's Primary School / St. Anne's Convent,,,False,13.099129,80.285025
way/1239353120,school,St. Francis Xavier Anglo-Indian Higher Secondary School,,,False,13.098946,80.285572
way/1239369341,school,Chennai Urdu Middle School,,,False,13.097885,80.286065
way/1241283253,school,Shri Sarathy Vidyalaya Nursery and Primary School,,,False,13.098318,80.284409
way/1314581960,school,Dr.B.M. Sundaravadanan Matriculation Higher Secondary School,,,False,13.080305,80.223073
way/1314584110,school,Girls Higher Secondary School,,,False,13.077233,80.224459
way/1314660931,school,Chennai Middle School,,,False,13.076523,80.223587
way/1323805507,school,Sri Chaitanya Techno School,,,False,12.977561,80.217916
way/1323806867,school,Bethel Matriculation hr sec school,,,False,12.975877,80.223058
way/1338989730,school,Ology School Ground,,,False,13.015669,80.156074
way/1373636348,school,St. George Matric Higher Secondary School,,,False,12.950973,80.234646
way/1373636360,school,Government Higher Secondary School,,,False,12.949533,80.241658
way/1408241420,school,St. Joseph's Matriculation Higher Secondary School,,,False,13.22061,80.319229
way/1425739385,school,Ramakrishna Mission Residential High School,,,False,13.041574,80.263668
way/1480836551,school,Smt. Mohini Saraogi Vivekananda Vidyalaya,,,False,13.179026,80.30146
way/1485978713,school,Madambakkam High School Ground,,,False,12.909018,80.153049
node/364997861,college,Central Institute of Petrochemicals Engineering and Technology,,,False,13.014131,80.205218
node/432468191,college,DCOE Office,,,False,12.948973,80.13975
node/432468195,college,Lecture Hall Complex,,,False,12.948156,80.139789
node/432468196,college,Department of Aeronautical Engineering,,,False,12.948617,80.140799
node/432468200,college,Mechatronics,,,False,12.949113,80.140979
node/432468201,college,Department of Production Technology,,,False,12.949294,80.141098
node/432468205,college,Department of Automobile Engineering,,,False,12.947881,80.14034
node/432468246,college,RLHC (Rajam Lecture Hall Complex),,,False,12.948469,80.139853
node/612556884,college,Anna Adharsh College for Women,,,False,13.079845,80.210686
node/968597207,college,The Institute of Mathematical Sciences,,,False,12.994084,80.247014
node/983957836,college,Meenakshi Krishan Polytechnic College,,,False,12.965618,80.127509
node/2381473122,college,NIIT,,,False,13.089879,80.286275
node/2394711912,college,IID Community College,,,False,13.068776,80.218961
node/3027045820,college,GKM College of Engineering,,,False,12.8956,80.121482
node/3615415200,college,Asian College of Journalism,,,False,12.996162,80.24628
node/5231956170,college,S.A Engineering College,,,False,13.0655,80.110851
node/5282745421,college,Loyola-Icam College of Engineering and Technology,,,False,13.059237,80.233731
node/5372322923,college,Liba extension centre,,,False,13.059306,80.236771
node/5372361521,college,Loyola Institute of Business Administration,,,False,13.05904,80.236793
node/5485650822,college,Ramakrishna Mission Vivekanandha College,,,False,13.04071,80.264394
node/5846492985,college,அண்ணா பல்கலைக்கழகம்,,,False,13.010584,80.235374
node/5936040585,college,Government Yoga And Naturopathy Medical College & Hospital,,,False,13.07553,80.220291
node/5964208543,college,Admin Block & Dean Office,,,False,12.948033,80.139634
node/6527322712,college,Vel Tech Engineering College,,,False,13.18822,80.106108
node/6914937634,college,Sri Ramachandra Medical College And Research Institute,,,False,13.039097,80.141966
node/7090003132,college,St Brittos College,,,False,12.995627,80.204091
node/9333222435,college,Kcg college of techology,,,False,12.921768,80.240415
node/9348174751,college,MEASI Academy of Architecture,,,False,13.053748,80.259193
node/10653634259,college,Indian Institute of Information Technology Design and Manufacturing Kancheepuram,,,False,12.837338,80.136963
node/11004539791,college,Thangavelu Engineering Collage,,,False,12.92309,80.22918
node/11176612212,college,Tagore Engineering Clg,,,False,12.860221,80.132755
node/11804254206,college,Department of Fashion Design,,,False,12.870649,80.220385
node/12523043426,college,st.joseph's college of engineering,,,False,12.870235,80.226361
node/12581554805,college,St Anne's Arts And Science College,,,False,13.13336,80.233455
node/13135440842,college,Saveetha school of management,,,False,13.055503,80.123049
node/13348614701,college,Institute for Energy Studies (IES),,,False,13.010652,80.232651
node/13378366146,college,Center of Advanced studies,,,False,12.871332,80.225357
node/13830315001,college,Agni College of Technology,,,False,12.848413,80.194401
way/23813849,college,Stella Maris College,,,False,13.046185,80.25317
way/23839275,college,Justice Basheer Ahmed Sayeed College For Women,,,False,13.036365,80.248307
way/23929908,college,Vivekananda College,,,False,13.041092,80.263062
way/23954873,college,The New College,,,False,13.05337,80.259462
way/23970133,college,Kandasamy Naidu College,,,False,13.085659,80.218831
way/23970134,college,Valliammal College for Women,,,False,13.085621,80.219862
way/24261542,college,Queen Marys College,,,False,13.044973,80.278322
way/24262150,college,Anna Institute of Management,,,False,13.018556,80.253469
way/24375417,college,Loyola College,,,False,13.061918,80.234706
way/24375531,college,MOP Vaishnav College for Women,,,False,13.055383,80.250419
way/24483959,college,Ethiraj College for Women,,,False,13.063564,80.258226
way/24483965,college,Quaid-E-Millath College for Women,,,False,13.064372,80.262476
way/24831558,college,"College of Engineering, Guindy",,,False,13.013262,80.235627
way/26562014,college,Hangar 1,,,False,12.950168,80.1408
way/26562015,college,Hangar 2,,,False,12.949331,80.140222
way/27484068,college,Reserve Bank Staff College,,,False,13.04493,80.249173
way/28120384,college,Indian Maritime University,,,False,12.863638,80.244816
way/28152150,college,Womens Christian College,,,False,13.069234,80.248786
way/28162037,college,Pachaiyappa's College,,,False,13.072855,80.233605
way/28260605,college,Madras Christian College,,,False,12.918143,80.122046
way/28261437,college,SIVET College,,,False,12.924158,80.167078
way/28318877,college,Sanskrit College,,,False,13.040225,80.268568
way/28345287,college,Stanley Medical College,,,False,13.106007,80.28712
way/28345323,college,Bharathi Womens College,,,False,13.103651,80.286284
way/28345325,college,Arts College Hostel,,,False,13.103365,80.28743
way/28507322,college,Guru Nanak College,,,False,12.99182,80.221749
way/28856428,college,National Institute of Ocean Technology,,,False,12.946536,80.211162
way/29046944,college,Kalakshetra School of Fine Arts,,Trust,False,12.987412,80.2658
way/29116127,college,School of Optometry,,,False,13.069724,80.261697
way/30246473,college,Madras Veterinary College,,,False,13.086112,80.267904
way/30347103,college,Patrician College of Arts & Science,,,False,13.013562,80.24981
way/30347111,college,KRMM School and Kumararani Meena Mutthaiah College,,,False,13.010991,80.251801
way/30348389,college,Rani Meyammai School,,,False,13.009927,80.257289
way/30749075,college,Madras Insitute of Technology - MIT Chromepet,,,False,12.948881,80.140751
way/30853376,college,DG Vaishnav College,,,False,13.074065,80.212809
way/30973303,college,Institute of Mental Health - Kilpauk,,,False,13.089954,80.238513
way/31240968,college,National Institute for Siddha,,,False,12.93903,80.128298
way/31276227,college,DCOE Office,,,False,12.949015,80.139732
way/31276228,college,Lecture Hall Complex,,,False,12.948297,80.139628
way/31276232,college,Rubber and Plastics Technology,,,False,12.947442,80.140211
way/31276233,college,Department of Information Technology,,,False,12.948,80.140076
way/31276234,college,Department of Electonics Engineering - Old  Block,,,False,12.948241,80.140241
way/32551143,college,Anna Adarsh College for Women,,,False,13.079912,80.21069
way/32616590,college,Police Training College,,,False,13.036397,80.211053
way/32666151,college,Chellammal College,,,False,13.014028,80.22119
way/33622823,college,Government College of Arts and Crafts,,,False,13.079892,80.266335
way/33630851,college,Sacred Heart Seminary,,,False,13.043966,80.110248
way/33744319,college,Government Arts College for Men,,,False,13.029324,80.238988
way/34159543,college,Hindustan Institute of Engineering Technology,,,False,13.006419,80.202137
way/34326337,college,Sri Kanyaka Parameswari Arts & Science College for Women,,,False,13.091516,80.283307
way/35008212,college,Tamil Nadu Government College of Classical Music,,,False,13.016659,80.262838
way/35013506,college,Ambedkar Law University - School of Excellence,,,False,13.016656,80.264162
way/35457616,college,MNM Jain Engineering College,,,False,12.945035,80.243776
way/35572308,college,National Institute of Fashion Technology - NIFT Chennai,,,False,12.984388,80.251508
way/35572368,college,National Institute of Technical Teachers' Training and Research,,Ministry of Education-Govt. of India,True,12.987717,80.2497
way/35572405,college,Council of Scientific and Industrial Research - CSIR Taramani,,,False,12.988219,80.244648
way/35573178,college,Shri A. M. M. Murugappa Chettiar Research Centre,,,False,12.984644,80.242206
way/37133364,college,Instrumentation Engineering Block-1,,,False,12.947363,80.139608
way/37133365,college,Admin Block & Dean Office,,,False,12.948013,80.139366
way/37133367,college,Instrumentation Engineering Block-2,,,False,12.947548,80.139267
way/43442316,college,Central Workshop,,,False,12.949699,80.140615
way/43826808,college,Rajam Lecture Hall Complex,,,False,12.948558,80.139656
way/47798613,college,Agurchand Manmull Jain College,,,False,12.984089,80.178673
way/48048694,college,St Joseph Technical Institute,,,False,13.103093,80.266217
way/51541566,college,Teacher Training College,,,False,13.02198,80.227366
way/55058244,college,Ethiraj Annex,,,False,13.063534,80.257084
way/55570584,college,Sacred Heart College,,,False,12.981768,80.25543
way/125234674,college,Dr. Ambedkar Government Arts College,,,False,13.117122,80.260235
way/132510315,college,The Institute of Road Transport,,,False,12.982433,80.244412
way/157121739,college,Quaid-e-milleth College,,,False,12.921215,80.181043
way/172830294,college,New Prince Shri Bhavani Arts and Science College,,,False,12.915607,80.187257
way/185282947,college,"University of Madras, Guindy Campus",,,False,13.009588,80.238873
way/185284099,college,Alagappa College of Technology,,,False,13.008105,80.238399
way/185284100,college,School of Architecture and Planning,,,False,13.007831,80.23982
way/211121332,college,Balaji Seamen Training Institute,,,False,12.865536,80.228211
way/211900030,college,Central Leather Research Institute,,Govt. of India,True,13.00909,80.243962
way/214366887,college,Annai Velankanni College,,,False,13.019347,80.214864
way/217750108,college,Meenakshi College for Women,,,False,13.054902,80.227502
way/217750109,college,Meenakshi Sunderarajan College of Engineering,,,False,13.055267,80.227092
way/217802907,college,SRM University - City Campus,,,False,13.051761,80.210985
way/217860912,college,Sir Theagaraya College,,,False,13.116517,80.284368
way/219390038,college,Jerusalem College of Engineering,,,False,12.945538,80.207813
way/219390066,college,Balaji Dental college,,,False,12.944015,80.207759
way/240494399,college,Madras School of Social Work,,,False,13.070899,80.252654
way/326514371,college,"St.Peter’s Institute of Higher Education and Research,Avadi,",,,False,13.108212,80.119613
way/336952245,college,Gojan School of Business and Technology,,,False,13.213348,80.147186
way/354496960,college,Building I,,,False,13.034972,80.228709
way/354497099,college,Building III,,,False,13.034713,80.228461
way/354497301,college,Building II,,,False,13.034268,80.228855
way/503338455,college,Madha Medical College & Research Institute,,,False,13.004682,80.113447
way/509668153,college,St Joseph's Instittute of Technology,,Anna University,False,12.867081,80.217937
way/540117491,college,St. Joseph's College of Engineering,,,False,12.869126,80.214841
way/540171893,college,MIT ground,,,False,12.941233,80.136927
way/631591467,college,Instrumentation Engineering - New Block,,,False,12.947648,80.139056
way/631591470,college,Department of Electonics Engineering - New Block,,,False,12.948464,80.140389
way/730963742,college,Shri Shankarlal Sundarbai Shasun Jain College for Women,,,False,13.034593,80.228634
way/772410450,college,Tagore Dental College And Hospital,,,False,12.861724,80.137036
way/773797940,college,Tamil Nadu Physical Education And Sports University,,,False,12.832479,80.140598
way/775868429,college,Central Polytechnic College,,,False,13.000037,80.24693
way/1019657146,college,Quadrangle,,,False,12.921669,80.122126
way/1066918384,college,Government Arts and Science College Perumbakkam,,,False,12.888902,80.209168
way/1066918385,college,Government Industrial Training Institute Perumbakkam,,,False,12.888116,80.208656
way/1067904862,college,Jeppiaar Engineering College,,,False,12.866341,80.22048
way/1075657697,college,Saint Michaels Polytechnic College,,,False,13.178702,80.129053
way/1080350743,college,Tagore College of Arts and Science,,,False,12.955355,80.136014
way/1080350745,college,SDNB Vaishnav College For Women,,,False,12.956241,80.14562
way/1122111817,college,Dr Ambedkar Law College,,,False,13.087576,80.28571
node/4406456514,university,Tamilnadu Teachers Education University,,,False,12.915701,80.236465
node/4584956489,university,Department of Electrical Engineering;Electrical Engineering Department,,,False,12.988714,80.230688
node/10266829567,university,R Square Academy,,,False,13.121074,80.148627
node/10266877855,university,"R Square Academy for Tnpsc, Tnusrb SI, Tet, Police, Ssc, Rrb, Bank Exam Coaching Centre",,,False,13.030788,80.163877
node/12470984409,university,Indian Maritime University Chennai Campus,,,False,12.863677,80.242408
node/13276785999,university,BIHER CSE Block,,,False,12.907865,80.140318
way/23895842,university,University of Madras (Chepauk),,,False,13.066048,80.282556
way/24730814,university,Indian Institute of Technology - Madras,,Goverment of India,True,12.994685,80.233383
way/32544617,university,தமிழ்நாடு டாக்டர் எம்.ஜி.ஆர் மருத்துவப் பல்கலைக்கழகம்,,,False,13.00972,80.217735
way/132191278,university,University Of Madras - Taramani Campus,,,False,12.979229,80.24629
way/297517645,university,Bharath Institute of Higher Education and Research,,,False,12.908029,80.139461
way/336095563,university,Vellore Institute of Technology - Chennai,,VIT,False,12.843034,80.15643
way/526445239,university,Saveetha University,,,False,13.057058,80.123554
way/1067160183,university,Sathyabama Institute of Science and Technology,,,False,12.873508,80.220528
way/1122563581,university,"R Square Academy for Tnpsc, Tnusrb SI, Tet, Police, Ssc, Rrb, Bank Exam Coaching Centre",,,False,13.110074,80.243995
way/1409359125,university,Jerusalem College of Engineering,,,False,12.945517,80.207847
way/1409767940,university,Mohamed Sathak AJ College of Engineering,,,False,12.836102,80.218072
way/1444733268,university,Central Institute of Classical Tamil,,,False,12.905027,80.211388
way/1486898102,university,Amet University,,,False,12.854367,80.238445
way/1534199775,university,"SASTRA UNIVERSITY, Chennai Campus",,SASTRA UNIVERSITY,False,13.044943,80.204718
node/301738744,bank,State Bank of India,,,False,13.041032,80.2578
node/303283689,bank,State Bank of India,,,False,13.083168,80.27851
node/308305423,bank,Karur Vysya Bank,,,False,13.046417,80.247993
node/308305431,bank,Canara Bank,ಕೆನರಾ ಬ್ಯಾಂಕ್,,False,13.045464,80.247755
node/311430639,bank,Indian Bank,,,False,12.980678,80.186988
node/312013150,bank,Axis Bank,,,False,12.982838,80.188317
node/312013569,bank,Canara Bank,ಕೆನರಾ ಬ್ಯಾಂಕ್,,False,12.985929,80.18836
node/312013803,bank,State Bank of India,,,False,12.966394,80.189031
node/312014001,bank,Indian Bank,,,False,12.966475,80.189261
node/312014190,bank,HDFC Bank,,,False,12.965592,80.191011
node/339129119,bank,State Bank of India,,,False,13.038076,80.254663
node/339129150,bank,Tamil Nadu Co-op Bank,,,False,13.038616,80.258332
node/364737027,bank,HDFC Bank,,,False,13.040485,80.24766
node/366849074,bank,Central Bank of India,,,False,13.06623,80.26008
node/366856302,bank,State Bank of India Zonal Office,,,False,13.066849,80.251308
node/366856666,bank,Scope International Offices,,,False,13.067134,80.248441
node/366856748,bank,Standard Chartered,,,False,13.06751,80.248269
node/369644724,bank,HDFC Bank,,HDFC Bank,False,13.084415,80.216289
node/370969692,bank,Indian Overseas Bank,,,False,13.03086,80.16647
node/370969705,bank,State Bank of India,,,False,13.022161,80.181209
node/375678107,bank,Indian Bank,,,False,13.034189,80.245293
node/375678131,bank,ICICI Bank,,,False,13.034732,80.246289
node/375679127,bank,State Bank of India,,,False,13.039399,80.24672
node/378688552,bank,State Bank of India,,,False,13.03135,80.256605
node/384728680,bank,Canara Bank,,,False,13.049961,80.100502
node/393765040,bank,State Bank of India,,,False,13.088995,80.288758
node/393765068,bank,Indian Bank,,,False,13.086295,80.284309
node/407982613,bank,State Bank of India,,,False,13.037322,80.264318
node/415623146,bank,Bank of Baroda,,,False,13.037238,80.265073
node/559841143,bank,HDFC Bank,,,False,12.94322,80.134181
node/560652262,bank,Karur Vysya Bank,,,False,12.951335,80.142754
node/560652266,bank,Indian Bank,,,False,12.95163,80.143122
node/595659168,bank,State Bank of India,,State Bank of India,False,13.055943,80.193295
node/595704224,bank,City Union Bank,,City Union Bank,False,13.061983,80.197094
node/597588309,bank,State bank of India (SBI),,Vijaya Bank,False,13.05679,80.192342
node/598565196,bank,Indian Overseas Bank,,Indian Overseas Bank,False,12.954663,80.135351
node/603499149,bank,Punjab National Bank,,,False,13.101868,80.280177
node/646540032,bank,IDBI Bank,,,False,13.033027,80.257733
node/941414050,bank,Karur Vysya Bank,,,False,13.076756,80.206472
node/966556123,bank,Indian Overseas Bank,,,False,13.075072,80.271723
node/1053605028,bank,Canara Bank,ಕೆನರಾ ಬ್ಯಾಂಕ್,,False,13.049427,80.243379
node/1329321952,bank,Indian Bank,,,False,12.923485,80.198449
node/1329325210,bank,HDFC Bank,,,False,12.929,80.202996
node/1329325544,bank,State Bank of India,,,False,12.929288,80.203103
node/1334303174,bank,State Bank of India,,,False,13.02661,80.264325
node/1453625096,bank,Indian Overseas Bank,,,False,12.97731,80.261878
node/1621245444,bank,Karur Vysya Bank,,,False,13.118975,80.155679
node/1645214278,bank,Canara Bank,ಕೆನರಾ ಬ್ಯಾಂಕ್,Canara Bank,False,13.010505,80.236607
node/1645214372,bank,State Bank of India,,SBI,False,13.010732,80.236028
node/1692837440,bank,Indian Overseas Bank,,,False,12.920648,80.169035
node/1751186841,bank,HDFC Bank,,,False,12.98026,80.218188
node/1764279960,bank,Indian Bank,,,False,12.982002,80.221743
node/1764302820,bank,IDBI Bank,,,False,12.971322,80.218809
node/1952439526,bank,Union Bank of India,,,False,13.071052,80.25424
node/1955943156,bank,SBI - State Bank of India,,,False,13.038754,80.219237
node/1955972450,bank,HDFC Bank,,,False,13.021872,80.173812
node/1956778490,bank,Karnataka Bank,,,False,13.036514,80.219794
node/1987681477,bank,Bank of India,,,False,13.034987,80.220967
node/1993266471,bank,State Bank of India,,,False,12.975014,80.220867
node/1993687654,bank,ICICI Bank,,,False,12.97738,80.221554
node/2085369248,bank,Indian Bank,,,False,12.946667,80.239951
node/2120776170,bank,HDFC Bank,,,False,12.99333,80.199897
node/2126471377,bank,Indian Overseas Bank,,,False,12.986503,80.194235
node/2128808449,bank,Bank of India,,,False,12.978214,80.187983
node/2142681420,bank,State Bank of India,,,False,12.983584,80.188364
node/2163785471,bank,Indian Overseas Bank,,,False,12.886446,80.188611
node/2206324576,bank,Allahabad Bank,,,False,13.018584,80.177934
node/2210026907,bank,Karur Vysya Bank,,,False,12.893618,80.183553
node/2253372058,bank,Union Bank of India,,,False,12.983597,80.188552
node/2296724880,bank,ICICI Bank,,,False,13.074961,80.256743
node/2349059512,bank,HDFC Bank,,,False,13.035051,80.242258
node/2376820575,bank,Indian Bank,,,False,12.941983,80.142392
node/2394700060,bank,HDFC Bank,,,False,13.091894,80.218519
node/2587520234,bank,ICICI Bank,,,False,12.978002,80.25893
node/2587520238,bank,Indian Overseas Bank,,,False,12.988343,80.255631
node/2587520243,bank,State Bank of India,,,False,12.990753,80.256243
node/2798133562,bank,"Chennai Co-operative Bank, SAF Games Village",,,False,13.066249,80.20788
node/2878289141,bank,Kanchipuram Cooperative Society Bank,,,False,12.982923,80.188783
node/2881969945,bank,Punjab National Bank,,,False,12.985532,80.185996
node/2881972050,bank,Indian Overseas Bank,,,False,12.987121,80.185883
node/2881978002,bank,Karnataka Bank,,,False,12.984739,80.192397
node/2909530053,bank,HDFC Bank,,HDFC,False,12.925062,80.230438
node/3011812890,bank,Canara Bank,ಕೆನರಾ ಬ್ಯಾಂಕ್,,False,13.084464,80.218374
node/3016089275,bank,UCO Bank,,,False,12.923252,80.128002
node/3016137338,bank,ICICI Bank,,,False,12.922195,80.138506
node/3040070802,bank,Indian Bank,,Indian Bank,False,12.973002,80.191829
node/3068072852,bank,State Bank of India,,,False,12.9228,80.144088
node/3182651396,bank,Karur Vysya Bank,,,False,13.037013,80.234096
node/3198369107,bank,Punjab National Bank,,Punjab National Bank,False,12.922281,80.140629
node/3216149694,bank,HDFC Bank,,,False,13.030865,80.245547
node/3233720458,bank,Punjab National Bank,,punjab national bank,False,13.038699,80.253283
node/3371294177,bank,Andhra Bank,,,False,12.957516,80.187114
node/3447969801,bank,Indian Overseas Bank,,Indian Overseas Bank,False,13.022467,80.223006
node/3467526750,bank,ICICI Bank,,,False,13.02219,80.224108
node/3470869406,bank,Karur Vysya Bank,,,False,13.024435,80.227231
node/3685623243,bank,Indian Overseas Bank,,,False,13.044407,80.225248
node/3685634180,bank,Karur Vysya Bank,,,False,13.050577,80.227148
node/3690720376,bank,Bank of India,,,False,13.054847,80.224162
node/3694656005,bank,Karur Vysya Bank,,,False,13.043019,80.2359
node/3700958155,bank,Indian Overseas Bank,,,False,13.051501,80.240952
node/3704229292,bank,State Bank of India,,,False,12.895491,80.22131
node/3707526726,bank,Bank of India,,,False,13.04073,80.239546
node/3745022789,bank,HDFC Bank,,,False,13.039526,80.221158
node/3749230039,bank,ICICI Bank,,,False,12.971787,80.140704
node/3749230040,bank,City Union Bank,,,False,12.971901,80.141324
node/3751491471,bank,Indian Overseas Bank,,,False,12.971909,80.141269
node/3752709651,bank,IDBI Bank,,,False,12.971473,80.142188
node/3772037964,bank,HDFC Bank,,,False,12.969687,80.145971
node/3780522679,bank,Indian Overseas Bank,,,False,12.999399,80.252504
node/3780522680,bank,Indian Bank,,,False,12.998371,80.251153
node/3800641949,bank,Bank of Baroda,,,False,12.999278,80.257081
node/3800641950,bank,State Bank of India,,,False,12.999375,80.254037
node/3807854736,bank,City Union Bank,,,False,13.036293,80.221582
node/3829200009,bank,Indian Overseas Bank,,,False,12.909568,80.196875
node/3927925921,bank,Axis Bank,,Axis Bank,False,12.973911,80.220438
node/3969967346,bank,Canara Bank,ಕೆನರಾ ಬ್ಯಾಂಕ್,,False,12.968175,80.148812
node/3998946326,bank,ICICI Bank,,,False,12.958756,80.255376
node/4140037193,bank,State Bank of India,,,False,13.069517,80.224057
node/4221591515,bank,State Bank of India,,,False,13.064574,80.248902
node/4233639317,bank,Corporation Bank,,,False,12.971439,80.14238
node/4278233216,bank,UCO Bank,,,False,12.983151,80.223536
node/4304184692,bank,State Bank of India,,,False,12.951248,80.147452
node/4308319793,bank,VIJAYA BANK & DUGAR FINANCE INDIA LTD,,finance,False,13.068511,80.260596
node/4308320194,bank,State Bank of India,,,False,13.072211,80.260073
node/4332194893,bank,Karur Vysya Bank,,,False,13.071737,80.259675
node/4332202891,bank,State Bank of India,,,False,13.071604,80.259453
node/4332203992,bank,Axis Bank,,,False,13.074852,80.257872
node/4332203993,bank,VIJAYA BANK,,,False,13.068426,80.260867
node/4338117020,bank,State Bank of India,,,False,13.02461,80.215587
node/4385013490,bank,Canara Bank,ಕೆನರಾ ಬ್ಯಾಂಕ್,,False,12.997031,80.24133
node/4407799312,bank,Chennai central cooperative bank,,,False,13.040443,80.242496
node/4411841794,bank,HDFC Bank,,,False,13.027858,80.183262
node/4421931890,bank,HDFC Bank,,,False,13.067588,80.246802
node/4452136089,bank,Karur Vysya Bank,,,False,13.069253,80.224288
node/4518445190,bank,Andhra Bank,,Vodafone,False,13.0429,80.259423
node/4536211889,bank,Indian Overseas Bank,,,False,13.067615,80.246884
node/4544776303,bank,HDFC Bank,,,False,13.073858,80.253385
node/4544776304,bank,Indian Bank,,,False,13.073756,80.253428
node/4544812793,bank,Canara Bank,ಕೆನರಾ ಬ್ಯಾಂಕ್,,False,13.073967,80.253319
node/4544814592,bank,Corporation Bank,,,False,13.071725,80.252864
node/4558616289,bank,பஞ்ஐாப் நேஷனல் வங்கி,,,False,13.040003,80.236367
node/4563608405,bank,ICICI Bank,,,False,13.083187,80.262233
node/4584726607,bank,State Bank of India,,,False,13.112001,80.243415
node/4598423899,bank,Axis Bank,,,False,12.923935,80.189665
node/4694760593,bank,T.t.k road,,,False,13.044485,80.259705
node/4739621223,bank,Oriental insurance company,,,False,13.041213,80.247626
node/4893305721,bank,Axis Bank,,,False,13.083969,80.262592
node/4911069623,bank,City Union Bank,,,False,12.926684,80.126625
node/4912560423,bank,Axis Bank,,axis bank,False,12.929688,80.118717
node/4921525821,bank,Indian Overseas Bank,,,False,12.999584,80.255432
node/4926000720,bank,State Bank of India,,,False,12.978555,80.225057
node/4926677002,bank,ICICI Wealth Management Bank,,,False,13.039274,80.260843
node/5079397602,bank,State Bank of India,,,False,13.067088,80.272889
node/5087492824,bank,HDFC Bank,,,False,12.92257,80.139554
node/5087493121,bank,Oriental Bank of Commerce,,,False,12.922867,80.132314
node/5087493130,bank,IndusInd Bank,,,False,12.922176,80.139735
node/5087493229,bank,Andhra Bank,,,False,12.922565,80.129326
node/5087493321,bank,Indian Overseas Bank,,,False,12.922706,80.14558
node/5087493722,bank,Karur Vysya Bank,,,False,12.922922,80.151092
node/5090926022,bank,Central Bank of India,,,False,12.92312,80.159916
node/5093949168,bank,Indian Bank,,,False,12.900045,80.228126
node/5102497795,bank,Indian Overseas Bank,,,False,12.922797,80.125514
node/5102497796,bank,Axis Bank,,,False,12.929214,80.113803
node/5102497797,bank,HDFC Bank,,,False,12.929662,80.120024
node/5102502368,bank,State Bank of India,,,False,12.928537,80.113893
node/5226289022,bank,Canara Bank,ಕೆನರಾ ಬ್ಯಾಂಕ್,,False,12.939902,80.150649
node/5227460813,bank,Axis Bank,,,False,13.019768,80.206569
node/5229496038,bank,Kotak Mahindra Bank,,,False,13.085401,80.201793
node/5234697502,bank,Tamilnad Mercantile Bank Limited,,,False,12.939591,80.151384
node/5242103231,bank,State Bank of India,,,False,13.019899,80.206645
node/5246751723,bank,Corporation Bank,,,False,12.923703,80.147488
node/5258898324,bank,Canara Bank selaiyur branch,,,False,12.915234,80.144332
node/5258898422,bank,Indian Bank,,,False,12.91204,80.14296
node/5258958122,bank,Bank of India,,,False,12.909582,80.143151
node/5258977221,bank,City union bank,,,False,12.905874,80.142435
node/5258977226,bank,South Indian Bank,,,False,12.889397,80.143919
node/5258978823,bank,"Indian overseas bank, agaram then branch",,,False,12.88752,80.147723
node/5259025721,bank,Pallavan Grama Bank,,,False,12.889595,80.143575
node/5259093625,bank,City Union Bank,,,False,12.883612,80.155308
node/5269913726,bank,Karur Vaysya Bank,,,False,13.113252,80.243365
node/5302949923,bank,Axis Bank,,axis bank,False,12.920262,80.144443
node/5305752693,bank,HDFC Bank,,,False,13.085397,80.203031
node/5321370165,bank,ICICI Bank,,,False,12.834896,80.228464
node/5332423422,bank,ICICI Bank,,,False,12.941612,80.253253
node/5332436802,bank,Tamilnad Mercantile Bank Limited,,,False,12.971035,80.258209
node/5332452352,bank,HDFC Bank,,,False,12.995734,80.255784
node/5334985292,bank,DCB Bank,,,False,13.039814,80.239882
node/5336386100,bank,Axis Bank,,,False,13.102588,80.20869
node/5355814520,bank,Canara Bank,ಕೆನರಾ ಬ್ಯಾಂಕ್,,False,13.016971,80.205327
node/5367980623,bank,ICICI Bank,,,False,13.058024,80.235068
node/5368354321,bank,HDFC Bank,,,False,13.057887,80.235622
node/5400381619,bank,State Bank of India,,,False,13.054827,80.211718
node/5400382375,bank,Axis Bank,,,False,13.054947,80.211646
node/5400382379,bank,HDFC Bank,,,False,13.06298,80.211892
node/5490014421,bank,SBI Mogapair,,,False,13.077628,80.181331
node/5534977173,bank,Indian Overseas Bank,,,False,12.940343,80.2027
node/5625813432,bank,Indian Bank,,,False,13.103208,80.201018
node/5638772988,bank,Federal Bank,,,False,13.066694,80.210161
node/5638773034,bank,Indian Bank,,,False,13.0358,80.21256
node/5638773455,bank,Indian Bank,,,False,13.036505,80.21253
node/6002018456,bank,Indian Bank,,,False,13.03064,80.238543
node/6049002236,bank,State Bank of India,,State Bank Of India,False,12.980131,80.250964
node/6504621185,bank,Periyar Building,,,False,13.029706,80.236928
node/6531678399,bank,ICICI Bank,,,False,13.063092,80.213225
node/6533255085,bank,"Union bank of india, mylapore branch",,,False,13.040772,80.264276
node/7026638412,bank,Bank of Baroda,,,False,13.027959,80.177522
node/7045971486,bank,Yes Bank,,,False,12.992556,80.255814
node/7051324118,bank,City Union Bank,,,False,13.02134,80.205581
node/7054409586,bank,ICICI Bank,,,False,13.061777,80.246779
node/7077905785,bank,HSBC,,,False,13.045303,80.258847
node/7127644685,bank,Axis Bank,,,False,13.029783,80.246188
node/7127644686,bank,Union Bank of India,,,False,13.029346,80.247801
node/7136029885,bank,HDFC Bank,,,False,13.04978,80.257304
node/7136031885,bank,Axis Bank,,,False,13.049147,80.25842
node/7176532451,bank,HDFC Bank,,,False,13.014611,80.192838
node/7176582291,bank,Central Bank of India,,,False,13.014465,80.192961
node/7184206012,bank,Tamilnad Mercantile Bank Limited,,,False,13.015051,80.199305
node/7192792885,bank,State Bank of India,,,False,13.063831,80.265714
node/7192792886,bank,Dhanlaxmi Bank,,,False,13.063565,80.265408
node/7192792985,bank,Indian Overseas Bank,,,False,13.064723,80.265774
node/7192793085,bank,digibank by DBS,,,False,13.064514,80.265586
node/7192793185,bank,Kotak Mahindra Bank,,,False,13.064915,80.267698
node/7192793186,bank,Punjab National Bank,,,False,13.064592,80.267751
node/7252378641,bank,Yes Bank,,,False,13.033021,80.212182
node/7252463223,bank,Kotak Mahindra Bank,,,False,13.033542,80.212266
node/7252487392,bank,Canara Bank,ಕೆನರಾ ಬ್ಯಾಂಕ್,,False,13.058404,80.242191
node/7255751872,bank,Karur Vysya Bank,,,False,13.052627,80.246038
node/7263474183,bank,State Bank of India,,,False,13.055035,80.244413
node/7271404185,bank,Syndicate Bank,,,False,13.05579,80.248171
node/7572041376,bank,Central Bank of India,,,False,12.986379,80.224941
node/7591461777,bank,City Union Bank,,,False,12.917904,80.152377
node/7652557449,bank,Yes Bank,,,False,12.965649,80.189662
node/7652557450,bank,Axis Bank,,,False,12.966016,80.188763
node/7652633328,bank,IndusInd Bank,,http://www.indusind.com/,False,13.034056,80.216464
node/7796233929,bank,State Bank of India,,,False,13.119152,80.151289
node/8041827185,bank,Bandhan Bank,,Bandhan Bank,False,12.977398,80.224095
node/8094517285,bank,Bank of Baroda,,,False,13.03703,80.211149
node/8094553409,bank,Indian Overseas Bank,,,False,13.03707,80.211061
node/8094561286,bank,Union Bank of India,,,False,13.03695,80.212135
node/8094668724,bank,Indian Bank,,,False,13.027935,80.208732
node/8094682523,bank,Indian Overseas Bank,,,False,13.02788,80.208788
node/8096471071,bank,State Bank of India,,,False,13.029261,80.208369
node/8108739020,bank,Indian Overseas Bank,,,False,13.032009,80.209776
node/8151821344,bank,Lakshmi Vilas Bank,,Lakshmi Vilas Bank,False,12.965141,80.192117
node/8444938247,bank,Tamilnad Mercantile Bank Limited,,,False,13.086715,80.278391
node/8463726508,bank,"MHPFNL - ""Mylapore Hindu Permanent Fund Nidhi Ltd.""",,Benefit Fund,False,13.086786,80.278624
node/8488622858,bank,Indian Overseas Bank,,,False,13.081528,80.261143
node/8488835998,bank,State Bank of India,,,False,13.078607,80.252237
node/8488839857,bank,Punjab National Bank,,,False,13.077962,80.244545
node/8606026728,bank,ICICI Bank,,ICICI Bank,False,12.969255,80.190207
node/8606026729,bank,Canara Bank,ಕೆನರಾ ಬ್ಯಾಂಕ್,,False,12.970947,80.190532
node/8606026731,bank,Tamilnad Mercantile Bank Limited,,Tamilnad Mercantile Bank Limited,False,12.970957,80.190507
node/8607400578,bank,IndusInd Bank,,IndusInd Bank,False,12.982976,80.188255
node/8607400579,bank,RBL Bank,,RBL Bank,False,12.98306,80.188517
node/8616601065,bank,Canara Bank,ಕೆನರಾ ಬ್ಯಾಂಕ್,,False,12.97273,80.219339
node/8616601068,bank,Karur Vysya Bank,,,False,12.97298,80.219465
node/8616702604,bank,Union Bank of India,,,False,12.978008,80.225088
node/8631827331,bank,Punjab National Bank,,,False,12.982635,80.223773
node/8637836693,bank,Chennai Central Co-operative Bank,,Tamil Nadu State Apex Co-operative Bank,False,12.982761,80.223587
node/8638026590,bank,Kotak Mahindra Bank,,,False,12.982508,80.22174
node/8639896901,bank,Tamil Nadu State Apex Co-operative Bank,,Tamil Nadu State Apex Co-operative Bank,False,12.982317,80.221694
node/8645780201,bank,Canara Bank,ಕೆನರಾ ಬ್ಯಾಂಕ್,,False,12.976429,80.222408
node/8645780210,bank,HDFC Bank,,,False,12.980635,80.220876
node/8669165831,bank,Kotak Mahindra Bank,,,False,12.96261,80.18737
node/8669165832,bank,Karur Vysya Bank,,,False,12.962995,80.18775
node/8669165850,bank,Canara Bank,ಕೆನರಾ ಬ್ಯಾಂಕ್,,False,12.968401,80.192614
node/8688106222,bank,Kotak Mahindra Bank,,,False,12.98349,80.18858
node/8935512053,bank,IDBI Bank,,,False,13.041417,80.240535
node/8935518049,bank,Federal Bank,,,False,13.042498,80.240964
node/8935522910,bank,Standard Chartered,,,False,13.046597,80.243722
node/8935541440,bank,IndusInd Bank,,,False,13.047446,80.243915
node/8941470281,bank,State Bank of India,,,False,13.061543,80.247001
node/8983205813,bank,Catholic bank,,,False,13.091025,80.179555
node/8996138891,bank,Punjab National Bank,,Punjab national Bank,False,13.049602,80.181439
node/9522345427,bank,ICICI Bank,,,False,12.965461,80.206025
node/9538919556,bank,Axis Bank,,,False,12.901192,80.227718
node/9538929342,bank,ICICI Bank,,,False,12.916458,80.229506
node/9840698748,bank,Bank of Baroda,,,False,13.052627,80.227515
node/9872385054,bank,State Bank of India,,,False,13.090439,80.285707
node/9873524740,bank,Indian Overseas Bank,,,False,13.09052,80.28778
node/9882908083,bank,Kotak Mahindra Bank,,,False,13.06308,80.247817
node/9891677133,bank,Central Bank of India,,,False,13.063778,80.247866
node/9891689152,bank,HDFC Bank,,,False,13.061924,80.245186
node/9905201917,bank,Federal Bank,,Federal Bank,False,12.977134,80.183059
node/9944568637,bank,Indian Bank,,,False,12.973072,80.191786
node/9964231222,bank,Tamilnad Mercantile Bank Limited,,,False,13.060795,80.243231
node/9979919357,bank,Punjab & Sind Bank,,,False,13.089648,80.28832
node/9979919362,bank,IDBI Bank,,,False,13.089281,80.288301
node/9979919435,bank,HDFC Bank,,,False,13.089792,80.288611
node/9979969994,bank,Canara Bank,ಕೆನರಾ ಬ್ಯಾಂಕ್,,False,13.089432,80.289631
node/9979970007,bank,ICICI Bank,,,False,13.089337,80.28983
node/9979970012,bank,Bank of Baroda,,,False,13.089885,80.289873
node/9980951866,bank,Citibank,,,False,13.088696,80.285923
node/9982741731,bank,Karur Vysya Bank,,,False,13.091218,80.288234
node/9982741732,bank,Punjab National Bank,,,False,13.091508,80.288287
node/9982741738,bank,Chennai Central Cooperative Bank,,,False,13.092583,80.288623
node/9982758852,bank,Punjab National Bank,,,False,13.091004,80.289387
node/9983114075,bank,Indian Bank,,,False,13.095059,80.292048
node/9983409949,bank,Canara Bank,ಕೆನರಾ ಬ್ಯಾಂಕ್,,False,13.094316,80.286022
node/9992524212,bank,Axis Bank,,,False,13.08801,80.28118
node/10013621158,bank,Indian Overseas Bank,,,False,13.123715,80.201467
node/10028216480,bank,Punjab National Bank,,,False,12.920646,80.18412
node/10102275885,bank,IndusInd Bank,,,False,13.094073,80.291986
node/10102275886,bank,Bank of Baroda,,,False,13.09395,80.291957
node/10102299119,bank,Central Bank of India,,,False,13.092572,80.290829
node/10106264008,bank,Central Bank of India,,,False,13.093477,80.285941
node/10106349658,bank,HDFC Bank,,,False,13.092164,80.285729
node/10108462463,bank,Kotak Mahindra Bank,,,False,13.094153,80.289276
node/10115467357,bank,Indian Overseas Bank,,,False,13.09555,80.289298
node/10116330729,bank,Union Bank of India,,,False,13.094403,80.288511
node/10139566186,bank,Indian Overseas Bank,,,False,13.092899,80.276381
node/10156072872,bank,AU Small Finance Bank,,,False,13.064695,80.26661
node/10156205638,bank,IndusInd Bank,,,False,13.100929,80.287117
node/10156225820,bank,ICICI Bank,,,False,13.098561,80.286753
node/10161855183,bank,State Bank of India,,,False,13.057945,80.278262
node/10201837492,bank,Union Bank of India,,,False,13.09826,80.293421
node/10264182801,bank,Kotak Mahindra Bank,,Kotak Mahindra Bank,False,12.928451,80.118881
node/10268908440,bank,Indian Overseas Bank,,,False,12.998575,80.267627
node/10268908451,bank,RBL Bank,,,False,12.997959,80.267644
node/10316066385,bank,Central Bank of India,,,False,13.063991,80.264916
node/10316946210,bank,City Union Bank,,,False,13.058107,80.25731
node/10316946221,bank,ICICI Bank,,,False,13.057595,80.257293
node/10538433049,bank,Bank of India,,,False,13.066901,80.26965
node/10584033937,bank,State Bank of India,,,False,13.097833,80.286423
node/10584033942,bank,Indian Overseas Bank,,,False,13.097956,80.286466
node/10593652055,bank,State Bank of India,,,False,13.04374,80.247513
node/10593652056,bank,Union Bank of India,,,False,13.043906,80.247542
node/10593652058,bank,Karur Vysya Bank,,,False,13.043807,80.247527
node/10676094997,bank,Indian Bank,,,False,13.100216,80.29007
node/10691381625,bank,Union Bank of India,,,False,12.959752,80.242166
node/10792844390,bank,Indian Bank,,,False,13.06183,80.151434
node/10792844391,bank,ICICI Bank,,,False,13.064606,80.152275
node/10792844394,bank,HDFC Bank,,,False,13.063475,80.152329
node/10792844396,bank,State Bank of India,,,False,13.063338,80.152298
node/10792852662,bank,IndusInd Bank,,,False,13.079118,80.25115
node/10796978285,bank,Bank of Baroda,,,False,13.087524,80.281068
node/10798117003,bank,Karur Vysya Bank,,,False,13.091045,80.282454
node/10833567138,bank,ICICI Bank,,,False,13.090956,80.276198
node/10833567220,bank,State Bank of India,,,False,13.090828,80.27544
node/10833567224,bank,Karnataka Bank,,,False,13.09071,80.275441
node/10913194723,bank,Kotak Mahindra Bank,,,False,13.093494,80.279319
node/10913194724,bank,Yes Bank,,,False,13.093535,80.279325
node/10914802357,bank,State Bank of India,,,False,13.063066,80.282839
node/10931088807,bank,Kotak Mahindra Bank,,,False,13.093104,80.281761
node/10933333197,bank,Punjab National Bank,,,False,13.098127,80.280093
node/10933382909,bank,HDFC Bank,,,False,13.098017,80.280086
node/10933682486,bank,Indian Overseas Bank,,,False,13.097547,80.279814
node/10967317196,bank,State Bank of India,,,False,13.091969,80.281628
node/10967392159,bank,Canara Bank,ಕೆನರಾ ಬ್ಯಾಂಕ್,,False,13.091266,80.281327
node/11081786799,bank,City Union Bank,,,False,12.95761,80.123495
node/11162390410,bank,Indian Bank,,,False,13.083392,80.179416
node/11162390457,bank,HDFC Bank,,,False,13.083551,80.174872
node/11162390458,bank,ICICI Bank,,,False,13.083516,80.17465
node/11162390461,bank,Canara Bank,ಕೆನರಾ ಬ್ಯಾಂಕ್,,False,13.083906,80.175075
node/11162390462,bank,UCO Bank,,,False,13.083823,80.174793
node/11245865557,bank,IndusInd Bank,,,False,12.980618,80.218097
node/11245905492,bank,Kotak Mahindra Bank,,,False,12.980659,80.218078
node/11309436651,bank,Union Bank of India,,,False,13.088078,80.277214
node/11505503009,bank,State Bank of India,,,False,13.102508,80.279868
node/11505503020,bank,Axis Bank,,,False,13.10282,80.279893
node/11513260549,bank,Canara Bank,ಕೆನರಾ ಬ್ಯಾಂಕ್,,False,13.101433,80.279886
node/11690034069,bank,Bank of Maharashtra,,,False,12.920885,80.185014
node/11835045101,bank,State Bank of India,,,False,13.051434,80.240524
node/11908769902,bank,Axis Bank,,,False,13.124524,80.201661
node/11932106369,bank,HDFC Bank,,,False,12.918666,80.1879
node/11934934964,bank,IDFC First Bank,,,False,13.063181,80.243935
node/11951383558,bank,Bank of Baroda,,,False,13.034929,80.256897
node/12300951590,bank,Bank of Baroda,,,False,13.121367,80.148115
node/12301257352,bank,HDFC Bank,,,False,13.117731,80.149274
node/12503851076,bank,Union Bank of India,,,False,12.972211,80.139376
node/12549152723,bank,Axis Bank,,,False,13.047068,80.199195
node/12581635600,bank,Indian Overseas Bank,,,False,13.13773,80.238145
node/12581645339,bank,Union Bank of India,,,False,13.129059,80.240977
node/12581645342,bank,Canara Bank,ಕೆನರಾ ಬ್ಯಾಂಕ್,,False,13.134527,80.238638
node/12623383154,bank,AU Small Finance Bank,,,False,12.996191,80.267823
node/12709343002,bank,Axis Bank,,,False,12.893529,80.183572
node/12951440807,bank,Bank of Maharashtra,,,False,12.99633,80.263151
node/13096237914,bank,Canara Bank,ಕೆನರಾ ಬ್ಯಾಂಕ್,,False,13.006493,80.250984
node/13137385915,bank,HDFC Bank,,,False,13.049911,80.238554
node/13253593002,bank,Kotak Mahindra bank,,,False,12.996742,80.25914
node/13311060102,bank,Union Bank of India,,,False,13.040924,80.234979
node/13311060904,bank,Bank of Baroda,,,False,13.0413,80.235275
node/13338910715,bank,HDFC Bank,,,False,12.971817,80.141647
node/13450614518,bank,Indian Overseas Bank,,Indian Overseas Bank,False,13.014634,80.229351
node/13607074534,bank,Canara Bank,ಕೆನರಾ ಬ್ಯಾಂಕ್,,False,13.074224,80.227791
node/13607099592,bank,City Union Bank,,,False,13.071203,80.183871
node/13629049662,bank,City Union Bank,,,False,13.057214,80.193956
node/13629049665,bank,Punjab National Bank,,,False,13.056134,80.193432
node/13738124428,bank,HDFC Bank,,,False,13.097542,80.258723
node/13765623903,bank,Union Bank,,,False,12.917679,80.190973
node/13767535201,bank,Axis bank,,,False,13.015011,80.224947
node/13788912569,bank,HDFC Bank,,HDFC Bank,False,12.94294,80.139196
node/301725766,supermarket,Reliance Fresh,,,False,13.039039,80.250835
node/321504325,supermarket,Nilgiri's,,,False,13.005869,80.251843
node/334267136,supermarket,Spencers,,,False,12.996013,80.2678
node/378684854,supermarket,More,,,False,13.022114,80.259468
node/378688535,supermarket,Amma Naana,,,False,13.028745,80.249532
node/378688557,supermarket,Nilgiri's,,,False,13.031996,80.256638
node/378688560,supermarket,Spencers Daily,,,False,13.03281,80.25705
node/386890403,supermarket,Waitrose,,,False,13.044336,80.263766
node/459639891,supermarket,LG showroom,,,False,13.052005,80.20412
node/472595228,supermarket,Fresh @ Aminjikarai,,,False,13.070585,80.219622
node/577376029,supermarket,MORE,,,False,12.915493,80.152787
node/582573940,supermarket,More,,,False,12.949222,80.13896
node/595659824,supermarket,Reliance Fresh,,,False,13.059697,80.195253
node/611626488,supermarket,More,,,False,12.923007,80.159738
node/612546662,supermarket,Reliance Fresh,,Reliance Fresh,False,13.073136,80.210343
node/612552098,supermarket,Spencer's,,,False,13.076888,80.210869
node/747616893,supermarket,Latta Supermarket,,,False,12.982383,80.222507
node/864565812,supermarket,K-Store,,,False,13.039865,80.251676
node/934859085,supermarket,Spencers,,,False,13.044387,80.185553
node/941467276,supermarket,Grace Supermarket,,,False,13.062916,80.213612
node/941581387,supermarket,Star Bazaar,,Start Supermarket,False,13.073456,80.221363
node/1024556272,supermarket,Pazhamuthir,,,False,13.035417,80.216067
node/1067520551,supermarket,Spencer's Daily,,,False,13.026714,80.261408
node/1185693904,supermarket,Avadi Supermarket,,,False,13.116596,80.102916
node/1329321958,supermarket,Nilgiris Supermarket,,,False,12.929107,80.202996
node/1411883069,supermarket,Hertiage Fresh Supermarket,,,False,13.020607,80.243081
node/1415646050,supermarket,Niligiris,,,False,13.042043,80.176932
node/1446843033,supermarket,Spencers Super Market,,,False,13.050163,80.204059
node/1450869067,supermarket,J.K. Stores,,,False,12.973769,80.2581
node/1450869071,supermarket,Sri Murugan Stores,,,False,12.97359,80.258083
node/1488328052,supermarket,Chandra Metro Mall,,,False,13.046858,80.190384
node/1493118614,supermarket,Jeevan,,,False,13.034223,80.217464
node/1560729725,supermarket,Cee Dee Yes supermarket,,,False,12.995227,80.252238
node/1621256898,supermarket,Farm Bazzar,,,False,13.118311,80.152028
node/1621256933,supermarket,Reliance Fresh,,,False,13.118681,80.151969
node/1640625232,supermarket,Shopper's Paradise,,,False,12.981001,80.229992
node/1692835988,supermarket,Venkateshwara Supermarket,,,False,12.920831,80.168488
node/1764127530,supermarket,Sri Venkatashwara Supermarket,,,False,12.971918,80.219018
node/1797130848,supermarket,Murugan Supermarket,,,False,13.076945,80.207187
node/1800295840,supermarket,Singapore Shoppee,,,False,12.961456,80.256378
node/1895925528,supermarket,Lingam Stores,,,False,12.946312,80.196992
node/1906580698,supermarket,Ambika Supermarket,,,False,12.938707,80.178948
node/1928941030,supermarket,Nilgiri's,,,False,13.059543,80.246763
node/1950161471,supermarket,Stop and Shop,,,False,13.067616,80.205006
node/1979251396,supermarket,More,,,False,12.97444,80.134906
node/1987889350,supermarket,Annachi Super Market,,,False,12.973006,80.220048
node/2001077840,supermarket,Reliance Fresh,,,False,13.041413,80.238543
node/2086711918,supermarket,Mothers World,,,False,12.955688,80.187056
node/2091838031,supermarket,Sri Devi Super Market,,,False,12.94888,80.184016
node/2120418003,supermarket,Reliance Fresh,,reliance,False,13.063071,80.229322
node/2126456077,supermarket,Spencer's,,,False,12.982583,80.18853
node/2128807439,supermarket,Mahayoham Supermarket,,,False,12.97756,80.187849
node/2135004019,supermarket,Nilgiri's,,,False,12.983849,80.192044
node/2135005595,supermarket,Heritage Fresh,,,False,12.983002,80.191427
node/2168329696,supermarket,Alams Super Market,,,False,13.016301,80.174983
node/2210047609,supermarket,Manjal Supermarket,,,False,12.893676,80.183582
node/2341521161,supermarket,Nilgiri's,,,False,12.963649,80.245342
node/2394693044,supermarket,Reliance Fresh,,Reliance,False,13.092218,80.217303
node/2448757042,supermarket,Sugar N Spice,,,False,12.982704,80.191798
node/2623045662,supermarket,Pazhamudhir Cholai,,,False,12.984114,80.221979
node/2623046184,supermarket,Nilgiri's,,,False,12.98373,80.222628
node/2623046197,supermarket,Buy Bazaar,,,False,12.99051,80.21882
node/2676965109,supermarket,GMart,,GMart,False,12.965964,80.202394
node/2678483193,supermarket,Grace supermarket,,,False,13.043096,80.186212
node/2734244476,supermarket,Grow SuperMarket Manapakkam,,,False,13.017506,80.174566
node/2868606331,supermarket,Singapore Shoppe,,,False,12.982849,80.26188
node/3016089276,supermarket,Heritage Fresh,,,False,12.92323,80.128159
node/3016090383,supermarket,Pick n Pack,,,False,12.923199,80.126069
node/3016112101,supermarket,Nilgiri's,,,False,12.922583,80.140951
node/3118828098,supermarket,Wait Rose,,,False,13.038827,80.259214
node/3376338616,supermarket,Sri Krishna Stores,,,False,13.032592,80.266752
node/3378125118,supermarket,Nilgiri's,,,False,13.059709,80.252847
node/3484134719,supermarket,Style One,,,False,13.007055,80.250537
node/3485845889,supermarket,More,,,False,13.0253,80.222445
node/3685449090,supermarket,Reliance Fresh,,,False,13.038517,80.221449
node/3687708989,supermarket,Ambika Retail,,,False,12.996961,80.240514
node/3687726098,supermarket,Reliance Trends,,,False,13.007129,80.250986
node/3750671374,supermarket,More,,,False,12.970186,80.147017
node/3875702945,supermarket,ARS SUPER MARKET,,ARAVIND,False,13.098902,80.25988
node/3978303408,supermarket,Lakshmi Stores,,,False,13.059705,80.195574
node/4221574806,supermarket,Madras Supermarket,,,False,13.003412,80.21018
node/4270329892,supermarket,Kovai Pazhamudir Nilayam,,,False,13.068645,80.224626
node/4270351990,supermarket,Nilgiri's,,,False,13.069858,80.224804
node/4308320004,supermarket,Sumal Vegetables Market,,,False,13.024337,80.214451
node/4379537181,supermarket,Ambika Appalam Depot,,,False,13.00643,80.251867
node/4404063920,supermarket,Waitrose,,Waitrose,False,13.010805,80.139261
node/4411798691,supermarket,pazhamuthir sollai,,,False,12.983988,80.218118
node/4439111992,supermarket,Nilgiris,,,False,13.048447,80.120106
node/4549736617,supermarket,Shine Supermarket,,,False,12.964814,80.209365
node/4594634241,supermarket,gurunath stores,,private operator,False,13.014319,80.236298
node/4681428855,supermarket,Saravana Stores Super Market,,,False,13.037968,80.229737
node/4688927500,supermarket,Pothys Hyper Super Market,,,False,13.035654,80.230604
node/4688930495,supermarket,Saravana Super Market,,,False,13.03801,80.229459
node/4714404289,supermarket,Praveen Plastic,,,False,13.083933,80.277647
node/4766458866,supermarket,Sri Ayyanaar Store,,,False,12.985668,80.230742
node/4816004523,supermarket,SUPER MARKET,,,False,13.037965,80.192785
node/4830805112,supermarket,Ration store,,,False,13.101164,80.13929
node/4944476650,supermarket,Sri Periyandavar Super Market,,,False,12.986264,80.224987
node/4948927697,supermarket,Annachi Supermarket,,,False,13.08717,80.188155
node/5229484359,supermarket,Nilgris Supermarket,,,False,13.085416,80.199766
node/5230405188,supermarket,DR SUPER MARKET,,,False,13.081515,80.167029
node/5246576323,supermarket,Baratham stores,,,False,12.923354,80.118552
node/5246751827,supermarket,Prime mart supermarket,,,False,12.926609,80.147795
node/5258977222,supermarket,Venkateswara super market,,,False,12.897257,80.141826
node/5263569122,supermarket,Eshwararam Metals,,,False,13.084538,80.278161
node/5570584566,supermarket,Ayya SuperMarket,,,False,12.981301,80.229553
node/5600222750,supermarket,JK Super Market,,,False,12.97999,80.208935
node/6039287955,supermarket,Annachi Super Market,,,False,13.087454,80.196639
node/6235557537,supermarket,Nuts and Spices,,,False,13.045587,80.240769
node/6235557538,supermarket,Nilgiri's,,,False,13.045514,80.240664
node/6239054386,supermarket,VR Mall,,,False,13.079402,80.197843
node/6535920667,supermarket,Passumai Pazamudir Nilayam,,,False,13.122234,80.150072
node/7188064766,supermarket,Neo Supermarket,,,False,13.101112,80.15701
node/7252446776,supermarket,Helice,,,False,13.054753,80.245556
node/7256147371,supermarket,Rajendran Store,,,False,13.055471,80.24561
node/7263948757,supermarket,Angadi,,,False,13.055368,80.245797
node/7271112274,supermarket,Grace World,,,False,13.057405,80.24306
node/7551657315,supermarket,WhatsFresh,,WhatsFresh,False,12.969584,80.243909
node/7577423344,supermarket,Sri Rajeswari Stores,,,False,12.912267,80.142874
node/7595316080,supermarket,Murugan Stores Super Market,,,False,12.910363,80.143275
node/7652543515,supermarket,Arush Retail Supermarket,,,False,13.021074,80.16028
node/7652551139,supermarket,Grace Hypermarket,,,False,13.039865,80.131182
node/7652601460,supermarket,Nuts 'n' Spices,,,False,12.956433,80.142844
node/7652633333,supermarket,Nuts N Spices,,,False,13.034271,80.21551
node/7652633334,supermarket,Grace Super Market,,,False,13.034164,80.215138
node/7658575222,supermarket,Krishna Supermarket,,,False,12.966585,80.236098
node/7688289748,supermarket,Meena Supermarket,,,False,12.954932,80.189476
node/7796233934,supermarket,Ponnu's Super Market,,,False,13.12287,80.149203
node/7807143740,supermarket,Prabhuraja supermarket,,,False,13.093213,80.189794
node/7843238283,supermarket,Singapore Shopping,,,False,13.121454,80.148094
node/7843400329,supermarket,Grace Supermarket,,,False,13.118993,80.153723
node/7953366985,supermarket,அமுதம் பல்பொருள் சிறப்பு அங்காடி(சுய சேவை பிரிவு),,,False,13.047426,80.268615
node/8108595516,supermarket,Ray Mart Supermarket,,,False,13.028474,80.212324
node/8108621717,supermarket,Visalam Supermarket,,,False,13.029998,80.208816
node/8228218791,supermarket,Bharath Gem Testing Lab,,,False,13.036597,80.232382
node/8247970000,supermarket,Dhanyam organic shop,,,False,12.99832,80.251346
node/8248013969,supermarket,Dhanyam Organic store,,,False,12.976112,80.221193
node/8248064776,supermarket,Dhanyam organic store,,,False,13.044506,80.244303
node/8248160064,supermarket,Dhanyam Organic shop,,,False,13.083856,80.212224
node/8248241799,supermarket,Dhanyam organic store,,,False,12.942059,80.253483
node/8299274686,supermarket,Nilgiri's,,,False,12.87087,80.243644
node/8445003084,supermarket,C.S.Rajasundaram Chetty & Sons.,,"Cloth, Bed & Matters shop.",False,13.085997,80.280725
node/8562785540,supermarket,C K Selvam Super Store,,,False,12.972072,80.191141
node/8596056430,supermarket,Mother's World,,,False,12.948999,80.191852
node/8597641342,supermarket,Nilgiri's,,,False,12.958644,80.186901
node/8606026730,supermarket,More,,Aditya Birla Retail Limited,False,12.97092,80.190579
node/8616601058,supermarket,Sri Kannan Super Stores,,,False,12.971614,80.21889
node/8669165834,supermarket,Reliance Fresh,,,False,12.961767,80.187514
node/8935525377,supermarket,More,,,False,13.044123,80.240596
node/8996138893,supermarket,Grace Supermarket,,Grace,False,13.046966,80.183571
node/9007678821,supermarket,baqala store,,,False,12.834409,80.228587
node/9022362167,supermarket,Santhosh Supermarket,,,False,13.085378,80.206168
node/9575096617,supermarket,Terra Earthfood Store,,,False,13.030949,80.254723
node/9819135522,supermarket,Alchemy Media Marketing,,,False,12.994533,80.264062
node/9980280803,supermarket,Venkateshwara fruit shop,,,False,13.125516,80.201492
node/10013621143,supermarket,Reliance super market,,,False,13.126522,80.201744
node/10269012184,supermarket,Big Bazaar,,,False,12.991116,80.216663
node/10792844397,supermarket,Nilgiri's,,,False,13.063559,80.152339
node/10973840859,supermarket,TecEx India Private Limited,,,False,13.007789,80.221046
node/11245252427,supermarket,Jeevan,,,False,13.075976,80.165561
node/11245258485,supermarket,Smart Bazzar,,,False,13.077791,80.17143
node/11395977092,supermarket,Grace Super market,,,False,13.047323,80.226369
node/11536809269,supermarket,AAJ Supermarket,,,False,12.889859,80.184693
node/11536809569,supermarket,SRJ Metals Store for cooking vessels,,,False,12.889853,80.184495
node/11679606556,supermarket,Nilgiri's,,,False,12.962129,80.158359
node/11772373804,supermarket,Gupta pan bhandar,,,False,13.094435,80.279584
node/11772373805,supermarket,Rakshkumar & Co,,,False,13.095623,80.279808
node/11901093588,supermarket,grace supermarket,,,False,13.128695,80.201724
node/11930811764,supermarket,Sivaram stores,,,False,13.129528,80.201764
node/12028195947,supermarket,Amma Super Market,,,False,12.941202,80.240291
node/12301045504,supermarket,Nilgiri's,,,False,13.126214,80.153439
node/12385765022,supermarket,Nikis SuperMarket,,,False,13.014834,80.153296
node/12573526002,supermarket,Daniel Super Market,,,False,13.013137,80.224017
node/12610892371,supermarket,Vanga Vanga,,,False,13.009074,80.254683
node/12611671704,supermarket,Green Bean,,,False,13.009666,80.253988
node/12611683468,supermarket,Fresh2day,,,False,13.009739,80.25194
node/13202280528,supermarket,Rogers Family Mart,,,False,12.922676,80.142209
node/13638977934,supermarket,DMart,,,False,12.972071,80.220092
node/13645694501,supermarket,Grace Supermarket,,,False,13.102745,80.208457
node/13760830758,supermarket,Paarrever supermarket,,,False,12.930508,80.142305
node/13814310554,supermarket,Perin,,,False,12.933759,80.138387
node/13839964413,supermarket,Ambika Appalam Depot ( Department Store ),,,False,13.033891,80.270506
node/13906558794,supermarket,Sri Balaji Supermarket,,,False,13.086808,80.179481
node/13930842905,supermarket,Diyamart,,,False,12.987688,80.217806
node/13938249866,supermarket,Nilgiri's,,,False,12.932115,80.148566
way/219389068,supermarket,Nilgris Super Market,,,False,12.948251,80.199388
way/231053133,supermarket,Yesesi Supermarket,,,False,13.090138,80.217877
way/279527198,supermarket,Santosh Super Stores,,,False,13.084856,80.20598
way/336098037,supermarket,VMART (supermarket),,,False,12.844582,80.15388
way/337927913,supermarket,Reliance Fresh,,Reliance Industries,False,13.024517,80.221604
way/354218871,supermarket,Reliance Smart Superstore,,,False,13.131891,80.169364
way/354474187,supermarket,Nilgiri's,,Nilgiris1905,False,13.016369,80.17839
way/354742079,supermarket,Nilgris super market,,,False,12.928958,80.116056
way/354773523,supermarket,JK Supermart,,,False,12.959835,80.24372
way/354821523,supermarket,Pazhamudhir Nilayam,,,False,13.048903,80.22706
way/354825087,supermarket,Himalayas supermarket,,,False,12.965636,80.205007
way/354839573,supermarket,Annachi Kadai,,,False,13.064885,80.221829
way/354852206,supermarket,Spencers Daily,,,False,12.94219,80.142504
way/354853867,supermarket,More,,,False,12.937483,80.205433
way/354860595,supermarket,Muthu Super Market,,,False,13.075826,80.224641
way/354999189,supermarket,Spencer's Food World,,,False,13.047689,80.2641
way/355095665,supermarket,Sastha Organic Food Store,,,False,12.928082,80.127415
way/355962673,supermarket,Velammal Store,,,False,13.066357,80.219387
way/356192819,supermarket,Nuts and Spices,,,False,12.956439,80.142849
way/364500457,supermarket,Sri Ambika Supermarket,,,False,12.951236,80.138942
way/369389652,supermarket,Saravana Stores,,,False,12.95578,80.143411
way/371067211,supermarket,Heritage fresh,,,False,12.973256,80.137822
way/653934892,supermarket,R S Supermarket,,,False,12.890576,80.112636
way/654075427,supermarket,Lakshmi Supermarket,,,False,12.891238,80.116628
way/819437184,supermarket,Santhosh SuperMarket,,,False,12.959501,80.144282
way/819439667,supermarket,Periyandavar stores,,,False,12.972201,80.128506
way/1222733153,supermarket,Prime Mart,,,False,12.98758,80.237817
way/1287685549,supermarket,Revati store,,,False,13.196917,80.179977
way/1373996290,supermarket,DMart,,,False,12.955928,80.237141
way/23633592,lake,Porur Lake,,,False,13.034,80.149965
way/23648227,lake,Kadaperi Lake,,,False,12.93446,80.118334
way/23648228,lake,Irumbuliyur Lake,,,False,12.921538,80.107613
way/23648229,lake,Chitlapakkam Lake,,,False,12.933734,80.136154
way/23648233,lake,Tiruneermalai Eri,,,False,12.953883,80.123555
way/23804000,lake,ICF Lake,,,False,13.1034,80.217535
way/23885099,lake,Kandaswami Muthukumaraswami Koil Kulam,,,False,13.085792,80.278662
way/24270420,lake,Kapaleeshwara Koil Kulam,,,False,13.033437,80.268681
way/24270487,lake,Athikesvara Perumal Koil Kulam,,,False,13.031424,80.271018
way/25391800,lake,Ambattur Lake,,,False,13.10633,80.142336
way/25394157,lake,Red Hills Reservoir,,,False,13.164964,80.164276
way/25394523,lake,Sholavaram Lake,,,False,13.223799,80.140506
way/25474612,lake,Korattur Lake,,,False,13.123526,80.181403
way/25474749,lake,Retteri Lake,,,False,13.140762,80.210686
way/25504265,lake,Velachery Lake,,,False,12.988244,80.211503
way/25724261,lake,Adambakkam Lake,,,False,12.986288,80.196684
way/25724278,lake,Pannachiamman Koil Tank,,,False,12.984461,80.187869
way/25725027,lake,Madipakkam Lake,,,False,12.961367,80.190922
way/25726316,lake,Puzhuthivakkam Lake,,,False,12.968566,80.202121
way/26433707,lake,Sembakkam lake,,,False,12.933662,80.153411
way/26800736,lake,Retteri Lake,,,False,13.152073,80.213993
way/27203001,lake,Ellaiamman Koil Kulam,,,False,13.034107,80.225076
way/27771449,lake,Vadapalani Murugan Temple Pond,,,False,13.052985,80.214264
way/28260258,lake,Vadakkapattu Lake,,,False,12.930461,80.185608
way/28260431,lake,Nanmangalam Lake,,,False,12.939367,80.167018
way/28260577,lake,Selaiyur Lake,,,False,12.916168,80.132239
way/28261148,lake,Balaji Nagar Lake,,,False,12.914118,80.111171
way/28309687,lake,Tirisulam Lake,,,False,12.973534,80.168763
way/29047592,lake,Marundeeshwara Temple Tank,,,False,12.985569,80.261427
way/29241216,lake,Agathishwara Perumal Koil Kulam,,,False,13.060038,80.241908
way/29246065,lake,Periyathoppu Lake,,,False,13.169495,80.252638
way/30037018,lake,Oxidation Pond,,,False,12.990827,80.240394
way/30037019,lake,Oxidation Pond,,,False,12.989014,80.240111
way/30078793,lake,Kovilpadagai Lake,,,False,13.146782,80.096911
way/30209756,lake,Vengambakkam Lake,,,False,12.869277,80.125102
way/30424450,lake,Perumbakkam Lake,,,False,12.896483,80.188762
way/30606822,lake,Velachery Lake,,,False,12.985791,80.220753
way/30609167,lake,Kallu Kuttai Lake,,,False,12.979022,80.235934
way/30625195,lake,Alappakkam Madhuravoyal Eri,,,False,13.051989,80.164317
way/30738635,lake,ETPS Flyash Pond,,,False,13.207636,80.304825
way/30738642,lake,ETPS Flyash Pond,,,False,13.211705,80.29913
way/30978033,lake,Kandasamy Koil Tank,,,False,13.094667,80.255802
way/31020934,lake,Periyathoppu Lake,,,False,13.162466,80.249751
way/32306856,lake,Balasubramani Temple Tank,,,False,13.038311,80.249333
way/32995619,lake,Thamarai Kulam,,,False,13.223249,80.323286
way/33069045,lake,ETPS Oxidation Pond,,,False,13.214522,80.317195
way/33071135,lake,Thyagarajaswami Koil Tank,,,False,13.161515,80.300336
way/34484000,lake,Konimedu Lake,,,False,13.182454,80.152615
way/34484008,lake,Vellanur aeri,,,False,13.161997,80.107214
way/34618168,lake,Ayapakkam Lake,,,False,13.101866,80.128716
way/35475053,lake,Karaneeswarar Temple Tank,,,False,13.024759,80.222486
way/35475132,lake,Prasanna Venkatesa Perumal Koil Kulam,,,False,13.022387,80.217304
way/47109361,lake,Kachaleeswara Temple Reservoir,,,False,13.093394,80.287385
way/47109373,lake,Malligeshwarar Temple Reservoir,,,False,13.097879,80.290036
way/47415291,lake,Kondithope Kasi Viswanathar Koil,,,False,13.100158,80.277917
way/47571166,lake,Thiruvateeswaran Koil Kulam,,,False,13.061676,80.272541
way/47572261,lake,Rajakilpakkam Lake,,,False,12.918776,80.150971
way/48057021,lake,Gangadeeshwarar Koil Kulam,,,False,13.08516,80.254284
way/82874933,lake,Nesavalar Nagar Lake,,,False,12.912997,80.20016
way/82883544,lake,Mambakkam Lake,,,False,12.849872,80.159738
way/82883553,lake,Maambakkam Lake,,,False,12.836294,80.163811
way/82883604,lake,Chitrerari Lake,,,False,12.909069,80.170909
way/84099124,lake,Madippakkam Village Pond,,,False,12.963786,80.197472
way/86251016,lake,Sooriamman Koil pond,,,False,12.972628,80.132766
way/95668360,lake,Kolathur Lake,,,False,13.128258,80.212919
way/95772858,lake,Alleri Tank,,,False,12.940884,80.119063
way/98315669,lake,Kadapakkam Tank,,,False,13.200886,80.25275
way/98357297,lake,Dhenupureeswarar Tank,,,False,12.897979,80.160104
way/98357449,lake,"Vengadamangalam, IRPC Lake",,,False,12.858513,80.15202
way/98357524,lake,Perumbakkam Lake,,,False,12.900978,80.194153
way/98358044,lake,Classic Farms Lake 2,,,False,12.886848,80.22104
way/98639499,lake,Kallu Kuttai Lake,,,False,12.977446,80.237139
way/102459218,lake,கோலடி ஏரி,,,False,13.084847,80.123923
way/102459233,lake,Ambattur Lake,,,False,13.116079,80.140969
way/102547877,lake,Thiruvalleswar Temple Pond,,,False,13.09655,80.187176
way/127464711,lake,Virupatcheshwarer Temple Tank,,,False,13.038845,80.274545
way/131425322,lake,Anna Nedumchalai Lake,,,False,12.966244,80.238836
way/131961844,lake,Thamarai Kulam,,,False,12.968332,80.256959
way/138307626,lake,Araabath Lake,,,False,13.1252,80.137498
way/138307646,lake,Mariamman Koil Kulam,,,False,13.112407,80.21956
way/154089347,lake,Pallikaranai Thamarai Kulam,,,False,12.934731,80.204575
way/159017372,lake,Ponniamman Temple Pond,,,False,12.939273,80.178188
way/175799902,lake,Temple Tank,,,False,12.962295,80.112613
way/177370838,lake,Lake,,,False,12.925736,80.157882
way/178747904,lake,Vedhapureeswarar Temple Kulam,,,False,13.07175,80.115814
way/178751066,lake,Kamakshi Amman Temple Tank,,,False,13.030481,80.109974
way/197488611,lake,Thandukarai Kulam,,,False,12.925036,80.20693
way/203215028,lake,Pallikkaranai Anai Tank,,,False,12.93371,80.196957
way/203215030,lake,Pallikkaranai Eri,,,False,12.928683,80.198188
way/211121334,lake,Pigeon Pond,,,False,12.866058,80.22881
way/211423276,lake,Madhava Perumal Temple Tank,,,False,13.037629,80.271536
way/217609145,lake,Ekambeshwarar Koil Kulam,,,False,13.088279,80.277594
way/217849594,lake,Chennamalleshwarar Perumal Koil Kulam,,,False,13.088613,80.280467
way/217920757,lake,Thamarai Kulam,,,False,13.119168,80.223444
way/217928946,lake,Damodaran Perumal Koil Kulam,,,False,13.10719,80.207823
way/217928947,lake,Valayan Kulam,,,False,13.108506,80.212687
way/217928948,lake,Agatheeswaran Koil Street Kulam,,,False,13.104667,80.206754
way/218212407,lake,Kalyana Varadaraja Perumal Koil Tank,,,False,13.153714,80.296637
way/218221719,lake,Bhaskar Colony Park Kulam,,,False,13.052763,80.198528
way/278769879,lake,Thamarai Kulam,,,False,13.01777,80.158286
way/288772390,lake,Azhwancherry Pond,,,False,13.016031,80.15575
way/292025239,lake,Samiyar kulam,,,False,13.011353,80.157802
way/336289725,lake,VIT pond,,VIT,False,12.840096,80.153932
way/369625991,lake,New Colony Pond,,,False,12.93234,80.205016
way/369625993,lake,Naasan Kulam,,,False,12.930263,80.209672
way/369625994,lake,Kovalan Nagar Lake,,,False,12.932234,80.206156
way/383947586,lake,Peerkankaranai lake,,,False,12.907236,80.099492
way/384312064,lake,Ayyan Kulam,,,False,12.941483,80.204956
way/384364812,lake,Kadaperi Tank,,,False,12.935366,80.122706
way/384380356,lake,Classic Farms Lake 1,,,False,12.893502,80.219804
way/384394317,lake,Kalappai Keni,,,False,12.893791,80.245696
way/384394319,lake,Thenman Poigai Pond,,,False,12.885472,80.244248
way/384476259,lake,Thirupunanthal Lake,,,False,12.971556,80.135857
way/385707490,lake,Udayar Palayam Nagar Pond - II,,,False,13.092155,80.148679
way/385708837,lake,Zone Office Pond,,,False,13.106703,80.154151
way/385786366,lake,Vengaivasal Lake,,,False,12.917766,80.163698
way/385787493,lake,Uthu Kulam,,,False,12.918179,80.202859
way/386193730,lake,Kamarajapuram Pond,,,False,13.193349,80.261283
way/389025498,lake,Kilangal Kulam,,,False,12.958947,80.232982
way/389427342,lake,Mangeni Kulam,,,False,12.951607,80.252899
way/389428130,lake,Vannan Kulam,,,False,12.946583,80.253352
way/438356563,lake,Periyakeni Kulam,,,False,12.920449,80.249521
way/479690974,lake,MF sanskriti,,,False,12.940687,80.216005
way/479690978,lake,Niot,,,False,12.946923,80.211221
way/490995272,lake,Chanthira Sekaran Avenue Lake,,,False,12.932257,80.231639
way/544501046,lake,Perungudi Panchayat Pond,,,False,12.956207,80.239831
way/554596475,lake,Sathya lake,,,False,13.092739,80.176283
way/556414712,lake,Dharmarajapuram Vannan Kulam,,,False,13.011752,80.163006
way/558926037,lake,Kallu Kuttai Lake,,,False,12.978021,80.235819
way/558926040,lake,Dhandeeshwaram Temple Tank,,,False,12.985908,80.223324
way/558926042,lake,Appalang Kulam,,,False,12.990332,80.224395
way/595453143,lake,Vembuliamman Koil Pond,,,False,12.959224,80.239916
way/595615727,lake,Kannagi Nagar Kulam,,,False,12.926199,80.242648
way/595615729,lake,Panchavan Kuttai,,,False,12.93155,80.235518
way/625564658,lake,Madras Fertilizers Pond,,,False,13.170093,80.282913
way/661094629,lake,Vettamani Lake,,,False,13.147496,80.235547
way/661094630,lake,Uppu Kulam,,,False,13.148819,80.234594
way/661094631,lake,Sathankadu Lake,,,False,13.156619,80.269136
way/661094632,lake,Harikrishnapuram Lake,,,False,13.169968,80.26318
way/661094633,lake,Burma Nagar Reservoir,,,False,13.178589,80.303226
way/661094634,lake,Vadivudaiyamman Koil Kulam,,,False,13.161367,80.29932
way/661094635,lake,Arunachaleshwarar Koil Kulam,,,False,13.132928,80.291738
way/661094636,lake,Angala Parameshwari Koil Kulam,,,False,13.114557,80.291744
way/661094637,lake,Sengazhuneer Pillayar Temple Reservoir,,,False,13.101448,80.288689
way/661100677,lake,Tharamani Pond,,,False,12.98518,80.240971
way/661100680,lake,Nadar Street Pond,,,False,12.983858,80.220716
way/661100681,lake,Puliyenkeni Pond,,,False,12.983602,80.218893
way/661100682,lake,Mandapa Kuttai,,,False,12.97348,80.20832
way/661100683,lake,Sada Kuttai,,,False,12.97318,80.204152
way/661100684,lake,Gangai Amman Kulam,,,False,12.971806,80.203
way/661100685,lake,Rettai Kuttai,,,False,12.972508,80.20436
way/661100686,lake,Bharatiyar Nagar Lake,,,False,12.934686,80.241183
way/661100690,lake,Nehru Nagar Pond,,,False,12.927264,80.229662
way/661100692,lake,Vannan Kuttai,,,False,12.922017,80.20697
way/661100695,lake,Palandeyamman Koil Street Kulam,,,False,12.919729,80.203487
way/661100696,lake,Jayachandran Nagar Pond,,,False,12.91883,80.201257
way/661100697,lake,Varadharajapuram Pond,,,False,12.927641,80.205748
way/661100698,lake,Ambal Nagar Lake,,,False,12.936213,80.201593
way/661100699,lake,Pillaiyar Koil Kulam,,,False,12.936472,80.204075
way/661117600,lake,Township Colony Pond,,,False,13.099221,80.1591
way/661117601,lake,Reddy Kulam,,,False,13.0923,80.156605
way/661117602,lake,Udayar Palayam Nagar Pond - I,,,False,13.095307,80.148551
way/661117603,lake,Thenthirupathi Pond,,,False,13.086718,80.172524
way/661117604,lake,JJ Nagar Lake,,,False,13.079089,80.171988
way/661117605,lake,Gangai Amman Koil Street Pond,,,False,13.05414,80.175301
way/661117606,lake,Krishna Nagar Pond,,,False,13.052136,80.195517
way/661117607,lake,Linga Kulam,,,False,13.051912,80.161558
way/661117608,lake,Siva Subramani Koil Kulam,,,False,12.999894,80.206195
way/661117609,lake,Nandeeshwaran Koil Kulam,,,False,12.993844,80.200676
way/661117610,lake,NGGO Colony Lake,,,False,12.969968,80.179917
way/661117611,lake,Thamarai Keni Kulam,,,False,12.954568,80.252413
way/661117612,lake,Kannan Kulam,,,False,12.952715,80.236782
way/661117613,lake,Panichavan Kuttai,,,False,12.952229,80.238531
way/661117614,lake,MGR Nagar Pond,,,False,12.961737,80.253779
way/661178353,lake,Thiruvedee Amman Koil Kulam,,,False,13.121239,80.218005
way/661178354,lake,Aadikesavaperumal Temple Tank,,,False,13.119802,80.189736
way/661178355,lake,Thamarai Kulam,,,False,13.121938,80.190511
way/661178356,lake,Seekathamman Koil Kulam,,,False,13.123921,80.189073
way/661178357,lake,Kulappan Kulam,,,False,13.135112,80.222615
way/661178358,lake,Thattan Kulam,,,False,13.14136,80.226949
way/661178359,lake,Aathi Kulam,,,False,13.146789,80.231144
way/661178360,lake,Thattankulam,,,False,13.145996,80.229059
way/661178361,lake,Samiyar Kulam,,,False,13.133418,80.209639
way/661178362,lake,Swamy Nagar Kulam,,,False,13.148721,80.22982
way/661178363,lake,Perumal Koil Street Kulam,,,False,13.152056,80.231989
way/661178364,lake,Ramachandra Nagar Kulam,,,False,13.153566,80.234457
way/661178365,lake,Kumarappapuram Kulam,,,False,13.15271,80.235871
way/661178366,lake,Thideer Nagar Lake,,,False,13.167278,80.227082
way/661178367,lake,Poosani Kulam,,,False,13.165362,80.254894
way/661178368,lake,Thamarai POND,,,False,13.167015,80.257654
way/661178369,lake,Kulakkarai Karumariamman Koil Street Pond,,,False,13.175423,80.251707
way/661178370,lake,Zakir Hussain Pond,,,False,13.164741,80.264022
way/661178371,lake,Jalakanda Mariyamman Koil Street Pond,,,False,13.163971,80.263276
way/661178372,lake,Railway Pond 3,,,False,13.17404,80.302817
way/661178373,lake,Sadayankuppam Tank,,,False,13.186655,80.290694
way/661178374,lake,Edayanchavadi Pond,,,False,13.214895,80.277559
way/661178375,lake,Andarkuppam Burial Ground Pond,,,False,13.193867,80.268565
way/661178376,lake,Natham Purampokku Pond,,,False,13.20277,80.267782
way/661178377,lake,Kanniyamman Kovil Street Pond,,,False,13.195342,80.255261
way/677255694,lake,temple pond,,,False,12.98461,80.260638
way/682046324,lake,Tower park pond,,,False,13.087577,80.214274
way/733490385,lake,Wipro CDC 5 Pond,,,False,12.905537,80.220078
way/733492145,lake,Mini Pond area in Opaline woods Park,,,False,12.849451,80.229114
way/733530086,lake,Wipro CDC 5 Pond near Learning Centre,,,False,12.905164,80.221831
way/733530089,lake,Mini pond with artificial waterfall,,,False,12.908558,80.225683
way/864059073,lake,Moovarasampettai Lake,,,False,12.964062,80.180978
way/931667168,lake,Omakulam,,,False,13.154483,80.225797
way/932267465,lake,Gangaiamman Temple Pond,,,False,12.969455,80.185722
way/1022416288,lake,Sirugulam,,,False,12.904579,80.186783
way/1066036338,lake,Gandhi Road Pond,,,False,12.853519,80.191596
way/1184738724,lake,Thaali Kulam,,,False,12.857524,80.228882
way/1185548387,lake,Thandhoni Amman kovil kulam,,,False,12.865881,80.241253
way/1188056507,lake,Athi Villivakkam Eri,,,False,13.104498,80.196708
way/1235139133,lake,Masilamaneeswarar Temple Tank,,,False,13.136193,80.13316
way/1237456198,lake,Ayanambakkam Tank,,,False,13.076671,80.132593
way/1270849333,lake,Nayakkar Kuttai,,,False,12.957572,80.198762
way/1293433222,lake,Puthagaram Thangal,,,False,13.141728,80.190164
way/1418928206,lake,Chettiyar Agaram Lake,,,False,13.041928,80.145727
way/1428328070,lake,Krishna temple pond,,,False,13.048522,80.141575
way/1474984804,lake,Elcot Lake,,,False,12.91749,80.22414
