# 369 GBA wards. WARNING: _raw_tot_p is the source population field and sums to ~6x the real Greater Bengaluru total, with 125/369 rows failing male+female=total. Do NOT use it as population. Geometry reduced to a centroid. This row is NOT a boundary — joining on the centroid gives you a point inside (or near) the shape, not the shape.
ward_no,ward_name,ward_name_kn,corporation,corporation_kn,corporation_id,zone,division,sub_division,assembly,assembly_no,population_total,population_status,population_note,_raw_tot_p,_raw_tot_m,_raw_tot_f,_raw_sc_p,_raw_st_p,zone_csv,geometry_type,centroid_lng,centroid_lat,vertex_count
25,25 - Vinayaka Layout,ವಿನಾಯಕ ಲೇಔಟ್,West,ಪಶ್ಚಿಮ,5,Rajarajeshwarinagar,RO- Rajarajeswari Nagara,ARO- Jnana Bharathi,154 - Rajarajeshwarinagar,154,,UNVERIFIED,Source TOT_P field sums to ~6x the known Greater Bengaluru population; field definition unconfirmed. Not published.,201700,101680,100020,14960,4060,Bommanahalli,Polygon,77.513978,12.963398,847
2,2 - Aerocity,ಏರೋಸಿಟಿ,North,ಉತ್ತರ,2,Yelahanka,RO- Yelahanka,ARO- Yelahanka Old Town,150 - Yelahanka,150,,UNVERIFIED,Source TOT_P field sums to ~6x the known Greater Bengaluru population; field definition unconfirmed. Not published.,206550,108440,98100,16360,5630,Jayanagar,MultiPolygon,77.611296,13.110517,577
3,3 - Chowdeshwari ward,ಚೌಡೇಶ್ವರಿ ವಾರ್ಡ್,North,ಉತ್ತರ,2,Yelahanka,RO- Yelahanka,ARO- Yelahanka Old Town,150 - Yelahanka,150,,UNVERIFIED,Source TOT_P field sums to ~6x the known Greater Bengaluru population; field definition unconfirmed. Not published.,267950,145020,122810,24320,4770,Jayanagar,Polygon,77.580125,13.122288,300
15,15 - Ramamurthy Nagara,ರಾಮಮೂರ್ತಿ ನಗರ,East,ಪೂರ್ವ,3,K.R. Pura,RO- Ramamurthy Nagara,ARO- Ramamurthy Nagara,151 - K.R. Pura,151,,UNVERIFIED,Source TOT_P field sums to ~6x the known Greater Bengaluru population; field definition unconfirmed. Not published.,172570,87380,85190,40170,3540,Jayanagar,Polygon,77.678372,13.014218,118
58,58 - Nagashettyhalli,ನಾಗಶೆಟ್ಟಿಹಳ್ಳಿ,North,ಉತ್ತರ,2,Yelahanka,RO- Hebbal,ARO- Nagashettyhalli,158 - Hebbal,158,,UNVERIFIED,Source TOT_P field sums to ~6x the known Greater Bengaluru population; field definition unconfirmed. Not published.,232890,118610,114290,16430,4120,Bommanahalli,Polygon,77.574591,13.040883,134
21,21 - Kogilu,ಕೋಗಿಲು,North,ಉತ್ತರ,2,Byatarayanapura,RO- Thanisandra,ARO- Kogilu,152 - Byatarayanapura,152,,UNVERIFIED,Source TOT_P field sums to ~6x the known Greater Bengaluru population; field definition unconfirmed. Not published.,287280,150840,136430,36560,6090,Bommanahalli,Polygon,77.628963,13.105468,693
46,46 - Yamalur,ಯಮಲೂರು,East,ಪೂರ್ವ,3,Mahadevapura,RO- Bellanduru,ARO- Bellanduru,174 - Mahadevapura,174,,UNVERIFIED,Source TOT_P field sums to ~6x the known Greater Bengaluru population; field definition unconfirmed. Not published.,175260,99490,75770,26950,3600,Jayanagar,Polygon,77.666395,12.944081,528
24,24 - Agaram,ಅಗರಂ,Central,ಕೇಂದ್ರ,1,C.V. Raman Nagar,RO - Shanthinagar,ARO- Domluru,163 - Shanthinagar,163,,UNVERIFIED,Source TOT_P field sums to ~6x the known Greater Bengaluru population; field definition unconfirmed. Not published.,280810,140880,139930,75800,5300,Bommanahalli,Polygon,77.636467,12.946879,1115
72,72 - Dasarahalli,ದಾಸರಹಳ್ಳಿ,North,ಉತ್ತರ,2,Yelahanka,RO- Dasarahalli,ARO- Dasarahalli,155 - Dasarahalli,155,,UNVERIFIED,Source TOT_P field sums to ~6x the known Greater Bengaluru population; field definition unconfirmed. Not published.,290820,154100,136720,21620,5210,Bommanahalli,Polygon,77.516297,13.046166,137
11,11 - Old Baiyappanahalli,ಹಳೆ ಬೈಯಪ್ಪನಹಳ್ಳಿ,Central,ಕೇಂದ್ರ,1,C.V. Raman Nagar,RO- Indiranagar,ARO- Kasturi Nagar,161 - C.V. Raman Nagar,161,,UNVERIFIED,Source TOT_P field sums to ~6x the known Greater Bengaluru population; field definition unconfirmed. Not published.,188580,95720,91260,96960,3360,Jayanagar,Polygon,77.642502,12.992518,105
16,16 - Kotthur,ಕೊತ್ತೂರು,East,ಪೂರ್ವ,3,K.R. Pura,RO- Ramamurthy Nagara,ARO- Ramamurthy Nagara,151 - K.R. Pura,151,,UNVERIFIED,Source TOT_P field sums to ~6x the known Greater Bengaluru population; field definition unconfirmed. Not published.,146530,75080,71450,30840,2430,Jayanagar,Polygon,77.675815,13.007692,128
69,69 - Bagalagunte,ಬಾಗಲಗುಂಟೆ,North,ಉತ್ತರ,2,Yelahanka,RO- Dasarahalli,ARO- Bagalagunte,155 - Dasarahalli,155,,UNVERIFIED,Source TOT_P field sums to ~6x the known Greater Bengaluru population; field definition unconfirmed. Not published.,286850,149760,137090,14220,7940,Bommanahalli,Polygon,77.501146,13.059579,155
34,34 - Subbayanapalya,ಸುಬ್ಬಯ್ಯನಪಾಳ್ಯ,North,ಉತ್ತರ,2,Byatarayanapura,RO- Maruthi Sevanagar,ARO- Kammanahalli,160 - Sarvagnanagar,160,,UNVERIFIED,Source TOT_P field sums to ~6x the known Greater Bengaluru population; field definition unconfirmed. Not published.,221750,113100,108650,28430,4690,Jayanagar,Polygon,77.640052,13.007652,110
68,68 - Mallasandra,ಮಲ್ಲಸಂದ್ರ,North,ಉತ್ತರ,2,Yelahanka,RO- Dasarahalli,ARO- Bagalagunte,155 - Dasarahalli,155,,UNVERIFIED,Source TOT_P field sums to ~6x the known Greater Bengaluru population; field definition unconfirmed. Not published.,268900,141800,127100,40410,6680,Bommanahalli,Polygon,77.513772,13.056707,173
70,70 - Manjunatha Nagar,ಮಂಜುನಾಥ ನಗರ,North,ಉತ್ತರ,2,Yelahanka,RO- Dasarahalli,ARO- Bagalagunte,155 - Dasarahalli,155,,UNVERIFIED,Source TOT_P field sums to ~6x the known Greater Bengaluru population; field definition unconfirmed. Not published.,278700,145520,133190,19440,9870,Bommanahalli,Polygon,77.500022,13.05174,174
2,2 - Kadirenahalli,ಕದಿರೇನಹಳ್ಳಿ,South,ದಕ್ಷಿಣ,4,Jayanagar,RO- Padmanabhanagara,ARO- Padmanabhanagara,171 - Padmanabanagar,171,,UNVERIFIED,Source TOT_P field sums to ~6x the known Greater Bengaluru population; field definition unconfirmed. Not published.,199370,101250,98120,8160,4010,Jayanagar,Polygon,77.560974,12.917294,70
60,60 - Jalahalli,ಜಾಲಹಳ್ಳಿ,North,ಉತ್ತರ,2,Yelahanka,RO- Jalahalli,ARO- Jalahalli,154 - Rajarajeshwarinagar,154,,UNVERIFIED,Source TOT_P field sums to ~6x the known Greater Bengaluru population; field definition unconfirmed. Not published.,234000,119020,114980,70430,11290,Bommanahalli,Polygon,77.536702,13.048147,191
14,14 - K.R Pura,ಕೆ ಆರ್ ಪುರ,East,ಪೂರ್ವ,3,K.R. Pura,RO- KR Pura,ARO- KR Pura,151 - K.R. Pura,151,,UNVERIFIED,Source TOT_P field sums to ~6x the known Greater Bengaluru population; field definition unconfirmed. Not published.,149300,77170,72130,15600,3510,Jayanagar,Polygon,77.697433,13.011597,68
20,20 - Kengeri Kote ward,ಕೆಂಗೇರಿ ಕೋಟೆ ವಾರ್ಡ್,West,ಪಶ್ಚಿಮ,5,Rajarajeshwarinagar,RO- Kengeri,ARO- Hemmigepura,153 - Yeshwanthapura,153,,UNVERIFIED,Source TOT_P field sums to ~6x the known Greater Bengaluru population; field definition unconfirmed. Not published.,193390,98410,94990,20480,3360,Bommanahalli,Polygon,77.487122,12.894152,834
39,39 - Gottigere,ಗೊಟ್ಟಿಗೆರೆ,South,ದಕ್ಷಿಣ,4,Jayanagar,RO- Beguru,ARO- Gottigere,176 - Bangalore South,176,,UNVERIFIED,Source TOT_P field sums to ~6x the known Greater Bengaluru population; field definition unconfirmed. Not published.,218390,111800,106590,27950,2520,Jayanagar,Polygon,77.582085,12.8486,114
36,36 - Beguru,ಬೇಗೂರು,South,ದಕ್ಷಿಣ,4,Jayanagar,RO- Beguru,ARO- Beguru,176 - Bangalore South,176,,UNVERIFIED,Source TOT_P field sums to ~6x the known Greater Bengaluru population; field definition unconfirmed. Not published.,186050,96150,88800,13030,1960,Jayanagar,Polygon,77.621978,12.880034,292
41,41 - V.V Puram,ವಿ.ವಿ. ಪುರಂ,Central,ಕೇಂದ್ರ,1,Gandhinagara,RO - Chickpet,ARO- V.V Puram,169 - Chickpet,169,,UNVERIFIED,Source TOT_P field sums to ~6x the known Greater Bengaluru population; field definition unconfirmed. Not published.,198130,99650,98480,12710,4810,Jayanagar,Polygon,77.577626,12.949091,57
35,35 - Kammanahalli,ಕಮ್ಮನಹಳ್ಳಿ,North,ಉತ್ತರ,2,Byatarayanapura,RO- Maruthi Sevanagar,ARO- Kammanahalli,160 - Sarvagnanagar,160,,UNVERIFIED,Source TOT_P field sums to ~6x the known Greater Bengaluru population; field definition unconfirmed. Not published.,266460,134480,131980,70310,9290,Jayanagar,Polygon,77.632176,13.007097,71
7,7 - Byrasandra,ಬೈರಸಂದ್ರ,South,ದಕ್ಷಿಣ,4,Jayanagar,RO- Jayanagar,ARO- Byrasandra,173 - Jayanagar,173,,UNVERIFIED,Source TOT_P field sums to ~6x the known Greater Bengaluru population; field definition unconfirmed. Not published.,211080,105100,105980,28130,2250,Jayanagar,Polygon,77.586705,12.931958,294
8,8 - Tilak Nagara,ತಿಲಕ ನಗರ,South,ದಕ್ಷಿಣ,4,Jayanagar,RO- Jayanagar,ARO- Byrasandra,173 - Jayanagar,173,,UNVERIFIED,Source TOT_P field sums to ~6x the known Greater Bengaluru population; field definition unconfirmed. Not published.,256250,130080,126170,27690,2620,Jayanagar,Polygon,77.591368,12.928558,160
63,63 - J.P PARK,ಜೆಪಿ ಪಾರ್ಕ್,North,ಉತ್ತರ,2,Yelahanka,RO- Jalahalli,ARO- Yeshwanthpura,154 - Rajarajeshwarinagar,154,,UNVERIFIED,Source TOT_P field sums to ~6x the known Greater Bengaluru population; field definition unconfirmed. Not published.,221720,113930,107790,31390,3900,Bommanahalli,Polygon,77.552652,13.032061,215
51,51 - Old Guddadahalli,ಹಳೆ ಗುಡ್ಡದಹಳ್ಳಿ,Central,ಕೇಂದ್ರ,1,Gandhinagara,RO - Chamrajapet,ARO- JJR Nagar,168 - Chamrajapet,168,,UNVERIFIED,Source TOT_P field sums to ~6x the known Greater Bengaluru population; field definition unconfirmed. Not published.,252280,129650,122630,7390,430,Jayanagar,Polygon,77.546362,12.962523,242
4,4 - Babusab Palya,ಬಾಬುಸಾಬ್ ಪಾಳ್ಯ,East,ಪೂರ್ವ,3,K.R. Pura,RO- Horamavu,ARO- Chellakere,151 - K.R. Pura,151,,UNVERIFIED,Source TOT_P field sums to ~6x the known Greater Bengaluru population; field definition unconfirmed. Not published.,193610,99330,94280,18990,2380,Jayanagar,Polygon,77.653214,13.023483,112
4,4 - Banashankari Temple Ward,ಬನಶಂಕರಿ ದೇವಸ್ಥಾನ ವಾರ್ಡ್,South,ದಕ್ಷಿಣ,4,Jayanagar,RO- Padmanabhanagara,ARO- Banashankari,171 - Padmanabanagar,171,,UNVERIFIED,Source TOT_P field sums to ~6x the known Greater Bengaluru population; field definition unconfirmed. Not published.,225490,115250,110240,13340,8140,Jayanagar,Polygon,77.571698,12.912215,121
71,71 - Nele Maheshwaramma Temple Ward,ನೆಲೆ ಮಹೇಶ್ವರಮ್ಮ ದೇವಸ್ಥಾನ ವಾರ್ಡ್,North,ಉತ್ತರ,2,Yelahanka,RO- Dasarahalli,ARO- Dasarahalli,155 - Dasarahalli,155,,UNVERIFIED,Source TOT_P field sums to ~6x the known Greater Bengaluru population; field definition unconfirmed. Not published.,270330,146100,124230,9700,5680,Bommanahalli,Polygon,77.510338,13.048052,108
45,45 - Marathahalli,ಮಾರತಹಳ್ಳಿ,East,ಪೂರ್ವ,3,Mahadevapura,RO- Marathahalli,ARO- Marathahalli,174 - Mahadevapura,174,,UNVERIFIED,Source TOT_P field sums to ~6x the known Greater Bengaluru population; field definition unconfirmed. Not published.,178230,104960,73270,12500,1880,Jayanagar,Polygon,77.697168,12.954425,101
45,45 - Konanakunte,ಕೋಣನಕುಂಟೆ,South,ದಕ್ಷಿಣ,4,Jayanagar,RO- Anjanapura,ARO- Konanakunte,176 - Bangalore South,176,,UNVERIFIED,Source TOT_P field sums to ~6x the known Greater Bengaluru population; field definition unconfirmed. Not published.,205250,106040,99210,15900,1930,Jayanagar,Polygon,77.566086,12.882682,171
13,13 - Marenahalli South,ಮಾರೇನಹಳ್ಳಿ ದಕ್ಷಿಣ,South,ದಕ್ಷಿಣ,4,Jayanagar,RO- JP Nagar,ARO- JP Nagar,173 - Jayanagar,173,,UNVERIFIED,Source TOT_P field sums to ~6x the known Greater Bengaluru population; field definition unconfirmed. Not published.,234580,121510,113070,43260,4070,Jayanagar,Polygon,77.591102,12.914726,103
44,44 - Harinagar,ಹರಿನಗರ,South,ದಕ್ಷಿಣ,4,Jayanagar,RO- Anjanapura,ARO- Konanakunte,176 - Bangalore South,176,,UNVERIFIED,Source TOT_P field sums to ~6x the known Greater Bengaluru population; field definition unconfirmed. Not published.,218930,112910,106010,15090,2170,Jayanagar,Polygon,77.573712,12.875191,136
2,2 - Horamavu,ಹೊರಮಾವು,East,ಪೂರ್ವ,3,K.R. Pura,RO- Horamavu,ARO- Horamavu,151 - K.R. Pura,151,,UNVERIFIED,Source TOT_P field sums to ~6x the known Greater Bengaluru population; field definition unconfirmed. Not published.,147560,77290,70270,21230,2070,Jayanagar,Polygon,77.65769,13.052007,729
50,50 - Dinnur,ದಿಣ್ಣೂರು,North,ಉತ್ತರ,2,Yelahanka,RO- R.T Nagar,ARO- R.T Nagar,158 - Hebbal,158,,UNVERIFIED,Source TOT_P field sums to ~6x the known Greater Bengaluru population; field definition unconfirmed. Not published.,273950,142740,131110,16900,3570,Jayanagar,Polygon,77.599941,13.028753,334
25,25 - L.B Shastri Nagar,ಎಲ್.ಬಿ.ಶಾಸ್ತ್ರಿ ನಗರ,East,ಪೂರ್ವ,3,K.R. Pura,RO- Vignananagara,ARO- Vignananagara,151 - K.R. Pura,151,,UNVERIFIED,Source TOT_P field sums to ~6x the known Greater Bengaluru population; field definition unconfirmed. Not published.,149460,78370,71090,7730,3090,Bommanahalli,Polygon,77.671788,12.965998,62
66,66 - Kammagondanahalli,ಕಮ್ಮಗೊಂಡನಹಳ್ಳಿ,North,ಉತ್ತರ,2,Yelahanka,RO- Dasarahalli,ARO- Shetty Halli,155 - Dasarahalli,155,,UNVERIFIED,Source TOT_P field sums to ~6x the known Greater Bengaluru population; field definition unconfirmed. Not published.,205420,108680,96740,35150,4980,Bommanahalli,Polygon,77.529697,13.067883,186
10,10 - Abdul Kalam Nagar,ಅಬ್ದುಲ್ ಕಲಾಂ ನಗರ,South,ದಕ್ಷಿಣ,4,Jayanagar,RO- Jayanagar,ARO- NAL Layout,173 - Jayanagar,173,,UNVERIFIED,Source TOT_P field sums to ~6x the known Greater Bengaluru population; field definition unconfirmed. Not published.,231240,118650,112590,15060,2170,Jayanagar,Polygon,77.603094,12.923158,150
45,45 - Kushal Nagar,ಕುಶಾಲ್ ನಗರ,North,ಉತ್ತರ,2,Byatarayanapura,RO- Pulikeshinagar,ARO - Kushal Nagar,159 - Pulakeshinagar,159,,UNVERIFIED,Source TOT_P field sums to ~6x the known Greater Bengaluru population; field definition unconfirmed. Not published.,199540,101060,97880,29130,5690,Jayanagar,Polygon,77.615236,13.011146,79
11,11 - Krishnanagar,ಕೃಷ್ಣನಗರ,East,ಪೂರ್ವ,3,K.R. Pura,RO- KR Pura,ARO- Basavanapura,151 - K.R. Pura,151,,UNVERIFIED,Source TOT_P field sums to ~6x the known Greater Bengaluru population; field definition unconfirmed. Not published.,160000,82560,77440,25480,2840,Jayanagar,Polygon,77.712097,13.00661,220
43,43 - Bheereshwara Nagar,ಭೀರೇಶ್ವರ ನಗರ,South,ದಕ್ಷಿಣ,4,Jayanagar,RO- Beguru,ARO- Bheereshwara Nagara,176 - Bangalore South,176,,UNVERIFIED,Source TOT_P field sums to ~6x the known Greater Bengaluru population; field definition unconfirmed. Not published.,269500,141260,128240,13370,2450,Jayanagar,Polygon,77.573069,12.889931,134
3,3 - Yarab nagar,ಯಾರಬ್ ನಗರ,South,ದಕ್ಷಿಣ,4,Jayanagar,RO- Padmanabhanagara,ARO- Padmanabhanagara,171 - Padmanabanagar,171,,UNVERIFIED,Source TOT_P field sums to ~6x the known Greater Bengaluru population; field definition unconfirmed. Not published.,208320,106110,102210,21120,7210,Jayanagar,Polygon,77.567975,12.916085,77
42,42 - RBI Layout,ಆರ್‌ಬಿಐ ಲೇಔಟ್,South,ದಕ್ಷಿಣ,4,Jayanagar,RO- Beguru,ARO- Bheereshwara Nagara,176 - Bangalore South,176,,UNVERIFIED,Source TOT_P field sums to ~6x the known Greater Bengaluru population; field definition unconfirmed. Not published.,225690,113950,111740,2750,2160,Jayanagar,Polygon,77.58168,12.8875,212
1,1 - K Narayanapura,ಕೆ ನಾರಾಯಣಪುರ,East,ಪೂರ್ವ,3,K.R. Pura,RO- Horamavu,ARO- Horamavu,151 - K.R. Pura,151,,UNVERIFIED,Source TOT_P field sums to ~6x the known Greater Bengaluru population; field definition unconfirmed. Not published.,150030,78040,71990,14130,3160,Jayanagar,Polygon,77.643832,13.062085,547
39,39 - Hagaduru,ಹಗದೂರು,East,ಪೂರ್ವ,3,Mahadevapura,RO- Hoodi,ARO- Whitefield,174 - Mahadevapura,174,,UNVERIFIED,Source TOT_P field sums to ~6x the known Greater Bengaluru population; field definition unconfirmed. Not published.,151050,79360,71690,12750,2810,Jayanagar,Polygon,77.768491,12.966396,548
13,13 - Krishnaiahnapalya,ಕೃಷ್ಣಯ್ಯನ ಪಾಳ್ಯ,Central,ಕೇಂದ್ರ,1,C.V. Raman Nagar,RO- Indiranagar,ARO- Kasturi Nagar,161 - C.V. Raman Nagar,161,,UNVERIFIED,Source TOT_P field sums to ~6x the known Greater Bengaluru population; field definition unconfirmed. Not published.,193020,107440,85580,31040,7060,Jayanagar,Polygon,77.655502,12.993238,133
1,1 - Padmanabhanagara,ಪದ್ಮನಾಭನಗರ,South,ದಕ್ಷಿಣ,4,Jayanagar,RO- Padmanabhanagara,ARO- Padmanabhanagara,171 - Padmanabanagar,171,,UNVERIFIED,Source TOT_P field sums to ~6x the known Greater Bengaluru population; field definition unconfirmed. Not published.,234190,117810,116380,3430,1170,Jayanagar,Polygon,77.554303,12.9155,268
48,48 - Vasanthapura,ವಸಂತಪುರ,South,ದಕ್ಷಿಣ,4,Jayanagar,RO- Anjanapura,ARO- Konanakunte,176 - Bangalore South,176,,UNVERIFIED,Source TOT_P field sums to ~6x the known Greater Bengaluru population; field definition unconfirmed. Not published.,228300,119870,108430,29720,4990,Jayanagar,Polygon,77.55587,12.891542,190
6,6 - Gowdanapalya,ಗೌಡನಪಾಳ್ಯ,South,ದಕ್ಷಿಣ,4,Jayanagar,RO- Padmanabhanagara,ARO- Banashankari,171 - Padmanabanagar,171,,UNVERIFIED,Source TOT_P field sums to ~6x the known Greater Bengaluru population; field definition unconfirmed. Not published.,246910,129070,117840,18080,1450,Jayanagar,Polygon,77.554358,12.9071,255
63,63 - Okalipuram,ಓಕಳಿಪುರಂ,Central,ಕೇಂದ್ರ,1,Gandhinagara,RO - Gandhinagara,ARO- Okalipuram,164 - Gandhinagara,164,,UNVERIFIED,Source TOT_P field sums to ~6x the known Greater Bengaluru population; field definition unconfirmed. Not published.,278150,142220,135930,39760,2450,Bommanahalli,Polygon,77.562798,12.986621,178
5,5 - Kane Muneshwara Ward,ಕಾನೆ ಮುನೇಶ್ವರ ವಾರ್ಡ್,South,ದಕ್ಷಿಣ,4,Jayanagar,RO- Padmanabhanagara,ARO- Banashankari,171 - Padmanabanagar,171,,UNVERIFIED,Source TOT_P field sums to ~6x the known Greater Bengaluru population; field definition unconfirmed. Not published.,220220,114000,106220,12400,2030,Jayanagar,Polygon,77.561728,12.902071,194
9,9 - Hoysala Nagara Central,ಹೊಯ್ಸಳ ನಗರ ಕೇಂದ್ರ,Central,ಕೇಂದ್ರ,1,C.V. Raman Nagar,RO- Indiranagar,ARO- Indiranagar,161 - C.V. Raman Nagar,161,,UNVERIFIED,Source TOT_P field sums to ~6x the known Greater Bengaluru population; field definition unconfirmed. Not published.,277980,137200,140780,112110,3840,Jayanagar,Polygon,77.632082,12.979696,204
52,52 - Talagattapura,ತಲಘಟ್ಟಪುರ,South,ದಕ್ಷಿಣ,4,Jayanagar,RO- Anjanapura,ARO- Anjanapura,153 - Yeshwanthapura,153,,UNVERIFIED,Source TOT_P field sums to ~6x the known Greater Bengaluru population; field definition unconfirmed. Not published.,237970,118870,106200,31350,4010,Jayanagar,Polygon,77.534654,12.868173,1066
50,50 - Sarvabhouma Nagar,ಸಾರ್ವಭೌಮ ನಗರ,South,ದಕ್ಷಿಣ,4,Jayanagar,RO- Anjanapura,ARO- Uttarahalli,176 - Bangalore South,176,,UNVERIFIED,Source TOT_P field sums to ~6x the known Greater Bengaluru population; field definition unconfirmed. Not published.,252560,130490,122070,12540,5720,Jayanagar,Polygon,77.548354,12.912541,286
25,25 - Govindapura,ಗೋವಿಂದಪುರ,North,ಉತ್ತರ,2,Byatarayanapura,RO- HBR Layout,ARO- K.G Halli,160 - Sarvagnanagar,160,,UNVERIFIED,Source TOT_P field sums to ~6x the known Greater Bengaluru population; field definition unconfirmed. Not published.,214320,109350,104970,14520,1240,Bommanahalli,Polygon,77.616,13.031176,167
53,53 - Rayapuram,ರಾಯಪುರಂ,Central,ಕೇಂದ್ರ,1,Gandhinagara,RO - Chamrajapet,ARO- Padarayanapura,168 - Chamrajapet,168,,UNVERIFIED,Source TOT_P field sums to ~6x the known Greater Bengaluru population; field definition unconfirmed. Not published.,234380,118370,116010,126020,2870,Bommanahalli,Polygon,77.555183,12.966885,302
40,40 - Anjanapura,ಅಂಜನಾಪುರ,South,ದಕ್ಷಿಣ,4,Jayanagar,RO- Anjanapura,ARO- Anjanapura,176 - Bangalore South,176,,UNVERIFIED,Source TOT_P field sums to ~6x the known Greater Bengaluru population; field definition unconfirmed. Not published.,238650,125340,113310,28580,3520,Jayanagar,Polygon,77.552327,12.865705,1007
59,59 - Vijaya Bank Layout,ವಿಜಯ ಬ್ಯಾಂಕ್ ಲೇಔಟ್,South,ದಕ್ಷಿಣ,4,Bommanahalli,RO- Arakere,ARO- Bilekanahalli,175 - Bommanahalli,175,,UNVERIFIED,Source TOT_P field sums to ~6x the known Greater Bengaluru population; field definition unconfirmed. Not published.,277870,147610,130250,24260,3190,Bommanahalli,Polygon,77.61071,12.880187,515
41,41 - Periyar Nagar,ಪೆರಿಯಾರ್ ನಗರ,North,ಉತ್ತರ,2,Byatarayanapura,RO- Pulikeshinagar,ARO - Kushal Nagar,159 - Pulakeshinagar,159,,UNVERIFIED,Source TOT_P field sums to ~6x the known Greater Bengaluru population; field definition unconfirmed. Not published.,199630,99990,96640,35410,790,Jayanagar,Polygon,77.612397,13.013586,77
52,52 - Padarayanapura,ಪಾದರಾಯನಪುರ,Central,ಕೇಂದ್ರ,1,Gandhinagara,RO - Chamrajapet,ARO- Padarayanapura,168 - Chamrajapet,168,,UNVERIFIED,Source TOT_P field sums to ~6x the known Greater Bengaluru population; field definition unconfirmed. Not published.,258330,133120,125210,3640,1280,Jayanagar,Polygon,77.551088,12.96548,238
46,46 - Yelachenahalli,ಯೆಲಚೇನಹಳ್ಳಿ,South,ದಕ್ಷಿಣ,4,Jayanagar,RO- Anjanapura,ARO- Yelachenahalli,176 - Bangalore South,176,,UNVERIFIED,Source TOT_P field sums to ~6x the known Greater Bengaluru population; field definition unconfirmed. Not published.,239530,124870,114660,10400,2360,Jayanagar,Polygon,77.569338,12.900185,200
59,59 - Geddalahalli,ಗೆದ್ದಲಹಳ್ಳಿ,North,ಉತ್ತರ,2,Yelahanka,RO- Hebbal,ARO- Nagashettyhalli,158 - Hebbal,158,,UNVERIFIED,Source TOT_P field sums to ~6x the known Greater Bengaluru population; field definition unconfirmed. Not published.,233310,120210,113090,28330,5330,Bommanahalli,Polygon,77.572928,13.033817,396
51,51 - Subramanyapura,ಸುಬ್ರಹ್ಮಣ್ಯಪುರ,South,ದಕ್ಷಿಣ,4,Jayanagar,RO- Anjanapura,ARO- Uttarahalli,176 - Bangalore South,176,,UNVERIFIED,Source TOT_P field sums to ~6x the known Greater Bengaluru population; field definition unconfirmed. Not published.,273040,141340,131700,27150,4330,Jayanagar,Polygon,77.532697,12.900999,689
35,35 - Goraguntepalya,ಗೋರಗುಂಟೆಪಾಳ್ಯ,West,ಪಶ್ಚಿಮ,5,Rajarajeshwarinagar,RO- Peenya,ARO- Peenya,154 - Rajarajeshwarinagar,154,,UNVERIFIED,Source TOT_P field sums to ~6x the known Greater Bengaluru population; field definition unconfirmed. Not published.,214620,113540,101080,48740,8230,Jayanagar,Polygon,77.540791,13.022097,563
28,28 - Kottegepalya,ಕೊಟ್ಟಿಗೆಪಾಳ್ಯ,West,ಪಶ್ಚಿಮ,5,Rajarajeshwarinagar,RO- Peenya,ARO- Kotigepalya,154 - Rajarajeshwarinagar,154,,UNVERIFIED,Source TOT_P field sums to ~6x the known Greater Bengaluru population; field definition unconfirmed. Not published.,228720,121650,107070,29060,6120,Bommanahalli,Polygon,77.51925,12.984485,838
62,62 - Brundavana Nagara,ಬೃಂದಾವನ ನಗರ,North,ಉತ್ತರ,2,Yelahanka,RO- Jalahalli,ARO- Yeshwanthpura,154 - Rajarajeshwarinagar,154,,UNVERIFIED,Source TOT_P field sums to ~6x the known Greater Bengaluru population; field definition unconfirmed. Not published.,287490,149530,137960,16620,4340,Bommanahalli,Polygon,77.555369,13.032477,234
5,5 - Yelahanka Satellite Town,ಯಲಹಂಕ ಸ್ಯಾಟಲೈಟ್‌ ಟೌನ್‌,North,ಉತ್ತರ,2,Yelahanka,RO- Yelahanka,ARO- Yelahanka Satellite Town,150 - Yelahanka,150,,UNVERIFIED,Source TOT_P field sums to ~6x the known Greater Bengaluru population; field definition unconfirmed. Not published.,298890,153510,145280,30500,8000,Jayanagar,Polygon,77.579865,13.098753,175
22,22 - Bangarappa Nagara,ಬಂಗಾರಪ್ಪ ನಗರ,West,ಪಶ್ಚಿಮ,5,Rajarajeshwarinagar,RO- Rajarajeswari Nagara,ARO- Rajarajeswari Nagara,154 - Rajarajeshwarinagar,154,,UNVERIFIED,Source TOT_P field sums to ~6x the known Greater Bengaluru population; field definition unconfirmed. Not published.,284140,148460,136690,21400,8360,Bommanahalli,Polygon,77.524354,12.911377,1068
49,49 - Uttarahalli,ಉತ್ತರಹಳ್ಳಿ,South,ದಕ್ಷಿಣ,4,Jayanagar,RO- Anjanapura,ARO- Uttarahalli,176 - Bangalore South,176,,UNVERIFIED,Source TOT_P field sums to ~6x the known Greater Bengaluru population; field definition unconfirmed. Not published.,253020,132080,120940,34740,6010,Jayanagar,Polygon,77.548672,12.899517,309
64,64 - Yeshwanthpura,ಯಶವಂತಪುರ,North,ಉತ್ತರ,2,Yelahanka,RO- Jalahalli,ARO- Yeshwanthpura,154 - Rajarajeshwarinagar,154,,UNVERIFIED,Source TOT_P field sums to ~6x the known Greater Bengaluru population; field definition unconfirmed. Not published.,202360,103110,99250,17050,3070,Bommanahalli,Polygon,77.555041,13.023436,142
37,37 - Yelenahalli,ಯೆಲೇನಹಳ್ಳಿ,South,ದಕ್ಷಿಣ,4,Jayanagar,RO- Beguru,ARO- Beguru,176 - Bangalore South,176,,UNVERIFIED,Source TOT_P field sums to ~6x the known Greater Bengaluru population; field definition unconfirmed. Not published.,186090,99230,86360,16360,1560,Jayanagar,Polygon,77.604183,12.866159,454
17,17 - Kaggadasapura,ಕಗ್ಗದಾಸಪುರ,Central,ಕೇಂದ್ರ,1,C.V. Raman Nagar,RO- Jeevan Bhimanagar,ARO- Kaggadasapura,161 - C.V. Raman Nagar,161,,UNVERIFIED,Source TOT_P field sums to ~6x the known Greater Bengaluru population; field definition unconfirmed. Not published.,207940,106750,101190,9830,3240,Bommanahalli,Polygon,77.673608,12.982082,196
38,38 - Doddakammanahalli,ದೊಡ್ಡಕಮ್ಮನಹಳ್ಳಿ,South,ದಕ್ಷಿಣ,4,Jayanagar,RO- Beguru,ARO- Gottigere,176 - Bangalore South,176,,UNVERIFIED,Source TOT_P field sums to ~6x the known Greater Bengaluru population; field definition unconfirmed. Not published.,198910,104610,94790,23390,5150,Jayanagar,Polygon,77.594314,12.850895,238
28,28 - Byrathi,ಬೈರತಿ,East,ಪೂರ್ವ,3,Mahadevapura,RO- Hoodi,ARO- Hoodi,174 - Mahadevapura,174,,UNVERIFIED,Source TOT_P field sums to ~6x the known Greater Bengaluru population; field definition unconfirmed. Not published.,139690,72270,67420,26380,3580,Bommanahalli,MultiPolygon,77.665125,13.052659,988
41,41 - Kothanur,ಕೊತ್ತನೂರು,South,ದಕ್ಷಿಣ,4,Jayanagar,RO- Beguru,ARO- Bheereshwara Nagara,176 - Bangalore South,176,,UNVERIFIED,Source TOT_P field sums to ~6x the known Greater Bengaluru population; field definition unconfirmed. Not published.,231610,117930,113680,31650,4890,Jayanagar,Polygon,77.578902,12.870681,269
19,19 - K.S. Nissar Ahmed Ward,ಕೆ. ಎಸ್. ನಿಸಾರ್ ಅಹಮದ್ ವಾರ್ಡ್,East,ಪೂರ್ವ,3,K.R. Pura,RO- Ramamurthy Nagara,ARO- Vijinapura,151 - K.R. Pura,151,,UNVERIFIED,Source TOT_P field sums to ~6x the known Greater Bengaluru population; field definition unconfirmed. Not published.,154460,80810,73650,15430,2850,Bommanahalli,Polygon,77.66877,12.997041,190
57,57 - Bhoopasandra,ಭೂಪಸಂದ್ರ,North,ಉತ್ತರ,2,Yelahanka,RO- Hebbal,ARO- Hebbal,158 - Hebbal,158,,UNVERIFIED,Source TOT_P field sums to ~6x the known Greater Bengaluru population; field definition unconfirmed. Not published.,251930,130390,121540,16100,3850,Bommanahalli,Polygon,77.581536,13.03405,449
15,15 - Shakambarinagara,ಶಾಕಂಭರಿನಗರ,South,ದಕ್ಷಿಣ,4,Jayanagar,RO- JP Nagar,ARO- Sarakki,173 - Jayanagar,173,,UNVERIFIED,Source TOT_P field sums to ~6x the known Greater Bengaluru population; field definition unconfirmed. Not published.,258450,132440,126000,10600,2110,Jayanagar,Polygon,77.582731,12.909723,252
56,56 - Hebbal,ಹೆಬ್ಬಾಳ,North,ಉತ್ತರ,2,Yelahanka,RO- Hebbal,ARO- Hebbal,158 - Hebbal,158,,UNVERIFIED,Source TOT_P field sums to ~6x the known Greater Bengaluru population; field definition unconfirmed. Not published.,274220,140440,133780,52780,8000,Bommanahalli,Polygon,77.592155,13.035784,192
52,52 - Vishwanatha Nagenahalli,ವಿಶ್ವನಾಥ ನಾಗೇನಹಳ್ಳಿ,North,ಉತ್ತರ,2,Yelahanka,RO- R.T Nagar,ARO- Vishwanatha Nagenahalli,158 - Hebbal,158,,UNVERIFIED,Source TOT_P field sums to ~6x the known Greater Bengaluru population; field definition unconfirmed. Not published.,288590,152560,136030,22240,4310,Jayanagar,Polygon,77.604212,13.037061,249
4,4 - Sampangirama Nagar,ಸಂಪಂಗಿರಾಮ ನಗರ,Central,ಕೇಂದ್ರ,1,Gandhinagara,RO- Shivajinagar,ARO- Vasanthanagar,162 - Shivajinagar,162,,UNVERIFIED,Source TOT_P field sums to ~6x the known Greater Bengaluru population; field definition unconfirmed. Not published.,278740,138720,140020,18100,2240,Jayanagar,Polygon,77.584013,12.978675,508
10,10 - Basavanapura,ಬಸವನಪುರ,East,ಪೂರ್ವ,3,K.R. Pura,RO- KR Pura,ARO- Basavanapura,151 - K.R. Pura,151,,UNVERIFIED,Source TOT_P field sums to ~6x the known Greater Bengaluru population; field definition unconfirmed. Not published.,162240,83920,78330,30280,3940,Jayanagar,Polygon,77.719202,13.015285,179
35,35 - Vishwapriya Nagara,ವಿಶ್ವಪ್ರಿಯ ನಗರ,South,ದಕ್ಷಿಣ,4,Jayanagar,RO- Beguru,ARO- Naganathpura,176 - Bangalore South,176,,UNVERIFIED,Source TOT_P field sums to ~6x the known Greater Bengaluru population; field definition unconfirmed. Not published.,192810,101220,92690,17680,3090,Jayanagar,Polygon,77.633932,12.881856,252
8,8 - Halasuru,ಹಲಸೂರು,Central,ಕೇಂದ್ರ,1,Gandhinagara,RO- Shivajinagar,ARO- Halasuru,162 - Shivajinagar,162,,UNVERIFIED,Source TOT_P field sums to ~6x the known Greater Bengaluru population; field definition unconfirmed. Not published.,240190,123720,116470,78380,1900,Jayanagar,Polygon,77.624833,12.977081,122
33,33 - Naganathapura,ನಾಗನಾಥಪುರ,South,ದಕ್ಷಿಣ,4,Jayanagar,RO- Beguru,ARO- Naganathpura,176 - Bangalore South,176,,UNVERIFIED,Source TOT_P field sums to ~6x the known Greater Bengaluru population; field definition unconfirmed. Not published.,185990,100630,84970,25280,5640,Jayanagar,Polygon,77.664969,12.880051,316
49,49 - Aramane Nagara,ಅರಮನೆ ನಗರ,West,ಪಶ್ಚಿಮ,5,Malleshwaram,RO- Malleshwaram,ARO- Mathikere,157 - Malleshwaram,157,,UNVERIFIED,Source TOT_P field sums to ~6x the known Greater Bengaluru population; field definition unconfirmed. Not published.,261450,137380,124070,24370,4360,Jayanagar,Polygon,77.563554,13.029479,105
12,12 - Kasturi Nagar,ಕಸ್ತೂರಿ ನಗರ,Central,ಕೇಂದ್ರ,1,C.V. Raman Nagar,RO- Indiranagar,ARO- Kasturi Nagar,161 - C.V. Raman Nagar,161,,UNVERIFIED,Source TOT_P field sums to ~6x the known Greater Bengaluru population; field definition unconfirmed. Not published.,193310,100780,93130,21750,2730,Jayanagar,Polygon,77.649002,13.003596,320
79,79 - Nagarbhavi,ನಾಗರಭಾವಿ,West,ಪಶ್ಚಿಮ,5,Malleshwaram,RO- Chandra Layout,ARO- Chandra Layout,166 - Govindraj Nagar,166,,UNVERIFIED,Source TOT_P field sums to ~6x the known Greater Bengaluru population; field definition unconfirmed. Not published.,281940,144910,137030,20750,3960,Malleswaram,Polygon,77.515561,12.952653,1291
41,41 - Munnenkolalu,ಮುನ್ನೇನಕೊಳಲು,East,ಪೂರ್ವ,3,Mahadevapura,RO- Marathahalli,ARO- Munnekolalu,174 - Mahadevapura,174,,UNVERIFIED,Source TOT_P field sums to ~6x the known Greater Bengaluru population; field definition unconfirmed. Not published.,209770,118910,90860,17750,4440,Jayanagar,Polygon,77.710108,12.948213,104
34,34 - Chikkathoguru,ಚಿಕ್ಕ ತೋಗೂರು,South,ದಕ್ಷಿಣ,4,Jayanagar,RO- Beguru,ARO- Naganathpura,176 - Bangalore South,176,,UNVERIFIED,Source TOT_P field sums to ~6x the known Greater Bengaluru population; field definition unconfirmed. Not published.,188680,102570,86510,19390,4070,Jayanagar,Polygon,77.649054,12.865255,419
6,6 - Doddabettahalli,ದೊಡ್ಡಬೆಟ್ಟಹಳ್ಳಿ,North,ಉತ್ತರ,2,Yelahanka,RO- Yelahanka,ARO- Attur,150 - Yelahanka,150,,UNVERIFIED,Source TOT_P field sums to ~6x the known Greater Bengaluru population; field definition unconfirmed. Not published.,295530,156850,138680,31830,10100,Jayanagar,Polygon,77.560014,13.101156,375
55,55 - Ganganagar,ಗಂಗಾನಗರ,North,ಉತ್ತರ,2,Yelahanka,RO- R.T Nagar,ARO- Ganganagar,158 - Hebbal,158,,UNVERIFIED,Source TOT_P field sums to ~6x the known Greater Bengaluru population; field definition unconfirmed. Not published.,251860,129390,122470,20880,3060,Bommanahalli,Polygon,77.591379,13.026125,350
17,17 - Vijinapura,ವಿಜಿನಾಪುರ,East,ಪೂರ್ವ,3,K.R. Pura,RO- Ramamurthy Nagara,ARO- Vijinapura,151 - K.R. Pura,151,,UNVERIFIED,Source TOT_P field sums to ~6x the known Greater Bengaluru population; field definition unconfirmed. Not published.,151330,77570,73760,51580,2040,Bommanahalli,Polygon,77.674044,13.004192,112
49,49 - Kasturbha Nagar,ಕಸ್ತೂರ ಬಾ ವಾರ್ಡ್‌,Central,ಕೇಂದ್ರ,1,Gandhinagara,RO - Chamrajapet,ARO- Azad Nagar,168 - Chamrajapet,168,,UNVERIFIED,Source TOT_P field sums to ~6x the known Greater Bengaluru population; field definition unconfirmed. Not published.,244880,125160,119710,14250,6720,Jayanagar,Polygon,77.551331,12.953664,268
1,1 - Raja Kempegowda ward,ರಾಜ ಕೆಂಪೇಗೌಡ ವಾರ್ಡ್,North,ಉತ್ತರ,2,Yelahanka,RO- Yelahanka,ARO- Yelahanka Old Town,150 - Yelahanka,150,,UNVERIFIED,Source TOT_P field sums to ~6x the known Greater Bengaluru population; field definition unconfirmed. Not published.,215610,112170,103440,21430,6810,Jayanagar,Polygon,77.595048,13.096609,136
11,11 - Jayanagar East,ಜಯನಗರ ಪೂರ್ವ,South,ದಕ್ಷಿಣ,4,Jayanagar,RO- Jayanagar,ARO- Jayanagar,173 - Jayanagar,173,,UNVERIFIED,Source TOT_P field sums to ~6x the known Greater Bengaluru population; field definition unconfirmed. Not published.,226970,118060,108910,28740,3250,Jayanagar,Polygon,77.602676,12.920864,211
33,33 - Dharmaraya Swamy Temple Ward,ಧರ್ಮರಾಯ ಸ್ವಾಮಿ ದೇವಸ್ಥಾನ ವಾರ್ಡ್,Central,ಕೇಂದ್ರ,1,Gandhinagara,RO - Chickpet,ARO- Dharmaraya Swamy Temple,169 - Chickpet,169,,UNVERIFIED,Source TOT_P field sums to ~6x the known Greater Bengaluru population; field definition unconfirmed. Not published.,189050,98680,90920,6770,1310,Jayanagar,Polygon,77.583936,12.966311,164
38,38 - Kanakanapalya,ಕನಕನಪಾಳ್ಯ,Central,ಕೇಂದ್ರ,1,Gandhinagara,RO - Chickpet,ARO- Ashoka Pillar,169 - Chickpet,169,,UNVERIFIED,Source TOT_P field sums to ~6x the known Greater Bengaluru population; field definition unconfirmed. Not published.,200540,100420,100530,21360,2850,Jayanagar,Polygon,77.587342,12.940981,319
62,62 - Swatantra Palya Ward,ಸ್ವತಂತ್ರ ಪಾಳ್ಯ ವಾರ್ಡ್,Central,ಕೇಂದ್ರ,1,Gandhinagara,RO - Gandhinagara,ARO- Okalipuram,164 - Gandhinagara,164,,UNVERIFIED,Source TOT_P field sums to ~6x the known Greater Bengaluru population; field definition unconfirmed. Not published.,281370,142550,138830,127230,3670,Bommanahalli,Polygon,77.568,12.987874,130
54,54 - Gangenahalli,ಗಂಗೇನಹಳ್ಳಿ,North,ಉತ್ತರ,2,Yelahanka,RO- R.T Nagar,ARO- Ganganagar,158 - Hebbal,158,,UNVERIFIED,Source TOT_P field sums to ~6x the known Greater Bengaluru population; field definition unconfirmed. Not published.,241200,122990,118210,29260,3280,Bommanahalli,Polygon,77.589435,13.01902,470
14,14 - J.P Nagar,ಜೆ.ಪಿ. ನಗರ,South,ದಕ್ಷಿಣ,4,Jayanagar,RO- JP Nagar,ARO- JP Nagar,173 - Jayanagar,173,,UNVERIFIED,Source TOT_P field sums to ~6x the known Greater Bengaluru population; field definition unconfirmed. Not published.,222640,112500,110150,19950,1730,Jayanagar,Polygon,77.600313,12.911983,309
9,9 - N.A.L Layout,ಎನ್‌.ಎ.ಎಲ್ ಲೇಔಟ್,South,ದಕ್ಷಿಣ,4,Jayanagar,RO- Jayanagar,ARO- NAL Layout,173 - Jayanagar,173,,UNVERIFIED,Source TOT_P field sums to ~6x the known Greater Bengaluru population; field definition unconfirmed. Not published.,205320,104670,100660,9920,7160,Jayanagar,Polygon,77.602442,12.925768,130
27,27 - Sri Lakshmi Devi Ward,ಶ್ರೀ ಲಕ್ಷ್ಮೀದೇವಿ ವಾರ್ಡ್,South,ದಕ್ಷಿಣ,4,Bommanahalli,RO- Kormangala,ARO- Ejipura,172 - B.T.M Layout,172,,UNVERIFIED,Source TOT_P field sums to ~6x the known Greater Bengaluru population; field definition unconfirmed. Not published.,198440,104630,93810,20010,3150,Bommanahalli,Polygon,77.626721,12.940572,221
4,4 - Nyayanga Badavane,ನ್ಯಾಯಾಂಗ ಬಡಾವಣೆ,North,ಉತ್ತರ,2,Yelahanka,RO- Yelahanka,ARO- Yelahanka Satellite Town,150 - Yelahanka,150,,UNVERIFIED,Source TOT_P field sums to ~6x the known Greater Bengaluru population; field definition unconfirmed. Not published.,200060,105610,94460,40440,5410,Jayanagar,Polygon,77.587435,13.089007,149
65,65 - Abbigere,ಅಬ್ಬಿಗೆರೆ,North,ಉತ್ತರ,2,Yelahanka,RO- Dasarahalli,ARO- Shetty Halli,155 - Dasarahalli,155,,UNVERIFIED,Source TOT_P field sums to ~6x the known Greater Bengaluru population; field definition unconfirmed. Not published.,212410,90980,82470,21830,5770,Bommanahalli,Polygon,77.521289,13.079975,377
18,18 - Viswamanava Kuvempu Ward,ವಿಶ್ವಮಾನವ ಕುವೆಂಪು ವಾರ್ಡ್,South,ದಕ್ಷಿಣ,4,Bommanahalli,RO- B.T.M Layout,ARO- New Tavarekere,172 - B.T.M Layout,172,,UNVERIFIED,Source TOT_P field sums to ~6x the known Greater Bengaluru population; field definition unconfirmed. Not published.,255000,130230,124770,14080,1770,Bommanahalli,Polygon,77.610541,12.913396,221
42,42 - Priyadarshini Ward,ಪ್ರಿಯದರ್ಶಿನಿ ವಾರ್ಡ್,East,ಪೂರ್ವ,3,Mahadevapura,RO- Marathahalli,ARO- Munnekolalu,174 - Mahadevapura,174,,UNVERIFIED,Source TOT_P field sums to ~6x the known Greater Bengaluru population; field definition unconfirmed. Not published.,168470,85950,82530,6190,2760,Jayanagar,Polygon,77.711913,12.962808,202
67,67 - Shettihalli,ಶೆಟ್ಟಿಹಳ್ಳಿ,North,ಉತ್ತರ,2,Yelahanka,RO- Dasarahalli,ARO- Shetty Halli,155 - Dasarahalli,155,,UNVERIFIED,Source TOT_P field sums to ~6x the known Greater Bengaluru population; field definition unconfirmed. Not published.,233130,121570,111560,46500,5460,Bommanahalli,Polygon,77.522691,13.05897,348
21,21 - Chikka Adugodi,ಚಿಕ್ಕ ಆಡುಗೋಡಿ,South,ದಕ್ಷಿಣ,4,Bommanahalli,RO- B.T.M Layout,ARO- Madiwala,172 - B.T.M Layout,172,,UNVERIFIED,Source TOT_P field sums to ~6x the known Greater Bengaluru population; field definition unconfirmed. Not published.,214680,118960,95720,26140,2270,Bommanahalli,Polygon,77.6118,12.926972,114
7,7 - Attur,ಅಟ್ಟುರು,North,ಉತ್ತರ,2,Yelahanka,RO- Yelahanka,ARO- Attur,150 - Yelahanka,150,,UNVERIFIED,Source TOT_P field sums to ~6x the known Greater Bengaluru population; field definition unconfirmed. Not published.,269220,139820,129400,28970,6630,Jayanagar,Polygon,77.55937,13.09341,258
19,19 - New Tavarekere,ಹೊಸ ತಾವರೆಕೆರೆ,South,ದಕ್ಷಿಣ,4,Bommanahalli,RO- B.T.M Layout,ARO- New Tavarekere,172 - B.T.M Layout,172,,UNVERIFIED,Source TOT_P field sums to ~6x the known Greater Bengaluru population; field definition unconfirmed. Not published.,192510,107230,85280,13570,5380,Bommanahalli,Polygon,77.610504,12.921179,147
70,70 - Iblur,ಇಬ್ಬಲೂರು,South,ದಕ್ಷಿಣ,4,Bommanahalli,RO- HSR Layout,ARO- Iblur,175 - Bommanahalli,175,,UNVERIFIED,Source TOT_P field sums to ~6x the known Greater Bengaluru population; field definition unconfirmed. Not published.,271460,141100,130350,31770,4370,Bommanahalli,Polygon,77.658232,12.918392,384
61,61 - HMT Ward,ಎಚ್ಎಮ್.ಟಿ ವಾರ್ಡ್,North,ಉತ್ತರ,2,Yelahanka,RO- Jalahalli,ARO- Jalahalli,154 - Rajarajeshwarinagar,154,,UNVERIFIED,Source TOT_P field sums to ~6x the known Greater Bengaluru population; field definition unconfirmed. Not published.,295380,152140,143250,37730,9950,Bommanahalli,Polygon,77.548038,13.045395,400
51,51 - Manorayanapalya,ಮನೋರಾಯನಪಾಳ್ಯ,North,ಉತ್ತರ,2,Yelahanka,RO- R.T Nagar,ARO- Vishwanatha Nagenahalli,158 - Hebbal,158,,UNVERIFIED,Source TOT_P field sums to ~6x the known Greater Bengaluru population; field definition unconfirmed. Not published.,236840,121570,115280,19930,2430,Jayanagar,Polygon,77.604299,13.030364,248
65,65 - Garvebavi Palya,ಗಾರ್ವೆಬಾವಿ ಪಾಳ್ಯ,South,ದಕ್ಷಿಣ,4,Bommanahalli,RO- Bommanahalli,ARO- Singasandra,175 - Bommanahalli,175,,UNVERIFIED,Source TOT_P field sums to ~6x the known Greater Bengaluru population; field definition unconfirmed. Not published.,229670,128810,100860,13690,4240,Bommanahalli,Polygon,77.633216,12.893358,207
32,32 - Kudlu,ಕೂಡ್ಲು,South,ದಕ್ಷಿಣ,4,Bommanahalli,RO- HSR Layout,ARO- Kudlu,177 - Anekal,177,,UNVERIFIED,Source TOT_P field sums to ~6x the known Greater Bengaluru population; field definition unconfirmed. Not published.,166610,90050,76560,28870,4250,Bommanahalli,Polygon,77.657334,12.886625,467
25,25 - National Games Village,ನ್ಯಾಷನಲ್ ಗೇಮ್ಸ್ ವಿಲೇಜ್,South,ದಕ್ಷಿಣ,4,Bommanahalli,RO- Kormangala,ARO- Ejipura,172 - B.T.M Layout,172,,UNVERIFIED,Source TOT_P field sums to ~6x the known Greater Bengaluru population; field definition unconfirmed. Not published.,194070,99490,94590,62810,6300,Bommanahalli,Polygon,77.620466,12.94659,247
16,16 - Amruthahalli,ಅಮೃತಹಳ್ಳಿ,North,ಉತ್ತರ,2,Byatarayanapura,RO- Thanisandra,ARO- Jakkur,152 - Byatarayanapura,152,,UNVERIFIED,Source TOT_P field sums to ~6x the known Greater Bengaluru population; field definition unconfirmed. Not published.,217320,115200,102130,22960,9670,Jayanagar,Polygon,77.603219,13.065251,194
22,22 - S.G Palya,ಎಸ್.ಜಿ. ಪಾಳ್ಯ,South,ದಕ್ಷಿಣ,4,Bommanahalli,RO- B.T.M Layout,ARO- Madiwala,172 - B.T.M Layout,172,,UNVERIFIED,Source TOT_P field sums to ~6x the known Greater Bengaluru population; field definition unconfirmed. Not published.,214400,114390,100010,26240,2720,Bommanahalli,Polygon,77.604772,12.930687,298
32,32 - Banaswadi,ಬಾಣಸವಾಡಿ,North,ಉತ್ತರ,2,Byatarayanapura,RO- Maruthi Sevanagar,ARO- Banaswadi,160 - Sarvagnanagar,160,,UNVERIFIED,Source TOT_P field sums to ~6x the known Greater Bengaluru population; field definition unconfirmed. Not published.,250770,127180,123600,28700,5250,Bommanahalli,Polygon,77.653344,13.01327,162
36,36 - Someshwara Nagara,ಸೋಮೇಶ್ವರ ನಗರ,Central,ಕೇಂದ್ರ,1,Gandhinagara,RO - Chickpet,ARO- Hombegowda Nagar,169 - Chickpet,169,,UNVERIFIED,Source TOT_P field sums to ~6x the known Greater Bengaluru population; field definition unconfirmed. Not published.,188630,95800,92430,15210,3350,Jayanagar,Polygon,77.599572,12.943863,236
12,12 - Pattabhirama Nagara,ಪಟ್ಟಾಭಿರಾಮ ನಗರ,South,ದಕ್ಷಿಣ,4,Jayanagar,RO- Jayanagar,ARO- Jayanagar,173 - Jayanagar,173,,UNVERIFIED,Source TOT_P field sums to ~6x the known Greater Bengaluru population; field definition unconfirmed. Not published.,225470,112360,113110,6340,1070,Jayanagar,Polygon,77.586503,12.918777,221
49,49 - Jaya Chamarajendra Nagara,ಜಯ ಚಾಮರಾಜೇಂದ್ರ ನಗರ,North,ಉತ್ತರ,2,Yelahanka,RO- R.T Nagar,ARO- R.T Nagar,158 - Hebbal,158,,UNVERIFIED,Source TOT_P field sums to ~6x the known Greater Bengaluru population; field definition unconfirmed. Not published.,259530,131410,128110,22850,2470,Jayanagar,Polygon,77.595255,13.014311,303
71,71 - Agara,ಅಗರ,South,ದಕ್ಷಿಣ,4,Bommanahalli,RO- HSR Layout,ARO- HSR Layout,175 - Bommanahalli,175,,UNVERIFIED,Source TOT_P field sums to ~6x the known Greater Bengaluru population; field definition unconfirmed. Not published.,188360,97420,90950,12640,2880,Bommanahalli,Polygon,77.646221,12.907325,119
23,23 - Lakkasandra,ಲಕ್ಕಸಂದ್ರ,South,ದಕ್ಷಿಣ,4,Bommanahalli,RO- Kormangala,ARO- Lakkasandra,172 - B.T.M Layout,172,,UNVERIFIED,Source TOT_P field sums to ~6x the known Greater Bengaluru population; field definition unconfirmed. Not published.,209320,106880,102430,31440,3440,Bommanahalli,Polygon,77.602711,12.940563,274
27,27 - Ambedkarnagar,ಅಂಬೇಡ್ಕರ್‌ನಗರ,Central,ಕೇಂದ್ರ,1,C.V. Raman Nagar,RO - Shanthinagar,ARO- Neelasandra,163 - Shanthinagar,163,,UNVERIFIED,Source TOT_P field sums to ~6x the known Greater Bengaluru population; field definition unconfirmed. Not published.,278160,142270,135890,110690,4810,Bommanahalli,Polygon,77.618352,12.949799,564
13,13 - Kodigehalli,ಕೊಡಿಗೆಹಳ್ಳಿ,North,ಉತ್ತರ,2,Byatarayanapura,RO- Bytarayanapura,ARO- Kodigehalli,152 - Byatarayanapura,152,,UNVERIFIED,Source TOT_P field sums to ~6x the known Greater Bengaluru population; field definition unconfirmed. Not published.,282440,149460,132980,34140,6490,Jayanagar,Polygon,77.572207,13.051409,111
33,33 - Lakshmi Devi Nagar,ಲಕ್ಷ್ಮಿ ದೇವಿ ನಗರ,West,ಪಶ್ಚಿಮ,5,Rajarajeshwarinagar,RO- Peenya,ARO- Peenya,154 - Rajarajeshwarinagar,154,,UNVERIFIED,Source TOT_P field sums to ~6x the known Greater Bengaluru population; field definition unconfirmed. Not published.,245990,128200,117790,50060,5830,Jayanagar,Polygon,77.528907,13.015527,236
37,37 - Jeevanahalli,ಜೀವನಹಳ್ಳಿ,North,ಉತ್ತರ,2,Byatarayanapura,RO- Maruthi Sevanagar,ARO- Maruthi Sevanagar,160 - Sarvagnanagar,160,,UNVERIFIED,Source TOT_P field sums to ~6x the known Greater Bengaluru population; field definition unconfirmed. Not published.,281420,141600,139820,91440,2860,Jayanagar,Polygon,77.633942,12.997862,189
31,31 - Kasavanahalli,ಕಸವನಹಳ್ಳಿ,South,ದಕ್ಷಿಣ,4,Bommanahalli,RO- HSR Layout,ARO- Kudlu,174 - Mahadevapura,174,,UNVERIFIED,Source TOT_P field sums to ~6x the known Greater Bengaluru population; field definition unconfirmed. Not published.,212880,111660,101220,18190,3570,Bommanahalli,Polygon,77.668973,12.902276,359
39,39 - Kaval Byrasandra,ಕಾವಲ್ ಬೈರಸಂದ್ರ,North,ಉತ್ತರ,2,Byatarayanapura,RO- Kavalbyrasandra,ARO- Kavalbyrasandra,159 - Pulakeshinagar,159,,UNVERIFIED,Source TOT_P field sums to ~6x the known Greater Bengaluru population; field definition unconfirmed. Not published.,219650,111830,107810,25290,3620,Jayanagar,Polygon,77.609378,13.021081,92
17,17 - N.S Palya,ಎನ್.ಎಸ್. ಪಾಳ್ಯ,South,ದಕ್ಷಿಣ,4,Bommanahalli,RO- B.T.M Layout,ARO- New Tavarekere,172 - B.T.M Layout,172,,UNVERIFIED,Source TOT_P field sums to ~6x the known Greater Bengaluru population; field definition unconfirmed. Not published.,267010,148880,118130,24870,4670,Bommanahalli,Polygon,77.606895,12.908124,242
55,55 - Puttenahalli,ಪುಟ್ಟೇನಹಳ್ಳಿ,South,ದಕ್ಷಿಣ,4,Bommanahalli,RO- Arakere,ARO- Jaraganahalli,175 - Bommanahalli,175,,UNVERIFIED,Source TOT_P field sums to ~6x the known Greater Bengaluru population; field definition unconfirmed. Not published.,214840,109810,105040,11480,4800,Bommanahalli,Polygon,77.585311,12.894786,129
56,56 - Doresanipalya,ದೊರೆಸಾನಿಪಾಳ್ಯ,South,ದಕ್ಷಿಣ,4,Bommanahalli,RO- Arakere,ARO- Arakere,175 - Bommanahalli,175,,UNVERIFIED,Source TOT_P field sums to ~6x the known Greater Bengaluru population; field definition unconfirmed. Not published.,230590,119690,110900,4450,1070,Bommanahalli,Polygon,77.592425,12.888605,285
42,42 - Aruna Asif Ali Ward,ಅರುಣಾ ಆಸಿಫ್ ಅಲಿ ವಾರ್ಡ್,North,ಉತ್ತರ,2,Byatarayanapura,RO- Kavalbyrasandra,ARO- Varalakshmi Nagar,159 - Pulakeshinagar,159,,UNVERIFIED,Source TOT_P field sums to ~6x the known Greater Bengaluru population; field definition unconfirmed. Not published.,294610,150180,145930,62810,4840,Jayanagar,Polygon,77.609752,13.015308,93
53,53 - R.T Nagar,ಆರ್.ಟಿ ನಗರ,North,ಉತ್ತರ,2,Yelahanka,RO- R.T Nagar,ARO- R.T Nagar,158 - Hebbal,158,,UNVERIFIED,Source TOT_P field sums to ~6x the known Greater Bengaluru population; field definition unconfirmed. Not published.,299050,154420,144730,7870,2740,Bommanahalli,Polygon,77.596452,13.026923,412
47,47 - Pulakeshi Nagar,ಪುಲಕೇಶಿ ನಗರ,North,ಉತ್ತರ,2,Byatarayanapura,RO- Pulikeshinagar,ARO- Pulikeshinagar,159 - Pulakeshinagar,159,,UNVERIFIED,Source TOT_P field sums to ~6x the known Greater Bengaluru population; field definition unconfirmed. Not published.,211480,106280,105200,13280,3250,Jayanagar,Polygon,77.616779,12.995934,200
15,15 - Byatarayanapura,ಬ್ಯಾಟರಾಯನಪುರ,North,ಉತ್ತರ,2,Byatarayanapura,RO- Bytarayanapura,ARO- Bytarayanapura,152 - Byatarayanapura,152,,UNVERIFIED,Source TOT_P field sums to ~6x the known Greater Bengaluru population; field definition unconfirmed. Not published.,288700,147920,140790,17190,9610,Jayanagar,Polygon,77.595225,13.066524,258
28,28 - Kormangala East,ಕೋರಮಂಗಲ ಪೂರ್ವ,South,ದಕ್ಷಿಣ,4,Bommanahalli,RO- Kormangala,ARO- Kormangala,172 - B.T.M Layout,172,,UNVERIFIED,Source TOT_P field sums to ~6x the known Greater Bengaluru population; field definition unconfirmed. Not published.,228850,118970,109890,22520,5580,Bommanahalli,Polygon,77.635158,12.931824,288
46,46 - Sagayapuram,ಸಗಾಯಪುರಂ,North,ಉತ್ತರ,2,Byatarayanapura,RO- Pulikeshinagar,ARO- Sagayapuram,159 - Pulakeshinagar,159,,UNVERIFIED,Source TOT_P field sums to ~6x the known Greater Bengaluru population; field definition unconfirmed. Not published.,285880,141960,144520,85220,2950,Jayanagar,Polygon,77.618292,13.007425,164
24,24 - HBR Layout,ಎಚ್.ಬಿ.ಆರ್. ಲೇಔಟ್,North,ಉತ್ತರ,2,Byatarayanapura,RO- HBR Layout,ARO- HBR Layout,160 - Sarvagnanagar,160,,UNVERIFIED,Source TOT_P field sums to ~6x the known Greater Bengaluru population; field definition unconfirmed. Not published.,203800,103670,100130,25750,3290,Bommanahalli,Polygon,77.635142,13.031814,422
48,48 - S.K Garden,ಎಸ್.ಕೆ. ಗಾರ್ಡನ್,North,ಉತ್ತರ,2,Byatarayanapura,RO- Pulikeshinagar,ARO- Pulikeshinagar,159 - Pulakeshinagar,159,,UNVERIFIED,Source TOT_P field sums to ~6x the known Greater Bengaluru population; field definition unconfirmed. Not published.,201020,99780,101240,32870,2680,Jayanagar,Polygon,77.605316,12.996101,287
14,14 - Rajiv Gandhi Nagar,ರಾಜೀವ್ ಗಾಂಧಿ ನಗರ,North,ಉತ್ತರ,2,Byatarayanapura,RO- Bytarayanapura,ARO- Bytarayanapura,152 - Byatarayanapura,152,,UNVERIFIED,Source TOT_P field sums to ~6x the known Greater Bengaluru population; field definition unconfirmed. Not published.,201480,105790,95690,21010,7510,Jayanagar,Polygon,77.585018,13.050959,154
28,28 - Venkateshpuram,ವೆಂಕಟೇಶಪುರಂ,North,ಉತ್ತರ,2,Byatarayanapura,RO- HBR Layout,ARO- Kacharakanahalli,160 - Sarvagnanagar,160,,UNVERIFIED,Source TOT_P field sums to ~6x the known Greater Bengaluru population; field definition unconfirmed. Not published.,220280,110400,109890,35620,3280,Bommanahalli,Polygon,77.618802,13.012693,228
36,36 - Maruthi Seva Nagara,ಮಾರುತಿ ಸೇವಾ ನಗರ,North,ಉತ್ತರ,2,Byatarayanapura,RO- Maruthi Sevanagar,ARO- Maruthi Sevanagar,160 - Sarvagnanagar,160,,UNVERIFIED,Source TOT_P field sums to ~6x the known Greater Bengaluru population; field definition unconfirmed. Not published.,243470,117430,126040,22720,4350,Jayanagar,Polygon,77.625342,13.00402,197
50,50 - JJR Nagara,ಜೆಜೆಆರ್ ನಗರ,Central,ಕೇಂದ್ರ,1,Gandhinagara,RO - Chamrajapet,ARO- JJR Nagar,168 - Chamrajapet,168,,UNVERIFIED,Source TOT_P field sums to ~6x the known Greater Bengaluru population; field definition unconfirmed. Not published.,278500,142310,136180,37160,3000,Jayanagar,Polygon,77.551951,12.96055,300
64,64 - Hongasandra,ಹೊಂಗಸಂದ್ರ,South,ದಕ್ಷಿಣ,4,Bommanahalli,RO- Bommanahalli,ARO- Bommanahalli,175 - Bommanahalli,175,,UNVERIFIED,Source TOT_P field sums to ~6x the known Greater Bengaluru population; field definition unconfirmed. Not published.,277900,149680,128210,20230,8210,Bommanahalli,Polygon,77.627376,12.897657,112
66,66 - Singasandra,ಸಿಂಗಸಂದ್ರ,South,ದಕ್ಷಿಣ,4,Bommanahalli,RO- Bommanahalli,ARO- Singasandra,175 - Bommanahalli,175,,UNVERIFIED,Source TOT_P field sums to ~6x the known Greater Bengaluru population; field definition unconfirmed. Not published.,190890,102500,88390,26330,2710,Bommanahalli,Polygon,77.649065,12.876113,358
67,67 - Bandepalya,ಬಂಡೇಪಾಳ್ಯ,South,ದಕ್ಷಿಣ,4,Bommanahalli,RO- Bommanahalli,ARO- Mangamanapalya,175 - Bommanahalli,175,,UNVERIFIED,Source TOT_P field sums to ~6x the known Greater Bengaluru population; field definition unconfirmed. Not published.,197440,105470,91970,17250,3210,Bommanahalli,MultiPolygon,77.642982,12.890722,367
38,38 - Shampura,ಶಾಂಪುರ,North,ಉತ್ತರ,2,Byatarayanapura,RO- Kavalbyrasandra,ARO- Kavalbyrasandra,159 - Pulakeshinagar,159,,UNVERIFIED,Source TOT_P field sums to ~6x the known Greater Bengaluru population; field definition unconfirmed. Not published.,218460,110910,107550,27300,3090,Jayanagar,Polygon,77.610488,13.030449,312
22,22 - Nagavara,ನಾಗವಾರ,North,ಉತ್ತರ,2,Byatarayanapura,RO- HBR Layout,ARO- HBR Layout,160 - Sarvagnanagar,160,,UNVERIFIED,Source TOT_P field sums to ~6x the known Greater Bengaluru population; field definition unconfirmed. Not published.,201530,103540,97990,20050,4510,Bommanahalli,Polygon,77.61707,13.037666,149
23,23 - Hennur,ಹೆಣ್ಣೂರು,North,ಉತ್ತರ,2,Byatarayanapura,RO- HBR Layout,ARO- HBR Layout,160 - Sarvagnanagar,160,,UNVERIFIED,Source TOT_P field sums to ~6x the known Greater Bengaluru population; field definition unconfirmed. Not published.,217060,112820,104240,30640,4860,Bommanahalli,Polygon,77.632644,13.040566,372
34,34 - D.V Gundappa Ward,ಡಿ.ವಿ. ಗುಂಡಪ್ಪ ವಾರ್ಡ್,Central,ಕೇಂದ್ರ,1,Gandhinagara,RO - Chickpet,ARO- Dharmaraya Swamy Temple,169 - Chickpet,169,,UNVERIFIED,Source TOT_P field sums to ~6x the known Greater Bengaluru population; field definition unconfirmed. Not published.,202790,104180,99860,54260,1020,Jayanagar,Polygon,77.581385,12.958186,84
26,26 - Ejipura,ಈಜಿಪುರ,South,ದಕ್ಷಿಣ,4,Bommanahalli,RO- Kormangala,ARO- Ejipura,172 - B.T.M Layout,172,,UNVERIFIED,Source TOT_P field sums to ~6x the known Greater Bengaluru population; field definition unconfirmed. Not published.,222390,114760,107640,41550,3590,Bommanahalli,Polygon,77.625107,12.948444,315
44,44 - Doddanna Nagar,ದೊಡ್ಡಣ್ಣ ನಗರ,North,ಉತ್ತರ,2,Byatarayanapura,RO- Pulikeshinagar,ARO- Sagayapuram,159 - Pulakeshinagar,159,,UNVERIFIED,Source TOT_P field sums to ~6x the known Greater Bengaluru population; field definition unconfirmed. Not published.,295660,151060,146090,69380,4290,Jayanagar,Polygon,77.608425,13.009202,108
8,8 - Singapura,ಸಿಂಗಾಪುರ,North,ಉತ್ತರ,2,Byatarayanapura,RO- Bytarayanapura,ARO- Vidyaranyapura,152 - Byatarayanapura,152,,UNVERIFIED,Source TOT_P field sums to ~6x the known Greater Bengaluru population; field definition unconfirmed. Not published.,247940,126240,121700,26800,5850,Jayanagar,Polygon,77.545019,13.082166,286
10,10 - Cox Town,ಕಾಕ್ಸ್ ಟೌನ್,Central,ಕೇಂದ್ರ,1,C.V. Raman Nagar,RO- Indiranagar,ARO- Indiranagar,161 - C.V. Raman Nagar,161,,UNVERIFIED,Source TOT_P field sums to ~6x the known Greater Bengaluru population; field definition unconfirmed. Not published.,210260,105500,104770,63410,1770,Jayanagar,Polygon,77.622055,12.994632,144
72,72 - HSR Layout,ಎಚ್‌ಎಸ್‌ಆರ್ ಲೇಔಟ್,South,ದಕ್ಷಿಣ,4,Bommanahalli,RO- HSR Layout,ARO- HSR Layout,175 - Bommanahalli,175,,UNVERIFIED,Source TOT_P field sums to ~6x the known Greater Bengaluru population; field definition unconfirmed. Not published.,187870,97470,90400,13040,2970,Bommanahalli,Polygon,77.638402,12.916532,297
65,65 - Manjunath Nagara,ಮಂಜುನಾಥ್  ನಗರ,West,ಪಶ್ಚಿಮ,5,Malleshwaram,RO- Basaveshwara Nagara,ARO- Manjunath Nagara,165 - Rajajinagar,165,,UNVERIFIED,Source TOT_P field sums to ~6x the known Greater Bengaluru population; field definition unconfirmed. Not published.,205840,106760,99070,15780,2290,Bommanahalli,Polygon,77.546815,12.996593,135
10,10 - Vidyaranyapura,ವಿದ್ಯಾರಣ್ಯಪುರ,North,ಉತ್ತರ,2,Byatarayanapura,RO- Bytarayanapura,ARO- Vidyaranyapura,152 - Byatarayanapura,152,,UNVERIFIED,Source TOT_P field sums to ~6x the known Greater Bengaluru population; field definition unconfirmed. Not published.,248870,126330,122540,18180,3370,Jayanagar,Polygon,77.560452,13.07403,198
61,61 - Kodi Chikkanahalli,ಕೋಡಿ ಚಿಕ್ಕನಹಳ್ಳಿ,South,ದಕ್ಷಿಣ,4,Bommanahalli,RO- Arakere,ARO- Bilekanahalli,175 - Bommanahalli,175,,UNVERIFIED,Source TOT_P field sums to ~6x the known Greater Bengaluru population; field definition unconfirmed. Not published.,277840,146800,131040,41530,5340,Bommanahalli,Polygon,77.619227,12.904912,256
60,60 - Bilekahalli,ಬಿಳೇಕಹಳ್ಳಿ,South,ದಕ್ಷಿಣ,4,Bommanahalli,RO- Arakere,ARO- Bilekanahalli,175 - Bommanahalli,175,,UNVERIFIED,Source TOT_P field sums to ~6x the known Greater Bengaluru population; field definition unconfirmed. Not published.,252080,132330,119760,21350,1710,Bommanahalli,Polygon,77.608389,12.905197,449
29,29 - Lingarajpura,ಲಿಂಗರಾಜಪುರ,North,ಉತ್ತರ,2,Byatarayanapura,RO- HBR Layout,ARO- Kacharakanahalli,160 - Sarvagnanagar,160,,UNVERIFIED,Source TOT_P field sums to ~6x the known Greater Bengaluru population; field definition unconfirmed. Not published.,264380,132020,132360,30770,7850,Bommanahalli,Polygon,77.624912,13.014392,178
33,33 - HRBR Layout,ಹೆಚ್‌ಆರ್‌ಬಿಆರ್ ಲೇಔಟ್,North,ಉತ್ತರ,2,Byatarayanapura,RO- Maruthi Sevanagar,ARO- Banaswadi,160 - Sarvagnanagar,160,,UNVERIFIED,Source TOT_P field sums to ~6x the known Greater Bengaluru population; field definition unconfirmed. Not published.,246370,124030,122340,26290,1810,Jayanagar,Polygon,77.634848,13.014152,82
30,30 - Kacharakanahalli,ಕಾಚರಕನಹಳ್ಳಿ,North,ಉತ್ತರ,2,Byatarayanapura,RO- HBR Layout,ARO- Kacharakanahalli,160 - Sarvagnanagar,160,,UNVERIFIED,Source TOT_P field sums to ~6x the known Greater Bengaluru population; field definition unconfirmed. Not published.,218730,110410,108310,17940,3480,Bommanahalli,Polygon,77.632631,13.022308,129
30,30 - Vinayakanagar,ವಿನಾಯಕನಗರ,Central,ಕೇಂದ್ರ,1,C.V. Raman Nagar,RO - Shanthinagar,ARO- Vinayakanagar,163 - Shanthinagar,163,,UNVERIFIED,Source TOT_P field sums to ~6x the known Greater Bengaluru population; field definition unconfirmed. Not published.,213670,112620,101040,30010,3730,Bommanahalli,Polygon,77.607372,12.955138,197
66,66 - Sane Guruvana Halli,ಸಾಣೆ ಗುರುವನ ಹಳ್ಳಿ,West,ಪಶ್ಚಿಮ,5,Malleshwaram,RO- Basaveshwara Nagara,ARO- Manjunath Nagara,165 - Rajajinagar,165,,UNVERIFIED,Source TOT_P field sums to ~6x the known Greater Bengaluru population; field definition unconfirmed. Not published.,205610,106790,98820,13540,4150,Bommanahalli,Polygon,77.54419,12.991916,88
53,53 - Jaraganahalli,ಜರಗನಹಳ್ಳಿ,South,ದಕ್ಷಿಣ,4,Bommanahalli,RO- Arakere,ARO- Jaraganahalli,175 - Bommanahalli,175,,UNVERIFIED,Source TOT_P field sums to ~6x the known Greater Bengaluru population; field definition unconfirmed. Not published.,226460,117940,108520,10000,3800,Bommanahalli,Polygon,77.574604,12.898096,181
24,24 - A Adugodi,ಎ. ಆಡುಗೋಡಿ,South,ದಕ್ಷಿಣ,4,Bommanahalli,RO- Kormangala,ARO- Lakkasandra,172 - B.T.M Layout,172,,UNVERIFIED,Source TOT_P field sums to ~6x the known Greater Bengaluru population; field definition unconfirmed. Not published.,214580,110820,103760,23440,4260,Bommanahalli,Polygon,77.61047,12.946253,413
77,77 - Maruthi Mandira Ward,ಮಾರುತಿ ಮಂದಿರ ವಾರ್ಡ್,West,ಪಶ್ಚಿಮ,5,Malleshwaram,RO- Chandra Layout,ARO- Maruthi Mandira,166 - Govindraj Nagar,166,,UNVERIFIED,Source TOT_P field sums to ~6x the known Greater Bengaluru population; field definition unconfirmed. Not published.,212510,110600,101910,10290,2520,Malleswaram,Polygon,77.529414,12.966474,218
71,71 - Thimmenahalli,ತಿಮ್ಮೇನಹಳ್ಳಿ,West,ಪಶ್ಚಿಮ,5,Malleshwaram,RO- Govindraj Nagar,ARO- Thimenhalli,166 - Govindraj Nagar,166,,UNVERIFIED,Source TOT_P field sums to ~6x the known Greater Bengaluru population; field definition unconfirmed. Not published.,238370,123150,115220,25080,4320,Bommanahalli,Polygon,77.539687,12.977346,163
31,31 - Shanthinagar,ಶಾಂತಿನಗರ,Central,ಕೇಂದ್ರ,1,C.V. Raman Nagar,RO - Shanthinagar,ARO- Shanthinagar,163 - Shanthinagar,163,,UNVERIFIED,Source TOT_P field sums to ~6x the known Greater Bengaluru population; field definition unconfirmed. Not published.,244740,122120,122630,36890,2610,Bommanahalli,Polygon,77.59871,12.956546,204
29,29 - Kormangala West,ಕೋರಮಂಗಲ ಪಶ್ಚಿಮ,South,ದಕ್ಷಿಣ,4,Bommanahalli,RO- Kormangala,ARO- Lakkasandra,172 - B.T.M Layout,172,,UNVERIFIED,Source TOT_P field sums to ~6x the known Greater Bengaluru population; field definition unconfirmed. Not published.,278790,144360,134940,59990,10580,Bommanahalli,Polygon,77.619218,12.932031,148
54,54 - Kengal Hanumanthaiah South,ಕೆಂಗಲ್ ಹನುಮಂತಯ್ಯ ದಕ್ಷಿಣ,South,ದಕ್ಷಿಣ,4,Bommanahalli,RO- Arakere,ARO- Jaraganahalli,175 - Bommanahalli,175,,UNVERIFIED,Source TOT_P field sums to ~6x the known Greater Bengaluru population; field definition unconfirmed. Not published.,254840,134250,120580,10200,4570,Bommanahalli,Polygon,77.581011,12.903395,225
20,20 - Madiwala,ಮಡಿವಾಳ,South,ದಕ್ಷಿಣ,4,Bommanahalli,RO- B.T.M Layout,ARO- Madiwala,172 - B.T.M Layout,172,,UNVERIFIED,Source TOT_P field sums to ~6x the known Greater Bengaluru population; field definition unconfirmed. Not published.,255380,136480,118910,19560,2550,Bommanahalli,Polygon,77.616236,12.920379,120
48,48 - Mathikere,ಮತ್ತಿಕೆರೆ,West,ಪಶ್ಚಿಮ,5,Malleshwaram,RO- Malleshwaram,ARO- Mathikere,157 - Malleshwaram,157,,UNVERIFIED,Source TOT_P field sums to ~6x the known Greater Bengaluru population; field definition unconfirmed. Not published.,260580,135200,125390,29300,5480,Jayanagar,Polygon,77.560962,13.037791,182
62,62 - Devarachikkanahalli,ದೇವರಚಿಕ್ಕನಹಳ್ಳಿ,South,ದಕ್ಷಿಣ,4,Bommanahalli,RO- Bommanahalli,ARO- Bommanahalli,175 - Bommanahalli,175,,UNVERIFIED,Source TOT_P field sums to ~6x the known Greater Bengaluru population; field definition unconfirmed. Not published.,248470,130620,117840,14190,3860,Bommanahalli,Polygon,77.622607,12.892207,212
34,34 - Peenya,ಪೀಣ್ಯ,West,ಪಶ್ಚಿಮ,5,Rajarajeshwarinagar,RO- Peenya,ARO- Peenya,154 - Rajarajeshwarinagar,154,,UNVERIFIED,Source TOT_P field sums to ~6x the known Greater Bengaluru population; field definition unconfirmed. Not published.,260030,136200,123830,41900,9860,Jayanagar,Polygon,77.526403,13.033775,196
7,7 - Rajagopala Nagara,ರಾಜಗೋಪಾಲ ನಗರ,West,ಪಶ್ಚಿಮ,5,Rajarajeshwarinagar,RO- Hegganahalli,ARO- Hegganahalli,155 - Dasarahalli,155,,UNVERIFIED,Source TOT_P field sums to ~6x the known Greater Bengaluru population; field definition unconfirmed. Not published.,249440,135940,113500,17310,5100,Jayanagar,Polygon,77.51269,13.009669,217
18,18 - Kempapura,ಕೆಂಪಾಪುರ,North,ಉತ್ತರ,2,Byatarayanapura,RO- Thanisandra,ARO- Thanisandra,152 - Byatarayanapura,152,,UNVERIFIED,Source TOT_P field sums to ~6x the known Greater Bengaluru population; field definition unconfirmed. Not published.,289360,153960,135400,23460,5540,Bommanahalli,Polygon,77.611297,13.045524,364
93,93 - Avalahalli,ಆವಲಹಳ್ಳಿ,West,ಪಶ್ಚಿಮ,5,Malleshwaram,RO- Hampi Nagar,ARO- Avalahalli,167 - Vijayanagar,167,,UNVERIFIED,Source TOT_P field sums to ~6x the known Greater Bengaluru population; field definition unconfirmed. Not published.,243260,126330,116930,10520,2930,Malleswaram,Polygon,77.545456,12.944609,228
87,87 - K.P Agrahara,ಕೆ.ಪಿ. ಅಗ್ರಹಾರ,West,ಪಶ್ಚಿಮ,5,Malleshwaram,RO- Vijayanagar,ARO- KP Agrahara,167 - Vijayanagar,167,,UNVERIFIED,Source TOT_P field sums to ~6x the known Greater Bengaluru population; field definition unconfirmed. Not published.,235550,120240,114510,9860,3230,Malleswaram,Polygon,77.554605,12.974157,212
43,43 - Varalakshmi Nagar,ವರಲಕ್ಷ್ಮಿ ನಗರ,North,ಉತ್ತರ,2,Byatarayanapura,RO- Kavalbyrasandra,ARO- Varalakshmi Nagar,159 - Pulakeshinagar,159,,UNVERIFIED,Source TOT_P field sums to ~6x the known Greater Bengaluru population; field definition unconfirmed. Not published.,265780,135270,130520,27110,2370,Jayanagar,Polygon,77.601329,13.019139,281
88,88 - Sangolli Rayanna Ward,ಸಂಗೊಳ್ಳಿ ರಾಯಣ್ಣ ವಾರ್ಡ್,West,ಪಶ್ಚಿಮ,5,Malleshwaram,RO- Vijayanagar,ARO- KP Agrahara,167 - Vijayanagar,167,,UNVERIFIED,Source TOT_P field sums to ~6x the known Greater Bengaluru population; field definition unconfirmed. Not published.,262990,133420,129570,6100,20540,Malleswaram,Polygon,77.555388,12.970464,145
20,20 - Sampigehalli,ಸಂಪಿಗೆಹಳ್ಳಿ,North,ಉತ್ತರ,2,Byatarayanapura,RO- Thanisandra,ARO- Kogilu,152 - Byatarayanapura,152,,UNVERIFIED,Source TOT_P field sums to ~6x the known Greater Bengaluru population; field definition unconfirmed. Not published.,284610,147330,137270,33290,3750,Bommanahalli,Polygon,77.627107,13.082289,303
57,57 - Hulimavu,ಹುಳಿಮಾವು,South,ದಕ್ಷಿಣ,4,Bommanahalli,RO- Arakere,ARO- Arakere,175 - Bommanahalli,175,,UNVERIFIED,Source TOT_P field sums to ~6x the known Greater Bengaluru population; field definition unconfirmed. Not published.,195980,102940,93040,22130,4410,Bommanahalli,Polygon,77.601563,12.877215,149
12,12 - Thindlu,ತಿಂಡ್ಲು,North,ಉತ್ತರ,2,Byatarayanapura,RO- Bytarayanapura,ARO- Kodigehalli,152 - Byatarayanapura,152,,UNVERIFIED,Source TOT_P field sums to ~6x the known Greater Bengaluru population; field definition unconfirmed. Not published.,242890,125240,117650,20740,7350,Jayanagar,Polygon,77.568969,13.079152,285
21,21 - Uday Nagar,ಉದಯ್ ನಗರ,East,ಪೂರ್ವ,3,K.R. Pura,RO- Ramamurthy Nagara,ARO- A Narayanapura,151 - K.R. Pura,151,,UNVERIFIED,Source TOT_P field sums to ~6x the known Greater Bengaluru population; field definition unconfirmed. Not published.,202620,105400,97220,35080,3070,Bommanahalli,Polygon,77.671668,12.990931,172
9,9 - Srigandhanagar,ಶ್ರೀಗಂಧನಗರ,West,ಪಶ್ಚಿಮ,5,Rajarajeshwarinagar,RO- Hegganahalli,ARO- Sunkadakatte,155 - Dasarahalli,155,,UNVERIFIED,Source TOT_P field sums to ~6x the known Greater Bengaluru population; field definition unconfirmed. Not published.,223610,121160,102450,11420,5340,Jayanagar,Polygon,77.504587,13.001201,187
102,102 - Hanumanthanagar,ಹನುಮಂತನಗರ,West,ಪಶ್ಚಿಮ,5,Malleshwaram,RO- Basavanagudi,ARO- Hanumanthanagar,170 - Basavanagudi,170,,UNVERIFIED,Source TOT_P field sums to ~6x the known Greater Bengaluru population; field definition unconfirmed. Not published.,245830,123750,122080,2550,2210,Malleswaram,Polygon,77.559647,12.942586,211
19,19 - Thanisandra,ಥಣಿಸಂದ್ರ,North,ಉತ್ತರ,2,Byatarayanapura,RO- Thanisandra,ARO- Thanisandra,152 - Byatarayanapura,152,,UNVERIFIED,Source TOT_P field sums to ~6x the known Greater Bengaluru population; field definition unconfirmed. Not published.,281590,148790,132810,17700,8160,Bommanahalli,Polygon,77.632918,13.048218,358
17,17 - Jakkur,ಜಕ್ಕೂರು,North,ಉತ್ತರ,2,Byatarayanapura,RO- Thanisandra,ARO- Jakkur,152 - Byatarayanapura,152,,UNVERIFIED,Source TOT_P field sums to ~6x the known Greater Bengaluru population; field definition unconfirmed. Not published.,285190,149720,135470,34370,7970,Bommanahalli,Polygon,77.611602,13.070284,414
54,54 - Subedarpalya,ಸುಬೇದಾರಪಾಳ್ಯ,West,ಪಶ್ಚಿಮ,5,Malleshwaram,RO- Malleshwaram,ARO- Malleshwaram,157 - Malleshwaram,157,,UNVERIFIED,Source TOT_P field sums to ~6x the known Greater Bengaluru population; field definition unconfirmed. Not published.,248290,128210,120080,33190,4470,Bommanahalli,Polygon,77.557771,13.021975,162
3,3 - Nelagadaranahalli,ನೆಲಗದರನಹಳ್ಳಿ,West,ಪಶ್ಚಿಮ,5,Rajarajeshwarinagar,RO- Hegganahalli,ARO- Nagasandra,155 - Dasarahalli,155,,UNVERIFIED,Source TOT_P field sums to ~6x the known Greater Bengaluru population; field definition unconfirmed. Not published.,227380,127980,99400,15010,7990,Jayanagar,Polygon,77.506064,13.029736,202
9,9 - Kuvempunagara,ಕುವೆಂಪುನಗರ,North,ಉತ್ತರ,2,Byatarayanapura,RO- Bytarayanapura,ARO- Vidyaranyapura,152 - Byatarayanapura,152,,UNVERIFIED,Source TOT_P field sums to ~6x the known Greater Bengaluru population; field definition unconfirmed. Not published.,258150,130910,127230,91510,7480,Jayanagar,Polygon,77.541786,13.065624,362
47,47 - Chandranagara,ಚಂದ್ರನಗರ,South,ದಕ್ಷಿಣ,4,Jayanagar,RO- Anjanapura,ARO- Yelachenahalli,176 - Bangalore South,176,,UNVERIFIED,Source TOT_P field sums to ~6x the known Greater Bengaluru population; field definition unconfirmed. Not published.,220540,116500,104040,17830,1900,Jayanagar,Polygon,77.565188,12.901983,173
5,5 - Hoysala Nagara East,ಹೊಯ್ಸಳ ನಗರ ಪೂರ್ವ,East,ಪೂರ್ವ,3,K.R. Pura,RO- Horamavu,ARO- Kalkere,151 - K.R. Pura,151,,UNVERIFIED,Source TOT_P field sums to ~6x the known Greater Bengaluru population; field definition unconfirmed. Not published.,182440,95660,86780,22040,5450,Jayanagar,Polygon,77.669068,13.018582,129
58,58 - Dayanand Nagara,ದಯಾನಂದ ನಗರ,West,ಪಶ್ಚಿಮ,5,Malleshwaram,RO- Rajajinagara,ARO- Prakash Nagara,165 - Rajajinagar,165,,UNVERIFIED,Source TOT_P field sums to ~6x the known Greater Bengaluru population; field definition unconfirmed. Not published.,211650,107930,103720,74490,1650,Bommanahalli,Polygon,77.565493,12.990348,115
11,11 - Doddabommasandra,ದೊಡ್ಡಬೊಮ್ಮಸಂದ್ರ,North,ಉತ್ತರ,2,Byatarayanapura,RO- Bytarayanapura,ARO- Kodigehalli,152 - Byatarayanapura,152,,UNVERIFIED,Source TOT_P field sums to ~6x the known Greater Bengaluru population; field definition unconfirmed. Not published.,259410,134230,125180,30070,4730,Jayanagar,Polygon,77.557671,13.05368,352
8,8 - Anandapura,ಆನಂದಪುರ,East,ಪೂರ್ವ,3,K.R. Pura,RO- KR Pura,ARO- Bhattarahalli,151 - K.R. Pura,151,,UNVERIFIED,Source TOT_P field sums to ~6x the known Greater Bengaluru population; field definition unconfirmed. Not published.,188980,96990,91990,24580,3580,Jayanagar,Polygon,77.690247,13.018929,181
72,72 - Kaveripura,ಕಾವೇರಿಪುರ,West,ಪಶ್ಚಿಮ,5,Malleshwaram,RO- Govindraj Nagar,ARO- Kaveripura,166 - Govindraj Nagar,166,,UNVERIFIED,Source TOT_P field sums to ~6x the known Greater Bengaluru population; field definition unconfirmed. Not published.,223000,123600,99400,7930,4440,Bommanahalli,Polygon,77.525433,12.982378,607
58,58 - Arakere,ಅರಕೆರೆ,South,ದಕ್ಷಿಣ,4,Bommanahalli,RO- Arakere,ARO- Arakere,175 - Bommanahalli,175,,UNVERIFIED,Source TOT_P field sums to ~6x the known Greater Bengaluru population; field definition unconfirmed. Not published.,189950,99000,90950,14070,3560,Bommanahalli,Polygon,77.602724,12.885047,135
47,47 - Bellanduru,ಬೆಳ್ಳಂದೂರು,East,ಪೂರ್ವ,3,Mahadevapura,RO- Bellanduru,ARO- Bellanduru,174 - Mahadevapura,174,,UNVERIFIED,Source TOT_P field sums to ~6x the known Greater Bengaluru population; field definition unconfirmed. Not published.,166850,92160,74690,7410,4530,Jayanagar,Polygon,77.678154,12.930967,212
20,20 - A Narayanapura,ಎ ನಾರಾಯಣಪುರ,East,ಪೂರ್ವ,3,K.R. Pura,RO- Ramamurthy Nagara,ARO- A Narayanapura,151 - K.R. Pura,151,,UNVERIFIED,Source TOT_P field sums to ~6x the known Greater Bengaluru population; field definition unconfirmed. Not published.,216400,115390,101000,59580,2990,Bommanahalli,Polygon,77.680561,12.995496,190
27,27 - Vibhootipura,ವಿಭೂತಿಪುರ,East,ಪೂರ್ವ,3,K.R. Pura,RO- Vignananagara,ARO- Vibhoothipura,151 - K.R. Pura,151,,UNVERIFIED,Source TOT_P field sums to ~6x the known Greater Bengaluru population; field definition unconfirmed. Not published.,164750,87090,77670,26710,3570,Bommanahalli,Polygon,77.666186,12.952985,514
33,33 - S.M Krishna Ward,ಎಸ್.ಎಂ ಕೃಷ್ಣ ವಾರ್ಡ್,East,ಪೂರ್ವ,3,Mahadevapura,RO- Hoodi,ARO- Kadugodi,174 - Mahadevapura,174,,UNVERIFIED,Source TOT_P field sums to ~6x the known Greater Bengaluru population; field definition unconfirmed. Not published.,162620,88670,73950,37540,4640,Jayanagar,Polygon,77.741622,12.977173,187
29,29 - Chowdeshwari Nagar,ಚೌಡೇಶ್ವರಿ ನಗರ,West,ಪಶ್ಚಿಮ,5,Rajarajeshwarinagar,RO- Peenya,ARO- Kotigepalya,154 - Rajarajeshwarinagar,154,,UNVERIFIED,Source TOT_P field sums to ~6x the known Greater Bengaluru population; field definition unconfirmed. Not published.,244550,128500,116050,9580,3740,Bommanahalli,Polygon,77.516575,12.998272,506
49,49 - Shivanasamudra Ward,ಶಿವನಸಮುದ್ರ ವಾರ್ಡ್,East,ಪೂರ್ವ,3,Mahadevapura,RO- Bellanduru,ARO- Gunjur,174 - Mahadevapura,174,,UNVERIFIED,Source TOT_P field sums to ~6x the known Greater Bengaluru population; field definition unconfirmed. Not published.,150120,81980,68140,16080,2860,Jayanagar,Polygon,77.683312,12.922513,198
18,18 - Dooravaninagar,ದೂರವಾಣಿನಗರ,East,ಪೂರ್ವ,3,K.R. Pura,RO- Ramamurthy Nagara,ARO- Ramamurthy Nagara,151 - K.R. Pura,151,,UNVERIFIED,Source TOT_P field sums to ~6x the known Greater Bengaluru population; field definition unconfirmed. Not published.,146770,75500,71280,23770,2670,Bommanahalli,Polygon,77.666594,13.006798,155
68,68 - Mangammana Palya,ಮಂಗಮ್ಮನ ಪಾಳ್ಯ,South,ದಕ್ಷಿಣ,4,Bommanahalli,RO- Bommanahalli,ARO- Mangamanapalya,175 - Bommanahalli,175,,UNVERIFIED,Source TOT_P field sums to ~6x the known Greater Bengaluru population; field definition unconfirmed. Not published.,237830,126240,111600,14140,6070,Bommanahalli,Polygon,77.638815,12.9005,125
16,16 - Sarakki,ಸಾರಕ್ಕಿ,South,ದಕ್ಷಿಣ,4,Jayanagar,RO- JP Nagar,ARO- Sarakki,173 - Jayanagar,173,,UNVERIFIED,Source TOT_P field sums to ~6x the known Greater Bengaluru population; field definition unconfirmed. Not published.,232570,119490,113080,13150,4950,Jayanagar,Polygon,77.576406,12.90904,150
29,29 - Hoodi,ಹೂಡಿ,East,ಪೂರ್ವ,3,Mahadevapura,RO- Hoodi,ARO- Hoodi,174 - Mahadevapura,174,,UNVERIFIED,Source TOT_P field sums to ~6x the known Greater Bengaluru population; field definition unconfirmed. Not published.,206990,123170,83820,20880,4620,Bommanahalli,Polygon,77.720025,13.00209,388
19,19 - Jeevan Bhimanagar,ಜೀವನ್ ಭೀಮನಗರ,Central,ಕೇಂದ್ರ,1,C.V. Raman Nagar,RO- Jeevan Bhimanagar,ARO- Jeevan Bhimanagar,161 - C.V. Raman Nagar,161,,UNVERIFIED,Source TOT_P field sums to ~6x the known Greater Bengaluru population; field definition unconfirmed. Not published.,272990,137890,135100,63520,4630,Bommanahalli,Polygon,77.657924,12.963582,206
38,38 - Nandini Layout,ನಂದಿನಿ ಲೇಔಟ್,West,ಪಶ್ಚಿಮ,5,Rajarajeshwarinagar,RO- Mahalakshmi Layout,ARO- Nandhini Layout,156 - Mahalakshmi Layout,156,,UNVERIFIED,Source TOT_P field sums to ~6x the known Greater Bengaluru population; field definition unconfirmed. Not published.,196390,101660,94740,22060,3710,Jayanagar,Polygon,77.533042,13.013829,215
69,69 - Hosapalya,ಹೊಸಪಾಳ್ಯ,South,ದಕ್ಷಿಣ,4,Bommanahalli,RO- HSR Layout,ARO- Iblur,175 - Bommanahalli,175,,UNVERIFIED,Source TOT_P field sums to ~6x the known Greater Bengaluru population; field definition unconfirmed. Not published.,188340,99840,88500,19410,4510,Bommanahalli,Polygon,77.648692,12.897187,223
57,57 - Kuvempu Ward,ಕುವೆಂಪು ವಾರ್ಡ್,West,ಪಶ್ಚಿಮ,5,Malleshwaram,RO- Malleshwaram,ARO- Subramanyanagara,157 - Malleshwaram,157,,UNVERIFIED,Source TOT_P field sums to ~6x the known Greater Bengaluru population; field definition unconfirmed. Not published.,242830,123100,119730,6950,1650,Bommanahalli,Polygon,77.562784,12.996039,178
23,23 - Sangama Ward,ಸಂಗಮ ವಾರ್ಡ್,East,ಪೂರ್ವ,3,K.R. Pura,RO- Vignananagara,ARO- Mahadevapura,151 - K.R. Pura,151,,UNVERIFIED,Source TOT_P field sums to ~6x the known Greater Bengaluru population; field definition unconfirmed. Not published.,158350,82260,76100,14970,3610,Bommanahalli,Polygon,77.685144,12.97117,436
32,32 - Channasandra,ಚನ್ನಸಂದ್ರ,East,ಪೂರ್ವ,3,Mahadevapura,RO- Hoodi,ARO- Kadugodi,174 - Mahadevapura,174,,UNVERIFIED,Source TOT_P field sums to ~6x the known Greater Bengaluru population; field definition unconfirmed. Not published.,146210,78780,67430,20980,2880,Bommanahalli,Polygon,77.772079,12.982441,264
81,81 - Nayanda Halli,ನಾಯಂಡ ಹಳ್ಳಿ,West,ಪಶ್ಚಿಮ,5,Malleshwaram,RO- Chandra Layout,ARO- Chandra Layout,166 - Govindraj Nagar,166,,UNVERIFIED,Source TOT_P field sums to ~6x the known Greater Bengaluru population; field definition unconfirmed. Not published.,259820,133760,126060,46150,4710,Malleswaram,Polygon,77.523146,12.943745,183
73,73 - Dr. Vishnuvardhan Ward,ಡಾII ವಿಷ್ಣುವರ್ಧನ್ ವಾರ್ಡ್,West,ಪಶ್ಚಿಮ,5,Malleshwaram,RO- Govindraj Nagar,ARO- Thimenhalli,166 - Govindraj Nagar,166,,UNVERIFIED,Source TOT_P field sums to ~6x the known Greater Bengaluru population; field definition unconfirmed. Not published.,219490,111290,108200,8020,2380,Malleswaram,Polygon,77.533831,12.974418,204
107,107 - Dharmagiri Ward,ಧರ್ಮಗಿರಿ ವಾರ್ಡ್,West,ಪಶ್ಚಿಮ,5,Rajarajeshwarinagar,RO- Yediyuru,ARO- Ganesh Mandir,171 - Padmanabanagar,171,,UNVERIFIED,Source TOT_P field sums to ~6x the known Greater Bengaluru population; field definition unconfirmed. Not published.,191540,97050,94480,13190,2660,Rajarajeshwari Nagara,Polygon,77.569942,12.919077,153
27,27 - Srigandada Kaval,ಶ್ರೀಗಂಧದ ಕಾವಲ್,West,ಪಶ್ಚಿಮ,5,Rajarajeshwarinagar,RO- Peenya,ARO- Kotigepalya,154 - Rajarajeshwarinagar,154,,UNVERIFIED,Source TOT_P field sums to ~6x the known Greater Bengaluru population; field definition unconfirmed. Not published.,256520,134010,122510,27760,7040,Bommanahalli,Polygon,77.505677,12.985706,216
58,58 - Chickpete,ಚಿಕ್ಕಪೇಟೆ,Central,ಕೇಂದ್ರ,1,Gandhinagara,RO - Gandhinagara,ARO- Chickpete,164 - Gandhinagara,164,,UNVERIFIED,Source TOT_P field sums to ~6x the known Greater Bengaluru population; field definition unconfirmed. Not published.,276190,148120,128060,2450,1580,Bommanahalli,Polygon,77.578757,12.969754,162
31,31 - Kadugodi,ಕಾಡುಗೋಡಿ,East,ಪೂರ್ವ,3,Mahadevapura,RO- Hoodi,ARO- Kadugodi,174 - Mahadevapura,174,,UNVERIFIED,Source TOT_P field sums to ~6x the known Greater Bengaluru population; field definition unconfirmed. Not published.,189270,101180,88090,19140,2990,Bommanahalli,Polygon,77.769697,13.001678,401
40,40 - Varthur,ವರ್ತೂರು,East,ಪೂರ್ವ,3,Mahadevapura,RO- Bellanduru,ARO- Varthur,174 - Mahadevapura,174,,UNVERIFIED,Source TOT_P field sums to ~6x the known Greater Bengaluru population; field definition unconfirmed. Not published.,209080,107200,101880,31430,2920,Jayanagar,Polygon,77.744136,12.943899,371
69,69 - Agrahara Dasarahalli,ಅಗ್ರಹಾರ ದಾಸರಹಳ್ಳಿ,West,ಪಶ್ಚಿಮ,5,Malleshwaram,RO- Govindraj Nagar,ARO- Agrahara Dasarahalli,166 - Govindraj Nagar,166,,UNVERIFIED,Source TOT_P field sums to ~6x the known Greater Bengaluru population; field definition unconfirmed. Not published.,247420,128060,119360,29590,5520,Bommanahalli,Polygon,77.539513,12.983702,187
36,36 - Bharath Aikya Ward,ಭಾರತ್ ಐಕ್ಯ ವಾರ್ಡ್,East,ಪೂರ್ವ,3,Mahadevapura,RO- Marathahalli,ARO- Doddane Kundi,174 - Mahadevapura,174,,UNVERIFIED,Source TOT_P field sums to ~6x the known Greater Bengaluru population; field definition unconfirmed. Not published.,194980,105730,89260,16010,2860,Jayanagar,Polygon,77.708859,12.977974,235
35,35 - Garudachar Palya,ಗರುಡಾಚಾರ್ ಪಾಳ್ಯ,East,ಪೂರ್ವ,3,Mahadevapura,RO- Marathahalli,ARO- Garudacharpalya,174 - Mahadevapura,174,,UNVERIFIED,Source TOT_P field sums to ~6x the known Greater Bengaluru population; field definition unconfirmed. Not published.,209830,117700,92130,15130,4330,Jayanagar,Polygon,77.695029,12.991846,293
26,26 - Vannarpet,ವನ್ನಾರ್‌ಪೇಟೆ,Central,ಕೇಂದ್ರ,1,C.V. Raman Nagar,RO - Shanthinagar,ARO- Neelasandra,163 - Shanthinagar,163,,UNVERIFIED,Source TOT_P field sums to ~6x the known Greater Bengaluru population; field definition unconfirmed. Not published.,228580,113220,115360,108840,11390,Bommanahalli,Polygon,77.620258,12.95615,158
86,86 - Vidyaranyanagara,ವಿದ್ಯಾರಣ್ಯನಗರ,West,ಪಶ್ಚಿಮ,5,Malleshwaram,RO- Vijayanagar,ARO- KP Agrahara,167 - Vijayanagar,167,,UNVERIFIED,Source TOT_P field sums to ~6x the known Greater Bengaluru population; field definition unconfirmed. Not published.,284110,147860,137050,19770,7220,Malleswaram,Polygon,77.551367,12.969226,172
37,37 - Kundalahalli,ಕುಂದಲಹಳ್ಳಿ,East,ಪೂರ್ವ,3,Mahadevapura,RO- Bellanduru,ARO- Varthur,174 - Mahadevapura,174,,UNVERIFIED,Source TOT_P field sums to ~6x the known Greater Bengaluru population; field definition unconfirmed. Not published.,182170,96410,85760,23250,4310,Jayanagar,Polygon,77.723502,12.957592,286
34,34 - Kaveri Nagara,ಕಾವೇರಿ ನಗರ,East,ಪೂರ್ವ,3,Mahadevapura,RO- Marathahalli,ARO- Garudacharpalya,174 - Mahadevapura,174,,UNVERIFIED,Source TOT_P field sums to ~6x the known Greater Bengaluru population; field definition unconfirmed. Not published.,209590,115600,93990,38490,6030,Jayanagar,Polygon,77.71299,12.991377,277
28,28 - Neelasandra,ನೀಲಸಂದ್ರ,Central,ಕೇಂದ್ರ,1,C.V. Raman Nagar,RO - Shanthinagar,ARO- Neelasandra,163 - Shanthinagar,163,,UNVERIFIED,Source TOT_P field sums to ~6x the known Greater Bengaluru population; field definition unconfirmed. Not published.,248530,130170,118360,16600,1900,Bommanahalli,Polygon,77.614935,12.952646,84
22,22 - Mahadevapura,ಮಹದೇವಪುರ,East,ಪೂರ್ವ,3,K.R. Pura,RO- Vignananagara,ARO- Mahadevapura,151 - K.R. Pura,151,,UNVERIFIED,Source TOT_P field sums to ~6x the known Greater Bengaluru population; field definition unconfirmed. Not published.,173810,91920,81890,15070,3170,Bommanahalli,Polygon,77.686603,12.988795,308
55,55 - Bhuvaneshwari Nagar,ಭುವನೇಶ್ವರಿ ನಗರ,Central,ಕೇಂದ್ರ,1,Gandhinagara,RO - Gandhinagara,ARO- Binnypete,164 - Gandhinagara,164,,UNVERIFIED,Source TOT_P field sums to ~6x the known Greater Bengaluru population; field definition unconfirmed. Not published.,199360,101740,97620,15860,6700,Bommanahalli,Polygon,77.558786,12.971824,120
38,38 - Whitefield,ವೈಟ್‌ಫೀಲ್ಡ್,East,ಪೂರ್ವ,3,Mahadevapura,RO- Hoodi,ARO- Whitefield,174 - Mahadevapura,174,,UNVERIFIED,Source TOT_P field sums to ~6x the known Greater Bengaluru population; field definition unconfirmed. Not published.,202650,103890,98760,20500,2800,Jayanagar,Polygon,77.747469,12.966477,266
30,30 - Jakkasandra,ಜಕ್ಕಸಂದ್ರ,South,ದಕ್ಷಿಣ,4,Bommanahalli,RO- Kormangala,ARO- Kormangala,172 - B.T.M Layout,172,,UNVERIFIED,Source TOT_P field sums to ~6x the known Greater Bengaluru population; field definition unconfirmed. Not published.,255940,137630,117810,22540,6070,Bommanahalli,Polygon,77.633325,12.92009,130
50,50 - Gunjur,ಗುಂಜೂರು,East,ಪೂರ್ವ,3,Mahadevapura,RO- Bellanduru,ARO- Gunjur,174 - Mahadevapura,174,,UNVERIFIED,Source TOT_P field sums to ~6x the known Greater Bengaluru population; field definition unconfirmed. Not published.,150850,77550,73300,29370,2670,Jayanagar,Polygon,77.730781,12.917029,313
13,13 - Rajarajeshwari Temple ward,ರಾಜರಾಜೇಶ್ವರಿ ದೇವಸ್ಥಾನ ವಾರ್ಡ್,East,ಪೂರ್ವ,3,K.R. Pura,RO- KR Pura,ARO- KR Pura,151 - K.R. Pura,151,,UNVERIFIED,Source TOT_P field sums to ~6x the known Greater Bengaluru population; field definition unconfirmed. Not published.,175390,93900,81490,16080,4380,Jayanagar,Polygon,77.693577,13.000949,101
43,43 - Dodda Nekkundi,ದೊಡ್ಡ ನೆಕ್ಕುಂಡಿ,East,ಪೂರ್ವ,3,Mahadevapura,RO- Marathahalli,ARO- Doddane Kundi,174 - Mahadevapura,174,,UNVERIFIED,Source TOT_P field sums to ~6x the known Greater Bengaluru population; field definition unconfirmed. Not published.,169610,89210,80400,15180,2500,Jayanagar,Polygon,77.690471,12.972568,423
9,9 - Bhattarahalli,ಭಟ್ಟರಹಳ್ಳಿ,East,ಪೂರ್ವ,3,K.R. Pura,RO- KR Pura,ARO- Bhattarahalli,151 - K.R. Pura,151,,UNVERIFIED,Source TOT_P field sums to ~6x the known Greater Bengaluru population; field definition unconfirmed. Not published.,149110,76660,72450,16460,4340,Jayanagar,Polygon,77.711914,13.028395,251
4,4 - Parvathi Nagar,ಪಾರ್ವತಿ ನಗರ,West,ಪಶ್ಚಿಮ,5,Rajarajeshwarinagar,RO- Hegganahalli,ARO- Shivapura,155 - Dasarahalli,155,,UNVERIFIED,Source TOT_P field sums to ~6x the known Greater Bengaluru population; field definition unconfirmed. Not published.,203120,109830,93300,8500,4420,Jayanagar,Polygon,77.520498,13.017531,193
26,26 - Jagadish Nagar,ಜಗದೀಶ್ ನಗರ,East,ಪೂರ್ವ,3,K.R. Pura,RO- Vignananagara,ARO- Vibhoothipura,151 - K.R. Pura,151,,UNVERIFIED,Source TOT_P field sums to ~6x the known Greater Bengaluru population; field definition unconfirmed. Not published.,184790,94700,90090,56830,3000,Bommanahalli,Polygon,77.662215,12.966239,300
20,20 - Kodihalli,ಕೋಡಿಹಳ್ಳಿ,Central,ಕೇಂದ್ರ,1,C.V. Raman Nagar,RO- Jeevan Bhimanagar,ARO- Konena Agrahara,161 - C.V. Raman Nagar,161,,UNVERIFIED,Source TOT_P field sums to ~6x the known Greater Bengaluru population; field definition unconfirmed. Not published.,240570,122360,118210,38360,3230,Bommanahalli,Polygon,77.64494,12.96403,136
12,12 - Devasandra,ದೇವಸಂದ್ರ,East,ಪೂರ್ವ,3,K.R. Pura,RO- KR Pura,ARO- Basavanapura,151 - K.R. Pura,151,,UNVERIFIED,Source TOT_P field sums to ~6x the known Greater Bengaluru population; field definition unconfirmed. Not published.,149900,78540,71360,16260,3250,Jayanagar,Polygon,77.701301,12.999549,226
63,63 - Bommanahalli,ಬೊಮ್ಮನಹಳ್ಳಿ,South,ದಕ್ಷಿಣ,4,Bommanahalli,RO- Bommanahalli,ARO- Bommanahalli,175 - Bommanahalli,175,,UNVERIFIED,Source TOT_P field sums to ~6x the known Greater Bengaluru population; field definition unconfirmed. Not published.,267920,140100,127820,8380,2010,Bommanahalli,Polygon,77.624224,12.903994,141
3,3 - Chellakere,ಚೆಲ್ಲಕೆರೆ,East,ಪೂರ್ವ,3,K.R. Pura,RO- Horamavu,ARO- Chellakere,151 - K.R. Pura,151,,UNVERIFIED,Source TOT_P field sums to ~6x the known Greater Bengaluru population; field definition unconfirmed. Not published.,170100,88840,81260,21440,2140,Jayanagar,Polygon,77.641319,13.031143,368
26,26 - Mallathahalli,ಮಲ್ಲತ್ತಹಳ್ಳಿ,West,ಪಶ್ಚಿಮ,5,Rajarajeshwarinagar,RO- Rajarajeswari Nagara,ARO- Jnana Bharathi,154 - Rajarajeshwarinagar,154,,UNVERIFIED,Source TOT_P field sums to ~6x the known Greater Bengaluru population; field definition unconfirmed. Not published.,215750,111990,103750,24880,7540,Bommanahalli,Polygon,77.499834,12.970064,276
44,44 - Ashwath Nagar,ಅಶ್ವಥ್ ನಗರ,East,ಪೂರ್ವ,3,Mahadevapura,RO- Marathahalli,ARO- Marathahalli,174 - Mahadevapura,174,,UNVERIFIED,Source TOT_P field sums to ~6x the known Greater Bengaluru population; field definition unconfirmed. Not published.,158510,83590,74910,36380,5150,Jayanagar,Polygon,77.696216,12.960598,184
30,30 - Belathur,ಬೆಳತ್ತೂರ್,East,ಪೂರ್ವ,3,Mahadevapura,RO- Hoodi,ARO- Hoodi,174 - Mahadevapura,174,,UNVERIFIED,Source TOT_P field sums to ~6x the known Greater Bengaluru population; field definition unconfirmed. Not published.,208690,115560,93130,51200,3910,Bommanahalli,Polygon,77.748764,13.00398,377
48,48 - Panathur,ಪಣತ್ತೂರು,East,ಪೂರ್ವ,3,Mahadevapura,RO- Bellanduru,ARO- Gunjur,174 - Mahadevapura,174,,UNVERIFIED,Source TOT_P field sums to ~6x the known Greater Bengaluru population; field definition unconfirmed. Not published.,147660,84260,63400,37910,2940,Jayanagar,Polygon,77.707098,12.934504,256
41,41 - Nagapura,ನಾಗಪುರ,West,ಪಶ್ಚಿಮ,5,Rajarajeshwarinagar,RO- Mahalakshmi Layout,ARO- Mahalakshmipuram,156 - Mahalakshmi Layout,156,,UNVERIFIED,Source TOT_P field sums to ~6x the known Greater Bengaluru population; field definition unconfirmed. Not published.,265910,134190,131720,16800,3980,Jayanagar,Polygon,77.542897,13.004294,105
6,6 - Kalkere,ಕಲ್ಕೆರೆ,East,ಪೂರ್ವ,3,K.R. Pura,RO- Horamavu,ARO- Kalkere,151 - K.R. Pura,151,,UNVERIFIED,Source TOT_P field sums to ~6x the known Greater Bengaluru population; field definition unconfirmed. Not published.,173590,90260,84130,21680,1220,Jayanagar,Polygon,77.674138,13.038935,324
29,29 - Austin Town,ಆಸ್ಟಿನ್ ಟೌನ್,Central,ಕೇಂದ್ರ,1,C.V. Raman Nagar,RO - Shanthinagar,ARO- Vinayakanagar,163 - Shanthinagar,163,,UNVERIFIED,Source TOT_P field sums to ~6x the known Greater Bengaluru population; field definition unconfirmed. Not published.,197300,99230,98070,46040,1630,Bommanahalli,Polygon,77.614026,12.956744,121
7,7 - K Chennasandra,ಕೆ ಚೆನ್ನಸಂದ್ರ,East,ಪೂರ್ವ,3,K.R. Pura,RO- KR Pura,ARO- Bhattarahalli,151 - K.R. Pura,151,,UNVERIFIED,Source TOT_P field sums to ~6x the known Greater Bengaluru population; field definition unconfirmed. Not published.,145720,74770,70150,17780,6840,Jayanagar,Polygon,77.683159,13.032199,355
1,1 - Ramaswamy Palya,ರಾಮಸ್ವಾಮಿ ಪಾಳ್ಯ,Central,ಕೇಂದ್ರ,1,Gandhinagara,RO- Shivajinagar,ARO- Shivajinagar,162 - Shivajinagar,162,,UNVERIFIED,Source TOT_P field sums to ~6x the known Greater Bengaluru population; field definition unconfirmed. Not published.,261240,131640,129600,34260,2350,Jayanagar,Polygon,77.598303,13.007176,104
24,24 - Vignananagara,ವಿಜ್ಞಾನನಗರ,East,ಪೂರ್ವ,3,K.R. Pura,RO- Vignananagara,ARO- Vignananagara,151 - K.R. Pura,151,,UNVERIFIED,Source TOT_P field sums to ~6x the known Greater Bengaluru population; field definition unconfirmed. Not published.,146490,76820,69670,8220,2290,Bommanahalli,Polygon,77.673538,12.972066,363
46,46 - Cheluvadi Palya,ಚೆಲುವಾದಿ ಪಾಳ್ಯ,Central,ಕೇಂದ್ರ,1,Gandhinagara,RO - Chamrajapet,ARO- Chamarajpet,168 - Chamrajapet,168,,UNVERIFIED,Source TOT_P field sums to ~6x the known Greater Bengaluru population; field definition unconfirmed. Not published.,210190,106030,104150,104800,1920,Jayanagar,Polygon,77.56795,12.966046,229
43,43 - Devaraj Urs Ward,ದೇವರಾಜ ಅರಸು ವಾರ್ಡ್‌,Central,ಕೇಂದ್ರ,1,Gandhinagara,RO - Chickpet,ARO- V.V Puram,169 - Chickpet,169,,UNVERIFIED,Source TOT_P field sums to ~6x the known Greater Bengaluru population; field definition unconfirmed. Not published.,195250,99340,95920,12010,2470,Jayanagar,Polygon,77.563249,12.95109,123
15,15 - Byadarahalli,ಬ್ಯಾಡರಹಳ್ಳಿ,West,ಪಶ್ಚಿಮ,5,Rajarajeshwarinagar,RO- Herohalli,ARO- Herohalli,153 - Yeshwanthapura,153,,UNVERIFIED,Source TOT_P field sums to ~6x the known Greater Bengaluru population; field definition unconfirmed. Not published.,227840,121860,105980,10450,9430,Jayanagar,Polygon,77.485675,12.978006,375
5,5 - Shivajinagar,ಶಿವಾಜಿನಗರ,Central,ಕೇಂದ್ರ,1,Gandhinagara,RO- Shivajinagar,ARO- Shivajinagar,162 - Shivajinagar,162,,UNVERIFIED,Source TOT_P field sums to ~6x the known Greater Bengaluru population; field definition unconfirmed. Not published.,254840,130180,124660,13000,1270,Jayanagar,Polygon,77.606385,12.985095,228
23,23 - Jogpalya,ಜೋಗಪಾಳ್ಯ,Central,ಕೇಂದ್ರ,1,C.V. Raman Nagar,RO - Shanthinagar,ARO- Domluru,163 - Shanthinagar,163,,UNVERIFIED,Source TOT_P field sums to ~6x the known Greater Bengaluru population; field definition unconfirmed. Not published.,258030,129230,128790,27460,3890,Bommanahalli,Polygon,77.634944,12.972558,158
14,14 - Nagavarapalya,ನಾಗವಾರಪಾಳ್ಯ,Central,ಕೇಂದ್ರ,1,C.V. Raman Nagar,RO- Jeevan Bhimanagar,ARO- Kaggadasapura,161 - C.V. Raman Nagar,161,,UNVERIFIED,Source TOT_P field sums to ~6x the known Greater Bengaluru population; field definition unconfirmed. Not published.,248750,131280,117470,29960,4520,Jayanagar,Polygon,77.660751,12.986787,203
60,60 - Prakash Nagara,ಪ್ರಕಾಶ ನಗರ,West,ಪಶ್ಚಿಮ,5,Malleshwaram,RO- Rajajinagara,ARO- Prakash Nagara,165 - Rajajinagar,165,,UNVERIFIED,Source TOT_P field sums to ~6x the known Greater Bengaluru population; field definition unconfirmed. Not published.,198590,101330,97260,15880,1380,Bommanahalli,Polygon,77.557094,12.996553,196
35,35 - Hombegowda Nagara,ಹೊಂಬೇಗೌಡ ನಗರ,Central,ಕೇಂದ್ರ,1,Gandhinagara,RO - Chickpet,ARO- Hombegowda Nagar,169 - Chickpet,169,,UNVERIFIED,Source TOT_P field sums to ~6x the known Greater Bengaluru population; field definition unconfirmed. Not published.,188660,97950,90110,18980,2380,Jayanagar,Polygon,77.596034,12.951749,226
7,7 - K Kamaraj Ward,ಕೆ ಕಾಮರಾಜ್ ವಾರ್ಡ್,Central,ಕೇಂದ್ರ,1,Gandhinagara,RO- Shivajinagar,ARO- Halasuru,162 - Shivajinagar,162,,UNVERIFIED,Source TOT_P field sums to ~6x the known Greater Bengaluru population; field definition unconfirmed. Not published.,231930,115610,116320,13450,1150,Jayanagar,Polygon,77.614154,12.982855,195
40,40 - Ashoka Pillar,ಅಶೋಕ ಪಿಲ್ಲರ್‌,Central,ಕೇಂದ್ರ,1,Gandhinagara,RO - Chickpet,ARO- Ashoka Pillar,169 - Chickpet,169,,UNVERIFIED,Source TOT_P field sums to ~6x the known Greater Bengaluru population; field definition unconfirmed. Not published.,189890,95630,94260,7480,3990,Jayanagar,Polygon,77.585485,12.944748,240
37,37 - BHEL Ward,ಬಿಎಚ್‌ಇಎಲ್ ವಾರ್ಡ್,Central,ಕೇಂದ್ರ,1,Gandhinagara,RO - Chickpet,ARO- Hombegowda Nagar,169 - Chickpet,169,,UNVERIFIED,Source TOT_P field sums to ~6x the known Greater Bengaluru population; field definition unconfirmed. Not published.,193360,99750,93610,32010,3550,Jayanagar,Polygon,77.597021,12.933187,195
45,45 - K.R Market,ಕೆ.ಆರ್. ಮಾರುಕಟ್ಟೆ,Central,ಕೇಂದ್ರ,1,Gandhinagara,RO - Chamrajapet,ARO- Chamarajpet,168 - Chamrajapet,168,,UNVERIFIED,Source TOT_P field sums to ~6x the known Greater Bengaluru population; field definition unconfirmed. Not published.,224130,116850,107280,49630,2510,Jayanagar,Polygon,77.571744,12.965473,395
23,23 - Rajarajeshwari Nagara,ರಾಜರಾಜೇಶ್ವರಿ ನಗರ,West,ಪಶ್ಚಿಮ,5,Rajarajeshwarinagar,RO- Rajarajeswari Nagara,ARO- Rajarajeswari Nagara,154 - Rajarajeshwarinagar,154,,UNVERIFIED,Source TOT_P field sums to ~6x the known Greater Bengaluru population; field definition unconfirmed. Not published.,260500,133480,126010,14570,6520,Bommanahalli,Polygon,77.51283,12.923845,296
6,6 - Bharathi Nagar,ಭಾರತಿ ನಗರ,Central,ಕೇಂದ್ರ,1,Gandhinagara,RO- Shivajinagar,ARO- Halasuru,162 - Shivajinagar,162,,UNVERIFIED,Source TOT_P field sums to ~6x the known Greater Bengaluru population; field definition unconfirmed. Not published.,242200,123050,119150,21020,1080,Jayanagar,Polygon,77.60913,12.990321,120
22,22 - Domluru,ದೊಮ್ಮಲೂರು,Central,ಕೇಂದ್ರ,1,C.V. Raman Nagar,RO - Shanthinagar,ARO- Domluru,163 - Shanthinagar,163,,UNVERIFIED,Source TOT_P field sums to ~6x the known Greater Bengaluru population; field definition unconfirmed. Not published.,199820,101200,98620,27900,5420,Bommanahalli,Polygon,77.638955,12.959613,186
60,60 - Seshadripuram,ಶೇಷಾದ್ರಿಪುರಂ,Central,ಕೇಂದ್ರ,1,Gandhinagara,RO - Gandhinagara,ARO- Sheshadripuram,164 - Gandhinagara,164,,UNVERIFIED,Source TOT_P field sums to ~6x the known Greater Bengaluru population; field definition unconfirmed. Not published.,190520,98100,92420,17900,1780,Bommanahalli,Polygon,77.576553,12.995128,97
39,39 - Venkat Reddy Nagara,ವೆಂಕಟ ರೆಡ್ಡಿ ನಗರ,Central,ಕೇಂದ್ರ,1,Gandhinagara,RO - Chickpet,ARO- Ashoka Pillar,169 - Chickpet,169,,UNVERIFIED,Source TOT_P field sums to ~6x the known Greater Bengaluru population; field definition unconfirmed. Not published.,188880,94960,93920,56270,4190,Jayanagar,Polygon,77.591987,12.945653,81
25,25 - Ashokanagar,ಅಶೋಕನಗರ,Central,ಕೇಂದ್ರ,1,C.V. Raman Nagar,RO - Shanthinagar,ARO- Shanthinagar,163 - Shanthinagar,163,,UNVERIFIED,Source TOT_P field sums to ~6x the known Greater Bengaluru population; field definition unconfirmed. Not published.,218040,108950,109090,19870,3110,Bommanahalli,Polygon,77.608017,12.968166,324
97,97 - Srinivasa Nagara,ಶ್ರೀನಿವಾಸ ನಗರ,West,ಪಶ್ಚಿಮ,5,Malleshwaram,RO- Basavanagudi,ARO- Srinivasa Nagara,170 - Basavanagudi,170,,UNVERIFIED,Source TOT_P field sums to ~6x the known Greater Bengaluru population; field definition unconfirmed. Not published.,257160,132780,124380,3850,3660,Malleswaram,Polygon,77.555253,12.935294,127
70,70 - Dr Rajkumar Ward,ಡಾ. ರಾಜ್‌ಕುಮಾರ್ ವಾರ್ಡ್,West,ಪಶ್ಚಿಮ,5,Malleshwaram,RO- Govindraj Nagar,ARO- Agrahara Dasarahalli,166 - Govindraj Nagar,166,,UNVERIFIED,Source TOT_P field sums to ~6x the known Greater Bengaluru population; field definition unconfirmed. Not published.,241060,124760,116300,21550,6760,Bommanahalli,Polygon,77.549979,12.979962,314
52,52 - Kodandarampura,ಕೋದಂಡರಾಮಪುರ,West,ಪಶ್ಚಿಮ,5,Malleshwaram,RO- Malleshwaram,ARO- Rajamahal,157 - Malleshwaram,157,,UNVERIFIED,Source TOT_P field sums to ~6x the known Greater Bengaluru population; field definition unconfirmed. Not published.,189620,93400,95520,8220,1490,Jayanagar,Polygon,77.57363,13.002565,124
14,14 - Herohalli,ಹೆರೋಹಳ್ಳಿ,West,ಪಶ್ಚಿಮ,5,Rajarajeshwarinagar,RO- Herohalli,ARO- Herohalli,153 - Yeshwanthapura,153,,UNVERIFIED,Source TOT_P field sums to ~6x the known Greater Bengaluru population; field definition unconfirmed. Not published.,284130,150130,134190,21920,4900,Jayanagar,Polygon,77.492935,12.993102,277
59,59 - Bandi Reddy Circle Ward,ಬಂಡಿ ರೆಡ್ಡಿ ವೃತ್ತ ವಾರ್ಡ್,West,ಪಶ್ಚಿಮ,5,Malleshwaram,RO- Rajajinagara,ARO- Prakash Nagara,165 - Rajajinagar,165,,UNVERIFIED,Source TOT_P field sums to ~6x the known Greater Bengaluru population; field definition unconfirmed. Not published.,212860,108400,104460,38050,950,Bommanahalli,Polygon,77.561545,12.991036,160
12,12 - Andrahalli,ಅಂದ್ರಹಳ್ಳಿ,West,ಪಶ್ಚಿಮ,5,Rajarajeshwarinagar,RO- Herohalli,ARO- Dodda Bidarakallu,153 - Yeshwanthapura,153,,UNVERIFIED,Source TOT_P field sums to ~6x the known Greater Bengaluru population; field definition unconfirmed. Not published.,276940,146270,130660,30570,17480,Jayanagar,Polygon,77.485019,13.01726,521
82,82 - Attigupe,ಅತ್ತಿಗುಪ್ಪೆ,West,ಪಶ್ಚಿಮ,5,Malleshwaram,RO- Hampi Nagar,ARO- Hampi Nagar,167 - Vijayanagar,167,,UNVERIFIED,Source TOT_P field sums to ~6x the known Greater Bengaluru population; field definition unconfirmed. Not published.,246140,126730,119410,16320,2580,Malleswaram,Polygon,77.526578,12.959492,366
61,61 - Dattatreya Ward,ದತ್ತಾತ್ರೇಯ ವಾರ್ಡ್,Central,ಕೇಂದ್ರ,1,Gandhinagara,RO - Gandhinagara,ARO- Sheshadripuram,164 - Gandhinagara,164,,UNVERIFIED,Source TOT_P field sums to ~6x the known Greater Bengaluru population; field definition unconfirmed. Not published.,196270,99500,96770,32200,3000,Bommanahalli,Polygon,77.572739,12.998456,274
89,89 - Bapuji Nagara,ಬಾಪೂಜಿ ನಗರ,West,ಪಶ್ಚಿಮ,5,Malleshwaram,RO- Vijayanagar,ARO- Gali Anjaneya Temple,167 - Vijayanagar,167,,UNVERIFIED,Source TOT_P field sums to ~6x the known Greater Bengaluru population; field definition unconfirmed. Not published.,206250,107050,99210,6280,2770,Malleswaram,Polygon,77.545432,12.958017,152
80,80 - Chandra Layout,ಚಂದ್ರ ಲೇಔಟ್,West,ಪಶ್ಚಿಮ,5,Malleshwaram,RO- Chandra Layout,ARO- Chandra Layout,166 - Govindraj Nagar,166,,UNVERIFIED,Source TOT_P field sums to ~6x the known Greater Bengaluru population; field definition unconfirmed. Not published.,262050,133780,128270,18100,3610,Malleswaram,Polygon,77.525037,12.955834,158
95,95 - Swamy Vivekananda Ward,ಸ್ವಾಮಿ ವಿವೇಕಾನಂದ ವಾರ್ಡ್,West,ಪಶ್ಚಿಮ,5,Malleshwaram,RO- Basavanagudi,ARO- Katriguppe,170 - Basavanagudi,170,,UNVERIFIED,Source TOT_P field sums to ~6x the known Greater Bengaluru population; field definition unconfirmed. Not published.,281520,140700,140810,4450,2260,Malleswaram,Polygon,77.544649,12.93868,253
42,42 - Sunkenahalli,ಸುಂಕೇನಹಳ್ಳಿ,Central,ಕೇಂದ್ರ,1,Gandhinagara,RO - Chickpet,ARO- V.V Puram,169 - Chickpet,169,,UNVERIFIED,Source TOT_P field sums to ~6x the known Greater Bengaluru population; field definition unconfirmed. Not published.,211790,107430,104360,2730,1310,Jayanagar,Polygon,77.569355,12.944262,325
32,32 - SilverJubilee Park Ward,ಸಿಲ್ವರ್ ಜುಬಿಲಿ ಪಾರ್ಕ್ ವಾರ್ಡ್,Central,ಕೇಂದ್ರ,1,Gandhinagara,RO - Chickpet,ARO- Dharmaraya Swamy Temple,169 - Chickpet,169,,UNVERIFIED,Source TOT_P field sums to ~6x the known Greater Bengaluru population; field definition unconfirmed. Not published.,188580,95620,91760,68250,2330,Bommanahalli,Polygon,77.589356,12.960137,120
83,83 - Hampi Nagar,ಹಂಪಿ ನಗರ,West,ಪಶ್ಚಿಮ,5,Malleshwaram,RO- Hampi Nagar,ARO- Hampi Nagar,167 - Vijayanagar,167,,UNVERIFIED,Source TOT_P field sums to ~6x the known Greater Bengaluru population; field definition unconfirmed. Not published.,234200,120180,114020,9590,2530,Malleswaram,Polygon,77.532364,12.958553,302
63,63 - Rajajinagara,ರಾಜಾಜಿನಗರ,West,ಪಶ್ಚಿಮ,5,Malleshwaram,RO- Rajajinagara,ARO- Rajajinagara,165 - Rajajinagar,165,,UNVERIFIED,Source TOT_P field sums to ~6x the known Greater Bengaluru population; field definition unconfirmed. Not published.,196320,99330,97000,6000,1740,Bommanahalli,Polygon,77.550449,12.990511,157
21,21 - Kengeri,ಕೆಂಗೇರಿ,West,ಪಶ್ಚಿಮ,5,Rajarajeshwarinagar,RO- Kengeri,ARO- Kengeri,153 - Yeshwanthapura,153,,UNVERIFIED,Source TOT_P field sums to ~6x the known Greater Bengaluru population; field definition unconfirmed. Not published.,218350,112530,105820,24780,3710,Bommanahalli,MultiPolygon,77.503779,12.918273,314
5,5 - Rajeshwarinagar,ರಾಜೇಶ್ವರಿನಗರ,West,ಪಶ್ಚಿಮ,5,Rajarajeshwarinagar,RO- Hegganahalli,ARO- Hegganahalli,155 - Dasarahalli,155,,UNVERIFIED,Source TOT_P field sums to ~6x the known Greater Bengaluru population; field definition unconfirmed. Not published.,254180,137340,116840,17120,6360,Jayanagar,Polygon,77.517071,13.012734,139
68,68 - Kamakshipalya,ಕಾಮಾಕ್ಷಿಪಾಳ್ಯ,West,ಪಶ್ಚಿಮ,5,Malleshwaram,RO- Basaveshwara Nagara,ARO- Basaveshwara Nagara,165 - Rajajinagar,165,,UNVERIFIED,Source TOT_P field sums to ~6x the known Greater Bengaluru population; field definition unconfirmed. Not published.,250240,131350,118890,23450,4190,Bommanahalli,Polygon,77.532642,12.984517,447
44,44 - Chamarajpet,ಚಾಮರಾಜಪೇಟೆ,Central,ಕೇಂದ್ರ,1,Gandhinagara,RO - Chamrajapet,ARO- Chamarajpet,168 - Chamrajapet,168,,UNVERIFIED,Source TOT_P field sums to ~6x the known Greater Bengaluru population; field definition unconfirmed. Not published.,256190,130950,125230,6680,3790,Jayanagar,Polygon,77.562651,12.956512,316
15,15 - Indiranagar,ಇಂದಿರಾನಗರ,Central,ಕೇಂದ್ರ,1,C.V. Raman Nagar,RO- Indiranagar,ARO- Indiranagar,161 - C.V. Raman Nagar,161,,UNVERIFIED,Source TOT_P field sums to ~6x the known Greater Bengaluru population; field definition unconfirmed. Not published.,193240,97110,96130,38030,2240,Jayanagar,Polygon,77.643395,12.979198,220
3,3 - Vasanth Nagar,ವಸಂತ ನಗರ,Central,ಕೇಂದ್ರ,1,Gandhinagara,RO- Shivajinagar,ARO- Vasanthanagar,162 - Shivajinagar,162,,UNVERIFIED,Source TOT_P field sums to ~6x the known Greater Bengaluru population; field definition unconfirmed. Not published.,282720,141120,142090,39570,1860,Jayanagar,Polygon,77.593837,12.991146,207
19,19 - Shivanapalya,ಶಿವನಪಾಳ್ಯ,West,ಪಶ್ಚಿಮ,5,Rajarajeshwarinagar,RO- Kengeri,ARO- Kengeri,153 - Yeshwanthapura,153,,UNVERIFIED,Source TOT_P field sums to ~6x the known Greater Bengaluru population; field definition unconfirmed. Not published.,219030,114950,104080,22370,4360,Bommanahalli,Polygon,77.487651,12.926948,244
56,56 - Gayathri Nagara,ಗಾಯತ್ರಿ ನಗರ,West,ಪಶ್ಚಿಮ,5,Malleshwaram,RO- Malleshwaram,ARO- Subramanyanagara,157 - Malleshwaram,157,,UNVERIFIED,Source TOT_P field sums to ~6x the known Greater Bengaluru population; field definition unconfirmed. Not published.,269780,138160,131620,8010,3630,Bommanahalli,Polygon,77.557165,12.999602,189
92,92 - Muneshwara Block,ಮುನೇಶ್ವರ ಬ್ಲಾಕ್,West,ಪಶ್ಚಿಮ,5,Malleshwaram,RO- Hampi Nagar,ARO- Avalahalli,167 - Vijayanagar,167,,UNVERIFIED,Source TOT_P field sums to ~6x the known Greater Bengaluru population; field definition unconfirmed. Not published.,199220,103350,95870,22340,3970,Malleswaram,Polygon,77.548392,12.950674,342
18,18 - G.M Palya,ಜಿ.ಎಂ. ಪಾಳ್ಯ,Central,ಕೇಂದ್ರ,1,C.V. Raman Nagar,RO- Jeevan Bhimanagar,ARO- Kaggadasapura,161 - C.V. Raman Nagar,161,,UNVERIFIED,Source TOT_P field sums to ~6x the known Greater Bengaluru population; field definition unconfirmed. Not published.,205790,106950,98840,10240,2770,Bommanahalli,Polygon,77.670165,12.974452,348
18,18 - Kengal Hanumanthaiah West,ಕೆಂಗಲ್ ಹನುಮಂತಯ್ಯ ಪಶ್ಚಿಮ,West,ಪಶ್ಚಿಮ,5,Rajarajeshwarinagar,RO- Kengeri,ARO- Hemmigepura,153 - Yeshwanthapura,153,,UNVERIFIED,Source TOT_P field sums to ~6x the known Greater Bengaluru population; field definition unconfirmed. Not published.,212230,108550,103680,19600,7540,Bommanahalli,Polygon,77.481869,12.92792,348
55,55 - Subramanyanagara,ಸುಬ್ರಹ್ಮಣ್ಯನಗರ,West,ಪಶ್ಚಿಮ,5,Malleshwaram,RO- Malleshwaram,ARO- Subramanyanagara,157 - Malleshwaram,157,,UNVERIFIED,Source TOT_P field sums to ~6x the known Greater Bengaluru population; field definition unconfirmed. Not published.,273120,135910,137210,9780,2860,Bommanahalli,Polygon,77.556041,13.008353,171
16,16 - New Thippasandra,ನ್ಯೂ ತಿಪ್ಪಸಂದ್ರ,Central,ಕೇಂದ್ರ,1,C.V. Raman Nagar,RO- Jeevan Bhimanagar,ARO- Jeevan Bhimanagar,161 - C.V. Raman Nagar,161,,UNVERIFIED,Source TOT_P field sums to ~6x the known Greater Bengaluru population; field definition unconfirmed. Not published.,279690,146070,133610,31830,5600,Jayanagar,Polygon,77.657945,12.97585,288
13,13 - Nada prabhu Kempegowda Nagara,ನಾಡ ಪ್ರಭು ಕೆಂಪೇಗೌಡ ನಗರ,West,ಪಶ್ಚಿಮ,5,Rajarajeshwarinagar,RO- Herohalli,ARO- Dodda Bidarakallu,153 - Yeshwanthapura,153,,UNVERIFIED,Source TOT_P field sums to ~6x the known Greater Bengaluru population; field definition unconfirmed. Not published.,272250,142930,129120,21690,7110,Jayanagar,Polygon,77.485303,12.996545,406
24,24 - Jnana Bharathi Ward,ಜ್ಞಾನ ಭಾರತಿ ವಾರ್ಡ್,West,ಪಶ್ಚಿಮ,5,Rajarajeshwarinagar,RO- Rajarajeswari Nagara,ARO- Jnana Bharathi,154 - Rajarajeshwarinagar,154,,UNVERIFIED,Source TOT_P field sums to ~6x the known Greater Bengaluru population; field definition unconfirmed. Not published.,205330,108160,97170,21810,4340,Bommanahalli,Polygon,77.504962,12.94647,913
21,21 - Konena Agrahara,ಕೋನೇನ ಅಗ್ರಹಾರ,Central,ಕೇಂದ್ರ,1,C.V. Raman Nagar,RO- Jeevan Bhimanagar,ARO- Konena Agrahara,161 - C.V. Raman Nagar,161,,UNVERIFIED,Source TOT_P field sums to ~6x the known Greater Bengaluru population; field definition unconfirmed. Not published.,267140,141280,125870,38730,2510,Bommanahalli,Polygon,77.654076,12.953862,358
2,2 - Jayamahal,ಜಯಮಹಲ್,Central,ಕೇಂದ್ರ,1,Gandhinagara,RO- Shivajinagar,ARO- Shivajinagar,162 - Shivajinagar,162,,UNVERIFIED,Source TOT_P field sums to ~6x the known Greater Bengaluru population; field definition unconfirmed. Not published.,258340,128030,129810,71010,2430,Jayanagar,Polygon,77.600721,12.995087,370
59,59 - Nehru Nagar,ನೆಹರು ನಗರ,Central,ಕೇಂದ್ರ,1,Gandhinagara,RO - Gandhinagara,ARO- Chickpete,164 - Gandhinagara,164,,UNVERIFIED,Source TOT_P field sums to ~6x the known Greater Bengaluru population; field definition unconfirmed. Not published.,257800,142480,115320,63450,2550,Bommanahalli,Polygon,77.576923,12.983241,355
16,16 - Ullal,ಉಳ್ಳಾಲ,West,ಪಶ್ಚಿಮ,5,Rajarajeshwarinagar,RO- Kengeri,ARO- Ullal,153 - Yeshwanthapura,153,,UNVERIFIED,Source TOT_P field sums to ~6x the known Greater Bengaluru population; field definition unconfirmed. Not published.,225490,115350,110140,33310,4390,Jayanagar,Polygon,77.484357,12.957356,554
64,64 - Shivanagara,ಶಿವನಗರ,West,ಪಶ್ಚಿಮ,5,Malleshwaram,RO- Rajajinagara,ARO- Rajajinagara,165 - Rajajinagar,165,,UNVERIFIED,Source TOT_P field sums to ~6x the known Greater Bengaluru population; field definition unconfirmed. Not published.,204720,109290,95440,8200,3480,Bommanahalli,Polygon,77.547968,12.990548,73
90,90 - Krishnadevaraya ward,ಕೃಷ್ಣದೇವರಾಯ ವಾರ್ಡ್,West,ಪಶ್ಚಿಮ,5,Malleshwaram,RO- Vijayanagar,ARO- Gali Anjaneya Temple,167 - Vijayanagar,167,,UNVERIFIED,Source TOT_P field sums to ~6x the known Greater Bengaluru population; field definition unconfirmed. Not published.,281480,144780,136690,38040,4480,Malleswaram,Polygon,77.539404,12.958913,151
40,40 - Shakthi Nagar,ಶಕ್ತಿ ನಗರ,North,ಉತ್ತರ,2,Byatarayanapura,RO- Pulikeshinagar,ARO - Kushal Nagar,159 - Pulakeshinagar,159,,UNVERIFIED,Source TOT_P field sums to ~6x the known Greater Bengaluru population; field definition unconfirmed. Not published.,200350,101720,98630,25040,650,Jayanagar,Polygon,77.616601,13.018362,231
10,10 - Sunkadakatte,ಸುಂಕದಕಟ್ಟೆ,West,ಪಶ್ಚಿಮ,5,Rajarajeshwarinagar,RO- Hegganahalli,ARO- Sunkadakatte,155 - Dasarahalli,155,,UNVERIFIED,Source TOT_P field sums to ~6x the known Greater Bengaluru population; field definition unconfirmed. Not published.,231230,124400,106830,11770,3930,Jayanagar,Polygon,77.501367,12.994647,267
27,27 - K.G.Halli,ಕೆ.ಜಿ.ಹಳ್ಳಿ,North,ಉತ್ತರ,2,Byatarayanapura,RO- HBR Layout,ARO- K.G Halli,160 - Sarvagnanagar,160,,UNVERIFIED,Source TOT_P field sums to ~6x the known Greater Bengaluru population; field definition unconfirmed. Not published.,282380,144560,139820,25840,8320,Bommanahalli,Polygon,77.620774,13.019361,170
51,51 - Rajamahal,ರಾಜಮಹಲ್,West,ಪಶ್ಚಿಮ,5,Malleshwaram,RO- Malleshwaram,ARO- Rajamahal,157 - Malleshwaram,157,,UNVERIFIED,Source TOT_P field sums to ~6x the known Greater Bengaluru population; field definition unconfirmed. Not published.,247050,123750,124000,34790,3290,Jayanagar,Polygon,77.585518,13.002975,319
2,2 - Chokkasandra,ಚೊಕ್ಕಸಂದ್ರ,West,ಪಶ್ಚಿಮ,5,Rajarajeshwarinagar,RO- Hegganahalli,ARO- Nagasandra,155 - Dasarahalli,155,,UNVERIFIED,Source TOT_P field sums to ~6x the known Greater Bengaluru population; field definition unconfirmed. Not published.,271170,151670,119490,15930,6990,Jayanagar,Polygon,77.511981,13.040068,201
31,31 - Freedom Fighter Ward,ಫ್ರೀಡಂ ಫೈಟರ್ ವಾರ್ಡ್,West,ಪಶ್ಚಿಮ,5,Rajarajeshwarinagar,RO- Peenya,ARO- Laggere,154 - Rajarajeshwarinagar,154,,UNVERIFIED,Source TOT_P field sums to ~6x the known Greater Bengaluru population; field definition unconfirmed. Not published.,189850,99760,90080,9950,4130,Bommanahalli,Polygon,77.525189,13.008336,243
31,31 - Kalyan Nagar,ಕಲ್ಯಾಣ ನಗರ,North,ಉತ್ತರ,2,Byatarayanapura,RO- Maruthi Sevanagar,ARO- Banaswadi,160 - Sarvagnanagar,160,,UNVERIFIED,Source TOT_P field sums to ~6x the known Greater Bengaluru population; field definition unconfirmed. Not published.,237460,119420,118040,27830,3520,Bommanahalli,Polygon,77.643741,13.014177,202
112,112 - Hosakerehalli,ಹೊಸಕೆರೆಹಳ್ಳಿ,West,ಪಶ್ಚಿಮ,5,Rajarajeshwarinagar,RO- Yediyuru,ARO- Hosakerehalli,171 - Padmanabanagar,171,,UNVERIFIED,Source TOT_P field sums to ~6x the known Greater Bengaluru population; field definition unconfirmed. Not published.,236190,130440,105750,8150,3520,Rajarajeshwari Nagara,Polygon,77.536259,12.930796,234
11,11 - Dodda Bidarakallu,ದೊಡ್ಡ ಬಿದರಕಲ್ಲು,West,ಪಶ್ಚಿಮ,5,Rajarajeshwarinagar,RO- Herohalli,ARO- Dodda Bidarakallu,153 - Yeshwanthapura,153,,UNVERIFIED,Source TOT_P field sums to ~6x the known Greater Bengaluru population; field definition unconfirmed. Not published.,257770,137630,120150,15430,10740,Jayanagar,Polygon,77.491499,13.033676,456
32,32 - Laggere,ಲಗ್ಗೆರೆ,West,ಪಶ್ಚಿಮ,5,Rajarajeshwarinagar,RO- Peenya,ARO- Laggere,154 - Rajarajeshwarinagar,154,,UNVERIFIED,Source TOT_P field sums to ~6x the known Greater Bengaluru population; field definition unconfirmed. Not published.,205080,107140,97940,17630,4980,Bommanahalli,Polygon,77.521686,13.013001,188
100,100 - Srinagar,ಶ್ರೀನಗರ,West,ಪಶ್ಚಿಮ,5,Malleshwaram,RO- Basavanagudi,ARO- Srinagar,170 - Basavanagudi,170,,UNVERIFIED,Source TOT_P field sums to ~6x the known Greater Bengaluru population; field definition unconfirmed. Not published.,192290,99790,92500,5150,6530,Malleswaram,Polygon,77.550816,12.949408,276
74,74 - Pattegar Palya,ಪಟ್ಟೆಗಾರ್ ಪಾಳ್ಯ,West,ಪಶ್ಚಿಮ,5,Malleshwaram,RO- Govindraj Nagar,ARO- Kaveripura,166 - Govindraj Nagar,166,,UNVERIFIED,Source TOT_P field sums to ~6x the known Greater Bengaluru population; field definition unconfirmed. Not published.,204650,107410,97230,9700,5310,Malleswaram,Polygon,77.523925,12.977035,178
26,26 - Samadhana Nagar,ಸಮಾಧಾನ ನಗರ,North,ಉತ್ತರ,2,Byatarayanapura,RO- HBR Layout,ARO- K.G Halli,160 - Sarvagnanagar,160,,UNVERIFIED,Source TOT_P field sums to ~6x the known Greater Bengaluru population; field definition unconfirmed. Not published.,206840,105910,100930,31300,4770,Bommanahalli,Polygon,77.615953,13.023523,231
96,96 - Kathriguppe,ಕತ್ರಿಗುಪ್ಪೆ,West,ಪಶ್ಚಿಮ,5,Malleshwaram,RO- Basavanagudi,ARO- Katriguppe,170 - Basavanagudi,170,,UNVERIFIED,Source TOT_P field sums to ~6x the known Greater Bengaluru population; field definition unconfirmed. Not published.,276960,140640,136320,5570,3720,Malleswaram,Polygon,77.554576,12.929377,272
17,17 - Nagadevanahalli,ನಾಗದೇವನಹಳ್ಳಿ,West,ಪಶ್ಚಿಮ,5,Rajarajeshwarinagar,RO- Kengeri,ARO- Ullal,153 - Yeshwanthapura,153,,UNVERIFIED,Source TOT_P field sums to ~6x the known Greater Bengaluru population; field definition unconfirmed. Not published.,232690,121020,111670,25690,3240,Bommanahalli,Polygon,77.492934,12.939273,216
99,99 - T.R Shamanna Nagar,ಟಿ.ಆರ್.ಶಾಮಣ್ಣ ನಗರ,West,ಪಶ್ಚಿಮ,5,Malleshwaram,RO- Basavanagudi,ARO- Srinagar,170 - Basavanagudi,170,,UNVERIFIED,Source TOT_P field sums to ~6x the known Greater Bengaluru population; field definition unconfirmed. Not published.,222920,113720,109200,8750,3140,Malleswaram,Polygon,77.556628,12.945301,244
103,103 - N.R Colony,ಎನ್.ಆರ್. ಕಾಲೋನಿ,West,ಪಶ್ಚಿಮ,5,Malleshwaram,RO- Basavanagudi,ARO- Srinivasa Nagara,170 - Basavanagudi,170,,UNVERIFIED,Source TOT_P field sums to ~6x the known Greater Bengaluru population; field definition unconfirmed. Not published.,276030,137460,138570,4530,2900,Malleswaram,Polygon,77.569712,12.93692,363
104,104 - Thyagarajnagar,ತ್ಯಾಗರಾಜನಗರ,West,ಪಶ್ಚಿಮ,5,Malleshwaram,RO- Basavanagudi,ARO- Srinivasa Nagara,170 - Basavanagudi,170,,UNVERIFIED,Source TOT_P field sums to ~6x the known Greater Bengaluru population; field definition unconfirmed. Not published.,210820,107860,102960,25420,6610,Malleswaram,Polygon,77.563373,12.931894,375
105,105 - Yediyuru,ಯಡಿಯೂರು,West,ಪಶ್ಚಿಮ,5,Rajarajeshwarinagar,RO- Yediyuru,ARO- Yediyuru,171 - Padmanabanagar,171,,UNVERIFIED,Source TOT_P field sums to ~6x the known Greater Bengaluru population; field definition unconfirmed. Not published.,230230,115980,114250,5740,4110,Rajarajeshwari Nagara,Polygon,77.573301,12.934569,356
101,101 - Kempambudhi Ward,ಕೆಂಪಾಂಬುಧಿ ವಾರ್ಡ್,West,ಪಶ್ಚಿಮ,5,Malleshwaram,RO- Basavanagudi,ARO- Srinagar,170 - Basavanagudi,170,,UNVERIFIED,Source TOT_P field sums to ~6x the known Greater Bengaluru population; field definition unconfirmed. Not published.,193100,99960,93140,9860,4010,Malleswaram,Polygon,77.559146,12.950376,431
111,111 - Ittamadu,ಇಟ್ಟಮಡು,West,ಪಶ್ಚಿಮ,5,Rajarajeshwarinagar,RO- Yediyuru,ARO- Hosakerehalli,171 - Padmanabanagar,171,,UNVERIFIED,Source TOT_P field sums to ~6x the known Greater Bengaluru population; field definition unconfirmed. Not published.,190280,99710,90560,10100,1440,Rajarajeshwari Nagara,Polygon,77.539962,12.921072,263
75,75 - Marenahalli West,ಮಾರೇನಹಳ್ಳಿ ಪಶ್ಚಿಮ,West,ಪಶ್ಚಿಮ,5,Malleshwaram,RO- Chandra Layout,ARO- Marenahalli,166 - Govindraj Nagar,166,,UNVERIFIED,Source TOT_P field sums to ~6x the known Greater Bengaluru population; field definition unconfirmed. Not published.,239150,124150,115000,10820,3910,Malleswaram,Polygon,77.528596,12.971827,128
109,109 - Kamakya Layout,ಕಾಮಕ್ಯ ಲೇಔಟ್,West,ಪಶ್ಚಿಮ,5,Rajarajeshwarinagar,RO- Yediyuru,ARO- Ganesh Mandir,171 - Padmanabanagar,171,,UNVERIFIED,Source TOT_P field sums to ~6x the known Greater Bengaluru population; field definition unconfirmed. Not published.,281510,141740,139770,5440,3070,Rajarajeshwari Nagara,Polygon,77.549256,12.922285,273
110,110 - Chikkalasandra,ಚಿಕ್ಕಲ್ಲಸಂದ್ರ,West,ಪಶ್ಚಿಮ,5,Rajarajeshwarinagar,RO- Yediyuru,ARO- Hosakerehalli,171 - Padmanabanagar,171,,UNVERIFIED,Source TOT_P field sums to ~6x the known Greater Bengaluru population; field definition unconfirmed. Not published.,202420,106630,95790,3150,1610,Rajarajeshwari Nagara,Polygon,77.545753,12.920111,127
106,106 - Devagiri Temple Ward,ದೇವಗಿರಿ ದೇವಸ್ಥಾನ ವಾರ್ಡ್,West,ಪಶ್ಚಿಮ,5,Rajarajeshwarinagar,RO- Yediyuru,ARO- Yediyuru,171 - Padmanabanagar,171,,UNVERIFIED,Source TOT_P field sums to ~6x the known Greater Bengaluru population; field definition unconfirmed. Not published.,193520,96980,96540,16030,3230,Rajarajeshwari Nagara,Polygon,77.571352,12.92992,251
108,108 - Ganesh Mandira Ward,ಗಣೇಶ್ ಮಂದಿರಾ ವಾರ್ಡ್,West,ಪಶ್ಚಿಮ,5,Rajarajeshwarinagar,RO- Yediyuru,ARO- Ganesh Mandir,171 - Padmanabanagar,171,,UNVERIFIED,Source TOT_P field sums to ~6x the known Greater Bengaluru population; field definition unconfirmed. Not published.,242650,121330,121330,7740,2470,Rajarajeshwari Nagara,Polygon,77.561585,12.926017,209
76,76 - Moodalapalya,ಮೂಡಲಪಾಳ್ಯ,West,ಪಶ್ಚಿಮ,5,Malleshwaram,RO- Chandra Layout,ARO- Marenahalli,166 - Govindraj Nagar,166,,UNVERIFIED,Source TOT_P field sums to ~6x the known Greater Bengaluru population; field definition unconfirmed. Not published.,195900,101680,94210,11220,4030,Malleswaram,Polygon,77.51924,12.97214,238
53,53 - Malleshwaram,ಮಲ್ಲೇಶ್ವರಂ,West,ಪಶ್ಚಿಮ,5,Malleshwaram,RO- Malleshwaram,ARO- Malleshwaram,157 - Malleshwaram,157,,UNVERIFIED,Source TOT_P field sums to ~6x the known Greater Bengaluru population; field definition unconfirmed. Not published.,218270,106650,111620,4790,1940,Bommanahalli,Polygon,77.564054,13.005898,146
91,91 - Gali Anjaneya Temple Ward,ಗಾಳಿ ಆಂಜನೇಯ ದೇವಸ್ಥಾನ ವಾರ್ಡ್,West,ಪಶ್ಚಿಮ,5,Malleshwaram,RO- Vijayanagar,ARO- Gali Anjaneya Temple,167 - Vijayanagar,167,,UNVERIFIED,Source TOT_P field sums to ~6x the known Greater Bengaluru population; field definition unconfirmed. Not published.,228410,118070,110340,22690,6880,Malleswaram,Polygon,77.539537,12.954273,246
40,40 - Mahalakshmipuram,ಮಹಾಲಕ್ಷ್ಮಿಪುರಂ,West,ಪಶ್ಚಿಮ,5,Rajarajeshwarinagar,RO- Mahalakshmi Layout,ARO- Mahalakshmipuram,156 - Mahalakshmi Layout,156,,UNVERIFIED,Source TOT_P field sums to ~6x the known Greater Bengaluru population; field definition unconfirmed. Not published.,281250,146100,135150,28020,3160,Jayanagar,Polygon,77.541122,13.009415,156
30,30 - Kempegowda Layout,ಕೆಂಪೇಗೌಡ ಬಡಾವಣೆ,West,ಪಶ್ಚಿಮ,5,Rajarajeshwarinagar,RO- Peenya,ARO- Laggere,154 - Rajarajeshwarinagar,154,,UNVERIFIED,Source TOT_P field sums to ~6x the known Greater Bengaluru population; field definition unconfirmed. Not published.,200260,104340,95920,9300,4620,Bommanahalli,Polygon,77.525933,13.003363,337
62,62 - Rama Mandira,ರಾಮ ಮಂದಿರ,West,ಪಶ್ಚಿಮ,5,Malleshwaram,RO- Rajajinagara,ARO- Rama Mandira,165 - Rajajinagar,165,,UNVERIFIED,Source TOT_P field sums to ~6x the known Greater Bengaluru population; field definition unconfirmed. Not published.,223220,112410,110820,4980,1770,Bommanahalli,Polygon,77.553647,12.982628,120
43,43 - Kethamaranahalli,ಕೇತಮಾರನಹಳ್ಳಿ,West,ಪಶ್ಚಿಮ,5,Rajarajeshwarinagar,RO- Mahalakshmi Layout,ARO- Shankar Mutt,156 - Mahalakshmi Layout,156,,UNVERIFIED,Source TOT_P field sums to ~6x the known Greater Bengaluru population; field definition unconfirmed. Not published.,281540,143150,138390,13290,3460,Jayanagar,Polygon,77.545367,12.999783,469
1,1 - Nagasandra,ನಾಗಸಂದ್ರ,West,ಪಶ್ಚಿಮ,5,Rajarajeshwarinagar,RO- Hegganahalli,ARO- Nagasandra,155 - Dasarahalli,155,,UNVERIFIED,Source TOT_P field sums to ~6x the known Greater Bengaluru population; field definition unconfirmed. Not published.,249740,136700,113040,17430,8170,Jayanagar,Polygon,77.501371,13.038039,273
45,45 - Shakthi Ganapathi Nagara,ಶಕ್ತಿ ಗಣಪತಿ ನಗರ,West,ಪಶ್ಚಿಮ,5,Rajarajeshwarinagar,RO- Mahalakshmi Layout,ARO- Kamalanagara,156 - Mahalakshmi Layout,156,,UNVERIFIED,Source TOT_P field sums to ~6x the known Greater Bengaluru population; field definition unconfirmed. Not published.,208380,106950,101430,33500,2630,Jayanagar,Polygon,77.53234,12.993599,145
78,78 - Anubhava Nagara,ಅನುಭವ ನಗರ,West,ಪಶ್ಚಿಮ,5,Malleshwaram,RO- Chandra Layout,ARO- Maruthi Mandira,166 - Govindraj Nagar,166,,UNVERIFIED,Source TOT_P field sums to ~6x the known Greater Bengaluru population; field definition unconfirmed. Not published.,233750,120250,113500,10450,3170,Malleswaram,Polygon,77.521429,12.965897,273
94,94 - Deepanjali Nagara,ದೀಪಾಂಜಲಿ ನಗರ,West,ಪಶ್ಚಿಮ,5,Malleshwaram,RO- Hampi Nagar,ARO- Hampi Nagar,167 - Vijayanagar,167,,UNVERIFIED,Source TOT_P field sums to ~6x the known Greater Bengaluru population; field definition unconfirmed. Not published.,275610,144570,131040,34490,5860,Malleswaram,Polygon,77.535966,12.942358,304
84,84 - Hosahalli,ಹೊಸಹಳ್ಳಿ,West,ಪಶ್ಚಿಮ,5,Malleshwaram,RO- Vijayanagar,ARO- Hosahalli,167 - Vijayanagar,167,,UNVERIFIED,Source TOT_P field sums to ~6x the known Greater Bengaluru population; field definition unconfirmed. Not published.,279660,144170,135480,30200,3760,Malleswaram,Polygon,77.541249,12.966287,145
6,6 - Shivapura,ಶಿವಪುರ,West,ಪಶ್ಚಿಮ,5,Rajarajeshwarinagar,RO- Hegganahalli,ARO- Shivapura,155 - Dasarahalli,155,,UNVERIFIED,Source TOT_P field sums to ~6x the known Greater Bengaluru population; field definition unconfirmed. Not published.,264080,142810,121170,36470,9580,Jayanagar,Polygon,77.504989,13.014373,299
42,42 - Raja Mayura Varma Ward,ರಾಜ ಮಯೂರ ವರ್ಮಾ ವಾರ್ಡ್,West,ಪಶ್ಚಿಮ,5,Rajarajeshwarinagar,RO- Mahalakshmi Layout,ARO- Shankar Mutt,156 - Mahalakshmi Layout,156,,UNVERIFIED,Source TOT_P field sums to ~6x the known Greater Bengaluru population; field definition unconfirmed. Not published.,275230,143710,131520,8960,2790,Jayanagar,Polygon,77.529806,13.002617,289
44,44 - Shankar Mutt,ಶಂಕರ ಮಠ,West,ಪಶ್ಚಿಮ,5,Rajarajeshwarinagar,RO- Mahalakshmi Layout,ARO- Shankar Mutt,156 - Mahalakshmi Layout,156,,UNVERIFIED,Source TOT_P field sums to ~6x the known Greater Bengaluru population; field definition unconfirmed. Not published.,283580,145780,137790,31910,4280,Jayanagar,Polygon,77.529915,12.997916,169
36,36 - Nalwadi Krishnaraja Wadiyar Ward,ನಾಲ್ವಡಿ ಕೃಷ್ಣರಾಜ ಒಡೆಯರ್ ವಾರ್ಡ್,West,ಪಶ್ಚಿಮ,5,Rajarajeshwarinagar,RO- Mahalakshmi Layout,ARO- Nandhini Layout,156 - Mahalakshmi Layout,156,,UNVERIFIED,Source TOT_P field sums to ~6x the known Greater Bengaluru population; field definition unconfirmed. Not published.,282810,146300,136500,45010,5030,Jayanagar,Polygon,77.546592,13.017904,287
37,37 - Dr. Puneeth Rajkumar Ward,ಡಾ. ಪುನೀತ್ ರಾಜ್‌ಕುಮಾರ್ ವಾರ್ಡ್,West,ಪಶ್ಚಿಮ,5,Rajarajeshwarinagar,RO- Mahalakshmi Layout,ARO- Nandhini Layout,156 - Mahalakshmi Layout,156,,UNVERIFIED,Source TOT_P field sums to ~6x the known Greater Bengaluru population; field definition unconfirmed. Not published.,251260,131730,119530,34210,4400,Jayanagar,Polygon,77.536593,13.018634,368
85,85 - Adi Chunchanagiri Ward,ಆದಿ ಚುಂಚನಗಿರಿ ವಾರ್ಡ್,West,ಪಶ್ಚಿಮ,5,Malleshwaram,RO- Vijayanagar,ARO- Hosahalli,167 - Vijayanagar,167,,UNVERIFIED,Source TOT_P field sums to ~6x the known Greater Bengaluru population; field definition unconfirmed. Not published.,264630,135160,129470,13090,3410,Malleswaram,Polygon,77.546602,12.966018,407
67,67 - Basaveshwara Nagara,ಬಸವೇಶ್ವರ ನಗರ,West,ಪಶ್ಚಿಮ,5,Malleshwaram,RO- Basaveshwara Nagara,ARO- Basaveshwara Nagara,165 - Rajajinagar,165,,UNVERIFIED,Source TOT_P field sums to ~6x the known Greater Bengaluru population; field definition unconfirmed. Not published.,207690,103820,103870,10520,2590,Bommanahalli,Polygon,77.539441,12.992426,384
39,39 - Jai Maruthi Nagar,ಜೈ ಮಾರುತಿ ನಗರ,West,ಪಶ್ಚಿಮ,5,Rajarajeshwarinagar,RO- Mahalakshmi Layout,ARO- Mahalakshmipuram,156 - Mahalakshmi Layout,156,,UNVERIFIED,Source TOT_P field sums to ~6x the known Greater Bengaluru population; field definition unconfirmed. Not published.,271660,139190,132470,17540,5020,Jayanagar,Polygon,77.532198,13.009684,395
46,46 - Kamalanagara,ಕಮಲಾನಗರ,West,ಪಶ್ಚಿಮ,5,Rajarajeshwarinagar,RO- Mahalakshmi Layout,ARO- Kamalanagara,156 - Mahalakshmi Layout,156,,UNVERIFIED,Source TOT_P field sums to ~6x the known Greater Bengaluru population; field definition unconfirmed. Not published.,281960,147490,134470,33980,3830,Jayanagar,Polygon,77.525306,12.993605,290
47,47 - Vrishabhavathi Nagar,ವೃಷಭಾವತಿ ನಗರ,West,ಪಶ್ಚಿಮ,5,Rajarajeshwarinagar,RO- Mahalakshmi Layout,ARO- Kamalanagara,156 - Mahalakshmi Layout,156,,UNVERIFIED,Source TOT_P field sums to ~6x the known Greater Bengaluru population; field definition unconfirmed. Not published.,283460,152730,130740,5080,4830,Jayanagar,Polygon,77.525862,12.987388,357
98,98 - Ashoka Nagara,ಅಶೋಕ ನಗರ,West,ಪಶ್ಚಿಮ,5,Malleshwaram,RO- Basavanagudi,ARO- Hanumanthanagar,170 - Basavanagudi,170,,UNVERIFIED,Source TOT_P field sums to ~6x the known Greater Bengaluru population; field definition unconfirmed. Not published.,284200,148130,136070,3670,2240,Malleswaram,Polygon,77.555293,12.938921,304
8,8 - Hegganahalli,ಹೆಗ್ಗನಹಳ್ಳಿ,West,ಪಶ್ಚಿಮ,5,Rajarajeshwarinagar,RO- Hegganahalli,ARO- Hegganahalli,155 - Dasarahalli,155,,UNVERIFIED,Source TOT_P field sums to ~6x the known Greater Bengaluru population; field definition unconfirmed. Not published.,284160,151610,132550,20050,6040,Jayanagar,Polygon,77.512829,13.001988,403
50,50 - Sadashiva Nagara,ಸದಾಶಿವ ನಗರ,West,ಪಶ್ಚಿಮ,5,Malleshwaram,RO- Malleshwaram,ARO- Mathikere,157 - Malleshwaram,157,,UNVERIFIED,Source TOT_P field sums to ~6x the known Greater Bengaluru population; field definition unconfirmed. Not published.,195960,101430,94530,17770,4830,Jayanagar,Polygon,77.577569,13.022415,378
48,48 - Azad Nagar,ಆಜಾದ್ ನಗರ,Central,ಕೇಂದ್ರ,1,Gandhinagara,RO - Chamrajapet,ARO- Azad Nagar,168 - Chamrajapet,168,,UNVERIFIED,Source TOT_P field sums to ~6x the known Greater Bengaluru population; field definition unconfirmed. Not published.,202700,102600,100100,14460,9560,Jayanagar,Polygon,77.556708,12.955116,415
56,56 - Gopalpura,ಗೋಪಾಲಪುರ,Central,ಕೇಂದ್ರ,1,Gandhinagara,RO - Gandhinagara,ARO- Binnypete,164 - Gandhinagara,164,,UNVERIFIED,Source TOT_P field sums to ~6x the known Greater Bengaluru population; field definition unconfirmed. Not published.,269860,137890,131970,66550,3380,Bommanahalli,Polygon,77.560694,12.978521,376
57,57 - Cottonpete,ಕಾಟನ್‌ಪೇಟೆ,Central,ಕೇಂದ್ರ,1,Gandhinagara,RO - Gandhinagara,ARO- Chickpete,164 - Gandhinagara,164,,UNVERIFIED,Source TOT_P field sums to ~6x the known Greater Bengaluru population; field definition unconfirmed. Not published.,271470,144260,127200,8710,1930,Bommanahalli,Polygon,77.570568,12.968967,399
54,54 - Binnypete,ಬಿನ್ನಿಪೇಟೆ,Central,ಕೇಂದ್ರ,1,Gandhinagara,RO - Gandhinagara,ARO- Binnypete,164 - Gandhinagara,164,,UNVERIFIED,Source TOT_P field sums to ~6x the known Greater Bengaluru population; field definition unconfirmed. Not published.,250180,128540,121640,55120,5830,Bommanahalli,Polygon,77.559358,12.966922,355
47,47 - IPD Salappa Ward,ಐಪಿಡಿ ಸಾಲಪ್ಪ ವಾರ್ಡ್,Central,ಕೇಂದ್ರ,1,Gandhinagara,RO - Chamrajapet,ARO- Azad Nagar,168 - Chamrajapet,168,,UNVERIFIED,Source TOT_P field sums to ~6x the known Greater Bengaluru population; field definition unconfirmed. Not published.,206220,104790,101430,107390,2190,Jayanagar,Polygon,77.561381,12.964597,346
61,61 - Da.Ra. Bendre Ward,ದ.ರಾ.ಬೇಂದ್ರೆ ವಾರ್ಡ್,West,ಪಶ್ಚಿಮ,5,Malleshwaram,RO- Rajajinagara,ARO- Rama Mandira,165 - Rajajinagar,165,,UNVERIFIED,Source TOT_P field sums to ~6x the known Greater Bengaluru population; field definition unconfirmed. Not published.,207560,107430,100130,13970,1700,Bommanahalli,Polygon,77.55861,12.981841,378
