# OpenStreetMap localities for bengaluru (T3, ODbL). name_local is the local-script name where OSM carries one.
name,name_local,place_type,lat,lng
Anekal,ಆನೇಕಲ್,town,12.708637,77.699397
Sarjapura,ಸರ್ಜಾಪುರ,town,12.860087,77.786135
Karappanahalli,ಕರಪನಹಳ್ಳಿ,village,13.165441,77.883706
Devanahalli,ದೇವನಹಳ್ಳಿ,town,13.24835,77.713438
Vidyaranyapura,ವಿದ್ಯಾರಣ್ಯಪುರ,suburb,13.076641,77.557732
Bidadi,ಬಿಡದಿ,town,12.798851,77.386995
Kannuru,ಕಣ್ಣೂರು,village,13.092325,77.653897
Domlur,ದೊಮ್ಮಲೂರು,quarter,12.962467,77.638196
Kodihalli,ಕೋಡಿಹಳ್ಳಿ,quarter,12.962845,77.647902
Whitefield,ವೈಟ್‌ಫೀಲ್ಡ್‌,suburb,12.969637,77.749745
Brookefield,ಬ್ರೂಕ್ ಫೀಲ್ಡ್ಸ್,quarter,12.965209,77.717936
Srirampura,ರಾಮಪುರ,neighbourhood,13.066029,77.619681
R K Hegde Nagara,ಹೆಗ್ಡೆನಗರ,quarter,13.072035,77.633391
Shabarinagara,ಶಬರಿನಗರ,neighbourhood,13.071362,77.63794
Honnenahalli,ಹೊನ್ನೇನಹಳ್ಳಿ,village,13.159864,77.566459
Rajanakunte,ರಾಜನಕುಂಟೆ,village,13.16919,77.563944
Kothanur,ಕೊತನೂರು,quarter,13.06136,77.649389
Geddalahalli,ಗೆದ್ದಲಹಳ್ಳಿ,neighbourhood,13.029873,77.576901
Bileshivale,ಬಿಳಿಶಿವಾಲೆ,village,13.054331,77.671022
Dodda Gubbi,ದೊಡ್ಡ ಗುಬ್ಬಿ,village,13.071204,77.673177
Kyalasanahalli,ಕ್ಯಾಲಸನಹಳ್ಳಿ,village,13.056458,77.659132
Anagalapura,ಅಣಗಲಪುರ,village,13.068759,77.682187
Bande Bommasandra,ಬಂಡೆ ಬೊಮ್ಮಸಂದ್ರ,village,13.076558,77.680979
Chikkabyrathi,ಚಿಕ್ಕಬೈರತಿ,neighbourhood,13.055321,77.649503
Byrathi,ಭೈರತಿ,neighbourhood,13.056353,77.652099
Seshadripuram,ಶೇಷಾದ್ರಿಪುರಂ,quarter,12.993188,77.575342
Malleswaram,ಮಲ್ಲೇಶ್ವರಂ,suburb,13.002735,77.570325
Sampangirama Nagar,ಸಂಪಾಂಗಿರಾಮನಗರ,neighbourhood,12.966456,77.592261
Shanti Nagar,ಶಾಂತಿನಗರ,suburb,12.955537,77.592428
Shivajinagar,ಶಿವಾಜಿನಗರ,suburb,12.985529,77.60545
Gandhinagar,ಗಾಂಧಿನಗರ,suburb,12.977153,77.580031
VV Puram,ವಿಶ್ವೇಶ್ವರಪುರಂ,quarter,12.953183,77.57611
Jayanagar,ಜಯನಗರ,suburb,12.929273,77.582423
JP Nagar,ಜಯಪ್ರಕಾಶ ನಾರಾಯಣ ನಗರ,suburb,12.909694,77.586607
Banashankari 2nd Stage,ಬನಶಂಕರಿ,quarter,12.926867,77.563719
Chamarajapete,ಚಾಮರಾಜಪೇಟೆ,suburb,12.958418,77.562916
Sriramapuram,ಶ್ರೀರಾಮಪುರಂ,quarter,12.990987,77.563809
Rajajinagar,ರಾಜಾಜಿನಗರ,suburb,12.988234,77.554883
Vijaya Nagar,ವಿಜಯನಗರ,suburb,12.966399,77.535409
Hampi Nagar,ಹಂಪಿನಗರ,quarter,12.960911,77.535841
Mavalli,ಮಾವಳ್ಳಿ,neighbourhood,12.952848,77.581964
Madiwala,ಮಡಿವಾಳ,quarter,12.923815,77.617629
Koramangala,ಕೋರಮಂಗಲ,suburb,12.935737,77.624081
Adugodi,ಅಡುಗೊಡಿ,quarter,12.944023,77.608887
Wilson Garden,ವಿಲ್ಸನ್ ಗಾರ್ಡನ್,quarter,12.948934,77.596827
Austin Town,ಆಸ್ಟಿನ್ ರಸ್ತೆ,suburb,12.961274,77.615294
Ashok Nagar,ಅಶೋಕ ನಗರ,quarter,12.969436,77.609232
Viveknagar,ವಿವೇಕನಗರ,neighbourhood,12.952925,77.623137
Ejipura,ಈಜಿಪುರ,quarter,12.945245,77.627478
Cubbonpet,ಕಬ್ಬನ್ ಪೇಟೆ,neighbourhood,12.968499,77.585229
Old Tharagupete,ಹಳೆ ತರಗುಪೇಟೆ,neighbourhood,12.967815,77.576627
Sowrashtrapet,ಸೌರಾಷ್ಟ್ರಪೇಟೆ,locality,12.972576,77.573524
Sultanpete,ಸುಲ್ತಾನ್ ಪೇಟೆ,neighbourhood,12.969938,77.573875
Ranasingpete,ರಣಸಿಂಗಪೇಟೆ,neighbourhood,12.967544,77.572459
Chikkapete,ಚಿಕ್ಕಪೇಟೆ,suburb,12.969784,77.57569
Balepet,ಬಾಳೆಪೇಟೆ,neighbourhood,12.973118,77.575932
Kalasipalyam,ಕಲಾಸಿಪಾಳ್ಯಂ,quarter,12.958189,77.576815
Marenahalli,ಮರೆನಹಳ್ಳಿ,neighbourhood,12.968774,77.530639
Basavanagudi,ಬಸವನಗುಡಿ,suburb,12.941726,77.575502
Benson Town,ಬೆನ್ಸನ್ ಟೌನ್,quarter,12.997343,77.603681
RT Nagar,ರವೀಂದ್ರನಾಥ ಠಾಗೋರ್ ನಗರ,suburb,13.02272,77.595715
Ganga Nagar,ಗಂಗಾನಗರ,quarter,13.023247,77.588357
Frazer Town,ಫ್ರೇಜರ್ ಟೌನ್,suburb,12.997585,77.613674
Cox Town,ಕಾಕ್ಸ್ ಟೌನ್,quarter,12.995483,77.623926
Richards Town,ರಿಚರ್ಡ್ಸ್ ಟೌನ್,quarter,13.004237,77.61706
Yelahanka,ಯಲಹಂಕ,suburb,13.100698,77.596345
Mathikere,ಮತ್ತಿಕೆರೆ,suburb,13.033359,77.558179
BEL Colony,ಬಿಇಎಲ್ ಕಾಲೋನಿ,neighbourhood,13.04707,77.553905
Jalahalli,ಜಾಲಹಳ್ಳಿ,suburb,13.046453,77.54838
Ramapura,ರಾಮಪುರ,village,13.052449,77.691284
Aduru,ಆದೂರು,village,13.055936,77.705143
Hirandahalli,ಹಿರಂಡಹಳ್ಳಿ,village,13.046808,77.722781
Bidarahalli,ಬೀದರಹಳ್ಳಿ,village,13.060555,77.715606
Gundur,ಗುಂಡೂರು,village,13.086895,77.714189
Chimasandra,ಚೀಮಸಂದ್ರ,village,13.047862,77.738916
Avalahalli,ಅವಲಹಳ್ಳಿ,quarter,12.943746,77.540204
Kalkere,ಕಾಲ್ಕೆರೆ,neighbourhood,13.03509,77.673808
Jayantinagara,ಜಯಂತಿನಗರ,neighbourhood,13.027639,77.665937
Byappanahalli,ಬೈಪನಹಳ್ಳಿ,village,13.072126,77.720016
Marathahalli,ಮಾರತಹಳ್ಳಿ,suburb,12.955257,77.698416
Ashwath Nagar,ಅಶ್ವಥ ನಗರ,neighbourhood,12.958255,77.703124
Hemanth Nagar,ಹೇಮಂತನಗರ,locality,12.960877,77.702227
Ananda Nagara,ಆನಂದ ನಗರ,neighbourhood,12.961037,77.700531
Doddanekundi,ದೊಡ್ಡನೆಕುಂದಿ,quarter,12.971319,77.696477
KR Puram,ಕೃಷ್ಣರಾಜಪುರ,suburb,13.007516,77.695935
ITI Colony,,neighbourhood,13.033873,77.567846
Ramamurthy Nagar,ರಾಮಮೂರ್ತಿ ನಗರ,suburb,13.012022,77.677782
Kasturi Nagar,ಕಸ್ತೂರಿ ನಗರ,quarter,13.004498,77.660323
Poojappa Layout,ಪೂಜಪ್ಪ ಲೇಔಟ್,neighbourhood,13.034789,77.643524
Babusabpalya,ಬಾಬುಸಪಾಳ್ಯ,neighbourhood,13.028352,77.650469
GNR Gardens,ಜಿಎನ್ಆರ್ ಗಾರ್ಡನ್ಸ್,neighbourhood,13.029946,77.646366
Baiyyappanahalli,ಬೈಯಪ್ಪನಹಳ್ಳಿ,suburb,12.996341,77.65332
Banaswadi,ಬಾಣಸವಾಡಿ,suburb,13.014162,77.651854
Yeswanthpur,ಯಶ್ವಂತಪುರ,suburb,13.022184,77.553082
Nandini Layout,ನಂದಿನಿ ಲೇಔಟ್,quarter,13.011974,77.534826
Bommanahalli,ಬೊಮ್ಮನಹಳ್ಳಿ,quarter,12.908945,77.623904
BTM Layout,ಬಿಟಿಎಂ ಲೇಔಟ್,suburb,12.914001,77.610282
Puttenahalli,ಪುಟ್ಟೆನಹಳ್ಳಿ,neighbourhood,13.110425,77.580759
Padmanabha Nagar,ಪದ್ಮನಾಭ ನಗರ,quarter,12.916279,77.556075
ISRO Layout,ಇಸ್ರೋ ಬಡಾವಣೆ,quarter,12.897428,77.557383
Kumaraswamy Layout,ಕುಮಾರಸ್ವಾಮಿ ಬಡಾವಣೆ,quarter,12.906768,77.559502
Rajarajeshwari Nagar,ರಾಜರಾಜೇಶ್ವರಿ ನಗರ,suburb,12.927441,77.515522
Jnana Bharathi,ಜ್ಞಾನ ಭಾರತಿ,suburb,12.943349,77.511233
Goragunte Palya,ಗೊರಗುಂಟೆ ಪಾಳ್ಯ,quarter,13.026772,77.5374
Indiranagar,ಇಂದಿರಾನಗರ,suburb,12.973291,77.640467
Iblur,ಇಬ್ಬಲೂರು,quarter,12.922544,77.663343
Bellanduru,ಬೆಳ್ಳಂದೂರು,suburb,12.929211,77.677042
HSR Layout,ಎಚ್ಎಸ್ಆರ್ ಲೇಔಟ್,suburb,12.911623,77.638862
Anjanapura,ಅಂಜನಾಪುರ,suburb,12.860131,77.554059
Okalipuram,ಓಕಳಿಪುರಂ,quarter,12.983282,77.566032
Ramachandra Pura,ರಾಮಚಂದ್ರಪುರ,neighbourhood,12.985184,77.562222
Kengeri,ಕೆಂಗೇರಿ,suburb,12.922973,77.484293
Jayamahal Extension,ಜಯಮಹಲ್ ಎಕ್ಸ್‌ಟೆನ್ಷನ್,neighbourhood,13.001106,77.596958
Anantnagar,ಅನಂತನಗರ,neighbourhood,12.837595,77.686558
Electronics City Phase 1,ಎಲ್ಕಟ್ರಾನಿಕ್ಸ್ ಸಿಟಿ ೧ನೇ ಹಂತ,quarter,12.849678,77.664975
Konappana Agrahara,ಕೋನಪ್ಪನ ಅಗ್ರಹಾರ,neighbourhood,12.852862,77.668169
Hebbagodi,ಹೆಬ್ಬಗೋಡಿ,neighbourhood,12.826702,77.679975
Bettadasanpura,ಬೆಟ್ಟದಸನಪುರ,neighbourhood,12.84204,77.632251
Neelasandra,ನೀಲಸಂದ್ರ,quarter,12.952179,77.614092
Rajendranagar,ರಾಜೇಂದ್ರ ನಗರ,neighbourhood,12.946637,77.617496
Austin Town BDA Layout,ಆಷ್ಟಿನ್ ಟೌನ್,neighbourhood,12.956672,77.615386
Shanthala Nagar,ಶಾಂತಲಾ ನಗರ,quarter,12.971417,77.599439
Sadashivanagar,ಸದಾಶಿವನಗರ,suburb,13.011019,77.580864
Subrahmanya Nagar,ಸುಬ್ರಹ್ಮಣ್ಯ ನಗರ,quarter,13.004445,77.556799
Guttahalli,ಗುಟ್ಟಹಳ್ಳಿ,quarter,13.000417,77.580386
Vasanth Nagar,ವಸಂತ ನಗರ,suburb,12.992174,77.591459
Hesaraghatta,ಹೆಸರಘಟ್ಟ,village,13.139398,77.478363
Siddartha Nagar,ಸಿದ್ಧಾರ್ಥನಗರ,locality,13.046636,77.527844
Bismillah Nagar,ಬಿಸ್ಮಿಲ್ಲಾ ನಗರ,neighbourhood,12.926338,77.603385
NAL Layout,ಎನ್ಎಎಲ್ ಬಡಾವಣೆ,neighbourhood,12.925391,77.598892
RBI Colony,,neighbourhood,13.028778,77.58855
Rajanna Layout,ರಾಜಣ್ಣ ಬಡಾವಣೆ,locality,12.930774,77.5969
Canara Bank Colony,ಕೆನರಾ ಬ್ಯಾಂಕ್ ಕಲೋನಿ,neighbourhood,12.93119,77.590894
LIC Colony,ಎಲ್ಐಸಿ ಕಾಲೋನಿ,neighbourhood,12.969071,77.654209
Tilak Nagar,ತಿಲಕ್ ನಗರ,neighbourhood,12.927588,77.594712
Jayanagar 8th Block,ಜಯನಗರ ೮ನೇ ಬಡಾವಣೆ,quarter,12.919715,77.577631
Jayanagar 4th Block,ಜಯನಗರ ೪ನೇ ಬಡಾವಣೆ,quarter,12.926574,77.583504
Jayanagar 5th Block,ಜಯನಗರ ೫ನೇ ಬಡಾವಣೆ,quarter,12.919604,77.583381
Jayanagar 7th Block,ಜಯನಗರ ೭ನೇ ಬಡಾವಣೆ,quarter,12.925465,77.57755
IAS Officers Colony,ಐಎಎಸ್ ಅಧಿಕಾರಿಗಳ ಕಾಲೋನಿ,neighbourhood,12.911592,77.611496
Jayanagar 4T Block,ಜಯನಗರ ೪ನೇ ಟಿ ಹಂತ,quarter,12.923788,77.592243
MICO Layout,ಮಿಕೊ ಬಡಾವಣೆ,neighbourhood,12.912829,77.602836
Jayanagar 9th Block,ಜಯನಗರ ೯ನೇ ಬ್ಲಾಕ್,quarter,12.918999,77.592127
JP Nagar 1st Phase,ಜೆಪಿನಗರ ೧ನೇ ಹಂತ,quarter,12.911915,77.579887
JP Nagar 2nd Phase,ಜೆಪಿನಗರ ೨ನೇ ಹಂತ,quarter,12.911841,77.590567
JP Nagar 3rd Phase,ಜೆಪಿ ನಗರ ೩ನೇ ಹಂತ,quarter,12.911785,77.597619
Anchepalya,ಅಂಚೇಪಾಳ್ಯ,neighbourhood,12.891466,77.45886
Madhavara,ಮಾದವಾರ,suburb,13.053199,77.472968
Madanayakanahalli,ಮಾದನಾಯಕನಹಳ್ಳಿ,village,13.059247,77.461511
Koramangala 2nd Block,ಕೋರಮಂಗಲ ೨ನೇ ಬ್ಲಾಕ್,neighbourhood,12.924369,77.624243
MS Palaya,ಮೊಹಮ್ಮದ್ ಸಾಬ್ ಪಾಳ್ಯ,quarter,13.082861,77.546805
Kammagondanahalli,ಕಮ್ಮಗೊಂಡನಹಳ್ಳಿ,quarter,13.062031,77.535475
Doddabomasandra,ದೊಡ್ಡಬೊಮ್ಮಸಂದ್ರ,quarter,13.062754,77.558513
Kattigenahalli,ಕಟ್ಟಿಗೇನಹಳ್ಳಿ,village,13.117774,77.626122
Indiranagar 1st Stage,ಇಂದಿರಾನಗರ ೧ನೇ ಹಂತ,neighbourhood,12.979342,77.639153
Indiranagar 2nd Stage,ಇಂದಿರಾನಗರ ೨ನೇ ಹಂತ,neighbourhood,12.977086,77.63869
Motappanapalya,ಮೊಟ್ಟಪ್ಪನಪಾಳ್ಯ,neighbourhood,12.973165,77.638873
Jeevan Bhima Nagar,ಜೀವನ ಭೀಮ ನಗರ,quarter,12.967807,77.656837
Domlur 1st Stage,ದೊಮ್ಮಲೂರು ೧ನೇ ಹಂತ,neighbourhood,12.959142,77.637791
New Thippasandra,ಹೊಸ ತಿಪ್ಪಸಂದ್ರ,neighbourhood,12.973696,77.653693
Vimanapura,ವಿಮಾನಪುರ,quarter,12.96218,77.663546
Murugeshpalaya,ಮುರುಗೇಶಪಾಳ್ಯ,quarter,12.956128,77.657571
NR Colony,ನಂಜರೆಡ್ಡಿ ಕಾಲೋನಿ,neighbourhood,12.961777,77.65675
Konena Agrahara,ಕೊನೆನ ಅಗ್ರಹಾರ,neighbourhood,12.958606,77.662337
Cooke Town,ಕುಕ್ ಟೌನ್,quarter,13.0022,77.625181
RMV 2nd Stage,ರಾಜ್ ಮಹಲ್ ವಿಲಾಸ್,suburb,13.036011,77.569529
Hebbal,ಹೆಬ್ಬಾಳು,suburb,13.038218,77.5919
Sanjay Nagara,ಸಂಜಯನಗರ,quarter,13.036499,77.577971
RMV 2nd Stage 2nd Block,ಆರ್‌ಎಂವಿ ೨ನೇ ಹಂತ - ೨ನೇ ಬ್ಲಾಕ್,neighbourhood,13.028743,77.575027
Sundar Nagar,ಸುಂದರನಗರ,neighbourhood,13.040538,77.558832
Sahakaranagara,ಸಹಕಾರನಗರ,suburb,13.062907,77.585882
Arkavathy Layout,ಅರ್ಕಾವತಿ ಬಡಾವಣೆ,suburb,13.067129,77.621897
Arkavathy Layout 7th Block,ಅರ್ಕಾವತಿ ಬಡಾವಣೆ ೭ನೇ ಹಂತ,neighbourhood,13.074716,77.609823
Arkavathy Layout 1st Block,ಅರ್ಕಾವತಿ ಬಡಾವಣೆ ೧ನೇ ಹಂತ,neighbourhood,13.084039,77.608321
Jakkur,ಜಕ್ಕೂರು,suburb,13.078474,77.606894
Arkavathy Layout 3rd Block,ಅರ್ಕಾವತಿ ಬಡಾವಣೆ ೩ನೇ ಹಂತ,neighbourhood,13.075755,77.620343
MCECHS Layout,ಎಂಸಿಇಸಿಎಚ್ಎಸ್ ಲೇಔಟ್,neighbourhood,13.07258,77.615245
Telecom Layout,ಟೆಲಿಕಾಂ ಲೇಔಟ್,neighbourhood,13.069178,77.615477
Chikkagubbi,ಚಿಕ್ಕಗುಬ್ಬಿ,village,13.080607,77.666222
Gollahalli,ಗೊಲ್ಲಹಳ್ಳಿ,village,13.083045,77.675794
Kadaagrahara,ಕಾಡಅಗ್ರಹಾರ,village,13.080637,77.691613
Bagaluru,ಬಾಗಲೂರು,village,13.133187,77.668709
Hanumanthanagar,ಹನುಮಂತನಗರ,neighbourhood,13.060615,77.669273
Yarappanahalli,ಯರಪ್ಪನಹಳ್ಳಿ,village,13.086031,77.686259
Chokkanahalli,ಚೊಕ್ಕನಹಳ್ಳಿ,neighbourhood,13.085079,77.626354
Chagalatti,ಚಾಗಲೆಟ್ಟಿ,village,13.122337,77.669248
Budigere,ಬೂದಿಗೆರೆ ರಸ್ತೆ,village,13.135151,77.747199
Agara,ಆಗರ,neighbourhood,13.038673,77.646809
Chelekere,ಚೆಳ್ಳಕೆರೆ,neighbourhood,13.028656,77.6425
Kalyan Nagar,ಕಲ್ಯಾಣನಗರ,suburb,13.022142,77.640337
Shree Vinayaka Layout,ವಿನಾಯಕ ಬಡಾವಣೆ,neighbourhood,13.011543,77.700424
Dooravaninagar,ದೂರವಾಣಿನಗರ,quarter,13.00741,77.670487
Lower Palace Orchard,ಲೋಅರ್ ಪ್ಯಾಲೆಸ್ ಒರ್ಚಾರ್ಡ್,neighbourhood,13.004315,77.579751
Varadenahalli,ವರದೇನಹಳ್ಳಿ,village,13.216378,77.802727
Uttarahalli,ಉತ್ತರಹಳ್ಳಿ,suburb,12.905568,77.545544
Ullalu,ಉಳ್ಳಾಲು,quarter,12.95839,77.47979
Mahadevapura,ಮಹಾದೇವಪುರ,suburb,12.99124,77.689733
Channasandra,ಚನ್ನಸಂದ್ರ,neighbourhood,12.902943,77.519837
Hoskote,ಹೊಸಕೋಟೆ,town,13.073014,77.792138
Kanaka Nagar,ಕನಕ ನಗರ,neighbourhood,13.037411,77.608206
HMT Watch Factory Colony,ಎಚ್ಎಂಟಿ ವಾಚ್ ಫ್ಯಾಕ್ಟರಿ ಕಾಲೋನಿ,neighbourhood,13.046697,77.532467
Bahubali Nagar,ಬಾಹುಬಲಿನಗರ,locality,13.045067,77.549215
Vinayaka Nagar B Block,ವಿನಾಯಕ ನಗರ ಬಿ ಬ್ಲಾಕ್,neighbourhood,12.954521,77.658947
CNR Layout,ನಂಜುಡ್ಡರೆಡ್ಡಿ ಲೇಔಟ್,neighbourhood,13.025223,77.652494
Malappa Layout,ಮಲಪ್ಪ ಲೇಔಟ್,neighbourhood,13.027073,77.651152
Bank Avenue Colony,ಬ್ಯಾಂಕ್ ಅವೆನ್ಯೂ ಕಾಲೊನಿ,neighbourhood,13.022568,77.652799
Hennur Gardens,ಹೆಣ್ಣುರ್ ಗಾರ್ಡನ್ಸ್,neighbourhood,13.037691,77.64329
Marasandra,ಮರಸಂದ್ರ,village,13.099492,77.714854
Sri Krishna Nagar,ಶ್ರೀಕೃಷ್ಣ ನಗರ,neighbourhood,13.077584,77.653547
Post & Telegraph Layout,ಪೊಸ್ಟ್ ಮತ್ತು ಟೆಲಿಗ್ರಾಫ್ ಲೇಔಟ್,neighbourhood,13.024731,77.65804
Mohan Kumar Nagar,ಮೋಹನ್ ಕುಮಾರ್ ನಗರ,neighbourhood,13.031024,77.551138
Muthyalamma Nagar,ಮುತ್ಯಲಮ್ಮ ನಗರ,locality,13.039989,77.551522
Gokula,ಗೋಕುಲ,quarter,13.040969,77.55623
MSR Nagar,ಎಂಎಸ್ಆರ್ ನಗರ,neighbourhood,13.03331,77.56682
Peenya 2nd Stage,ಪೀಣ್ಯ ೨ನೇ ಹಂತ,neighbourhood,13.028317,77.512963
C V Raman Nagar,ಸಿ ವಿ ರಾಮನ್ ನಗರ,suburb,12.985648,77.664977
Raghavendra Colony,ರಾಘಾವೇಂದ್ರ ಕಾಲೋನಿ,neighbourhood,13.06455,77.527522
Cottonpete,ಕಾಟನ್ ಪೇಟೆ,neighbourhood,12.965633,77.565886
Prakruthi Township,ಪ್ರಕೃತಿ ಟೌನ್‌ಶಿಪ್,neighbourhood,13.030877,77.652153
High Grounds,ಹೈ ಗ್ರೌಂಡ್ಸ್,quarter,12.986513,77.583077
L.R. Nagar 1st Stage,ಎಲ್ಆರ್ ನಗರ ೧ನೇ ಹಂತ,neighbourhood,12.949846,77.615669
L.R. Nagar 2nd Stage,ಎಲ್ಆರ್ ನಗರ ೨ನೇ ಹಂತ,neighbourhood,12.949694,77.617455
Ambedkar Nagar,ಅಂಬೇಡ್ಕರ್ ನಗರ,neighbourhood,12.949085,77.618487
Goripalya,ಗೋರಿಪಾಳ್ಯ,neighbourhood,12.962944,77.5495
Hosahalli,ಹೊಸಹಳ್ಳಿ,neighbourhood,12.969069,77.54278
AECS Layout,ಎಇಸಿಎಸ್ ಲೇಔಟ್,neighbourhood,13.031188,77.575353
Heelalige,ಹೀಲಲಿಗೆ,village,12.817573,77.708105
Huskur,ಹುಸ್ಕರ್,suburb,12.860767,77.707102
Gattahalli,ಗಟ್ಟಹಳ್ಳಿ,village,12.868563,77.702691
Hosakerehalli,ಹೊಸಕೆರೆಹಳ್ಳಿ,quarter,12.930188,77.537833
Kasturibai Nagar,ಕಸ್ತೂರಿಬಾಯಿ ನಗರ,neighbourhood,12.954105,77.551273
Domlur 2nd Stage,ದೊಮ್ಮಲೂರು ೨ನೇ ಹಂತ,neighbourhood,12.964066,77.638368
Vannarapete,ವನ್ನರಪೇಟೆ,neighbourhood,12.959993,77.617638
Deepanjali Nagar,ದೀಪಾಂಜಲಿ ನಗರ,locality,12.952694,77.535647
Bapuji Nagar,ಬಾಪೂಜಿ ನಗರ,quarter,12.95567,77.540249
Ganapathy Nagar,ಗಣಪತಿ ನಗರ,neighbourhood,12.946341,77.539626
Girinagar,ಗಿರಿನಗರ,quarter,12.940144,77.5445
Byataranyapura,ಬ್ಯಾಟರಾಯನಪುರ,quarter,12.947632,77.541359
KHR Colony,ಕೆಎಚ್ಆರ್ ಕಾಲೊನಿ,neighbourhood,12.946687,77.535452
Defence Colony,ಡಿಫೆನ್ಸ್ ಕಾಲೋನಿ,neighbourhood,12.976171,77.643531
Someshwaranagar,ಸೋಮೇಶ್ವರನಗರ,neighbourhood,12.942092,77.592135
Nanjappa Garden,ನಂಜಪ್ಪ ಗಾರ್ಡನ್,neighbourhood,13.023408,77.650412
Mulluru,ಮುಳ್ಳೂರು,suburb,12.904873,77.725131
Kachamaranahalli,ಕಾಚಮಾರನಹಳ್ಳಿ,quarter,12.91233,77.73278
Gunjur,ಗುಂಜೂರು,suburb,12.920977,77.736102
Sulikunte,ಸೂಲಿಕುಂಟೆ,suburb,12.888182,77.729219
Balagere,ಬಾಲಗೆರೆ,suburb,12.937724,77.728071
Varthur,ವರ್ತೂರು,suburb,12.940651,77.746988
Kodati,ಕೊಡತಿ,suburb,12.887262,77.715899
Bhuvaneshwari Nagar,ಭುವನೇಶ್ವರಿ ನಗರ,neighbourhood,12.92325,77.549379
Ittamadu,ಇತ್ತಮಡು,neighbourhood,12.925005,77.544457
AGS Layout,ಎಜಿಎಸ್ ಲೇಔಟ್,neighbourhood,12.912765,77.53405
Hanumantha Nagar,ಹನುಮಂತ ನಗರ,quarter,12.940641,77.563543
Katriguppe,ಕತ್ರಿಗುಪ್ಪೆ,neighbourhood,12.928095,77.548884
HMT Layout,ಎಚ್ಎಂಟಿ ಲೇಔಟ್,neighbourhood,13.027652,77.592125
VV Nagar,ವಿವಿ ನಗರ,neighbourhood,13.027947,77.595071
St. Thomas Town,ಸೆಂಟ್ ತಾಮಸ್ ಟೌನ್,neighbourhood,13.006557,77.622407
Suggatta,ಸುಗ್ಗಟ್ಟ,village,13.145313,77.603719
Channarayapatna,ಚನ್ನರಾಯಪಟ್ಟಣ,village,13.245592,77.797084
Sector A,ಸೆಕ್ಟರ್ ಎ,neighbourhood,13.096843,77.586453
Yelahanka New Town,ಯಲಹಂಕ ಹೊಸ ಪಟ್ಟಣ,quarter,13.097804,77.581189
Sector B,ಸೆಕ್ಟರ್ ಬಿ,neighbourhood,13.098281,77.581801
4th Phase,೪ನೆ ಹಂತ,neighbourhood,13.104838,77.575315
5th Phase,೫ನೆ ಹಂತ,neighbourhood,13.105147,77.571478
Judicial Layout,ಜುಡಿಷಿಯಲ್ ಲೇಔಟ್,quarter,13.083769,77.586044
Jagadish Nagar,ಜಗದೀಶ ನಗರ,neighbourhood,12.968255,77.664822
Immadihalli,ಇಮ್ಮಡಿಹಳ್ಳಿ,neighbourhood,12.966399,77.762046
Valmiki Nagar,ವಾಲ್ಮೀಕಿನಗರ,neighbourhood,12.956727,77.55459
KHB Colony,ಕೆ ಎಚ್ ಬಿ ಕಾಲೋನಿ,neighbourhood,12.984449,77.534262
Nethaji Circle,ನೇತಾಜಿ ವೃತ್ತ,locality,13.036435,77.561869
Vakil Marina Layout,ವಕಿಲ್ ಮರಿನ ಲೇಔಟ್,neighbourhood,12.901588,77.617627
Ramagondanahalli,ರಾಮಗೊಂಡನಹಳ್ಳಿ,neighbourhood,13.119647,77.558619
Bommasandra,ಬೊಮ್ಮಸಂದ್ರ,suburb,12.816244,77.691611
Eshwara Layout,ಈಶ್ವರ ಬಡಾವಣೆ,neighbourhood,12.974382,77.633767
LBS Nagar,ಎಲ್ ಬಿ ಎಸ್ ನಗರ,neighbourhood,12.976475,77.632272
Dollars Colony,ಡಾಲರ್ಸ್ ಕಾಲೋನಿ,neighbourhood,13.041367,77.567815
Nagashettyhalli,ನಾಗಶೆಟ್ಟಿಹಳ್ಳಿ,quarter,13.046814,77.573683
Bhoopasandra,ಭೂಪಸಂದ್ರ,quarter,13.042001,77.578262
Venkatpura,ವೆಂಕಟಪುರ,neighbourhood,12.922558,77.634474
ST Bed Layout,ಎಸ್‌ಟಿ ಬೆಡ್ ಲೇಔಟ್,neighbourhood,12.93477,77.632431
Nagarabhavi,ನಾಗರಭಾವಿ,suburb,12.966418,77.513078
NGEF Layout,ಎನ್‌ಜಿಇಎಫ್ ಲೇಔಟ್,neighbourhood,12.959269,77.509389
Nallurahalli,ನಲ್ಲೂರಹಳ್ಳಿ,quarter,12.969662,77.734502
Green Domain Layout,ಗ್ರೀನ್ ಡೊಮೆನ್ ಲೇಔಟ್,neighbourhood,12.972847,77.714894
Akshaynagar Layout,ಅಕ್ಷಯನಗರ ಲೇಔಟ್,neighbourhood,12.873196,77.614589
Domlur Village,ದೊಮ್ಮಲೂರು ಗ್ರಾಮ,neighbourhood,12.962434,77.635802
Doopanahalli,ದೂಪನಹಳ್ಳಿ,neighbourhood,12.967458,77.639638
Dattatreya Nagara,ದತ್ತಾತ್ರೇಯ ನಗರ,neighbourhood,12.926579,77.539261
Basaveshwaranagar 2nd Stage,ಬಸವೇಶ್ವರ ನಗರ ೨ನೆ ಹಂತ,neighbourhood,12.986475,77.538571
Halasuru,ಹಲಸೂರು,suburb,12.977879,77.62467
Rajpalya,ರಾಜ್‌ಪಾಳ್ಯ,locality,12.990803,77.721439
Hoodi,ಹೂಡಿ,suburb,12.991903,77.716201
Garudacharpalya,ಗರುಡಚಾರ್ ಪಾಳ್ಯ,neighbourhood,12.993425,77.700516
B. Narayanapura,ಬಿ. ನಾರಯಣಪುರ,quarter,12.998056,77.684862
Prashanth Extension,ಪ್ರಶಾಂತ್ ಎಕ್ಸ್‌ಟೆನ್ಶನ್,neighbourhood,12.983525,77.748924
Carmelaram,ಕರ್ಮೇಲರಮ್,suburb,12.9112,77.706513
Sitaramapalya,ಸೀತಾರಾಮಪಾಳ್ಯ,quarter,12.982443,77.716475
Thubarahalli,ತೂಬರಹಳ್ಳಿ,neighbourhood,12.954787,77.721315
Siddapura,ಸಿದ್ದಾಪುರ,neighbourhood,12.95426,77.730974
Kadugodi,ಕಾಡುಗೋಡಿ,suburb,12.998577,77.760972
Pattanduru Agrahara,ಪಟ್ಟಂದೂರು ಅಗ್ರಹಾರ,suburb,12.978475,77.733422
Manjunath Nagar,ಮಂಜುನಾಥ ನಗರ,neighbourhood,12.953633,77.65436
Nelamangala,ನೆಲಮಂಗಲ,town,13.095302,77.396359
R. Narayanapura,ಆರ್. ನಾರಾಯಣಪುರ,neighbourhood,12.964329,77.741559
Araledibba,ಅರಳೇದಿಬ್ಬ,village,13.140653,77.328831
Agasarahalli,ಅಗಸರಹಳ್ಳಿ,hamlet,13.133584,77.335009
Anandanagara,ಆನಂದನಗರ,hamlet,13.138563,77.320012
Yelenahalli,ಎಲೇನಹಳ್ಳಿ,neighbourhood,12.866907,77.615902
Cambridge Layout,ಕ್ಯಾಂಬ್ರಿಜ್ ಬಡಾವಣೆ,neighbourhood,12.970123,77.627776
Darga,ದರ್ಗ,hamlet,12.745952,77.815321
Udaya Nagar,ಉದಯನಗರ,neighbourhood,12.996362,77.67245
Zuzuvadi,ಜುಜುವಾಡಿ,hamlet,12.769534,77.788507
Sai Layout,ಸಾಯಿ ಲೇಔಟ್,neighbourhood,12.972892,77.752234
Tigalarapalya,ತಿಗಲಾರಪಾಳ್ಯ,neighbourhood,12.993328,77.722059
Kadugodi Colony,ಕಾಡುಗೋಡಿ ಕಾಲೋನಿ,neighbourhood,12.99212,77.749762
Maithri Layout,ಮೈತ್ರಿ ಲೇಔಟ್,neighbourhood,12.984862,77.755919
Attiguppe,ಅತ್ತಿಗುಪ್ಪೆ,quarter,12.962847,77.529168
Vinayaka Layout,ವಿನಾಯಕ ಬಡಾವಣೆ,neighbourhood,12.968809,77.752121
Gandhipura,ಗಾಂಧಿಪುರ,village,12.971259,77.754963
Pantarapalya,ಪಂತರಪಾಳ್ಯ,neighbourhood,12.940702,77.528592
Laggere,ಲಗ್ಗೆರೆ,suburb,13.010868,77.52073
Sunkadakatte,ಸುಂಕದಕಟ್ಟೆ,quarter,12.995024,77.506527
Chandra Layout,ಚಂದ್ರ ಲೇಔಟ್,quarter,12.959041,77.525091
Pushpagiri Nagar,ಪುಷ್ಪಗಿರಿ ನಗರ,neighbourhood,12.929762,77.533327
Pattanagere,ಪಟ್ಟಣಗೆರೆ,quarter,12.92006,77.506701
Kamakshipalya,ಕಾಮಾಕ್ಷಿಪಾಳ್ಯ,quarter,12.982362,77.522638
Mailasandra,ಮೈಲಸಂದ್ರ,village,12.915939,77.493228
Kottigepalya,ಕೊಟ್ಟಿಗೆಪಾಳ್ಯ,locality,12.984549,77.511805
Andrahalli,ಅಂದ್ರಹಳ್ಳಿ,neighbourhood,13.008594,77.483033
Kundalahalli,ಕುಂದಲಹಳ್ಳಿ,quarter,12.968444,77.718784
Kumbena Agrahara,ಕುಂಬೇನ ಅಗ್ರಹಾರ,village,13.001796,77.747388
Sadaramangala,ಸಾದರಮಂಗಲ,village,12.998903,77.737509
Kannamangala,ಕನ್ನಮಂಗಲ,village,13.027721,77.770263
Seegehalli,ಶೀಗೇಹಳ್ಳಿ,village,13.011939,77.765092
Dommasandra,ದೊಮ್ಮಸಂದ್ರ,village,12.87771,77.753477
Kaadubeesanahalli,ಕಾಡುಬಿಸನಹಳ್ಳಿ,quarter,12.939533,77.696793
Panathur,ಪಣತೂರು,suburb,12.935146,77.704754
Valepura,ವಾಲೇಪುರ,village,12.956225,77.766079
Valepura Dinne,ವಾಲೆಪುರ ದಿಣ್ಣೆ,village,12.951237,77.770113
Sorahunase,ಸೋರಹುಣಸೆ,quarter,12.947255,77.753827
Ajgondahalli,ಅಜ್ಗೊಂಡಹಳ್ಳಿ,village,12.960753,77.770949
Harohalli,ಹರೋಹಳ್ಳಿ,village,12.957596,77.786164
Rajajinagar 1st Block,ರಾಜಾಜಿನಗರ ೧ನೇ ಬ್ಲಾಕ್,neighbourhood,13.003129,77.551153
Rajajinagar 5th Block,ರಾಜಾಜಿನಗರ 5ನೇ ಬ್ಲಾಕ್,neighbourhood,12.983327,77.551898
Rajajinagar 3rd Block,ರಾಜಾಜಿನಗರ ೩ನೇ ಬ್ಲಾಕ್,neighbourhood,12.988179,77.552687
Postal Colony,ಪೊಷ್ಟಲ್ ಕಾಲೋನಿ,neighbourhood,13.035192,77.577122
KEB Layout,ಕೆಇಬಿ ಲೇಔಟ್,neighbourhood,13.030928,77.580476
RMV 2nd Stage 1st Block,ಆರ್‌ಎಂವಿ ೨ನೇ ಹಂತ - ೧ನೇ ಬ್ಲಾಕ್,neighbourhood,13.022213,77.57811
Chikkatirupati,ಚಿಕ್ಕತಿರುಪತಿ,village,12.895511,77.866927
Kalkunte Agrahara,ಕಲ್ಕುಂಟೆಅಗ್ರಹಾರ,village,12.932418,77.840806
Kaithota,ಕೈತೋಟ,neighbourhood,12.967277,77.765051
Nagondanahalli,ನಾಗೊಂಡನಹಳ್ಳಿ,village,12.97516,77.77034
Thimmanahalli,ತಿಮ್ಮನಹಳ್ಳಿ,village,12.962635,77.777078
Hagaduru,ಹಗದೂರು,neighbourhood,12.966207,77.757209
Kaveri Nagara,ಕಾವೇರಿ ನಗರ,neighbourhood,12.997789,77.705209
Bidaraguppe,ಬಿದರಗುಪ್ಪೆ,village,12.806057,77.786287
Benniganahalli,ಬೆನ್ನಿಗಾನಹಳ್ಳಿ,neighbourhood,12.994919,77.662603
Prithvi Layout,ಪೃತ್ವಿ ಲೇಔಟ್,neighbourhood,12.977178,77.743645
Khajisonnenahalli,ಖಾಜಿಸೊನ್ನೇನಹಳ್ಳಿ,village,13.034042,77.769638
Darga Mohalla,ದರ್ಗಾ ಮೊಹಲ್ಲಾ,neighbourhood,12.999786,77.673158
Hunasamaranahalli,ಹುಣಸಮಾರನಹಳ್ಳಿ,suburb,13.14401,77.619124
Maheshwari Nagar,ಮಹೇಶ್ವರಿ ನಗರ,neighbourhood,12.99178,77.69075
B Chikkanna Layout,ಬಿ ಚಿಕ್ಕಣ್ಣ ಲೇಔಟ್,neighbourhood,12.992496,77.691112
Saraswathi Nagar,ಸರಸ್ವತೀ ನಗರ,neighbourhood,12.991282,77.688917
Shivaganga Layout,ಶಿವಗಂಗ ಲೇಔಟ್,neighbourhood,12.989512,77.690012
BTM 2nd Stage,ಬಿಟಿಎಂ ೨ನೇ ಹಂತ,neighbourhood,12.914079,77.618886
Manchappana Hosahalli,ಮಂಚಪ್ಪನ ಹೊಸಹಳ್ಳಿ,hamlet,13.134414,77.717585
Annasandra Palya,ಅನ್ನಸಂದ್ರ ಪಾಳ್ಯ,neighbourhood,12.963659,77.672986
Lal Bahadur Shastri Nagar,ಲಾಲ್ ಬಹದ್ದೂರ್ ಶಾಸ್ತ್ರೀ ನಗರ,neighbourhood,12.96781,77.671548
Saraswathi Nagara,ಸರಸ್ವತಿ ನಗರ,neighbourhood,12.971607,77.529003
Prashanth Nagar,ಪ್ರಶಾಂತ್ ನಗರ,neighbourhood,12.977619,77.531325
Malagala,ಮಲಗಲ,neighbourhood,12.97787,77.516101
BCC Layout,ಬಿಸಿಸಿ ಲೇಔಟ್,quarter,12.955703,77.531333
Dasarahalli,ದಾಸರಹಳ್ಳಿ,neighbourhood,12.978413,77.542719
Bannerughatta,ಬನ್ನೇರುಘಟ್ಟ,village,12.813337,77.578951
Kaveri Layout,ಕಾವೇರಿ ಬಡಾವಣೆ,neighbourhood,12.973102,77.526857
HRBR Layout 2nd Block,ಎಚ್ರ್‌ಬಿಆರ್ ಲೇಔಟ್ ೨ನೇ ಬ್ಲಾಕ್,quarter,13.023448,77.628211
HRBR Layout 3rd Block,ಎಚ್ರ್‌ಆರ್‌ಬಿಆರ್ ಲೇಔಟ್,quarter,13.025056,77.63471
GKW Layout,ಜಿಕೆಡಬ್ಲು ಲೇಔಟ್,neighbourhood,12.968105,77.528445
M C Layout,ಎಂ ಸಿ ಲೇಔಟ್,neighbourhood,12.973096,77.535394
Binny Layout,ಬಿನ್ನಿ ಬಡಾವಣೆ,neighbourhood,12.971909,77.534246
ITI Layout,ಐಟಿಐ ಲೇಔಟ್,neighbourhood,12.966573,77.501671
NHCS Layout,ಎನ್‌ಎಚ್‌ಸಿಎಸ್ ಲೇಔಟ್,neighbourhood,12.972517,77.531084
Central Excise Layout,ಕೇಂದ್ರ ಅಬಕಾರಿ ಬಡಾವಣೆ,neighbourhood,12.973854,77.53298
Kurubara Halli,ಕುರುಬರಹಳ್ಳಿ,quarter,13.000796,77.5364
Rajajinagar 6th Block,ರಾಜಾಜಿನಗರ ೬ನೇ ಬ್ಲಾಕ್,neighbourhood,12.978335,77.553749
Vittasandra,ವಿಟ್ಟಸಂದ್ರ,village,12.85339,77.638348
Poojary Layout,ಪೂಜಾರಿ ಲೇಔಟ್,neighbourhood,13.026848,77.576465
Srinagar,ಶ್ರೀನಗರ,quarter,12.943882,77.554177
Jayamahal,ಜಯಮಹಲ್,quarter,12.999083,77.597123
Sulthanpalya,ಸುಲ್ತಾನ್ ಪಾಳ್ಯ,suburb,13.029412,77.604695
Kothandram Layout,ಕೋದಂಡರಾಮ ಲೇಔಟ್,neighbourhood,12.985268,77.617877
Sampige Layout,ಸಂಪಿಗೆ ಲೇಔಟ್,neighbourhood,12.97647,77.528243
Amarjyothi Nagar,ಅಮರಜ್ಯೋತಿ ನಗರ,neighbourhood,12.973924,77.52912
Kaveri Pura,ಕಾವೇರಿ ಪುರ,neighbourhood,12.976986,77.525504
Govindaraj Nagara,ಗೋವಿಂದರಾಜ ನಗರ,quarter,12.977161,77.536112
Lakshmipuram,ಲಕ್ಷ್ಮೀಪುರಂ,neighbourhood,12.977547,77.630678
HAL 2nd Stage,ಎಚ್ಎಎಲ್ ೨ನೇ ಹಂತ,neighbourhood,12.968941,77.643711
Doddathoguru,ದೋಡ್ಡತೋಗೂರು,neighbourhood,12.852913,77.655615
Electronics City Phase 2 (West),ಎಲಕ್ಟ್ರಾನಿಕ್ಸ್ ಸಿಟಿ ೨ನೇ ಹಂತ (ಪಶ್ಚಿಮ),quarter,12.837158,77.672524
Electronics City Phase 2 (East),ಎಲಕ್ಟ್ರಾನಿಕ್ಸ್ ಸಿಟಿ ೨ನೇ ಹಂತ (ಪೂರ್ವ),quarter,12.846854,77.676927
Anugondanahalli,ಆನುಗೊಂಡನಹಳ್ಳಿ,village,12.958261,77.814572
Anche Muskuru,ಅಂಚೆ ಮುಸ್ಕೂರು,village,12.904139,77.8671
Ganagaluru,ಗಣಗಲೂರು,village,12.910204,77.852852
Medimallasandra,ಮೇಡಿಮಲ್ಲಸಂದ್ರ,village,12.952303,77.830108
Obalapura,ಓಬಳಾಪುರ,village,12.960208,77.823864
Thathanuru,ತತ್ತನೂರು,village,12.915518,77.824893
Arehalli,ಅರೇಹಳ್ಳಿ,village,12.936474,77.828949
Baguru,ಬಾಗೂರು,village,12.896645,77.84168
Thindlu,ತಿಂಡ್ಲು,quarter,13.073717,77.566977
Thiruvaranga,ತಿರುವರಂಗ,village,12.901567,77.827576
Yattakodi,ಯಟ್ಟಕೊಡಿ,village,12.920641,77.854484
Muttukadahalli,ಮುತ್ತುಕದಹಳ್ಳಿ,hamlet,12.928965,77.820044
Mahal Chaudadenahalli,ಮಹಲ್ ಚೌಡದೇನಹಳ್ಳಿ,village,12.872784,77.808056
Mugaluru,ಮುಗಳೂರು,village,12.893222,77.821649
Mattanahalli,ಮಟ್ಟನಹಳ್ಳಿ,village,12.871844,77.829807
Byalahalli,ಬ್ಯಾಲಹಳ್ಳಿ,village,12.939611,77.815946
Arehalli Cross,ಅರೆಹಳ್ಳಿ ಕ್ರಾಸ್,hamlet,12.942643,77.837039
Doddathimmasandra,ದೊಡ್ಡತಿಮ್ಮಸಂದ್ರ,village,12.880566,77.804552
Huskur Kodi,ಹುಸ್ಕರ್ ಕೋಡಿ,hamlet,13.054559,77.767781
Doddagattinagabbe,ದೊಡ್ಡಗಟ್ಟಿಗನಬ್ಬೆ,village,13.03349,77.787019
Dodda Dunnasandra,ದೊಡ್ಡ ದುನ್ನಸಂದ್ರ,village,12.977267,77.816125
Konadasapura,ಕೊನದಾಸಪುರ,village,13.044193,77.756641
Belthur,ಬೆಳತ್ತೂರು,village,13.005666,77.756275
Koralur,ಕೊರಳೂರು,village,12.997322,77.784446
Yadagondanahalli,ಯಡಗೊಂಡನಹಳ್ಳಿ,village,12.949376,77.810774
Pujena Agrahara,ಪೂಜೇನಅಗ್ರಹಾರ,village,13.032666,77.793634
Muthkuru,ಮುತ್ಕೂರು,village,12.956005,77.807105
Devanagondi,ದೇವನಗೊಂದಿ,village,12.974971,77.839721
Samethanahalli,ಸಮೇತನಹಳ್ಳಿ,village,12.979363,77.790733
Bodana Hosahalli,ಬೋದನ ಹೊಸಹಳ್ಳಿ,village,12.978421,77.801955
Naganayakana Kote,ನಾಗನಾಯಕನ ಕೋಟೆ,village,12.966042,77.794209
Goravigere,ಗೊರವಿಗೆರೆ,village,13.042021,77.769945
Mallasandra,ಮಲ್ಲಸಂದ್ರ,village,13.008149,77.78371
Hosamanegalu,ಹೊಸಮನೆಗಳು,hamlet,12.949167,77.823799
Matta mallasandra,ಮಟ್ಟ ಮಲ್ಲಸಂದ್ರ,village,12.948352,77.833691
Thirumalashettihalli,ತಿರುಮಲಶೆಟ್ಟಿಹಳ್ಳಿ,village,12.984841,77.783845
Huskuru,ಹುಸ್ಕೂರು,village,13.061626,77.762906
Chikka Gattiganabbe,ಚಿಕ್ಕ ಗಟ್ಟಿಗನಬ್ಬೆ,village,13.041182,77.794657
Gunjur Palya,ಗುಂಜೂರು ಪಾಳ್ಯ,quarter,12.922838,77.718831
Doddakannalli,ದೊಡ್ಡಕನ್ನಲ್ಲಿ,suburb,12.908241,77.694885
Heggondahalli,ಹೆಗ್ಗೊಂಡಹಳ್ಳಿ,village,12.905543,77.747195
Boorakunte,ಬೂರಕುಂಟೆ,hamlet,12.842474,77.781999
Mayasandra,ಮಾಯಸಂದ್ರ,village,12.751243,77.74651
Are Halli,ಅರೇ ಹಳ್ಳಿ.,village,12.763802,77.766341
Shettihalli,ಶೆಟ್ಟಿಹಳ್ಳಿ,village,12.752835,77.730593
Gowrenahalli,ಗೌರೇನಹಳ್ಳಿ.,village,12.721022,77.679716
Indlabele,ಇಂಡ್ಲಬೆಲೆ,village,12.790962,77.777776
Manchanahalli,ಮಂಚನಹಳ್ಳಿ.,village,12.766252,77.752579
Vajrahalli,ವಜ್ರಹಳ್ಳಿ,quarter,12.875925,77.547188
Thalaghattapura,ತಲಘಟ್ಟಪುರ,neighbourhood,12.869817,77.535669
Udayapura,ಉದಯಪುರ,village,12.820653,77.512773
Somanahalli,ಸೋಮನಹಳ್ಳಿ,village,12.772463,77.504685
Kaggalipura,ಕಗ್ಗಲಿಪುರ,village,12.801699,77.508245
Kaggalahalli,ಕಗ್ಗಲಹಳ್ಳಿ,village,12.728389,77.486103
Bolare,ಬೊಲಾರೆ,hamlet,12.754299,77.48563
Sulibele,ಸೂಲಿಬೆಲೆ,village,13.184314,77.800022
Chowdappanahalli,ಚೌಡಪ್ಪನಹಳ್ಳಿ,hamlet,13.148932,77.754607
Kammasandra,ಕಮ್ಮಸಂದ್ರ,village,13.149985,77.782041
Gangavara Chaudappanahalli,ಗಂಗವಾರ ಚೌಡಪ್ಪನಹಳ್ಳಿ,village,13.152326,77.764832
Hasigala,ಹಸಿಗಾಳ,village,13.134523,77.775604
Lakkondahalli,ಲಕ್ಕೊಂಡಹಳ್ಳಿ,village,13.108006,77.776279
Alappanahalli,ಆಲಪ್ಪನಹಳ್ಳಿ,village,13.101634,77.776119
Manduru,ಮಂಡೂರು,village,13.081656,77.737023
Kumbalahalli,ಕುಂಬಳಹಳ್ಳಿ,village,13.092452,77.792966
Upparahalli,ಉಪ್ಪಾರಹಳ್ಳಿ,village,13.08947,77.781011
Southe Gowdanahalli,ಸೌತೇಗೌಡನಹಳ್ಳಿ,village,13.231455,77.731155
Channahalli,ಚನ್ನಹಳ್ಳಿ,village,13.212684,77.749385
Nalluru,ನಲ್ಲೂರು,village,13.191231,77.763461
Budihala,ಬೂದಿಹಾಳ,village,13.228791,77.742818
Jonnahalli,ಜೊನ್ನಹಳ್ಳಿ,hamlet,13.182373,77.756659
Somattanahalli,ಸೋಮತ್ತನಹಳ್ಳಿ,village,13.169682,77.769157
Attibele,ಅತ್ತಿಬೆಲೆ,village,13.16944,77.794725
Nagenahalli,ನಾಗೇನಹಳ್ಳಿ,village,13.131046,77.574511
Haralur,ಹರಳೂರು,suburb,12.904486,77.665443
Yanagunte,ಯನಗುಂಟೆ,village,13.156464,77.791978
Madure,ಮದುರೆ,village,13.202471,77.457995
Binnamangala,ಬಿನ್ನಮಂಗಲ,neighbourhood,12.983988,77.641677
Yarandahalli,ಯಾರಂಡಹಳ್ಳಿ,neighbourhood,12.80877,77.667358
RBI Layout,ಆರ್‌ಬಿಐ ಲೇಔಟ್,neighbourhood,12.88844,77.580509
Navodaya Nagar,ನವೋದಯ ನಗರ,neighbourhood,12.882329,77.582876
Shreyas Colony,ಶ್ರೇಯಸ್ ಕಾಲೋನಿ,neighbourhood,12.883175,77.582483
Sri Rama Layout,ಶ್ರೀರಾಮ ಲೇಔಟ್,neighbourhood,12.892952,77.581091
Jagruthi Colony,ಜಾಗೃತಿ ಕಾಲೋನಿ,neighbourhood,12.8947,77.582536
Maruthi Extension,ಮಾರುತಿ ಬಡಾವಣೆ,neighbourhood,12.997642,77.563101
Gayatri Nagar,ಗಾಯತ್ರಿನಗರ,quarter,13.000037,77.559011
Sri Guru Raghavendra Nagar,ಶ್ರೀ ಗುರುರಾಘುವೇಂದ್ರ ನಗರ,neighbourhood,12.891854,77.577736
Lakshmi Nagar,ಲಕ್ಷ್ಮೀ ನಗರ,neighbourhood,12.89256,77.578665
Yadava Layout,ಯಾದವ ಲೇಔಟ್,neighbourhood,12.890563,77.575996
Bank of Baroda Colony,ಬ್ಯಾಂಕ್ ಆಫ್ ಬರೋಡ ಕಾಲೋನಿ,neighbourhood,12.893481,77.58374
Sun City Layout,ಸನ್ ಸಿಟಿ ಲೇಔಟ್,neighbourhood,12.885362,77.585409
Yemaluru,ಯಮಲೂರು,quarter,12.946329,77.681521
Ramappa Layout,ರಾಮಪ್ಪ ಲೇಔಟ್,neighbourhood,12.897172,77.580042
Malleshpalya,ಮಲ್ಲೇಶ್ ಪಾಳ್ಯ,quarter,12.974413,77.674353
Nataraja Layout,ನಟರಾಜ ಲೇಔಟ್,neighbourhood,12.890017,77.583699
M S Ramaiah City,ಎಂ ಎಸ್ ರಾಮಯ್ಯ ನಗರ,neighbourhood,12.883313,77.588126
Nrupathunga Nagar,ನೃಪತುಂಗ ನಗರ,neighbourhood,12.882997,77.58378
Jaladarshini Layout,ಜಲದರ್ಶಿನಿ ಬಡಾವಣೆ,neighbourhood,13.0308,77.569642
Tatanagar,ಟಾಟಾನಗರ,quarter,13.055086,77.573787
Maruthi Nagar,ಮಾರುತಿ ನಗರ,neighbourhood,12.974606,77.67563
Agalukote,ಆಗಲಕೋಟೆ,village,13.213482,77.736402
Rayasandra,ರಾಯಸಂದ್ರ,village,13.219727,77.726446
Bhattara Marenahalli,ಭಟ್ಟರ ಮಾರೇನಹಳ್ಳಿ,village,13.166508,77.735725
Baladimmanahalli,ಬಾಲದಿಮ್ಮನಹಳ್ಳಿ,hamlet,13.189081,77.744427
Kondenahalli,ಕೊಂಡೇನಹಳ್ಳಿ,hamlet,13.155172,77.738333
Chikka Hosahalli,ಚಿಕ್ಕಹೊಸಹಳ್ಳಿ,village,13.202534,77.754491
Ramanahalli,ರಾಮನಹಳ್ಳಿ,village,13.182092,77.746209
Anneshvara,ಅಣ್ಣೇಶ್ವರ,village,13.213023,77.7142
Dasarahalli Kavade,ದಾಸರಹಳ್ಳಿ ಕವಡೆ,hamlet,13.169609,77.737604
Reddihalli,ರೆಡ್ಡಿಹಳ್ಳಿ,village,13.189624,77.754019
Baichapura,ಬೈಚಾಪುರ,village,13.224452,77.712645
Dodda Hosahalli,ದೊಡ್ಡ ಹೊಸಹಳ್ಳಿ,village,13.197725,77.749213
Bettakote,ಬೆಟ್ಟಕೋಟೆ,village,13.199233,77.740929
Yerrappanahalli,ಯರಪ್ಪನಹಳ್ಳಿ,village,13.217283,77.702717
Mallenahalli,ಮಲ್ಲೇನಹಳ್ಳಿ,village,13.185655,77.762001
Hancharahalli,ಹಂಚರಹಳ್ಳಿ,village,13.092906,77.750156
Kattugollahalli,ಕಟ್ಟುಗೊಲ್ಲಹಳ್ಳಿ,village,13.095845,77.73535
Singahalli,ಸಿಂಗಹಳ್ಳಿ,village,13.161763,77.723878
Jyotipura,ಜ್ಯೋತಿಪುರ,village,13.101859,77.750243
Arebinnamangala,ಅರೆಬಿನ್ನಮಂಗಲ,hamlet,13.154853,77.717284
Thirumenahalli,ತಿರುಮೇನಹಳ್ಳಿ,village,13.090179,77.633413
Mahadeva Kodigehalli,ಮಹದೇವ ಕೊಡಿಗೆಹಳ್ಳಿ,hamlet,13.144265,77.702781
Handrahalli,ಗುಂಡೂರು,village,13.120944,77.750585
Hittarahalli,ಕಟ್ಟುಗೊಲ್ಲಹಳ್ಳಿ,hamlet,13.123765,77.747388
Manchappanahalli,"ಮಂಚಪ್ಪನಹಳ್ಳಿ,",village,13.141371,77.726075
Medahalli,ಮೇಡಹಳ್ಳಿ,village,13.027845,77.720608
Nimbekaipura,ನಿಂಬೇಕಾಯಿಪುರ,hamlet,13.058557,77.756465
Bandapura,ಬಂಡಪುರ,village,13.039263,77.747837
Bommenahalli,ಬೊಮ್ಮೇನಹಳ್ಳಿ,village,13.074254,77.746594
Madhuranagara,ಮಧುರನಗರ,neighbourhood,12.94093,77.759297
Virgonagar,ವಿರ್ಗೊನಗರ,neighbourhood,13.033117,77.734857
Lagumenahalli,ಲಗುಮೇನಹಳ್ಳಿ,hamlet,13.077299,77.756153
Kattamanallur,ಕಟ್ಟಮನಲ್ಲೂರು,village,13.051806,77.764061
Veeranahalli,ವೀರನಹಳ್ಳಿ,hamlet,13.024421,77.737604
Bhattarahalli,ಭಟ್ಟರಹಳ್ಳಿ,neighbourhood,13.0258,77.714279
Doddabanahalli,ದೊಡ್ಡಬನಹಳ್ಳಿ,village,13.023856,77.746916
Bendiganahalli,ಬೆಂಡಿಗಾನಹಳ್ಳಿ,village,13.068297,77.759254
Bidare Agrahara,ಬಿದರೆ ಅಗ್ರಹಾರ,village,13.030921,77.742775
Kotur,ಕೋಟೂರು,hamlet,12.945155,77.782879
Mutsandra,ಮುತ್ಸಂದ್ರ,village,12.937228,77.786184
Bellikere,ಬೆಳ್ಳಿಕೆರೆ,village,12.930452,77.796998
Kuguru,ಕೂಗೂರು,village,12.910167,77.810237
Gunjur Hosahalli,ಗುಂಜೂರು ಹೊಸಹಳ್ಳಿ,neighbourhood,12.91988,77.742355
Ramanayakanahalli,ರಾಮನಾಯಕನಹಳ್ಳಿ,village,12.909758,77.755519
Madappanahalli,ಮಾದಪ್ಪನಹಳ್ಳಿ,hamlet,12.922893,77.811621
Neriga,ನೆರಿಗಾ,village,12.911766,77.776525
Mayaganahalli,ಮಾಯಗಾನಹಳ್ಳಿ,village,12.770644,77.335311
Eluvapalli,,village,12.798434,77.850642
K R Layout,ಕೆ ಆರ್ ಲೇಔಟ್,neighbourhood,12.903422,77.582815
Srinidhi Layout,ಶ್ರೀನಿಧಿ ಲೇಔಟ್,neighbourhood,12.883086,77.570895
Govinda Reddy Layout,ಗೋವಿಂದ ರೆಡ್ಡಿ ಲೇಔಟ್,neighbourhood,12.891756,77.594617
Mico Arekere Layout 1st Stage,ಮಿಕೊ ಅರಕೆರೆ ಲೇಔಟ್ ೧ನೇ ಹಂತ,neighbourhood,12.890554,77.594191
Chandapura,ಚಂದಾಪುರ,suburb,12.800444,77.706283
Gubbalala,ಗುಬ್ಬಲಾಲ,village,12.885663,77.541681
Rustum Bagh,ರುಸ್ತುಂ ಬಾಗ್,neighbourhood,12.954841,77.649104
Bhuvanahalli,ಭುವನಹಳ್ಳಿ,village,13.184524,77.861436
Pillagumpe,ಪಿಲ್ಲಗುಂಪೆ,village,13.111996,77.838515
Chikkahulluru,ಚಿಕ್ಕಹುಲ್ಲೂರು,village,13.106939,77.825773
Mallimakanapura,ಮಲ್ಲಿಮಾಕನಪುರ,village,13.127524,77.848669
Cholappanahalli,ಚೋಳಪ್ಪನಹಳ್ಳಿ,village,13.118977,77.844849
Ramagovindapura,ರಾಮಗೋವಿಂದಪುರ,village,13.208382,77.878924
D Settahalli,ಶೆಟ್ಟಹಳ್ಳಿ,village,13.150552,77.871865
T Agrahara,ಟಿ ಅಗ್ರಹಾರ,village,13.190956,77.852032
Channigalapura,ಚನ್ನಿಗಾಲಪುರ,hamlet,13.177713,77.874246
Bhavapura,ಭಾವಾಪುರ,village,13.184399,77.870684
Ekarajapura,ಏಕರಾಜಪುರ,village,13.145725,77.816697
Malliappanahalli,ಮಲ್ಲಿಯಪ್ಪನಹಳ್ಳಿ,village,13.148587,77.882937
Chokkahalli,ಚೊಕ್ಕಹಳ್ಳಿ,village,13.111495,77.834807
K Satyavara,ಸತ್ಯವಾರ,village,13.162712,77.871242
Bimakkanahalli,ಬೀಮಕ್ಕನಹಳ್ಳಿ,village,13.1374,77.852415
Doddahulluru,ದೊಡ್ಡಹುಲ್ಲೂರು,village,13.096866,77.819401
Sonnadenahalli,ಸೊಣ್ಣದೇನಹಳ್ಳಿ,village,13.090888,77.806118
Chikkanallurahalli,ಚಿಕ್ಕನಲ್ಲೂರಹಳ್ಳಿ,village,13.123888,77.850471
Halevuru,ಹಳೇವೂರು,village,13.204496,77.890147
Bisanahalli,ಬಿಸನಹಳ್ಳಿ,village,13.008343,77.812402
Beguru,ಬೇಗೂರು,suburb,12.874747,77.622729
Suryanagar Phase 1,ಸೂರ್ಯನಗರ,suburb,12.793095,77.700038
Jalige,ಜಾಲಿಗೆ,village,13.226551,77.584398
Basavanapura,ಬಸವನಪುರ,village,13.225282,77.576019
Aradeshanahalli,ಅರದೇಶನಹಳ್ಳಿ,village,13.222414,77.565338
Kamdhenu Nagar,ಕಾಮಧೇನು ನಗರ್,neighbourhood,12.996026,77.686457
Chikka Banavara,ಚಿಕ್ಕಬಾಣಾವರ,suburb,13.080377,77.501893
Soladevanahalli,ಸೋಲದೇವನಹಳ್ಳಿ,village,13.091915,77.488063
Tharabanahalli,ತರಬನಹಳ್ಳಿ,village,13.102478,77.480435
Griha Laxmi Colony,ಗೃಹ ಲಕ್ಷ್ಮೀ ಕಾಲೋನಿ,locality,12.993693,77.530419
Chikkanayakanahalli,ಚಿಕ್ಕನಾಯಕನಹಳ್ಳಿ,suburb,12.892338,77.694199
Thendral Avenue,,neighbourhood,12.74202,77.845557
Vivekananda Layout,ವಿವೇಕಾನಂದ ಬಡಾವಣೆ,locality,12.952463,77.70193
Indrasanahalli,ಇಂಡ್ರಸನಹಳ್ಳಿ,village,13.225742,77.614075
Singarahalli,ಸಿಂಗರಹಳ್ಳಿ,village,13.226818,77.624952
Vishweshwaraiah Enclave,,neighbourhood,13.22935,77.621458
Deewanarapalya,ದೀವಾನರಪಾಳ್ಯ,neighbourhood,13.023374,77.561116
Mylanahalli,ಮೈಲನಹಳ್ಳಿ,village,13.140001,77.355551
Malonagathihalli,ಮಾಳೋನಾಗತಿಹಳ್ಳಿ,village,13.158103,77.333937
Thippagondanahalli,ತಿಪ್ಪಗೊಂಡನಹಳ್ಳಿ,hamlet,13.159388,77.321073
Shivanapura,ಶಿವನಪುರ,village,13.006392,77.869436
Ambalipura,ಅಂಬಲೀಪುರ,neighbourhood,12.91733,77.667161
Attivatta,ಅತ್ತಿವಟ್ಟ,village,13.086734,77.851946
Bommanabande,ಬೊಮ್ಮನಬಂಡೆ,village,13.012378,77.873197
Khaji Hosahalli,ಖಾಜಿ ಹೊಸಹಳ್ಳಿ,village,13.007861,77.866426
Haraluru,ಹರಳೂರು,village,13.065036,77.838176
Chikkataggali,ಚಿಕ್ಕತಗ್ಗಲಿ,village,13.05145,77.885619
Appasandra,ಅಪ್ಪಸಂದ್ರ,village,13.062717,77.896327
Doddanallala,ದೊಡ್ಡನಲ್ಲಾಳ,village,13.083492,77.897397
Taggali Hosahalli,ತಗ್ಗಲಿ ಹೊಸಹಳ್ಳಿ,village,13.045826,77.885641
Doddataggali,ದೊಡ್ಡತಗ್ಗಲಿ,village,13.057041,77.890673
Kolathuru,ಕೊಳತೂರು,village,13.074658,77.829735
Orohalli,ಓರೋಹಳ್ಳಿ,village,13.059388,77.874296
Gangapura,ಗಂಗಾಪುರ,village,13.048398,77.892636
Picchaguntrahalli,ಪಿಚ್ಚಗುಂಟರಹಳ್ಳಿ,village,12.999415,77.88401
Injanahalli,ಇಂಜನಹಳ್ಳಿ,village,13.062173,77.883707
Thavatahalli,ತವಟಹಳ್ಳಿ,village,13.077222,77.870232
Dandupalya,ದಂಡುಪಾಳ್ಯ,village,13.074589,77.811462
Soluru,ಸೋಲೂರು,village,13.072853,77.844528
Vagata,ವಾಗಟ,village,13.023393,77.836177
Devashettihalli,ದೇವಶೆಟ್ಟಿಹಳ್ಳಿ,village,13.024062,77.821629
Bhaktarahalli,ಭಕ್ತರಹಳ್ಳಿ,village,13.020566,77.794145
Makanahalli,ಮಾಕನಹಳ್ಳಿ,village,13.009135,77.828409
Jinnagara,ಜಿನ್ನಾಗರ,village,13.033578,77.821995
Agrahara Layout,ಅಗ್ರಹಾರ ಬಡಾವಣೆ,village,13.097893,77.62596
Doddajala,ದೊಡ್ಡಜಾಲ,village,13.176735,77.65205
Shettigere Chikkajala,ಶೆಟ್ಟಿಗೆರೆ ಚಿಕ್ಕಜಾಲ,village,13.179621,77.66588
Muthugadahalli,ಮುತ್ತುಗದಹಳ್ಳಿ,hamlet,13.182598,77.673225
Chikkanahalli,ಚಿಕ್ಕನಹಳ್ಳಿ,village,12.881175,77.354481
Uttanahalli,ಉತ್ತನಹಳ್ಳಿ,village,13.165466,77.651551
Kodagalahatti,ಕೋಡಗಲಹಟ್ಟಿ,village,13.144498,77.629242
Kolipura,ಕೋಳಿಪುರ,hamlet,13.168814,77.657591
Misiganahalli,ಮೀಸಿಗಾನಹಳ್ಳಿ,village,13.165257,77.668347
Singanayakanahalli,ಸಿಂಗನಾಯಕನಹಳ್ಳಿ,village,13.147862,77.569321
Addiganahalli,ಅದ್ದಿಗಾನಹಳ್ಳಿ,village,13.173534,77.570055
Timmasandra,ತಿಮ್ಮಸಂದ್ರ,village,13.171543,77.580932
Tarahunase,ತರಹುಣಸೆ,village,13.178774,77.587952
Nagadasanahalli,ನಾಗದಾಸನಹಳ್ಳಿ,village,13.160135,77.578054
Anantapura,ಅನಂತಪುರ,neighbourhood,13.115089,77.567997
Doddatumakuru,ದೊಡ್ಡತುಮಕೂರು,village,13.227152,77.530474
Jinke Bachahalli,ಜಿಂಕೆಬಚ್ಚಹಳ್ಳಿ,village,13.246676,77.532272
Kakkehalli,ಕಕ್ಕೆಹಳ್ಳಿ,hamlet,13.215276,77.528405
Muttugadahalli,ಮುತ್ತುಗದಹಳ್ಳಿ,village,13.141236,77.526041
Ittagalapura,ಇಟ್ಟಗಳಪುರ,village,13.170901,77.542234
Vishvanathapura,ವಿಶ್ವನಾಥಪುರ,village,13.186745,77.550527
Arakere,ಅರಕೆರೆ,village,13.200112,77.538787
Bairapura,ಬೈರಾಪುರ,village,13.201324,77.523127
Haniyuru,ಹನಿಯೂರು,village,13.21343,77.514891
Gaudahalli,ಗೌಡಹಳ್ಳಿ,village,13.227078,77.520216
Shyanuboganahalli,ಶ್ಯಾನುಬೋಗನಹಳ್ಳಿ,village,13.179323,77.531709
Chokkenahalli,ಚೊಕ್ಕೇನಹಳ್ಳಿ,village,13.183253,77.539511
Budamanahalli,ಬುಡಮನಹಳ್ಳಿ,village,13.19114,77.528058
Koluvarayanahalli,ಕೊಲುವರಾಯನಹಳ್ಳಿ,village,13.165429,77.522407
Sadenahalli,ಸಾದೇನಹಳ್ಳಿ,village,13.194492,77.573091
Maragondanahalli,ಮಾರಗೊಂಡನಹಳ್ಳಿ,neighbourhood,13.037581,77.692788
Bettenahalli,ಬೆಟ್ಟೇನಹಳ್ಳಿ,village,13.208664,77.5886
Sonnenahalli,ಸೊನ್ನೆನಹಳ್ಳಿ,quarter,12.943305,77.480119
Challahalli,ಚಲ್ಲಹಳ್ಳಿ,village,13.217284,77.506668
Suradenapura,ಸುರದೇನಪುರ,village,13.210939,77.561929
Amarjyothi Nagara,ಅಮರಜ್ಯೋತಿ ನಗರ,neighbourhood,13.035711,77.596691
Coffee Board Layout,ಕಾಫಿ ಬೋರ್ಡ್ ಲೇಔಟ್,neighbourhood,13.050325,77.60608
Kodigehalli,ಕೊಡಿಗೇಹಳ್ಳಿ,neighbourhood,12.976657,77.464564
Kadayarppanhalli,ಕಾಡಯರಪ್ಪನಹಳ್ಳಿ,hamlet,13.184187,77.705171
Huvinayakanahalli,ಹೂವಿನಾಯಕನಹಳ್ಳಿ,village,13.147882,77.689685
Yediyur,ಯಡಿಯೂರು,hamlet,13.131224,77.695768
Maralakunte,ಮರಳಕುಂಟೆ,village,13.132288,77.704895
Bande Kodigehalli,ಬಂಡಿಕೊಡಗೆಹಳ್ಳಿ,village,13.17252,77.691152
Shampura,ಶಾಂಪುರ,neighbourhood,13.027204,77.614068
Nagavara,ನಾಗವಾರ,suburb,13.037465,77.623602
Bylahalli,ಬೈಲಹಳ್ಳಿ,hamlet,13.169052,77.680815
Kada Sonappana Halli,ಕಾಡು ಸೊನ್ನಪ್ಪನಹಳ್ಳಿ,hamlet,13.098769,77.664049
Chowdanahalli,ಚೌಡನಹಳ್ಳಿ,village,13.214493,77.628807
Sadahalli,ಸದಾಹಳ್ಳಿ,village,13.211109,77.647022
Nagamangala,ನಾಗಮಂಗಲ,village,13.216528,77.61883
Neraganahalli,ನರಗನಹಳ್ಳಿ,village,13.236135,77.629701
Elatthuru,ಎಲತ್ತೂರು,village,13.22084,77.644688
Uganawadi,ಉಗನವಾಡಿ,village,13.238896,77.657279
Kempathimmanahalli,ಕೆಂಪತಿಮ್ಮನಹಳ್ಳಿ,village,13.223486,77.654486
Poojenahalli,ಪೂಜನಹಳ್ಳಿ,village,13.216271,77.657214
Kannamangala Palya,ಕನ್ನಮಂಗಲ ಪಾಳ್ಯ,village,13.221566,77.66978
Doddasanne,ದೊಡ್ಡಸಣ್ಣೆ,village,13.217764,77.694104
Balepura,ಬಾಲೇಪುರ,village,13.198824,77.778124
Ankonahalli,ಅಂಕೋನಹಳ್ಳಿ,village,13.204677,77.799066
Dodda Kurubarahalli,ದೊಡ್ಡ ಕುರುಬರಹಳ್ಳಿ,village,13.225342,77.808843
Ibasapura,ಐಬಸಾಪುರ,village,13.243158,77.821548
Chimachanahalli,ಚೀಮಾಚನಹಳ್ಳಿ,village,13.226111,77.790486
Tarabanahalli,ತರಬನಹಳ್ಳಿ,village,13.190571,77.627882
Gadenahalli,ಗಡೇನಹಳ್ಳಿ,village,13.188537,77.617829
Ayyappanagara,ಅಯ್ಯಪ್ಪನಗರ,neighbourhood,13.00279,77.70943
Naduvatti,ನಡುವತ್ತಿ,village,13.006425,77.797086
Horamavu,ಹೊರಮಾವು,suburb,13.027331,77.660151
K. Channasandra,ಕೆ. ಚನ್ನಸಂದ್ರ,quarter,13.040022,77.679625
Banarahalli,ಬಾಣಾರಹಳ್ಳಿ,hamlet,12.957059,77.86279
Somalapura,ಸೋಮಾಲಪುರ,village,12.968604,77.861241
Dommaluru,ದೊಮ್ಮಲೂರು,village,12.968057,77.871831
Lakkuru,ಲಕ್ಕೂರು,village,12.929154,77.886366
Pura,ಪುರ,village,12.940686,77.88283
Baraguru,ಬರಗೂರು,village,12.952087,77.884109
Arasanahalli,ಅರಸನಹಳ್ಳಿ,village,12.964947,77.888423
Kittaganuru,ಕಿತ್ತಗನೂರು,village,13.037479,77.710316
Varanasi,ವಾರಣಾಸಿ,neighbourhood,13.030496,77.686066
Kaggadasapura,ಕಗ್ಗದಾಸಪುರ,quarter,12.981962,77.678464
Kannurahalli,ಕಣ್ಣೂರಹಳ್ಳಿ,village,13.059896,77.807537
Kacharakanahalli,ಕಚರಕನಹಳ್ಳಿ,neighbourhood,13.021568,77.630956
Kurubarahalli,ಕುರುಬರಹಳ್ಳಿ,village,13.101904,77.798731
Gottipura,ಗೊಟ್ಟಿಪುರ,village,13.108052,77.850523
Jadigenahalli,ಜಡಿಗೇನಹಳ್ಳಿ,village,13.051001,77.852551
Karibeerana Hosahalli,ಕರಿಬೀರನಹೊಸಹಳ್ಳಿ,village,13.038193,77.861005
Kamarasanahalli,ಕಾಮರಸನಹಳ್ಳಿ,village,13.016809,77.861392
Chimandahalli,ಚೀಮಂಡಹಳ್ಳಿ,village,13.050588,77.812189
Doddanallurahalli,ದೊಡ್ಡನಲ್ಲೂರಹಳ್ಳಿ,village,13.118814,77.86263
Govindapura,ಗೋವಿಂದಪುರ,neighbourhood,13.034109,77.619803
Kamanahalli,ಕಾಮನಹಳ್ಳಿ,village,12.907591,77.797178
Jantagondanahalli,ಜಂತಗೊಂಡನಹಳ್ಳಿ,village,12.924438,77.786058
Kutaganahalli,ಕೂತಗಾನಹಳ್ಳಿ,village,12.888558,77.802044
Devasandra,ದೇವಸಂದ್ರ,neighbourhood,13.003932,77.705676
Indlavadi,ಇಂಡ್ಲವಾಡಿ,village,12.728893,77.637932
Narayanakere,ನಾರಾಯಣಕೆರೆ,village,12.943855,77.858466
Ramesh Nagar,ರಮೇಶ ನಗರ,neighbourhood,12.963347,77.680033
Gopasandra,ಗೋಪಸಂದ್ರ,village,13.233719,77.826673
Konaginabele,ಕೊನಗಿನಬೆಲೆ,hamlet,13.223734,77.813927
Chikka Aralagere,ಚಿಕ್ಕಅರಳಗೆರೆ,village,13.200589,77.824313
Ittasandra,ಇಟ್ಟಸಂದ್ರ,village,13.219807,77.882291
Teneyuru,ತೆನೆಯೂರು,village,13.227244,77.836715
Balenahalli,ಬಾಲೇನಹಳ್ಲಿ,village,13.199253,77.848874
Isturu Hosahalli,ಈಸ್ತೂರು ಹೊಸಹಳ್ಳಿ,village,13.228072,77.860657
Dodda Aralagere,ದೊಡ್ಡಅರಳಗೆರೆ,village,13.193696,77.83826
Dyavasandra,ದ್ಯಾವಸಂದ್ರ,village,13.201259,77.840792
Anupahalli,ಅನುಪಹಳ್ಳಿ,village,13.215172,77.857057
Isturu,ಈಸ್ತೂರು,village,13.224342,77.870964
Papanahalli,ಪಾಪನಹಳ್ಳಿ,hamlet,13.21325,77.802082
Byrasandra,ಬೈರಸಂದ್ರ,neighbourhood,12.982217,77.665784
Timmappanahalli,ತಿಮ್ಮಪ್ಪನಹಳ್ಳಿ,village,13.218932,77.825257
Kembliganahalli,ಕೆಂಬಳಿಗಾನಹಳ್ಳಿ,village,13.130344,77.883653
Volegerepura,ಒಲೆಗೇರಪುರ,village,13.111703,77.872721
Mugabala,ಮುಗಬಾಳ,village,13.118767,77.889758
Gadigenahalli,ಗಡಿಗೇನಹಳ್ಳಿ,village,13.130764,77.898515
Channapura,ಚನ್ನಾಪುರ,hamlet,13.108276,77.866327
Paramanahalli,ಪರಮನಹಳ್ಳಿ,village,13.008534,77.843759
Gonighattapura,ಗೋಣಿಘಟ್ಟಪುರ,hamlet,12.913293,77.788665
Halasahalli,ಹಲಸಹಳ್ಳಿ,village,12.924052,77.762646
Nekkundi Dommasandra,ನೆಕ್ಕುಂದಿದೊಮ್ಮಸಂದ್ರ,village,12.927462,77.776145
Ramaswamypalya,,neighbourhood,13.009743,77.636889
Gullahalli,ಗುಳ್ಳಹಳ್ಳಿ,village,13.169959,77.835305
Mutakadahalli,ಮುತಕದಹಳ್ಳಿ,village,13.149776,77.844317
Chikka Koliga,ಚಿಕ್ಕಕೋಲಿಗ,hamlet,13.156548,77.827966
Doddakoliga,ದೊಡ್ಡಕೋಲಿಗ,village,13.159055,77.83994
Sonnebychanahalli,ಸೊಣ್ಣೇಬೈಚನಹಳ್ಳಿ,hamlet,13.145304,77.847536
Kadagrahara,ಕಾಡ ಅಗ್ರಹಾರ,village,12.862998,77.763056
Valagere Kallahalli,ಕಲ್ಲಹಳ್ಳಿ,village,12.882201,77.776188
Sompura,ಸೋಂಪುರ,village,12.877828,77.497238
Yamare,ಯಮರೆ,village,12.873102,77.765974
Vinayakanagar,ವಿನಾಯಕನಗರ,neighbourhood,12.964558,77.754106
Shantinagara,ಶಾಂತಿನಗರ,hamlet,12.879784,77.347
S Golahalli,ಗೊಲ್ಲಹಳ್ಳಿ,hamlet,12.894227,77.361516
Hagalahalli,ಹಾಗಲಹಳ್ಳಿ,village,12.849284,77.330308
Pachepalya,ಪಚ್ಚೇಪಾಳ್ಯ,hamlet,12.883916,77.361022
Manchanabele,ಮಂಚನಬೆಲೆ,village,12.866892,77.334421
Kurubarapalya,ಕುರುಬರಪಾಳ್ಯ,hamlet,12.911242,77.362825
Hunnigere,ಹುನ್ನಿಗೆರೆ,hamlet,12.924425,77.367929
Byalalu,ಬ್ಯಾಲಾಳು,village,12.892202,77.375788
Ganapathihalli,ಗಣಪತಿಹಳ್ಳಿ,hamlet,12.917943,77.395783
Dodderi,ದೊಡ್ಡೇರಿ,village,12.866783,77.37752
Punugumaranahalli,ಪುನುಗುಮಾರನಹಳ್ಳಿ,hamlet,12.916486,77.403513
Ketohalli,ಕೇತೊಹಳ್ಳಿ,village,12.907508,77.404473
Sulivara,ಸೂಲಿವಾರ,hamlet,12.903844,77.362417
Chunchanakuppe,ಚುಂಚನಕುಪ್ಪೆ,village,12.909558,77.386642
Huluvenahalli,ಹುಲುವೇನಹಳ್ಳಿ,hamlet,12.919493,77.364347
Vinayaka Nagara,ವಿನಾಯಕ ನಗರ,neighbourhood,13.083146,77.544631
Gerupalya,ಗೇರುಪಾಳ್ಯ,neighbourhood,12.884648,77.442475
Ramohalli,ರಾಮೋಹಳ್ಳಿ,village,12.906985,77.418528
Donnenahalli,ದೊಣ್ಣೇನಹಳ್ಳಿ,hamlet,12.884133,77.375002
Challaghatta,ಚಳ್ಳಘಟ್ಟ,suburb,12.896065,77.453998
Bettana Palya,ಬೆಟ್ಟನಪಾಳ್ಯ,neighbourhood,12.911564,77.443376
Bhimanakuppe,ಭೀಮನಕುಪ್ಪೆ,neighbourhood,12.904297,77.438646
Aladamaradapalya,ಆಲದಮರದಪಾಳ್ಯ,hamlet,12.910059,77.394722
Tavarekere,ತಾವರೆಕೆರೆ,village,12.963694,77.401424
Baichaguppe,ಬೈಚಗುಪ್ಪೆ,hamlet,12.970204,77.388295
Devamachohalli,ದೇವಮಾಚೋಹಳ್ಳಿ,hamlet,12.967004,77.379475
Hampapura,ಹಂಪಾಪುರ,village,12.831114,77.429171
Dabbaguli,ದಬ್ಬಗುಳಿ,village,12.892845,77.322024
Byramangala,ಬೈರಮಂಗಲ,village,12.749255,77.422304
Chikkajala,ಚಿಕ್ಕಜಾಲ,village,13.17093,77.634651
Hunasuru,ಹುಣಸೂರು,hamlet,13.180387,77.711656
Thanisandra,ಥಣಿಸಂದ್ರ,quarter,13.054713,77.633926
Kowdenahalli,ಕೌದೇನಹಳ್ಳಿ,neighbourhood,13.019415,77.679281
Sampigehalli,ಸಂಪಿಗೆಹಳ್ಳಿ,neighbourhood,13.081635,77.618267
Dyavarahalli,ದ್ಯಾವರಹಳ್ಳಿ,village,13.240197,77.598686
Bidaragere,ಬಿದರಗೆರೆ,village,12.714472,77.723462
Vijaya Bank Colony,ವಿಜಯ ಬ್ಯಾಂಕ್ ಕಾಲೋನಿ,neighbourhood,13.015575,77.659222
Kurudu Sonnenahalli,ಕುರುಡು ಸೊನ್ನೇನಹಳ್ಳಿ,neighbourhood,13.013892,77.732047
K Dommasandra,ಕೆ ದೊಮ್ಮಸಂದ್ರ,village,13.011174,77.740544
Thore Nagasandra,ತೋರೆನಾಗಸಂದ್ರ,village,13.114944,77.475134
Ganigarahalli,ಗಾಣಿಗರಹಳ್ಳಿ,neighbourhood,13.08905,77.510989
Hurali Chikkanahalli,ಹುರುಳಿ ಚಿಕ್ಕನಹಳ್ಳಿ,village,13.11553,77.483738
Somashettihalli,ಸೋಮಶೆಟ್ಟಿಹಳ್ಳಿ,neighbourhood,13.086929,77.520684
Ferns Habitat,ಫರ್ನ್ಸ್ ಹ್ಯಾಬಿಟಾಟ್,neighbourhood,12.978666,77.690793
Somasundarapalya,ಸೋಮಸುಂದರಪಾಳ್ಯ,neighbourhood,12.899436,77.652457
Brookes Haven Layout,ಬ್ರೂಕ್ಸ್ ಹಾವೆನ್ ಲೇಔಟ್,neighbourhood,12.871726,77.574927
Islampur,ಇಸ್ಲಾಂಪುರ,neighbourhood,12.963033,77.669231
Chinnappanahalli,ಚಿನ್ನಪ್ಪನಹಳ್ಳಿ,neighbourhood,12.961278,77.70441
Kareem Nagar,ಕರೀಮ್ ನಗರ,neighbourhood,12.963786,77.671227
AECS Layout D Block,ಎಇಸಿಎಸ್ ಲೇಔಟ್ ಡಿ ಬ್ಲಾಕ್,neighbourhood,12.962813,77.710396
AECS Layout B Block,ಎಇಸಿಎಸ್ ಲೇಔಟ್ ಬಿ ಬ್ಲಾಕ್,neighbourhood,12.965109,77.715823
AECS Layout A Block,ಎಇಸಿಎಸ್ ಲೇಔಟ್ ಎ ಬ್ಲಾಕ್,neighbourhood,12.964534,77.711188
Nellurupuram,ನೆಲ್ಲೂರುಪುರಂ,neighbourhood,12.967022,77.664968
BTM Layout 2nd Stage,ಬಿಟಿಎಂ ಬಡಾವಣೆ ೨ನೇ ಹಂತ,quarter,12.914008,77.607945
BTM Layout 1st Stage,ಬಿಟಿಎಂ ಬಡಾವಣೆ ೧ನೇ ಹಂತ,quarter,12.919,77.611291
Mahadeshwara Nagara,ಮಹಾದೇಶ್ವರ ನಗರ,neighbourhood,12.907669,77.612372
DK Naik Nagar,ಡಿಕೆ ನಾಯ್ಕ್ ನಗರ,neighbourhood,12.918095,77.588476
Jayanagar 6th Block,ಜಯನಗರ ಆರನೇ ಬಡಾವಣೆ,quarter,12.930749,77.578221
Jayanagar East,ಜಯನಗರ ಪೂರ್ವ,quarter,12.933659,77.590924
Yediyuru,ಯಡಿಯೂರು,neighbourhood,12.932598,77.57505
Kommaghatta,ಕೊಮ್ಮಘಟ್ಟ,neighbourhood,12.929961,77.464396
Ramasandra,ರಾಮಸಂದ್ರ,neighbourhood,12.944855,77.467309
Sulikere,ಸೂಲಿಕೆರೆ,quarter,12.939033,77.448365
Sampige Nagara,ಸಂಪಿಗೆ ನಗರ,neighbourhood,12.834711,77.697364
Jarakabande Kaval,ಜಾರಕಬಂಡೆ ಕವಲ್,neighbourhood,13.12038,77.547607
Banjarapalya,ಬಂಜಾರಪಾಳ್ಯ,neighbourhood,12.829619,77.485418
Hosapalya,ಹೊಸಪಾಳ್ಯ,neighbourhood,12.841973,77.482913
Basavanahalli,ಬಸವನಹಳ್ಳಿ,village,13.110635,77.387448
Jakkanahalli,ಜಕ್ಕನಹಳ್ಳಿ,village,13.179838,77.344781
Kanegaudanahalli,ಕಣೇಗೌಡನಹಳ್ಳಿ,village,13.129699,77.384269
Machonayakanahalli,ಮಾಚೋನಾಯಕನಹಳ್ಳಿ,hamlet,13.144216,77.380257
Mailanahalli,ಮೈಲನಹಳ್ಳಿ,village,13.133316,77.398538
Teppada Beguru,ತೆಪ್ಪದ ಬೇಗೂರು,village,13.146165,77.334645
Alambadi,ಆಲಂಬಾಡಿ,village,12.893048,77.886112
Sampangere,ಸಂಪಂಗೆರೆ,village,12.873588,77.884285
Ayappa Layout,ಅಯ್ಯಪ್ಪ ಲೇಔಟ್,locality,12.954037,77.702842
Domlur BDA Layout,ದೊಮ್ಮಲೂರು ಬಿಡಿಎ ಬಡಾವಣೆ,neighbourhood,12.964425,77.634968
Yashavantapura,ಯಶವಂತಪುರ,village,13.018255,77.899229
Ambalagere,ಅಂಬಲಗೆರೆ,village,13.243471,77.387681
Bairanayakanahalli,ಬೈರನಾಯಕನಹಳ್ಳಿ,village,13.192451,77.365441
Doddabele,ದೊಡ್ಡಬೆಲೆ,village,13.223065,77.337685
Kadanuru,ಕಾಡನೂರು,village,13.243897,77.455849
Madagondanahalli,ಮದಗೊಂಡನಹಳ್ಳಿ,village,13.244977,77.471673
Mallohalli,ಮಲ್ಲೋಹಳ್ಳಿ,village,13.230298,77.450564
Muppadighatta,ಮುಪ್ಪಡಿಘಟ್ಟ,village,13.243808,77.448534
Tadasighatta,ತಡಸೀಘಟ್ಟ,village,13.228405,77.348519
Tyamagondlu,ತ್ಯಾಮಗೊಂಡ್ಲು,village,13.214631,77.300428
Vadakunte,ವಾದಕುಂಟೆ,village,13.214688,77.366283
Sanjay Nagar,ಸಂಜಯ ನಗರ,neighbourhood,12.957866,77.695875
Jakkasandra,ಜಕ್ಕಸಂದ್ರ,neighbourhood,12.92435,77.637603
Teacher's Colony,ಟೇಚರ್ಸ್ ಕಾಲೋನಿ,neighbourhood,12.918826,77.634118
P R Layout,ಪಿ ಆರ್ ಲೇಔಟ್,neighbourhood,12.953051,77.7033
Doddamaranahalli,ದೊಡ್ಡಮಾರನಹಳ್ಳಿ,hamlet,12.930372,77.382552
Gulaganjanahalli,ಗುಲಗಂಜನಹಳ್ಳಿ,hamlet,12.937725,77.418855
Honnaganahatti,ಹೊನ್ನಗನಹಟ್ಟಿ,hamlet,12.979973,77.418796
Kambipura,ಕಂಬೀಪುರ,village,12.87262,77.461552
Kaniminike,ಕಣಿಮಿಣಿಕೆ,village,12.864724,77.431063
Nagadevanahalli,ನಾಗದೇವನಹಳ್ಳಿ,neighbourhood,12.939539,77.495494
Tagachaguppe,ತಗಚಗುಪ್ಪೆ,village,12.866798,77.454499
Yalachaguppe,ಯಲಚಗುಪ್ಪೆ,hamlet,12.959303,77.421654
Sector 6,ಸೆಕ್ಟರ್ ೬,quarter,12.91434,77.631707
Bannikuppe,ಬನ್ನಿಕುಪ್ಪೆ,village,12.847235,77.384802
Lakshmisagara,ಲಕ್ಷ್ಮೀಸಾಗರ,village,12.811124,77.724262
Marasuru,ಮರಸೂರು,village,12.762543,77.713078
Shivanahalli,ಶಿವನಹಳ್ಳಿ,neighbourhood,12.987922,77.546791
Sidihosakote,ಸಿಡಿಹೊಸಕೋಟೆ,village,12.729104,77.687333
Tatnahalli,ತಟ್ನಹಳ್ಳಿ.,village,12.745099,77.725155
Yadavanahalli,ಯಡವನಹಳ್ಳಿ.,village,12.789855,77.751454
Allalasandra,ಅಳ್ಳಾಲಸಂದ್ರ,village,12.732907,77.45413
Hosuru,ಹೊಸೂರು,village,12.74145,77.449197
Kanchugaranahalli,ಕಂಚುಗಾರನಹಳ್ಳಿ,village,12.722936,77.443645
Kempainpalya,ಕೆಂಪಯ್ಯನ ಪಾಳ್ಯ,village,12.720156,77.430041
Yarehalli,ಯರೆಹಳ್ಳಿ,hamlet,12.705461,77.428791
Shashimakanahalli,ಶಶಿಮಾಕನಹಳ್ಳಿ,village,13.192545,77.848293
Basammanahalli,ಬಸಮ್ಮನಹಳ್ಳಿ,hamlet,12.874942,77.352382
Bettangere,ಬೆತ್ತಂಗೆರೆ,village,12.856658,77.364101
Kurubara Karenahalli,ಕುರುಬರ ಕರೇನಹಳ್ಳಿ,village,12.854371,77.383836
Muttarayanagudipalya,ಮುತ್ತರಾಯನಗುಡಿಪಾಳ್ಯ,village,12.849296,77.367517
Siddabovipalya,ಸಿದ್ದಬೋವಿಪಾಳ್ಯ,hamlet,12.8546,77.371172
Ankana Halli,ಅಂಕನಹಳ್ಳಿ,hamlet,12.856169,77.357747
Chikkamaranahalli,ಚಿಕ್ಕಮಾರನಹಳ್ಳಿ,hamlet,13.090672,77.322736
Subramanyanagara,ಸುಬ್ರಮಣ್ಯನಗರ,hamlet,13.21267,77.312931
Tirumalapura,ತಿರುಮಲಾಪುರ,village,13.136759,77.323343
Aluru,ಆಲೂರು,village,13.085603,77.465069
Arishinakunte,ಅರಿಶಿನಕುಂಟೆ,village,13.078477,77.422568
Bettanagere,ಬೆತ್ತನಗೆರೆ,hamlet,13.114801,77.411118
Bhairagondanahalli,ಭೈರಗೊಂಡನಹಳ್ಳಿ,hamlet,13.060854,77.388881
Bommashettihalli,ಬೊಮ್ಮಶೆಟ್ಟಿಹಳ್ಳಿ,village,13.131225,77.419623
Chikkabidarakallu,ಚಿಕ್ಕಬಿದರಕಲ್ಲು,village,13.049157,77.487488
Dasanapura,ದಾಸನಪುರ,village,13.07589,77.43648
Doddabidarakallu,ದೊಡ್ಡಬಿದರಕಲ್ಲು,neighbourhood,13.035217,77.494
Gangodanahalli,ಗಂಗೊಂಡನಹಳ್ಳಿ,village,13.02219,77.467528
Heggadadevanapura,ಹೆಗ್ಗಡದೇವನಪುರ,village,13.075745,77.457553
Honnasandra,ಹೊನ್ನಸಂದ್ರ,village,13.117085,77.447736
Hullegaudanahalli,ಹುಲ್ಲೇಗೌಡನಹಳ್ಳಿ,hamlet,13.060655,77.407147
Kachohalli,ಕಾಚೋಹಳ್ಳಿ,village,12.999758,77.469981
Kenganahalli,ಕೆಂಗನಹಳ್ಳಿ,hamlet,13.051617,77.411869
Kittanahalli,ಕಿತ್ತನಹಳ್ಳಿ,village,13.009683,77.419034
Kuduregere,ಕುದುರೆಗೆರೆ,village,13.075789,77.471956
Lakshmipura,ಲಕ್ಷ್ಮೀಪುರ,village,13.037184,77.462165
Machohalli,ಮಾಚೋಹಳ್ಳಿ,village,13.006556,77.452064
Mattahalli,ಮತ್ತಹಳ್ಳಿ,village,13.107758,77.457273
Nagaruru,ನಗರೂರು,village,13.091167,77.433947
Narasipura,ನರಸೀಪುರ,village,13.11005,77.463055
Pillahalli,ಪಿಳ್ಳಹಳ್ಳಿ,village,13.102529,77.4288
Ravutanahalli,ರಾವುತನಹಳ್ಳಿ,village,13.026494,77.423459
Sondekoppa,ಸೊಂಡೇಕೊಪ್ಪ,village,13.020442,77.382548
Vaderahalli,,neighbourhood,13.094947,77.538379
Kallodu,ಕಲ್ಲೋಡು,hamlet,13.178134,77.434169
Chikka Kukkanahalli,ಚಿಕ್ಕ ಕುಕ್ಕನಹಳ್ಳಿ,village,13.158726,77.447941
Ramadevanahalli,ರಾಮದೇವನಹಳ್ಳಿ,village,13.190653,77.432688
Kodipalya,ಕೋಡಿಪಾಳ್ಯ,neighbourhood,12.900422,77.487129
Govenahalli,ಗೋವೇನಹಳ್ಳಿ,village,13.179766,77.308144
Honnavara,ಹೊನ್ನಾವರ,village,13.221729,77.418952
Isuvanahalli,ಇಸುವನಹಳ್ಳಿ,village,13.202684,77.338392
Kakolu,ಕಾಕೋಳು,village,13.1875,77.519846
Karehalli,ಕಾರೇಹಳ್ಳಿ,village,13.22628,77.314602
Karlapura,ಕರ್ಲಪುರ,village,13.207004,77.49216
Kuppemala,ಕುಪ್ಪೇಮಾಳ,village,13.105394,77.300367
Shivakote,ಶಿವಕೋಟೆ,village,13.134549,77.513414
Tippagondanahalli,ತಿಪ್ಪಗೊಂಡನಹಳ್ಳಿ,hamlet,12.952599,77.336965
Uddichikkanahalli,ಉದ್ದಿಚಿಕ್ಕನಹಳ್ಳಿ,hamlet,13.177478,77.400269
Thimmah Reddy Colony,ತಿಮ್ಮಯ್ಯ ರೆಡ್ಡಿ ಕಾಲೋನಿ,neighbourhood,12.958467,77.654819
Hemmigepura Gollahalli,ಹೆಮ್ಮಿಗೆಪುರ ಗೊಲ್ಲಹಳ್ಳಿ,village,12.875824,77.479376
Sugganahalli,ಸುಗ್ಗನಹಳ್ಳಿ,village,12.799742,77.319629
BDA Layout,ಬಿಡಿಎ ಬಡಾವಣೆ,neighbourhood,12.961987,77.65854
BEML Township,ಬೆಮಲ್ ಟೌನಷಿಪ್,neighbourhood,12.972194,77.668472
Bhoomi Reddy Colony,ಭೂಮಿ ರೆಡ್ಡಿ ಕಾಲೋನಿ,neighbourhood,12.975233,77.652126
GM Palya,ಜಿಎಂ ಪಾಳ್ಯ,quarter,12.974779,77.665408
HAL 3rd Stage,ಎಚ್ಎಎಲ್ ೩ನೇ ಹಂತ,neighbourhood,12.971534,77.649782
Thippasandra,ತಿಪ್ಪಸಂದ್ರ,quarter,12.973936,77.650998
Vignananagar,ವಿಜ್ಞಾನನಗರ,quarter,12.973616,77.682462
Sudgunte Palya,ಸುದಗುಂಟೆ ಪಾಳ್ಯ,neighbourhood,12.983202,77.656622
Sector 2,ಸೆಕ್ಟರ್ ೨,quarter,12.908881,77.648316
KR Garden,ಕೆಆರ್ ಗಾರ್ಡನ್,neighbourhood,12.954921,77.656597
Sri Ram Nagar,ಶ್ರೀರಾಮ ನಗರ,neighbourhood,12.958199,77.657139
NR Layout,ಎನ್ ಆರ್ ಲೇಔಟ್,neighbourhood,12.955934,77.651109
SR Layout,ಎಸ್ ಆರ್ ಬಡಾವಣೆ,neighbourhood,12.954706,77.650672
Mangamannapalya,ಮಂಗಮ್ಮನಪಾಳ್ಯ,neighbourhood,12.905811,77.632374
Sector 1,ಸೆಕ್ಟರ್ ೧,quarter,12.915723,77.649014
Sector 3,ಸೆಕ್ಟರ್ ೩,quarter,12.909083,77.641409
Sector 4,ಸೆಕ್ಟರ್ ೪,quarter,12.914468,77.64185
Sector 7,ಸೆಕ್ಟರ್ ೭,quarter,12.910009,77.635117
Bairashettihalli,ಬೈರಶೆಟ್ಟಿಹಳ್ಳಿ,village,13.157239,77.403007
Ballagere,ಬಳ್ಳಗೆರೆ,village,13.245933,77.360563
Baradi,ಬರದಿ,village,13.176305,77.36716
Bolamaranahalli,ಬೋಳಮಾರನಹಳ್ಳಿ,village,13.027095,77.366795
Byata,ಬ್ಯಾತ,village,13.192668,77.485151
Hyadalu,ಹ್ಯಾಡಾಳು,village,13.138486,77.410662
Kalalughatta,ಕಳಲುಘಟ್ಟ,village,13.195175,77.322636
Manchenahalli,ಮಂಚೇನಹಳ್ಳಿ,village,13.035721,77.358047
Mandigere,ಮಂಡಿಗೆರೆ,village,13.153476,77.366413
Mantanakurchi,ಮಂಟನಕುರ್ಚಿ,village,13.044043,77.384543
Billamaranahalli,ಬಿಲ್ಲಮಾರನಹಳ್ಳಿ,hamlet,13.150383,77.637447
Satanuru,ಸಾತನೂರು,village,13.132372,77.646859
Bellahalli,ಬೆಲ್ಲಹಳ್ಳಿ,village,13.099768,77.642715
Lakkasandra,ಲಕ್ಕಸಂದ್ರ,quarter,12.943223,77.599706
Varthur Kodi,ವರ್ತೂರು ಕೋಡಿ,neighbourhood,12.956388,77.745631
Maruthi Nagara,ಮಾರುತಿ ನಗರ,neighbourhood,12.92245,77.613893
Air View Colony,ಏರ್ ವೀವ್ ಕಾಲೋನಿ,neighbourhood,12.954741,77.661264
Kudlu,ಕುಡ್ಲು,suburb,12.888913,77.655572
Vaikuntam Layout,ವೈಕುಂಟಂ ಲೇಔಟ್,neighbourhood,12.959535,77.713218
Peenya,ಪೀಣ್ಯ,suburb,13.032942,77.527325
Banashankari 1st Stage,ಬನಶಂಕರಿ ೧ನೇ ಹಂತ,quarter,12.939333,77.553982
Banashankari 3rd Stage,ಬನಶಂಕರಿ ೩ನೇ ಹಂತ,quarter,12.931558,77.547927
Thyagaraja Nagar,ತ್ಯಾಗರಾಜ ನಗರ,quarter,12.931392,77.568301
Annaniappa Layout,ಅಣ್ಣನಿಯಪ್ಪ ಲೇಔಟ್,neighbourhood,12.956677,77.660725
Vinayaka Nagar A Block,ವಿನಾಯಕನಗರ 'ಎ' ಬ್ಲಾಕ್,neighbourhood,12.956969,77.659192
Muniyappa Layout,ಮುನಿಯಪ್ಪ ಲೇಔಟ್,neighbourhood,12.953064,77.653202
Kempapura,ಕೆಂಪಾಪುರ,neighbourhood,12.946476,77.672516
Sadappanahalli,ಸಾದಪ್ಪನಹಳ್ಳಿ,village,13.160804,77.797327
Satyavara,ಸತ್ಯವಾರ,village,13.144426,77.797932
Shankanipura,ಶಂಕಣೀಪುರ,village,13.10491,77.771167
Jogupalya,ಜೋಗುಪಾಳ್ಯ,neighbourhood,12.974688,77.628026
Saraswathipuram,ಸರಸ್ವತಿಪುರಂ,neighbourhood,12.974806,77.631636
Gowthamapura,ಗೌತಮಪುರಂ,neighbourhood,12.96898,77.625344
Nidaghatta,ನಿಡಘಟ್ಟ,village,13.094236,77.870368
A Narayanapura,ಎ ನಾರಾಯಣಪುರ,neighbourhood,12.99308,77.675359
Bagalur,ಬಾಗಲೂರು,village,12.831044,77.865842
Adigondanahalli,ಆದಿಗೊಂಡನಹಳ್ಳಿ.,village,12.814148,77.751899
Byagadadenahalli,ಬ್ಯಾಗಡದೇನಹಳ್ಳಿ,village,12.742629,77.701482
Chikkahagade,ಚಿಕ್ಕಹಾಗಡೆ,hamlet,12.735226,77.699833
Guddahatti,ಗುಡ್ಡಹಟ್ಟಿ,village,12.803709,77.742336
Ichchanguru,ಇಚ್ಚಂಗೂರು.,village,12.771508,77.742452
Iggaluru,ಇಗ್ಗಲೂರು,neighbourhood,12.786963,77.704819
Jigani,ಜಿಗಣಿ,town,12.785253,77.638093
Karpuru,ಕರ್ಪೂರು,village,12.726685,77.719581
Kittaganahalli,ಕಿತ್ತಗಾನಹಳ್ಳಿ.,village,12.802089,77.693334
Muttanalluru,ಮುತ್ತಾನಲ್ಲೂರು,village,12.83226,77.735342
Narayanaghatta,ನಾರಾಯಣಘಟ್ಟ,village,12.836485,77.726002
Neraluru,ನೆರಳೂರು,village,12.795645,77.728641
Ramasagara,ರಾಮಸಾಗರ,village,12.820328,77.718639
Singena Agrahara,ಸಿಂಗೇನ ಅಗ್ರಹಾರ,village,12.838297,77.715036
Tirumagondahalli,ತಿರುಮಗೊಂಡಹಳ್ಳಿ.,village,12.791647,77.720187
Gottigehalli,ಗೊಟ್ಟಿಗೆಹಳ್ಳಿ,village,12.720959,77.526767
Halegabbadi,ಹಳೆಗಬ್ಬಾಡಿ,village,12.716147,77.47591
Hosagabbadi,ಹೊಸಗಬ್ಬಾಡಿ,village,12.712887,77.482092
Kadu Jakkasandra,ಕಾಡು ಜಕ್ಕಸಂದ್ರ,village,12.701011,77.512869
Sonnaredoddi,ಸೋನ್ನಾರೆದೊಡ್ಡಿ,village,12.71016,77.51876
Lingarajapuram,ಲಿಂಗರಾಜಪುರಂ,suburb,13.009395,77.626788
Appareddipalaya,ಅಪ್ಪರೆಡ್ಡಿಪಾಳ್ಯ,neighbourhood,12.974188,77.637243
Kadiranpalaya,ಕದಿರನ್ಪಾಳ್ಯ,neighbourhood,12.986755,77.635328
Old Thippasandra,ಹಳೆ ತಿಪ್ಪಸಂದ್ರ,neighbourhood,12.972082,77.646499
BM Kaval,ಬಿಎಂ ಕಾವಲ್,neighbourhood,12.981694,77.648371
Michaelpalya,ಮೈಕಲ್ ಪಾಳ್ಯ,neighbourhood,12.981094,77.646595
Hemmigepura,ಹೆಮ್ಮಿಗೆಪುರ,village,12.881929,77.485497
Eramma Layout,ಈರಮ್ಮಾ ಬಡಾವಣೆ,neighbourhood,12.945645,77.602755
Seven Hills Layout,ಸಪ್ತಗಿರಿ ಲೇಔಟ್,neighbourhood,12.914039,77.55212
Sadgunte Palya,ಸದಗುಂಟೆ ಪಾಳ್ಯ,neighbourhood,12.931546,77.609625
MEI Colony,ಎಂಇಐ ಕಾಲೋನಿ,neighbourhood,13.019474,77.520225
Jayanagar 3rd Block,ಜಯನಗರ ೩ನೇ ಬ್ಲಾಕ್,quarter,12.933863,77.583034
Rajotsava Nagar,ರಾಜೊತ್ಸವ ನಗರ,neighbourhood,12.904366,77.565375
Kalyani Nagara,ಕಲ್ಯಾಣಿ ನಗರ,neighbourhood,12.896275,77.553719
Chikkalasandra,ಚಿಕ್ಕಲಸಂದ್ರ,quarter,12.912192,77.547634
Kadirenahalli,ಕದಿರೇನಹಳ್ಳಿ,quarter,12.914616,77.566151
Lake City,ಲೇಕ್ ಸಿಟಿ,neighbourhood,12.899738,77.617337
Vyalikaval,ವ್ಯಾಲಿಕಾವಲ್,neighbourhood,13.004264,77.57517
Chakravarty Layout,ಚಕ್ರವರ್ತಿ ಲೇಔಟ್,neighbourhood,12.996812,77.585728
Vittal Nagar,ವಿಠ್ಠಲ ನಗರ,neighbourhood,12.901218,77.555081
Putanna Garden,ಪುಟ್ಟಣ್ಣ ಗಾರ್ಡನ್,neighbourhood,12.992251,77.663356
Puttappa Layout,ಪುಟ್ಟಪ್ಪ ಲೇಔಟ್,neighbourhood,12.97096,77.652738
Palm Grove,ಪಾಂ ಗ್ರೋ,neighbourhood,13.029504,77.637972
Ashokanagara,ಅಶೋಕನಗರ,neighbourhood,12.935948,77.564172
Amarjyothi Layout,ಅಮರಜ್ಯೋತಿ ಲೇಔಟ್,neighbourhood,12.956628,77.642743
MV Garden,ಎಮ್ ವಿ ಗಾರ್ಡನ್,neighbourhood,12.979234,77.622894
Kere Guddadahalli,ಕೆರೆಗುಡ್ಡದಹಳ್ಳಿ,locality,13.079413,77.516218
Gopalapura,ಗೋಪಾಲಪುರ,village,13.141469,77.427717
Gupta Layout,ಗುಪ್ತ ಲೇಔಟ್,neighbourhood,12.979689,77.624782
Old Binnamangala,ಹಳೆ ಬಿನ್ನಮಂಗಲ,neighbourhood,12.979579,77.641551
Commercial Street Market,ಕಮರ್ಷಿಯಲ್ ಸ್ಟ್ರೀಟ್ ಮಾರ್ಕೆಟ್,neighbourhood,12.9825,77.608639
Vidyanagar,ವಿದ್ಯಾನಗರ,village,13.159029,77.624335
Narayanappa Gardens,ನಾರಾಯಣಪ್ಪ ಗಾರ್ಡನ್ಸ್,neighbourhood,12.965749,77.750623
Green Glen Layout,ಗ್ರೀನ್ ಗ್ಲೆನ್ ಲೇಔಟ್,neighbourhood,12.926904,77.670188
Tasker Town,ಟಾಸ್ಕರ್ ಟೌನ್,neighbourhood,12.980162,77.605818
Anandapuram,ಆನಂದಪುರಂ,neighbourhood,12.964594,77.659472
Belure Ambedkar Nagar,ಬೆಲುರೆ ಅಂಬೇಡ್ಕರ್ ನಗರ್,neighbourhood,12.946089,77.660929
Kaverappa Layout,ಕಾವೇರಪ್ಪ ಲೇಔಟ್,neighbourhood,12.936766,77.700846
Belur Nagasandra,ಬೇಲೂರು ನಾಗಸಂದ್ರ,neighbourhood,12.943102,77.655627
Kariyammana Agrahara,ಕರಿಯಮ್ಮ ಅಗ್ರಹರ,neighbourhood,12.93715,77.687303
Kalyapura,ಕಲ್ಯಾಪುರ,village,13.238748,77.871439
Sundrahalli,ಸುಂಡ್ರಹಳ್ಳಿ,hamlet,13.249633,77.85921
Madhugirihalli,ಮಧುಗಿರಿಹಳ್ಳಿ,village,13.127986,77.507428
Thammarasanahalli,ತಮ್ಮರಸನಹಳ್ಳಿ,village,13.126064,77.496914
Kumbarahalli,ಕುಂಬಾರಹಳ್ಳಿ,village,13.103096,77.491657
Hulimangala,ಹುಲಿಮಂಗಲ,village,12.956828,77.899232
Jagadenahalli,ಜಗದೇನಹಳ್ಳಿ,village,12.908459,77.883079
Madanahatti,ಮಾದನಹಟ್ಟಿ,village,12.991836,77.889588
Atturu,ಅಟ್ಟೂರು,quarter,13.10747,77.565685
Bettahalli,ಬೆಟ್ಟಹಳ್ಳಿ,village,13.18198,77.821597
Bidalapura,ಬಿದಲಪುರ,village,13.187139,77.775619
Chikkanallala,ಚಿಕ್ಕನಲ್ಲಾಳ,village,13.097329,77.896121
Dabbagunte,ದಬ್ಬಗುಂಟೆ,village,13.096431,77.891314
Devanayakanahalli,ದೇವನಾಯಕನಹಳ್ಳಿ,village,13.175462,77.771856
Giddappanahalli,ಗಿಡ್ಡಪ್ಪನಹಳ್ಲಿ,village,13.175779,77.814087
Handenahalli,ಹಂದೇನಹಳ್ಳಿ,village,12.958577,77.847757
Hegganahalli,ಹೆಗ್ಗನಹಳ್ಳಿ,quarter,13.003565,77.512783
Honachanahalli,ಹೊಣಚನಹಳ್ಳಿ,village,13.019088,77.854753
Hyadala,ಹ್ಯಾಡಾಳ,village,13.2498,77.789756
Juttanahalli,ಜುಟ್ಟನಹಳ್ಳಿ,village,13.2397,77.578031
Mailapura,ಮೈಲಾಪುರ,village,13.103727,77.878695
Mallepura,ಮಲ್ಲೇಪುರ,village,13.204762,77.778322
Mattabarlu,ಮಟ್ಟಬಾರ್ಲು,village,13.246299,77.769381
Medihalli,ಮೇಡಿಹಳ್ಳಿ,village,12.968156,77.845242
Mugabala Hosahalli,ಮುಗಬಾಳ ಹೊಸಹಳ್ಳಿ,village,13.106068,77.880738
Nakkanahalli,ನಕ್ಕನಹಳ್ಳಿ,village,13.1284,77.868795
Nallappanahalli,ನಲ್ಲಪ್ಪನಹಳ್ಳಿ,hamlet,13.207328,77.779331
Pettanahalli,ಪೆತ್ತನಹಳ್ಳಿ,village,13.050456,77.791729
Polanahalli,ಪೋಲನಹಳ್ಳಿ,village,13.22523,77.767006
Sarkara Guttahalli,ಸರ್ಕಾರ ಗುಟ್ಟಹಳ್ಳಿ,village,13.045389,77.789307
Siddenahalli,ಸಿದ್ದೇನಹಳ್ಳಿ,village,13.190208,77.82543
Tellohalli Agrahara,ತೆಲ್ಲೋಹಳ್ಳಿ ಅಗ್ರಹಾರ,village,13.24099,77.753259
Channadevi Agrahara,ಚನ್ನಾದೇವಿ ಅಗ್ರಹಾರ,village,13.217855,77.455611
Doddavadagere,ದೊಡ್ಡವಡಗೆರೆ,village,13.212471,77.406356
Halenahalli,ಹಾಲೇನಹಳ್ಳಿ,village,13.222645,77.396168
Hosahudya,ಹೊಸಹುಡ್ಯ,village,13.238548,77.544393
Jodi Timmasandra,ಜೋಡಿ ತಿಮ್ಮಸಂದ್ರ,village,13.204977,77.421024
Kanasavadi,ಕನಸವಾಡಿ,village,13.208442,77.436415
Purushanahalli,ಪುರುಷನಹಳ್ಳಿ,village,13.237598,77.391708
Shimpadipura,ಶಿಂಪಾಡಿಪುರ,village,13.227096,77.413136
Bairasandra,ಬೈರಸಂದ್ರ,village,13.248409,77.520145
Bavikere,ಬಾವೀಕೆರೆ,village,13.086448,77.368339
Bhusandra,ಭೂಸಂದ್ರ,hamlet,13.071948,77.321483
Bidaluru,ಬಿದಲೂರು,village,13.194278,77.300883
Doddakarenahalli,ದೊಡ್ಡಕರೇನಹಳ್ಳಿ,village,13.068216,77.345095
Gejjegadahalli,ಗೆಜ್ಜೆಗದಹಳ್ಳಿ,village,13.245795,77.498542
Gorinabele,ಗೋರಿನಬೆಲೆ,hamlet,13.042294,77.364564
Gulya,ಗೂಳ್ಯ,hamlet,13.23704,77.406504
Hanchipura,ಹಂಚೀಪುರ,village,13.066987,77.371104
Honnadevipura,ಹೊನ್ನಾದೇವಿಪುರ,village,13.242882,77.415841
Kanuvanahalli,ಕನುವನಹಳ್ಳಿ,village,12.995109,77.364353
Kempalinganahalli,ಕೆಂಪಲಿಂಗನಹಳ್ಳಿ,village,13.047362,77.372442
Kodappanahalli,ಕೊಡಪ್ಪನಹಳ್ಳಿ,village,13.064511,77.381931
Kukkanahalli,ಕುಕ್ಕನಹಳ್ಳಿ,village,13.174948,77.441709
Mallapura,ಮಲ್ಲಾಪುರ,village,13.074199,77.399425
Mallarabanavadi,ಮಲ್ಲರಬಾನವಾಡಿ,village,13.073604,77.379465
Narasapura,ನರಸಾಪುರ,village,13.20436,77.324505
Shrinivasapura,ಶ್ರೀನಿವಾಸಪುರ,village,13.084347,77.340855
Tyagadahalli,ತ್ಯಾಗದಹಳ್ಳಿ,village,13.173716,77.394252
Vaddarapalya,ವಡ್ಡರಪಾಳ್ಯ,village,13.078641,77.368083
Yantaganahalli,ಯಂಟಗಾನಹಳ್ಳಿ,village,13.06127,77.345613
Hurulihalli,ಹುರುಳಿಹಳ್ಳಿ,village,13.119278,77.353016
Kempohalli,ಕೆಂಪೋಹಳ್ಳಿ,village,13.119468,77.329563
Madalakote,ಮದಲಕೋಟೆ,village,13.114948,77.310784
Marohalli,ಮಾರೋಹಳ್ಳಿ,village,13.150044,77.338653
Yalachegere,ಯಲಚೆಗೆರೆ,village,13.103052,77.3482
Adakamaranahalli,ಅಡಕಿಮಾರನಹಳ್ಳಿ,neighbourhood,13.065704,77.442532
Bachenahatti,ಬಾಚೇನಹಟ್ಟಿ,village,12.953663,77.303828
Basavenahalli,ಬಸವೇನಹಳ್ಳಿ,hamlet,13.038123,77.313945
Kalluru,ಕಲ್ಲೂರು,village,12.944983,77.317109
Motaganahalli,ಮೋಟಗಾನಹಳ್ಳಿ,village,13.005346,77.311251
Pemmanahalli,ಪೆಮ್ಮನಹಳ್ಳಿ,village,13.017112,77.303559
Shyanubhoganahalli,ಶ್ಯಾನುಭೋಗನಹಳ್ಳಿ,village,12.958455,77.325591
Averahalli,ಆವೇರಹಳ್ಳಿ,village,12.899747,77.337399
Chikkamaskal,ಚಿಕ್ಕಮಸ್ಕಲ್,village,12.919938,77.330466
Virapura,ವೀರಾಪುರ,hamlet,12.916008,77.318123
Gullahatti Kaval,ಗುಳ್ಳಹಟ್ಟಿ ಕಾವಲ್,village,12.72986,77.54665
Medamaranahalli,ಮೇಡಮಾರನಹಳ್ಳಿ,village,12.701506,77.451599
ITC Colony,ಐ.ಟಿ.ಸಿ ಕಾಲೋನಿ,neighbourhood,12.998173,77.630124
Anchipura,ಅಂಚಿಪುರ,village,12.770072,77.431421
Angarahalli,ಅಂಗರಹಳ್ಳಿ,hamlet,12.764778,77.393616
Avaragere,ಅವರಗೆರೆ,village,12.819786,77.38029
Bannigiri,ಬನ್ನಿಗಿರಿ,village,12.75701,77.435997
Gollarapalya,ಗೊಲ್ಲರಪಾಳ್ಯ,village,12.802022,77.425534
Jogana Palya,ಜೋಗನ ಪಾಳ್ಯ,hamlet,12.780586,77.439984
Kenchanakuppe,ಕೆಂಚನಕುಪ್ಪೆ,village,12.79602,77.374957
Ketaganahalli,ಕೇತಗನಹಳ್ಳಿ,village,12.813251,77.391074
Shyanumangala,ಶ್ಯಾನುಮಂಗಲ,village,12.79359,77.431673
Timmegaudanadoddi,ತಿಮ್ಮೇಗೌಡನದೊಡ್ಡಿ,village,12.762935,77.414944
Vajarahalli,ವಾಜರಹಳ್ಳಿ,village,12.823898,77.391134
MSO Colony,ಎಂಎಸ್ಒ ಕಾಲೋನಿ,neighbourhood,12.999553,77.628189
Kirloskar Layout,ಕಿರ್ಲೋಸ್ಕರ ಬಡಾವಣೆ,neighbourhood,13.066964,77.500931
Nagegowdanapalya,ನಾಗೇಗೌಡನಪಾಳ್ಯ,neighbourhood,12.86833,77.514297
Gattigerepalya,ಗಟ್ಟಿಗೆರೆಪಾಳ್ಯ,neighbourhood,12.88199,77.501959
Ganakkal,ಗಣಕಲ್ಲು,quarter,12.897176,77.512066
Chikkegowdanpalya,ಚಿಕ್ಕೆಗೌಡನಪಾಳ್ಯ,neighbourhood,12.880198,77.514461
Gajendra Nagara,ಗಜೇಂದ್ರ ನಗರ,neighbourhood,12.950801,77.608547
Ragihalli,ರಾಗಿಹಳ್ಳಿ,village,12.738643,77.57458
Hulimavu,ಹುಳಿಮಾವು,quarter,12.877349,77.602803
MES Colony,ಎಂಇಎಸ್ ಕಾಲೋನಿ,neighbourhood,12.957693,77.66213
Muninagara,ಮಣಿನಗರ,village,12.748314,77.537016
Tattaguppe,ತಟ್ಟಗುಪ್ಪೆ,village,12.772432,77.530513
Bikkanahalli Hosahalli,ಬಿಕ್ಕನಹಳ್ಳಿ ಹೊಸಹಳ್ಳಿ,village,12.847805,77.764833
Bikkanahalli,ಬಿಕ್ಕನಹಳ್ಳಿ,village,12.837611,77.759977
Kommasandra,ಕೊಮ್ಮಸಂದ್ರ,village,12.860866,77.740867
Rachamanahalli.,ರಾಚಮಾನಹಳ್ಳಿ.,village,12.722046,77.738628
Samanduru,ಸಮಂದೂರು,village,12.714522,77.754365
Sollepura,ಸೊಳ್ಳೇಪುರ,village,12.830966,77.755961
Gandhi Nagar,ಗಾಂಧಿನಗರ,neighbourhood,12.954156,77.706949
Baguru Sonnahalli,ಬಾಗೂರು ಸೊಣ್ಣಹಳ್ಳಿ,village,12.912869,77.868129
Hulimangala Hosakote,ಹುಲಿಮಂಗಲ ಹೊಸಕೋಟೆ,village,12.962217,77.899005
Singapura,ಸಿಂಗಪುರ,quarter,13.078239,77.537706
Babasaheb Colony,ಬಾಬಾಸಾಹೇಬ್ ಕಾಲೋನಿ,neighbourhood,12.965924,77.643362
Gitanjali Layout,ಗೀತಾಂಜಲಿ ಲೇಔಟ್,neighbourhood,12.975876,77.653789
Ganigarpet,ಗಾಣಿಗರ್‌ಪೇಟ್,neighbourhood,12.966784,77.583316
Mamulpete,ಮಾಮುಲ್‌ಪೇಟೆ,neighbourhood,12.968728,77.577802
Kothnur,ಕೋತನೂರು,suburb,12.874255,77.583725
Krishna Nagar,ಕೃಷ್ಣ ನಗರ,neighbourhood,12.877502,77.584549
Maistripalaya,ಮೈಸ್ತ್ರೀ ಪಾಳ್ಯ,neighbourhood,12.933021,77.624949
Jothinagar,ಜ್ಯೋತಿನಗರ,neighbourhood,12.966127,77.667132
Archakara Badavane,ಅರ್ಚಕರ ಬಡಾವಣೆ,neighbourhood,12.918638,77.452841
"AECS Layout, A block","ಎಇಸಿಎಸ್ ಲೇಔಟ್, ಎ ಬ್ಲಾಕ್",neighbourhood,12.884342,77.649492
Abshot Layout,ಅಬ್‌ಶಾಟ್ ಲೇಔಟ್,neighbourhood,12.993073,77.586643
Gurappana Palya,ಗುರಪ್ಪನ ಪಾಳ್ಯ,neighbourhood,12.920758,77.603333
Bayyandahalli,ಬಯ್ಯಂಡಹಳ್ಳಿ,hamlet,13.005535,77.443011
Byadarahalli,ಬ್ಯಾಡರಹಳ್ಳಿ,neighbourhood,12.983302,77.48094
Channenahalli,ಚನ್ನೇನಹಳ್ಳಿ,hamlet,12.976727,77.428935
Cholanayakanahalli,,neighbourhood,13.03645,77.597527
Ganakallu,ಗಾಣಕಲ್ಲು,village,12.85224,77.356693
Gangapa,ಗಂಗಪ,hamlet,12.959348,77.351766
Gangenahalli,ಗಂಗೇನಹಳ್ಳಿ,hamlet,12.983417,77.391874
Giddenahalli,ಗಿಡ್ಡೇನಹಳ್ಳಿ,village,12.993143,77.41877
Herohalli,ಹೇರೋಹಳ್ಳಿ,suburb,12.991234,77.487012
Hosa Bairohalli,ಹೊಸ ಬೈರೋಹಳ್ಳಿ,neighbourhood,12.919185,77.456028
Jogerahalli,ಜೋಗೇರಹಳ್ಳಿ,hamlet,12.985333,77.374704
Kadabageri,ಕಡಬಗೇರಿ,village,12.99655,77.433375
Kannalli,ಕನ್ನಲ್ಲಿ,neighbourhood,12.966562,77.458791
Kenchanapura,ಕೆಂಚನಪುರ,neighbourhood,12.958099,77.450048
Machohalli Kaloni,ಮಾಚೋಹಳ್ಳಿ ಕಾಲೋನಿ,village,12.996157,77.451304
Naganahalli,ನಾಗನಹಳ್ಳಿ,hamlet,12.98077,77.36101
Aivarakandapura,ಐವರಕಂಡಪುರ,village,13.137299,77.492959
Arjuna Bettahalli,ಅರ್ಜುನ ಬೆಟ್ಟಹಳ್ಳಿ,village,13.159841,77.419265
Bairanahalli,ಬೈರನಹಳ್ಳಿ,village,13.159375,77.345657
Byalakere,ಬ್ಯಾಲಕೆರೆ,neighbourhood,13.112414,77.525046
Deganahalli,ದೇಗನಹಳ್ಳಿ,hamlet,13.13884,77.368502
Dibburu,ದಿಬ್ಬೂರು,village,13.167946,77.528998
Gangadharanapalya,ಗಂಗಾಧರನಪಾಳ್ಯ,village,13.12091,77.386151
Kasaghattapura,ಕಸಘಟ್ಟಪುರ,village,13.11009,77.504332
Tonachinakuppe,ತೊಣಚಿನಕುಪ್ಪೆ,village,13.140502,77.346839
Varadanaykanahalli,ವರದನಾಯ್ಕನಹಳ್ಳಿ,hamlet,13.170148,77.354799
Yaramanchanahalli,ಯರಮಂಚನಹಳ್ಳಿ,village,13.156006,77.355682
Bananduru,ಬಾನಂದೂರು,village,12.776725,77.397516
Bommachanahalli,ಬೊಮ್ಮಚನಹಳ್ಳಿ,village,12.804424,77.314093
Heggadagere,ಹೆಗ್ಗಡಗೆರೆ,village,12.762211,77.377725
Hejjala,ಹೆಜ್ಜಾಲ,village,12.855369,77.416984
Jadenahalli,ಜಡೇನಹಳ್ಳಿ,hamlet,12.839411,77.395284
Kakaramanahalli,ಕಾಕರಾಮನಹಳ್ಳಿ,village,12.829697,77.362826
Karenahalli,ಕರೇನಹಳ್ಳಿ,village,12.817838,77.365178
Kempanahalli,,neighbourhood,13.111361,77.556996
Sheshagirihalli,ಶೇಷಗಿರಿಹಳ್ಳಿ,village,12.843089,77.422973
Toredoddi,ತೊರೆದೊಡ್ಡಿ,village,12.758082,77.397856
Chikkalluru,ಚಿಕ್ಕಲ್ಲೂರು,hamlet,12.895752,77.421714
Dombarahalli,ದೊಂಬರಹಳ್ಳಿ,village,13.048756,77.460866
Harokyatanahalli,ಹಾರೋಕ್ಯಾತನಹಳ್ಳಿ,village,13.049563,77.444627
Koluru,ಕೊಲೂರು,hamlet,12.891099,77.41364
Lakkenahalli,ಲಕ್ಕೇನಹಳ್ಳಿ,village,13.04349,77.397299
Maligondanahalli,ಮಾಳಿಗೊಂಡನಹಳ್ಳಿ,hamlet,12.915957,77.414584
Talekere,ತಾಳೇಕೆರೆ,village,13.156024,77.308711
Vaddarahalli,ವಡ್ಡರಹಳ್ಳಿ,hamlet,13.015028,77.449582
Shyakaladevanapura,ಶ್ಯಾಕಲದೇವನಪುರ,village,13.246901,77.428881
Chikkasanni,ಚಿಕ್ಕಸಣ್ಣಿ,village,13.231215,77.689398
Ellupura,ಎಳ್ಳುಪುರ,village,13.247528,77.561375
Gokere,ಗೋಕೆರೆ,village,13.247633,77.740353
Kamenahalli,ಕಾಮೇನಹಳ್ಳಿ,hamlet,13.224229,77.592512
Kasavanahalli,ಕಸವನಹಳ್ಳಿ,suburb,12.897774,77.674508
Nelluka,ನೆಲ್ಲುಕ,village,13.221395,77.541403
Palya,ಪಾಳ್ಯ,hamlet,13.17407,77.706186
Panditapura,ಪಂಡಿತಪುರ,village,13.246171,77.579995
Tindlu,ತಿಂಡ್ಲು,village,13.233897,77.594706
Uganavadi,ಉಗನವಾಡಿ,hamlet,13.236588,77.665414
Yartiganahalli,ಯರ್ತಿಗಾನಹಳ್ಳಿ,village,13.19568,77.675162
Belamangala,ಬೆಳಮಂಗಳ,village,13.051568,77.864763
Geddalahallipura,ಗೆದ್ದಲಹಳ್ಳಿಪುರ,hamlet,13.215657,77.894287
Gonakanahalli,ಗೊಣಕನಹಳ್ಳಿ,village,13.051163,77.869121
Kallahalli,ಕಲ್ಲಹಳ್ಳಿ,village,13.106581,77.788198
Tammarasanahalli,ತಮ್ಮರಸನಹಳ್ಳಿ,village,13.195822,77.832811
Vabasandra,ವಾಬಸಂದ್ರ,village,13.122146,77.779708
Venkatapura,ವೆಂಕಟಾಪುರ,village,13.114137,77.781999
Annihalli,ಅಣ್ಣಿಹಳ್ಳಿ,village,12.700342,77.384033
Bennahalli,ಬೆಣ್ಣಹಳ್ಳಿ,hamlet,12.716214,77.382505
Gopahalli,ಗೋಪಹಳ್ಳಿ,village,12.727946,77.405396
Huchchammanadoddi,ಹುಚ್ಚಮ್ಮನದೊಡ್ಡಿ,hamlet,12.712941,77.38904
Kolliganahalli,ಕೊಳ್ಳಿಗನಹಳ್ಳಿ,village,12.711162,77.407399
Puttirammanadoddi,ಪುಟ್ಟೀರಮ್ಮನದೊಡ್ಡಿ,village,12.739574,77.377298
Talakuppe,ತಾಳಕುಪ್ಪೆ,hamlet,12.811504,77.433066
Uragahalli,ಉರಗಹಳ್ಳಿ,village,12.74361,77.375396
Bettahalli Kaval,ಬೆಟ್ಟಹಳ್ಳಿ ಕಾವಲ್,village,12.735479,77.508253
Manchanayakanahalli,ಮಂಚನಾಯಕನಹಳ್ಳಿ,village,12.835017,77.417293
Nettigere,ನೆಟ್ಟಿಗೆರೆ,village,12.759056,77.495211
Ramegaudanadoddi,ರಾಮೇಗೌಡನದೊಡ್ಡಿ,hamlet,12.702105,77.455269
Ravugodlu,ರಾವುಗೋಡ್ಲು,village,12.748297,77.500668
Chikkasulikere,ಚಿಕ್ಕಸೂಲಿಕೆರೆ,village,12.847295,77.303798
Harisandra,ಹರಿಸಂದ್ರ,hamlet,12.786774,77.304027
Karadigaudanadoddi,ಕರಡಿಗೌಡನದೊಡ್ಡಿ,village,12.750378,77.373935
Kempadyapanahalli,ಕೆಂಪದ್ಯಾಪನಹಳ್ಳಿ,hamlet,12.867472,77.354436
Lingegaudana Doddi,ಲಿಂಗೇಗೌಡನ ದೊಡ್ಡಿ,village,12.855674,77.334314
Chikkakuntanahalli,ಚಿಕ್ಕಕುಂಟನಹಳ್ಳಿ,hamlet,12.793868,77.438965
Mukkodlu,ಮುಕ್ಕೊಡ್ಲು,village,12.75633,77.528012
Begihalli,ಬೇಗಿಹಳ್ಳಿ,village,12.7951,77.614726
Chatekere Palya,ಚಾತೆಕೆರೆ ಪಾಳ್ಯ,village,12.832966,77.608793
Chikkahosahalli,ಚಿಕ್ಕಹೊಸಹಳ್ಳಿ,village,12.705108,77.645061
Dodda Hagade,ದೊಡ್ಡ ಹಾಗಡೆ,village,12.746189,77.689637
Haldenahalli.,ಹಾಲ್ಡೇನಹಳ್ಳಿ.,village,12.717712,77.708423
Haragadde,ಹಾರಗದ್ದೆ,village,12.763737,77.655377
Harappanahalli,ಹರಪ್ಪನಹಳ್ಳಿ,village,12.790475,77.622686
Hullahalli,ಹುಲ್ಲಹಳ್ಳಿ,village,12.826731,77.617054
Kadajakkanahalli,ಕಾಡಜಕ್ಕನಹಳ್ಳಿ,village,12.737736,77.634448
Koppa,ಕೊಪ್ಪ,village,12.805379,77.627418
Nanjapura,ನಂಜಾಪುರ,village,12.809234,77.640335
Nosenuru,ನೊಸೆನೂರು,village,12.749807,77.64953
Sab‌mangala,ಸಬ್‌ಮಂಗಲ,village,12.700065,77.730069
Sakalavara,ಸಕಲವಾರ,village,12.821061,77.608481
Sunavara,ಸುಣವಾರ,hamlet,12.700345,77.679973
Avadadenahalli,ಅವಡದೇನಹಳ್ಳಿ,village,12.747135,77.711001
Bandenallasandra,ಬಂಡೇನಲ್ಲಸಂದ್ರ,village,12.793835,77.650936
Bukkasagara,ಬುಕ್ಕಸಾಗರ,village,12.779804,77.620037
Byatarayanadoddi,ಬ್ಯಾಟರಾಯನದೊಡ್ಡಿ,village,12.816047,77.551007
Halehalli,ಹಳೇಹಳ್ಳಿ,village,12.739058,77.75139
Kallubalu,ಕಲ್ಲುಬಾಳು,village,12.771203,77.622794
Madivala,ಮಡಿವಾಳ,hamlet,12.710529,77.759426
Maranayakanahalli,ಮಾರನಾಯಕನಹಳ್ಳಿ,neighbourhood,13.168143,77.64765
Muttagatti.,ಮುತ್ತಗಟ್ಟಿ.,village,12.703859,77.721285
Rajapura,ರಾಜಾಪುರ,village,12.776471,77.673944
Hutting Colony,ಹಟ್ಟಿಂಗ್ ಕಾಲೋನಿ,neighbourhood,12.98149,77.643142
HBR Layout 5th Block,ಎಚ್‌ಬಿಆರ್ ಲೇಔಟ್ ೫ನೇ ಬ್ಲಾಕ್,quarter,13.037466,77.628799
HBR Layout,ಎಚ್‌ಬಿಆರ್ ಲೇಔಟ್,suburb,13.031992,77.628079
Akshaya Nagar,ಅಕ್ಷಯ ನಗರ,neighbourhood,13.019543,77.683127
Someshwarapura,ಸೋಮೇಶ್ವರಪುರ,neighbourhood,12.969332,77.631417
Corporation Colony,ಕಾರ್ಪೊರೇಷನ್ ಕಾಲೋನಿ,neighbourhood,12.958343,77.646836
Sivanchetti Gardens,ಶಿವನಚೆಟ್ಟಿ ಗಾರ್ಡನ್ಸ್,neighbourhood,12.984577,77.613198
Munekolala,ಮುನೆಕೊಲ,quarter,12.948084,77.709018
Keshavaraj Layout,ಕೇಶವರಾಜ್ ಲೇಔಟ್,neighbourhood,12.970898,77.626927
Banasawadi,ಬಾನಸವಾಡಿ,village,13.015061,77.364932
Officers Colony,ಆಫಿಸರ್ಸ್ ಕಾಲೋನಿ,neighbourhood,12.963253,77.615086
Yellagondanpalya,ಎಲ್ಲಗೊಂಡನಪಾಳ್ಯ,neighbourhood,12.962411,77.613075
Victoria Layout,ವಿಕ್ಟೋರಿಯ ಲೇಔಟ್,quarter,12.965658,77.614268
Xavier Layout,ಕ್ಸೇವಿಯರ್ ಲೇಔಟ್,neighbourhood,12.964602,77.612713
Yelachenahalli,ಯಲಚೇನಹಳ್ಳಿ,neighbourhood,12.897971,77.570085
Gunduru,ಗುಂಡೂರು,village,12.876467,77.838092
Siddanapura,ಸಿದ್ದನಪುರ,village,12.874067,77.853305
Krishnadoddi,ಕೃಷ್ಣದೊಡ್ಡಿ,village,12.752673,77.612558
Honnakalasapura,ಹೊನ್ನಕಳಸಾಪುರ,hamlet,12.728428,77.68048
Surajakkanahalli,ಸುರಜಕ್ಕನಹಳ್ಳಿ,village,12.739181,77.667359
Hennagara,ಹೆನ್ನಾಗರ,village,12.788308,77.673334
Kambalipura,ಕಂಬಳೀಪುರ,village,12.760785,77.743077
Kempavaderahalli,ಕೆಂಪವಡೇರಹಳ್ಳಿ,village,12.739799,77.68784
Metipalya,ಮೇಟಿಪಾಳ್ಯ,village,12.993903,77.402919
Peddanapalya,ಪೆದ್ದನಪಾಳ್ಯ,hamlet,12.958662,77.389487
Bairanaykanahalli,ಬೈರನಾಯ್ಕನಹಳ್ಳಿ,hamlet,13.198627,77.375014
Lakkappanahalli,ಲಕ್ಕಪ್ಪನಹಳ್ಳಿ,hamlet,13.203635,77.365476
Guddegaudana Channohalli,ಗುಡ್ಡೇಗೌಡನ ಚನ್ನೋಹಳ್ಳಿ,village,13.194637,77.35023
Minnapura,ಮಿಣ್ಣಾಪುರ,hamlet,13.173233,77.333955
Tippashettihalli,ತಿಪ್ಪಶೆಟ್ಟಿಹಳ್ಳಿ,village,13.223146,77.301403
Gottigere,ಗೊಟ್ಟಿಗೆರೆ,suburb,12.856532,77.587724
Justice Bheemiah Layout,ಜಸ್ಟೀಸ್ ಭೀಮಯ್ಯ ಲೇಔಟ್,neighbourhood,13.002916,77.694562
Richmond Town,ಮಿರ್ಜಾ ಇಸ್ಮೈಲ್ ನಗರ,suburb,12.963555,77.601586
Gavipuram,ಗವಿಪುರಂ,neighbourhood,12.947934,77.562393
Concept City,ಕಾನ್ಸೆಪ್ಟ್ ಸಿಟಿ,neighbourhood,12.90623,77.49177
Sudhama Nagar,ಸುಧಾಮ ನಗರ,neighbourhood,12.962747,77.661034
Shivalingaiah Colony,ಶಿವಲಿಂಗಯ್ಯ ಕಾಲೊನಿ,neighbourhood,12.963795,77.656623
HAL Township,ಎಚ್ಎಎಲ್ ಟೌನ್‌ಷಿಪ್,neighbourhood,12.960959,77.663113
Krishna Reddy Colony,ಕೃಷ್ಣರೆಡ್ಡಿ ಕಾಲೋನಿ,neighbourhood,12.956222,77.63719
Indiranagar 3rd Stage,ಇಂದಿರಾನಗರ ೩ನೇ ಹಂತ,neighbourhood,12.975255,77.638813
New Baiyyappanahalli Extension,ಹೊಸ ಬಯ್ಯಪ್ಪನಹಳ್ಳಿ ಎಕ್ಸ್‌ಟೆನ್ಷನ್,neighbourhood,12.987084,77.645735
Sadananda Nagar,ಸದಾನಂದ ನಗರ,neighbourhood,12.995999,77.657876
Ramaswamy Layout,ರಾಮಸ್ವಾಮಿ ಲೇಔಟ್,neighbourhood,12.988793,77.647108
Betta Halasuru,ಬೆಟ್ಟಹಲಸೂರು,village,13.161679,77.609804
Koramangala 7th Block,ಕೋರಮಂಗಲ ೭ನೇ ಬ್ಲಾಕ್,neighbourhood,12.936485,77.613478
Abbanakuppe,ಅಬ್ಬನಕುಪ್ಪೆ,village,12.770589,77.407747
Kumbalagodu,ಕುಂಬಳಗೋಡು,village,12.878617,77.446763
Borehalli,ಬೋರೆಹಳ್ಳಿ,hamlet,12.844131,77.357987
Devagere,ದೇವಗೆರೆ,village,12.857144,77.465571
Jayaraj Nagar,ಜಯರಾಜ್ ನಗರ,neighbourhood,12.981064,77.625675
Dodakattappa,ದೊಡ್ಡಕಟ್ಟಪ್ಪ,neighbourhood,12.977581,77.625579
Hoysala Nagar,ಹೊಯ್ಸಳನಗರ,neighbourhood,12.980209,77.627377
Someshwarpura,ಸೋಮೇಶ್ವರಪುರ,neighbourhood,12.975769,77.622818
Hanumanthappa Layout,ಹನುಮಂತಪ್ಪ ಬಡಾವಣೆ,neighbourhood,12.976384,77.616836
Yellappa Chetty Layout,ಎಲ್ಲಪ್ಪಚೆಟ್ಟಿ ಲೇಔಟ್,neighbourhood,12.977573,77.618269
Kundalpura,ಕುಂದಲಪುರ,hamlet,12.895455,77.416054
Katammana Doddi,ಕಾಟಮ್ಮನದೊಡ್ಡಿ,village,12.82117,77.323199
Rampura,ರಾಂಪುರ,village,12.841134,77.327131
Guddadahalli,ಗುಡ್ಡದಹಳ್ಳಿ,quarter,12.957893,77.546445
Hakki Pikki Colony,ಹಕ್ಕಿ ಪಿಕ್ಕಿ ಕಾಲೋನಿ,hamlet,12.844926,77.401182
Betta Halli Palya,ಬೆಟ್ಟಹಳ್ಳಿ ಪಾಳ್ಯ,hamlet,13.165586,77.393875
Karishma Hills,ಕರಿಶ್ಮ ಹಿಲ್ಸ್,neighbourhood,12.888614,77.533818
Kotnanahalli,ಕೊತ್ತನಹಳ್ಳಿ,village,13.010955,77.330951
Chowdasandra,ಚೌಡಸಂದ್ರೆ,village,13.017389,77.331396
Ambedkar Nagara,ಅಂಬೇಡ್ಕರ್ ನಗರ,quarter,12.900929,77.713503
ITI Industrial Estate,ಐಟಿಐ ಇಂಡಸ್ಟ್ರಿಯಲ್ ಎಸ್ಟೇಟ್,neighbourhood,12.996587,77.698343
Devasandra Industrial Estate,ದೇವಸಂದ್ರ ಕೈಗಾರಿಕ ಪ್ರದೇಶ,neighbourhood,12.997036,77.700414
Kalahalli,ಕಲಹಳ್ಳಿ,neighbourhood,12.986937,77.623225
Papanna Layout,ಪಾಪಣ್ಣ ಬಡಾವಣೆ,neighbourhood,13.048224,77.579307
Abbigere,ಅಬ್ಬಿಗೆರೆ,quarter,13.074274,77.528865
Kammanahalli,ಕಮ್ಮನಹಳ್ಳಿ,suburb,13.014854,77.638203
EPIP Zone,ಇಪಿಐಪಿ ಜೋನ್,suburb,12.978192,77.724645
Anandapura,ಆನಂದಪುರ,neighbourhood,13.023928,77.692362
Kalenahalli,ಕಾಳೇನಹಳ್ಳಿ,hamlet,13.147543,77.511721
Panduranga Nagar,ಪಾಂಡುರಂಗ ನಗರ,neighbourhood,12.893076,77.596135
Arekere,ಅರಕೆರೆ,quarter,12.887209,77.596049
Siddanapalya,ಸಿದ್ದನಪಾಳ್ಯ,village,12.724164,77.659977
Adigar Kallahalli,ಅಡಿಗಾರ ಕಲ್ಲಹಳ್ಳಿ,village,12.825422,77.80406
Billapura,ಬಿಲ್ಲಾಪುರ,village,12.837023,77.785639
Minakunte Hosuru,ಮೀನಕುಂಟೆ ಹೊಸೂರು,village,13.181851,77.642237
Shivapura,ಶಿವಪುರ,neighbourhood,13.026599,77.506658
Mallathahalli,ಮಲ್ಲತ್ತಹಳ್ಳಿ,quarter,12.962321,77.505723
PF Layout,ಪಿಎಫ್ ಲೇಔಟ್,neighbourhood,12.967685,77.533047
Meghanapalya,ಮೇಘನಪಾಳ್ಯ,neighbourhood,13.031289,77.639375
K Narayanapura,ಕೆ ನಾರಾಯಣಪುರ,quarter,13.06328,77.641808
Grace Town,ಗ್ರೇಸ್ ಟೌನ್,neighbourhood,13.029002,77.632871
West of Chord Road 2nd Stage,ವೆಸ್ಟ್ ಆಫ್ ಕಾರ್ಡ್ ರಸ್ತೆ ೨ನೇ ಅಂತ,neighbourhood,12.998826,77.547536
Mahalakshmipuram,ಮಹಾಲಕ್ಷ್ಮೀಪುರಂ,quarter,13.001202,77.546024
Attur Layout,ಅಟ್ಟುರು ಬಡಾವಣೆ,neighbourhood,13.099454,77.568034
Konanakunte,ಕೋಣನಕುಂಟೆ,suburb,12.879286,77.569753
Mahalakshmi Layout,ಮಹಾಲಕ್ಷ್ಮೀ ಲೇಔಟ್,suburb,13.011315,77.544697
Basaveshwaranagar,ಬಸವೇಶ್ವರ ನಗರ,suburb,12.993757,77.539132
Shirdi Sai Nagara,ಶಿರಡಿ ಸಾಯಿ ನಗರ,neighbourhood,13.067951,77.636604
NTY Layout,ಎನ್‌ಟಿವೈ ಲೇಔಟ್,neighbourhood,12.949937,77.542663
Kengeri Satelite Town,ಕೆಂಗೇರಿ ಸ್ಯಾಟಿಲೈಟ್ ಟೌನ್,neighbourhood,12.923649,77.486964
Sir MV Layout,,suburb,12.943794,77.477946
Bhuvaneshwari Nagara 2nd Stage,ಬಸವೇಶ್ವರ ನಗರ ೨ನೇ ಅಂತ,neighbourhood,12.94326,77.49073
Bhuvaneshwari Nagara 1st Stage,ಬಸವೇಶ್ವರ ನಗರ ೧ನೇ ಅಂತ,neighbourhood,12.943987,77.487634
Rajajinagara 1st R Block,ರಾಜಾಜಿನಗರ,neighbourhood,13.007806,77.549642
Anepalya,ಆನೆಪಾಳ್ಯ,neighbourhood,12.951017,77.610919
Craig Park Layout,ಕ್ರೇಗ್ ಪಾರ್ಕ್ ಲೇಔಟ್,neighbourhood,12.971383,77.615839
Vasudevapura,ವಾಸುದೇವಪುರ,village,12.817498,77.52017
Choodasandra,ಚೂಡಸಂದ್ರ,suburb,12.892155,77.680378
Sri Banashankri Layout,,neighbourhood,13.172616,77.557672
Jakkur Layout,ಜಕ್ಕೂರು ಬಡಾವಣೆ,neighbourhood,13.070188,77.601188
Amrutahalli,ಅಮೃತಹಳ್ಳಿ,quarter,13.066232,77.600765
Rachenahalli,ರಾಚೇನಹಳ್ಳಿ,neighbourhood,13.058859,77.623258
Buvaneswari Nagara,ಭುವನೇಶ್ವರಿ ನಗರ,neighbourhood,13.05641,77.60243
Amruthnagar,ಅಮೃತನಗರ,neighbourhood,13.05699,77.598109
Fair Field Layout,ಫೇರ್ ಫೀಲ್ಡ್ ಲೇಔಟ್,neighbourhood,12.985388,77.586289
LR Bande,ಎಲ್ಆರ್ ಬಂಡೆ,neighbourhood,13.028527,77.60916
JC Nagar,ಜೆಸಿ ನಗರ,neighbourhood,13.004041,77.538804
Deverajivanahalli,ದೇವರಜೀವನಹಳ್ಳಿ,quarter,13.012994,77.60548
Kaval Byrasandra,ಕವಲ್ ಬೈರಸಂದ್ರ,suburb,13.020024,77.609289
Postal and Telecom Colony,ಪೊಸ್ಟಲ್ ಮತ್ತು ಟೆಲಿಕಾಂ ಕಾಲೋನಿ,neighbourhood,13.012427,77.617826
Kushal Nagar,ಕುಶಾಲನಗರ,neighbourhood,13.018785,77.615114
Kadugondanahalli,ಕಾಡುಗೊಂಡನಹಳ್ಳಿ,quarter,13.020703,77.621546
Anand Nagar,ಆನಂದನಗರ,neighbourhood,13.034699,77.594456
MEI Layout,ಎಂಇಐ ಲೇಔಟ್,neighbourhood,13.061189,77.503899
Bagalagunte,ಬಾಗಲಗುಂಟೆ,quarter,13.056293,77.506941
Kudhurgere Colony,,village,13.068845,77.476739
Achyutha Nagara,ಅಚ್ಯುತನಗರ,neighbourhood,13.089855,77.484727
Nagamma Nagar,ನಾಗಮ್ಮ ನಗರ,neighbourhood,12.969449,77.562527
Shamana Nagar,ಶಾಮನ ನಗರ,neighbourhood,12.960209,77.542748
RPC Layout,ಆರ್‌ಪಿಸಿ ಲೇಔಟ್,neighbourhood,12.96896,77.545613
Cholourpalya,ಚೊಳೌರು ಪಾಳ್ಯ,neighbourhood,12.970842,77.549712
Kempapura Agrahara,ಕೆಂಪಾಪುರ ಅಗ್ರಹಾರ,suburb,12.970623,77.555376
K H Ranganath Colony,ಕೆ ಎಚ್ ರಂಗನಾಥ ಕಾಲೋನಿ,neighbourhood,12.964141,77.558155
Jagajeevanram Nagara,ಜಗಜೀವನರಾಮ ನಗರ,quarter,12.965364,77.555864
Lakshmi Devi Nagar,ಲಕ್ಷ್ಮೀದೇವಿ ನಗರ,neighbourhood,13.016119,77.527197
Pottery Town,ಪಾಟರಿ ಟೌನ್,neighbourhood,13.001385,77.607948
Langford Town,ಲ್ಯಾಂಗ್‌ಫಾರ್ಡ್ ಟೌನ್,neighbourhood,12.957998,77.603731
Kodichikkanahalli,ಕೊಡಿಚಿಕ್ಕನಹಳ್ಳಿ,neighbourhood,12.8967,77.612427
Madhav Nagar,ಮಾಧವ ನಗರ,neighbourhood,12.985143,77.577302
Kamalanagara,ಕಮಲನಗರ,quarter,12.996559,77.528068
Sharadhanagar,ಶಾರದನಗರ,neighbourhood,13.094239,77.576394
Ketamaranahalli,ಕೆತಮಾರನಹಳ್ಳಿ,neighbourhood,13.000972,77.551954
Rajajinagar 4th Block,ರಾಜಾಜಿನಗರ ೪ನೇ ಬ್ಲಾಕ್,neighbourhood,12.987418,77.557128
Rajajinagar 2nd Block,ರಾಜಾಜಿನಗರ ೨ನೇ ಬ್ಲಾಕ್,neighbourhood,12.994661,77.553299
Saneguruvanahalli,ಸಾಣೆಗುರುವನಹಳ್ಳಿ,neighbourhood,12.990429,77.542244
Sudhama Nagara,ಸುಧಮ ನಗರ,neighbourhood,12.957551,77.588148
Kempegowda Layout,,neighbourhood,13.000789,77.526473
Dubasi Palya,,neighbourhood,12.929513,77.49669
Trifecta Esplanade,,locality,13.006045,77.750802
Jahnavi Enclave,,locality,12.893634,77.617453
Rajiv Gandhi Nagar,ರಾಜೀವ್ ಗಾಂಧಿ ನಗರ,neighbourhood,13.070256,77.583845
Roopena Agrahara,ರೂಪೇನ ಅಗ್ರಹಾರ,neighbourhood,12.91064,77.623826
Canara Bank Layout,,neighbourhood,13.068572,77.578355
Jooganahalli,ಜೂಗನಹಳ್ಳಿ,neighbourhood,12.992753,77.555997
CC Nagar,,locality,12.727348,77.82581
Nagayana Palya,ನಾಗಾಯನ ಪಾಳ್ಯ,neighbourhood,13.001772,77.637334
Sathya Nagar,ಸತ್ಯನಗರ,neighbourhood,12.999637,77.639603
Gattigere Extension,ಗಟ್ಟಿಗೆರೆ ಬಡಾವಣೆ,neighbourhood,12.920208,77.525501
Giridhama Layout,,neighbourhood,12.918612,77.528167
Aditya Layout,,neighbourhood,12.926677,77.524928
Marappa Layout,,neighbourhood,12.929263,77.523291
Javaranadoddi,ಜವರನದೊಡ್ಡಿ,neighbourhood,12.930995,77.523329
Ideal Homes Layout,,neighbourhood,12.927333,77.51825
BEML Layout 3rd Stage,,neighbourhood,12.919653,77.52022
BEML Layout 5th Stage,,neighbourhood,12.908359,77.520906
Krishna Garden Layout,கிருஷ்ணா கார்டன் லேஅவுட்,neighbourhood,12.913285,77.506908
Concorde Layout,,neighbourhood,12.907138,77.509373
BHEL Layout,,neighbourhood,12.918437,77.50925
BEML Layout 7th Phase,,neighbourhood,12.914391,77.498251
Halagevaderahalli,,neighbourhood,12.921642,77.514219
Nobo Nagar,நோபோ நகர்,neighbourhood,12.867923,77.596236
Reflex Layout,,neighbourhood,12.905366,77.506693
"Banashankari 6th Stage, 11th Block",,neighbourhood,12.901464,77.509671
"Ministry of Communications Employees Co-operative Housing Society, 6th Phase",,locality,13.144358,77.650615
Arab Lines,,neighbourhood,12.965374,77.606086
TVS Nagar,,locality,12.720894,77.807949
Pichaguntarya Palya,ಪಿಚ್ಚಕುಂಟರಪಾಳ್ಯ,village,12.80453,77.422247
Uddandahalli,ಉದ್ದಂಡಹಳ್ಳಿ,hamlet,12.885692,77.384074
Girigowdana Doddi,ಗಿರಿಗೌಡನ ದೊಡ್ಡಿ,village,12.744529,77.523372
Hosadoddi,ಹೊಸ ದೊಡ್ಡಿ,hamlet,12.765028,77.484062
Langford Gardens,,neighbourhood,12.963171,77.598018
Akkithimmanahalli,ಅಕ್ಕಿತಿಮ್ಮನಹಳ್ಳಿ,neighbourhood,12.959885,77.595449
Devalingayyana Palya,ದೇವಲಿಂಗಯ್ಯನಪಾಳ್ಯ,hamlet,12.850468,77.415309
Sindhi Colony,ಸಿಂಧಿ ಕಾಲೋನಿ,neighbourhood,12.994632,77.616582
Cleveland Town,,quarter,12.994042,77.611605
Nrupatunga Nagar,ನೃಪತುಂಗ ನಗರ,neighbourhood,12.957094,77.509849
Nagapura,ನಾಗಪುರ,neighbourhood,13.002347,77.546267
Koramangala 8th Block,,neighbourhood,12.940869,77.617338
Koramangala 5th Block,,neighbourhood,12.934843,77.618977
Koramangala 6th Block,,neighbourhood,12.939025,77.623848
Koramangala 4th Block,,neighbourhood,12.932778,77.629405
Koramangala 3rd Block,ಕೋರಮಂಗಲ ೩ನೇ ಬ್ಲಾಕ್,neighbourhood,12.928292,77.625403
Koramangala 1st Block,ಕೋರಮಂಗಲ ೧ನೇ ಬ್ಲಾಕ್,neighbourhood,12.927725,77.632782
Rudrappa Garden,,neighbourhood,12.956945,77.618325
Anglo-Indian Quarters,,neighbourhood,12.963424,77.613626
SBI Colony,,neighbourhood,12.925918,77.632535
JCR Layout,,neighbourhood,12.933134,77.704328
Williams Town,,neighbourhood,12.999157,77.606756
Bilekahalli,ಬಿಳೇಕಹಳ್ಳಿ,quarter,12.89797,77.60857
Vijaya Bank Layout,,neighbourhood,12.892943,77.607763
Byatarayanapura,ಬ್ಯಾಟರಾಯನಪುರ,neighbourhood,13.066653,77.591967
Meenakshi Layout,ಮೀನಾಕ್ಷಿ ಬಡಾವಣೆ,neighbourhood,12.954626,77.724448
Raja Ram Mohan Roy Extension,,neighbourhood,12.961028,77.592769
Jakkur Plantation,,neighbourhood,13.08346,77.598002
Gastikempanahalli,ಗಸ್ತಿಕೆಂಪನಹಳ್ಳಿ,village,13.090493,77.61505
Srinivasapura,ಶ್ರೀನಿವಾಸಪುರ,neighbourhood,12.908376,77.512241
Mitaganahalli,ಮಿಟಗಾನಹಳ್ಳಿ,village,13.110031,77.643873
Dr. Shivaram Karanth Nagar,,quarter,13.071787,77.62477
Sapthagiri Layout,ಸಪ್ತಗಿರಿ ಬಡಾವಣೆ,neighbourhood,13.036805,77.496041
Rukmini Nagara,ರುಕ್ಮಿನಿ ನಗರ,neighbourhood,13.042669,77.502601
Bharathi Nagar,ಭಾರತಿ ನಗರ,suburb,13.138402,77.62043
ISRO Colony,ಇಸ್ರೊ ಕಲೋನಿ,neighbourhood,12.967716,77.633611
Corporation Quarters,,neighbourhood,12.966979,77.614511
Bethel Layout,,neighbourhood,12.956843,77.602366
Milk Colony,,neighbourhood,13.009332,77.558303
Gantiganahalli,ಗಂಟಿಗನಹಳ್ಳಿ,village,13.144498,77.589087
Ramanjaneya Layout,,locality,12.958939,77.700067
Vishwanath Nagenahalli,ವಿಶ್ವನಾಥ ನಾಗೇನಹಳ್ಳಿ,quarter,13.038823,77.603345
Singasandra,ಸಿಂಗಸಂದ್ರ,quarter,12.881022,77.649007
Hongasandra,ஹொங்கசந்த்ரா,quarter,12.897489,77.625087
Andapura,ಅಂದಾಪುರ,village,12.82518,77.704795
Dr. Shivaram Karanth Layout,,suburb,13.102719,77.530045
Banashankari 6th Stage,பனசங்கரி கட்டம் 6,suburb,12.884924,77.515485
Subramanyapura,ಸುಬ್ರಮಣ್ಯಪುರ,quarter,12.896396,77.537786
Suryanagar Phase 3,,suburb,12.804604,77.758334
Suryanagar Phase 2,,suburb,12.773153,77.68644
Arkavathy Layout 20th Block,,neighbourhood,13.034192,77.643465
Arkavathy Layout 19th Block,,neighbourhood,13.032697,77.646384
Venkateshapura,ವೆಂಕಟೇಶಪುರ,neighbourhood,13.074232,77.619256
Byrathikhane,ಬೈರತಿಖಾನೆ,neighbourhood,13.041247,77.649801
Pillana Garden,,neighbourhood,13.010454,77.617353
New Bagalur Layout,,neighbourhood,13.007992,77.618473
Arkavathy Layout 9th Block,,locality,13.066645,77.604809
Arkavathy Layout 16th Block,,neighbourhood,13.046128,77.6367
Arkavathy Layout 18th Block,ಅರ್ಕಾವತಿ ಬಡಾವಣೆ ೩ನೇ ಹಂತ,neighbourhood,13.043693,77.648143
Arkavathy Layout 11th Block,,neighbourhood,13.059697,77.626098
Arkavathy Layout 8th Block,,neighbourhood,13.071541,77.609455
Arkavathy Layout 4th Block,ಅರ್ಕಾವತಿ ಬಡಾವಣೆ ೩ನೇ ಹಂತ,neighbourhood,13.073971,77.623762
Arkavathy Layout 22nd Block,,locality,13.048334,77.596141
Hunasemaradapalya,,neighbourhood,12.90436,77.447112
Kumara Park West,,neighbourhood,12.991027,77.577928
Kumara Park East,,neighbourhood,12.988627,77.579628
Vidyamanyanagar,ವಿದ್ಯಮಾನ್ಯ ನಗರ,quarter,13.007132,77.489635
Lingadeeranahalli,ಲಿಂಗದೀರನಹಳ್ಳಿ,quarter,12.999812,77.481272
Chandana Layout,,neighbourhood,12.986383,77.506753
Syndicate Bank Layout,,neighbourhood,12.997256,77.487135
Vigneshwara Nagara,ವಿಗ್ನೇಶ್ವರ ನಗರ,neighbourhood,12.994122,77.504857
Madeshwara Nagara,ಮಾದೇಶ್ವರ ನಗರ,neighbourhood,12.992065,77.494474
Prasanna Layout,,neighbourhood,12.997465,77.497084
Hosahalli Golarapalya,,neighbourhood,12.993675,77.477973
Bharathnagar,ಭಾರತನಗರ,quarter,12.980126,77.478408
Kareemsab Nagar,,neighbourhood,12.998359,77.512348
Jogappa Layout,,neighbourhood,13.040068,77.610002
Gandhi Bazaar,காந்தி பசார்,neighbourhood,12.945787,77.570674
Maruthi Seva Nagar,ಮಾರುತಿ ಸೇವನಗರ,neighbourhood,13.00317,77.632612
Vivekananda Nagar,ವಿವೇಕಾನಂದ ನಗರ,neighbourhood,13.004425,77.628045
Doddigunta,,neighbourhood,12.992612,77.62259
Heerachand Layout,,neighbourhood,12.995931,77.626685
Income Tax Layout,,neighbourhood,12.997292,77.656327
Krishnaiahnapalya,,neighbourhood,12.997274,77.652762
Old Baiyappanahalli,ಹಳೆ ಬೈಯಪ್ಪನಹಳ್ಳಿ,neighbourhood,12.99435,77.640933
Jeevanahalli,ಜೀವನಹಳ್ಳಿ,neighbourhood,12.996409,77.628923
Kathalipalya,ಕತಾಳಿಪಾಳ್ಯ,neighbourhood,12.992263,77.638176
Jakkasandra Block,,neighbourhood,12.928825,77.630301
Sidhartha Colony,,neighbourhood,12.9231,77.620393
RV Layout,,neighbourhood,12.998644,77.583443
D'Souza Layout,,neighbourhood,12.96963,77.5968
Kuvempu Nagar 1st Stage,,neighbourhood,13.069414,77.540125
Doddabettahalli,ದೊಡ್ಡಬೆಟ್ಟಹಳ್ಳಿ,neighbourhood,13.094589,77.554448
Rainbow Layout,,neighbourhood,13.100755,77.53938
Muneshwara Layout,,neighbourhood,13.096841,77.540742
Kuvempu Nagar 2nd Stage,,neighbourhood,13.072915,77.540243
Kanshiram Nagar,,neighbourhood,13.089589,77.538972
Adithyanagara,ಆದಿತ್ಯನಗರ,neighbourhood,13.085733,77.551171
Prakash Nagar,ಪ್ರಕಾಶ್ ನಗರ,neighbourhood,12.994898,77.563541
Mount Joy,,neighbourhood,12.93974,77.561682
Lottegollahalli,ಲೊಟ್ಟೆಗೊಲ್ಲಹಳ್ಳಿ,neighbourhood,13.044135,77.56515
Venkatala,,neighbourhood,13.112207,77.602648
Yellukunte,ಯಲ್ಲುಕುಂಟೆ,neighbourhood,12.904496,77.641582
Siddhartha Nagar,ಸಿದ್ಧಾರ್ಥನಗರ,neighbourhood,12.957423,77.636602
Gowtham Colony,,neighbourhood,12.957475,77.639841
Royal Placid Layout,,neighbourhood,12.900768,77.657762
Sonnappanahalli,ಸೊಣ್ಣಪ್ಪನಹಳ್ಳಿ,hamlet,13.156613,77.617405
Gollarahatti,ಗೊಲ್ಲರಹಟ್ಟಿ,quarter,12.9893,77.474567
Bhoganahalli,ಭೋಗನಹಳ್ಳಿ,neighbourhood,12.926514,77.700913
Munniswamy Garden,,neighbourhood,12.949769,77.623145
Virannapalya,,neighbourhood,13.040677,77.613329
Koratagere,ಕೊರಟಗೆರೆ,hamlet,13.054097,77.333724
Kallenapalya,,hamlet,13.042326,77.324849
Bidanapalya,ಬೀದನಪಾಳ್ಯ,hamlet,13.020655,77.327869
Lingenahalli,ಲಿಂಗೇನಹಳ್ಳಿ,hamlet,13.050852,77.324009
Kadukorenahalli,ಕಾಡು ಕೋರೇನಹಳ್ಳಿ,hamlet,13.05423,77.315515
Gundammanapalya,ಗುಂಡಮ್ಮನ ಪಲ್ಯ,hamlet,13.030096,77.326769
Gejjagalpalya,ಗೆಜ್ಜಗಲ್ ಪಾಳ್ಯ,hamlet,13.030742,77.312952
Hunsegatapalya,ಹುಣಸೆಘಟ್ಟ ಪಾಳ್ಯ,hamlet,13.023852,77.336601
Tarehosapalya,ತಾಯಪ್ಪನ ದೊಡ್ಡಿ,hamlet,13.0261,77.329192
Gandhigrama,ಗಾಂಧಿಗ್ರಾಮ,hamlet,13.047315,77.339336
Judicial Officer's Layout,,neighbourhood,13.03426,77.574479
Ramakrishna Layout,,neighbourhood,13.027232,77.580649
Indira Gandhi Colony,,neighbourhood,12.946005,77.62476
BDA Jnanabharathi Residential Enclave,,neighbourhood,12.91979,77.489431
Vijayashree Layout,விஜயஷ்ரீ லேஅவுட்,neighbourhood,12.91395,77.491711
Krishnappa Layout,ಕೃಷ್ಣಪ್ಪ ಬಡಾವಣೆ,neighbourhood,12.923388,77.530142
Veerabhadra Nagara,ವೀರಭದ್ರ ನಗರ,neighbourhood,12.938294,77.534959
Ashokapuram,ಅಶೋಕಪುರಂ,neighbourhood,13.014805,77.547609
Shankar Nagar,ಶಂಕರನಗರ,neighbourhood,13.015913,77.54373
Swimming Pool Extension,,neighbourhood,12.999576,77.574699
Valluvarpuram,,neighbourhood,12.995105,77.568377
Shakambari Nagar,ಶಾಕಾಂಬರಿನಗರ,neighbourhood,12.913578,77.575943
M Nanjappa Layout,,neighbourhood,13.064338,77.639657
Kuvempu Nagar,ಕುವೆಂಪು ನಗರ,neighbourhood,12.914447,77.613753
JP Nagar 9th Phase,ஜேபி நகர்‌ கட்டம் 9,neighbourhood,12.868142,77.562822
BOOHBCS Layout,,neighbourhood,12.872075,77.553885
Narayana Nagara,ನಾರಾಯಣ ನಗರ,neighbourhood,12.881885,77.555398
PNB Layout,,neighbourhood,12.878951,77.563697
MKS Layout,,neighbourhood,12.876677,77.560317
Byrathi Bande,ಬೈರತಿ ಬಂಡೆ,quarter,13.070533,77.655208
Parangipalya,ಪರಂಗಿಪಾಳ್ಯ,neighbourhood,12.907479,77.651067
Mariappanapalya,ಮರಿಯಪ್ಪನ ಪಾಳ್ಯ,neighbourhood,12.997264,77.554486
Isaac Layout,,neighbourhood,13.115747,77.57722
Kenchenahalli,ಕೆಂಚೇನಹಳ್ಳಿ,neighbourhood,13.120012,77.584934
Surabhi Layout,,neighbourhood,13.093037,77.600244
Veerasagara,ವೀರಸಾಗರ,neighbourhood,13.105075,77.553939
GKVK Layout,,neighbourhood,13.082707,77.603463
Niranthara Layout,,neighbourhood,13.131328,77.63374
Silver Springs Layout,,neighbourhood,12.958232,77.709878
Arkavathy Layout 6th Block,,neighbourhood,13.060746,77.640507
Ramiah Reddy Layout,,neighbourhood,12.994274,77.7212
Hoody Garden,,neighbourhood,12.994363,77.72037
Basappa Garden,,neighbourhood,12.995935,77.576897
Adarsh Nagar,ಆದರ್ಶ ನಗರ,neighbourhood,13.030545,77.609433
Kaveri Nagar,ಕಾವೇರಿನಗರ,neighbourhood,13.032613,77.609617
Gruhalaxmi Layout,,neighbourhood,13.028846,77.498589
Rashad Nagar,,neighbourhood,13.028151,77.617759
Munirangappa Layout,,neighbourhood,13.018615,77.605713
Modi Garden,,neighbourhood,13.016524,77.602403
Periyar Nagar,,neighbourhood,13.00997,77.612107
Sagayapura,,neighbourhood,13.00541,77.613241
Yadiyurappa Nagara,,neighbourhood,13.151451,77.560829
Shankarapuram,ಶಂಕರಾಪುರಂ,neighbourhood,12.952854,77.570331
Avalakuppe,ಅವಲಕುಪ್ಪೆ,village,12.999969,77.32918
Goravanahalli,ಗೊರವನಹಳ್ಳಿ,village,12.981663,77.346282
Narasimhapalya,ನರಸಿಂಹಪಾಳ್ಯ,village,12.998275,77.364017
Srigandhakavalu,,quarter,12.978654,77.501745
Saraipalya,ಸಾರಾಯಿ ಪಾಳ್ಯ,neighbourhood,13.050429,77.627839
Rehamathnagara,,neighbourhood,13.017489,77.591903
Vinayaka Nagar,விநாயகா நகர்,neighbourhood,12.987218,77.523096
Sharada Colony,,neighbourhood,12.990056,77.535914
NGOs Colony,,neighbourhood,12.996032,77.525799
Kirloskar Colony,,neighbourhood,12.997179,77.529404
Vrishabha Nagar,,neighbourhood,12.990882,77.522331
Meenakshi Nagar,ಮೀನಾಕ್ಷಿನಗರ,neighbourhood,12.988186,77.532333
Syndicate Bank Colony,,neighbourhood,12.979877,77.528643
Prem Nagar,,neighbourhood,12.996409,77.522964
Shakthi Ganapathi Nagar,,neighbourhood,12.993783,77.536036
Annapoorneshwari Nagara,,neighbourhood,12.980718,77.506887
Devarabeesanahalli,ದೇವರಬೀಸನಹಳ್ಳಿ,quarter,12.926862,77.689514
KSRTC Layout,,neighbourhood,12.912839,77.593493
BHBCS Layout,,neighbourhood,12.91446,77.601365
Sarakki,ಸಾರಕ್ಕಿ,neighbourhood,12.908751,77.579864
Mathru Layout,ಮಾತೃ ಬಡಾವಣೆ,neighbourhood,13.097061,77.574844
BEL Layout,ಬಿಇಎಲ್ ಲೇಔಟ್,quarter,13.072968,77.554357
LIG 3rd Stage,,neighbourhood,13.096158,77.577668
Ashraya Layout,,neighbourhood,12.985824,77.705454
Shanubhoganahalli,ಶಾನುಭೋಗನಹಳ್ಳಿ,village,12.827101,77.561148
AKG Colony,,neighbourhood,12.981945,77.761987
VS Reddy Colony,,neighbourhood,12.991151,77.764063
Navrathna Agrahara,ನವರತ್ನ ಅಗ್ರಹಾರ,village,13.19988,77.634968
Narayanapura,,hamlet,13.162786,77.601462
Razak Palya,,neighbourhood,13.149445,77.658684
Kaikondrahalli,ಕೈಕೊಂಡ್ರಹಳ್ಳಿ,quarter,12.913835,77.677527
Kadiganahalli,,hamlet,13.168464,77.628426
N Thyagaraju Layout,,neighbourhood,13.000835,77.631592
Sector 5,ಸೆಕ್ಟರ್ ೫,quarter,12.91785,77.635235
Further Extension,,neighbourhood,12.966002,77.490692
6th Block,,neighbourhood,12.960147,77.475843
5th Block,,neighbourhood,12.959979,77.482195
4th Block,,neighbourhood,12.944421,77.475242
3rd Block,,neighbourhood,12.944588,77.482281
2nd Block,,neighbourhood,12.933128,77.471981
1st Block,,neighbourhood,12.931204,77.479191
Adisanahatty,,hamlet,12.777723,77.715719
Anand Nagar Colony,,neighbourhood,13.031339,77.590631
JP Nagar 4th Phase,ಜೆಪಿನಗರ ೪ನೇ ಹಂತ,quarter,12.904637,77.597643
HRBR Layout 1st Block,ಎಚ್‌ಆರ್‌ಬಿಆರ್ ಲೇಔಟ್,quarter,13.019809,77.645252
HBR Layout 3rd Block,ಎಚ್‌ಬಿಆರ್ ಲೇಔಟ್ ೩ನೇ ಬ್ಲಾಕ್,quarter,13.027942,77.62822
HBR Layout 4th Block,ಎಚ್‌ಬಿಆರ್ ಲೇಔಟ್ ೪ನೇ ಬ್ಲಾಕ್,quarter,13.034041,77.630996
Thayappana Doddi,ತಾಯಪ್ಪನ ದೊಡ್ಡಿ,village,12.711697,77.426695
D'Costa Square,,neighbourhood,13.004077,77.623655
Balaji Layout,ಬಾಲಾಜಿ ಲೇಔಟ್,neighbourhood,13.001463,77.623644
Lazar Layout,ಲಾಜರ್ ಬಡಾವಣೆ,neighbourhood,13.001599,77.619846
Chinnappa Garden,,neighbourhood,13.004903,77.598699
Munireddypalya,,quarter,13.007077,77.600405
SK Garden,,neighbourhood,13.004568,77.606993
Marappa Garden,,neighbourhood,13.006701,77.603538
Anjanappa Garden,,neighbourhood,13.008248,77.600105
Anchappa Garden,,neighbourhood,13.010056,77.59606
Upper Palace Orchard,,neighbourhood,13.007495,77.581029
Rajajinagar 4M Block,ರಾಜಜಿನಗರ ೪ನೇ ಬ್ಲಾಕ್,neighbourhood,12.982097,77.557871
Dinnur,ದಿನ್ನೂರು,neighbourhood,13.022956,77.603216
Jayanagar 3 East Block,,quarter,12.93157,77.588604
Jayanagar 1st Block,ಜಯನಗರ ೩ನೇ ಬ್ಲಾಕ್,quarter,12.941849,77.586898
Jayanagar 2nd Block,ಜಯನಗರ ೩ನೇ ಬ್ಲಾಕ್,quarter,12.939904,77.582638
Hosakerehalli Layout,,neighbourhood,12.934592,77.542341
Chikkabellanduru,ಚಿಕ್ಕ ಬೆಳ್ಳಂದೂರು,quarter,12.912904,77.716137
MCHS Colony,,neighbourhood,12.915573,77.626463
OMBR Layout,,neighbourhood,13.008211,77.652778
Gongadipura,,neighbourhood,12.976506,77.457582
Chikka Kodigehalli,,neighbourhood,12.972182,77.465014
Madeena Nagar,மதீனா நகர்,neighbourhood,12.906739,77.609986
Dwaraka Nagar,,neighbourhood,13.120848,77.618687
Bangarappa Nagar,ಬಂಗಾರಪ್ಪ ನಗರ,neighbourhood,12.925019,77.527642
RHB Colony,,neighbourhood,12.993861,77.69697
Fatima Layout,,neighbourhood,13.048762,77.626712
Ilyas Nagar,,neighbourhood,12.907039,77.569309
Pillaganahlli,,neighbourhood,12.847278,77.581898
JHBCS Layout,,neighbourhood,12.912211,77.564076
Kumaraswamy Layout 1st Stage,,neighbourhood,12.907837,77.563798
Kumaraswamy Layout 2nd Stage,,neighbourhood,12.9059,77.558075
Vikram Nagar,,neighbourhood,12.899497,77.561331
Chandra Nagar,சந்த்ரா‌ நகர்,neighbourhood,12.900865,77.563106
Bendre Nagar,,neighbourhood,12.910206,77.563922
Minaz Nagara,,neighbourhood,12.911943,77.561702
Guni Agrahara,,neighbourhood,13.098095,77.525062
Kalathammanahalli,,neighbourhood,13.104237,77.516594
Shamanna Reddy Layout,,neighbourhood,12.970543,77.693229
Yashoda Nagar,,neighbourhood,13.078279,77.592106
Kogilu,,quarter,13.103973,77.616772
MLA Layout,,neighbourhood,13.017912,77.590679
Army Welfhare Housing,,neighbourhood,13.15424,77.640027
Subramanya Nagar 2nd Stage,சுப்ரமண்யா நகர்‌ கட்டம்  2,neighbourhood,13.007176,77.555956
Prakruthi Nagar,,neighbourhood,13.097897,77.615737
Chikka Dasarahalli,,hamlet,12.890294,77.783997
Ittangur,,hamlet,12.88154,77.789243
Linganahalli,,hamlet,13.155661,77.523201
Mylappanahalli,,hamlet,13.137336,77.535249
Pramodha Layout,,neighbourhood,12.936197,77.527876
Sanasandiram,சானசந்திரம்,locality,12.726778,77.842617
Chikkabommasandra,ಚಿಕ್ಕಬೊಮ್ಮಸಂದ್ರ,neighbourhood,13.091669,77.580393
Doctors Layout,,neighbourhood,13.005337,77.658185
Sir M. Visvesvaraya Layout,,neighbourhood,12.881943,77.672807
Kadathanamale,,village,13.209699,77.545913
TC Palya,,suburb,13.022615,77.705733
Karthik Nagar,,quarter,12.969376,77.699675
Royal Residency Layout,,neighbourhood,12.881171,77.611982
Thimmanayakananalli,ತಿಮ್ಮನಾಯಕನಹಳ್ಳಿ,hamlet,12.703347,77.324331
Dasegaudanadoddi,ದಾಸೇಗೌಡನದೊಡ್ಡಿ,hamlet,12.711223,77.325382
Tumbenahalli,ತುಂಬೇನಹಳ್ಳಿ,village,12.715117,77.34611
Vadderaadoddi,,hamlet,12.747558,77.324867
Tunga Nagar,,neighbourhood,12.991804,77.485027
SHBCS Layout,,neighbourhood,12.928663,77.639603
JK Pura,,neighbourhood,12.951393,77.60071
Achaiah Chetty Layout,,neighbourhood,13.013475,77.583011
Rajajinagara 1st N Block,,neighbourhood,13.005177,77.552305
Kempapure,,hamlet,13.096152,77.499806
Srikantan Layout,,neighbourhood,12.988064,77.582005
Electronic City,ಇಲೆಕ್ಟ್ರಾನಿಕ್ ಸಿಟಿ,town,12.843645,77.668684
Gorkamantapalya,,neighbourhood,12.976329,77.664558
Nagavarapalaya,,neighbourhood,12.989888,77.664014
Kankanpalya,ಕಂಕನಪಾಳ್ಯ,neighbourhood,12.942119,77.583983
Chinnayanapalya,ಚಿನ್ನಯ್ಯನಪಾಳ್ಯ,neighbourhood,12.947916,77.600908
Pudupadacheri,,neighbourhood,12.959792,77.600444
D'Souza Nagar,,neighbourhood,12.93214,77.532639
Abbaiah Reddy Layout,,neighbourhood,12.979226,77.680936
Krishnappa Garden,,neighbourhood,12.977456,77.659325
Perandapalli,,village,12.712373,77.889381
Geleyara Balaga Layout,,neighbourhood,13.071282,77.50615
Soundarya Layout,,neighbourhood,13.066906,77.496797
Muniswamappa Layout,,neighbourhood,13.044113,77.490369
Defence Layout,,neighbourhood,13.061302,77.584727
LRDE Layout,,neighbourhood,12.969143,77.700039
Alfa Gardens,,neighbourhood,13.006526,77.720533
Mavallipura,,village,13.127739,77.529246
MSR Layout,,neighbourhood,12.951901,77.701236
Nelagedaranahalli,,neighbourhood,13.030857,77.504711
Hanuman Nagar,,neighbourhood,12.970095,77.656115
Kalasthipuram,,village,12.785374,77.857479
Junnasandra,ಜುನ್ನಾಸಂದ್ರ,neighbourhood,12.90642,77.683516
Halanayakanahalli,,neighbourhood,12.900731,77.687607
Thimanahalli,,neighbourhood,12.976875,77.536963
Arkavathy Layout 17th Block,,neighbourhood,13.056081,77.641129
Arkavathy Layout 5th Block,,neighbourhood,13.063405,77.640563
NeoTown,,neighbourhood,12.822137,77.660551
Ferrar Nagar,,neighbourhood,13.116436,77.564294
GarvebhaviPalya,,neighbourhood,12.895066,77.634582
Papaiah Layout,,neighbourhood,13.02716,77.654806
Yarappana Bande,,neighbourhood,13.094545,77.683468
Hennur,ಹೆಣ್ಣೂರು,suburb,13.037077,77.641357
Ganigarapalya,,neighbourhood,12.873199,77.531708
Jai Bheema Nagar,,neighbourhood,12.919429,77.616976
Vasanthapura,,neighbourhood,12.898255,77.549832
Geetha Colony,,neighbourhood,12.929726,77.585493
Telecom Layout 10th Block,,neighbourhood,13.041179,77.629722
Bhovi Palya,,hamlet,13.209378,77.607325
Chambenahalli,,hamlet,12.88051,77.762792
Chikka Kammanahalli,ಚಿಕ್ಕ ಕಾಮನಗಳ್ಳಿ,neighbourhood,12.848715,77.599898
IDBI Layout,,neighbourhood,12.861657,77.586114
Kalena Agrahara,,neighbourhood,12.865807,77.591192
Dodda Kammanahalli,ದೊಡ್ಡ ಕಾಮನಗಳ್ಳಿ,neighbourhood,12.858326,77.599255
Bandaiahana Palya,,hamlet,13.17632,77.453152
BHCS Layout,,neighbourhood,12.901348,77.528383
KFSC Layout,,neighbourhood,13.012335,77.633147
CQAL Layout,,neighbourhood,13.107164,77.568291
B Channasandra,,neighbourhood,13.009915,77.660272
Chikka Banasawadi,,neighbourhood,13.007114,77.647025
Subbayanapalya,,neighbourhood,13.008104,77.641848
Saitpalya,,neighbourhood,13.011598,77.629416
Kariyannanapalya,,neighbourhood,13.014133,77.628611
Janatha Colony,,neighbourhood,12.869481,77.69608
Subbarayappana Palya,,neighbourhood,12.879166,77.420075
Kasturi Nagar 2nd Stage,,neighbourhood,13.001441,77.661859
Jai Jawan Nagar,,neighbourhood,13.007175,77.642654
RMS Colony,,neighbourhood,13.039565,77.576731
Gurudarshan Layout,,neighbourhood,13.071965,77.561077
Chamundeshwari Layout,ಚಾಮುಂಡೇಶ್ವರಿ ಲೇಔಟ್,neighbourhood,13.066771,77.555572
Vaishnavi Layout,,neighbourhood,13.076842,77.552997
AMS Layout,,neighbourhood,13.087732,77.558576
Paakegowdanapalya,,neighbourhood,13.114503,77.510548
Chikka Byalakere,,hamlet,13.119668,77.521409
Narasipura Layout,,neighbourhood,13.08224,77.560487
HMT Colony,,neighbourhood,13.083797,77.557541
Nagasandra,,suburb,13.040968,77.500429
Banashankari,,suburb,12.92782,77.556621
Nadaprabhu Kempegowda Layout,,suburb,12.936255,77.449719
Byraveshwara Nagara,,neighbourhood,13.03738,77.491124
Venugopala Nagara,,neighbourhood,13.039732,77.493986
Chinnanna Layout,,neighbourhood,13.025611,77.61106
Krishnappa Block,,neighbourhood,13.020125,77.590005
Dollar Scheme Colony,,neighbourhood,12.918154,77.619536
Sri Sai Layout,,neighbourhood,13.039596,77.64454
Chamundi Nagara,,neighbourhood,13.034122,77.599305
7th Block,,quarter,12.920386,77.444698
Rahat Bagh,,neighbourhood,12.991486,77.661368
Nehru Nagar,,neighbourhood,12.986963,77.575558
Jogi Colony,,neighbourhood,12.930918,77.612813
Sector 9,ಸೆಕ್ಟರ್ ೯,quarter,13.101549,77.512686
Sector 8,ಸೆಕ್ಟರ್ ೮,quarter,13.093252,77.508459
Viniyaka Layout,,neighbourhood,13.133775,77.470988
Channama Layout,,neighbourhood,12.979141,77.712676
Sarovara Layout,,neighbourhood,13.053147,77.581557
Bestcounty2,,neighbourhood,13.092905,77.54428
MCHS Layout,,neighbourhood,13.07344,77.605303
Ramaswami Layout,,neighbourhood,12.937397,77.749968
Maruthi Layout,ಮಾರುತಿ ಬಡಾವಣೆ,neighbourhood,12.920402,77.606743
KPC Layout,,neighbourhood,12.904186,77.677852
Dodda Cheemanahalli,,village,13.246201,77.621166
Balaji Layout Phase 2,ಬಾಲಾಜಿ ಲೇಔಟ್,neighbourhood,13.125655,77.63911
Dasanayakanahalli,,hamlet,13.117912,77.688736
Brundavana Layout,,neighbourhood,13.001226,77.439167
Anjanapura 10th Block,,neighbourhood,12.855998,77.570354
Anjanapura 9th Block,,neighbourhood,12.856668,77.567006
Anjanapura 8th Block,,neighbourhood,12.858843,77.554926
Anjanapura 7th Block,,neighbourhood,12.862316,77.554496
Anjanapura 6th Block,,neighbourhood,12.853676,77.551836
Anjanapura 3rd Block,,neighbourhood,12.864439,77.555741
Anjanapura 5th Block,,neighbourhood,12.857651,77.558445
Anjanapura 4th Block,,neighbourhood,12.858686,77.559721
Anjanapura 2nd Block,,neighbourhood,12.86287,77.549819
Anjanapura 1st Block,,neighbourhood,12.858854,77.547759
Syed Block,,neighbourhood,12.965971,77.674411
Gandhi Circle,,neighbourhood,12.940092,77.746872
Sulikere Palya,,neighbourhood,12.945158,77.448582
Halebyrohalli,ಹಳೇ ಬೈರೋಹಳ್ಳಿ,neighbourhood,12.923842,77.449338
Palanahalli,,neighbourhood,13.116335,77.614664
Talacauvery Layout,ತಲಕಾವೇರಿ ಬಡಾವಣೆ,neighbourhood,12.967244,77.680346
Tirumala Nagar,,neighbourhood,13.098581,77.563789
Srinivas Nagar,,neighbourhood,12.936357,77.554129
Panathur Dinne,,neighbourhood,12.930828,77.712387
GJM Sai Garden Layout,,neighbourhood,12.952419,77.71783
Maruthi House Building Co-operative Society Layout,,neighbourhood,12.997741,77.541837
Bhimajyothi LIC HBCS Layout,,neighbourhood,12.998071,77.541464
Waseem Layout,,neighbourhood,13.105645,77.626734
Fakir Colony,,neighbourhood,13.106167,77.628568
Koduru,,village,12.942748,77.89331
Ambedkar Colony,,neighbourhood,12.970893,77.695192
Wasa Layout,,neighbourhood,12.970602,77.698148
Lingadhira Mallasandra,ಲಿಂಗಧೀರ ಮಲ್ಲಸಂದ್ರ,hamlet,12.978914,77.870525
Vadigehalli,ವಡಿಗೇಹಳ್ಳಿ,locality,13.038066,77.845245
Chettupalya,,neighbourhood,12.896025,77.485296
Brooke Bond,,neighbourhood,12.963562,77.749315
Hollywood Town,,neighbourhood,13.208236,77.635794
Pai Layout,,neighbourhood,12.993111,77.666677
Gangappa Layout,,neighbourhood,12.992859,77.669829
Vasanthappa Block,,neighbourhood,13.02587,77.588633
Green Leaf Layout,,neighbourhood,12.935294,77.62947
Chandra Reddy Layout,,neighbourhood,12.935229,77.6301
Badrappa Layout,ಭದ್ರಪ್ಪ ಬಡಾವಣೆ,quarter,13.05144,77.576034
9th Block,,quarter,12.955504,77.441511
8th Block,,quarter,12.943375,77.441425
N. G. R. Layout,,neighbourhood,12.911963,77.622362
Thubarahalli Palya,,neighbourhood,12.960104,77.722772
Nanjappa Layout,ನೆಂಜಪ್ಪ ಲೆಔಟ್,neighbourhood,13.068259,77.556682
MEG Layout,,neighbourhood,12.992277,77.677326
Kanakashree Layout,,neighbourhood,13.051788,77.654261
Evergreen Layout,,neighbourhood,13.058153,77.650434
Kothnur Lake View Layout,,neighbourhood,12.871803,77.578559
Wellington Paradise Layout,,neighbourhood,12.878508,77.640823
Megacity Layout,,neighbourhood,13.030327,77.69355
Dodsworth Enclave,ಡೊಡ್ಸ್‌ವರ್ಥ್ ಎನ್‌ಕ್ಲೇವ್,neighbourhood,12.970813,77.744014
Tropical Paradise Layout,ಟ್ರೊಪಿಕಲ್ ಪ್ಯಾರಡೈಸ್ ಲೇಔಟ್,neighbourhood,12.893021,77.659357
Krishna Gardens Incity Layout,ಕೃಷ್ಣ ಗಾರ್ಡನ್ಸ್ ಇನ್ಸಿಟಿ ಲೇಔಟ್,neighbourhood,12.854698,77.601588
Oceanus Freesia Enclave,,neighbourhood,12.920652,77.674281
Sampangi Rama Nagara,ಸಂಪಂಗಿ ರಾಮ ನಗರ,neighbourhood,12.96519,77.592142
R D Layout,ರಂಗದಾಸಪ್ಪ ಬಡವಾಣೆ,neighbourhood,12.941089,77.603202
"D Silva Layout , Happy Valley",,neighbourhood,12.979165,77.750102
Friend's Layout,,neighbourhood,12.971927,77.705424
Sunny Brooks,,neighbourhood,12.913062,77.688684
Rainbow Residency,ರೈನ್‌ಬೋ ರೆಸಿಡೆನ್ಸಿ,neighbourhood,12.906842,77.68188
Himagiri,ಹಿಮಗಿರಿ,neighbourhood,12.861138,77.593165
Bloomfield Garden,ಬಲೂಮ್‌ಫೀಲ್ಡ ಗಾರ್ಡನ್,neighbourhood,13.06539,77.553312
Kundalahalli Colony,ಕುಂದಲಹಳ್ಳಿ ಕಾಲೋನಿ,neighbourhood,12.970412,77.711745
Ashraya Layout 2nd Stage,,neighbourhood,12.98298,77.705647
Ashwini Layout,ಅಶ್ವಿನಿ ಬಡಾವಣೆ,neighbourhood,12.939669,77.62896
AECS Layout E Block,,neighbourhood,12.96185,77.714946
NPKL Block 1 Sector M,,neighbourhood,12.965084,77.466498
NPKL Block 1 Sector J,,neighbourhood,12.967692,77.465167
Kumbalagodu 2nd Phase,,suburb,12.887362,77.444237
NPKL Block 1 Sector I,,neighbourhood,12.970752,77.463207
Sri Balaji Layout,,neighbourhood,12.92012,77.668818
Singapore Gardens,ಸಿಂಗಾಪುರ ಗಾರ್ಡನ್ಸ್,neighbourhood,12.885548,77.549127
Prestige Shantiniketan,ப்ரிஸ்டீஜ் சாந்திநிகேத்தன்,neighbourhood,12.992357,77.728683
Anakappa Layout,,neighbourhood,12.98837,77.684206
Dr. A P J Abdul Kalam Enclave,,neighbourhood,12.96755,77.702766
Sobha Ayana,,neighbourhood,12.931909,77.724236
Prakruthi Urban Ville,,neighbourhood,12.933892,77.709026
Kristal Tiara,,neighbourhood,12.922007,77.672972
Brigade Gateway,,neighbourhood,13.012392,77.556787
Vaishnavi Orchid,,neighbourhood,12.907286,77.679214
Alembic City,,neighbourhood,12.990342,77.757788
Lilly Developers Layout,,neighbourhood,12.954131,77.718515
