# 4,151 survey parcels from digitised Bengaluru Urban revenue sheets. COVERAGE IS PARTIAL (3 taluks, 7 hoblis). A survey number here is INDICATIVE and settles nothing about boundary or title. Geometry reduced to a centroid. This row is NOT a boundary — joining on the centroid gives you a point inside (or near) the shape, not the shape.
taluk,hobli,village,survey_number,pcode,district,source_sheet,geometry_type,centroid_lng,centroid_lat,vertex_count
Bangalore East,Bidarahalli,Kadugodi Plantation,ROAD,200301002045,Bengaluru Urban,Bangalore_East_Bidarahalli_Kadugodi_Plantation_Revenue_Map,Polygon,77.747783,12.995448,64
Bangalore East,Bidarahalli,Kadugodi Plantation,1,200301002045,Bengaluru Urban,Bangalore_East_Bidarahalli_Kadugodi_Plantation_Revenue_Map,Polygon,77.755397,12.993071,537
Bangalore East,Bidarahalli,Kadugodi Plantation,TANK,200301002045,Bengaluru Urban,Bangalore_East_Bidarahalli_Kadugodi_Plantation_Revenue_Map,Polygon,77.756566,12.993198,490
Bangalore East,Krishnarajapura,Thippasandra Manavarthekaval,1,200301005045,Bengaluru Urban,Bangalore_East_KRPura_Thippasandramanavartikaval_Revenue_Map,Polygon,77.645884,12.97802,18
Bangalore East,Krishnarajapura,Thippasandra Manavarthekaval,2,200301005045,Bengaluru Urban,Bangalore_East_KRPura_Thippasandramanavartikaval_Revenue_Map,Polygon,77.648029,12.978621,232
Bangalore East,Krishnarajapura,Thippasandra Manavarthekaval,TANK,200301005045,Bengaluru Urban,Bangalore_East_KRPura_Thippasandramanavartikaval_Revenue_Map,Polygon,77.648007,12.978652,223
Bangalore East,Krishnarajapura,Thippasandra Manavarthekaval,3,200301005045,Bengaluru Urban,Bangalore_East_KRPura_Thippasandramanavartikaval_Revenue_Map,Polygon,77.651244,12.977728,21
Bangalore East,Krishnarajapura,Thippasandra Manavarthekaval,4,200301005045,Bengaluru Urban,Bangalore_East_KRPura_Thippasandramanavartikaval_Revenue_Map,Polygon,77.653733,12.976247,18
Bangalore East,Krishnarajapura,Basavanapura,16,200301005002,Bengaluru Urban,Bangalore_East_KRPura1_Basavanapura_Revenue_Map,Polygon,77.713657,13.013508,16
Bangalore East,Krishnarajapura,Basavanapura,13,200301005002,Bengaluru Urban,Bangalore_East_KRPura1_Basavanapura_Revenue_Map,Polygon,77.71206,13.013311,25
Bangalore East,Krishnarajapura,Basavanapura,7,200301005002,Bengaluru Urban,Bangalore_East_KRPura1_Basavanapura_Revenue_Map,Polygon,77.709553,13.013935,23
Bangalore East,Krishnarajapura,Basavanapura,12,200301005002,Bengaluru Urban,Bangalore_East_KRPura1_Basavanapura_Revenue_Map,Polygon,77.711167,13.014561,8
Bangalore East,Krishnarajapura,Basavanapura,9,200301005002,Bengaluru Urban,Bangalore_East_KRPura1_Basavanapura_Revenue_Map,Polygon,77.710871,13.013318,11
Bangalore East,Krishnarajapura,Basavanapura,17,200301005002,Bengaluru Urban,Bangalore_East_KRPura1_Basavanapura_Revenue_Map,Polygon,77.717549,13.012011,12
Bangalore East,Krishnarajapura,Basavanapura,11,200301005002,Bengaluru Urban,Bangalore_East_KRPura1_Basavanapura_Revenue_Map,Polygon,77.711421,13.013633,5
Bangalore East,Krishnarajapura,Basavanapura,8,200301005002,Bengaluru Urban,Bangalore_East_KRPura1_Basavanapura_Revenue_Map,Polygon,77.709143,13.013087,10
Bangalore East,Krishnarajapura,Basavanapura,10,200301005002,Bengaluru Urban,Bangalore_East_KRPura1_Basavanapura_Revenue_Map,Polygon,77.711509,13.01326,6
Bangalore East,Krishnarajapura,Basavanapura,6,200301005002,Bengaluru Urban,Bangalore_East_KRPura1_Basavanapura_Revenue_Map,Polygon,77.707331,13.012552,15
Bangalore East,Krishnarajapura,Basavanapura,5,200301005002,Bengaluru Urban,Bangalore_East_KRPura1_Basavanapura_Revenue_Map,Polygon,77.708435,13.011885,16
Bangalore East,Krishnarajapura,Basavanapura,1,200301005002,Bengaluru Urban,Bangalore_East_KRPura1_Basavanapura_Revenue_Map,Polygon,77.711159,13.011454,10
Bangalore East,Krishnarajapura,Basavanapura,15,200301005002,Bengaluru Urban,Bangalore_East_KRPura1_Basavanapura_Revenue_Map,Polygon,77.716185,13.00924,1156
Bangalore East,Krishnarajapura,Basavanapura,14_TANK,200301005002,Bengaluru Urban,Bangalore_East_KRPura1_Basavanapura_Revenue_Map,Polygon,77.713193,13.010385,16
Bangalore East,Krishnarajapura,Basavanapura,2,200301005002,Bengaluru Urban,Bangalore_East_KRPura1_Basavanapura_Revenue_Map,Polygon,77.709489,13.010155,6
Bangalore East,Krishnarajapura,Basavanapura,4,200301005002,Bengaluru Urban,Bangalore_East_KRPura1_Basavanapura_Revenue_Map,Polygon,77.706977,13.009296,11
Bangalore East,Krishnarajapura,Basavanapura,18,200301005002,Bengaluru Urban,Bangalore_East_KRPura1_Basavanapura_Revenue_Map,Polygon,77.718641,13.008872,15
Bangalore East,Krishnarajapura,Basavanapura,26,200301005002,Bengaluru Urban,Bangalore_East_KRPura1_Basavanapura_Revenue_Map,Polygon,77.709817,13.008727,12
Bangalore East,Krishnarajapura,Basavanapura,3,200301005002,Bengaluru Urban,Bangalore_East_KRPura1_Basavanapura_Revenue_Map,Polygon,77.709329,13.009519,5
Bangalore East,Krishnarajapura,Basavanapura,TANK,200301005002,Bengaluru Urban,Bangalore_East_KRPura1_Basavanapura_Revenue_Map,Polygon,77.716187,13.009239,1145
Bangalore East,Krishnarajapura,Basavanapura,24,200301005002,Bengaluru Urban,Bangalore_East_KRPura1_Basavanapura_Revenue_Map,Polygon,77.712154,13.008499,10
Bangalore East,Krishnarajapura,Basavanapura,23,200301005002,Bengaluru Urban,Bangalore_East_KRPura1_Basavanapura_Revenue_Map,Polygon,77.713773,13.0079,9
Bangalore East,Krishnarajapura,Basavanapura,22,200301005002,Bengaluru Urban,Bangalore_East_KRPura1_Basavanapura_Revenue_Map,Polygon,77.715368,13.007882,6
Bangalore East,Krishnarajapura,Basavanapura,19,200301005002,Bengaluru Urban,Bangalore_East_KRPura1_Basavanapura_Revenue_Map,Polygon,77.717458,13.006164,16
Bangalore East,Krishnarajapura,Basavanapura,21,200301005002,Bengaluru Urban,Bangalore_East_KRPura1_Basavanapura_Revenue_Map,Polygon,77.715128,13.006557,10
Bangalore East,Krishnarajapura,Basavanapura,25,200301005002,Bengaluru Urban,Bangalore_East_KRPura1_Basavanapura_Revenue_Map,Polygon,77.708809,13.004666,937
Bangalore East,Krishnarajapura,Basavanapura,20,200301005002,Bengaluru Urban,Bangalore_East_KRPura1_Basavanapura_Revenue_Map,Polygon,77.714274,13.004998,8
Bangalore East,Krishnarajapura,Basavanapura,STREAM,200301005002,Bengaluru Urban,Bangalore_East_KRPura1_Basavanapura_Revenue_Map,Polygon,77.708773,13.004529,1818
Bangalore East,Krishnarajapura,Basavanapura,25,200301005002,Bengaluru Urban,Bangalore_East_KRPura1_Basavanapura_Revenue_Map,Polygon,77.70872,13.004403,892
Bangalore East,Krishnarajapura,Bendeganahalli,43,200301005003,Bengaluru Urban,Bangalore_East_KRPura1_Benniganahalli_Revenue_Map,Polygon,77.66274,13.000811,21
Bangalore East,Krishnarajapura,Bendeganahalli,48,200301005003,Bengaluru Urban,Bangalore_East_KRPura1_Benniganahalli_Revenue_Map,Polygon,77.665855,13.001237,15
Bangalore East,Krishnarajapura,Bendeganahalli,47_TANK,200301005003,Bengaluru Urban,Bangalore_East_KRPura1_Benniganahalli_Revenue_Map,Polygon,77.664779,13.000065,20
Bangalore East,Krishnarajapura,Bendeganahalli,49,200301005003,Bengaluru Urban,Bangalore_East_KRPura1_Benniganahalli_Revenue_Map,Polygon,77.667058,13.000852,13
Bangalore East,Krishnarajapura,Bendeganahalli,44,200301005003,Bengaluru Urban,Bangalore_East_KRPura1_Benniganahalli_Revenue_Map,Polygon,77.663558,13.000551,10
Bangalore East,Krishnarajapura,Bendeganahalli,42,200301005003,Bengaluru Urban,Bangalore_East_KRPura1_Benniganahalli_Revenue_Map,Polygon,77.6606,13.000177,18
Bangalore East,Krishnarajapura,Bendeganahalli,50,200301005003,Bengaluru Urban,Bangalore_East_KRPura1_Benniganahalli_Revenue_Map,Polygon,77.66691,12.999958,16
Bangalore East,Krishnarajapura,Bendeganahalli,40,200301005003,Bengaluru Urban,Bangalore_East_KRPura1_Benniganahalli_Revenue_Map,Polygon,77.659119,13.000507,13
Bangalore East,Krishnarajapura,Bendeganahalli,33,200301005003,Bengaluru Urban,Bangalore_East_KRPura1_Benniganahalli_Revenue_Map,Polygon,77.656778,12.999421,13
Bangalore East,Krishnarajapura,Bendeganahalli,41,200301005003,Bengaluru Urban,Bangalore_East_KRPura1_Benniganahalli_Revenue_Map,Polygon,77.660228,12.99995,7
Bangalore East,Krishnarajapura,Bendeganahalli,32,200301005003,Bengaluru Urban,Bangalore_East_KRPura1_Benniganahalli_Revenue_Map,Polygon,77.654627,12.998077,26
Bangalore East,Krishnarajapura,Bendeganahalli,25,200301005003,Bengaluru Urban,Bangalore_East_KRPura1_Benniganahalli_Revenue_Map,Polygon,77.650666,12.999187,24
Bangalore East,Krishnarajapura,Bendeganahalli,39,200301005003,Bengaluru Urban,Bangalore_East_KRPura1_Benniganahalli_Revenue_Map,Polygon,77.659468,12.999443,9
Bangalore East,Krishnarajapura,Bendeganahalli,RAILWAY,200301005003,Bengaluru Urban,Bangalore_East_KRPura1_Benniganahalli_Revenue_Map,Polygon,77.659656,12.995424,50
Bangalore East,Krishnarajapura,Bendeganahalli,45,200301005003,Bengaluru Urban,Bangalore_East_KRPura1_Benniganahalli_Revenue_Map,Polygon,77.662307,12.99834,15
Bangalore East,Krishnarajapura,Bendeganahalli,37,200301005003,Bengaluru Urban,Bangalore_East_KRPura1_Benniganahalli_Revenue_Map,Polygon,77.661249,12.99912,8
Bangalore East,Krishnarajapura,Bendeganahalli,52,200301005003,Bengaluru Urban,Bangalore_East_KRPura1_Benniganahalli_Revenue_Map,Polygon,77.666689,12.999214,5
Bangalore East,Krishnarajapura,Bendeganahalli,51,200301005003,Bengaluru Urban,Bangalore_East_KRPura1_Benniganahalli_Revenue_Map,Polygon,77.666283,12.999134,6
Bangalore East,Krishnarajapura,Bendeganahalli,53,200301005003,Bengaluru Urban,Bangalore_East_KRPura1_Benniganahalli_Revenue_Map,Polygon,77.667404,12.998728,6
Bangalore East,Krishnarajapura,Bendeganahalli,34,200301005003,Bengaluru Urban,Bangalore_East_KRPura1_Benniganahalli_Revenue_Map,Polygon,77.658694,12.998249,13
Bangalore East,Krishnarajapura,Bendeganahalli,38,200301005003,Bengaluru Urban,Bangalore_East_KRPura1_Benniganahalli_Revenue_Map,Polygon,77.660003,12.998739,8
Bangalore East,Krishnarajapura,Bendeganahalli,54,200301005003,Bengaluru Urban,Bangalore_East_KRPura1_Benniganahalli_Revenue_Map,Polygon,77.66785,12.998323,17
Bangalore East,Krishnarajapura,Bendeganahalli,55_TANK,200301005003,Bengaluru Urban,Bangalore_East_KRPura1_Benniganahalli_Revenue_Map,Polygon,77.666298,12.996707,22
Bangalore East,Krishnarajapura,Bendeganahalli,36,200301005003,Bengaluru Urban,Bangalore_East_KRPura1_Benniganahalli_Revenue_Map,Polygon,77.661163,12.997804,15
Bangalore East,Krishnarajapura,Bendeganahalli,26,200301005003,Bengaluru Urban,Bangalore_East_KRPura1_Benniganahalli_Revenue_Map,Polygon,77.65229,12.997742,13
Bangalore East,Krishnarajapura,Bendeganahalli,46,200301005003,Bengaluru Urban,Bangalore_East_KRPura1_Benniganahalli_Revenue_Map,Polygon,77.663067,12.997842,7
Bangalore East,Krishnarajapura,Bendeganahalli,24,200301005003,Bengaluru Urban,Bangalore_East_KRPura1_Benniganahalli_Revenue_Map,Polygon,77.649123,12.995842,24
Bangalore East,Krishnarajapura,Bendeganahalli,6,200301005003,Bengaluru Urban,Bangalore_East_KRPura1_Benniganahalli_Revenue_Map,Polygon,77.658334,12.996599,32
Bangalore East,Krishnarajapura,Bendeganahalli,35,200301005003,Bengaluru Urban,Bangalore_East_KRPura1_Benniganahalli_Revenue_Map,Polygon,77.659184,12.996896,13
Bangalore East,Krishnarajapura,Bendeganahalli,27,200301005003,Bengaluru Urban,Bangalore_East_KRPura1_Benniganahalli_Revenue_Map,Polygon,77.652495,12.996824,16
Bangalore East,Krishnarajapura,Bendeganahalli,3,200301005003,Bengaluru Urban,Bangalore_East_KRPura1_Benniganahalli_Revenue_Map,Polygon,77.663638,12.996646,9
Bangalore East,Krishnarajapura,Bendeganahalli,4,200301005003,Bengaluru Urban,Bangalore_East_KRPura1_Benniganahalli_Revenue_Map,Polygon,77.663349,12.996307,11
Bangalore East,Krishnarajapura,Bendeganahalli,30,200301005003,Bengaluru Urban,Bangalore_East_KRPura1_Benniganahalli_Revenue_Map,Polygon,77.653771,12.996453,10
Bangalore East,Krishnarajapura,Bendeganahalli,5,200301005003,Bengaluru Urban,Bangalore_East_KRPura1_Benniganahalli_Revenue_Map,Polygon,77.662183,12.995919,11
Bangalore East,Krishnarajapura,Bendeganahalli,MAJARE_KRISHNANURU,200301005003,Bengaluru Urban,Bangalore_East_KRPura1_Benniganahalli_Revenue_Map,Polygon,77.65245,12.996527,9
Bangalore East,Krishnarajapura,Bendeganahalli,ROAD,200301005003,Bengaluru Urban,Bangalore_East_KRPura1_Benniganahalli_Revenue_Map,Polygon,77.660554,12.992894,46
Bangalore East,Krishnarajapura,Bendeganahalli,28,200301005003,Bengaluru Urban,Bangalore_East_KRPura1_Benniganahalli_Revenue_Map,Polygon,77.65185,12.996137,15
Bangalore East,Krishnarajapura,Bendeganahalli,56,200301005003,Bengaluru Urban,Bangalore_East_KRPura1_Benniganahalli_Revenue_Map,Polygon,77.668653,12.99589,11
Bangalore East,Krishnarajapura,Bendeganahalli,8,200301005003,Bengaluru Urban,Bangalore_East_KRPura1_Benniganahalli_Revenue_Map,Polygon,77.658872,12.995934,12
Bangalore East,Krishnarajapura,Bendeganahalli,31,200301005003,Bengaluru Urban,Bangalore_East_KRPura1_Benniganahalli_Revenue_Map,Polygon,77.654554,12.995471,12
Bangalore East,Krishnarajapura,Bendeganahalli,7,200301005003,Bengaluru Urban,Bangalore_East_KRPura1_Benniganahalli_Revenue_Map,Polygon,77.657518,12.995818,12
Bangalore East,Krishnarajapura,Bendeganahalli,2,200301005003,Bengaluru Urban,Bangalore_East_KRPura1_Benniganahalli_Revenue_Map,Polygon,77.663848,12.995691,8
Bangalore East,Krishnarajapura,Bendeganahalli,81,200301005003,Bengaluru Urban,Bangalore_East_KRPura1_Benniganahalli_Revenue_Map,Polygon,77.666565,12.995767,6
Bangalore East,Krishnarajapura,Bendeganahalli,13,200301005003,Bengaluru Urban,Bangalore_East_KRPura1_Benniganahalli_Revenue_Map,Polygon,77.657042,12.995388,15
Bangalore East,Krishnarajapura,Bendeganahalli,57,200301005003,Bengaluru Urban,Bangalore_East_KRPura1_Benniganahalli_Revenue_Map,Polygon,77.668216,12.994746,34
Bangalore East,Krishnarajapura,Bendeganahalli,29,200301005003,Bengaluru Urban,Bangalore_East_KRPura1_Benniganahalli_Revenue_Map,Polygon,77.652268,12.995356,12
Bangalore East,Krishnarajapura,Bendeganahalli,62,200301005003,Bengaluru Urban,Bangalore_East_KRPura1_Benniganahalli_Revenue_Map,Polygon,77.670264,12.995262,16
Bangalore East,Krishnarajapura,Bendeganahalli,9,200301005003,Bengaluru Urban,Bangalore_East_KRPura1_Benniganahalli_Revenue_Map,Polygon,77.660556,12.995441,6
Bangalore East,Krishnarajapura,Bendeganahalli,SETTLEMENT,200301005003,Bengaluru Urban,Bangalore_East_KRPura1_Benniganahalli_Revenue_Map,Polygon,77.662688,12.995096,13
Bangalore East,Krishnarajapura,Bendeganahalli,79,200301005003,Bengaluru Urban,Bangalore_East_KRPura1_Benniganahalli_Revenue_Map,Polygon,77.666728,12.995332,5
Bangalore East,Krishnarajapura,Bendeganahalli,10,200301005003,Bengaluru Urban,Bangalore_East_KRPura1_Benniganahalli_Revenue_Map,Polygon,77.661176,12.994708,15
Bangalore East,Krishnarajapura,Bendeganahalli,1,200301005003,Bengaluru Urban,Bangalore_East_KRPura1_Benniganahalli_Revenue_Map,Polygon,77.66355,12.995301,7
Bangalore East,Krishnarajapura,Bendeganahalli,82,200301005003,Bengaluru Urban,Bangalore_East_KRPura1_Benniganahalli_Revenue_Map,Polygon,77.665068,12.995099,4
Bangalore East,Krishnarajapura,Bendeganahalli,78,200301005003,Bengaluru Urban,Bangalore_East_KRPura1_Benniganahalli_Revenue_Map,Polygon,77.666877,12.995097,6
Bangalore East,Krishnarajapura,Bendeganahalli,80,200301005003,Bengaluru Urban,Bangalore_East_KRPura1_Benniganahalli_Revenue_Map,Polygon,77.66625,12.994716,10
Bangalore East,Krishnarajapura,Bendeganahalli,11,200301005003,Bengaluru Urban,Bangalore_East_KRPura1_Benniganahalli_Revenue_Map,Polygon,77.66009,12.994929,8
Bangalore East,Krishnarajapura,Bendeganahalli,77,200301005003,Bengaluru Urban,Bangalore_East_KRPura1_Benniganahalli_Revenue_Map,Polygon,77.66706,12.994905,7
Bangalore East,Krishnarajapura,Bendeganahalli,83,200301005003,Bengaluru Urban,Bangalore_East_KRPura1_Benniganahalli_Revenue_Map,Polygon,77.665142,12.994512,9
Bangalore East,Krishnarajapura,Bendeganahalli,14,200301005003,Bengaluru Urban,Bangalore_East_KRPura1_Benniganahalli_Revenue_Map,Polygon,77.654609,12.994022,14
Bangalore East,Krishnarajapura,Bendeganahalli,12,200301005003,Bengaluru Urban,Bangalore_East_KRPura1_Benniganahalli_Revenue_Map,Polygon,77.659316,12.994283,9
Bangalore East,Krishnarajapura,Bendeganahalli,148,200301005003,Bengaluru Urban,Bangalore_East_KRPura1_Benniganahalli_Revenue_Map,Polygon,77.662309,12.994465,6
Bangalore East,Krishnarajapura,Bendeganahalli,63,200301005003,Bengaluru Urban,Bangalore_East_KRPura1_Benniganahalli_Revenue_Map,Polygon,77.670455,12.992995,15
Bangalore East,Krishnarajapura,Bendeganahalli,23,200301005003,Bengaluru Urban,Bangalore_East_KRPura1_Benniganahalli_Revenue_Map,Polygon,77.650613,12.993489,12
Bangalore East,Krishnarajapura,Bendeganahalli,84,200301005003,Bengaluru Urban,Bangalore_East_KRPura1_Benniganahalli_Revenue_Map,Polygon,77.664869,12.9939,16
Bangalore East,Krishnarajapura,Bendeganahalli,76,200301005003,Bengaluru Urban,Bangalore_East_KRPura1_Benniganahalli_Revenue_Map,Polygon,77.667067,12.994468,7
Bangalore East,Krishnarajapura,Bendeganahalli,147,200301005003,Bengaluru Urban,Bangalore_East_KRPura1_Benniganahalli_Revenue_Map,Polygon,77.659535,12.993498,21
Bangalore East,Krishnarajapura,Bendeganahalli,15,200301005003,Bengaluru Urban,Bangalore_East_KRPura1_Benniganahalli_Revenue_Map,Polygon,77.653562,12.993817,33
Bangalore East,Krishnarajapura,Bendeganahalli,TANK,200301005003,Bengaluru Urban,Bangalore_East_KRPura1_Benniganahalli_Revenue_Map,Polygon,77.653653,12.994409,15
Bangalore East,Krishnarajapura,Bendeganahalli,75,200301005003,Bengaluru Urban,Bangalore_East_KRPura1_Benniganahalli_Revenue_Map,Polygon,77.667319,12.994164,6
Bangalore East,Krishnarajapura,Bendeganahalli,61,200301005003,Bengaluru Urban,Bangalore_East_KRPura1_Benniganahalli_Revenue_Map,Polygon,77.669776,12.993619,11
Bangalore East,Krishnarajapura,Bendeganahalli,60,200301005003,Bengaluru Urban,Bangalore_East_KRPura1_Benniganahalli_Revenue_Map,Polygon,77.669096,12.992703,20
Bangalore East,Krishnarajapura,Bendeganahalli,74,200301005003,Bengaluru Urban,Bangalore_East_KRPura1_Benniganahalli_Revenue_Map,Polygon,77.666479,12.993723,7
Bangalore East,Krishnarajapura,Bendeganahalli,146,200301005003,Bengaluru Urban,Bangalore_East_KRPura1_Benniganahalli_Revenue_Map,Polygon,77.657512,12.992641,11
Bangalore East,Krishnarajapura,Bendeganahalli,87,200301005003,Bengaluru Urban,Bangalore_East_KRPura1_Benniganahalli_Revenue_Map,Polygon,77.663314,12.99262,16
Bangalore East,Krishnarajapura,Bendeganahalli,86,200301005003,Bengaluru Urban,Bangalore_East_KRPura1_Benniganahalli_Revenue_Map,Polygon,77.663541,12.993399,9
Bangalore East,Krishnarajapura,Bendeganahalli,22,200301005003,Bengaluru Urban,Bangalore_East_KRPura1_Benniganahalli_Revenue_Map,Polygon,77.649487,12.992997,19
Bangalore East,Krishnarajapura,Bendeganahalli,85,200301005003,Bengaluru Urban,Bangalore_East_KRPura1_Benniganahalli_Revenue_Map,Polygon,77.664813,12.992891,10
Bangalore East,Krishnarajapura,Bendeganahalli,58,200301005003,Bengaluru Urban,Bangalore_East_KRPura1_Benniganahalli_Revenue_Map,Polygon,77.668552,12.993045,15
Bangalore East,Krishnarajapura,Bendeganahalli,88,200301005003,Bengaluru Urban,Bangalore_East_KRPura1_Benniganahalli_Revenue_Map,Polygon,77.662062,12.993205,6
Bangalore East,Krishnarajapura,Bendeganahalli,72,200301005003,Bengaluru Urban,Bangalore_East_KRPura1_Benniganahalli_Revenue_Map,Polygon,77.667154,12.993021,10
Bangalore East,Krishnarajapura,Bendeganahalli,144,200301005003,Bengaluru Urban,Bangalore_East_KRPura1_Benniganahalli_Revenue_Map,Polygon,77.659181,12.992881,5
Bangalore East,Krishnarajapura,Bendeganahalli,73,200301005003,Bengaluru Urban,Bangalore_East_KRPura1_Benniganahalli_Revenue_Map,Polygon,77.666317,12.992874,14
Bangalore East,Krishnarajapura,Bendeganahalli,89,200301005003,Bengaluru Urban,Bangalore_East_KRPura1_Benniganahalli_Revenue_Map,Polygon,77.661456,12.992953,7
Bangalore East,Krishnarajapura,Bendeganahalli,16,200301005003,Bengaluru Urban,Bangalore_East_KRPura1_Benniganahalli_Revenue_Map,Polygon,77.655528,12.991781,10
Bangalore East,Krishnarajapura,Bendeganahalli,143,200301005003,Bengaluru Urban,Bangalore_East_KRPura1_Benniganahalli_Revenue_Map,Polygon,77.660561,12.991814,14
Bangalore East,Krishnarajapura,Bendeganahalli,90,200301005003,Bengaluru Urban,Bangalore_East_KRPura1_Benniganahalli_Revenue_Map,Polygon,77.661941,12.992575,7
Bangalore East,Krishnarajapura,Bendeganahalli,59,200301005003,Bengaluru Urban,Bangalore_East_KRPura1_Benniganahalli_Revenue_Map,Polygon,77.668484,12.992531,14
Bangalore East,Krishnarajapura,Bendeganahalli,71,200301005003,Bengaluru Urban,Bangalore_East_KRPura1_Benniganahalli_Revenue_Map,Polygon,77.666435,12.992353,10
Bangalore East,Krishnarajapura,Bendeganahalli,64,200301005003,Bengaluru Urban,Bangalore_East_KRPura1_Benniganahalli_Revenue_Map,Polygon,77.669752,12.991966,7
Bangalore East,Krishnarajapura,Bendeganahalli,17,200301005003,Bengaluru Urban,Bangalore_East_KRPura1_Benniganahalli_Revenue_Map,Polygon,77.654584,12.991545,9
Bangalore East,Krishnarajapura,Bendeganahalli,65,200301005003,Bengaluru Urban,Bangalore_East_KRPura1_Benniganahalli_Revenue_Map,Polygon,77.669098,12.991767,9
Bangalore East,Krishnarajapura,Bendeganahalli,67,200301005003,Bengaluru Urban,Bangalore_East_KRPura1_Benniganahalli_Revenue_Map,Polygon,77.667428,12.991975,9
Bangalore East,Krishnarajapura,Bendeganahalli,91,200301005003,Bengaluru Urban,Bangalore_East_KRPura1_Benniganahalli_Revenue_Map,Polygon,77.663134,12.991681,16
Bangalore East,Krishnarajapura,Bendeganahalli,70,200301005003,Bengaluru Urban,Bangalore_East_KRPura1_Benniganahalli_Revenue_Map,Polygon,77.665629,12.99184,10
Bangalore East,Krishnarajapura,Bendeganahalli,69,200301005003,Bengaluru Urban,Bangalore_East_KRPura1_Benniganahalli_Revenue_Map,Polygon,77.666756,12.99124,19
Bangalore East,Krishnarajapura,Bendeganahalli,21,200301005003,Bengaluru Urban,Bangalore_East_KRPura1_Benniganahalli_Revenue_Map,Polygon,77.650904,12.991982,6
Bangalore East,Krishnarajapura,Bendeganahalli,66,200301005003,Bengaluru Urban,Bangalore_East_KRPura1_Benniganahalli_Revenue_Map,Polygon,77.668523,12.991617,14
Bangalore East,Krishnarajapura,Bendeganahalli,145,200301005003,Bengaluru Urban,Bangalore_East_KRPura1_Benniganahalli_Revenue_Map,Polygon,77.658325,12.991134,9
Bangalore East,Krishnarajapura,Bendeganahalli,142,200301005003,Bengaluru Urban,Bangalore_East_KRPura1_Benniganahalli_Revenue_Map,Polygon,77.66227,12.990943,13
Bangalore East,Krishnarajapura,Bendeganahalli,18,200301005003,Bengaluru Urban,Bangalore_East_KRPura1_Benniganahalli_Revenue_Map,Polygon,77.652513,12.990453,9
Bangalore East,Krishnarajapura,Bendeganahalli,68,200301005003,Bengaluru Urban,Bangalore_East_KRPura1_Benniganahalli_Revenue_Map,Polygon,77.668231,12.99101,11
Bangalore East,Krishnarajapura,Bendeganahalli,94,200301005003,Bengaluru Urban,Bangalore_East_KRPura1_Benniganahalli_Revenue_Map,Polygon,77.665989,12.990791,13
Bangalore East,Krishnarajapura,Bendeganahalli,114,200301005003,Bengaluru Urban,Bangalore_East_KRPura1_Benniganahalli_Revenue_Map,Polygon,77.668705,12.990665,10
Bangalore East,Krishnarajapura,Bendeganahalli,115,200301005003,Bengaluru Urban,Bangalore_East_KRPura1_Benniganahalli_Revenue_Map,Polygon,77.669337,12.98998,8
Bangalore East,Krishnarajapura,Bendeganahalli,116,200301005003,Bengaluru Urban,Bangalore_East_KRPura1_Benniganahalli_Revenue_Map,Polygon,77.670165,12.990233,11
Bangalore East,Krishnarajapura,Bendeganahalli,92,200301005003,Bengaluru Urban,Bangalore_East_KRPura1_Benniganahalli_Revenue_Map,Polygon,77.664223,12.990628,9
Bangalore East,Krishnarajapura,Bendeganahalli,93,200301005003,Bengaluru Urban,Bangalore_East_KRPura1_Benniganahalli_Revenue_Map,Polygon,77.665007,12.990834,6
Bangalore East,Krishnarajapura,Bendeganahalli,MAJARE_BASAVANAPURA,200301005003,Bengaluru Urban,Bangalore_East_KRPura1_Benniganahalli_Revenue_Map,Polygon,77.663777,12.990208,15
Bangalore East,Krishnarajapura,Bendeganahalli,113,200301005003,Bengaluru Urban,Bangalore_East_KRPura1_Benniganahalli_Revenue_Map,Polygon,77.66766,12.990171,17
Bangalore East,Krishnarajapura,Bendeganahalli,96,200301005003,Bengaluru Urban,Bangalore_East_KRPura1_Benniganahalli_Revenue_Map,Polygon,77.666811,12.990482,6
Bangalore East,Krishnarajapura,Bendeganahalli,141,200301005003,Bengaluru Urban,Bangalore_East_KRPura1_Benniganahalli_Revenue_Map,Polygon,77.661367,12.990113,11
Bangalore East,Krishnarajapura,Bendeganahalli,95,200301005003,Bengaluru Urban,Bangalore_East_KRPura1_Benniganahalli_Revenue_Map,Polygon,77.665836,12.990206,15
Bangalore East,Krishnarajapura,Bendeganahalli,19,200301005003,Bengaluru Urban,Bangalore_East_KRPura1_Benniganahalli_Revenue_Map,Polygon,77.650578,12.989793,14
Bangalore East,Krishnarajapura,Bendeganahalli,97,200301005003,Bengaluru Urban,Bangalore_East_KRPura1_Benniganahalli_Revenue_Map,Polygon,77.666953,12.989997,12
Bangalore East,Krishnarajapura,Bendeganahalli,111,200301005003,Bengaluru Urban,Bangalore_East_KRPura1_Benniganahalli_Revenue_Map,Polygon,77.668814,12.989203,9
Bangalore East,Krishnarajapura,Bendeganahalli,133,200301005003,Bengaluru Urban,Bangalore_East_KRPura1_Benniganahalli_Revenue_Map,Polygon,77.666158,12.989254,9
Bangalore East,Krishnarajapura,Bendeganahalli,134,200301005003,Bengaluru Urban,Bangalore_East_KRPura1_Benniganahalli_Revenue_Map,Polygon,77.665269,12.989214,7
Bangalore East,Krishnarajapura,Bendeganahalli,98,200301005003,Bengaluru Urban,Bangalore_East_KRPura1_Benniganahalli_Revenue_Map,Polygon,77.667134,12.989433,6
Bangalore East,Krishnarajapura,Bendeganahalli,136,200301005003,Bengaluru Urban,Bangalore_East_KRPura1_Benniganahalli_Revenue_Map,Polygon,77.664006,12.988895,10
Bangalore East,Krishnarajapura,Bendeganahalli,140,200301005003,Bengaluru Urban,Bangalore_East_KRPura1_Benniganahalli_Revenue_Map,Polygon,77.661026,12.988747,9
Bangalore East,Krishnarajapura,Bendeganahalli,138,200301005003,Bengaluru Urban,Bangalore_East_KRPura1_Benniganahalli_Revenue_Map,Polygon,77.662471,12.987629,13
Bangalore East,Krishnarajapura,Bendeganahalli,112,200301005003,Bengaluru Urban,Bangalore_East_KRPura1_Benniganahalli_Revenue_Map,Polygon,77.667855,12.989038,10
Bangalore East,Krishnarajapura,Bendeganahalli,117,200301005003,Bengaluru Urban,Bangalore_East_KRPura1_Benniganahalli_Revenue_Map,Polygon,77.670141,12.987807,21
Bangalore East,Krishnarajapura,Bendeganahalli,99,200301005003,Bengaluru Urban,Bangalore_East_KRPura1_Benniganahalli_Revenue_Map,Polygon,77.667023,12.98913,5
Bangalore East,Krishnarajapura,Bendeganahalli,20,200301005003,Bengaluru Urban,Bangalore_East_KRPura1_Benniganahalli_Revenue_Map,Polygon,77.650169,12.988627,5
Bangalore East,Krishnarajapura,Bendeganahalli,110,200301005003,Bengaluru Urban,Bangalore_East_KRPura1_Benniganahalli_Revenue_Map,Polygon,77.668651,12.988789,5
Bangalore East,Krishnarajapura,Bendeganahalli,100,200301005003,Bengaluru Urban,Bangalore_East_KRPura1_Benniganahalli_Revenue_Map,Polygon,77.666939,12.988883,6
Bangalore East,Krishnarajapura,Bendeganahalli,132,200301005003,Bengaluru Urban,Bangalore_East_KRPura1_Benniganahalli_Revenue_Map,Polygon,77.666034,12.988513,9
Bangalore East,Krishnarajapura,Bendeganahalli,135,200301005003,Bengaluru Urban,Bangalore_East_KRPura1_Benniganahalli_Revenue_Map,Polygon,77.665359,12.988494,5
Bangalore East,Krishnarajapura,Bendeganahalli,109,200301005003,Bengaluru Urban,Bangalore_East_KRPura1_Benniganahalli_Revenue_Map,Polygon,77.669238,12.988249,10
Bangalore East,Krishnarajapura,Bendeganahalli,101,200301005003,Bengaluru Urban,Bangalore_East_KRPura1_Benniganahalli_Revenue_Map,Polygon,77.66703,12.988303,8
Bangalore East,Krishnarajapura,Bendeganahalli,107,200301005003,Bengaluru Urban,Bangalore_East_KRPura1_Benniganahalli_Revenue_Map,Polygon,77.668099,12.987237,12
Bangalore East,Krishnarajapura,Bendeganahalli,137,200301005003,Bengaluru Urban,Bangalore_East_KRPura1_Benniganahalli_Revenue_Map,Polygon,77.663706,12.988032,6
Bangalore East,Krishnarajapura,Bendeganahalli,130,200301005003,Bengaluru Urban,Bangalore_East_KRPura1_Benniganahalli_Revenue_Map,Polygon,77.664566,12.987533,12
Bangalore East,Krishnarajapura,Bendeganahalli,102,200301005003,Bengaluru Urban,Bangalore_East_KRPura1_Benniganahalli_Revenue_Map,Polygon,77.667074,12.987753,7
Bangalore East,Krishnarajapura,Bendeganahalli,131,200301005003,Bengaluru Urban,Bangalore_East_KRPura1_Benniganahalli_Revenue_Map,Polygon,77.666332,12.987605,7
Bangalore East,Krishnarajapura,Bendeganahalli,139,200301005003,Bengaluru Urban,Bangalore_East_KRPura1_Benniganahalli_Revenue_Map,Polygon,77.661553,12.98695,13
Bangalore East,Krishnarajapura,Bendeganahalli,103,200301005003,Bengaluru Urban,Bangalore_East_KRPura1_Benniganahalli_Revenue_Map,Polygon,77.667084,12.987261,9
Bangalore East,Krishnarajapura,Bendeganahalli,108,200301005003,Bengaluru Urban,Bangalore_East_KRPura1_Benniganahalli_Revenue_Map,Polygon,77.669403,12.986914,7
Bangalore East,Krishnarajapura,Bendeganahalli,105,200301005003,Bengaluru Urban,Bangalore_East_KRPura1_Benniganahalli_Revenue_Map,Polygon,77.66782,12.986518,9
Bangalore East,Krishnarajapura,Bendeganahalli,129,200301005003,Bengaluru Urban,Bangalore_East_KRPura1_Benniganahalli_Revenue_Map,Polygon,77.663909,12.98651,8
Bangalore East,Krishnarajapura,Bendeganahalli,127,200301005003,Bengaluru Urban,Bangalore_East_KRPura1_Benniganahalli_Revenue_Map,Polygon,77.666566,12.986696,7
Bangalore East,Krishnarajapura,Bendeganahalli,128,200301005003,Bengaluru Urban,Bangalore_East_KRPura1_Benniganahalli_Revenue_Map,Polygon,77.665423,12.9859,11
Bangalore East,Krishnarajapura,Bendeganahalli,104,200301005003,Bengaluru Urban,Bangalore_East_KRPura1_Benniganahalli_Revenue_Map,Polygon,77.667296,12.986567,5
Bangalore East,Krishnarajapura,Bendeganahalli,118,200301005003,Bengaluru Urban,Bangalore_East_KRPura1_Benniganahalli_Revenue_Map,Polygon,77.670744,12.985316,20
Bangalore East,Krishnarajapura,Bendeganahalli,119,200301005003,Bengaluru Urban,Bangalore_East_KRPura1_Benniganahalli_Revenue_Map,Polygon,77.668645,12.985658,8
Bangalore East,Krishnarajapura,Bendeganahalli,126,200301005003,Bengaluru Urban,Bangalore_East_KRPura1_Benniganahalli_Revenue_Map,Polygon,77.666722,12.985364,24
Bangalore East,Krishnarajapura,Bendeganahalli,106,200301005003,Bengaluru Urban,Bangalore_East_KRPura1_Benniganahalli_Revenue_Map,Polygon,77.668208,12.985843,5
Bangalore East,Krishnarajapura,Bendeganahalli,ROAD,200301005003,Bengaluru Urban,Bangalore_East_KRPura1_Benniganahalli_Revenue_Map,Polygon,77.662399,12.985716,13
Bangalore East,Krishnarajapura,Bendeganahalli,120,200301005003,Bengaluru Urban,Bangalore_East_KRPura1_Benniganahalli_Revenue_Map,Polygon,77.668944,12.985276,5
Bangalore East,Krishnarajapura,Bendeganahalli,125,200301005003,Bengaluru Urban,Bangalore_East_KRPura1_Benniganahalli_Revenue_Map,Polygon,77.667455,12.985177,10
Bangalore East,Krishnarajapura,Bendeganahalli,124,200301005003,Bengaluru Urban,Bangalore_East_KRPura1_Benniganahalli_Revenue_Map,Polygon,77.668848,12.984092,25
Bangalore East,Krishnarajapura,Bendeganahalli,121,200301005003,Bengaluru Urban,Bangalore_East_KRPura1_Benniganahalli_Revenue_Map,Polygon,77.669155,12.984838,6
Bangalore East,Krishnarajapura,Bendeganahalli,123,200301005003,Bengaluru Urban,Bangalore_East_KRPura1_Benniganahalli_Revenue_Map,Polygon,77.670329,12.984334,13
Bangalore East,Krishnarajapura,Bendeganahalli,122,200301005003,Bengaluru Urban,Bangalore_East_KRPura1_Benniganahalli_Revenue_Map,Polygon,77.66917,12.984258,6
Bangalore East,Krishnarajapura,Bendeganahalli,TANK,200301005003,Bengaluru Urban,Bangalore_East_KRPura1_Benniganahalli_Revenue_Map,Polygon,77.669867,12.983696,15
Bangalore East,Krishnarajapura,K.G.Kowdenahalli,5,200301005023,Bengaluru Urban,Bangalore_East_KRPura1_Kowdenahalli_Revenue_Map,Polygon,77.682526,13.022382,24
Bangalore East,Krishnarajapura,K.G.Kowdenahalli,7,200301005023,Bengaluru Urban,Bangalore_East_KRPura1_Kowdenahalli_Revenue_Map,Polygon,77.684056,13.021996,23
Bangalore East,Krishnarajapura,K.G.Kowdenahalli,8,200301005023,Bengaluru Urban,Bangalore_East_KRPura1_Kowdenahalli_Revenue_Map,Polygon,77.684763,13.021771,27
Bangalore East,Krishnarajapura,K.G.Kowdenahalli,9,200301005023,Bengaluru Urban,Bangalore_East_KRPura1_Kowdenahalli_Revenue_Map,Polygon,77.685831,13.021693,25
Bangalore East,Krishnarajapura,K.G.Kowdenahalli,4,200301005023,Bengaluru Urban,Bangalore_East_KRPura1_Kowdenahalli_Revenue_Map,Polygon,77.681488,13.02194,28
Bangalore East,Krishnarajapura,K.G.Kowdenahalli,STREAM,200301005023,Bengaluru Urban,Bangalore_East_KRPura1_Kowdenahalli_Revenue_Map,Polygon,77.681002,13.022307,12
Bangalore East,Krishnarajapura,K.G.Kowdenahalli,3,200301005023,Bengaluru Urban,Bangalore_East_KRPura1_Kowdenahalli_Revenue_Map,Polygon,77.680652,13.022537,9
Bangalore East,Krishnarajapura,K.G.Kowdenahalli,10,200301005023,Bengaluru Urban,Bangalore_East_KRPura1_Kowdenahalli_Revenue_Map,Polygon,77.686797,13.021969,17
Bangalore East,Krishnarajapura,K.G.Kowdenahalli,11,200301005023,Bengaluru Urban,Bangalore_East_KRPura1_Kowdenahalli_Revenue_Map,Polygon,77.687834,13.021711,19
Bangalore East,Krishnarajapura,K.G.Kowdenahalli,2,200301005023,Bengaluru Urban,Bangalore_East_KRPura1_Kowdenahalli_Revenue_Map,Polygon,77.679629,13.021958,12
Bangalore East,Krishnarajapura,K.G.Kowdenahalli,136,200301005023,Bengaluru Urban,Bangalore_East_KRPura1_Kowdenahalli_Revenue_Map,Polygon,77.678152,13.021892,14
Bangalore East,Krishnarajapura,K.G.Kowdenahalli,135,200301005023,Bengaluru Urban,Bangalore_East_KRPura1_Kowdenahalli_Revenue_Map,Polygon,77.676919,13.021437,16
Bangalore East,Krishnarajapura,K.G.Kowdenahalli,6,200301005023,Bengaluru Urban,Bangalore_East_KRPura1_Kowdenahalli_Revenue_Map,Polygon,77.682837,13.02139,20
Bangalore East,Krishnarajapura,K.G.Kowdenahalli,134,200301005023,Bengaluru Urban,Bangalore_East_KRPura1_Kowdenahalli_Revenue_Map,Polygon,77.674886,13.02143,11
Bangalore East,Krishnarajapura,K.G.Kowdenahalli,59,200301005023,Bengaluru Urban,Bangalore_East_KRPura1_Kowdenahalli_Revenue_Map,Polygon,77.678339,13.020645,30
Bangalore East,Krishnarajapura,K.G.Kowdenahalli,12,200301005023,Bengaluru Urban,Bangalore_East_KRPura1_Kowdenahalli_Revenue_Map,Polygon,77.688544,13.020917,12
Bangalore East,Krishnarajapura,K.G.Kowdenahalli,132,200301005023,Bengaluru Urban,Bangalore_East_KRPura1_Kowdenahalli_Revenue_Map,Polygon,77.674629,13.020757,27
Bangalore East,Krishnarajapura,K.G.Kowdenahalli,131,200301005023,Bengaluru Urban,Bangalore_East_KRPura1_Kowdenahalli_Revenue_Map,Polygon,77.672336,13.020703,33
Bangalore East,Krishnarajapura,K.G.Kowdenahalli,41,200301005023,Bengaluru Urban,Bangalore_East_KRPura1_Kowdenahalli_Revenue_Map,Polygon,77.68725,13.020503,28
Bangalore East,Krishnarajapura,K.G.Kowdenahalli,1,200301005023,Bengaluru Urban,Bangalore_East_KRPura1_Kowdenahalli_Revenue_Map,Polygon,77.681169,13.020648,27
Bangalore East,Krishnarajapura,K.G.Kowdenahalli,133,200301005023,Bengaluru Urban,Bangalore_East_KRPura1_Kowdenahalli_Revenue_Map,Polygon,77.676259,13.020566,19
Bangalore East,Krishnarajapura,K.G.Kowdenahalli,130,200301005023,Bengaluru Urban,Bangalore_East_KRPura1_Kowdenahalli_Revenue_Map,Polygon,77.673323,13.020056,18
Bangalore East,Krishnarajapura,K.G.Kowdenahalli,43,200301005023,Bengaluru Urban,Bangalore_East_KRPura1_Kowdenahalli_Revenue_Map,Polygon,77.683452,13.020401,22
Bangalore East,Krishnarajapura,K.G.Kowdenahalli,TANK,200301005023,Bengaluru Urban,Bangalore_East_KRPura1_Kowdenahalli_Revenue_Map,Polygon,77.672223,13.020703,16
Bangalore East,Krishnarajapura,K.G.Kowdenahalli,SETTLEMENT,200301005023,Bengaluru Urban,Bangalore_East_KRPura1_Kowdenahalli_Revenue_Map,Polygon,77.679839,13.019727,21
Bangalore East,Krishnarajapura,K.G.Kowdenahalli,42,200301005023,Bengaluru Urban,Bangalore_East_KRPura1_Kowdenahalli_Revenue_Map,Polygon,77.685339,13.019898,22
Bangalore East,Krishnarajapura,K.G.Kowdenahalli,13,200301005023,Bengaluru Urban,Bangalore_East_KRPura1_Kowdenahalli_Revenue_Map,Polygon,77.68867,13.019611,26
Bangalore East,Krishnarajapura,K.G.Kowdenahalli,64,200301005023,Bengaluru Urban,Bangalore_East_KRPura1_Kowdenahalli_Revenue_Map,Polygon,77.679025,13.019539,19
Bangalore East,Krishnarajapura,K.G.Kowdenahalli,126,200301005023,Bengaluru Urban,Bangalore_East_KRPura1_Kowdenahalli_Revenue_Map,Polygon,77.676351,13.019822,21
Bangalore East,Krishnarajapura,K.G.Kowdenahalli,129,200301005023,Bengaluru Urban,Bangalore_East_KRPura1_Kowdenahalli_Revenue_Map,Polygon,77.672581,13.019535,21
Bangalore East,Krishnarajapura,K.G.Kowdenahalli,128,200301005023,Bengaluru Urban,Bangalore_East_KRPura1_Kowdenahalli_Revenue_Map,Polygon,77.674304,13.019379,23
Bangalore East,Krishnarajapura,K.G.Kowdenahalli,45,200301005023,Bengaluru Urban,Bangalore_East_KRPura1_Kowdenahalli_Revenue_Map,Polygon,77.681446,13.019637,19
Bangalore East,Krishnarajapura,K.G.Kowdenahalli,14,200301005023,Bengaluru Urban,Bangalore_East_KRPura1_Kowdenahalli_Revenue_Map,Polygon,77.689407,13.019394,19
Bangalore East,Krishnarajapura,K.G.Kowdenahalli,65,200301005023,Bengaluru Urban,Bangalore_East_KRPura1_Kowdenahalli_Revenue_Map,Polygon,77.678165,13.019496,13
Bangalore East,Krishnarajapura,K.G.Kowdenahalli,40,200301005023,Bengaluru Urban,Bangalore_East_KRPura1_Kowdenahalli_Revenue_Map,Polygon,77.686971,13.019149,23
Bangalore East,Krishnarajapura,K.G.Kowdenahalli,114,200301005023,Bengaluru Urban,Bangalore_East_KRPura1_Kowdenahalli_Revenue_Map,Polygon,77.671331,13.018962,16
Bangalore East,Krishnarajapura,K.G.Kowdenahalli,44,200301005023,Bengaluru Urban,Bangalore_East_KRPura1_Kowdenahalli_Revenue_Map,Polygon,77.683176,13.019566,14
Bangalore East,Krishnarajapura,K.G.Kowdenahalli,127,200301005023,Bengaluru Urban,Bangalore_East_KRPura1_Kowdenahalli_Revenue_Map,Polygon,77.675634,13.018536,23
Bangalore East,Krishnarajapura,K.G.Kowdenahalli,46,200301005023,Bengaluru Urban,Bangalore_East_KRPura1_Kowdenahalli_Revenue_Map,Polygon,77.681577,13.019017,23
Bangalore East,Krishnarajapura,K.G.Kowdenahalli,48,200301005023,Bengaluru Urban,Bangalore_East_KRPura1_Kowdenahalli_Revenue_Map,Polygon,77.683206,13.018836,15
Bangalore East,Krishnarajapura,K.G.Kowdenahalli,47,200301005023,Bengaluru Urban,Bangalore_East_KRPura1_Kowdenahalli_Revenue_Map,Polygon,77.681485,13.019142,13
Bangalore East,Krishnarajapura,K.G.Kowdenahalli,115,200301005023,Bengaluru Urban,Bangalore_East_KRPura1_Kowdenahalli_Revenue_Map,Polygon,77.671746,13.018069,41
Bangalore East,Krishnarajapura,K.G.Kowdenahalli,51,200301005023,Bengaluru Urban,Bangalore_East_KRPura1_Kowdenahalli_Revenue_Map,Polygon,77.679957,13.018135,20
Bangalore East,Krishnarajapura,K.G.Kowdenahalli,125,200301005023,Bengaluru Urban,Bangalore_East_KRPura1_Kowdenahalli_Revenue_Map,Polygon,77.676931,13.018402,18
Bangalore East,Krishnarajapura,K.G.Kowdenahalli,39,200301005023,Bengaluru Urban,Bangalore_East_KRPura1_Kowdenahalli_Revenue_Map,Polygon,77.685202,13.01852,17
Bangalore East,Krishnarajapura,K.G.Kowdenahalli,117,200301005023,Bengaluru Urban,Bangalore_East_KRPura1_Kowdenahalli_Revenue_Map,Polygon,77.673184,13.017962,18
Bangalore East,Krishnarajapura,K.G.Kowdenahalli,66,200301005023,Bengaluru Urban,Bangalore_East_KRPura1_Kowdenahalli_Revenue_Map,Polygon,77.677651,13.017408,21
Bangalore East,Krishnarajapura,K.G.Kowdenahalli,15,200301005023,Bengaluru Urban,Bangalore_East_KRPura1_Kowdenahalli_Revenue_Map,Polygon,77.689594,13.01836,15
Bangalore East,Krishnarajapura,K.G.Kowdenahalli,16,200301005023,Bengaluru Urban,Bangalore_East_KRPura1_Kowdenahalli_Revenue_Map,Polygon,77.687827,13.018406,19
Bangalore East,Krishnarajapura,K.G.Kowdenahalli,50,200301005023,Bengaluru Urban,Bangalore_East_KRPura1_Kowdenahalli_Revenue_Map,Polygon,77.681505,13.018023,25
Bangalore East,Krishnarajapura,K.G.Kowdenahalli,49,200301005023,Bengaluru Urban,Bangalore_East_KRPura1_Kowdenahalli_Revenue_Map,Polygon,77.682921,13.017984,23
Bangalore East,Krishnarajapura,K.G.Kowdenahalli,38,200301005023,Bengaluru Urban,Bangalore_East_KRPura1_Kowdenahalli_Revenue_Map,Polygon,77.685537,13.018033,29
Bangalore East,Krishnarajapura,K.G.Kowdenahalli,63,200301005023,Bengaluru Urban,Bangalore_East_KRPura1_Kowdenahalli_Revenue_Map,Polygon,77.679361,13.017491,22
Bangalore East,Krishnarajapura,K.G.Kowdenahalli,118,200301005023,Bengaluru Urban,Bangalore_East_KRPura1_Kowdenahalli_Revenue_Map,Polygon,77.674217,13.017345,13
Bangalore East,Krishnarajapura,K.G.Kowdenahalli,113,200301005023,Bengaluru Urban,Bangalore_East_KRPura1_Kowdenahalli_Revenue_Map,Polygon,77.670029,13.017614,19
Bangalore East,Krishnarajapura,K.G.Kowdenahalli,116,200301005023,Bengaluru Urban,Bangalore_East_KRPura1_Kowdenahalli_Revenue_Map,Polygon,77.672199,13.017543,21
Bangalore East,Krishnarajapura,K.G.Kowdenahalli,XX,200301005023,Bengaluru Urban,Bangalore_East_KRPura1_Kowdenahalli_Revenue_Map,Polygon,77.680109,13.017105,21
Bangalore East,Krishnarajapura,K.G.Kowdenahalli,18,200301005023,Bengaluru Urban,Bangalore_East_KRPura1_Kowdenahalli_Revenue_Map,Polygon,77.689464,13.0176,16
Bangalore East,Krishnarajapura,K.G.Kowdenahalli,17,200301005023,Bengaluru Urban,Bangalore_East_KRPura1_Kowdenahalli_Revenue_Map,Polygon,77.687679,13.017489,17
Bangalore East,Krishnarajapura,K.G.Kowdenahalli,124,200301005023,Bengaluru Urban,Bangalore_East_KRPura1_Kowdenahalli_Revenue_Map,Polygon,77.676619,13.017236,20
Bangalore East,Krishnarajapura,K.G.Kowdenahalli,TANK,200301005023,Bengaluru Urban,Bangalore_East_KRPura1_Kowdenahalli_Revenue_Map,Polygon,77.671406,13.017672,15
Bangalore East,Krishnarajapura,K.G.Kowdenahalli,119,200301005023,Bengaluru Urban,Bangalore_East_KRPura1_Kowdenahalli_Revenue_Map,Polygon,77.675444,13.016507,24
Bangalore East,Krishnarajapura,K.G.Kowdenahalli,137,200301005023,Bengaluru Urban,Bangalore_East_KRPura1_Kowdenahalli_Revenue_Map,Polygon,77.680884,13.01749,6
Bangalore East,Krishnarajapura,K.G.Kowdenahalli,36,200301005023,Bengaluru Urban,Bangalore_East_KRPura1_Kowdenahalli_Revenue_Map,Polygon,77.6824,13.017204,24
Bangalore East,Krishnarajapura,K.G.Kowdenahalli,37,200301005023,Bengaluru Urban,Bangalore_East_KRPura1_Kowdenahalli_Revenue_Map,Polygon,77.6849,13.01715,16
Bangalore East,Krishnarajapura,K.G.Kowdenahalli,52,200301005023,Bengaluru Urban,Bangalore_East_KRPura1_Kowdenahalli_Revenue_Map,Polygon,77.681188,13.017103,18
Bangalore East,Krishnarajapura,K.G.Kowdenahalli,112,200301005023,Bengaluru Urban,Bangalore_East_KRPura1_Kowdenahalli_Revenue_Map,Polygon,77.670636,13.016353,32
Bangalore East,Krishnarajapura,K.G.Kowdenahalli,19,200301005023,Bengaluru Urban,Bangalore_East_KRPura1_Kowdenahalli_Revenue_Map,Polygon,77.690457,13.016793,12
Bangalore East,Krishnarajapura,K.G.Kowdenahalli,20,200301005023,Bengaluru Urban,Bangalore_East_KRPura1_Kowdenahalli_Revenue_Map,Polygon,77.688924,13.016801,16
Bangalore East,Krishnarajapura,K.G.Kowdenahalli,21,200301005023,Bengaluru Urban,Bangalore_East_KRPura1_Kowdenahalli_Revenue_Map,Polygon,77.687193,13.016538,17
Bangalore East,Krishnarajapura,K.G.Kowdenahalli,111,200301005023,Bengaluru Urban,Bangalore_East_KRPura1_Kowdenahalli_Revenue_Map,Polygon,77.669388,13.016068,23
Bangalore East,Krishnarajapura,K.G.Kowdenahalli,62,200301005023,Bengaluru Urban,Bangalore_East_KRPura1_Kowdenahalli_Revenue_Map,Polygon,77.679854,13.016067,23
Bangalore East,Krishnarajapura,K.G.Kowdenahalli,123,200301005023,Bengaluru Urban,Bangalore_East_KRPura1_Kowdenahalli_Revenue_Map,Polygon,77.676284,13.016711,14
Bangalore East,Krishnarajapura,K.G.Kowdenahalli,33,200301005023,Bengaluru Urban,Bangalore_East_KRPura1_Kowdenahalli_Revenue_Map,Polygon,77.685133,13.016199,23
Bangalore East,Krishnarajapura,K.G.Kowdenahalli,STREAM,200301005023,Bengaluru Urban,Bangalore_East_KRPura1_Kowdenahalli_Revenue_Map,Polygon,77.672228,13.016532,15
Bangalore East,Krishnarajapura,K.G.Kowdenahalli,35,200301005023,Bengaluru Urban,Bangalore_East_KRPura1_Kowdenahalli_Revenue_Map,Polygon,77.682293,13.016113,21
Bangalore East,Krishnarajapura,K.G.Kowdenahalli,122,200301005023,Bengaluru Urban,Bangalore_East_KRPura1_Kowdenahalli_Revenue_Map,Polygon,77.676543,13.016281,25
Bangalore East,Krishnarajapura,K.G.Kowdenahalli,53,200301005023,Bengaluru Urban,Bangalore_East_KRPura1_Kowdenahalli_Revenue_Map,Polygon,77.681013,13.016162,19
Bangalore East,Krishnarajapura,K.G.Kowdenahalli,99,200301005023,Bengaluru Urban,Bangalore_East_KRPura1_Kowdenahalli_Revenue_Map,Polygon,77.672443,13.015577,20
Bangalore East,Krishnarajapura,K.G.Kowdenahalli,34,200301005023,Bengaluru Urban,Bangalore_East_KRPura1_Kowdenahalli_Revenue_Map,Polygon,77.684057,13.015693,23
Bangalore East,Krishnarajapura,K.G.Kowdenahalli,STREAM,200301005023,Bengaluru Urban,Bangalore_East_KRPura1_Kowdenahalli_Revenue_Map,Polygon,77.67105,13.016426,13
Bangalore East,Krishnarajapura,K.G.Kowdenahalli,STREAM,200301005023,Bengaluru Urban,Bangalore_East_KRPura1_Kowdenahalli_Revenue_Map,Polygon,77.676126,13.014053,58
Bangalore East,Krishnarajapura,K.G.Kowdenahalli,67,200301005023,Bengaluru Urban,Bangalore_East_KRPura1_Kowdenahalli_Revenue_Map,Polygon,77.677759,13.015709,16
Bangalore East,Krishnarajapura,K.G.Kowdenahalli,98,200301005023,Bengaluru Urban,Bangalore_East_KRPura1_Kowdenahalli_Revenue_Map,Polygon,77.673653,13.015202,20
Bangalore East,Krishnarajapura,K.G.Kowdenahalli,100,200301005023,Bengaluru Urban,Bangalore_East_KRPura1_Kowdenahalli_Revenue_Map,Polygon,77.671506,13.015493,20
Bangalore East,Krishnarajapura,K.G.Kowdenahalli,STREAM,200301005023,Bengaluru Urban,Bangalore_East_KRPura1_Kowdenahalli_Revenue_Map,Polygon,77.68837,13.01586,22
Bangalore East,Krishnarajapura,K.G.Kowdenahalli,22,200301005023,Bengaluru Urban,Bangalore_East_KRPura1_Kowdenahalli_Revenue_Map,Polygon,77.688563,13.015334,13
Bangalore East,Krishnarajapura,K.G.Kowdenahalli,32,200301005023,Bengaluru Urban,Bangalore_East_KRPura1_Kowdenahalli_Revenue_Map,Polygon,77.684985,13.015483,15
Bangalore East,Krishnarajapura,K.G.Kowdenahalli,121,200301005023,Bengaluru Urban,Bangalore_East_KRPura1_Kowdenahalli_Revenue_Map,Polygon,77.676106,13.014991,25
Bangalore East,Krishnarajapura,K.G.Kowdenahalli,27_TANK,200301005023,Bengaluru Urban,Bangalore_East_KRPura1_Kowdenahalli_Revenue_Map,Polygon,77.683491,13.013442,54
Bangalore East,Krishnarajapura,K.G.Kowdenahalli,54,200301005023,Bengaluru Urban,Bangalore_East_KRPura1_Kowdenahalli_Revenue_Map,Polygon,77.68098,13.015373,16
Bangalore East,Krishnarajapura,K.G.Kowdenahalli,110,200301005023,Bengaluru Urban,Bangalore_East_KRPura1_Kowdenahalli_Revenue_Map,Polygon,77.669825,13.015019,29
Bangalore East,Krishnarajapura,K.G.Kowdenahalli,28,200301005023,Bengaluru Urban,Bangalore_East_KRPura1_Kowdenahalli_Revenue_Map,Polygon,77.682157,13.015266,17
Bangalore East,Krishnarajapura,K.G.Kowdenahalli,23,200301005023,Bengaluru Urban,Bangalore_East_KRPura1_Kowdenahalli_Revenue_Map,Polygon,77.686982,13.01481,15
Bangalore East,Krishnarajapura,K.G.Kowdenahalli,61,200301005023,Bengaluru Urban,Bangalore_East_KRPura1_Kowdenahalli_Revenue_Map,Polygon,77.679856,13.015305,12
Bangalore East,Krishnarajapura,K.G.Kowdenahalli,29,200301005023,Bengaluru Urban,Bangalore_East_KRPura1_Kowdenahalli_Revenue_Map,Polygon,77.683503,13.015082,13
Bangalore East,Krishnarajapura,K.G.Kowdenahalli,31,200301005023,Bengaluru Urban,Bangalore_East_KRPura1_Kowdenahalli_Revenue_Map,Polygon,77.684548,13.015067,12
Bangalore East,Krishnarajapura,K.G.Kowdenahalli,30,200301005023,Bengaluru Urban,Bangalore_East_KRPura1_Kowdenahalli_Revenue_Map,Polygon,77.683892,13.015086,9
Bangalore East,Krishnarajapura,K.G.Kowdenahalli,55,200301005023,Bengaluru Urban,Bangalore_East_KRPura1_Kowdenahalli_Revenue_Map,Polygon,77.681284,13.014691,12
Bangalore East,Krishnarajapura,K.G.Kowdenahalli,68,200301005023,Bengaluru Urban,Bangalore_East_KRPura1_Kowdenahalli_Revenue_Map,Polygon,77.67751,13.014045,15
Bangalore East,Krishnarajapura,K.G.Kowdenahalli,97,200301005023,Bengaluru Urban,Bangalore_East_KRPura1_Kowdenahalli_Revenue_Map,Polygon,77.673798,13.013919,22
Bangalore East,Krishnarajapura,K.G.Kowdenahalli,96,200301005023,Bengaluru Urban,Bangalore_East_KRPura1_Kowdenahalli_Revenue_Map,Polygon,77.674994,13.013885,17
Bangalore East,Krishnarajapura,K.G.Kowdenahalli,60,200301005023,Bengaluru Urban,Bangalore_East_KRPura1_Kowdenahalli_Revenue_Map,Polygon,77.679532,13.014381,12
Bangalore East,Krishnarajapura,K.G.Kowdenahalli,120,200301005023,Bengaluru Urban,Bangalore_East_KRPura1_Kowdenahalli_Revenue_Map,Polygon,77.675421,13.014786,9
Bangalore East,Krishnarajapura,K.G.Kowdenahalli,102,200301005023,Bengaluru Urban,Bangalore_East_KRPura1_Kowdenahalli_Revenue_Map,Polygon,77.67198,13.014399,16
Bangalore East,Krishnarajapura,K.G.Kowdenahalli,109,200301005023,Bengaluru Urban,Bangalore_East_KRPura1_Kowdenahalli_Revenue_Map,Polygon,77.669151,13.014403,26
Bangalore East,Krishnarajapura,K.G.Kowdenahalli,PALYA_YARATTUGA,200301005023,Bengaluru Urban,Bangalore_East_KRPura1_Kowdenahalli_Revenue_Map,Polygon,77.67277,13.014362,19
Bangalore East,Krishnarajapura,K.G.Kowdenahalli,101,200301005023,Bengaluru Urban,Bangalore_East_KRPura1_Kowdenahalli_Revenue_Map,Polygon,77.6712,13.01429,19
Bangalore East,Krishnarajapura,K.G.Kowdenahalli,106,200301005023,Bengaluru Urban,Bangalore_East_KRPura1_Kowdenahalli_Revenue_Map,Polygon,77.670291,13.013453,27
Bangalore East,Krishnarajapura,K.G.Kowdenahalli,108,200301005023,Bengaluru Urban,Bangalore_East_KRPura1_Kowdenahalli_Revenue_Map,Polygon,77.6685,13.013063,23
Bangalore East,Krishnarajapura,K.G.Kowdenahalli,107,200301005023,Bengaluru Urban,Bangalore_East_KRPura1_Kowdenahalli_Revenue_Map,Polygon,77.669673,13.013204,21
Bangalore East,Krishnarajapura,K.G.Kowdenahalli,SETTLEMENT,200301005023,Bengaluru Urban,Bangalore_East_KRPura1_Kowdenahalli_Revenue_Map,Polygon,77.678926,13.013415,13
Bangalore East,Krishnarajapura,K.G.Kowdenahalli,56,200301005023,Bengaluru Urban,Bangalore_East_KRPura1_Kowdenahalli_Revenue_Map,Polygon,77.680989,13.013817,22
Bangalore East,Krishnarajapura,K.G.Kowdenahalli,24,200301005023,Bengaluru Urban,Bangalore_East_KRPura1_Kowdenahalli_Revenue_Map,Polygon,77.686091,13.013453,18
Bangalore East,Krishnarajapura,K.G.Kowdenahalli,25,200301005023,Bengaluru Urban,Bangalore_East_KRPura1_Kowdenahalli_Revenue_Map,Polygon,77.68682,13.013411,11
Bangalore East,Krishnarajapura,K.G.Kowdenahalli,103,200301005023,Bengaluru Urban,Bangalore_East_KRPura1_Kowdenahalli_Revenue_Map,Polygon,77.672756,13.01327,22
Bangalore East,Krishnarajapura,K.G.Kowdenahalli,105,200301005023,Bengaluru Urban,Bangalore_East_KRPura1_Kowdenahalli_Revenue_Map,Polygon,77.670626,13.01275,17
Bangalore East,Krishnarajapura,K.G.Kowdenahalli,104,200301005023,Bengaluru Urban,Bangalore_East_KRPura1_Kowdenahalli_Revenue_Map,Polygon,77.671265,13.012751,18
Bangalore East,Krishnarajapura,K.G.Kowdenahalli,95,200301005023,Bengaluru Urban,Bangalore_East_KRPura1_Kowdenahalli_Revenue_Map,Polygon,77.676062,13.012437,23
Bangalore East,Krishnarajapura,K.G.Kowdenahalli,57,200301005023,Bengaluru Urban,Bangalore_East_KRPura1_Kowdenahalli_Revenue_Map,Polygon,77.680392,13.013291,12
Bangalore East,Krishnarajapura,K.G.Kowdenahalli,26,200301005023,Bengaluru Urban,Bangalore_East_KRPura1_Kowdenahalli_Revenue_Map,Polygon,77.686386,13.012965,13
Bangalore East,Krishnarajapura,K.G.Kowdenahalli,94,200301005023,Bengaluru Urban,Bangalore_East_KRPura1_Kowdenahalli_Revenue_Map,Polygon,77.674476,13.012424,21
Bangalore East,Krishnarajapura,K.G.Kowdenahalli,69,200301005023,Bengaluru Urban,Bangalore_East_KRPura1_Kowdenahalli_Revenue_Map,Polygon,77.678531,13.012466,16
Bangalore East,Krishnarajapura,K.G.Kowdenahalli,58,200301005023,Bengaluru Urban,Bangalore_East_KRPura1_Kowdenahalli_Revenue_Map,Polygon,77.679437,13.01267,8
Bangalore East,Krishnarajapura,K.G.Kowdenahalli,93,200301005023,Bengaluru Urban,Bangalore_East_KRPura1_Kowdenahalli_Revenue_Map,Polygon,77.672765,13.012107,15
Bangalore East,Krishnarajapura,K.G.Kowdenahalli,70,200301005023,Bengaluru Urban,Bangalore_East_KRPura1_Kowdenahalli_Revenue_Map,Polygon,77.677485,13.012042,17
Bangalore East,Krishnarajapura,K.G.Kowdenahalli,ROAD,200301005023,Bengaluru Urban,Bangalore_East_KRPura1_Kowdenahalli_Revenue_Map,Polygon,77.674288,13.011588,48
Bangalore East,Krishnarajapura,K.G.Kowdenahalli,72,200301005023,Bengaluru Urban,Bangalore_East_KRPura1_Kowdenahalli_Revenue_Map,Polygon,77.678072,13.01133,14
Bangalore East,Krishnarajapura,K.G.Kowdenahalli,75,200301005023,Bengaluru Urban,Bangalore_East_KRPura1_Kowdenahalli_Revenue_Map,Polygon,77.678697,13.010892,24
Bangalore East,Krishnarajapura,K.G.Kowdenahalli,92,200301005023,Bengaluru Urban,Bangalore_East_KRPura1_Kowdenahalli_Revenue_Map,Polygon,77.671,13.011183,15
Bangalore East,Krishnarajapura,K.G.Kowdenahalli,71,200301005023,Bengaluru Urban,Bangalore_East_KRPura1_Kowdenahalli_Revenue_Map,Polygon,77.677383,13.010851,14
Bangalore East,Krishnarajapura,K.G.Kowdenahalli,91,200301005023,Bengaluru Urban,Bangalore_East_KRPura1_Kowdenahalli_Revenue_Map,Polygon,77.672552,13.010739,16
Bangalore East,Krishnarajapura,K.G.Kowdenahalli,89,200301005023,Bengaluru Urban,Bangalore_East_KRPura1_Kowdenahalli_Revenue_Map,Polygon,77.673611,13.011086,11
Bangalore East,Krishnarajapura,K.G.Kowdenahalli,85_TANK,200301005023,Bengaluru Urban,Bangalore_East_KRPura1_Kowdenahalli_Revenue_Map,Polygon,77.676265,13.009318,21
Bangalore East,Krishnarajapura,K.G.Kowdenahalli,88,200301005023,Bengaluru Urban,Bangalore_East_KRPura1_Kowdenahalli_Revenue_Map,Polygon,77.675556,13.010879,15
Bangalore East,Krishnarajapura,K.G.Kowdenahalli,78,200301005023,Bengaluru Urban,Bangalore_East_KRPura1_Kowdenahalli_Revenue_Map,Polygon,77.680634,13.008791,62
Bangalore East,Krishnarajapura,K.G.Kowdenahalli,76,200301005023,Bengaluru Urban,Bangalore_East_KRPura1_Kowdenahalli_Revenue_Map,Polygon,77.679616,13.010704,10
Bangalore East,Krishnarajapura,K.G.Kowdenahalli,77,200301005023,Bengaluru Urban,Bangalore_East_KRPura1_Kowdenahalli_Revenue_Map,Polygon,77.680292,13.01061,15
Bangalore East,Krishnarajapura,K.G.Kowdenahalli,73,200301005023,Bengaluru Urban,Bangalore_East_KRPura1_Kowdenahalli_Revenue_Map,Polygon,77.677987,13.01086,15
Bangalore East,Krishnarajapura,K.G.Kowdenahalli,87,200301005023,Bengaluru Urban,Bangalore_East_KRPura1_Kowdenahalli_Revenue_Map,Polygon,77.674745,13.009895,14
Bangalore East,Krishnarajapura,K.G.Kowdenahalli,86,200301005023,Bengaluru Urban,Bangalore_East_KRPura1_Kowdenahalli_Revenue_Map,Polygon,77.675502,13.009869,12
Bangalore East,Krishnarajapura,K.G.Kowdenahalli,90,200301005023,Bengaluru Urban,Bangalore_East_KRPura1_Kowdenahalli_Revenue_Map,Polygon,77.673489,13.009975,12
Bangalore East,Krishnarajapura,K.G.Kowdenahalli,74,200301005023,Bengaluru Urban,Bangalore_East_KRPura1_Kowdenahalli_Revenue_Map,Polygon,77.677895,13.010385,17
Bangalore East,Krishnarajapura,K.G.Kowdenahalli,79,200301005023,Bengaluru Urban,Bangalore_East_KRPura1_Kowdenahalli_Revenue_Map,Polygon,77.679767,13.010167,16
Bangalore East,Krishnarajapura,K.G.Kowdenahalli,80,200301005023,Bengaluru Urban,Bangalore_East_KRPura1_Kowdenahalli_Revenue_Map,Polygon,77.679229,13.010082,14
Bangalore East,Krishnarajapura,K.G.Kowdenahalli,81,200301005023,Bengaluru Urban,Bangalore_East_KRPura1_Kowdenahalli_Revenue_Map,Polygon,77.678658,13.009963,14
Bangalore East,Krishnarajapura,K.G.Kowdenahalli,82,200301005023,Bengaluru Urban,Bangalore_East_KRPura1_Kowdenahalli_Revenue_Map,Polygon,77.678233,13.009868,14
Bangalore East,Krishnarajapura,K.G.Kowdenahalli,84,200301005023,Bengaluru Urban,Bangalore_East_KRPura1_Kowdenahalli_Revenue_Map,Polygon,77.677314,13.009809,12
Bangalore East,Krishnarajapura,K.G.Kowdenahalli,83,200301005023,Bengaluru Urban,Bangalore_East_KRPura1_Kowdenahalli_Revenue_Map,Polygon,77.67777,13.009768,13
Bangalore East,Krishnarajapura,K.G.Mahadevapura,191,200301005025,Bengaluru Urban,Bangalore_East_KRPura1_Mahadevapura_Revenue_Map,Polygon,77.686602,12.996604,16
Bangalore East,Krishnarajapura,K.G.Mahadevapura,192,200301005025,Bengaluru Urban,Bangalore_East_KRPura1_Mahadevapura_Revenue_Map,Polygon,77.688601,12.99749,16
Bangalore East,Krishnarajapura,K.G.Mahadevapura,195,200301005025,Bengaluru Urban,Bangalore_East_KRPura1_Mahadevapura_Revenue_Map,Polygon,77.690069,12.996958,13
Bangalore East,Krishnarajapura,K.G.Mahadevapura,193,200301005025,Bengaluru Urban,Bangalore_East_KRPura1_Mahadevapura_Revenue_Map,Polygon,77.68775,12.996142,12
Bangalore East,Krishnarajapura,K.G.Mahadevapura,190,200301005025,Bengaluru Urban,Bangalore_East_KRPura1_Mahadevapura_Revenue_Map,Polygon,77.686849,12.995797,14
Bangalore East,Krishnarajapura,K.G.Mahadevapura,194,200301005025,Bengaluru Urban,Bangalore_East_KRPura1_Mahadevapura_Revenue_Map,Polygon,77.68877,12.996252,7
Bangalore East,Krishnarajapura,K.G.Mahadevapura,ROAD,200301005025,Bengaluru Urban,Bangalore_East_KRPura1_Mahadevapura_Revenue_Map,Polygon,77.693503,12.99608,25
Bangalore East,Krishnarajapura,K.G.Mahadevapura,ROAD,200301005025,Bengaluru Urban,Bangalore_East_KRPura1_Mahadevapura_Revenue_Map,Polygon,77.690195,12.994935,31
Bangalore East,Krishnarajapura,K.G.Mahadevapura,55,200301005025,Bengaluru Urban,Bangalore_East_KRPura1_Mahadevapura_Revenue_Map,Polygon,77.69086,12.996041,17
Bangalore East,Krishnarajapura,K.G.Mahadevapura,56,200301005025,Bengaluru Urban,Bangalore_East_KRPura1_Mahadevapura_Revenue_Map,Polygon,77.691796,12.99626,11
Bangalore East,Krishnarajapura,K.G.Mahadevapura,59,200301005025,Bengaluru Urban,Bangalore_East_KRPura1_Mahadevapura_Revenue_Map,Polygon,77.692519,12.995435,13
Bangalore East,Krishnarajapura,K.G.Mahadevapura,196,200301005025,Bengaluru Urban,Bangalore_East_KRPura1_Mahadevapura_Revenue_Map,Polygon,77.689435,12.995675,10
Bangalore East,Krishnarajapura,K.G.Mahadevapura,60,200301005025,Bengaluru Urban,Bangalore_East_KRPura1_Mahadevapura_Revenue_Map,Polygon,77.693501,12.995199,11
Bangalore East,Krishnarajapura,K.G.Mahadevapura,54,200301005025,Bengaluru Urban,Bangalore_East_KRPura1_Mahadevapura_Revenue_Map,Polygon,77.690005,12.995104,10
Bangalore East,Krishnarajapura,K.G.Mahadevapura,61,200301005025,Bengaluru Urban,Bangalore_East_KRPura1_Mahadevapura_Revenue_Map,Polygon,77.694725,12.994909,10
Bangalore East,Krishnarajapura,K.G.Mahadevapura,207,200301005025,Bengaluru Urban,Bangalore_East_KRPura1_Mahadevapura_Revenue_Map,Polygon,77.691536,12.995125,9
Bangalore East,Krishnarajapura,K.G.Mahadevapura,189,200301005025,Bengaluru Urban,Bangalore_East_KRPura1_Mahadevapura_Revenue_Map,Polygon,77.687046,12.994538,8
Bangalore East,Krishnarajapura,K.G.Mahadevapura,62,200301005025,Bengaluru Urban,Bangalore_East_KRPura1_Mahadevapura_Revenue_Map,Polygon,77.695441,12.99493,7
Bangalore East,Krishnarajapura,K.G.Mahadevapura,63,200301005025,Bengaluru Urban,Bangalore_East_KRPura1_Mahadevapura_Revenue_Map,Polygon,77.695755,12.994618,9
Bangalore East,Krishnarajapura,K.G.Mahadevapura,65,200301005025,Bengaluru Urban,Bangalore_East_KRPura1_Mahadevapura_Revenue_Map,Polygon,77.697112,12.994001,16
Bangalore East,Krishnarajapura,K.G.Mahadevapura,ROAD,200301005025,Bengaluru Urban,Bangalore_East_KRPura1_Mahadevapura_Revenue_Map,Polygon,77.687532,12.994014,15
Bangalore East,Krishnarajapura,K.G.Mahadevapura,197,200301005025,Bengaluru Urban,Bangalore_East_KRPura1_Mahadevapura_Revenue_Map,Polygon,77.688421,12.994268,14
Bangalore East,Krishnarajapura,K.G.Mahadevapura,58,200301005025,Bengaluru Urban,Bangalore_East_KRPura1_Mahadevapura_Revenue_Map,Polygon,77.691421,12.994388,20
Bangalore East,Krishnarajapura,K.G.Mahadevapura,64,200301005025,Bengaluru Urban,Bangalore_East_KRPura1_Mahadevapura_Revenue_Map,Polygon,77.696229,12.994475,8
Bangalore East,Krishnarajapura,K.G.Mahadevapura,57,200301005025,Bengaluru Urban,Bangalore_East_KRPura1_Mahadevapura_Revenue_Map,Polygon,77.691768,12.99465,10
Bangalore East,Krishnarajapura,K.G.Mahadevapura,67,200301005025,Bengaluru Urban,Bangalore_East_KRPura1_Mahadevapura_Revenue_Map,Polygon,77.698751,12.994277,9
Bangalore East,Krishnarajapura,K.G.Mahadevapura,XX,200301005025,Bengaluru Urban,Bangalore_East_KRPura1_Mahadevapura_Revenue_Map,Polygon,77.685748,12.994703,6
Bangalore East,Krishnarajapura,K.G.Mahadevapura,186,200301005025,Bengaluru Urban,Bangalore_East_KRPura1_Mahadevapura_Revenue_Map,Polygon,77.685355,12.99465,11
Bangalore East,Krishnarajapura,K.G.Mahadevapura,185,200301005025,Bengaluru Urban,Bangalore_East_KRPura1_Mahadevapura_Revenue_Map,Polygon,77.684757,12.994492,16
Bangalore East,Krishnarajapura,K.G.Mahadevapura,XX,200301005025,Bengaluru Urban,Bangalore_East_KRPura1_Mahadevapura_Revenue_Map,Polygon,77.685967,12.994322,5
Bangalore East,Krishnarajapura,K.G.Mahadevapura,46,200301005025,Bengaluru Urban,Bangalore_East_KRPura1_Mahadevapura_Revenue_Map,Polygon,77.693833,12.993778,21
Bangalore East,Krishnarajapura,K.G.Mahadevapura,187_TANK,200301005025,Bengaluru Urban,Bangalore_East_KRPura1_Mahadevapura_Revenue_Map,Polygon,77.685984,12.993144,22
Bangalore East,Krishnarajapura,K.G.Mahadevapura,182,200301005025,Bengaluru Urban,Bangalore_East_KRPura1_Mahadevapura_Revenue_Map,Polygon,77.683844,12.993744,13
Bangalore East,Krishnarajapura,K.G.Mahadevapura,68,200301005025,Bengaluru Urban,Bangalore_East_KRPura1_Mahadevapura_Revenue_Map,Polygon,77.699758,12.993694,8
Bangalore East,Krishnarajapura,K.G.Mahadevapura,188,200301005025,Bengaluru Urban,Bangalore_East_KRPura1_Mahadevapura_Revenue_Map,Polygon,77.687078,12.993623,11
Bangalore East,Krishnarajapura,K.G.Mahadevapura,53,200301005025,Bengaluru Urban,Bangalore_East_KRPura1_Mahadevapura_Revenue_Map,Polygon,77.689583,12.994048,6
Bangalore East,Krishnarajapura,K.G.Mahadevapura,69,200301005025,Bengaluru Urban,Bangalore_East_KRPura1_Mahadevapura_Revenue_Map,Polygon,77.700691,12.993215,11
Bangalore East,Krishnarajapura,K.G.Mahadevapura,184,200301005025,Bengaluru Urban,Bangalore_East_KRPura1_Mahadevapura_Revenue_Map,Polygon,77.684447,12.993792,7
Bangalore East,Krishnarajapura,K.G.Mahadevapura,45,200301005025,Bengaluru Urban,Bangalore_East_KRPura1_Mahadevapura_Revenue_Map,Polygon,77.695981,12.992823,15
Bangalore East,Krishnarajapura,K.G.Mahadevapura,ROAD,200301005025,Bengaluru Urban,Bangalore_East_KRPura1_Mahadevapura_Revenue_Map,Polygon,77.701144,12.992922,10
Bangalore East,Krishnarajapura,K.G.Mahadevapura,198,200301005025,Bengaluru Urban,Bangalore_East_KRPura1_Mahadevapura_Revenue_Map,Polygon,77.68784,12.993501,9
Bangalore East,Krishnarajapura,K.G.Mahadevapura,ROAD,200301005025,Bengaluru Urban,Bangalore_East_KRPura1_Mahadevapura_Revenue_Map,Polygon,77.694273,12.99281,15
Bangalore East,Krishnarajapura,K.G.Mahadevapura,72,200301005025,Bengaluru Urban,Bangalore_East_KRPura1_Mahadevapura_Revenue_Map,Polygon,77.701572,12.992916,12
Bangalore East,Krishnarajapura,K.G.Mahadevapura,47,200301005025,Bengaluru Urban,Bangalore_East_KRPura1_Mahadevapura_Revenue_Map,Polygon,77.693435,12.993095,9
Bangalore East,Krishnarajapura,K.G.Mahadevapura,73,200301005025,Bengaluru Urban,Bangalore_East_KRPura1_Mahadevapura_Revenue_Map,Polygon,77.70334,12.992695,18
Bangalore East,Krishnarajapura,K.G.Mahadevapura,199,200301005025,Bengaluru Urban,Bangalore_East_KRPura1_Mahadevapura_Revenue_Map,Polygon,77.68781,12.99184,485
Bangalore East,Krishnarajapura,K.G.Mahadevapura,52,200301005025,Bengaluru Urban,Bangalore_East_KRPura1_Mahadevapura_Revenue_Map,Polygon,77.689638,12.993084,11
Bangalore East,Krishnarajapura,K.G.Mahadevapura,181,200301005025,Bengaluru Urban,Bangalore_East_KRPura1_Mahadevapura_Revenue_Map,Polygon,77.682929,12.992918,9
Bangalore East,Krishnarajapura,K.G.Mahadevapura,STREAM,200301005025,Bengaluru Urban,Bangalore_East_KRPura1_Mahadevapura_Revenue_Map,Polygon,77.690396,12.990612,1648
Bangalore East,Krishnarajapura,K.G.Mahadevapura,48,200301005025,Bengaluru Urban,Bangalore_East_KRPura1_Mahadevapura_Revenue_Map,Polygon,77.694161,12.991883,14
Bangalore East,Krishnarajapura,K.G.Mahadevapura,51,200301005025,Bengaluru Urban,Bangalore_East_KRPura1_Mahadevapura_Revenue_Map,Polygon,77.691379,12.993177,15
Bangalore East,Krishnarajapura,K.G.Mahadevapura,66,200301005025,Bengaluru Urban,Bangalore_East_KRPura1_Mahadevapura_Revenue_Map,Polygon,77.69831,12.992885,6
Bangalore East,Krishnarajapura,K.G.Mahadevapura,30,200301005025,Bengaluru Urban,Bangalore_East_KRPura1_Mahadevapura_Revenue_Map,Polygon,77.694636,12.991522,19
Bangalore East,Krishnarajapura,K.G.Mahadevapura,183,200301005025,Bengaluru Urban,Bangalore_East_KRPura1_Mahadevapura_Revenue_Map,Polygon,77.684544,12.992729,8
Bangalore East,Krishnarajapura,K.G.Mahadevapura,81,200301005025,Bengaluru Urban,Bangalore_East_KRPura1_Mahadevapura_Revenue_Map,Polygon,77.70153,12.9915,7
Bangalore East,Krishnarajapura,K.G.Mahadevapura,180,200301005025,Bengaluru Urban,Bangalore_East_KRPura1_Mahadevapura_Revenue_Map,Polygon,77.683602,12.992346,14
Bangalore East,Krishnarajapura,K.G.Mahadevapura,50,200301005025,Bengaluru Urban,Bangalore_East_KRPura1_Mahadevapura_Revenue_Map,Polygon,77.691381,12.992087,9
Bangalore East,Krishnarajapura,K.G.Mahadevapura,80,200301005025,Bengaluru Urban,Bangalore_East_KRPura1_Mahadevapura_Revenue_Map,Polygon,77.702002,12.991235,5
Bangalore East,Krishnarajapura,K.G.Mahadevapura,70,200301005025,Bengaluru Urban,Bangalore_East_KRPura1_Mahadevapura_Revenue_Map,Polygon,77.699846,12.992257,13
Bangalore East,Krishnarajapura,K.G.Mahadevapura,ROAD,200301005025,Bengaluru Urban,Bangalore_East_KRPura1_Mahadevapura_Revenue_Map,Polygon,77.696747,12.992528,8
Bangalore East,Krishnarajapura,K.G.Mahadevapura,44,200301005025,Bengaluru Urban,Bangalore_East_KRPura1_Mahadevapura_Revenue_Map,Polygon,77.696519,12.992209,9
Bangalore East,Krishnarajapura,K.G.Mahadevapura,79,200301005025,Bengaluru Urban,Bangalore_East_KRPura1_Mahadevapura_Revenue_Map,Polygon,77.70244,12.991241,8
Bangalore East,Krishnarajapura,K.G.Mahadevapura,78,200301005025,Bengaluru Urban,Bangalore_East_KRPura1_Mahadevapura_Revenue_Map,Polygon,77.702653,12.990688,10
Bangalore East,Krishnarajapura,K.G.Mahadevapura,49,200301005025,Bengaluru Urban,Bangalore_East_KRPura1_Mahadevapura_Revenue_Map,Polygon,77.692987,12.991533,16
Bangalore East,Krishnarajapura,K.G.Mahadevapura,STREAM,200301005025,Bengaluru Urban,Bangalore_East_KRPura1_Mahadevapura_Revenue_Map,Polygon,77.697562,12.992031,14
Bangalore East,Krishnarajapura,K.G.Mahadevapura,43,200301005025,Bengaluru Urban,Bangalore_East_KRPura1_Mahadevapura_Revenue_Map,Polygon,77.697201,12.991275,14
Bangalore East,Krishnarajapura,K.G.Mahadevapura,42,200301005025,Bengaluru Urban,Bangalore_East_KRPura1_Mahadevapura_Revenue_Map,Polygon,77.698148,12.991304,13
Bangalore East,Krishnarajapura,K.G.Mahadevapura,75,200301005025,Bengaluru Urban,Bangalore_East_KRPura1_Mahadevapura_Revenue_Map,Polygon,77.703537,12.991192,7
Bangalore East,Krishnarajapura,K.G.Mahadevapura,178,200301005025,Bengaluru Urban,Bangalore_East_KRPura1_Mahadevapura_Revenue_Map,Polygon,77.684361,12.991257,14
Bangalore East,Krishnarajapura,K.G.Mahadevapura,201,200301005025,Bengaluru Urban,Bangalore_East_KRPura1_Mahadevapura_Revenue_Map,Polygon,77.686742,12.992031,6
Bangalore East,Krishnarajapura,K.G.Mahadevapura,ROAD,200301005025,Bengaluru Urban,Bangalore_East_KRPura1_Mahadevapura_Revenue_Map,Polygon,77.698724,12.991814,6
Bangalore East,Krishnarajapura,K.G.Mahadevapura,71,200301005025,Bengaluru Urban,Bangalore_East_KRPura1_Mahadevapura_Revenue_Map,Polygon,77.699828,12.991757,9
Bangalore East,Krishnarajapura,K.G.Mahadevapura,172,200301005025,Bengaluru Urban,Bangalore_East_KRPura1_Mahadevapura_Revenue_Map,Polygon,77.68155,12.99061,13
Bangalore East,Krishnarajapura,K.G.Mahadevapura,23,200301005025,Bengaluru Urban,Bangalore_East_KRPura1_Mahadevapura_Revenue_Map,Polygon,77.689043,12.991233,16
Bangalore East,Krishnarajapura,K.G.Mahadevapura,STREAM,200301005025,Bengaluru Urban,Bangalore_East_KRPura1_Mahadevapura_Revenue_Map,Polygon,77.687714,12.991767,995
Bangalore East,Krishnarajapura,K.G.Mahadevapura,202,200301005025,Bengaluru Urban,Bangalore_East_KRPura1_Mahadevapura_Revenue_Map,Polygon,77.686238,12.991441,13
Bangalore East,Krishnarajapura,K.G.Mahadevapura,199,200301005025,Bengaluru Urban,Bangalore_East_KRPura1_Mahadevapura_Revenue_Map,Polygon,77.687659,12.991749,536
Bangalore East,Krishnarajapura,K.G.Mahadevapura,200,200301005025,Bengaluru Urban,Bangalore_East_KRPura1_Mahadevapura_Revenue_Map,Polygon,77.687012,12.99149,10
Bangalore East,Krishnarajapura,K.G.Mahadevapura,31_TANK,200301005025,Bengaluru Urban,Bangalore_East_KRPura1_Mahadevapura_Revenue_Map,Polygon,77.696015,12.990687,21
Bangalore East,Krishnarajapura,K.G.Mahadevapura,ROAD,200301005025,Bengaluru Urban,Bangalore_East_KRPura1_Mahadevapura_Revenue_Map,Polygon,77.692136,12.991028,16
Bangalore East,Krishnarajapura,K.G.Mahadevapura,74,200301005025,Bengaluru Urban,Bangalore_East_KRPura1_Mahadevapura_Revenue_Map,Polygon,77.704569,12.990695,16
Bangalore East,Krishnarajapura,K.G.Mahadevapura,179,200301005025,Bengaluru Urban,Bangalore_East_KRPura1_Mahadevapura_Revenue_Map,Polygon,77.682947,12.991089,9
Bangalore East,Krishnarajapura,K.G.Mahadevapura,PALYA,200301005025,Bengaluru Urban,Bangalore_East_KRPura1_Mahadevapura_Revenue_Map,Polygon,77.699339,12.990821,13
Bangalore East,Krishnarajapura,K.G.Mahadevapura,24,200301005025,Bengaluru Urban,Bangalore_East_KRPura1_Mahadevapura_Revenue_Map,Polygon,77.690436,12.990639,843
Bangalore East,Krishnarajapura,K.G.Mahadevapura,205,200301005025,Bengaluru Urban,Bangalore_East_KRPura1_Mahadevapura_Revenue_Map,Polygon,77.685716,12.991207,12
Bangalore East,Krishnarajapura,K.G.Mahadevapura,STREAM,200301005025,Bengaluru Urban,Bangalore_East_KRPura1_Mahadevapura_Revenue_Map,Polygon,77.687969,12.991212,9
Bangalore East,Krishnarajapura,K.G.Mahadevapura,ROAD,200301005025,Bengaluru Urban,Bangalore_East_KRPura1_Mahadevapura_Revenue_Map,Polygon,77.687152,12.990707,16
Bangalore East,Krishnarajapura,K.G.Mahadevapura,20,200301005025,Bengaluru Urban,Bangalore_East_KRPura1_Mahadevapura_Revenue_Map,Polygon,77.687699,12.991259,7
Bangalore East,Krishnarajapura,K.G.Mahadevapura,21,200301005025,Bengaluru Urban,Bangalore_East_KRPura1_Mahadevapura_Revenue_Map,Polygon,77.688117,12.991192,6
Bangalore East,Krishnarajapura,K.G.Mahadevapura,22,200301005025,Bengaluru Urban,Bangalore_East_KRPura1_Mahadevapura_Revenue_Map,Polygon,77.688419,12.990821,501
Bangalore East,Krishnarajapura,K.G.Mahadevapura,25,200301005025,Bengaluru Urban,Bangalore_East_KRPura1_Mahadevapura_Revenue_Map,Polygon,77.691827,12.990711,9
Bangalore East,Krishnarajapura,K.G.Mahadevapura,82,200301005025,Bengaluru Urban,Bangalore_East_KRPura1_Mahadevapura_Revenue_Map,Polygon,77.700408,12.989873,11
Bangalore East,Krishnarajapura,K.G.Mahadevapura,204,200301005025,Bengaluru Urban,Bangalore_East_KRPura1_Mahadevapura_Revenue_Map,Polygon,77.686176,12.990659,9
Bangalore East,Krishnarajapura,K.G.Mahadevapura,203,200301005025,Bengaluru Urban,Bangalore_East_KRPura1_Mahadevapura_Revenue_Map,Polygon,77.686858,12.990772,5
Bangalore East,Krishnarajapura,K.G.Mahadevapura,19,200301005025,Bengaluru Urban,Bangalore_East_KRPura1_Mahadevapura_Revenue_Map,Polygon,77.687612,12.990604,14
Bangalore East,Krishnarajapura,K.G.Mahadevapura,17,200301005025,Bengaluru Urban,Bangalore_East_KRPura1_Mahadevapura_Revenue_Map,Polygon,77.68889,12.990666,196
Bangalore East,Krishnarajapura,K.G.Mahadevapura,STREAM,200301005025,Bengaluru Urban,Bangalore_East_KRPura1_Mahadevapura_Revenue_Map,Polygon,77.6884,12.990764,983
Bangalore East,Krishnarajapura,K.G.Mahadevapura,16,200301005025,Bengaluru Urban,Bangalore_East_KRPura1_Mahadevapura_Revenue_Map,Polygon,77.689147,12.990578,188
Bangalore East,Krishnarajapura,K.G.Mahadevapura,15,200301005025,Bengaluru Urban,Bangalore_East_KRPura1_Mahadevapura_Revenue_Map,Polygon,77.69035,12.990535,801
Bangalore East,Krishnarajapura,K.G.Mahadevapura,22,200301005025,Bengaluru Urban,Bangalore_East_KRPura1_Mahadevapura_Revenue_Map,Polygon,77.688387,12.990708,492
Bangalore East,Krishnarajapura,K.G.Mahadevapura,28,200301005025,Bengaluru Urban,Bangalore_East_KRPura1_Mahadevapura_Revenue_Map,Polygon,77.69246,12.989802,15
Bangalore East,Krishnarajapura,K.G.Mahadevapura,STREAM,200301005025,Bengaluru Urban,Bangalore_East_KRPura1_Mahadevapura_Revenue_Map,Polygon,77.688867,12.990612,370
Bangalore East,Krishnarajapura,K.G.Mahadevapura,173,200301005025,Bengaluru Urban,Bangalore_East_KRPura1_Mahadevapura_Revenue_Map,Polygon,77.682624,12.989909,10
Bangalore East,Krishnarajapura,K.G.Mahadevapura,206,200301005025,Bengaluru Urban,Bangalore_East_KRPura1_Mahadevapura_Revenue_Map,Polygon,77.68563,12.990257,10
Bangalore East,Krishnarajapura,K.G.Mahadevapura,STREAM,200301005025,Bengaluru Urban,Bangalore_East_KRPura1_Mahadevapura_Revenue_Map,Polygon,77.689124,12.990523,376
Bangalore East,Krishnarajapura,K.G.Mahadevapura,17,200301005025,Bengaluru Urban,Bangalore_East_KRPura1_Mahadevapura_Revenue_Map,Polygon,77.688844,12.99055,185
Bangalore East,Krishnarajapura,K.G.Mahadevapura,41,200301005025,Bengaluru Urban,Bangalore_East_KRPura1_Mahadevapura_Revenue_Map,Polygon,77.697462,12.990237,10
Bangalore East,Krishnarajapura,K.G.Mahadevapura,26,200301005025,Bengaluru Urban,Bangalore_East_KRPura1_Mahadevapura_Revenue_Map,Polygon,77.69115,12.989957,673
Bangalore East,Krishnarajapura,K.G.Mahadevapura,STREAM,200301005025,Bengaluru Urban,Bangalore_East_KRPura1_Mahadevapura_Revenue_Map,Polygon,77.69029,12.989803,22
Bangalore East,Krishnarajapura,K.G.Mahadevapura,16,200301005025,Bengaluru Urban,Bangalore_East_KRPura1_Mahadevapura_Revenue_Map,Polygon,77.689097,12.990456,198
Bangalore East,Krishnarajapura,K.G.Mahadevapura,STREAM,200301005025,Bengaluru Urban,Bangalore_East_KRPura1_Mahadevapura_Revenue_Map,Polygon,77.694132,12.989689,11
Bangalore East,Krishnarajapura,K.G.Mahadevapura,15,200301005025,Bengaluru Urban,Bangalore_East_KRPura1_Mahadevapura_Revenue_Map,Polygon,77.689315,12.990325,5
Bangalore East,Krishnarajapura,K.G.Mahadevapura,33,200301005025,Bengaluru Urban,Bangalore_East_KRPura1_Mahadevapura_Revenue_Map,Polygon,77.694698,12.989597,14
Bangalore East,Krishnarajapura,K.G.Mahadevapura,177,200301005025,Bengaluru Urban,Bangalore_East_KRPura1_Mahadevapura_Revenue_Map,Polygon,77.68541,12.989613,27
Bangalore East,Krishnarajapura,K.G.Mahadevapura,174,200301005025,Bengaluru Urban,Bangalore_East_KRPura1_Mahadevapura_Revenue_Map,Polygon,77.683786,12.989512,15
Bangalore East,Krishnarajapura,K.G.Mahadevapura,29,200301005025,Bengaluru Urban,Bangalore_East_KRPura1_Mahadevapura_Revenue_Map,Polygon,77.693706,12.98958,13
Bangalore East,Krishnarajapura,K.G.Mahadevapura,18,200301005025,Bengaluru Urban,Bangalore_East_KRPura1_Mahadevapura_Revenue_Map,Polygon,77.688031,12.990198,11
Bangalore East,Krishnarajapura,K.G.Mahadevapura,1,200301005025,Bengaluru Urban,Bangalore_East_KRPura1_Mahadevapura_Revenue_Map,Polygon,77.688009,12.989564,17
Bangalore East,Krishnarajapura,K.G.Mahadevapura,STREAM,200301005025,Bengaluru Urban,Bangalore_East_KRPura1_Mahadevapura_Revenue_Map,Polygon,77.691093,12.989956,1244
Bangalore East,Krishnarajapura,K.G.Mahadevapura,ROAD,200301005025,Bengaluru Urban,Bangalore_East_KRPura1_Mahadevapura_Revenue_Map,Polygon,77.698171,12.990065,9
Bangalore East,Krishnarajapura,K.G.Mahadevapura,26,200301005025,Bengaluru Urban,Bangalore_East_KRPura1_Mahadevapura_Revenue_Map,Polygon,77.691031,12.989955,578
Bangalore East,Krishnarajapura,K.G.Mahadevapura,14,200301005025,Bengaluru Urban,Bangalore_East_KRPura1_Mahadevapura_Revenue_Map,Polygon,77.689029,12.989672,17
Bangalore East,Krishnarajapura,K.G.Mahadevapura,83,200301005025,Bengaluru Urban,Bangalore_East_KRPura1_Mahadevapura_Revenue_Map,Polygon,77.69842,12.988711,17
Bangalore East,Krishnarajapura,K.G.Mahadevapura,32,200301005025,Bengaluru Urban,Bangalore_East_KRPura1_Mahadevapura_Revenue_Map,Polygon,77.695721,12.989724,11
Bangalore East,Krishnarajapura,K.G.Mahadevapura,176,200301005025,Bengaluru Urban,Bangalore_East_KRPura1_Mahadevapura_Revenue_Map,Polygon,77.684498,12.989753,14
Bangalore East,Krishnarajapura,K.G.Mahadevapura,13,200301005025,Bengaluru Urban,Bangalore_East_KRPura1_Mahadevapura_Revenue_Map,Polygon,77.689617,12.989647,13
Bangalore East,Krishnarajapura,K.G.Mahadevapura,76,200301005025,Bengaluru Urban,Bangalore_East_KRPura1_Mahadevapura_Revenue_Map,Polygon,77.704142,12.989406,15
Bangalore East,Krishnarajapura,K.G.Mahadevapura,40,200301005025,Bengaluru Urban,Bangalore_East_KRPura1_Mahadevapura_Revenue_Map,Polygon,77.696233,12.989013,15
Bangalore East,Krishnarajapura,K.G.Mahadevapura,ROAD,200301005025,Bengaluru Urban,Bangalore_East_KRPura1_Mahadevapura_Revenue_Map,Polygon,77.697333,12.988824,10
Bangalore East,Krishnarajapura,K.G.Mahadevapura,84,200301005025,Bengaluru Urban,Bangalore_East_KRPura1_Mahadevapura_Revenue_Map,Polygon,77.697716,12.988586,14
Bangalore East,Krishnarajapura,K.G.Mahadevapura,SETTLEMENT,200301005025,Bengaluru Urban,Bangalore_East_KRPura1_Mahadevapura_Revenue_Map,Polygon,77.686326,12.989161,28
Bangalore East,Krishnarajapura,K.G.Mahadevapura,12,200301005025,Bengaluru Urban,Bangalore_East_KRPura1_Mahadevapura_Revenue_Map,Polygon,77.690327,12.989341,12
Bangalore East,Krishnarajapura,K.G.Mahadevapura,11,200301005025,Bengaluru Urban,Bangalore_East_KRPura1_Mahadevapura_Revenue_Map,Polygon,77.691133,12.989514,111
Bangalore East,Krishnarajapura,K.G.Mahadevapura,27,200301005025,Bengaluru Urban,Bangalore_East_KRPura1_Mahadevapura_Revenue_Map,Polygon,77.691263,12.989449,105
Bangalore East,Krishnarajapura,K.G.Mahadevapura,STREAM,200301005025,Bengaluru Urban,Bangalore_East_KRPura1_Mahadevapura_Revenue_Map,Polygon,77.69119,12.989482,207
Bangalore East,Krishnarajapura,K.G.Mahadevapura,77,200301005025,Bengaluru Urban,Bangalore_East_KRPura1_Mahadevapura_Revenue_Map,Polygon,77.703541,12.988481,15
Bangalore East,Krishnarajapura,K.G.Mahadevapura,ROAD,200301005025,Bengaluru Urban,Bangalore_East_KRPura1_Mahadevapura_Revenue_Map,Polygon,77.68831,12.989147,19
Bangalore East,Krishnarajapura,K.G.Mahadevapura,ROAD,200301005025,Bengaluru Urban,Bangalore_East_KRPura1_Mahadevapura_Revenue_Map,Polygon,77.701332,12.989007,13
Bangalore East,Krishnarajapura,K.G.Mahadevapura,11,200301005025,Bengaluru Urban,Bangalore_East_KRPura1_Mahadevapura_Revenue_Map,Polygon,77.691047,12.988872,13
Bangalore East,Krishnarajapura,K.G.Mahadevapura,7_TANK,200301005025,Bengaluru Urban,Bangalore_East_KRPura1_Mahadevapura_Revenue_Map,Polygon,77.692477,12.986892,42
Bangalore East,Krishnarajapura,K.G.Mahadevapura,90,200301005025,Bengaluru Urban,Bangalore_East_KRPura1_Mahadevapura_Revenue_Map,Polygon,77.700771,12.988597,9
Bangalore East,Krishnarajapura,K.G.Mahadevapura,2,200301005025,Bengaluru Urban,Bangalore_East_KRPura1_Mahadevapura_Revenue_Map,Polygon,77.687847,12.988951,13
Bangalore East,Krishnarajapura,K.G.Mahadevapura,10,200301005025,Bengaluru Urban,Bangalore_East_KRPura1_Mahadevapura_Revenue_Map,Polygon,77.689653,12.988929,13
Bangalore East,Krishnarajapura,K.G.Mahadevapura,87,200301005025,Bengaluru Urban,Bangalore_East_KRPura1_Mahadevapura_Revenue_Map,Polygon,77.699162,12.987882,15
Bangalore East,Krishnarajapura,K.G.Mahadevapura,3,200301005025,Bengaluru Urban,Bangalore_East_KRPura1_Mahadevapura_Revenue_Map,Polygon,77.689052,12.98802,15
Bangalore East,Krishnarajapura,K.G.Mahadevapura,175,200301005025,Bengaluru Urban,Bangalore_East_KRPura1_Mahadevapura_Revenue_Map,Polygon,77.685029,12.988879,6
Bangalore East,Krishnarajapura,K.G.Mahadevapura,91,200301005025,Bengaluru Urban,Bangalore_East_KRPura1_Mahadevapura_Revenue_Map,Polygon,77.702216,12.988314,10
Bangalore East,Krishnarajapura,K.G.Mahadevapura,ROAD,200301005025,Bengaluru Urban,Bangalore_East_KRPura1_Mahadevapura_Revenue_Map,Polygon,77.683436,12.988739,28
Bangalore East,Krishnarajapura,K.G.Mahadevapura,9,200301005025,Bengaluru Urban,Bangalore_East_KRPura1_Mahadevapura_Revenue_Map,Polygon,77.690019,12.988452,13
Bangalore East,Krishnarajapura,K.G.Mahadevapura,162,200301005025,Bengaluru Urban,Bangalore_East_KRPura1_Mahadevapura_Revenue_Map,Polygon,77.683794,12.988196,10
Bangalore East,Krishnarajapura,K.G.Mahadevapura,158,200301005025,Bengaluru Urban,Bangalore_East_KRPura1_Mahadevapura_Revenue_Map,Polygon,77.686883,12.988151,14
Bangalore East,Krishnarajapura,K.G.Mahadevapura,171,200301005025,Bengaluru Urban,Bangalore_East_KRPura1_Mahadevapura_Revenue_Map,Polygon,77.680966,12.988121,16
Bangalore East,Krishnarajapura,K.G.Mahadevapura,163,200301005025,Bengaluru Urban,Bangalore_East_KRPura1_Mahadevapura_Revenue_Map,Polygon,77.682629,12.987992,9
Bangalore East,Krishnarajapura,K.G.Mahadevapura,161,200301005025,Bengaluru Urban,Bangalore_East_KRPura1_Mahadevapura_Revenue_Map,Polygon,77.685069,12.988023,11
Bangalore East,Krishnarajapura,K.G.Mahadevapura,ROAD,200301005025,Bengaluru Urban,Bangalore_East_KRPura1_Mahadevapura_Revenue_Map,Polygon,77.688184,12.987976,16
Bangalore East,Krishnarajapura,K.G.Mahadevapura,34,200301005025,Bengaluru Urban,Bangalore_East_KRPura1_Mahadevapura_Revenue_Map,Polygon,77.694867,12.98827,12
Bangalore East,Krishnarajapura,K.G.Mahadevapura,160,200301005025,Bengaluru Urban,Bangalore_East_KRPura1_Mahadevapura_Revenue_Map,Polygon,77.685474,12.986949,28
Bangalore East,Krishnarajapura,K.G.Mahadevapura,8,200301005025,Bengaluru Urban,Bangalore_East_KRPura1_Mahadevapura_Revenue_Map,Polygon,77.690598,12.98828,12
Bangalore East,Krishnarajapura,K.G.Mahadevapura,ROAD,200301005025,Bengaluru Urban,Bangalore_East_KRPura1_Mahadevapura_Revenue_Map,Polygon,77.704304,12.988376,9
Bangalore East,Krishnarajapura,K.G.Mahadevapura,159,200301005025,Bengaluru Urban,Bangalore_East_KRPura1_Mahadevapura_Revenue_Map,Polygon,77.686111,12.987788,13
Bangalore East,Krishnarajapura,K.G.Mahadevapura,153,200301005025,Bengaluru Urban,Bangalore_East_KRPura1_Mahadevapura_Revenue_Map,Polygon,77.687583,12.98727,9
Bangalore East,Krishnarajapura,K.G.Mahadevapura,38,200301005025,Bengaluru Urban,Bangalore_East_KRPura1_Mahadevapura_Revenue_Map,Polygon,77.69601,12.987794,20
Bangalore East,Krishnarajapura,K.G.Mahadevapura,152,200301005025,Bengaluru Urban,Bangalore_East_KRPura1_Mahadevapura_Revenue_Map,Polygon,77.688396,12.987153,8
Bangalore East,Krishnarajapura,K.G.Mahadevapura,4,200301005025,Bengaluru Urban,Bangalore_East_KRPura1_Mahadevapura_Revenue_Map,Polygon,77.689488,12.98751,14
Bangalore East,Krishnarajapura,K.G.Mahadevapura,89,200301005025,Bengaluru Urban,Bangalore_East_KRPura1_Mahadevapura_Revenue_Map,Polygon,77.700299,12.987358,8
Bangalore East,Krishnarajapura,K.G.Mahadevapura,93,200301005025,Bengaluru Urban,Bangalore_East_KRPura1_Mahadevapura_Revenue_Map,Polygon,77.70344,12.987284,15
Bangalore East,Krishnarajapura,K.G.Mahadevapura,39,200301005025,Bengaluru Urban,Bangalore_East_KRPura1_Mahadevapura_Revenue_Map,Polygon,77.696041,12.987942,7
Bangalore East,Krishnarajapura,K.G.Mahadevapura,5,200301005025,Bengaluru Urban,Bangalore_East_KRPura1_Mahadevapura_Revenue_Map,Polygon,77.689971,12.987333,14
Bangalore East,Krishnarajapura,K.G.Mahadevapura,35,200301005025,Bengaluru Urban,Bangalore_East_KRPura1_Mahadevapura_Revenue_Map,Polygon,77.69483,12.987527,13
Bangalore East,Krishnarajapura,K.G.Mahadevapura,92,200301005025,Bengaluru Urban,Bangalore_East_KRPura1_Mahadevapura_Revenue_Map,Polygon,77.702189,12.987168,9
Bangalore East,Krishnarajapura,K.G.Mahadevapura,85,200301005025,Bengaluru Urban,Bangalore_East_KRPura1_Mahadevapura_Revenue_Map,Polygon,77.697042,12.987594,5
Bangalore East,Krishnarajapura,K.G.Mahadevapura,86_TANK,200301005025,Bengaluru Urban,Bangalore_East_KRPura1_Mahadevapura_Revenue_Map,Polygon,77.698008,12.986813,18
Bangalore East,Krishnarajapura,K.G.Mahadevapura,164,200301005025,Bengaluru Urban,Bangalore_East_KRPura1_Mahadevapura_Revenue_Map,Polygon,77.683575,12.986759,7
Bangalore East,Krishnarajapura,K.G.Mahadevapura,6,200301005025,Bengaluru Urban,Bangalore_East_KRPura1_Mahadevapura_Revenue_Map,Polygon,77.690207,12.986937,7
Bangalore East,Krishnarajapura,K.G.Mahadevapura,88,200301005025,Bengaluru Urban,Bangalore_East_KRPura1_Mahadevapura_Revenue_Map,Polygon,77.699402,12.987061,7
Bangalore East,Krishnarajapura,K.G.Mahadevapura,36,200301005025,Bengaluru Urban,Bangalore_East_KRPura1_Mahadevapura_Revenue_Map,Polygon,77.69377,12.98687,5
Bangalore East,Krishnarajapura,K.G.Mahadevapura,STREAM,200301005025,Bengaluru Urban,Bangalore_East_KRPura1_Mahadevapura_Revenue_Map,Polygon,77.696347,12.986992,9
Bangalore East,Krishnarajapura,K.G.Mahadevapura,37,200301005025,Bengaluru Urban,Bangalore_East_KRPura1_Mahadevapura_Revenue_Map,Polygon,77.694581,12.986368,13
Bangalore East,Krishnarajapura,K.G.Mahadevapura,102,200301005025,Bengaluru Urban,Bangalore_East_KRPura1_Mahadevapura_Revenue_Map,Polygon,77.696915,12.986745,6
Bangalore East,Krishnarajapura,K.G.Mahadevapura,STREAM,200301005025,Bengaluru Urban,Bangalore_East_KRPura1_Mahadevapura_Revenue_Map,Polygon,77.700046,12.986661,14
Bangalore East,Krishnarajapura,K.G.Mahadevapura,165,200301005025,Bengaluru Urban,Bangalore_East_KRPura1_Mahadevapura_Revenue_Map,Polygon,77.684795,12.986361,10
Bangalore East,Krishnarajapura,K.G.Mahadevapura,103,200301005025,Bengaluru Urban,Bangalore_East_KRPura1_Mahadevapura_Revenue_Map,Polygon,77.69613,12.986358,8
Bangalore East,Krishnarajapura,K.G.Mahadevapura,157,200301005025,Bengaluru Urban,Bangalore_East_KRPura1_Mahadevapura_Revenue_Map,Polygon,77.686785,12.986314,9
Bangalore East,Krishnarajapura,K.G.Mahadevapura,170,200301005025,Bengaluru Urban,Bangalore_East_KRPura1_Mahadevapura_Revenue_Map,Polygon,77.681474,12.986315,14
Bangalore East,Krishnarajapura,K.G.Mahadevapura,94,200301005025,Bengaluru Urban,Bangalore_East_KRPura1_Mahadevapura_Revenue_Map,Polygon,77.703066,12.986024,14
Bangalore East,Krishnarajapura,K.G.Mahadevapura,97,200301005025,Bengaluru Urban,Bangalore_East_KRPura1_Mahadevapura_Revenue_Map,Polygon,77.699893,12.986221,8
Bangalore East,Krishnarajapura,K.G.Mahadevapura,104,200301005025,Bengaluru Urban,Bangalore_East_KRPura1_Mahadevapura_Revenue_Map,Polygon,77.695364,12.986194,15
Bangalore East,Krishnarajapura,K.G.Mahadevapura,98,200301005025,Bengaluru Urban,Bangalore_East_KRPura1_Mahadevapura_Revenue_Map,Polygon,77.698742,12.986291,12
Bangalore East,Krishnarajapura,K.G.Mahadevapura,115,200301005025,Bengaluru Urban,Bangalore_East_KRPura1_Mahadevapura_Revenue_Map,Polygon,77.69111,12.986263,9
Bangalore East,Krishnarajapura,K.G.Mahadevapura,96,200301005025,Bengaluru Urban,Bangalore_East_KRPura1_Mahadevapura_Revenue_Map,Polygon,77.700464,12.985725,9
Bangalore East,Krishnarajapura,K.G.Mahadevapura,169,200301005025,Bengaluru Urban,Bangalore_East_KRPura1_Mahadevapura_Revenue_Map,Polygon,77.682421,12.985112,15
Bangalore East,Krishnarajapura,K.G.Mahadevapura,95,200301005025,Bengaluru Urban,Bangalore_East_KRPura1_Mahadevapura_Revenue_Map,Polygon,77.70143,12.985555,9
Bangalore East,Krishnarajapura,K.G.Mahadevapura,117,200301005025,Bengaluru Urban,Bangalore_East_KRPura1_Mahadevapura_Revenue_Map,Polygon,77.690535,12.986042,7
Bangalore East,Krishnarajapura,K.G.Mahadevapura,114,200301005025,Bengaluru Urban,Bangalore_East_KRPura1_Mahadevapura_Revenue_Map,Polygon,77.692352,12.985755,11
Bangalore East,Krishnarajapura,K.G.Mahadevapura,STREAM,200301005025,Bengaluru Urban,Bangalore_East_KRPura1_Mahadevapura_Revenue_Map,Polygon,77.689332,12.984125,41
Bangalore East,Krishnarajapura,K.G.Mahadevapura,116,200301005025,Bengaluru Urban,Bangalore_East_KRPura1_Mahadevapura_Revenue_Map,Polygon,77.691201,12.985847,11
Bangalore East,Krishnarajapura,K.G.Mahadevapura,166,200301005025,Bengaluru Urban,Bangalore_East_KRPura1_Mahadevapura_Revenue_Map,Polygon,77.684075,12.985527,7
Bangalore East,Krishnarajapura,K.G.Mahadevapura,101,200301005025,Bengaluru Urban,Bangalore_East_KRPura1_Mahadevapura_Revenue_Map,Polygon,77.696509,12.985683,17
Bangalore East,Krishnarajapura,K.G.Mahadevapura,156,200301005025,Bengaluru Urban,Bangalore_East_KRPura1_Mahadevapura_Revenue_Map,Polygon,77.686089,12.985809,1048
Bangalore East,Krishnarajapura,K.G.Mahadevapura,118,200301005025,Bengaluru Urban,Bangalore_East_KRPura1_Mahadevapura_Revenue_Map,Polygon,77.690025,12.985932,5
Bangalore East,Krishnarajapura,K.G.Mahadevapura,151,200301005025,Bengaluru Urban,Bangalore_East_KRPura1_Mahadevapura_Revenue_Map,Polygon,77.68845,12.985091,8
Bangalore East,Krishnarajapura,K.G.Mahadevapura,STREAM,200301005025,Bengaluru Urban,Bangalore_East_KRPura1_Mahadevapura_Revenue_Map,Polygon,77.686059,12.985765,2082
Bangalore East,Krishnarajapura,K.G.Mahadevapura,STREAM,200301005025,Bengaluru Urban,Bangalore_East_KRPura1_Mahadevapura_Revenue_Map,Polygon,77.685375,12.986076,12
Bangalore East,Krishnarajapura,K.G.Mahadevapura,156,200301005025,Bengaluru Urban,Bangalore_East_KRPura1_Mahadevapura_Revenue_Map,Polygon,77.686025,12.985719,1047
Bangalore East,Krishnarajapura,K.G.Mahadevapura,99,200301005025,Bengaluru Urban,Bangalore_East_KRPura1_Mahadevapura_Revenue_Map,Polygon,77.69877,12.98549,9
Bangalore East,Krishnarajapura,K.G.Mahadevapura,100,200301005025,Bengaluru Urban,Bangalore_East_KRPura1_Mahadevapura_Revenue_Map,Polygon,77.697549,12.985412,11
Bangalore East,Krishnarajapura,K.G.Mahadevapura,119,200301005025,Bengaluru Urban,Bangalore_East_KRPura1_Mahadevapura_Revenue_Map,Polygon,77.689845,12.984818,12
Bangalore East,Krishnarajapura,K.G.Mahadevapura,105,200301005025,Bengaluru Urban,Bangalore_East_KRPura1_Mahadevapura_Revenue_Map,Polygon,77.695042,12.985426,10
Bangalore East,Krishnarajapura,K.G.Mahadevapura,123,200301005025,Bengaluru Urban,Bangalore_East_KRPura1_Mahadevapura_Revenue_Map,Polygon,77.690472,12.984945,9
Bangalore East,Krishnarajapura,K.G.Mahadevapura,113,200301005025,Bengaluru Urban,Bangalore_East_KRPura1_Mahadevapura_Revenue_Map,Polygon,77.692817,12.985249,9
Bangalore East,Krishnarajapura,K.G.Mahadevapura,ROAD,200301005025,Bengaluru Urban,Bangalore_East_KRPura1_Mahadevapura_Revenue_Map,Polygon,77.68371,12.985265,7
Bangalore East,Krishnarajapura,K.G.Mahadevapura,154,200301005025,Bengaluru Urban,Bangalore_East_KRPura1_Mahadevapura_Revenue_Map,Polygon,77.68695,12.984987,10
Bangalore East,Krishnarajapura,K.G.Mahadevapura,126,200301005025,Bengaluru Urban,Bangalore_East_KRPura1_Mahadevapura_Revenue_Map,Polygon,77.692249,12.98512,8
Bangalore East,Krishnarajapura,K.G.Mahadevapura,125,200301005025,Bengaluru Urban,Bangalore_East_KRPura1_Mahadevapura_Revenue_Map,Polygon,77.69124,12.984952,7
Bangalore East,Krishnarajapura,K.G.Mahadevapura,167,200301005025,Bengaluru Urban,Bangalore_East_KRPura1_Mahadevapura_Revenue_Map,Polygon,77.683469,12.98464,11
Bangalore East,Krishnarajapura,K.G.Mahadevapura,108,200301005025,Bengaluru Urban,Bangalore_East_KRPura1_Mahadevapura_Revenue_Map,Polygon,77.695822,12.984798,10
Bangalore East,Krishnarajapura,K.G.Mahadevapura,107,200301005025,Bengaluru Urban,Bangalore_East_KRPura1_Mahadevapura_Revenue_Map,Polygon,77.695365,12.985029,6
Bangalore East,Krishnarajapura,K.G.Mahadevapura,106,200301005025,Bengaluru Urban,Bangalore_East_KRPura1_Mahadevapura_Revenue_Map,Polygon,77.694665,12.984855,8
Bangalore East,Krishnarajapura,K.G.Mahadevapura,110,200301005025,Bengaluru Urban,Bangalore_East_KRPura1_Mahadevapura_Revenue_Map,Polygon,77.693861,12.984313,8
Bangalore East,Krishnarajapura,K.G.Mahadevapura,112,200301005025,Bengaluru Urban,Bangalore_East_KRPura1_Mahadevapura_Revenue_Map,Polygon,77.692522,12.983532,17
Bangalore East,Krishnarajapura,K.G.Mahadevapura,150,200301005025,Bengaluru Urban,Bangalore_East_KRPura1_Mahadevapura_Revenue_Map,Polygon,77.687984,12.984128,9
Bangalore East,Krishnarajapura,K.G.Mahadevapura,127,200301005025,Bengaluru Urban,Bangalore_East_KRPura1_Mahadevapura_Revenue_Map,Polygon,77.692104,12.984476,5
Bangalore East,Krishnarajapura,K.G.Mahadevapura,PALYA,200301005025,Bengaluru Urban,Bangalore_East_KRPura1_Mahadevapura_Revenue_Map,Polygon,77.684525,12.984383,15
Bangalore East,Krishnarajapura,K.G.Mahadevapura,155,200301005025,Bengaluru Urban,Bangalore_East_KRPura1_Mahadevapura_Revenue_Map,Polygon,77.685949,12.984451,10
Bangalore East,Krishnarajapura,K.G.Mahadevapura,109,200301005025,Bengaluru Urban,Bangalore_East_KRPura1_Mahadevapura_Revenue_Map,Polygon,77.694801,12.984251,7
Bangalore East,Krishnarajapura,K.G.Mahadevapura,122,200301005025,Bengaluru Urban,Bangalore_East_KRPura1_Mahadevapura_Revenue_Map,Polygon,77.690102,12.984378,9
Bangalore East,Krishnarajapura,K.G.Mahadevapura,124,200301005025,Bengaluru Urban,Bangalore_East_KRPura1_Mahadevapura_Revenue_Map,Polygon,77.690842,12.984267,6
Bangalore East,Krishnarajapura,K.G.Mahadevapura,ROAD,200301005025,Bengaluru Urban,Bangalore_East_KRPura1_Mahadevapura_Revenue_Map,Polygon,77.685524,12.984296,7
Bangalore East,Krishnarajapura,K.G.Mahadevapura,149,200301005025,Bengaluru Urban,Bangalore_East_KRPura1_Mahadevapura_Revenue_Map,Polygon,77.688738,12.984009,7
Bangalore East,Krishnarajapura,K.G.Mahadevapura,STREAM,200301005025,Bengaluru Urban,Bangalore_East_KRPura1_Mahadevapura_Revenue_Map,Polygon,77.686803,12.983967,15
Bangalore East,Krishnarajapura,K.G.Mahadevapura,141,200301005025,Bengaluru Urban,Bangalore_East_KRPura1_Mahadevapura_Revenue_Map,Polygon,77.688377,12.983381,413
Bangalore East,Krishnarajapura,K.G.Mahadevapura,128,200301005025,Bengaluru Urban,Bangalore_East_KRPura1_Mahadevapura_Revenue_Map,Polygon,77.691782,12.984051,5
Bangalore East,Krishnarajapura,K.G.Mahadevapura,168,200301005025,Bengaluru Urban,Bangalore_East_KRPura1_Mahadevapura_Revenue_Map,Polygon,77.682816,12.983534,17
Bangalore East,Krishnarajapura,K.G.Mahadevapura,121,200301005025,Bengaluru Urban,Bangalore_East_KRPura1_Mahadevapura_Revenue_Map,Polygon,77.689991,12.984006,5
Bangalore East,Krishnarajapura,K.G.Mahadevapura,131,200301005025,Bengaluru Urban,Bangalore_East_KRPura1_Mahadevapura_Revenue_Map,Polygon,77.69091,12.983486,15
Bangalore East,Krishnarajapura,K.G.Mahadevapura,111,200301005025,Bengaluru Urban,Bangalore_East_KRPura1_Mahadevapura_Revenue_Map,Polygon,77.69345,12.983822,7
Bangalore East,Krishnarajapura,K.G.Mahadevapura,120,200301005025,Bengaluru Urban,Bangalore_East_KRPura1_Mahadevapura_Revenue_Map,Polygon,77.689941,12.983868,6
Bangalore East,Krishnarajapura,K.G.Mahadevapura,139,200301005025,Bengaluru Urban,Bangalore_East_KRPura1_Mahadevapura_Revenue_Map,Polygon,77.685948,12.982694,14
Bangalore East,Krishnarajapura,K.G.Mahadevapura,129,200301005025,Bengaluru Urban,Bangalore_East_KRPura1_Mahadevapura_Revenue_Map,Polygon,77.691831,12.983735,6
Bangalore East,Krishnarajapura,K.G.Mahadevapura,148,200301005025,Bengaluru Urban,Bangalore_East_KRPura1_Mahadevapura_Revenue_Map,Polygon,77.689031,12.983647,427
Bangalore East,Krishnarajapura,K.G.Mahadevapura,STREAM,200301005025,Bengaluru Urban,Bangalore_East_KRPura1_Mahadevapura_Revenue_Map,Polygon,77.689058,12.983591,1003
Bangalore East,Krishnarajapura,K.G.Mahadevapura,148,200301005025,Bengaluru Urban,Bangalore_East_KRPura1_Mahadevapura_Revenue_Map,Polygon,77.68908,12.98355,584
Bangalore East,Krishnarajapura,K.G.Mahadevapura,140,200301005025,Bengaluru Urban,Bangalore_East_KRPura1_Mahadevapura_Revenue_Map,Polygon,77.686302,12.983073,10
Bangalore East,Krishnarajapura,K.G.Mahadevapura,147,200301005025,Bengaluru Urban,Bangalore_East_KRPura1_Mahadevapura_Revenue_Map,Polygon,77.689835,12.983625,5
Bangalore East,Krishnarajapura,K.G.Mahadevapura,141,200301005025,Bengaluru Urban,Bangalore_East_KRPura1_Mahadevapura_Revenue_Map,Polygon,77.68852,12.98349,407
Bangalore East,Krishnarajapura,K.G.Mahadevapura,146,200301005025,Bengaluru Urban,Bangalore_East_KRPura1_Mahadevapura_Revenue_Map,Polygon,77.689588,12.983263,8
Bangalore East,Krishnarajapura,K.G.Mahadevapura,130,200301005025,Bengaluru Urban,Bangalore_East_KRPura1_Mahadevapura_Revenue_Map,Polygon,77.691475,12.983216,6
Bangalore East,Krishnarajapura,K.G.Mahadevapura,STREAM,200301005025,Bengaluru Urban,Bangalore_East_KRPura1_Mahadevapura_Revenue_Map,Polygon,77.688488,12.983432,797
Bangalore East,Krishnarajapura,K.G.Mahadevapura,ROAD,200301005025,Bengaluru Urban,Bangalore_East_KRPura1_Mahadevapura_Revenue_Map,Polygon,77.683955,12.982951,11
Bangalore East,Krishnarajapura,K.G.Mahadevapura,132,200301005025,Bengaluru Urban,Bangalore_East_KRPura1_Mahadevapura_Revenue_Map,Polygon,77.690644,12.983263,5
Bangalore East,Krishnarajapura,K.G.Mahadevapura,133,200301005025,Bengaluru Urban,Bangalore_East_KRPura1_Mahadevapura_Revenue_Map,Polygon,77.690612,12.983137,5
Bangalore East,Krishnarajapura,K.G.Mahadevapura,134,200301005025,Bengaluru Urban,Bangalore_East_KRPura1_Mahadevapura_Revenue_Map,Polygon,77.69068,12.982989,6
Bangalore East,Krishnarajapura,K.G.Mahadevapura,135,200301005025,Bengaluru Urban,Bangalore_East_KRPura1_Mahadevapura_Revenue_Map,Polygon,77.691069,12.982533,12
Bangalore East,Krishnarajapura,K.G.Mahadevapura,145,200301005025,Bengaluru Urban,Bangalore_East_KRPura1_Mahadevapura_Revenue_Map,Polygon,77.689317,12.982504,7
Bangalore East,Krishnarajapura,K.G.Mahadevapura,142,200301005025,Bengaluru Urban,Bangalore_East_KRPura1_Mahadevapura_Revenue_Map,Polygon,77.687054,12.982403,8
Bangalore East,Krishnarajapura,K.G.Mahadevapura,143,200301005025,Bengaluru Urban,Bangalore_East_KRPura1_Mahadevapura_Revenue_Map,Polygon,77.68784,12.98227,15
Bangalore East,Krishnarajapura,K.G.Mahadevapura,STREAM,200301005025,Bengaluru Urban,Bangalore_East_KRPura1_Mahadevapura_Revenue_Map,Polygon,77.685759,12.981892,14
Bangalore East,Krishnarajapura,K.G.Mahadevapura,144,200301005025,Bengaluru Urban,Bangalore_East_KRPura1_Mahadevapura_Revenue_Map,Polygon,77.689005,12.981887,10
Bangalore East,Krishnarajapura,K.G.Mahadevapura,136,200301005025,Bengaluru Urban,Bangalore_East_KRPura1_Mahadevapura_Revenue_Map,Polygon,77.6908,12.981715,7
Bangalore East,Krishnarajapura,K.G.Mahadevapura,138,200301005025,Bengaluru Urban,Bangalore_East_KRPura1_Mahadevapura_Revenue_Map,Polygon,77.687112,12.981367,13
Bangalore East,Krishnarajapura,K.G.Mahadevapura,137,200301005025,Bengaluru Urban,Bangalore_East_KRPura1_Mahadevapura_Revenue_Map,Polygon,77.688492,12.981313,14
Bangalore East,Krishnarajapura,K.G.Mahadevapura,137,200301005025,Bengaluru Urban,Bangalore_East_KRPura1_Mahadevapura_Revenue_Map,Polygon,77.690069,12.981143,4
Bangalore East,Krishnarajapura,K.G.Chinnappanahalli,45,200301005022,Bengaluru Urban,Bangalore_East_KRPura3_Chinnappanahalli_Revenue_Map,Polygon,77.710197,12.969663,18
Bangalore East,Krishnarajapura,K.G.Chinnappanahalli,16,200301005022,Bengaluru Urban,Bangalore_East_KRPura3_Chinnappanahalli_Revenue_Map,Polygon,77.709754,12.968471,28
Bangalore East,Krishnarajapura,K.G.Chinnappanahalli,17_TANK,200301005022,Bengaluru Urban,Bangalore_East_KRPura3_Chinnappanahalli_Revenue_Map,Polygon,77.708286,12.968845,12
Bangalore East,Krishnarajapura,K.G.Chinnappanahalli,18,200301005022,Bengaluru Urban,Bangalore_East_KRPura3_Chinnappanahalli_Revenue_Map,Polygon,77.706659,12.968919,15
Bangalore East,Krishnarajapura,K.G.Chinnappanahalli,19,200301005022,Bengaluru Urban,Bangalore_East_KRPura3_Chinnappanahalli_Revenue_Map,Polygon,77.70398,12.967084,19
Bangalore East,Krishnarajapura,K.G.Chinnappanahalli,20,200301005022,Bengaluru Urban,Bangalore_East_KRPura3_Chinnappanahalli_Revenue_Map,Polygon,77.705579,12.966491,16
Bangalore East,Krishnarajapura,K.G.Chinnappanahalli,15_TANK,200301005022,Bengaluru Urban,Bangalore_East_KRPura3_Chinnappanahalli_Revenue_Map,Polygon,77.707534,12.96604,15
Bangalore East,Krishnarajapura,K.G.Chinnappanahalli,44,200301005022,Bengaluru Urban,Bangalore_East_KRPura3_Chinnappanahalli_Revenue_Map,Polygon,77.709794,12.965934,21
Bangalore East,Krishnarajapura,K.G.Chinnappanahalli,25,200301005022,Bengaluru Urban,Bangalore_East_KRPura3_Chinnappanahalli_Revenue_Map,Polygon,77.702498,12.965404,11
Bangalore East,Krishnarajapura,K.G.Chinnappanahalli,34,200301005022,Bengaluru Urban,Bangalore_East_KRPura3_Chinnappanahalli_Revenue_Map,Polygon,77.703531,12.965013,13
Bangalore East,Krishnarajapura,K.G.Chinnappanahalli,43,200301005022,Bengaluru Urban,Bangalore_East_KRPura3_Chinnappanahalli_Revenue_Map,Polygon,77.71001,12.96426,23
Bangalore East,Krishnarajapura,K.G.Chinnappanahalli,14,200301005022,Bengaluru Urban,Bangalore_East_KRPura3_Chinnappanahalli_Revenue_Map,Polygon,77.706944,12.964995,7
Bangalore East,Krishnarajapura,K.G.Chinnappanahalli,21,200301005022,Bengaluru Urban,Bangalore_East_KRPura3_Chinnappanahalli_Revenue_Map,Polygon,77.70547,12.964107,21
Bangalore East,Krishnarajapura,K.G.Chinnappanahalli,13,200301005022,Bengaluru Urban,Bangalore_East_KRPura3_Chinnappanahalli_Revenue_Map,Polygon,77.706834,12.964571,7
Bangalore East,Krishnarajapura,K.G.Chinnappanahalli,12,200301005022,Bengaluru Urban,Bangalore_East_KRPura3_Chinnappanahalli_Revenue_Map,Polygon,77.707333,12.964327,6
Bangalore East,Krishnarajapura,K.G.Chinnappanahalli,26,200301005022,Bengaluru Urban,Bangalore_East_KRPura3_Chinnappanahalli_Revenue_Map,Polygon,77.701552,12.963799,13
Bangalore East,Krishnarajapura,K.G.Chinnappanahalli,42,200301005022,Bengaluru Urban,Bangalore_East_KRPura3_Chinnappanahalli_Revenue_Map,Polygon,77.711045,12.963463,25
Bangalore East,Krishnarajapura,K.G.Chinnappanahalli,11,200301005022,Bengaluru Urban,Bangalore_East_KRPura3_Chinnappanahalli_Revenue_Map,Polygon,77.707363,12.964198,5
Bangalore East,Krishnarajapura,K.G.Chinnappanahalli,10,200301005022,Bengaluru Urban,Bangalore_East_KRPura3_Chinnappanahalli_Revenue_Map,Polygon,77.707373,12.963993,5
Bangalore East,Krishnarajapura,K.G.Chinnappanahalli,9,200301005022,Bengaluru Urban,Bangalore_East_KRPura3_Chinnappanahalli_Revenue_Map,Polygon,77.707386,12.96376,5
Bangalore East,Krishnarajapura,K.G.Chinnappanahalli,8,200301005022,Bengaluru Urban,Bangalore_East_KRPura3_Chinnappanahalli_Revenue_Map,Polygon,77.707194,12.96348,7
Bangalore East,Krishnarajapura,K.G.Chinnappanahalli,7,200301005022,Bengaluru Urban,Bangalore_East_KRPura3_Chinnappanahalli_Revenue_Map,Polygon,77.707412,12.963357,7
Bangalore East,Krishnarajapura,K.G.Chinnappanahalli,23,200301005022,Bengaluru Urban,Bangalore_East_KRPura3_Chinnappanahalli_Revenue_Map,Polygon,77.703466,12.96239,16
Bangalore East,Krishnarajapura,K.G.Chinnappanahalli,22,200301005022,Bengaluru Urban,Bangalore_East_KRPura3_Chinnappanahalli_Revenue_Map,Polygon,77.705326,12.962374,17
Bangalore East,Krishnarajapura,K.G.Chinnappanahalli,6,200301005022,Bengaluru Urban,Bangalore_East_KRPura3_Chinnappanahalli_Revenue_Map,Polygon,77.707382,12.963198,10
Bangalore East,Krishnarajapura,K.G.Chinnappanahalli,28,200301005022,Bengaluru Urban,Bangalore_East_KRPura3_Chinnappanahalli_Revenue_Map,Polygon,77.70038,12.962938,14
Bangalore East,Krishnarajapura,K.G.Chinnappanahalli,41,200301005022,Bengaluru Urban,Bangalore_East_KRPura3_Chinnappanahalli_Revenue_Map,Polygon,77.711946,12.962458,18
Bangalore East,Krishnarajapura,K.G.Chinnappanahalli,5,200301005022,Bengaluru Urban,Bangalore_East_KRPura3_Chinnappanahalli_Revenue_Map,Polygon,77.707737,12.963104,9
Bangalore East,Krishnarajapura,K.G.Chinnappanahalli,29,200301005022,Bengaluru Urban,Bangalore_East_KRPura3_Chinnappanahalli_Revenue_Map,Polygon,77.700087,12.96181,12
Bangalore East,Krishnarajapura,K.G.Chinnappanahalli,27,200301005022,Bengaluru Urban,Bangalore_East_KRPura3_Chinnappanahalli_Revenue_Map,Polygon,77.702,12.962475,9
Bangalore East,Krishnarajapura,K.G.Chinnappanahalli,4,200301005022,Bengaluru Urban,Bangalore_East_KRPura3_Chinnappanahalli_Revenue_Map,Polygon,77.707785,12.962723,11
Bangalore East,Krishnarajapura,K.G.Chinnappanahalli,SETTLEMENT_OLD,200301005022,Bengaluru Urban,Bangalore_East_KRPura3_Chinnappanahalli_Revenue_Map,Polygon,77.704389,12.961786,10
Bangalore East,Krishnarajapura,K.G.Chinnappanahalli,3,200301005022,Bengaluru Urban,Bangalore_East_KRPura3_Chinnappanahalli_Revenue_Map,Polygon,77.707708,12.962262,22
Bangalore East,Krishnarajapura,K.G.Chinnappanahalli,40,200301005022,Bengaluru Urban,Bangalore_East_KRPura3_Chinnappanahalli_Revenue_Map,Polygon,77.712635,12.961764,21
Bangalore East,Krishnarajapura,K.G.Chinnappanahalli,2,200301005022,Bengaluru Urban,Bangalore_East_KRPura3_Chinnappanahalli_Revenue_Map,Polygon,77.70732,12.961333,11
Bangalore East,Krishnarajapura,K.G.Chinnappanahalli,1,200301005022,Bengaluru Urban,Bangalore_East_KRPura3_Chinnappanahalli_Revenue_Map,Polygon,77.70688,12.960974,18
Bangalore East,Krishnarajapura,K.G.Chinnappanahalli,39,200301005022,Bengaluru Urban,Bangalore_East_KRPura3_Chinnappanahalli_Revenue_Map,Polygon,77.712921,12.960956,21
Bangalore East,Krishnarajapura,K.G.Chinnappanahalli,36,200301005022,Bengaluru Urban,Bangalore_East_KRPura3_Chinnappanahalli_Revenue_Map,Polygon,77.701251,12.960572,18
Bangalore East,Krishnarajapura,K.G.Chinnappanahalli,37,200301005022,Bengaluru Urban,Bangalore_East_KRPura3_Chinnappanahalli_Revenue_Map,Polygon,77.702364,12.96089,12
Bangalore East,Krishnarajapura,K.G.Chinnappanahalli,SETTLEMENT,200301005022,Bengaluru Urban,Bangalore_East_KRPura3_Chinnappanahalli_Revenue_Map,Polygon,77.705492,12.961093,13
Bangalore East,Krishnarajapura,K.G.Chinnappanahalli,38,200301005022,Bengaluru Urban,Bangalore_East_KRPura3_Chinnappanahalli_Revenue_Map,Polygon,77.70381,12.960956,21
Bangalore East,Krishnarajapura,K.G.Chinnappanahalli,30,200301005022,Bengaluru Urban,Bangalore_East_KRPura3_Chinnappanahalli_Revenue_Map,Polygon,77.699775,12.961031,11
Bangalore East,Krishnarajapura,K.G.Chinnappanahalli,31,200301005022,Bengaluru Urban,Bangalore_East_KRPura3_Chinnappanahalli_Revenue_Map,Polygon,77.700221,12.960313,10
Bangalore East,Krishnarajapura,K.G.Chinnappanahalli,32,200301005022,Bengaluru Urban,Bangalore_East_KRPura3_Chinnappanahalli_Revenue_Map,Polygon,77.700379,12.959957,11
Bangalore East,Krishnarajapura,K.G.Chinnappanahalli,33,200301005022,Bengaluru Urban,Bangalore_East_KRPura3_Chinnappanahalli_Revenue_Map,Polygon,77.700891,12.959372,20
Bangalore East,Krishnarajapura,K.G.Chinnappanahalli,35,200301005022,Bengaluru Urban,Bangalore_East_KRPura3_Chinnappanahalli_Revenue_Map,Polygon,77.701432,12.959019,6
Bangalore East,Krishnarajapura,K.G.Chinnappanahalli,34,200301005022,Bengaluru Urban,Bangalore_East_KRPura3_Chinnappanahalli_Revenue_Map,Polygon,77.700016,12.958809,12
Bangalore East,Krishnarajapura,J.I.Pattaduru Agrahara,ROAD,200301005018,Bengaluru Urban,Bangalore_East_KRPura3_PattanduruAgrahara_Revenue_Map,Polygon,77.752811,12.986731,139
Bangalore East,Krishnarajapura,J.I.Pattaduru Agrahara,20,200301005018,Bengaluru Urban,Bangalore_East_KRPura3_PattanduruAgrahara_Revenue_Map,Polygon,77.755592,12.989979,420
Bangalore East,Krishnarajapura,J.I.Pattaduru Agrahara,TANK,200301005018,Bengaluru Urban,Bangalore_East_KRPura3_PattanduruAgrahara_Revenue_Map,Polygon,77.755568,12.990017,469
Bangalore East,Krishnarajapura,J.I.Pattaduru Agrahara,22,200301005018,Bengaluru Urban,Bangalore_East_KRPura3_PattanduruAgrahara_Revenue_Map,Polygon,77.756626,12.988949,29
Bangalore East,Krishnarajapura,J.I.Pattaduru Agrahara,23,200301005018,Bengaluru Urban,Bangalore_East_KRPura3_PattanduruAgrahara_Revenue_Map,Polygon,77.757317,12.988968,141
Bangalore East,Krishnarajapura,J.I.Pattaduru Agrahara,STREAM,200301005018,Bengaluru Urban,Bangalore_East_KRPura3_PattanduruAgrahara_Revenue_Map,Polygon,77.756823,12.989138,22
Bangalore East,Krishnarajapura,J.I.Pattaduru Agrahara,STREAM,200301005018,Bengaluru Urban,Bangalore_East_KRPura3_PattanduruAgrahara_Revenue_Map,Polygon,77.757293,12.988903,277
Bangalore East,Krishnarajapura,J.I.Pattaduru Agrahara,23,200301005018,Bengaluru Urban,Bangalore_East_KRPura3_PattanduruAgrahara_Revenue_Map,Polygon,77.757258,12.988817,142
Bangalore East,Krishnarajapura,J.I.Pattaduru Agrahara,24,200301005018,Bengaluru Urban,Bangalore_East_KRPura3_PattanduruAgrahara_Revenue_Map,Polygon,77.758198,12.98859,128
Bangalore East,Krishnarajapura,J.I.Pattaduru Agrahara,STREAM,200301005018,Bengaluru Urban,Bangalore_East_KRPura3_PattanduruAgrahara_Revenue_Map,Polygon,77.758169,12.98852,248
Bangalore East,Krishnarajapura,J.I.Pattaduru Agrahara,24,200301005018,Bengaluru Urban,Bangalore_East_KRPura3_PattanduruAgrahara_Revenue_Map,Polygon,77.758126,12.98841,127
Bangalore East,Krishnarajapura,J.I.Pattaduru Agrahara,21,200301005018,Bengaluru Urban,Bangalore_East_KRPura3_PattanduruAgrahara_Revenue_Map,Polygon,77.755124,12.988193,8
Bangalore East,Krishnarajapura,J.I.Pattaduru Agrahara,25,200301005018,Bengaluru Urban,Bangalore_East_KRPura3_PattanduruAgrahara_Revenue_Map,Polygon,77.758953,12.988301,104
Bangalore East,Krishnarajapura,J.I.Pattaduru Agrahara,STREAM,200301005018,Bengaluru Urban,Bangalore_East_KRPura3_PattanduruAgrahara_Revenue_Map,Polygon,77.758926,12.988224,202
Bangalore East,Krishnarajapura,J.I.Pattaduru Agrahara,25,200301005018,Bengaluru Urban,Bangalore_East_KRPura3_PattanduruAgrahara_Revenue_Map,Polygon,77.758857,12.988059,108
Bangalore East,Krishnarajapura,J.I.Pattaduru Agrahara,26,200301005018,Bengaluru Urban,Bangalore_East_KRPura3_PattanduruAgrahara_Revenue_Map,Polygon,77.75946,12.988109,54
Bangalore East,Krishnarajapura,J.I.Pattaduru Agrahara,STREAM,200301005018,Bengaluru Urban,Bangalore_East_KRPura3_PattanduruAgrahara_Revenue_Map,Polygon,77.75944,12.988042,102
Bangalore East,Krishnarajapura,J.I.Pattaduru Agrahara,26,200301005018,Bengaluru Urban,Bangalore_East_KRPura3_PattanduruAgrahara_Revenue_Map,Polygon,77.759328,12.987755,58
Bangalore East,Krishnarajapura,J.I.Pattaduru Agrahara,28,200301005018,Bengaluru Urban,Bangalore_East_KRPura3_PattanduruAgrahara_Revenue_Map,Polygon,77.754713,12.987357,8
Bangalore East,Krishnarajapura,J.I.Pattaduru Agrahara,159,200301005018,Bengaluru Urban,Bangalore_East_KRPura3_PattanduruAgrahara_Revenue_Map,Polygon,77.745168,12.986451,13
Bangalore East,Krishnarajapura,J.I.Pattaduru Agrahara,27,200301005018,Bengaluru Urban,Bangalore_East_KRPura3_PattanduruAgrahara_Revenue_Map,Polygon,77.756819,12.986369,10
Bangalore East,Krishnarajapura,J.I.Pattaduru Agrahara,150,200301005018,Bengaluru Urban,Bangalore_East_KRPura3_PattanduruAgrahara_Revenue_Map,Polygon,77.753196,12.987206,8
Bangalore East,Krishnarajapura,J.I.Pattaduru Agrahara,134,200301005018,Bengaluru Urban,Bangalore_East_KRPura3_PattanduruAgrahara_Revenue_Map,Polygon,77.7402,12.98693,12
Bangalore East,Krishnarajapura,J.I.Pattaduru Agrahara,135,200301005018,Bengaluru Urban,Bangalore_East_KRPura3_PattanduruAgrahara_Revenue_Map,Polygon,77.74102,12.986663,7
Bangalore East,Krishnarajapura,J.I.Pattaduru Agrahara,136,200301005018,Bengaluru Urban,Bangalore_East_KRPura3_PattanduruAgrahara_Revenue_Map,Polygon,77.742305,12.986118,9
Bangalore East,Krishnarajapura,J.I.Pattaduru Agrahara,29,200301005018,Bengaluru Urban,Bangalore_East_KRPura3_PattanduruAgrahara_Revenue_Map,Polygon,77.755012,12.986393,6
Bangalore East,Krishnarajapura,J.I.Pattaduru Agrahara,14,200301005018,Bengaluru Urban,Bangalore_East_KRPura3_PattanduruAgrahara_Revenue_Map,Polygon,77.750975,12.985645,14
Bangalore East,Krishnarajapura,J.I.Pattaduru Agrahara,138,200301005018,Bengaluru Urban,Bangalore_East_KRPura3_PattanduruAgrahara_Revenue_Map,Polygon,77.743792,12.98533,8
Bangalore East,Krishnarajapura,J.I.Pattaduru Agrahara,119,200301005018,Bengaluru Urban,Bangalore_East_KRPura3_PattanduruAgrahara_Revenue_Map,Polygon,77.738953,12.985846,7
Bangalore East,Krishnarajapura,J.I.Pattaduru Agrahara,139,200301005018,Bengaluru Urban,Bangalore_East_KRPura3_PattanduruAgrahara_Revenue_Map,Polygon,77.745056,12.985829,5
Bangalore East,Krishnarajapura,J.I.Pattaduru Agrahara,32,200301005018,Bengaluru Urban,Bangalore_East_KRPura3_PattanduruAgrahara_Revenue_Map,Polygon,77.754638,12.985628,7
Bangalore East,Krishnarajapura,J.I.Pattaduru Agrahara,30,200301005018,Bengaluru Urban,Bangalore_East_KRPura3_PattanduruAgrahara_Revenue_Map,Polygon,77.756629,12.985316,8
Bangalore East,Krishnarajapura,J.I.Pattaduru Agrahara,118,200301005018,Bengaluru Urban,Bangalore_East_KRPura3_PattanduruAgrahara_Revenue_Map,Polygon,77.737659,12.985796,7
Bangalore East,Krishnarajapura,J.I.Pattaduru Agrahara,140,200301005018,Bengaluru Urban,Bangalore_East_KRPura3_PattanduruAgrahara_Revenue_Map,Polygon,77.74693,12.985198,6
Bangalore East,Krishnarajapura,J.I.Pattaduru Agrahara,114,200301005018,Bengaluru Urban,Bangalore_East_KRPura3_PattanduruAgrahara_Revenue_Map,Polygon,77.736559,12.984142,10
Bangalore East,Krishnarajapura,J.I.Pattaduru Agrahara,33,200301005018,Bengaluru Urban,Bangalore_East_KRPura3_PattanduruAgrahara_Revenue_Map,Polygon,77.754072,12.984895,9
Bangalore East,Krishnarajapura,J.I.Pattaduru Agrahara,107,200301005018,Bengaluru Urban,Bangalore_East_KRPura3_PattanduruAgrahara_Revenue_Map,Polygon,77.732635,12.983386,21
Bangalore East,Krishnarajapura,J.I.Pattaduru Agrahara,31,200301005018,Bengaluru Urban,Bangalore_East_KRPura3_PattanduruAgrahara_Revenue_Map,Polygon,77.756466,12.984577,9
Bangalore East,Krishnarajapura,J.I.Pattaduru Agrahara,13,200301005018,Bengaluru Urban,Bangalore_East_KRPura3_PattanduruAgrahara_Revenue_Map,Polygon,77.750387,12.983784,10
Bangalore East,Krishnarajapura,J.I.Pattaduru Agrahara,113,200301005018,Bengaluru Urban,Bangalore_East_KRPura3_PattanduruAgrahara_Revenue_Map,Polygon,77.735228,12.984214,7
Bangalore East,Krishnarajapura,J.I.Pattaduru Agrahara,137,200301005018,Bengaluru Urban,Bangalore_East_KRPura3_PattanduruAgrahara_Revenue_Map,Polygon,77.742669,12.984715,5
Bangalore East,Krishnarajapura,J.I.Pattaduru Agrahara,117,200301005018,Bengaluru Urban,Bangalore_East_KRPura3_PattanduruAgrahara_Revenue_Map,Polygon,77.738249,12.985019,6
Bangalore East,Krishnarajapura,J.I.Pattaduru Agrahara,142,200301005018,Bengaluru Urban,Bangalore_East_KRPura3_PattanduruAgrahara_Revenue_Map,Polygon,77.745084,12.984515,5
Bangalore East,Krishnarajapura,J.I.Pattaduru Agrahara,120,200301005018,Bengaluru Urban,Bangalore_East_KRPura3_PattanduruAgrahara_Revenue_Map,Polygon,77.739236,12.984399,7
Bangalore East,Krishnarajapura,J.I.Pattaduru Agrahara,133,200301005018,Bengaluru Urban,Bangalore_East_KRPura3_PattanduruAgrahara_Revenue_Map,Polygon,77.740255,12.984256,8
Bangalore East,Krishnarajapura,J.I.Pattaduru Agrahara,132,200301005018,Bengaluru Urban,Bangalore_East_KRPura3_PattanduruAgrahara_Revenue_Map,Polygon,77.742217,12.984356,8
Bangalore East,Krishnarajapura,J.I.Pattaduru Agrahara,11,200301005018,Bengaluru Urban,Bangalore_East_KRPura3_PattanduruAgrahara_Revenue_Map,Polygon,77.748595,12.983944,6
Bangalore East,Krishnarajapura,J.I.Pattaduru Agrahara,141,200301005018,Bengaluru Urban,Bangalore_East_KRPura3_PattanduruAgrahara_Revenue_Map,Polygon,77.747114,12.983687,9
Bangalore East,Krishnarajapura,J.I.Pattaduru Agrahara,35,200301005018,Bengaluru Urban,Bangalore_East_KRPura3_PattanduruAgrahara_Revenue_Map,Polygon,77.755539,12.983915,8
Bangalore East,Krishnarajapura,J.I.Pattaduru Agrahara,34,200301005018,Bengaluru Urban,Bangalore_East_KRPura3_PattanduruAgrahara_Revenue_Map,Polygon,77.753942,12.984117,8
Bangalore East,Krishnarajapura,J.I.Pattaduru Agrahara,116,200301005018,Bengaluru Urban,Bangalore_East_KRPura3_PattanduruAgrahara_Revenue_Map,Polygon,77.737978,12.983988,7
Bangalore East,Krishnarajapura,J.I.Pattaduru Agrahara,131,200301005018,Bengaluru Urban,Bangalore_East_KRPura3_PattanduruAgrahara_Revenue_Map,Polygon,77.741612,12.983755,7
Bangalore East,Krishnarajapura,J.I.Pattaduru Agrahara,36,200301005018,Bengaluru Urban,Bangalore_East_KRPura3_PattanduruAgrahara_Revenue_Map,Polygon,77.757336,12.983373,5
Bangalore East,Krishnarajapura,J.I.Pattaduru Agrahara,143,200301005018,Bengaluru Urban,Bangalore_East_KRPura3_PattanduruAgrahara_Revenue_Map,Polygon,77.744729,12.983416,9
Bangalore East,Krishnarajapura,J.I.Pattaduru Agrahara,163,200301005018,Bengaluru Urban,Bangalore_East_KRPura3_PattanduruAgrahara_Revenue_Map,Polygon,77.734139,12.983405,10
Bangalore East,Krishnarajapura,J.I.Pattaduru Agrahara,112,200301005018,Bengaluru Urban,Bangalore_East_KRPura3_PattanduruAgrahara_Revenue_Map,Polygon,77.735509,12.983635,7
Bangalore East,Krishnarajapura,J.I.Pattaduru Agrahara,12,200301005018,Bengaluru Urban,Bangalore_East_KRPura3_PattanduruAgrahara_Revenue_Map,Polygon,77.750742,12.983206,6
Bangalore East,Krishnarajapura,J.I.Pattaduru Agrahara,10,200301005018,Bengaluru Urban,Bangalore_East_KRPura3_PattanduruAgrahara_Revenue_Map,Polygon,77.748762,12.982949,10
Bangalore East,Krishnarajapura,J.I.Pattaduru Agrahara,130,200301005018,Bengaluru Urban,Bangalore_East_KRPura3_PattanduruAgrahara_Revenue_Map,Polygon,77.741009,12.983104,7
Bangalore East,Krishnarajapura,J.I.Pattaduru Agrahara,40,200301005018,Bengaluru Urban,Bangalore_East_KRPura3_PattanduruAgrahara_Revenue_Map,Polygon,77.752636,12.983348,271
Bangalore East,Krishnarajapura,J.I.Pattaduru Agrahara,39,200301005018,Bengaluru Urban,Bangalore_East_KRPura3_PattanduruAgrahara_Revenue_Map,Polygon,77.754226,12.982836,7
Bangalore East,Krishnarajapura,J.I.Pattaduru Agrahara,TANK,200301005018,Bengaluru Urban,Bangalore_East_KRPura3_PattanduruAgrahara_Revenue_Map,Polygon,77.752634,12.983355,265
Bangalore East,Krishnarajapura,J.I.Pattaduru Agrahara,121,200301005018,Bengaluru Urban,Bangalore_East_KRPura3_PattanduruAgrahara_Revenue_Map,Polygon,77.738928,12.982455,12
Bangalore East,Krishnarajapura,J.I.Pattaduru Agrahara,129,200301005018,Bengaluru Urban,Bangalore_East_KRPura3_PattanduruAgrahara_Revenue_Map,Polygon,77.743417,12.983024,6
Bangalore East,Krishnarajapura,J.I.Pattaduru Agrahara,115,200301005018,Bengaluru Urban,Bangalore_East_KRPura3_PattanduruAgrahara_Revenue_Map,Polygon,77.73799,12.982463,10
Bangalore East,Krishnarajapura,J.I.Pattaduru Agrahara,122,200301005018,Bengaluru Urban,Bangalore_East_KRPura3_PattanduruAgrahara_Revenue_Map,Polygon,77.740037,12.982636,8
Bangalore East,Krishnarajapura,J.I.Pattaduru Agrahara,144,200301005018,Bengaluru Urban,Bangalore_East_KRPura3_PattanduruAgrahara_Revenue_Map,Polygon,77.747128,12.982285,12
Bangalore East,Krishnarajapura,J.I.Pattaduru Agrahara,111,200301005018,Bengaluru Urban,Bangalore_East_KRPura3_PattanduruAgrahara_Revenue_Map,Polygon,77.73546,12.982538,7
Bangalore East,Krishnarajapura,J.I.Pattaduru Agrahara,6,200301005018,Bengaluru Urban,Bangalore_East_KRPura3_PattanduruAgrahara_Revenue_Map,Polygon,77.748811,12.98228,7
Bangalore East,Krishnarajapura,J.I.Pattaduru Agrahara,9,200301005018,Bengaluru Urban,Bangalore_East_KRPura3_PattanduruAgrahara_Revenue_Map,Polygon,77.751194,12.982386,7
Bangalore East,Krishnarajapura,J.I.Pattaduru Agrahara,38,200301005018,Bengaluru Urban,Bangalore_East_KRPura3_PattanduruAgrahara_Revenue_Map,Polygon,77.755932,12.982304,6
Bangalore East,Krishnarajapura,J.I.Pattaduru Agrahara,145,200301005018,Bengaluru Urban,Bangalore_East_KRPura3_PattanduruAgrahara_Revenue_Map,Polygon,77.744775,12.982166,8
Bangalore East,Krishnarajapura,J.I.Pattaduru Agrahara,41,200301005018,Bengaluru Urban,Bangalore_East_KRPura3_PattanduruAgrahara_Revenue_Map,Polygon,77.75286,12.981676,7
Bangalore East,Krishnarajapura,J.I.Pattaduru Agrahara,106,200301005018,Bengaluru Urban,Bangalore_East_KRPura3_PattanduruAgrahara_Revenue_Map,Polygon,77.731403,12.982341,7
Bangalore East,Krishnarajapura,J.I.Pattaduru Agrahara,128,200301005018,Bengaluru Urban,Bangalore_East_KRPura3_PattanduruAgrahara_Revenue_Map,Polygon,77.743036,12.982158,7
Bangalore East,Krishnarajapura,J.I.Pattaduru Agrahara,37,200301005018,Bengaluru Urban,Bangalore_East_KRPura3_PattanduruAgrahara_Revenue_Map,Polygon,77.757566,12.981657,9
Bangalore East,Krishnarajapura,J.I.Pattaduru Agrahara,123,200301005018,Bengaluru Urban,Bangalore_East_KRPura3_PattanduruAgrahara_Revenue_Map,Polygon,77.741,12.981162,589
Bangalore East,Krishnarajapura,J.I.Pattaduru Agrahara,110,200301005018,Bengaluru Urban,Bangalore_East_KRPura3_PattanduruAgrahara_Revenue_Map,Polygon,77.736947,12.981794,8
Bangalore East,Krishnarajapura,J.I.Pattaduru Agrahara,127,200301005018,Bengaluru Urban,Bangalore_East_KRPura3_PattanduruAgrahara_Revenue_Map,Polygon,77.743202,12.981228,8
Bangalore East,Krishnarajapura,J.I.Pattaduru Agrahara,109,200301005018,Bengaluru Urban,Bangalore_East_KRPura3_PattanduruAgrahara_Revenue_Map,Polygon,77.735168,12.981936,7
Bangalore East,Krishnarajapura,J.I.Pattaduru Agrahara,42,200301005018,Bengaluru Urban,Bangalore_East_KRPura3_PattanduruAgrahara_Revenue_Map,Polygon,77.754459,12.978351,44
Bangalore East,Krishnarajapura,J.I.Pattaduru Agrahara,7,200301005018,Bengaluru Urban,Bangalore_East_KRPura3_PattanduruAgrahara_Revenue_Map,Polygon,77.75083,12.981675,7
Bangalore East,Krishnarajapura,J.I.Pattaduru Agrahara,8,200301005018,Bengaluru Urban,Bangalore_East_KRPura3_PattanduruAgrahara_Revenue_Map,Polygon,77.751191,12.981831,5
Bangalore East,Krishnarajapura,J.I.Pattaduru Agrahara,105,200301005018,Bengaluru Urban,Bangalore_East_KRPura3_PattanduruAgrahara_Revenue_Map,Polygon,77.731006,12.981637,11
Bangalore East,Krishnarajapura,J.I.Pattaduru Agrahara,104,200301005018,Bengaluru Urban,Bangalore_East_KRPura3_PattanduruAgrahara_Revenue_Map,Polygon,77.73283,12.981339,9
Bangalore East,Krishnarajapura,J.I.Pattaduru Agrahara,124_TANK,200301005018,Bengaluru Urban,Bangalore_East_KRPura3_PattanduruAgrahara_Revenue_Map,Polygon,77.738657,12.980579,17
Bangalore East,Krishnarajapura,J.I.Pattaduru Agrahara,126,200301005018,Bengaluru Urban,Bangalore_East_KRPura3_PattanduruAgrahara_Revenue_Map,Polygon,77.741984,12.980426,16
Bangalore East,Krishnarajapura,J.I.Pattaduru Agrahara,TANK,200301005018,Bengaluru Urban,Bangalore_East_KRPura3_PattanduruAgrahara_Revenue_Map,Polygon,77.740799,12.981586,279
Bangalore East,Krishnarajapura,J.I.Pattaduru Agrahara,TANK,200301005018,Bengaluru Urban,Bangalore_East_KRPura3_PattanduruAgrahara_Revenue_Map,Polygon,77.747439,12.981536,6
Bangalore East,Krishnarajapura,J.I.Pattaduru Agrahara,ROAD,200301005018,Bengaluru Urban,Bangalore_East_KRPura3_PattanduruAgrahara_Revenue_Map,Polygon,77.734688,12.980067,25
Bangalore East,Krishnarajapura,J.I.Pattaduru Agrahara,146,200301005018,Bengaluru Urban,Bangalore_East_KRPura3_PattanduruAgrahara_Revenue_Map,Polygon,77.744577,12.980881,6
Bangalore East,Krishnarajapura,J.I.Pattaduru Agrahara,STREAM,200301005018,Bengaluru Urban,Bangalore_East_KRPura3_PattanduruAgrahara_Revenue_Map,Polygon,77.739987,12.981556,17
Bangalore East,Krishnarajapura,J.I.Pattaduru Agrahara,91,200301005018,Bengaluru Urban,Bangalore_East_KRPura3_PattanduruAgrahara_Revenue_Map,Polygon,77.747049,12.981069,11
Bangalore East,Krishnarajapura,J.I.Pattaduru Agrahara,XX,200301005018,Bengaluru Urban,Bangalore_East_KRPura3_PattanduruAgrahara_Revenue_Map,Polygon,77.748464,12.980849,380
Bangalore East,Krishnarajapura,J.I.Pattaduru Agrahara,108,200301005018,Bengaluru Urban,Bangalore_East_KRPura3_PattanduruAgrahara_Revenue_Map,Polygon,77.735103,12.980844,12
Bangalore East,Krishnarajapura,J.I.Pattaduru Agrahara,TANK,200301005018,Bengaluru Urban,Bangalore_East_KRPura3_PattanduruAgrahara_Revenue_Map,Polygon,77.748413,12.980922,356
Bangalore East,Krishnarajapura,J.I.Pattaduru Agrahara,103,200301005018,Bengaluru Urban,Bangalore_East_KRPura3_PattanduruAgrahara_Revenue_Map,Polygon,77.73197,12.98055,12
Bangalore East,Krishnarajapura,J.I.Pattaduru Agrahara,98,200301005018,Bengaluru Urban,Bangalore_East_KRPura3_PattanduruAgrahara_Revenue_Map,Polygon,77.730487,12.980277,8
Bangalore East,Krishnarajapura,J.I.Pattaduru Agrahara,HATTI,200301005018,Bengaluru Urban,Bangalore_East_KRPura3_PattanduruAgrahara_Revenue_Map,Polygon,77.735561,12.980202,7
Bangalore East,Krishnarajapura,J.I.Pattaduru Agrahara,102,200301005018,Bengaluru Urban,Bangalore_East_KRPura3_PattanduruAgrahara_Revenue_Map,Polygon,77.733191,12.980159,12
Bangalore East,Krishnarajapura,J.I.Pattaduru Agrahara,TANK,200301005018,Bengaluru Urban,Bangalore_East_KRPura3_PattanduruAgrahara_Revenue_Map,Polygon,77.741252,12.98071,282
Bangalore East,Krishnarajapura,J.I.Pattaduru Agrahara,147,200301005018,Bengaluru Urban,Bangalore_East_KRPura3_PattanduruAgrahara_Revenue_Map,Polygon,77.743776,12.979858,6
Bangalore East,Krishnarajapura,J.I.Pattaduru Agrahara,86,200301005018,Bengaluru Urban,Bangalore_East_KRPura3_PattanduruAgrahara_Revenue_Map,Polygon,77.735382,12.979565,16
Bangalore East,Krishnarajapura,J.I.Pattaduru Agrahara,125,200301005018,Bengaluru Urban,Bangalore_East_KRPura3_PattanduruAgrahara_Revenue_Map,Polygon,77.740709,12.980106,9
Bangalore East,Krishnarajapura,J.I.Pattaduru Agrahara,19,200301005018,Bengaluru Urban,Bangalore_East_KRPura3_PattanduruAgrahara_Revenue_Map,Polygon,77.746044,12.979428,10
Bangalore East,Krishnarajapura,J.I.Pattaduru Agrahara,SETTLEMENT,200301005018,Bengaluru Urban,Bangalore_East_KRPura3_PattanduruAgrahara_Revenue_Map,Polygon,77.747385,12.979777,8
Bangalore East,Krishnarajapura,J.I.Pattaduru Agrahara,1,200301005018,Bengaluru Urban,Bangalore_East_KRPura3_PattanduruAgrahara_Revenue_Map,Polygon,77.748433,12.978581,63
Bangalore East,Krishnarajapura,J.I.Pattaduru Agrahara,43,200301005018,Bengaluru Urban,Bangalore_East_KRPura3_PattanduruAgrahara_Revenue_Map,Polygon,77.752358,12.97932,10
Bangalore East,Krishnarajapura,J.I.Pattaduru Agrahara,82,200301005018,Bengaluru Urban,Bangalore_East_KRPura3_PattanduruAgrahara_Revenue_Map,Polygon,77.73686,12.979328,12
Bangalore East,Krishnarajapura,J.I.Pattaduru Agrahara,99,200301005018,Bengaluru Urban,Bangalore_East_KRPura3_PattanduruAgrahara_Revenue_Map,Polygon,77.731182,12.978805,213
Bangalore East,Krishnarajapura,J.I.Pattaduru Agrahara,87,200301005018,Bengaluru Urban,Bangalore_East_KRPura3_PattanduruAgrahara_Revenue_Map,Polygon,77.73568,12.979057,20
Bangalore East,Krishnarajapura,J.I.Pattaduru Agrahara,TANK,200301005018,Bengaluru Urban,Bangalore_East_KRPura3_PattanduruAgrahara_Revenue_Map,Polygon,77.748845,12.979751,10
Bangalore East,Krishnarajapura,J.I.Pattaduru Agrahara,68,200301005018,Bengaluru Urban,Bangalore_East_KRPura3_PattanduruAgrahara_Revenue_Map,Polygon,77.740907,12.979164,8
Bangalore East,Krishnarajapura,J.I.Pattaduru Agrahara,69,200301005018,Bengaluru Urban,Bangalore_East_KRPura3_PattanduruAgrahara_Revenue_Map,Polygon,77.740155,12.979123,7
Bangalore East,Krishnarajapura,J.I.Pattaduru Agrahara,81,200301005018,Bengaluru Urban,Bangalore_East_KRPura3_PattanduruAgrahara_Revenue_Map,Polygon,77.737809,12.97947,5
Bangalore East,Krishnarajapura,J.I.Pattaduru Agrahara,88,200301005018,Bengaluru Urban,Bangalore_East_KRPura3_PattanduruAgrahara_Revenue_Map,Polygon,77.735112,12.978906,17
Bangalore East,Krishnarajapura,J.I.Pattaduru Agrahara,148,200301005018,Bengaluru Urban,Bangalore_East_KRPura3_PattanduruAgrahara_Revenue_Map,Polygon,77.743965,12.978825,8
Bangalore East,Krishnarajapura,J.I.Pattaduru Agrahara,67,200301005018,Bengaluru Urban,Bangalore_East_KRPura3_PattanduruAgrahara_Revenue_Map,Polygon,77.742101,12.978638,7
Bangalore East,Krishnarajapura,J.I.Pattaduru Agrahara,101,200301005018,Bengaluru Urban,Bangalore_East_KRPura3_PattanduruAgrahara_Revenue_Map,Polygon,77.732635,12.979184,10
Bangalore East,Krishnarajapura,J.I.Pattaduru Agrahara,80,200301005018,Bengaluru Urban,Bangalore_East_KRPura3_PattanduruAgrahara_Revenue_Map,Polygon,77.738268,12.979204,6
Bangalore East,Krishnarajapura,J.I.Pattaduru Agrahara,83,200301005018,Bengaluru Urban,Bangalore_East_KRPura3_PattanduruAgrahara_Revenue_Map,Polygon,77.737684,12.979007,6
Bangalore East,Krishnarajapura,J.I.Pattaduru Agrahara,17,200301005018,Bengaluru Urban,Bangalore_East_KRPura3_PattanduruAgrahara_Revenue_Map,Polygon,77.74691,12.978801,10
Bangalore East,Krishnarajapura,J.I.Pattaduru Agrahara,97,200301005018,Bengaluru Urban,Bangalore_East_KRPura3_PattanduruAgrahara_Revenue_Map,Polygon,77.729852,12.978054,13
Bangalore East,Krishnarajapura,J.I.Pattaduru Agrahara,79,200301005018,Bengaluru Urban,Bangalore_East_KRPura3_PattanduruAgrahara_Revenue_Map,Polygon,77.738382,12.978856,8
Bangalore East,Krishnarajapura,J.I.Pattaduru Agrahara,SETTLEMENT,200301005018,Bengaluru Urban,Bangalore_East_KRPura3_PattanduruAgrahara_Revenue_Map,Polygon,77.733857,12.978602,15
Bangalore East,Krishnarajapura,J.I.Pattaduru Agrahara,50,200301005018,Bengaluru Urban,Bangalore_East_KRPura3_PattanduruAgrahara_Revenue_Map,Polygon,77.746232,12.978524,13
Bangalore East,Krishnarajapura,J.I.Pattaduru Agrahara,18,200301005018,Bengaluru Urban,Bangalore_East_KRPura3_PattanduruAgrahara_Revenue_Map,Polygon,77.745885,12.978777,5
Bangalore East,Krishnarajapura,J.I.Pattaduru Agrahara,84,200301005018,Bengaluru Urban,Bangalore_East_KRPura3_PattanduruAgrahara_Revenue_Map,Polygon,77.737405,12.978402,9
Bangalore East,Krishnarajapura,J.I.Pattaduru Agrahara,STREAM,200301005018,Bengaluru Urban,Bangalore_East_KRPura3_PattanduruAgrahara_Revenue_Map,Polygon,77.731159,12.978771,201
Bangalore East,Krishnarajapura,J.I.Pattaduru Agrahara,66,200301005018,Bengaluru Urban,Bangalore_East_KRPura3_PattanduruAgrahara_Revenue_Map,Polygon,77.744089,12.977898,5
Bangalore East,Krishnarajapura,J.I.Pattaduru Agrahara,49,200301005018,Bengaluru Urban,Bangalore_East_KRPura3_PattanduruAgrahara_Revenue_Map,Polygon,77.748426,12.97823,70
Bangalore East,Krishnarajapura,J.I.Pattaduru Agrahara,100,200301005018,Bengaluru Urban,Bangalore_East_KRPura3_PattanduruAgrahara_Revenue_Map,Polygon,77.732122,12.97806,242
Bangalore East,Krishnarajapura,J.I.Pattaduru Agrahara,90,200301005018,Bengaluru Urban,Bangalore_East_KRPura3_PattanduruAgrahara_Revenue_Map,Polygon,77.735419,12.978244,6
Bangalore East,Krishnarajapura,J.I.Pattaduru Agrahara,78,200301005018,Bengaluru Urban,Bangalore_East_KRPura3_PattanduruAgrahara_Revenue_Map,Polygon,77.738184,12.9783,8
Bangalore East,Krishnarajapura,J.I.Pattaduru Agrahara,STREAM,200301005018,Bengaluru Urban,Bangalore_East_KRPura3_PattanduruAgrahara_Revenue_Map,Polygon,77.732024,12.978036,474
Bangalore East,Krishnarajapura,J.I.Pattaduru Agrahara,100,200301005018,Bengaluru Urban,Bangalore_East_KRPura3_PattanduruAgrahara_Revenue_Map,Polygon,77.731957,12.978016,245
Bangalore East,Krishnarajapura,J.I.Pattaduru Agrahara,95,200301005018,Bengaluru Urban,Bangalore_East_KRPura3_PattanduruAgrahara_Revenue_Map,Polygon,77.731623,12.977542,18
Bangalore East,Krishnarajapura,J.I.Pattaduru Agrahara,96,200301005018,Bengaluru Urban,Bangalore_East_KRPura3_PattanduruAgrahara_Revenue_Map,Polygon,77.730227,12.97814,31
Bangalore East,Krishnarajapura,J.I.Pattaduru Agrahara,44,200301005018,Bengaluru Urban,Bangalore_East_KRPura3_PattanduruAgrahara_Revenue_Map,Polygon,77.752135,12.978308,7
Bangalore East,Krishnarajapura,J.I.Pattaduru Agrahara,TANK,200301005018,Bengaluru Urban,Bangalore_East_KRPura3_PattanduruAgrahara_Revenue_Map,Polygon,77.730038,12.978426,19
Bangalore East,Krishnarajapura,J.I.Pattaduru Agrahara,TANK,200301005018,Bengaluru Urban,Bangalore_East_KRPura3_PattanduruAgrahara_Revenue_Map,Polygon,77.748538,12.97838,52
Bangalore East,Krishnarajapura,J.I.Pattaduru Agrahara,TANK,200301005018,Bengaluru Urban,Bangalore_East_KRPura3_PattanduruAgrahara_Revenue_Map,Polygon,77.74849,12.978257,64
Bangalore East,Krishnarajapura,J.I.Pattaduru Agrahara,89,200301005018,Bengaluru Urban,Bangalore_East_KRPura3_PattanduruAgrahara_Revenue_Map,Polygon,77.736058,12.978019,7
Bangalore East,Krishnarajapura,J.I.Pattaduru Agrahara,47,200301005018,Bengaluru Urban,Bangalore_East_KRPura3_PattanduruAgrahara_Revenue_Map,Polygon,77.749359,12.977137,13
Bangalore East,Krishnarajapura,J.I.Pattaduru Agrahara,70,200301005018,Bengaluru Urban,Bangalore_East_KRPura3_PattanduruAgrahara_Revenue_Map,Polygon,77.739533,12.977357,8
Bangalore East,Krishnarajapura,J.I.Pattaduru Agrahara,153,200301005018,Bengaluru Urban,Bangalore_East_KRPura3_PattanduruAgrahara_Revenue_Map,Polygon,77.753701,12.977328,5
Bangalore East,Krishnarajapura,J.I.Pattaduru Agrahara,51,200301005018,Bengaluru Urban,Bangalore_East_KRPura3_PattanduruAgrahara_Revenue_Map,Polygon,77.746162,12.977161,8
Bangalore East,Krishnarajapura,J.I.Pattaduru Agrahara,85_TANK,200301005018,Bengaluru Urban,Bangalore_East_KRPura3_PattanduruAgrahara_Revenue_Map,Polygon,77.735609,12.976498,21
Bangalore East,Krishnarajapura,J.I.Pattaduru Agrahara,45,200301005018,Bengaluru Urban,Bangalore_East_KRPura3_PattanduruAgrahara_Revenue_Map,Polygon,77.752196,12.977484,8
Bangalore East,Krishnarajapura,J.I.Pattaduru Agrahara,156,200301005018,Bengaluru Urban,Bangalore_East_KRPura3_PattanduruAgrahara_Revenue_Map,Polygon,77.755207,12.97718,14
Bangalore East,Krishnarajapura,J.I.Pattaduru Agrahara,94,200301005018,Bengaluru Urban,Bangalore_East_KRPura3_PattanduruAgrahara_Revenue_Map,Polygon,77.732914,12.976778,222
Bangalore East,Krishnarajapura,J.I.Pattaduru Agrahara,54_TANK,200301005018,Bengaluru Urban,Bangalore_East_KRPura3_PattanduruAgrahara_Revenue_Map,Polygon,77.745607,12.976215,18
Bangalore East,Krishnarajapura,J.I.Pattaduru Agrahara,71,200301005018,Bengaluru Urban,Bangalore_East_KRPura3_PattanduruAgrahara_Revenue_Map,Polygon,77.741216,12.977433,7
Bangalore East,Krishnarajapura,J.I.Pattaduru Agrahara,65,200301005018,Bengaluru Urban,Bangalore_East_KRPura3_PattanduruAgrahara_Revenue_Map,Polygon,77.743544,12.977044,10
Bangalore East,Krishnarajapura,J.I.Pattaduru Agrahara,92,200301005018,Bengaluru Urban,Bangalore_East_KRPura3_PattanduruAgrahara_Revenue_Map,Polygon,77.734366,12.977473,10
Bangalore East,Krishnarajapura,J.I.Pattaduru Agrahara,77,200301005018,Bengaluru Urban,Bangalore_East_KRPura3_PattanduruAgrahara_Revenue_Map,Polygon,77.73842,12.976745,10
Bangalore East,Krishnarajapura,J.I.Pattaduru Agrahara,48,200301005018,Bengaluru Urban,Bangalore_East_KRPura3_PattanduruAgrahara_Revenue_Map,Polygon,77.748606,12.977072,10
Bangalore East,Krishnarajapura,J.I.Pattaduru Agrahara,161,200301005018,Bengaluru Urban,Bangalore_East_KRPura3_PattanduruAgrahara_Revenue_Map,Polygon,77.735097,12.976884,11
Bangalore East,Krishnarajapura,J.I.Pattaduru Agrahara,STREAM,200301005018,Bengaluru Urban,Bangalore_East_KRPura3_PattanduruAgrahara_Revenue_Map,Polygon,77.732799,12.976749,412
Bangalore East,Krishnarajapura,J.I.Pattaduru Agrahara,52,200301005018,Bengaluru Urban,Bangalore_East_KRPura3_PattanduruAgrahara_Revenue_Map,Polygon,77.747519,12.976497,292
Bangalore East,Krishnarajapura,J.I.Pattaduru Agrahara,94,200301005018,Bengaluru Urban,Bangalore_East_KRPura3_PattanduruAgrahara_Revenue_Map,Polygon,77.732683,12.976749,213
Bangalore East,Krishnarajapura,J.I.Pattaduru Agrahara,155,200301005018,Bengaluru Urban,Bangalore_East_KRPura3_PattanduruAgrahara_Revenue_Map,Polygon,77.751245,12.976361,10
Bangalore East,Krishnarajapura,J.I.Pattaduru Agrahara,160,200301005018,Bengaluru Urban,Bangalore_East_KRPura3_PattanduruAgrahara_Revenue_Map,Polygon,77.751861,12.976658,6
Bangalore East,Krishnarajapura,J.I.Pattaduru Agrahara,72,200301005018,Bengaluru Urban,Bangalore_East_KRPura3_PattanduruAgrahara_Revenue_Map,Polygon,77.740653,12.976668,6
Bangalore East,Krishnarajapura,J.I.Pattaduru Agrahara,154,200301005018,Bengaluru Urban,Bangalore_East_KRPura3_PattanduruAgrahara_Revenue_Map,Polygon,77.752682,12.976687,5
Bangalore East,Krishnarajapura,J.I.Pattaduru Agrahara,93,200301005018,Bengaluru Urban,Bangalore_East_KRPura3_PattanduruAgrahara_Revenue_Map,Polygon,77.734042,12.976867,5
Bangalore East,Krishnarajapura,J.I.Pattaduru Agrahara,64,200301005018,Bengaluru Urban,Bangalore_East_KRPura3_PattanduruAgrahara_Revenue_Map,Polygon,77.742818,12.976143,11
Bangalore East,Krishnarajapura,J.I.Pattaduru Agrahara,157,200301005018,Bengaluru Urban,Bangalore_East_KRPura3_PattanduruAgrahara_Revenue_Map,Polygon,77.753502,12.976523,7
Bangalore East,Krishnarajapura,J.I.Pattaduru Agrahara,73,200301005018,Bengaluru Urban,Bangalore_East_KRPura3_PattanduruAgrahara_Revenue_Map,Polygon,77.739686,12.976291,14
Bangalore East,Krishnarajapura,J.I.Pattaduru Agrahara,TANK,200301005018,Bengaluru Urban,Bangalore_East_KRPura3_PattanduruAgrahara_Revenue_Map,Polygon,77.747492,12.976493,282
Bangalore East,Krishnarajapura,J.I.Pattaduru Agrahara,42,200301005018,Bengaluru Urban,Bangalore_East_KRPura3_PattanduruAgrahara_Revenue_Map,Polygon,77.752344,12.976047,10
Bangalore East,Krishnarajapura,J.I.Pattaduru Agrahara,46,200301005018,Bengaluru Urban,Bangalore_East_KRPura3_PattanduruAgrahara_Revenue_Map,Polygon,77.749403,12.975627,9
Bangalore East,Krishnarajapura,J.I.Pattaduru Agrahara,162,200301005018,Bengaluru Urban,Bangalore_East_KRPura3_PattanduruAgrahara_Revenue_Map,Polygon,77.737673,12.975044,10
Bangalore East,Krishnarajapura,J.I.Pattaduru Agrahara,76,200301005018,Bengaluru Urban,Bangalore_East_KRPura3_PattanduruAgrahara_Revenue_Map,Polygon,77.738321,12.975556,9
Bangalore East,Krishnarajapura,J.I.Pattaduru Agrahara,53,200301005018,Bengaluru Urban,Bangalore_East_KRPura3_PattanduruAgrahara_Revenue_Map,Polygon,77.747768,12.974759,13
Bangalore East,Krishnarajapura,J.I.Pattaduru Agrahara,74,200301005018,Bengaluru Urban,Bangalore_East_KRPura3_PattanduruAgrahara_Revenue_Map,Polygon,77.740028,12.975447,7
Bangalore East,Krishnarajapura,J.I.Pattaduru Agrahara,62,200301005018,Bengaluru Urban,Bangalore_East_KRPura3_PattanduruAgrahara_Revenue_Map,Polygon,77.74193,12.975215,9
Bangalore East,Krishnarajapura,J.I.Pattaduru Agrahara,63,200301005018,Bengaluru Urban,Bangalore_East_KRPura3_PattanduruAgrahara_Revenue_Map,Polygon,77.744008,12.974976,7
Bangalore East,Krishnarajapura,J.I.Pattaduru Agrahara,57,200301005018,Bengaluru Urban,Bangalore_East_KRPura3_PattanduruAgrahara_Revenue_Map,Polygon,77.744905,12.973836,11
Bangalore East,Krishnarajapura,J.I.Pattaduru Agrahara,75,200301005018,Bengaluru Urban,Bangalore_East_KRPura3_PattanduruAgrahara_Revenue_Map,Polygon,77.740198,12.974441,7
Bangalore East,Krishnarajapura,J.I.Pattaduru Agrahara,55,200301005018,Bengaluru Urban,Bangalore_East_KRPura3_PattanduruAgrahara_Revenue_Map,Polygon,77.746813,12.974362,206
Bangalore East,Krishnarajapura,J.I.Pattaduru Agrahara,15,200301005018,Bengaluru Urban,Bangalore_East_KRPura3_PattanduruAgrahara_Revenue_Map,Polygon,77.749073,12.974649,5
Bangalore East,Krishnarajapura,J.I.Pattaduru Agrahara,61,200301005018,Bengaluru Urban,Bangalore_East_KRPura3_PattanduruAgrahara_Revenue_Map,Polygon,77.74165,12.973935,6
Bangalore East,Krishnarajapura,J.I.Pattaduru Agrahara,16,200301005018,Bengaluru Urban,Bangalore_East_KRPura3_PattanduruAgrahara_Revenue_Map,Polygon,77.747314,12.974231,5
Bangalore East,Krishnarajapura,J.I.Pattaduru Agrahara,TANK,200301005018,Bengaluru Urban,Bangalore_East_KRPura3_PattanduruAgrahara_Revenue_Map,Polygon,77.74682,12.974362,200
Bangalore East,Krishnarajapura,J.I.Pattaduru Agrahara,60,200301005018,Bengaluru Urban,Bangalore_East_KRPura3_PattanduruAgrahara_Revenue_Map,Polygon,77.743235,12.973552,6
Bangalore East,Krishnarajapura,J.I.Pattaduru Agrahara,56,200301005018,Bengaluru Urban,Bangalore_East_KRPura3_PattanduruAgrahara_Revenue_Map,Polygon,77.74615,12.973304,5
Bangalore East,Krishnarajapura,J.I.Pattaduru Agrahara,59,200301005018,Bengaluru Urban,Bangalore_East_KRPura3_PattanduruAgrahara_Revenue_Map,Polygon,77.742295,12.971386,272
Bangalore East,Krishnarajapura,J.I.Pattaduru Agrahara,58,200301005018,Bengaluru Urban,Bangalore_East_KRPura3_PattanduruAgrahara_Revenue_Map,Polygon,77.743187,12.971499,14
Bangalore East,Krishnarajapura,J.I.Pattaduru Agrahara,TANK,200301005018,Bengaluru Urban,Bangalore_East_KRPura3_PattanduruAgrahara_Revenue_Map,Polygon,77.742292,12.971348,257
Bangalore East,Krishnarajapura,Ramagondanahalli Narayanapura,10,200301005040,Bengaluru Urban,Bangalore_East_KRPura3_RNarayanapura_Revenue_Map,Polygon,77.742491,12.962137,14
Bangalore East,Krishnarajapura,Ramagondanahalli Narayanapura,9,200301005040,Bengaluru Urban,Bangalore_East_KRPura3_RNarayanapura_Revenue_Map,Polygon,77.741594,12.961679,12
Bangalore East,Krishnarajapura,Ramagondanahalli Narayanapura,8,200301005040,Bengaluru Urban,Bangalore_East_KRPura3_RNarayanapura_Revenue_Map,Polygon,77.740352,12.961339,18
Bangalore East,Krishnarajapura,Ramagondanahalli Narayanapura,7,200301005040,Bengaluru Urban,Bangalore_East_KRPura3_RNarayanapura_Revenue_Map,Polygon,77.739154,12.961519,11
Bangalore East,Krishnarajapura,Ramagondanahalli Narayanapura,11,200301005040,Bengaluru Urban,Bangalore_East_KRPura3_RNarayanapura_Revenue_Map,Polygon,77.743077,12.961005,20
Bangalore East,Krishnarajapura,Ramagondanahalli Narayanapura,17,200301005040,Bengaluru Urban,Bangalore_East_KRPura3_RNarayanapura_Revenue_Map,Polygon,77.744507,12.961196,10
Bangalore East,Krishnarajapura,Ramagondanahalli Narayanapura,16,200301005040,Bengaluru Urban,Bangalore_East_KRPura3_RNarayanapura_Revenue_Map,Polygon,77.743816,12.961222,10
Bangalore East,Krishnarajapura,Ramagondanahalli Narayanapura,18,200301005040,Bengaluru Urban,Bangalore_East_KRPura3_RNarayanapura_Revenue_Map,Polygon,77.744527,12.960884,11
Bangalore East,Krishnarajapura,Ramagondanahalli Narayanapura,STREAM,200301005040,Bengaluru Urban,Bangalore_East_KRPura3_RNarayanapura_Revenue_Map,Polygon,77.744722,12.959309,45
Bangalore East,Krishnarajapura,Ramagondanahalli Narayanapura,4,200301005040,Bengaluru Urban,Bangalore_East_KRPura3_RNarayanapura_Revenue_Map,Polygon,77.741597,12.960195,29
Bangalore East,Krishnarajapura,Ramagondanahalli Narayanapura,15,200301005040,Bengaluru Urban,Bangalore_East_KRPura3_RNarayanapura_Revenue_Map,Polygon,77.743978,12.960808,16
Bangalore East,Krishnarajapura,Ramagondanahalli Narayanapura,22,200301005040,Bengaluru Urban,Bangalore_East_KRPura3_RNarayanapura_Revenue_Map,Polygon,77.74537,12.960364,15
Bangalore East,Krishnarajapura,Ramagondanahalli Narayanapura,19,200301005040,Bengaluru Urban,Bangalore_East_KRPura3_RNarayanapura_Revenue_Map,Polygon,77.744824,12.960615,12
Bangalore East,Krishnarajapura,Ramagondanahalli Narayanapura,14,200301005040,Bengaluru Urban,Bangalore_East_KRPura3_RNarayanapura_Revenue_Map,Polygon,77.744331,12.960581,15
Bangalore East,Krishnarajapura,Ramagondanahalli Narayanapura,6,200301005040,Bengaluru Urban,Bangalore_East_KRPura3_RNarayanapura_Revenue_Map,Polygon,77.739281,12.960415,12
Bangalore East,Krishnarajapura,Ramagondanahalli Narayanapura,5,200301005040,Bengaluru Urban,Bangalore_East_KRPura3_RNarayanapura_Revenue_Map,Polygon,77.741322,12.960417,11
Bangalore East,Krishnarajapura,Ramagondanahalli Narayanapura,13,200301005040,Bengaluru Urban,Bangalore_East_KRPura3_RNarayanapura_Revenue_Map,Polygon,77.743912,12.960428,13
Bangalore East,Krishnarajapura,Ramagondanahalli Narayanapura,12,200301005040,Bengaluru Urban,Bangalore_East_KRPura3_RNarayanapura_Revenue_Map,Polygon,77.743408,12.959964,29
Bangalore East,Krishnarajapura,Ramagondanahalli Narayanapura,20,200301005040,Bengaluru Urban,Bangalore_East_KRPura3_RNarayanapura_Revenue_Map,Polygon,77.744774,12.960257,14
Bangalore East,Krishnarajapura,Ramagondanahalli Narayanapura,21,200301005040,Bengaluru Urban,Bangalore_East_KRPura3_RNarayanapura_Revenue_Map,Polygon,77.744657,12.960024,11
Bangalore East,Krishnarajapura,Ramagondanahalli Narayanapura,3,200301005040,Bengaluru Urban,Bangalore_East_KRPura3_RNarayanapura_Revenue_Map,Polygon,77.73919,12.959627,14
Bangalore East,Krishnarajapura,Ramagondanahalli Narayanapura,23,200301005040,Bengaluru Urban,Bangalore_East_KRPura3_RNarayanapura_Revenue_Map,Polygon,77.745301,12.95968,11
Bangalore East,Krishnarajapura,Ramagondanahalli Narayanapura,26,200301005040,Bengaluru Urban,Bangalore_East_KRPura3_RNarayanapura_Revenue_Map,Polygon,77.74483,12.959567,13
Bangalore East,Krishnarajapura,Ramagondanahalli Narayanapura,27,200301005040,Bengaluru Urban,Bangalore_East_KRPura3_RNarayanapura_Revenue_Map,Polygon,77.744419,12.95957,12
Bangalore East,Krishnarajapura,Ramagondanahalli Narayanapura,30,200301005040,Bengaluru Urban,Bangalore_East_KRPura3_RNarayanapura_Revenue_Map,Polygon,77.743994,12.959486,14
Bangalore East,Krishnarajapura,Ramagondanahalli Narayanapura,31,200301005040,Bengaluru Urban,Bangalore_East_KRPura3_RNarayanapura_Revenue_Map,Polygon,77.743604,12.959443,13
Bangalore East,Krishnarajapura,Ramagondanahalli Narayanapura,32,200301005040,Bengaluru Urban,Bangalore_East_KRPura3_RNarayanapura_Revenue_Map,Polygon,77.742814,12.95923,21
Bangalore East,Krishnarajapura,Ramagondanahalli Narayanapura,24,200301005040,Bengaluru Urban,Bangalore_East_KRPura3_RNarayanapura_Revenue_Map,Polygon,77.745266,12.959183,12
Bangalore East,Krishnarajapura,Ramagondanahalli Narayanapura,25,200301005040,Bengaluru Urban,Bangalore_East_KRPura3_RNarayanapura_Revenue_Map,Polygon,77.744929,12.959098,12
Bangalore East,Krishnarajapura,Ramagondanahalli Narayanapura,28,200301005040,Bengaluru Urban,Bangalore_East_KRPura3_RNarayanapura_Revenue_Map,Polygon,77.744607,12.959117,12
Bangalore East,Krishnarajapura,Ramagondanahalli Narayanapura,2,200301005040,Bengaluru Urban,Bangalore_East_KRPura3_RNarayanapura_Revenue_Map,Polygon,77.739507,12.959149,10
Bangalore East,Krishnarajapura,Ramagondanahalli Narayanapura,29,200301005040,Bengaluru Urban,Bangalore_East_KRPura3_RNarayanapura_Revenue_Map,Polygon,77.743867,12.959016,19
Bangalore East,Krishnarajapura,Ramagondanahalli Narayanapura,36,200301005040,Bengaluru Urban,Bangalore_East_KRPura3_RNarayanapura_Revenue_Map,Polygon,77.741459,12.958381,18
Bangalore East,Krishnarajapura,Ramagondanahalli Narayanapura,33,200301005040,Bengaluru Urban,Bangalore_East_KRPura3_RNarayanapura_Revenue_Map,Polygon,77.74299,12.958852,9
Bangalore East,Krishnarajapura,Ramagondanahalli Narayanapura,34,200301005040,Bengaluru Urban,Bangalore_East_KRPura3_RNarayanapura_Revenue_Map,Polygon,77.742669,12.958835,10
Bangalore East,Krishnarajapura,Ramagondanahalli Narayanapura,35,200301005040,Bengaluru Urban,Bangalore_East_KRPura3_RNarayanapura_Revenue_Map,Polygon,77.742259,12.958741,10
Bangalore East,Krishnarajapura,Ramagondanahalli Narayanapura,1,200301005040,Bengaluru Urban,Bangalore_East_KRPura3_RNarayanapura_Revenue_Map,Polygon,77.739075,12.958064,11
Bangalore East,Krishnarajapura,Ramagondanahalli Narayanapura,ROAD,200301005040,Bengaluru Urban,Bangalore_East_KRPura3_RNarayanapura_Revenue_Map,Polygon,77.739579,12.957657,9
Bangalore East,Krishnarajapura,Sadaramangala,22,200301005041,Bengaluru Urban,Bangalore_East_KRPura3_Sadaramanagala_Revenue_Map,Polygon,77.734949,13.00941,17
Bangalore East,Krishnarajapura,Sadaramangala,23,200301005041,Bengaluru Urban,Bangalore_East_KRPura3_Sadaramanagala_Revenue_Map,Polygon,77.732959,13.007084,29
Bangalore East,Krishnarajapura,Sadaramangala,24,200301005041,Bengaluru Urban,Bangalore_East_KRPura3_Sadaramanagala_Revenue_Map,Polygon,77.734317,13.006676,15
Bangalore East,Krishnarajapura,Sadaramangala,14,200301005041,Bengaluru Urban,Bangalore_East_KRPura3_Sadaramanagala_Revenue_Map,Polygon,77.739697,13.007715,17
Bangalore East,Krishnarajapura,Sadaramangala,13,200301005041,Bengaluru Urban,Bangalore_East_KRPura3_Sadaramanagala_Revenue_Map,Polygon,77.73991,13.007326,8
Bangalore East,Krishnarajapura,Sadaramangala,21,200301005041,Bengaluru Urban,Bangalore_East_KRPura3_Sadaramanagala_Revenue_Map,Polygon,77.736573,13.007072,15
Bangalore East,Krishnarajapura,Sadaramangala,15,200301005041,Bengaluru Urban,Bangalore_East_KRPura3_Sadaramanagala_Revenue_Map,Polygon,77.738099,13.007265,11
Bangalore East,Krishnarajapura,Sadaramangala,12,200301005041,Bengaluru Urban,Bangalore_East_KRPura3_Sadaramanagala_Revenue_Map,Polygon,77.738747,13.006427,115
Bangalore East,Krishnarajapura,Sadaramangala,11,200301005041,Bengaluru Urban,Bangalore_East_KRPura3_Sadaramanagala_Revenue_Map,Polygon,77.74076,13.006712,10
Bangalore East,Krishnarajapura,Sadaramangala,16,200301005041,Bengaluru Urban,Bangalore_East_KRPura3_Sadaramanagala_Revenue_Map,Polygon,77.737837,13.006408,76
Bangalore East,Krishnarajapura,Sadaramangala,17,200301005041,Bengaluru Urban,Bangalore_East_KRPura3_Sadaramanagala_Revenue_Map,Polygon,77.737299,13.006344,18
Bangalore East,Krishnarajapura,Sadaramangala,18,200301005041,Bengaluru Urban,Bangalore_East_KRPura3_Sadaramanagala_Revenue_Map,Polygon,77.736988,13.006233,30
Bangalore East,Krishnarajapura,Sadaramangala,20,200301005041,Bengaluru Urban,Bangalore_East_KRPura3_Sadaramanagala_Revenue_Map,Polygon,77.736297,13.006023,87
Bangalore East,Krishnarajapura,Sadaramangala,25,200301005041,Bengaluru Urban,Bangalore_East_KRPura3_Sadaramanagala_Revenue_Map,Polygon,77.734911,13.00572,11
Bangalore East,Krishnarajapura,Sadaramangala,STREAM,200301005041,Bengaluru Urban,Bangalore_East_KRPura3_Sadaramanagala_Revenue_Map,Polygon,77.738681,13.006425,103
Bangalore East,Krishnarajapura,Sadaramangala,STREAM,200301005041,Bengaluru Urban,Bangalore_East_KRPura3_Sadaramanagala_Revenue_Map,Polygon,77.737889,13.006356,92
Bangalore East,Krishnarajapura,Sadaramangala,16,200301005041,Bengaluru Urban,Bangalore_East_KRPura3_Sadaramanagala_Revenue_Map,Polygon,77.738014,13.006145,24
Bangalore East,Krishnarajapura,Sadaramangala,STREAM,200301005041,Bengaluru Urban,Bangalore_East_KRPura3_Sadaramanagala_Revenue_Map,Polygon,77.737355,13.006217,22
Bangalore East,Krishnarajapura,Sadaramangala,STREAM,200301005041,Bengaluru Urban,Bangalore_East_KRPura3_Sadaramanagala_Revenue_Map,Polygon,77.737029,13.006148,34
Bangalore East,Krishnarajapura,Sadaramangala,10,200301005041,Bengaluru Urban,Bangalore_East_KRPura3_Sadaramanagala_Revenue_Map,Polygon,77.740247,13.005674,8
Bangalore East,Krishnarajapura,Sadaramangala,17,200301005041,Bengaluru Urban,Bangalore_East_KRPura3_Sadaramanagala_Revenue_Map,Polygon,77.737501,13.005731,10
Bangalore East,Krishnarajapura,Sadaramangala,STREAM,200301005041,Bengaluru Urban,Bangalore_East_KRPura3_Sadaramanagala_Revenue_Map,Polygon,77.736306,13.005992,86
Bangalore East,Krishnarajapura,Sadaramangala,18,200301005041,Bengaluru Urban,Bangalore_East_KRPura3_Sadaramanagala_Revenue_Map,Polygon,77.737075,13.005432,13
Bangalore East,Krishnarajapura,Sadaramangala,19,200301005041,Bengaluru Urban,Bangalore_East_KRPura3_Sadaramanagala_Revenue_Map,Polygon,77.736543,13.005242,10
Bangalore East,Krishnarajapura,Sadaramangala,XX,200301005041,Bengaluru Urban,Bangalore_East_KRPura3_Sadaramanagala_Revenue_Map,Polygon,77.735792,13.005387,44
Bangalore East,Krishnarajapura,Sadaramangala,STREAM,200301005041,Bengaluru Urban,Bangalore_East_KRPura3_Sadaramanagala_Revenue_Map,Polygon,77.735814,13.005312,48
Bangalore East,Krishnarajapura,Sadaramangala,9,200301005041,Bengaluru Urban,Bangalore_East_KRPura3_Sadaramanagala_Revenue_Map,Polygon,77.73847,13.004164,17
Bangalore East,Krishnarajapura,Sadaramangala,XX,200301005041,Bengaluru Urban,Bangalore_East_KRPura3_Sadaramanagala_Revenue_Map,Polygon,77.735915,13.004969,12
Bangalore East,Krishnarajapura,Sadaramangala,26,200301005041,Bengaluru Urban,Bangalore_East_KRPura3_Sadaramanagala_Revenue_Map,Polygon,77.735075,13.004851,8
Bangalore East,Krishnarajapura,Sadaramangala,36,200301005041,Bengaluru Urban,Bangalore_East_KRPura3_Sadaramanagala_Revenue_Map,Polygon,77.733548,13.004935,22
Bangalore East,Krishnarajapura,Sadaramangala,35,200301005041,Bengaluru Urban,Bangalore_East_KRPura3_Sadaramanagala_Revenue_Map,Polygon,77.733869,13.005288,5
Bangalore East,Krishnarajapura,Sadaramangala,6,200301005041,Bengaluru Urban,Bangalore_East_KRPura3_Sadaramanagala_Revenue_Map,Polygon,77.741249,13.004516,13
Bangalore East,Krishnarajapura,Sadaramangala,37,200301005041,Bengaluru Urban,Bangalore_East_KRPura3_Sadaramanagala_Revenue_Map,Polygon,77.733238,13.004342,27
Bangalore East,Krishnarajapura,Sadaramangala,7,200301005041,Bengaluru Urban,Bangalore_East_KRPura3_Sadaramanagala_Revenue_Map,Polygon,77.739784,13.004353,7
Bangalore East,Krishnarajapura,Sadaramangala,29,200301005041,Bengaluru Urban,Bangalore_East_KRPura3_Sadaramanagala_Revenue_Map,Polygon,77.73622,13.003923,22
Bangalore East,Krishnarajapura,Sadaramangala,34,200301005041,Bengaluru Urban,Bangalore_East_KRPura3_Sadaramanagala_Revenue_Map,Polygon,77.733993,13.004745,8
Bangalore East,Krishnarajapura,Sadaramangala,STREAM,200301005041,Bengaluru Urban,Bangalore_East_KRPura3_Sadaramanagala_Revenue_Map,Polygon,77.735089,13.004564,18
Bangalore East,Krishnarajapura,Sadaramangala,28,200301005041,Bengaluru Urban,Bangalore_East_KRPura3_Sadaramanagala_Revenue_Map,Polygon,77.736453,13.004662,8
Bangalore East,Krishnarajapura,Sadaramangala,27,200301005041,Bengaluru Urban,Bangalore_East_KRPura3_Sadaramanagala_Revenue_Map,Polygon,77.735278,13.004295,26
Bangalore East,Krishnarajapura,Sadaramangala,8,200301005041,Bengaluru Urban,Bangalore_East_KRPura3_Sadaramanagala_Revenue_Map,Polygon,77.739035,13.003375,11
Bangalore East,Krishnarajapura,Sadaramangala,STREAM,200301005041,Bengaluru Urban,Bangalore_East_KRPura3_Sadaramanagala_Revenue_Map,Polygon,77.734061,13.00436,7
Bangalore East,Krishnarajapura,Sadaramangala,STREAM,200301005041,Bengaluru Urban,Bangalore_East_KRPura3_Sadaramanagala_Revenue_Map,Polygon,77.733722,13.004307,12
Bangalore East,Krishnarajapura,Sadaramangala,34,200301005041,Bengaluru Urban,Bangalore_East_KRPura3_Sadaramanagala_Revenue_Map,Polygon,77.734146,13.004062,7
Bangalore East,Krishnarajapura,Sadaramangala,36,200301005041,Bengaluru Urban,Bangalore_East_KRPura3_Sadaramanagala_Revenue_Map,Polygon,77.733789,13.003454,19
Bangalore East,Krishnarajapura,Sadaramangala,43,200301005041,Bengaluru Urban,Bangalore_East_KRPura3_Sadaramanagala_Revenue_Map,Polygon,77.731416,13.003276,35
Bangalore East,Krishnarajapura,Sadaramangala,33,200301005041,Bengaluru Urban,Bangalore_East_KRPura3_Sadaramanagala_Revenue_Map,Polygon,77.73414,13.003055,12
Bangalore East,Krishnarajapura,Sadaramangala,32,200301005041,Bengaluru Urban,Bangalore_East_KRPura3_Sadaramanagala_Revenue_Map,Polygon,77.735244,13.003302,9
Bangalore East,Krishnarajapura,Sadaramangala,5,200301005041,Bengaluru Urban,Bangalore_East_KRPura3_Sadaramanagala_Revenue_Map,Polygon,77.740527,13.002865,16
Bangalore East,Krishnarajapura,Sadaramangala,30,200301005041,Bengaluru Urban,Bangalore_East_KRPura3_Sadaramanagala_Revenue_Map,Polygon,77.736845,13.002712,9
Bangalore East,Krishnarajapura,Sadaramangala,42,200301005041,Bengaluru Urban,Bangalore_East_KRPura3_Sadaramanagala_Revenue_Map,Polygon,77.732209,13.002321,215
Bangalore East,Krishnarajapura,Sadaramangala,38,200301005041,Bengaluru Urban,Bangalore_East_KRPura3_Sadaramanagala_Revenue_Map,Polygon,77.733133,13.00263,21
Bangalore East,Krishnarajapura,Sadaramangala,31,200301005041,Bengaluru Urban,Bangalore_East_KRPura3_Sadaramanagala_Revenue_Map,Polygon,77.735252,13.002184,9
Bangalore East,Krishnarajapura,Sadaramangala,STREAM,200301005041,Bengaluru Urban,Bangalore_East_KRPura3_Sadaramanagala_Revenue_Map,Polygon,77.7323,13.002255,345
Bangalore East,Krishnarajapura,Sadaramangala,ROAD,200301005041,Bengaluru Urban,Bangalore_East_KRPura3_Sadaramanagala_Revenue_Map,Polygon,77.736245,13.001179,14
Bangalore East,Krishnarajapura,Sadaramangala,40,200301005041,Bengaluru Urban,Bangalore_East_KRPura3_Sadaramanagala_Revenue_Map,Polygon,77.733728,13.002051,13
Bangalore East,Krishnarajapura,Sadaramangala,42,200301005041,Bengaluru Urban,Bangalore_East_KRPura3_Sadaramanagala_Revenue_Map,Polygon,77.732387,13.002177,151
Bangalore East,Krishnarajapura,Sadaramangala,39,200301005041,Bengaluru Urban,Bangalore_East_KRPura3_Sadaramanagala_Revenue_Map,Polygon,77.733562,13.002542,5
Bangalore East,Krishnarajapura,Sadaramangala,44,200301005041,Bengaluru Urban,Bangalore_East_KRPura3_Sadaramanagala_Revenue_Map,Polygon,77.730774,13.001972,19
Bangalore East,Krishnarajapura,Sadaramangala,38,200301005041,Bengaluru Urban,Bangalore_East_KRPura3_Sadaramanagala_Revenue_Map,Polygon,77.733458,13.002501,5
Bangalore East,Krishnarajapura,Sadaramangala,61_TANK,200301005041,Bengaluru Urban,Bangalore_East_KRPura3_Sadaramanagala_Revenue_Map,Polygon,77.728226,12.999403,56
Bangalore East,Krishnarajapura,Sadaramangala,41,200301005041,Bengaluru Urban,Bangalore_East_KRPura3_Sadaramanagala_Revenue_Map,Polygon,77.733012,13.001738,15
Bangalore East,Krishnarajapura,Sadaramangala,4,200301005041,Bengaluru Urban,Bangalore_East_KRPura3_Sadaramanagala_Revenue_Map,Polygon,77.741034,13.001771,8
Bangalore East,Krishnarajapura,Sadaramangala,45,200301005041,Bengaluru Urban,Bangalore_East_KRPura3_Sadaramanagala_Revenue_Map,Polygon,77.731708,13.001321,14
Bangalore East,Krishnarajapura,Sadaramangala,48,200301005041,Bengaluru Urban,Bangalore_East_KRPura3_Sadaramanagala_Revenue_Map,Polygon,77.735167,13.000915,15
Bangalore East,Krishnarajapura,Sadaramangala,STREAM,200301005041,Bengaluru Urban,Bangalore_East_KRPura3_Sadaramanagala_Revenue_Map,Polygon,77.732564,13.000845,9
Bangalore East,Krishnarajapura,Sadaramangala,3,200301005041,Bengaluru Urban,Bangalore_East_KRPura3_Sadaramanagala_Revenue_Map,Polygon,77.739427,13.000918,19
Bangalore East,Krishnarajapura,Sadaramangala,47,200301005041,Bengaluru Urban,Bangalore_East_KRPura3_Sadaramanagala_Revenue_Map,Polygon,77.733928,13.000442,14
Bangalore East,Krishnarajapura,Sadaramangala,2,200301005041,Bengaluru Urban,Bangalore_East_KRPura3_Sadaramanagala_Revenue_Map,Polygon,77.741321,12.999627,20
Bangalore East,Krishnarajapura,Sadaramangala,46,200301005041,Bengaluru Urban,Bangalore_East_KRPura3_Sadaramanagala_Revenue_Map,Polygon,77.732303,13.000432,5
Bangalore East,Krishnarajapura,Sadaramangala,1,200301005041,Bengaluru Urban,Bangalore_East_KRPura3_Sadaramanagala_Revenue_Map,Polygon,77.73987,12.999336,23
Bangalore East,Krishnarajapura,Sadaramangala,51,200301005041,Bengaluru Urban,Bangalore_East_KRPura3_Sadaramanagala_Revenue_Map,Polygon,77.733397,12.999392,7
Bangalore East,Krishnarajapura,Sadaramangala,SETTLEMENT,200301005041,Bengaluru Urban,Bangalore_East_KRPura3_Sadaramanagala_Revenue_Map,Polygon,77.737805,12.998884,22
Bangalore East,Krishnarajapura,Sadaramangala,49,200301005041,Bengaluru Urban,Bangalore_East_KRPura3_Sadaramanagala_Revenue_Map,Polygon,77.735999,12.999269,10
Bangalore East,Krishnarajapura,Sadaramangala,53,200301005041,Bengaluru Urban,Bangalore_East_KRPura3_Sadaramanagala_Revenue_Map,Polygon,77.732246,12.999095,6
Bangalore East,Krishnarajapura,Sadaramangala,50,200301005041,Bengaluru Urban,Bangalore_East_KRPura3_Sadaramanagala_Revenue_Map,Polygon,77.735187,12.998453,8
Bangalore East,Krishnarajapura,Sadaramangala,54,200301005041,Bengaluru Urban,Bangalore_East_KRPura3_Sadaramanagala_Revenue_Map,Polygon,77.731398,12.998681,5
Bangalore East,Krishnarajapura,Sadaramangala,ROAD,200301005041,Bengaluru Urban,Bangalore_East_KRPura3_Sadaramanagala_Revenue_Map,Polygon,77.731897,12.996975,48
Bangalore East,Krishnarajapura,Sadaramangala,55,200301005041,Bengaluru Urban,Bangalore_East_KRPura3_Sadaramanagala_Revenue_Map,Polygon,77.730294,12.998345,7
Bangalore East,Krishnarajapura,Sadaramangala,STREAM,200301005041,Bengaluru Urban,Bangalore_East_KRPura3_Sadaramanagala_Revenue_Map,Polygon,77.731311,12.997949,9
Bangalore East,Krishnarajapura,Sadaramangala,82,200301005041,Bengaluru Urban,Bangalore_East_KRPura3_Sadaramanagala_Revenue_Map,Polygon,77.736937,12.998158,12
Bangalore East,Krishnarajapura,Sadaramangala,RAILWAY,200301005041,Bengaluru Urban,Bangalore_East_KRPura3_Sadaramanagala_Revenue_Map,Polygon,77.732629,12.996901,31
Bangalore East,Krishnarajapura,Sadaramangala,ROAD,200301005041,Bengaluru Urban,Bangalore_East_KRPura3_Sadaramanagala_Revenue_Map,Polygon,77.731841,12.996601,35
Bangalore East,Krishnarajapura,Sadaramangala,62,200301005041,Bengaluru Urban,Bangalore_East_KRPura3_Sadaramanagala_Revenue_Map,Polygon,77.72455,12.997285,23
Bangalore East,Krishnarajapura,Sadaramangala,52,200301005041,Bengaluru Urban,Bangalore_East_KRPura3_Sadaramanagala_Revenue_Map,Polygon,77.732606,12.997853,8
Bangalore East,Krishnarajapura,Sadaramangala,56,200301005041,Bengaluru Urban,Bangalore_East_KRPura3_Sadaramanagala_Revenue_Map,Polygon,77.730454,12.997202,9
Bangalore East,Krishnarajapura,Sadaramangala,57,200301005041,Bengaluru Urban,Bangalore_East_KRPura3_Sadaramanagala_Revenue_Map,Polygon,77.728845,12.997165,11
Bangalore East,Krishnarajapura,Sadaramangala,58,200301005041,Bengaluru Urban,Bangalore_East_KRPura3_Sadaramanagala_Revenue_Map,Polygon,77.728003,12.997223,6
Bangalore East,Krishnarajapura,Sadaramangala,59,200301005041,Bengaluru Urban,Bangalore_East_KRPura3_Sadaramanagala_Revenue_Map,Polygon,77.726655,12.99665,15
Bangalore East,Krishnarajapura,Sadaramangala,64,200301005041,Bengaluru Urban,Bangalore_East_KRPura3_Sadaramanagala_Revenue_Map,Polygon,77.725728,12.996587,205
Bangalore East,Krishnarajapura,Sadaramangala,STREAM,200301005041,Bengaluru Urban,Bangalore_East_KRPura3_Sadaramanagala_Revenue_Map,Polygon,77.725677,12.996615,376
Bangalore East,Krishnarajapura,Sadaramangala,64,200301005041,Bengaluru Urban,Bangalore_East_KRPura3_Sadaramanagala_Revenue_Map,Polygon,77.72562,12.996655,181
Bangalore East,Krishnarajapura,Sadaramangala,60,200301005041,Bengaluru Urban,Bangalore_East_KRPura3_Sadaramanagala_Revenue_Map,Polygon,77.726549,12.996694,8
Bangalore East,Krishnarajapura,Sadaramangala,63,200301005041,Bengaluru Urban,Bangalore_East_KRPura3_Sadaramanagala_Revenue_Map,Polygon,77.725217,12.99668,5
Bangalore East,Krishnarajapura,Sadaramangala,65,200301005041,Bengaluru Urban,Bangalore_East_KRPura3_Sadaramanagala_Revenue_Map,Polygon,77.725016,12.996339,6
Bangalore East,Krishnarajapura,Sadaramangala,75,200301005041,Bengaluru Urban,Bangalore_East_KRPura3_Sadaramanagala_Revenue_Map,Polygon,77.732139,12.994075,163
Bangalore East,Krishnarajapura,Sadaramangala,73,200301005041,Bengaluru Urban,Bangalore_East_KRPura3_Sadaramanagala_Revenue_Map,Polygon,77.730718,12.995398,6
Bangalore East,Krishnarajapura,Sadaramangala,STREAM,200301005041,Bengaluru Urban,Bangalore_East_KRPura3_Sadaramanagala_Revenue_Map,Polygon,77.732405,12.993812,350
Bangalore East,Krishnarajapura,Sadaramangala,66,200301005041,Bengaluru Urban,Bangalore_East_KRPura3_Sadaramanagala_Revenue_Map,Polygon,77.724094,12.996115,9
Bangalore East,Krishnarajapura,Sadaramangala,72,200301005041,Bengaluru Urban,Bangalore_East_KRPura3_Sadaramanagala_Revenue_Map,Polygon,77.729345,12.995108,5
Bangalore East,Krishnarajapura,Sadaramangala,71,200301005041,Bengaluru Urban,Bangalore_East_KRPura3_Sadaramanagala_Revenue_Map,Polygon,77.728484,12.994663,6
Bangalore East,Krishnarajapura,Sadaramangala,75,200301005041,Bengaluru Urban,Bangalore_East_KRPura3_Sadaramanagala_Revenue_Map,Polygon,77.732434,12.994215,128
Bangalore East,Krishnarajapura,Sadaramangala,67,200301005041,Bengaluru Urban,Bangalore_East_KRPura3_Sadaramanagala_Revenue_Map,Polygon,77.724099,12.99584,7
Bangalore East,Krishnarajapura,Sadaramangala,70,200301005041,Bengaluru Urban,Bangalore_East_KRPura3_Sadaramanagala_Revenue_Map,Polygon,77.726606,12.993692,11
Bangalore East,Krishnarajapura,Sadaramangala,69,200301005041,Bengaluru Urban,Bangalore_East_KRPura3_Sadaramanagala_Revenue_Map,Polygon,77.725082,12.994394,15
Bangalore East,Krishnarajapura,Sadaramangala,68,200301005041,Bengaluru Urban,Bangalore_East_KRPura3_Sadaramanagala_Revenue_Map,Polygon,77.724423,12.994652,67
Bangalore East,Krishnarajapura,Sadaramangala,STREAM,200301005041,Bengaluru Urban,Bangalore_East_KRPura3_Sadaramanagala_Revenue_Map,Polygon,77.724265,12.994608,109
Bangalore East,Krishnarajapura,Sadaramangala,68,200301005041,Bengaluru Urban,Bangalore_East_KRPura3_Sadaramanagala_Revenue_Map,Polygon,77.724024,12.994618,62
Bangalore East,Krishnarajapura,Sadaramangala,74,200301005041,Bengaluru Urban,Bangalore_East_KRPura3_Sadaramanagala_Revenue_Map,Polygon,77.729616,12.993097,9
Bangalore East,Krishnarajapura,Sadaramangala,75,200301005041,Bengaluru Urban,Bangalore_East_KRPura3_Sadaramanagala_Revenue_Map,Polygon,77.732989,12.992421,68
Bangalore East,Krishnarajapura,Sadaramangala,77,200301005041,Bengaluru Urban,Bangalore_East_KRPura3_Sadaramanagala_Revenue_Map,Polygon,77.728151,12.991303,10
Bangalore East,Krishnarajapura,Sadaramangala,76,200301005041,Bengaluru Urban,Bangalore_East_KRPura3_Sadaramanagala_Revenue_Map,Polygon,77.732492,12.990889,118
Bangalore East,Krishnarajapura,Sadaramangala,STREAM,200301005041,Bengaluru Urban,Bangalore_East_KRPura3_Sadaramanagala_Revenue_Map,Polygon,77.732469,12.990908,113
Bangalore East,Krishnarajapura,Sadaramangala,78,200301005041,Bengaluru Urban,Bangalore_East_KRPura3_Sadaramanagala_Revenue_Map,Polygon,77.730161,12.988294,12
Bangalore East,Krishnarajapura,Sadaramangala,87,200301005041,Bengaluru Urban,Bangalore_East_KRPura3_Sadaramanagala_Revenue_Map,Polygon,77.73338,12.98839,7
Bangalore East,Krishnarajapura,Sadaramangala,80,200301005041,Bengaluru Urban,Bangalore_East_KRPura3_Sadaramanagala_Revenue_Map,Polygon,77.735345,12.986534,17
Bangalore East,Krishnarajapura,Sadaramangala,79,200301005041,Bengaluru Urban,Bangalore_East_KRPura3_Sadaramanagala_Revenue_Map,Polygon,77.732924,12.988091,7
Bangalore East,Krishnarajapura,Sadaramangala,81,200301005041,Bengaluru Urban,Bangalore_East_KRPura3_Sadaramanagala_Revenue_Map,Polygon,77.738747,12.987316,21
Bangalore East,Krishnarajapura,Sadaramangala,88,200301005041,Bengaluru Urban,Bangalore_East_KRPura3_Sadaramanagala_Revenue_Map,Polygon,77.732317,12.986974,8
Bangalore East,Krishnarajapura,Sadaramangala,86,200301005041,Bengaluru Urban,Bangalore_East_KRPura3_Sadaramanagala_Revenue_Map,Polygon,77.733947,12.987114,5
Bangalore East,Krishnarajapura,Sadaramangala,83,200301005041,Bengaluru Urban,Bangalore_East_KRPura3_Sadaramanagala_Revenue_Map,Polygon,77.737489,12.986734,8
Bangalore East,Krishnarajapura,Sadaramangala,84,200301005041,Bengaluru Urban,Bangalore_East_KRPura3_Sadaramanagala_Revenue_Map,Polygon,77.739689,12.987183,12
Bangalore East,Krishnarajapura,Sadaramangala,85,200301005041,Bengaluru Urban,Bangalore_East_KRPura3_Sadaramanagala_Revenue_Map,Polygon,77.733366,12.985297,12
Bangalore East,Krishnarajapura,K.G.Sonnenahalli,STREAM,200301005026,Bengaluru Urban,Bangalore_East_KRPura3_Sonnenahalli_Revenue_Map,Polygon,77.715198,12.985239,1017
Bangalore East,Krishnarajapura,K.G.Sonnenahalli,33_TANK,200301005026,Bengaluru Urban,Bangalore_East_KRPura3_Sonnenahalli_Revenue_Map,Polygon,77.713669,12.983445,22
Bangalore East,Krishnarajapura,K.G.Sonnenahalli,44,200301005026,Bengaluru Urban,Bangalore_East_KRPura3_Sonnenahalli_Revenue_Map,Polygon,77.715198,12.985234,1019
Bangalore East,Krishnarajapura,K.G.Sonnenahalli,32,200301005026,Bengaluru Urban,Bangalore_East_KRPura3_Sonnenahalli_Revenue_Map,Polygon,77.710634,12.984329,14
Bangalore East,Krishnarajapura,K.G.Sonnenahalli,47,200301005026,Bengaluru Urban,Bangalore_East_KRPura3_Sonnenahalli_Revenue_Map,Polygon,77.715963,12.984696,22
Bangalore East,Krishnarajapura,K.G.Sonnenahalli,48,200301005026,Bengaluru Urban,Bangalore_East_KRPura3_Sonnenahalli_Revenue_Map,Polygon,77.71642,12.984665,17
Bangalore East,Krishnarajapura,K.G.Sonnenahalli,49,200301005026,Bengaluru Urban,Bangalore_East_KRPura3_Sonnenahalli_Revenue_Map,Polygon,77.717062,12.984673,12
Bangalore East,Krishnarajapura,K.G.Sonnenahalli,43,200301005026,Bengaluru Urban,Bangalore_East_KRPura3_Sonnenahalli_Revenue_Map,Polygon,77.714703,12.984345,17
Bangalore East,Krishnarajapura,K.G.Sonnenahalli,45,200301005026,Bengaluru Urban,Bangalore_East_KRPura3_Sonnenahalli_Revenue_Map,Polygon,77.715104,12.984308,17
Bangalore East,Krishnarajapura,K.G.Sonnenahalli,46,200301005026,Bengaluru Urban,Bangalore_East_KRPura3_Sonnenahalli_Revenue_Map,Polygon,77.715461,12.984155,11
Bangalore East,Krishnarajapura,K.G.Sonnenahalli,51,200301005026,Bengaluru Urban,Bangalore_East_KRPura3_Sonnenahalli_Revenue_Map,Polygon,77.717712,12.983645,28
Bangalore East,Krishnarajapura,K.G.Sonnenahalli,52,200301005026,Bengaluru Urban,Bangalore_East_KRPura3_Sonnenahalli_Revenue_Map,Polygon,77.719006,12.984015,14
Bangalore East,Krishnarajapura,K.G.Sonnenahalli,50,200301005026,Bengaluru Urban,Bangalore_East_KRPura3_Sonnenahalli_Revenue_Map,Polygon,77.716684,12.9837,15
Bangalore East,Krishnarajapura,K.G.Sonnenahalli,31,200301005026,Bengaluru Urban,Bangalore_East_KRPura3_Sonnenahalli_Revenue_Map,Polygon,77.71001,12.983229,11
Bangalore East,Krishnarajapura,K.G.Sonnenahalli,53,200301005026,Bengaluru Urban,Bangalore_East_KRPura3_Sonnenahalli_Revenue_Map,Polygon,77.718925,12.983438,17
Bangalore East,Krishnarajapura,K.G.Sonnenahalli,40,200301005026,Bengaluru Urban,Bangalore_East_KRPura3_Sonnenahalli_Revenue_Map,Polygon,77.715406,12.983602,19
Bangalore East,Krishnarajapura,K.G.Sonnenahalli,41,200301005026,Bengaluru Urban,Bangalore_East_KRPura3_Sonnenahalli_Revenue_Map,Polygon,77.71472,12.983202,19
Bangalore East,Krishnarajapura,K.G.Sonnenahalli,39,200301005026,Bengaluru Urban,Bangalore_East_KRPura3_Sonnenahalli_Revenue_Map,Polygon,77.715734,12.982968,15
Bangalore East,Krishnarajapura,K.G.Sonnenahalli,42,200301005026,Bengaluru Urban,Bangalore_East_KRPura3_Sonnenahalli_Revenue_Map,Polygon,77.714247,12.98307,8
Bangalore East,Krishnarajapura,K.G.Sonnenahalli,1,200301005026,Bengaluru Urban,Bangalore_East_KRPura3_Sonnenahalli_Revenue_Map,Polygon,77.71849,12.982787,21
Bangalore East,Krishnarajapura,K.G.Sonnenahalli,36,200301005026,Bengaluru Urban,Bangalore_East_KRPura3_Sonnenahalli_Revenue_Map,Polygon,77.714929,12.982322,25
Bangalore East,Krishnarajapura,K.G.Sonnenahalli,30,200301005026,Bengaluru Urban,Bangalore_East_KRPura3_Sonnenahalli_Revenue_Map,Polygon,77.710381,12.982372,11
Bangalore East,Krishnarajapura,K.G.Sonnenahalli,SETTLEMENT,200301005026,Bengaluru Urban,Bangalore_East_KRPura3_Sonnenahalli_Revenue_Map,Polygon,77.716783,12.982181,27
Bangalore East,Krishnarajapura,K.G.Sonnenahalli,37,200301005026,Bengaluru Urban,Bangalore_East_KRPura3_Sonnenahalli_Revenue_Map,Polygon,77.715767,12.981853,15
Bangalore East,Krishnarajapura,K.G.Sonnenahalli,38,200301005026,Bengaluru Urban,Bangalore_East_KRPura3_Sonnenahalli_Revenue_Map,Polygon,77.716205,12.981754,15
Bangalore East,Krishnarajapura,K.G.Sonnenahalli,2,200301005026,Bengaluru Urban,Bangalore_East_KRPura3_Sonnenahalli_Revenue_Map,Polygon,77.718389,12.981662,17
Bangalore East,Krishnarajapura,K.G.Sonnenahalli,29,200301005026,Bengaluru Urban,Bangalore_East_KRPura3_Sonnenahalli_Revenue_Map,Polygon,77.710518,12.981576,10
Bangalore East,Krishnarajapura,K.G.Sonnenahalli,35,200301005026,Bengaluru Urban,Bangalore_East_KRPura3_Sonnenahalli_Revenue_Map,Polygon,77.714175,12.981115,11
Bangalore East,Krishnarajapura,K.G.Sonnenahalli,28,200301005026,Bengaluru Urban,Bangalore_East_KRPura3_Sonnenahalli_Revenue_Map,Polygon,77.711106,12.980886,11
Bangalore East,Krishnarajapura,K.G.Sonnenahalli,3,200301005026,Bengaluru Urban,Bangalore_East_KRPura3_Sonnenahalli_Revenue_Map,Polygon,77.717885,12.980765,20
Bangalore East,Krishnarajapura,K.G.Sonnenahalli,25,200301005026,Bengaluru Urban,Bangalore_East_KRPura3_Sonnenahalli_Revenue_Map,Polygon,77.714032,12.980193,22
Bangalore East,Krishnarajapura,K.G.Sonnenahalli,11,200301005026,Bengaluru Urban,Bangalore_East_KRPura3_Sonnenahalli_Revenue_Map,Polygon,77.714515,12.97974,31
Bangalore East,Krishnarajapura,K.G.Sonnenahalli,10,200301005026,Bengaluru Urban,Bangalore_East_KRPura3_Sonnenahalli_Revenue_Map,Polygon,77.715119,12.979799,20
Bangalore East,Krishnarajapura,K.G.Sonnenahalli,9,200301005026,Bengaluru Urban,Bangalore_East_KRPura3_Sonnenahalli_Revenue_Map,Polygon,77.715844,12.979607,21
Bangalore East,Krishnarajapura,K.G.Sonnenahalli,8,200301005026,Bengaluru Urban,Bangalore_East_KRPura3_Sonnenahalli_Revenue_Map,Polygon,77.716478,12.979973,26
Bangalore East,Krishnarajapura,K.G.Sonnenahalli,34,200301005026,Bengaluru Urban,Bangalore_East_KRPura3_Sonnenahalli_Revenue_Map,Polygon,77.712887,12.980687,8
Bangalore East,Krishnarajapura,K.G.Sonnenahalli,4,200301005026,Bengaluru Urban,Bangalore_East_KRPura3_Sonnenahalli_Revenue_Map,Polygon,77.717833,12.979684,21
Bangalore East,Krishnarajapura,K.G.Sonnenahalli,27,200301005026,Bengaluru Urban,Bangalore_East_KRPura3_Sonnenahalli_Revenue_Map,Polygon,77.711165,12.979919,11
Bangalore East,Krishnarajapura,K.G.Sonnenahalli,26,200301005026,Bengaluru Urban,Bangalore_East_KRPura3_Sonnenahalli_Revenue_Map,Polygon,77.712779,12.9799,15
Bangalore East,Krishnarajapura,K.G.Sonnenahalli,23,200301005026,Bengaluru Urban,Bangalore_East_KRPura3_Sonnenahalli_Revenue_Map,Polygon,77.7124,12.978024,20
Bangalore East,Krishnarajapura,K.G.Sonnenahalli,5,200301005026,Bengaluru Urban,Bangalore_East_KRPura3_Sonnenahalli_Revenue_Map,Polygon,77.717731,12.978894,19
Bangalore East,Krishnarajapura,K.G.Sonnenahalli,24,200301005026,Bengaluru Urban,Bangalore_East_KRPura3_Sonnenahalli_Revenue_Map,Polygon,77.713338,12.978839,15
Bangalore East,Krishnarajapura,K.G.Sonnenahalli,7,200301005026,Bengaluru Urban,Bangalore_East_KRPura3_Sonnenahalli_Revenue_Map,Polygon,77.716458,12.978168,16
Bangalore East,Krishnarajapura,K.G.Sonnenahalli,6,200301005026,Bengaluru Urban,Bangalore_East_KRPura3_Sonnenahalli_Revenue_Map,Polygon,77.718099,12.977834,14
Bangalore East,Krishnarajapura,K.G.Sonnenahalli,12,200301005026,Bengaluru Urban,Bangalore_East_KRPura3_Sonnenahalli_Revenue_Map,Polygon,77.713938,12.977667,23
Bangalore East,Krishnarajapura,K.G.Sonnenahalli,13,200301005026,Bengaluru Urban,Bangalore_East_KRPura3_Sonnenahalli_Revenue_Map,Polygon,77.71573,12.976615,35
Bangalore East,Krishnarajapura,K.G.Sonnenahalli,14,200301005026,Bengaluru Urban,Bangalore_East_KRPura3_Sonnenahalli_Revenue_Map,Polygon,77.716922,12.977356,15
Bangalore East,Krishnarajapura,K.G.Sonnenahalli,15,200301005026,Bengaluru Urban,Bangalore_East_KRPura3_Sonnenahalli_Revenue_Map,Polygon,77.718587,12.97702,16
Bangalore East,Krishnarajapura,K.G.Sonnenahalli,22,200301005026,Bengaluru Urban,Bangalore_East_KRPura3_Sonnenahalli_Revenue_Map,Polygon,77.713962,12.976902,22
Bangalore East,Krishnarajapura,K.G.Sonnenahalli,21,200301005026,Bengaluru Urban,Bangalore_East_KRPura3_Sonnenahalli_Revenue_Map,Polygon,77.713336,12.976177,20
Bangalore East,Krishnarajapura,K.G.Sonnenahalli,17,200301005026,Bengaluru Urban,Bangalore_East_KRPura3_Sonnenahalli_Revenue_Map,Polygon,77.71656,12.976285,11
Bangalore East,Krishnarajapura,K.G.Sonnenahalli,16,200301005026,Bengaluru Urban,Bangalore_East_KRPura3_Sonnenahalli_Revenue_Map,Polygon,77.718296,12.975796,14
Bangalore East,Krishnarajapura,K.G.Sonnenahalli,20,200301005026,Bengaluru Urban,Bangalore_East_KRPura3_Sonnenahalli_Revenue_Map,Polygon,77.714636,12.975821,17
Bangalore East,Krishnarajapura,K.G.Sonnenahalli,18,200301005026,Bengaluru Urban,Bangalore_East_KRPura3_Sonnenahalli_Revenue_Map,Polygon,77.716083,12.975288,17
Bangalore East,Krishnarajapura,K.G.Sonnenahalli,19,200301005026,Bengaluru Urban,Bangalore_East_KRPura3_Sonnenahalli_Revenue_Map,Polygon,77.714344,12.974859,22
Bangalore East,Krishnarajapura,K.G.Byrasandra,134,200301005020,Bengaluru Urban,Bangalore_East_Marathahalli_Bairasandra_Revenue_Map,Polygon,77.661182,12.985294,18
Bangalore East,Krishnarajapura,K.G.Byrasandra,ROAD,200301005020,Bengaluru Urban,Bangalore_East_Marathahalli_Bairasandra_Revenue_Map,Polygon,77.661951,12.985651,7
Bangalore East,Krishnarajapura,K.G.Byrasandra,143,200301005020,Bengaluru Urban,Bangalore_East_Marathahalli_Bairasandra_Revenue_Map,Polygon,77.66351,12.985088,18
Bangalore East,Krishnarajapura,K.G.Byrasandra,144,200301005020,Bengaluru Urban,Bangalore_East_Marathahalli_Bairasandra_Revenue_Map,Polygon,77.665711,12.985048,6
Bangalore East,Krishnarajapura,K.G.Byrasandra,1,200301005020,Bengaluru Urban,Bangalore_East_Marathahalli_Bairasandra_Revenue_Map,Polygon,77.66625,12.983976,17
Bangalore East,Krishnarajapura,K.G.Byrasandra,145,200301005020,Bengaluru Urban,Bangalore_East_Marathahalli_Bairasandra_Revenue_Map,Polygon,77.66515,12.983741,17
Bangalore East,Krishnarajapura,K.G.Byrasandra,2,200301005020,Bengaluru Urban,Bangalore_East_Marathahalli_Bairasandra_Revenue_Map,Polygon,77.667095,12.984132,17
Bangalore East,Krishnarajapura,K.G.Byrasandra,132,200301005020,Bengaluru Urban,Bangalore_East_Marathahalli_Bairasandra_Revenue_Map,Polygon,77.660051,12.983874,15
Bangalore East,Krishnarajapura,K.G.Byrasandra,127,200301005020,Bengaluru Urban,Bangalore_East_Marathahalli_Bairasandra_Revenue_Map,Polygon,77.658877,12.984107,15
Bangalore East,Krishnarajapura,K.G.Byrasandra,142,200301005020,Bengaluru Urban,Bangalore_East_Marathahalli_Bairasandra_Revenue_Map,Polygon,77.663875,12.983762,18
Bangalore East,Krishnarajapura,K.G.Byrasandra,133,200301005020,Bengaluru Urban,Bangalore_East_Marathahalli_Bairasandra_Revenue_Map,Polygon,77.660956,12.983763,8
Bangalore East,Krishnarajapura,K.G.Byrasandra,137,200301005020,Bengaluru Urban,Bangalore_East_Marathahalli_Bairasandra_Revenue_Map,Polygon,77.662764,12.983636,16
Bangalore East,Krishnarajapura,K.G.Byrasandra,126,200301005020,Bengaluru Urban,Bangalore_East_Marathahalli_Bairasandra_Revenue_Map,Polygon,77.657962,12.984003,14
Bangalore East,Krishnarajapura,K.G.Byrasandra,3,200301005020,Bengaluru Urban,Bangalore_East_Marathahalli_Bairasandra_Revenue_Map,Polygon,77.66763,12.984296,6
Bangalore East,Krishnarajapura,K.G.Byrasandra,135,200301005020,Bengaluru Urban,Bangalore_East_Marathahalli_Bairasandra_Revenue_Map,Polygon,77.661952,12.983939,8
Bangalore East,Krishnarajapura,K.G.Byrasandra,106,200301005020,Bengaluru Urban,Bangalore_East_Marathahalli_Bairasandra_Revenue_Map,Polygon,77.6569,12.984018,12
Bangalore East,Krishnarajapura,K.G.Byrasandra,PALYA_JOGAPALYA,200301005020,Bengaluru Urban,Bangalore_East_Marathahalli_Bairasandra_Revenue_Map,Polygon,77.654775,12.98355,24
Bangalore East,Krishnarajapura,K.G.Byrasandra,4,200301005020,Bengaluru Urban,Bangalore_East_Marathahalli_Bairasandra_Revenue_Map,Polygon,77.668532,12.983338,17
Bangalore East,Krishnarajapura,K.G.Byrasandra,97,200301005020,Bengaluru Urban,Bangalore_East_Marathahalli_Bairasandra_Revenue_Map,Polygon,77.653246,12.983508,19
Bangalore East,Krishnarajapura,K.G.Byrasandra,105,200301005020,Bengaluru Urban,Bangalore_East_Marathahalli_Bairasandra_Revenue_Map,Polygon,77.65589,12.981972,21
Bangalore East,Krishnarajapura,K.G.Byrasandra,150,200301005020,Bengaluru Urban,Bangalore_East_Marathahalli_Bairasandra_Revenue_Map,Polygon,77.669127,12.982834,12
Bangalore East,Krishnarajapura,K.G.Byrasandra,5_TANK,200301005020,Bengaluru Urban,Bangalore_East_Marathahalli_Bairasandra_Revenue_Map,Polygon,77.669757,12.981362,29
Bangalore East,Krishnarajapura,K.G.Byrasandra,ROAD,200301005020,Bengaluru Urban,Bangalore_East_Marathahalli_Bairasandra_Revenue_Map,Polygon,77.664248,12.983011,15
Bangalore East,Krishnarajapura,K.G.Byrasandra,STREAM,200301005020,Bengaluru Urban,Bangalore_East_Marathahalli_Bairasandra_Revenue_Map,Polygon,77.652632,12.981538,57
Bangalore East,Krishnarajapura,K.G.Byrasandra,141,200301005020,Bengaluru Urban,Bangalore_East_Marathahalli_Bairasandra_Revenue_Map,Polygon,77.663344,12.982744,16
Bangalore East,Krishnarajapura,K.G.Byrasandra,136,200301005020,Bengaluru Urban,Bangalore_East_Marathahalli_Bairasandra_Revenue_Map,Polygon,77.661491,12.982633,13
Bangalore East,Krishnarajapura,K.G.Byrasandra,107,200301005020,Bengaluru Urban,Bangalore_East_Marathahalli_Bairasandra_Revenue_Map,Polygon,77.657013,12.98246,19
Bangalore East,Krishnarajapura,K.G.Byrasandra,7,200301005020,Bengaluru Urban,Bangalore_East_Marathahalli_Bairasandra_Revenue_Map,Polygon,77.667441,12.982655,17
Bangalore East,Krishnarajapura,K.G.Byrasandra,98,200301005020,Bengaluru Urban,Bangalore_East_Marathahalli_Bairasandra_Revenue_Map,Polygon,77.653078,12.982718,23
Bangalore East,Krishnarajapura,K.G.Byrasandra,96,200301005020,Bengaluru Urban,Bangalore_East_Marathahalli_Bairasandra_Revenue_Map,Polygon,77.65124,12.982752,16
Bangalore East,Krishnarajapura,K.G.Byrasandra,125,200301005020,Bengaluru Urban,Bangalore_East_Marathahalli_Bairasandra_Revenue_Map,Polygon,77.658142,12.982717,14
Bangalore East,Krishnarajapura,K.G.Byrasandra,104,200301005020,Bengaluru Urban,Bangalore_East_Marathahalli_Bairasandra_Revenue_Map,Polygon,77.655287,12.981878,19
Bangalore East,Krishnarajapura,K.G.Byrasandra,128,200301005020,Bengaluru Urban,Bangalore_East_Marathahalli_Bairasandra_Revenue_Map,Polygon,77.658939,12.982353,19
Bangalore East,Krishnarajapura,K.G.Byrasandra,140,200301005020,Bengaluru Urban,Bangalore_East_Marathahalli_Bairasandra_Revenue_Map,Polygon,77.664316,12.982137,17
Bangalore East,Krishnarajapura,K.G.Byrasandra,131,200301005020,Bengaluru Urban,Bangalore_East_Marathahalli_Bairasandra_Revenue_Map,Polygon,77.660494,12.982437,18
Bangalore East,Krishnarajapura,K.G.Byrasandra,STREAM,200301005020,Bengaluru Urban,Bangalore_East_Marathahalli_Bairasandra_Revenue_Map,Polygon,77.661949,12.981323,19
Bangalore East,Krishnarajapura,K.G.Byrasandra,SETTLEMENT,200301005020,Bengaluru Urban,Bangalore_East_Marathahalli_Bairasandra_Revenue_Map,Polygon,77.665398,12.982071,13
Bangalore East,Krishnarajapura,K.G.Byrasandra,103,200301005020,Bengaluru Urban,Bangalore_East_Marathahalli_Bairasandra_Revenue_Map,Polygon,77.654597,12.982333,15
Bangalore East,Krishnarajapura,K.G.Byrasandra,138,200301005020,Bengaluru Urban,Bangalore_East_Marathahalli_Bairasandra_Revenue_Map,Polygon,77.662593,12.981748,19
Bangalore East,Krishnarajapura,K.G.Byrasandra,STREAM,200301005020,Bengaluru Urban,Bangalore_East_Marathahalli_Bairasandra_Revenue_Map,Polygon,77.654559,12.981583,26
Bangalore East,Krishnarajapura,K.G.Byrasandra,99,200301005020,Bengaluru Urban,Bangalore_East_Marathahalli_Bairasandra_Revenue_Map,Polygon,77.653237,12.982,17
Bangalore East,Krishnarajapura,K.G.Byrasandra,PALYA,200301005020,Bengaluru Urban,Bangalore_East_Marathahalli_Bairasandra_Revenue_Map,Polygon,77.657802,12.982226,7
Bangalore East,Krishnarajapura,K.G.Byrasandra,94,200301005020,Bengaluru Urban,Bangalore_East_Marathahalli_Bairasandra_Revenue_Map,Polygon,77.651986,12.9817,17
Bangalore East,Krishnarajapura,K.G.Byrasandra,8,200301005020,Bengaluru Urban,Bangalore_East_Marathahalli_Bairasandra_Revenue_Map,Polygon,77.666201,12.98203,12
Bangalore East,Krishnarajapura,K.G.Byrasandra,9,200301005020,Bengaluru Urban,Bangalore_East_Marathahalli_Bairasandra_Revenue_Map,Polygon,77.667015,12.981495,21
Bangalore East,Krishnarajapura,K.G.Byrasandra,6,200301005020,Bengaluru Urban,Bangalore_East_Marathahalli_Bairasandra_Revenue_Map,Polygon,77.668216,12.981259,23
Bangalore East,Krishnarajapura,K.G.Byrasandra,151,200301005020,Bengaluru Urban,Bangalore_East_Marathahalli_Bairasandra_Revenue_Map,Polygon,77.668994,12.981283,12
Bangalore East,Krishnarajapura,K.G.Byrasandra,95,200301005020,Bengaluru Urban,Bangalore_East_Marathahalli_Bairasandra_Revenue_Map,Polygon,77.651158,12.981305,17
Bangalore East,Krishnarajapura,K.G.Byrasandra,STREAM,200301005020,Bengaluru Urban,Bangalore_East_Marathahalli_Bairasandra_Revenue_Map,Polygon,77.656848,12.981353,11
Bangalore East,Krishnarajapura,K.G.Byrasandra,100,200301005020,Bengaluru Urban,Bangalore_East_Marathahalli_Bairasandra_Revenue_Map,Polygon,77.653703,12.981264,15
Bangalore East,Krishnarajapura,K.G.Byrasandra,124,200301005020,Bengaluru Urban,Bangalore_East_Marathahalli_Bairasandra_Revenue_Map,Polygon,77.657621,12.981393,15
Bangalore East,Krishnarajapura,K.G.Byrasandra,102,200301005020,Bengaluru Urban,Bangalore_East_Marathahalli_Bairasandra_Revenue_Map,Polygon,77.654837,12.981502,13
Bangalore East,Krishnarajapura,K.G.Byrasandra,108,200301005020,Bengaluru Urban,Bangalore_East_Marathahalli_Bairasandra_Revenue_Map,Polygon,77.656201,12.980816,12
Bangalore East,Krishnarajapura,K.G.Byrasandra,123,200301005020,Bengaluru Urban,Bangalore_East_Marathahalli_Bairasandra_Revenue_Map,Polygon,77.657939,12.98055,27
Bangalore East,Krishnarajapura,K.G.Byrasandra,129,200301005020,Bengaluru Urban,Bangalore_East_Marathahalli_Bairasandra_Revenue_Map,Polygon,77.659233,12.980854,19
Bangalore East,Krishnarajapura,K.G.Byrasandra,130,200301005020,Bengaluru Urban,Bangalore_East_Marathahalli_Bairasandra_Revenue_Map,Polygon,77.660761,12.980887,18
Bangalore East,Krishnarajapura,K.G.Byrasandra,ROAD,200301005020,Bengaluru Urban,Bangalore_East_Marathahalli_Bairasandra_Revenue_Map,Polygon,77.665676,12.980689,14
Bangalore East,Krishnarajapura,K.G.Byrasandra,10,200301005020,Bengaluru Urban,Bangalore_East_Marathahalli_Bairasandra_Revenue_Map,Polygon,77.666097,12.980707,18
Bangalore East,Krishnarajapura,K.G.Byrasandra,32,200301005020,Bengaluru Urban,Bangalore_East_Marathahalli_Bairasandra_Revenue_Map,Polygon,77.665033,12.980665,25
Bangalore East,Krishnarajapura,K.G.Byrasandra,139,200301005020,Bengaluru Urban,Bangalore_East_Marathahalli_Bairasandra_Revenue_Map,Polygon,77.664033,12.981096,10
Bangalore East,Krishnarajapura,K.G.Byrasandra,101,200301005020,Bengaluru Urban,Bangalore_East_Marathahalli_Bairasandra_Revenue_Map,Polygon,77.654289,12.980491,20
Bangalore East,Krishnarajapura,K.G.Byrasandra,93,200301005020,Bengaluru Urban,Bangalore_East_Marathahalli_Bairasandra_Revenue_Map,Polygon,77.652923,12.980311,19
Bangalore East,Krishnarajapura,K.G.Byrasandra,113,200301005020,Bengaluru Urban,Bangalore_East_Marathahalli_Bairasandra_Revenue_Map,Polygon,77.662724,12.980573,18
Bangalore East,Krishnarajapura,K.G.Byrasandra,114,200301005020,Bengaluru Urban,Bangalore_East_Marathahalli_Bairasandra_Revenue_Map,Polygon,77.661365,12.980084,16
Bangalore East,Krishnarajapura,K.G.Byrasandra,92,200301005020,Bengaluru Urban,Bangalore_East_Marathahalli_Bairasandra_Revenue_Map,Polygon,77.65145,12.980065,18
Bangalore East,Krishnarajapura,K.G.Byrasandra,11,200301005020,Bengaluru Urban,Bangalore_East_Marathahalli_Bairasandra_Revenue_Map,Polygon,77.666699,12.980676,16
Bangalore East,Krishnarajapura,K.G.Byrasandra,13,200301005020,Bengaluru Urban,Bangalore_East_Marathahalli_Bairasandra_Revenue_Map,Polygon,77.667308,12.980395,18
Bangalore East,Krishnarajapura,K.G.Byrasandra,33,200301005020,Bengaluru Urban,Bangalore_East_Marathahalli_Bairasandra_Revenue_Map,Polygon,77.663966,12.979892,17
Bangalore East,Krishnarajapura,K.G.Byrasandra,109_TANK,200301005020,Bengaluru Urban,Bangalore_East_Marathahalli_Bairasandra_Revenue_Map,Polygon,77.655829,12.979304,55
Bangalore East,Krishnarajapura,K.G.Byrasandra,15,200301005020,Bengaluru Urban,Bangalore_East_Marathahalli_Bairasandra_Revenue_Map,Polygon,77.668471,12.980197,12
Bangalore East,Krishnarajapura,K.G.Byrasandra,152,200301005020,Bengaluru Urban,Bangalore_East_Marathahalli_Bairasandra_Revenue_Map,Polygon,77.669543,12.980154,16
Bangalore East,Krishnarajapura,K.G.Byrasandra,30,200301005020,Bengaluru Urban,Bangalore_East_Marathahalli_Bairasandra_Revenue_Map,Polygon,77.665703,12.979999,12
Bangalore East,Krishnarajapura,K.G.Byrasandra,12,200301005020,Bengaluru Urban,Bangalore_East_Marathahalli_Bairasandra_Revenue_Map,Polygon,77.666466,12.980032,6
Bangalore East,Krishnarajapura,K.G.Byrasandra,14,200301005020,Bengaluru Urban,Bangalore_East_Marathahalli_Bairasandra_Revenue_Map,Polygon,77.668009,12.980007,13
Bangalore East,Krishnarajapura,K.G.Byrasandra,21,200301005020,Bengaluru Urban,Bangalore_East_Marathahalli_Bairasandra_Revenue_Map,Polygon,77.667321,12.979742,13
Bangalore East,Krishnarajapura,K.G.Byrasandra,122,200301005020,Bengaluru Urban,Bangalore_East_Marathahalli_Bairasandra_Revenue_Map,Polygon,77.657774,12.979999,10
Bangalore East,Krishnarajapura,K.G.Byrasandra,112_TANK,200301005020,Bengaluru Urban,Bangalore_East_Marathahalli_Bairasandra_Revenue_Map,Polygon,77.66214,12.978378,42
Bangalore East,Krishnarajapura,K.G.Byrasandra,34,200301005020,Bengaluru Urban,Bangalore_East_Marathahalli_Bairasandra_Revenue_Map,Polygon,77.663254,12.97921,13
Bangalore East,Krishnarajapura,K.G.Byrasandra,16,200301005020,Bengaluru Urban,Bangalore_East_Marathahalli_Bairasandra_Revenue_Map,Polygon,77.669197,12.979792,9
Bangalore East,Krishnarajapura,K.G.Byrasandra,17,200301005020,Bengaluru Urban,Bangalore_East_Marathahalli_Bairasandra_Revenue_Map,Polygon,77.66832,12.979728,14
Bangalore East,Krishnarajapura,K.G.Byrasandra,121,200301005020,Bengaluru Urban,Bangalore_East_Marathahalli_Bairasandra_Revenue_Map,Polygon,77.65709,12.979596,14
Bangalore East,Krishnarajapura,K.G.Byrasandra,22,200301005020,Bengaluru Urban,Bangalore_East_Marathahalli_Bairasandra_Revenue_Map,Polygon,77.666826,12.979734,9
Bangalore East,Krishnarajapura,K.G.Byrasandra,119,200301005020,Bengaluru Urban,Bangalore_East_Marathahalli_Bairasandra_Revenue_Map,Polygon,77.657792,12.979416,10
Bangalore East,Krishnarajapura,K.G.Byrasandra,STREAM,200301005020,Bengaluru Urban,Bangalore_East_Marathahalli_Bairasandra_Revenue_Map,Polygon,77.66595,12.977125,104
Bangalore East,Krishnarajapura,K.G.Byrasandra,115,200301005020,Bengaluru Urban,Bangalore_East_Marathahalli_Bairasandra_Revenue_Map,Polygon,77.660245,12.979486,13
Bangalore East,Krishnarajapura,K.G.Byrasandra,26,200301005020,Bengaluru Urban,Bangalore_East_Marathahalli_Bairasandra_Revenue_Map,Polygon,77.666593,12.979302,14
Bangalore East,Krishnarajapura,K.G.Byrasandra,27,200301005020,Bengaluru Urban,Bangalore_East_Marathahalli_Bairasandra_Revenue_Map,Polygon,77.666059,12.979435,11
Bangalore East,Krishnarajapura,K.G.Byrasandra,116,200301005020,Bengaluru Urban,Bangalore_East_Marathahalli_Bairasandra_Revenue_Map,Polygon,77.659592,12.979155,12
Bangalore East,Krishnarajapura,K.G.Byrasandra,31,200301005020,Bengaluru Urban,Bangalore_East_Marathahalli_Bairasandra_Revenue_Map,Polygon,77.665688,12.97878,17
Bangalore East,Krishnarajapura,K.G.Byrasandra,54,200301005020,Bengaluru Urban,Bangalore_East_Marathahalli_Bairasandra_Revenue_Map,Polygon,77.669556,12.978785,28
Bangalore East,Krishnarajapura,K.G.Byrasandra,18,200301005020,Bengaluru Urban,Bangalore_East_Marathahalli_Bairasandra_Revenue_Map,Polygon,77.668417,12.979426,13
Bangalore East,Krishnarajapura,K.G.Byrasandra,19,200301005020,Bengaluru Urban,Bangalore_East_Marathahalli_Bairasandra_Revenue_Map,Polygon,77.6677,12.979195,12
Bangalore East,Krishnarajapura,K.G.Byrasandra,89,200301005020,Bengaluru Urban,Bangalore_East_Marathahalli_Bairasandra_Revenue_Map,Polygon,77.654759,12.978519,26
Bangalore East,Krishnarajapura,K.G.Byrasandra,23,200301005020,Bengaluru Urban,Bangalore_East_Marathahalli_Bairasandra_Revenue_Map,Polygon,77.667062,12.979023,17
Bangalore East,Krishnarajapura,K.G.Byrasandra,153,200301005020,Bengaluru Urban,Bangalore_East_Marathahalli_Bairasandra_Revenue_Map,Polygon,77.670474,12.97916,10
Bangalore East,Krishnarajapura,K.G.Byrasandra,35,200301005020,Bengaluru Urban,Bangalore_East_Marathahalli_Bairasandra_Revenue_Map,Polygon,77.664002,12.978995,16
Bangalore East,Krishnarajapura,K.G.Byrasandra,36,200301005020,Bengaluru Urban,Bangalore_East_Marathahalli_Bairasandra_Revenue_Map,Polygon,77.664863,12.979017,17
Bangalore East,Krishnarajapura,K.G.Byrasandra,20,200301005020,Bengaluru Urban,Bangalore_East_Marathahalli_Bairasandra_Revenue_Map,Polygon,77.667398,12.979016,11
Bangalore East,Krishnarajapura,K.G.Byrasandra,55,200301005020,Bengaluru Urban,Bangalore_East_Marathahalli_Bairasandra_Revenue_Map,Polygon,77.670373,12.978701,15
Bangalore East,Krishnarajapura,K.G.Byrasandra,51,200301005020,Bengaluru Urban,Bangalore_East_Marathahalli_Bairasandra_Revenue_Map,Polygon,77.668304,12.978626,15
Bangalore East,Krishnarajapura,K.G.Byrasandra,90,200301005020,Bengaluru Urban,Bangalore_East_Marathahalli_Bairasandra_Revenue_Map,Polygon,77.65252,12.978398,16
Bangalore East,Krishnarajapura,K.G.Byrasandra,120,200301005020,Bengaluru Urban,Bangalore_East_Marathahalli_Bairasandra_Revenue_Map,Polygon,77.656972,12.979001,11
Bangalore East,Krishnarajapura,K.G.Byrasandra,146,200301005020,Bengaluru Urban,Bangalore_East_Marathahalli_Bairasandra_Revenue_Map,Polygon,77.660342,12.978855,11
Bangalore East,Krishnarajapura,K.G.Byrasandra,25,200301005020,Bengaluru Urban,Bangalore_East_Marathahalli_Bairasandra_Revenue_Map,Polygon,77.666747,12.978737,14
Bangalore East,Krishnarajapura,K.G.Byrasandra,28,200301005020,Bengaluru Urban,Bangalore_East_Marathahalli_Bairasandra_Revenue_Map,Polygon,77.666157,12.978458,9
Bangalore East,Krishnarajapura,K.G.Byrasandra,147,200301005020,Bengaluru Urban,Bangalore_East_Marathahalli_Bairasandra_Revenue_Map,Polygon,77.661289,12.978621,11
Bangalore East,Krishnarajapura,K.G.Byrasandra,118,200301005020,Bengaluru Urban,Bangalore_East_Marathahalli_Bairasandra_Revenue_Map,Polygon,77.657982,12.978323,11
Bangalore East,Krishnarajapura,K.G.Byrasandra,91,200301005020,Bengaluru Urban,Bangalore_East_Marathahalli_Bairasandra_Revenue_Map,Polygon,77.65164,12.978582,11
Bangalore East,Krishnarajapura,K.G.Byrasandra,24,200301005020,Bengaluru Urban,Bangalore_East_Marathahalli_Bairasandra_Revenue_Map,Polygon,77.666745,12.978344,12
Bangalore East,Krishnarajapura,K.G.Byrasandra,117,200301005020,Bengaluru Urban,Bangalore_East_Marathahalli_Bairasandra_Revenue_Map,Polygon,77.659204,12.978143,12
Bangalore East,Krishnarajapura,K.G.Byrasandra,38,200301005020,Bengaluru Urban,Bangalore_East_Marathahalli_Bairasandra_Revenue_Map,Polygon,77.664552,12.977973,16
Bangalore East,Krishnarajapura,K.G.Byrasandra,37,200301005020,Bengaluru Urban,Bangalore_East_Marathahalli_Bairasandra_Revenue_Map,Polygon,77.665175,12.977984,15
Bangalore East,Krishnarajapura,K.G.Byrasandra,40,200301005020,Bengaluru Urban,Bangalore_East_Marathahalli_Bairasandra_Revenue_Map,Polygon,77.663154,12.978369,12
Bangalore East,Krishnarajapura,K.G.Byrasandra,39,200301005020,Bengaluru Urban,Bangalore_East_Marathahalli_Bairasandra_Revenue_Map,Polygon,77.663931,12.978223,16
Bangalore East,Krishnarajapura,K.G.Byrasandra,148,200301005020,Bengaluru Urban,Bangalore_East_Marathahalli_Bairasandra_Revenue_Map,Polygon,77.660527,12.978175,11
Bangalore East,Krishnarajapura,K.G.Byrasandra,87,200301005020,Bengaluru Urban,Bangalore_East_Marathahalli_Bairasandra_Revenue_Map,Polygon,77.653809,12.977228,19
Bangalore East,Krishnarajapura,K.G.Byrasandra,88,200301005020,Bengaluru Urban,Bangalore_East_Marathahalli_Bairasandra_Revenue_Map,Polygon,77.654287,12.977769,13
Bangalore East,Krishnarajapura,K.G.Byrasandra,110,200301005020,Bengaluru Urban,Bangalore_East_Marathahalli_Bairasandra_Revenue_Map,Polygon,77.657612,12.97798,11
Bangalore East,Krishnarajapura,K.G.Byrasandra,50,200301005020,Bengaluru Urban,Bangalore_East_Marathahalli_Bairasandra_Revenue_Map,Polygon,77.666743,12.977137,20
Bangalore East,Krishnarajapura,K.G.Byrasandra,56,200301005020,Bengaluru Urban,Bangalore_East_Marathahalli_Bairasandra_Revenue_Map,Polygon,77.66975,12.977278,19
Bangalore East,Krishnarajapura,K.G.Byrasandra,41,200301005020,Bengaluru Urban,Bangalore_East_Marathahalli_Bairasandra_Revenue_Map,Polygon,77.663754,12.977407,23
Bangalore East,Krishnarajapura,K.G.Byrasandra,52,200301005020,Bengaluru Urban,Bangalore_East_Marathahalli_Bairasandra_Revenue_Map,Polygon,77.667944,12.977278,19
Bangalore East,Krishnarajapura,K.G.Byrasandra,29,200301005020,Bengaluru Urban,Bangalore_East_Marathahalli_Bairasandra_Revenue_Map,Polygon,77.666127,12.977755,12
Bangalore East,Krishnarajapura,K.G.Byrasandra,111,200301005020,Bengaluru Urban,Bangalore_East_Marathahalli_Bairasandra_Revenue_Map,Polygon,77.659706,12.977539,31
Bangalore East,Krishnarajapura,K.G.Byrasandra,149,200301005020,Bengaluru Urban,Bangalore_East_Marathahalli_Bairasandra_Revenue_Map,Polygon,77.660581,12.977676,12
Bangalore East,Krishnarajapura,K.G.Byrasandra,53,200301005020,Bengaluru Urban,Bangalore_East_Marathahalli_Bairasandra_Revenue_Map,Polygon,77.668871,12.976919,13
Bangalore East,Krishnarajapura,K.G.Byrasandra,84,200301005020,Bengaluru Urban,Bangalore_East_Marathahalli_Bairasandra_Revenue_Map,Polygon,77.657077,12.977118,17
Bangalore East,Krishnarajapura,K.G.Byrasandra,49,200301005020,Bengaluru Urban,Bangalore_East_Marathahalli_Bairasandra_Revenue_Map,Polygon,77.667436,12.976569,12
Bangalore East,Krishnarajapura,K.G.Byrasandra,STREAM,200301005020,Bengaluru Urban,Bangalore_East_Marathahalli_Bairasandra_Revenue_Map,Polygon,77.659706,12.97729,30
Bangalore East,Krishnarajapura,K.G.Byrasandra,42,200301005020,Bengaluru Urban,Bangalore_East_Marathahalli_Bairasandra_Revenue_Map,Polygon,77.665231,12.977227,15
Bangalore East,Krishnarajapura,K.G.Byrasandra,75,200301005020,Bengaluru Urban,Bangalore_East_Marathahalli_Bairasandra_Revenue_Map,Polygon,77.662659,12.97663,18
Bangalore East,Krishnarajapura,K.G.Byrasandra,86,200301005020,Bengaluru Urban,Bangalore_East_Marathahalli_Bairasandra_Revenue_Map,Polygon,77.65553,12.976332,16
Bangalore East,Krishnarajapura,K.G.Byrasandra,83,200301005020,Bengaluru Urban,Bangalore_East_Marathahalli_Bairasandra_Revenue_Map,Polygon,77.658302,12.976707,14
Bangalore East,Krishnarajapura,K.G.Byrasandra,76,200301005020,Bengaluru Urban,Bangalore_East_Marathahalli_Bairasandra_Revenue_Map,Polygon,77.661618,12.976654,14
Bangalore East,Krishnarajapura,K.G.Byrasandra,45,200301005020,Bengaluru Urban,Bangalore_East_Marathahalli_Bairasandra_Revenue_Map,Polygon,77.665762,12.976357,16
Bangalore East,Krishnarajapura,K.G.Byrasandra,43,200301005020,Bengaluru Urban,Bangalore_East_Marathahalli_Bairasandra_Revenue_Map,Polygon,77.66513,12.976494,15
Bangalore East,Krishnarajapura,K.G.Byrasandra,82,200301005020,Bengaluru Urban,Bangalore_East_Marathahalli_Bairasandra_Revenue_Map,Polygon,77.659424,12.976463,10
Bangalore East,Krishnarajapura,K.G.Byrasandra,81,200301005020,Bengaluru Urban,Bangalore_East_Marathahalli_Bairasandra_Revenue_Map,Polygon,77.65981,12.976102,9
Bangalore East,Krishnarajapura,K.G.Byrasandra,77,200301005020,Bengaluru Urban,Bangalore_East_Marathahalli_Bairasandra_Revenue_Map,Polygon,77.660832,12.976083,14
Bangalore East,Krishnarajapura,K.G.Byrasandra,74,200301005020,Bengaluru Urban,Bangalore_East_Marathahalli_Bairasandra_Revenue_Map,Polygon,77.663928,12.976149,20
Bangalore East,Krishnarajapura,K.G.Byrasandra,85,200301005020,Bengaluru Urban,Bangalore_East_Marathahalli_Bairasandra_Revenue_Map,Polygon,77.656464,12.975667,15
Bangalore East,Krishnarajapura,K.G.Byrasandra,44,200301005020,Bengaluru Urban,Bangalore_East_Marathahalli_Bairasandra_Revenue_Map,Polygon,77.665282,12.976208,10
Bangalore East,Krishnarajapura,K.G.Byrasandra,46,200301005020,Bengaluru Urban,Bangalore_East_Marathahalli_Bairasandra_Revenue_Map,Polygon,77.664855,12.975297,26
Bangalore East,Krishnarajapura,K.G.Byrasandra,ROAD,200301005020,Bengaluru Urban,Bangalore_East_Marathahalli_Bairasandra_Revenue_Map,Polygon,77.662685,12.975684,20
Bangalore East,Krishnarajapura,K.G.Byrasandra,80,200301005020,Bengaluru Urban,Bangalore_East_Marathahalli_Bairasandra_Revenue_Map,Polygon,77.657894,12.975394,15
Bangalore East,Krishnarajapura,K.G.Byrasandra,72,200301005020,Bengaluru Urban,Bangalore_East_Marathahalli_Bairasandra_Revenue_Map,Polygon,77.661773,12.975228,12
Bangalore East,Krishnarajapura,K.G.Byrasandra,ROAD,200301005020,Bengaluru Urban,Bangalore_East_Marathahalli_Bairasandra_Revenue_Map,Polygon,77.667911,12.97537,36
Bangalore East,Krishnarajapura,K.G.Byrasandra,73,200301005020,Bengaluru Urban,Bangalore_East_Marathahalli_Bairasandra_Revenue_Map,Polygon,77.663357,12.97518,18
Bangalore East,Krishnarajapura,K.G.Byrasandra,48,200301005020,Bengaluru Urban,Bangalore_East_Marathahalli_Bairasandra_Revenue_Map,Polygon,77.667054,12.975073,15
Bangalore East,Krishnarajapura,K.G.Byrasandra,58,200301005020,Bengaluru Urban,Bangalore_East_Marathahalli_Bairasandra_Revenue_Map,Polygon,77.668606,12.974402,26
Bangalore East,Krishnarajapura,K.G.Byrasandra,47,200301005020,Bengaluru Urban,Bangalore_East_Marathahalli_Bairasandra_Revenue_Map,Polygon,77.665626,12.974894,12
Bangalore East,Krishnarajapura,K.G.Byrasandra,57,200301005020,Bengaluru Urban,Bangalore_East_Marathahalli_Bairasandra_Revenue_Map,Polygon,77.669369,12.974417,18
Bangalore East,Krishnarajapura,K.G.Byrasandra,ROAD,200301005020,Bengaluru Urban,Bangalore_East_Marathahalli_Bairasandra_Revenue_Map,Polygon,77.660306,12.974768,41
Bangalore East,Krishnarajapura,K.G.Byrasandra,67,200301005020,Bengaluru Urban,Bangalore_East_Marathahalli_Bairasandra_Revenue_Map,Polygon,77.663748,12.97433,20
Bangalore East,Krishnarajapura,K.G.Byrasandra,79,200301005020,Bengaluru Urban,Bangalore_East_Marathahalli_Bairasandra_Revenue_Map,Polygon,77.658086,12.974298,21
Bangalore East,Krishnarajapura,K.G.Byrasandra,PALYA_GARAGAMANTHANAPALYA,200301005020,Bengaluru Urban,Bangalore_East_Marathahalli_Bairasandra_Revenue_Map,Polygon,77.664961,12.973708,23
Bangalore East,Krishnarajapura,K.G.Byrasandra,71,200301005020,Bengaluru Urban,Bangalore_East_Marathahalli_Bairasandra_Revenue_Map,Polygon,77.661398,12.973825,14
Bangalore East,Krishnarajapura,K.G.Byrasandra,78,200301005020,Bengaluru Urban,Bangalore_East_Marathahalli_Bairasandra_Revenue_Map,Polygon,77.659955,12.973831,15
Bangalore East,Krishnarajapura,K.G.Byrasandra,59,200301005020,Bengaluru Urban,Bangalore_East_Marathahalli_Bairasandra_Revenue_Map,Polygon,77.666735,12.974015,14
Bangalore East,Krishnarajapura,K.G.Byrasandra,68,200301005020,Bengaluru Urban,Bangalore_East_Marathahalli_Bairasandra_Revenue_Map,Polygon,77.66256,12.973856,13
Bangalore East,Krishnarajapura,K.G.Byrasandra,66,200301005020,Bengaluru Urban,Bangalore_East_Marathahalli_Bairasandra_Revenue_Map,Polygon,77.66315,12.972968,21
Bangalore East,Krishnarajapura,K.G.Byrasandra,60,200301005020,Bengaluru Urban,Bangalore_East_Marathahalli_Bairasandra_Revenue_Map,Polygon,77.666647,12.973119,20
Bangalore East,Krishnarajapura,K.G.Byrasandra,65,200301005020,Bengaluru Urban,Bangalore_East_Marathahalli_Bairasandra_Revenue_Map,Polygon,77.664295,12.972464,22
Bangalore East,Krishnarajapura,K.G.Byrasandra,70,200301005020,Bengaluru Urban,Bangalore_East_Marathahalli_Bairasandra_Revenue_Map,Polygon,77.660502,12.972731,9
Bangalore East,Krishnarajapura,K.G.Byrasandra,69,200301005020,Bengaluru Urban,Bangalore_East_Marathahalli_Bairasandra_Revenue_Map,Polygon,77.661932,12.972284,17
Bangalore East,Krishnarajapura,K.G.Byrasandra,61,200301005020,Bengaluru Urban,Bangalore_East_Marathahalli_Bairasandra_Revenue_Map,Polygon,77.665667,12.972377,12
Bangalore East,Krishnarajapura,K.G.Byrasandra,62,200301005020,Bengaluru Urban,Bangalore_East_Marathahalli_Bairasandra_Revenue_Map,Polygon,77.665026,12.971664,11
Bangalore East,Krishnarajapura,K.G.Byrasandra,64_TANK,200301005020,Bengaluru Urban,Bangalore_East_Marathahalli_Bairasandra_Revenue_Map,Polygon,77.663097,12.971715,13
Bangalore East,Krishnarajapura,K.G.Byrasandra,63,200301005020,Bengaluru Urban,Bangalore_East_Marathahalli_Bairasandra_Revenue_Map,Polygon,77.663582,12.971391,18
Bangalore East,Varthur,Belur Nagasandra,25,200301007007,Bengaluru Urban,Bangalore_East_Marathahalli_BelurNagasandra_Revenue_Map,Polygon,77.65597,12.945,12
Bangalore East,Varthur,Belur Nagasandra,23,200301007007,Bengaluru Urban,Bangalore_East_Marathahalli_BelurNagasandra_Revenue_Map,Polygon,77.658076,12.944937,16
Bangalore East,Varthur,Belur Nagasandra,24,200301007007,Bengaluru Urban,Bangalore_East_Marathahalli_BelurNagasandra_Revenue_Map,Polygon,77.656953,12.944874,10
Bangalore East,Varthur,Belur Nagasandra,27,200301007007,Bengaluru Urban,Bangalore_East_Marathahalli_BelurNagasandra_Revenue_Map,Polygon,77.656658,12.943787,19
Bangalore East,Varthur,Belur Nagasandra,26,200301007007,Bengaluru Urban,Bangalore_East_Marathahalli_BelurNagasandra_Revenue_Map,Polygon,77.656591,12.944468,7
Bangalore East,Varthur,Belur Nagasandra,22,200301007007,Bengaluru Urban,Bangalore_East_Marathahalli_BelurNagasandra_Revenue_Map,Polygon,77.658234,12.943919,16
Bangalore East,Varthur,Belur Nagasandra,SETTLEMENT,200301007007,Bengaluru Urban,Bangalore_East_Marathahalli_BelurNagasandra_Revenue_Map,Polygon,77.655824,12.943266,13
Bangalore East,Varthur,Belur Nagasandra,21,200301007007,Bengaluru Urban,Bangalore_East_Marathahalli_BelurNagasandra_Revenue_Map,Polygon,77.658729,12.943268,5
Bangalore East,Varthur,Belur Nagasandra,28,200301007007,Bengaluru Urban,Bangalore_East_Marathahalli_BelurNagasandra_Revenue_Map,Polygon,77.657293,12.943165,5
Bangalore East,Varthur,Belur Nagasandra,20,200301007007,Bengaluru Urban,Bangalore_East_Marathahalli_BelurNagasandra_Revenue_Map,Polygon,77.659069,12.943068,9
Bangalore East,Varthur,Belur Nagasandra,2,200301007007,Bengaluru Urban,Bangalore_East_Marathahalli_BelurNagasandra_Revenue_Map,Polygon,77.654075,12.942155,14
Bangalore East,Varthur,Belur Nagasandra,ROAD,200301007007,Bengaluru Urban,Bangalore_East_Marathahalli_BelurNagasandra_Revenue_Map,Polygon,77.657664,12.942991,8
Bangalore East,Varthur,Belur Nagasandra,19,200301007007,Bengaluru Urban,Bangalore_East_Marathahalli_BelurNagasandra_Revenue_Map,Polygon,77.659177,12.94295,8
Bangalore East,Varthur,Belur Nagasandra,1,200301007007,Bengaluru Urban,Bangalore_East_Marathahalli_BelurNagasandra_Revenue_Map,Polygon,77.655457,12.942592,8
Bangalore East,Varthur,Belur Nagasandra,ROAD,200301007007,Bengaluru Urban,Bangalore_East_Marathahalli_BelurNagasandra_Revenue_Map,Polygon,77.656329,12.942334,6
Bangalore East,Varthur,Belur Nagasandra,29,200301007007,Bengaluru Urban,Bangalore_East_Marathahalli_BelurNagasandra_Revenue_Map,Polygon,77.657797,12.942318,12
Bangalore East,Varthur,Belur Nagasandra,18,200301007007,Bengaluru Urban,Bangalore_East_Marathahalli_BelurNagasandra_Revenue_Map,Polygon,77.658989,12.94274,6
Bangalore East,Varthur,Belur Nagasandra,15,200301007007,Bengaluru Urban,Bangalore_East_Marathahalli_BelurNagasandra_Revenue_Map,Polygon,77.658998,12.940062,30
Bangalore East,Varthur,Belur Nagasandra,5,200301007007,Bengaluru Urban,Bangalore_East_Marathahalli_BelurNagasandra_Revenue_Map,Polygon,77.655041,12.941707,8
Bangalore East,Varthur,Belur Nagasandra,6,200301007007,Bengaluru Urban,Bangalore_East_Marathahalli_BelurNagasandra_Revenue_Map,Polygon,77.655678,12.941729,8
Bangalore East,Varthur,Belur Nagasandra,4,200301007007,Bengaluru Urban,Bangalore_East_Marathahalli_BelurNagasandra_Revenue_Map,Polygon,77.654672,12.941581,7
Bangalore East,Varthur,Belur Nagasandra,8,200301007007,Bengaluru Urban,Bangalore_East_Marathahalli_BelurNagasandra_Revenue_Map,Polygon,77.656651,12.941274,7
Bangalore East,Varthur,Belur Nagasandra,17,200301007007,Bengaluru Urban,Bangalore_East_Marathahalli_BelurNagasandra_Revenue_Map,Polygon,77.660595,12.939696,14
Bangalore East,Varthur,Belur Nagasandra,9,200301007007,Bengaluru Urban,Bangalore_East_Marathahalli_BelurNagasandra_Revenue_Map,Polygon,77.658269,12.941192,6
Bangalore East,Varthur,Belur Nagasandra,16,200301007007,Bengaluru Urban,Bangalore_East_Marathahalli_BelurNagasandra_Revenue_Map,Polygon,77.659511,12.939603,17
Bangalore East,Varthur,Belur Nagasandra,3,200301007007,Bengaluru Urban,Bangalore_East_Marathahalli_BelurNagasandra_Revenue_Map,Polygon,77.654064,12.941081,7
Bangalore East,Varthur,Belur Nagasandra,7,200301007007,Bengaluru Urban,Bangalore_East_Marathahalli_BelurNagasandra_Revenue_Map,Polygon,77.655414,12.940978,8
Bangalore East,Varthur,Belur Nagasandra,10,200301007007,Bengaluru Urban,Bangalore_East_Marathahalli_BelurNagasandra_Revenue_Map,Polygon,77.657297,12.940761,8
Bangalore East,Varthur,Belur Nagasandra,11,200301007007,Bengaluru Urban,Bangalore_East_Marathahalli_BelurNagasandra_Revenue_Map,Polygon,77.656539,12.940182,10
Bangalore East,Varthur,Belur Nagasandra,12,200301007007,Bengaluru Urban,Bangalore_East_Marathahalli_BelurNagasandra_Revenue_Map,Polygon,77.657634,12.938843,9
Bangalore East,Varthur,Belur Nagasandra,13,200301007007,Bengaluru Urban,Bangalore_East_Marathahalli_BelurNagasandra_Revenue_Map,Polygon,77.656839,12.938758,4
Bangalore East,Varthur,Belur Nagasandra,14,200301007007,Bengaluru Urban,Bangalore_East_Marathahalli_BelurNagasandra_Revenue_Map,Polygon,77.658387,12.937894,5
Bangalore East,Varthur,Kempapura,27,200301007025,Bengaluru Urban,Bangalore_East_Marathahalli_Kempapura_Revenue_Map,Polygon,77.672165,12.954189,15
Bangalore East,Varthur,Kempapura,26,200301007025,Bengaluru Urban,Bangalore_East_Marathahalli_Kempapura_Revenue_Map,Polygon,77.673479,12.954348,11
Bangalore East,Varthur,Kempapura,25,200301007025,Bengaluru Urban,Bangalore_East_Marathahalli_Kempapura_Revenue_Map,Polygon,77.673068,12.952182,5
Bangalore East,Varthur,Kempapura,24_TANK,200301007025,Bengaluru Urban,Bangalore_East_Marathahalli_Kempapura_Revenue_Map,Polygon,77.674839,12.950276,12
Bangalore East,Varthur,Kempapura,28,200301007025,Bengaluru Urban,Bangalore_East_Marathahalli_Kempapura_Revenue_Map,Polygon,77.672401,12.950495,10
Bangalore East,Varthur,Kempapura,23,200301007025,Bengaluru Urban,Bangalore_East_Marathahalli_Kempapura_Revenue_Map,Polygon,77.676237,12.949744,9
Bangalore East,Varthur,Kempapura,22,200301007025,Bengaluru Urban,Bangalore_East_Marathahalli_Kempapura_Revenue_Map,Polygon,77.677348,12.950166,7
Bangalore East,Varthur,Kempapura,29,200301007025,Bengaluru Urban,Bangalore_East_Marathahalli_Kempapura_Revenue_Map,Polygon,77.673992,12.949293,10
Bangalore East,Varthur,Kempapura,21,200301007025,Bengaluru Urban,Bangalore_East_Marathahalli_Kempapura_Revenue_Map,Polygon,77.677319,12.948775,8
Bangalore East,Varthur,Kempapura,30,200301007025,Bengaluru Urban,Bangalore_East_Marathahalli_Kempapura_Revenue_Map,Polygon,77.675082,12.948529,12
Bangalore East,Varthur,Kempapura,39,200301007025,Bengaluru Urban,Bangalore_East_Marathahalli_Kempapura_Revenue_Map,Polygon,77.671948,12.94849,13
Bangalore East,Varthur,Kempapura,38,200301007025,Bengaluru Urban,Bangalore_East_Marathahalli_Kempapura_Revenue_Map,Polygon,77.673785,12.948319,10
Bangalore East,Varthur,Kempapura,20,200301007025,Bengaluru Urban,Bangalore_East_Marathahalli_Kempapura_Revenue_Map,Polygon,77.676296,12.947745,14
Bangalore East,Varthur,Kempapura,31,200301007025,Bengaluru Urban,Bangalore_East_Marathahalli_Kempapura_Revenue_Map,Polygon,77.67434,12.947746,9
Bangalore East,Varthur,Kempapura,37,200301007025,Bengaluru Urban,Bangalore_East_Marathahalli_Kempapura_Revenue_Map,Polygon,77.673172,12.947338,8
Bangalore East,Varthur,Kempapura,36,200301007025,Bengaluru Urban,Bangalore_East_Marathahalli_Kempapura_Revenue_Map,Polygon,77.673664,12.947641,5
Bangalore East,Varthur,Kempapura,32,200301007025,Bengaluru Urban,Bangalore_East_Marathahalli_Kempapura_Revenue_Map,Polygon,77.675062,12.947207,7
Bangalore East,Varthur,Kempapura,40,200301007025,Bengaluru Urban,Bangalore_East_Marathahalli_Kempapura_Revenue_Map,Polygon,77.67097,12.946993,6
Bangalore East,Varthur,Kempapura,SETTLEMENT,200301007025,Bengaluru Urban,Bangalore_East_Marathahalli_Kempapura_Revenue_Map,Polygon,77.672473,12.946695,12
Bangalore East,Varthur,Kempapura,35,200301007025,Bengaluru Urban,Bangalore_East_Marathahalli_Kempapura_Revenue_Map,Polygon,77.67338,12.946558,8
Bangalore East,Varthur,Kempapura,18,200301007025,Bengaluru Urban,Bangalore_East_Marathahalli_Kempapura_Revenue_Map,Polygon,77.676687,12.945666,20
Bangalore East,Varthur,Kempapura,19,200301007025,Bengaluru Urban,Bangalore_East_Marathahalli_Kempapura_Revenue_Map,Polygon,77.677447,12.946528,8
Bangalore East,Varthur,Kempapura,34,200301007025,Bengaluru Urban,Bangalore_East_Marathahalli_Kempapura_Revenue_Map,Polygon,77.673954,12.946567,6
Bangalore East,Varthur,Kempapura,ROAD,200301007025,Bengaluru Urban,Bangalore_East_Marathahalli_Kempapura_Revenue_Map,Polygon,77.670923,12.946386,13
Bangalore East,Varthur,Kempapura,33,200301007025,Bengaluru Urban,Bangalore_East_Marathahalli_Kempapura_Revenue_Map,Polygon,77.675077,12.946302,6
Bangalore East,Varthur,Kempapura,XX,200301007025,Bengaluru Urban,Bangalore_East_Marathahalli_Kempapura_Revenue_Map,Polygon,77.674414,12.945887,10
Bangalore East,Varthur,Kempapura,17,200301007025,Bengaluru Urban,Bangalore_East_Marathahalli_Kempapura_Revenue_Map,Polygon,77.675633,12.94558,11
Bangalore East,Varthur,Kempapura,1,200301007025,Bengaluru Urban,Bangalore_East_Marathahalli_Kempapura_Revenue_Map,Polygon,77.67153,12.945901,7
Bangalore East,Varthur,Kempapura,2,200301007025,Bengaluru Urban,Bangalore_East_Marathahalli_Kempapura_Revenue_Map,Polygon,77.671812,12.945197,22
Bangalore East,Varthur,Kempapura,10,200301007025,Bengaluru Urban,Bangalore_East_Marathahalli_Kempapura_Revenue_Map,Polygon,77.674476,12.944889,10
Bangalore East,Varthur,Kempapura,7,200301007025,Bengaluru Urban,Bangalore_East_Marathahalli_Kempapura_Revenue_Map,Polygon,77.673158,12.944586,15
Bangalore East,Varthur,Kempapura,11,200301007025,Bengaluru Urban,Bangalore_East_Marathahalli_Kempapura_Revenue_Map,Polygon,77.675542,12.943951,18
Bangalore East,Varthur,Kempapura,16,200301007025,Bengaluru Urban,Bangalore_East_Marathahalli_Kempapura_Revenue_Map,Polygon,77.676419,12.94434,19
Bangalore East,Varthur,Kempapura,3,200301007025,Bengaluru Urban,Bangalore_East_Marathahalli_Kempapura_Revenue_Map,Polygon,77.67185,12.944076,13
Bangalore East,Varthur,Kempapura,9,200301007025,Bengaluru Urban,Bangalore_East_Marathahalli_Kempapura_Revenue_Map,Polygon,77.674044,12.943879,6
Bangalore East,Varthur,Kempapura,6_TANK,200301007025,Bengaluru Urban,Bangalore_East_Marathahalli_Kempapura_Revenue_Map,Polygon,77.673716,12.942627,15
Bangalore East,Varthur,Kempapura,15,200301007025,Bengaluru Urban,Bangalore_East_Marathahalli_Kempapura_Revenue_Map,Polygon,77.678082,12.94338,24
Bangalore East,Varthur,Kempapura,8,200301007025,Bengaluru Urban,Bangalore_East_Marathahalli_Kempapura_Revenue_Map,Polygon,77.67371,12.943848,6
Bangalore East,Varthur,Kempapura,14,200301007025,Bengaluru Urban,Bangalore_East_Marathahalli_Kempapura_Revenue_Map,Polygon,77.677029,12.942689,6
Bangalore East,Varthur,Kempapura,4,200301007025,Bengaluru Urban,Bangalore_East_Marathahalli_Kempapura_Revenue_Map,Polygon,77.672324,12.943025,6
Bangalore East,Varthur,Kempapura,12,200301007025,Bengaluru Urban,Bangalore_East_Marathahalli_Kempapura_Revenue_Map,Polygon,77.675369,12.942255,6
Bangalore East,Varthur,Kempapura,13,200301007025,Bengaluru Urban,Bangalore_East_Marathahalli_Kempapura_Revenue_Map,Polygon,77.676055,12.942257,5
Bangalore East,Varthur,Kempapura,5,200301007025,Bengaluru Urban,Bangalore_East_Marathahalli_Kempapura_Revenue_Map,Polygon,77.671891,12.942481,6
Bangalore East,Varthur,Kodihalli,ROAD,200301007028,Bengaluru Urban,Bangalore_East_Marathahalli_Kodihalli_Revenue_Map,Polygon,77.659479,12.970736,30
Bangalore East,Varthur,Kodihalli,36,200301007028,Bengaluru Urban,Bangalore_East_Marathahalli_Kodihalli_Revenue_Map,Polygon,77.656662,12.970547,12
Bangalore East,Varthur,Kodihalli,37,200301007028,Bengaluru Urban,Bangalore_East_Marathahalli_Kodihalli_Revenue_Map,Polygon,77.656943,12.970771,10
Bangalore East,Varthur,Kodihalli,38,200301007028,Bengaluru Urban,Bangalore_East_Marathahalli_Kodihalli_Revenue_Map,Polygon,77.65801,12.969846,31
Bangalore East,Varthur,Kodihalli,41,200301007028,Bengaluru Urban,Bangalore_East_Marathahalli_Kodihalli_Revenue_Map,Polygon,77.659461,12.970491,12
Bangalore East,Varthur,Kodihalli,31,200301007028,Bengaluru Urban,Bangalore_East_Marathahalli_Kodihalli_Revenue_Map,Polygon,77.654541,12.97059,14
Bangalore East,Varthur,Kodihalli,STREAM,200301007028,Bengaluru Urban,Bangalore_East_Marathahalli_Kodihalli_Revenue_Map,Polygon,77.656387,12.970228,19
Bangalore East,Varthur,Kodihalli,STREAM,200301007028,Bengaluru Urban,Bangalore_East_Marathahalli_Kodihalli_Revenue_Map,Polygon,77.652913,12.970458,18
Bangalore East,Varthur,Kodihalli,42,200301007028,Bengaluru Urban,Bangalore_East_Marathahalli_Kodihalli_Revenue_Map,Polygon,77.661268,12.969571,11
Bangalore East,Varthur,Kodihalli,30,200301007028,Bengaluru Urban,Bangalore_East_Marathahalli_Kodihalli_Revenue_Map,Polygon,77.653091,12.969761,14
Bangalore East,Varthur,Kodihalli,35,200301007028,Bengaluru Urban,Bangalore_East_Marathahalli_Kodihalli_Revenue_Map,Polygon,77.65627,12.969915,7
Bangalore East,Varthur,Kodihalli,43,200301007028,Bengaluru Urban,Bangalore_East_Marathahalli_Kodihalli_Revenue_Map,Polygon,77.662303,12.969655,10
Bangalore East,Varthur,Kodihalli,12,200301007028,Bengaluru Urban,Bangalore_East_Marathahalli_Kodihalli_Revenue_Map,Polygon,77.651376,12.969773,20
Bangalore East,Varthur,Kodihalli,40,200301007028,Bengaluru Urban,Bangalore_East_Marathahalli_Kodihalli_Revenue_Map,Polygon,77.659221,12.969487,25
Bangalore East,Varthur,Kodihalli,32,200301007028,Bengaluru Urban,Bangalore_East_Marathahalli_Kodihalli_Revenue_Map,Polygon,77.65425,12.969564,9
Bangalore East,Varthur,Kodihalli,34,200301007028,Bengaluru Urban,Bangalore_East_Marathahalli_Kodihalli_Revenue_Map,Polygon,77.656718,12.969469,7
Bangalore East,Varthur,Kodihalli,33,200301007028,Bengaluru Urban,Bangalore_East_Marathahalli_Kodihalli_Revenue_Map,Polygon,77.65603,12.969244,8
Bangalore East,Varthur,Kodihalli,STREAM,200301007028,Bengaluru Urban,Bangalore_East_Marathahalli_Kodihalli_Revenue_Map,Polygon,77.658052,12.969551,59
Bangalore East,Varthur,Kodihalli,59,200301007028,Bengaluru Urban,Bangalore_East_Marathahalli_Kodihalli_Revenue_Map,Polygon,77.657109,12.968867,9
Bangalore East,Varthur,Kodihalli,STREAM,200301007028,Bengaluru Urban,Bangalore_East_Marathahalli_Kodihalli_Revenue_Map,Polygon,77.658765,12.969466,15
Bangalore East,Varthur,Kodihalli,38,200301007028,Bengaluru Urban,Bangalore_East_Marathahalli_Kodihalli_Revenue_Map,Polygon,77.658187,12.969418,34
Bangalore East,Varthur,Kodihalli,11,200301007028,Bengaluru Urban,Bangalore_East_Marathahalli_Kodihalli_Revenue_Map,Polygon,77.649039,12.969002,21
Bangalore East,Varthur,Kodihalli,STREAM,200301007028,Bengaluru Urban,Bangalore_East_Marathahalli_Kodihalli_Revenue_Map,Polygon,77.649905,12.968857,23
Bangalore East,Varthur,Kodihalli,13,200301007028,Bengaluru Urban,Bangalore_East_Marathahalli_Kodihalli_Revenue_Map,Polygon,77.651076,12.969023,6
Bangalore East,Varthur,Kodihalli,39,200301007028,Bengaluru Urban,Bangalore_East_Marathahalli_Kodihalli_Revenue_Map,Polygon,77.658587,12.96885,11
Bangalore East,Varthur,Kodihalli,29,200301007028,Bengaluru Urban,Bangalore_East_Marathahalli_Kodihalli_Revenue_Map,Polygon,77.652224,12.968716,8
Bangalore East,Varthur,Kodihalli,45,200301007028,Bengaluru Urban,Bangalore_East_Marathahalli_Kodihalli_Revenue_Map,Polygon,77.661029,12.968329,13
Bangalore East,Varthur,Kodihalli,44,200301007028,Bengaluru Urban,Bangalore_East_Marathahalli_Kodihalli_Revenue_Map,Polygon,77.662469,12.96848,8
Bangalore East,Varthur,Kodihalli,28,200301007028,Bengaluru Urban,Bangalore_East_Marathahalli_Kodihalli_Revenue_Map,Polygon,77.653642,12.968402,12
Bangalore East,Varthur,Kodihalli,62,200301007028,Bengaluru Urban,Bangalore_East_Marathahalli_Kodihalli_Revenue_Map,Polygon,77.655245,12.968512,9
Bangalore East,Varthur,Kodihalli,58,200301007028,Bengaluru Urban,Bangalore_East_Marathahalli_Kodihalli_Revenue_Map,Polygon,77.659093,12.968018,15
Bangalore East,Varthur,Kodihalli,3_TANK,200301007028,Bengaluru Urban,Bangalore_East_Marathahalli_Kodihalli_Revenue_Map,Polygon,77.64687,12.966821,35
Bangalore East,Varthur,Kodihalli,10,200301007028,Bengaluru Urban,Bangalore_East_Marathahalli_Kodihalli_Revenue_Map,Polygon,77.649638,12.968142,13
Bangalore East,Varthur,Kodihalli,9,200301007028,Bengaluru Urban,Bangalore_East_Marathahalli_Kodihalli_Revenue_Map,Polygon,77.648767,12.967732,14
Bangalore East,Varthur,Kodihalli,14,200301007028,Bengaluru Urban,Bangalore_East_Marathahalli_Kodihalli_Revenue_Map,Polygon,77.650883,12.96784,7
Bangalore East,Varthur,Kodihalli,63,200301007028,Bengaluru Urban,Bangalore_East_Marathahalli_Kodihalli_Revenue_Map,Polygon,77.6549,12.967853,8
Bangalore East,Varthur,Kodihalli,61,200301007028,Bengaluru Urban,Bangalore_East_Marathahalli_Kodihalli_Revenue_Map,Polygon,77.656042,12.967435,10
Bangalore East,Varthur,Kodihalli,60,200301007028,Bengaluru Urban,Bangalore_East_Marathahalli_Kodihalli_Revenue_Map,Polygon,77.6571,12.967221,13
Bangalore East,Varthur,Kodihalli,26,200301007028,Bengaluru Urban,Bangalore_East_Marathahalli_Kodihalli_Revenue_Map,Polygon,77.652388,12.96739,12
Bangalore East,Varthur,Kodihalli,15,200301007028,Bengaluru Urban,Bangalore_East_Marathahalli_Kodihalli_Revenue_Map,Polygon,77.649903,12.967105,15
Bangalore East,Varthur,Kodihalli,46,200301007028,Bengaluru Urban,Bangalore_East_Marathahalli_Kodihalli_Revenue_Map,Polygon,77.660634,12.96753,8
Bangalore East,Varthur,Kodihalli,27,200301007028,Bengaluru Urban,Bangalore_East_Marathahalli_Kodihalli_Revenue_Map,Polygon,77.653791,12.967384,11
Bangalore East,Varthur,Kodihalli,8,200301007028,Bengaluru Urban,Bangalore_East_Marathahalli_Kodihalli_Revenue_Map,Polygon,77.648052,12.967334,7
Bangalore East,Varthur,Kodihalli,7,200301007028,Bengaluru Urban,Bangalore_East_Marathahalli_Kodihalli_Revenue_Map,Polygon,77.648339,12.967197,8
Bangalore East,Varthur,Kodihalli,50,200301007028,Bengaluru Urban,Bangalore_East_Marathahalli_Kodihalli_Revenue_Map,Polygon,77.66196,12.966225,19
Bangalore East,Varthur,Kodihalli,47,200301007028,Bengaluru Urban,Bangalore_East_Marathahalli_Kodihalli_Revenue_Map,Polygon,77.66032,12.967043,14
Bangalore East,Varthur,Kodihalli,57,200301007028,Bengaluru Urban,Bangalore_East_Marathahalli_Kodihalli_Revenue_Map,Polygon,77.658695,12.966861,13
Bangalore East,Varthur,Kodihalli,64,200301007028,Bengaluru Urban,Bangalore_East_Marathahalli_Kodihalli_Revenue_Map,Polygon,77.655139,12.966689,16
Bangalore East,Varthur,Kodihalli,66,200301007028,Bengaluru Urban,Bangalore_East_Marathahalli_Kodihalli_Revenue_Map,Polygon,77.653482,12.966404,9
Bangalore East,Varthur,Kodihalli,25,200301007028,Bengaluru Urban,Bangalore_East_Marathahalli_Kodihalli_Revenue_Map,Polygon,77.650941,12.966604,10
Bangalore East,Varthur,Kodihalli,65,200301007028,Bengaluru Urban,Bangalore_East_Marathahalli_Kodihalli_Revenue_Map,Polygon,77.654333,12.965867,13
Bangalore East,Varthur,Kodihalli,48,200301007028,Bengaluru Urban,Bangalore_East_Marathahalli_Kodihalli_Revenue_Map,Polygon,77.660581,12.966866,6
Bangalore East,Varthur,Kodihalli,49,200301007028,Bengaluru Urban,Bangalore_East_Marathahalli_Kodihalli_Revenue_Map,Polygon,77.661221,12.966566,13
Bangalore East,Varthur,Kodihalli,55,200301007028,Bengaluru Urban,Bangalore_East_Marathahalli_Kodihalli_Revenue_Map,Polygon,77.657891,12.966503,9
Bangalore East,Varthur,Kodihalli,STREAM,200301007028,Bengaluru Urban,Bangalore_East_Marathahalli_Kodihalli_Revenue_Map,Polygon,77.648135,12.966656,16
Bangalore East,Varthur,Kodihalli,6,200301007028,Bengaluru Urban,Bangalore_East_Marathahalli_Kodihalli_Revenue_Map,Polygon,77.648654,12.966794,6
Bangalore East,Varthur,Kodihalli,16,200301007028,Bengaluru Urban,Bangalore_East_Marathahalli_Kodihalli_Revenue_Map,Polygon,77.648746,12.966409,16
Bangalore East,Varthur,Kodihalli,4,200301007028,Bengaluru Urban,Bangalore_East_Marathahalli_Kodihalli_Revenue_Map,Polygon,77.647444,12.966011,12
Bangalore East,Varthur,Kodihalli,24,200301007028,Bengaluru Urban,Bangalore_East_Marathahalli_Kodihalli_Revenue_Map,Polygon,77.652302,12.966112,10
Bangalore East,Varthur,Kodihalli,17,200301007028,Bengaluru Urban,Bangalore_East_Marathahalli_Kodihalli_Revenue_Map,Polygon,77.648962,12.965839,19
Bangalore East,Varthur,Kodihalli,5,200301007028,Bengaluru Urban,Bangalore_East_Marathahalli_Kodihalli_Revenue_Map,Polygon,77.648015,12.965941,11
Bangalore East,Varthur,Kodihalli,51,200301007028,Bengaluru Urban,Bangalore_East_Marathahalli_Kodihalli_Revenue_Map,Polygon,77.660349,12.966022,17
Bangalore East,Varthur,Kodihalli,56,200301007028,Bengaluru Urban,Bangalore_East_Marathahalli_Kodihalli_Revenue_Map,Polygon,77.658941,12.966165,8
Bangalore East,Varthur,Kodihalli,STREAM,200301007028,Bengaluru Urban,Bangalore_East_Marathahalli_Kodihalli_Revenue_Map,Polygon,77.648659,12.966212,27
Bangalore East,Varthur,Kodihalli,76,200301007028,Bengaluru Urban,Bangalore_East_Marathahalli_Kodihalli_Revenue_Map,Polygon,77.655635,12.966032,7
Bangalore East,Varthur,Kodihalli,77,200301007028,Bengaluru Urban,Bangalore_East_Marathahalli_Kodihalli_Revenue_Map,Polygon,77.656586,12.965744,13
Bangalore East,Varthur,Kodihalli,198,200301007028,Bengaluru Urban,Bangalore_East_Marathahalli_Kodihalli_Revenue_Map,Polygon,77.644247,12.966141,9
Bangalore East,Varthur,Kodihalli,199,200301007028,Bengaluru Urban,Bangalore_East_Marathahalli_Kodihalli_Revenue_Map,Polygon,77.644617,12.965867,8
Bangalore East,Varthur,Kodihalli,18,200301007028,Bengaluru Urban,Bangalore_East_Marathahalli_Kodihalli_Revenue_Map,Polygon,77.649815,12.965351,16
Bangalore East,Varthur,Kodihalli,16,200301007028,Bengaluru Urban,Bangalore_East_Marathahalli_Kodihalli_Revenue_Map,Polygon,77.64851,12.965937,13
Bangalore East,Varthur,Kodihalli,54,200301007028,Bengaluru Urban,Bangalore_East_Marathahalli_Kodihalli_Revenue_Map,Polygon,77.658001,12.965434,8
Bangalore East,Varthur,Kodihalli,21,200301007028,Bengaluru Urban,Bangalore_East_Marathahalli_Kodihalli_Revenue_Map,Polygon,77.650811,12.965246,13
Bangalore East,Varthur,Kodihalli,STREAM,200301007028,Bengaluru Urban,Bangalore_East_Marathahalli_Kodihalli_Revenue_Map,Polygon,77.648808,12.966006,13
Bangalore East,Varthur,Kodihalli,200,200301007028,Bengaluru Urban,Bangalore_East_Marathahalli_Kodihalli_Revenue_Map,Polygon,77.645598,12.965383,12
Bangalore East,Varthur,Kodihalli,52,200301007028,Bengaluru Urban,Bangalore_East_Marathahalli_Kodihalli_Revenue_Map,Polygon,77.659627,12.965316,21
Bangalore East,Varthur,Kodihalli,75,200301007028,Bengaluru Urban,Bangalore_East_Marathahalli_Kodihalli_Revenue_Map,Polygon,77.654902,12.965268,18
Bangalore East,Varthur,Kodihalli,74,200301007028,Bengaluru Urban,Bangalore_East_Marathahalli_Kodihalli_Revenue_Map,Polygon,77.655601,12.964621,19
Bangalore East,Varthur,Kodihalli,190,200301007028,Bengaluru Urban,Bangalore_East_Marathahalli_Kodihalli_Revenue_Map,Polygon,77.642944,12.965437,20
Bangalore East,Varthur,Kodihalli,195,200301007028,Bengaluru Urban,Bangalore_East_Marathahalli_Kodihalli_Revenue_Map,Polygon,77.643954,12.96562,7
Bangalore East,Varthur,Kodihalli,196,200301007028,Bengaluru Urban,Bangalore_East_Marathahalli_Kodihalli_Revenue_Map,Polygon,77.644047,12.965652,7
Bangalore East,Varthur,Kodihalli,194,200301007028,Bengaluru Urban,Bangalore_East_Marathahalli_Kodihalli_Revenue_Map,Polygon,77.643774,12.965583,7
Bangalore East,Varthur,Kodihalli,193,200301007028,Bengaluru Urban,Bangalore_East_Marathahalli_Kodihalli_Revenue_Map,Polygon,77.643572,12.965614,8
Bangalore East,Varthur,Kodihalli,191,200301007028,Bengaluru Urban,Bangalore_East_Marathahalli_Kodihalli_Revenue_Map,Polygon,77.643109,12.965512,16
Bangalore East,Varthur,Kodihalli,192,200301007028,Bengaluru Urban,Bangalore_East_Marathahalli_Kodihalli_Revenue_Map,Polygon,77.643357,12.965614,7
Bangalore East,Varthur,Kodihalli,197,200301007028,Bengaluru Urban,Bangalore_East_Marathahalli_Kodihalli_Revenue_Map,Polygon,77.644191,12.965575,6
Bangalore East,Varthur,Kodihalli,23,200301007028,Bengaluru Urban,Bangalore_East_Marathahalli_Kodihalli_Revenue_Map,Polygon,77.651876,12.964916,7
Bangalore East,Varthur,Kodihalli,STREAM,200301007028,Bengaluru Urban,Bangalore_East_Marathahalli_Kodihalli_Revenue_Map,Polygon,77.656047,12.963885,35
Bangalore East,Varthur,Kodihalli,67,200301007028,Bengaluru Urban,Bangalore_East_Marathahalli_Kodihalli_Revenue_Map,Polygon,77.653037,12.964597,12
Bangalore East,Varthur,Kodihalli,203,200301007028,Bengaluru Urban,Bangalore_East_Marathahalli_Kodihalli_Revenue_Map,Polygon,77.643998,12.964932,14
Bangalore East,Varthur,Kodihalli,53,200301007028,Bengaluru Urban,Bangalore_East_Marathahalli_Kodihalli_Revenue_Map,Polygon,77.658411,12.964782,13
Bangalore East,Varthur,Kodihalli,202,200301007028,Bengaluru Urban,Bangalore_East_Marathahalli_Kodihalli_Revenue_Map,Polygon,77.644831,12.964915,8
Bangalore East,Varthur,Kodihalli,78,200301007028,Bengaluru Urban,Bangalore_East_Marathahalli_Kodihalli_Revenue_Map,Polygon,77.656487,12.964525,8
Bangalore East,Varthur,Kodihalli,STREAM,200301007028,Bengaluru Urban,Bangalore_East_Marathahalli_Kodihalli_Revenue_Map,Polygon,77.648113,12.964736,25
Bangalore East,Varthur,Kodihalli,79,200301007028,Bengaluru Urban,Bangalore_East_Marathahalli_Kodihalli_Revenue_Map,Polygon,77.65784,12.96478,12
Bangalore East,Varthur,Kodihalli,229,200301007028,Bengaluru Urban,Bangalore_East_Marathahalli_Kodihalli_Revenue_Map,Polygon,77.654359,12.964706,7
Bangalore East,Varthur,Kodihalli,227,200301007028,Bengaluru Urban,Bangalore_East_Marathahalli_Kodihalli_Revenue_Map,Polygon,77.646287,12.96454,10
Bangalore East,Varthur,Kodihalli,20,200301007028,Bengaluru Urban,Bangalore_East_Marathahalli_Kodihalli_Revenue_Map,Polygon,77.650048,12.964174,35
Bangalore East,Varthur,Kodihalli,STREAM,200301007028,Bengaluru Urban,Bangalore_East_Marathahalli_Kodihalli_Revenue_Map,Polygon,77.654953,12.964899,45
Bangalore East,Varthur,Kodihalli,STREAM,200301007028,Bengaluru Urban,Bangalore_East_Marathahalli_Kodihalli_Revenue_Map,Polygon,77.65461,12.965119,4
Bangalore East,Varthur,Kodihalli,75,200301007028,Bengaluru Urban,Bangalore_East_Marathahalli_Kodihalli_Revenue_Map,Polygon,77.654906,12.964873,28
Bangalore East,Varthur,Kodihalli,189,200301007028,Bengaluru Urban,Bangalore_East_Marathahalli_Kodihalli_Revenue_Map,Polygon,77.643129,12.964955,9
Bangalore East,Varthur,Kodihalli,2,200301007028,Bengaluru Urban,Bangalore_East_Marathahalli_Kodihalli_Revenue_Map,Polygon,77.64685,12.964659,7
Bangalore East,Varthur,Kodihalli,75,200301007028,Bengaluru Urban,Bangalore_East_Marathahalli_Kodihalli_Revenue_Map,Polygon,77.655305,12.964727,7
Bangalore East,Varthur,Kodihalli,201,200301007028,Bengaluru Urban,Bangalore_East_Marathahalli_Kodihalli_Revenue_Map,Polygon,77.645565,12.96464,5
Bangalore East,Varthur,Kodihalli,1,200301007028,Bengaluru Urban,Bangalore_East_Marathahalli_Kodihalli_Revenue_Map,Polygon,77.647386,12.964531,10
Bangalore East,Varthur,Kodihalli,190,200301007028,Bengaluru Urban,Bangalore_East_Marathahalli_Kodihalli_Revenue_Map,Polygon,77.642679,12.964255,17
Bangalore East,Varthur,Kodihalli,SETTLEMENT,200301007028,Bengaluru Urban,Bangalore_East_Marathahalli_Kodihalli_Revenue_Map,Polygon,77.647706,12.963418,27
Bangalore East,Varthur,Kodihalli,188,200301007028,Bengaluru Urban,Bangalore_East_Marathahalli_Kodihalli_Revenue_Map,Polygon,77.64293,12.964337,13
Bangalore East,Varthur,Kodihalli,187,200301007028,Bengaluru Urban,Bangalore_East_Marathahalli_Kodihalli_Revenue_Map,Polygon,77.643348,12.964316,9
Bangalore East,Varthur,Kodihalli,80,200301007028,Bengaluru Urban,Bangalore_East_Marathahalli_Kodihalli_Revenue_Map,Polygon,77.657654,12.963774,19
Bangalore East,Varthur,Kodihalli,ROAD,200301007028,Bengaluru Urban,Bangalore_East_Marathahalli_Kodihalli_Revenue_Map,Polygon,77.649794,12.961542,134
Bangalore East,Varthur,Kodihalli,72,200301007028,Bengaluru Urban,Bangalore_East_Marathahalli_Kodihalli_Revenue_Map,Polygon,77.654735,12.963971,10
Bangalore East,Varthur,Kodihalli,22,200301007028,Bengaluru Urban,Bangalore_East_Marathahalli_Kodihalli_Revenue_Map,Polygon,77.651499,12.963567,12
Bangalore East,Varthur,Kodihalli,ROAD,200301007028,Bengaluru Urban,Bangalore_East_Marathahalli_Kodihalli_Revenue_Map,Polygon,77.646969,12.964228,7
Bangalore East,Varthur,Kodihalli,19,200301007028,Bengaluru Urban,Bangalore_East_Marathahalli_Kodihalli_Revenue_Map,Polygon,77.649112,12.964019,10
Bangalore East,Varthur,Kodihalli,204,200301007028,Bengaluru Urban,Bangalore_East_Marathahalli_Kodihalli_Revenue_Map,Polygon,77.644607,12.963985,7
Bangalore East,Varthur,Kodihalli,STREAM,200301007028,Bengaluru Urban,Bangalore_East_Marathahalli_Kodihalli_Revenue_Map,Polygon,77.649955,12.964184,25
Bangalore East,Varthur,Kodihalli,228,200301007028,Bengaluru Urban,Bangalore_East_Marathahalli_Kodihalli_Revenue_Map,Polygon,77.64703,12.96398,6
Bangalore East,Varthur,Kodihalli,226,200301007028,Bengaluru Urban,Bangalore_East_Marathahalli_Kodihalli_Revenue_Map,Polygon,77.645169,12.964018,5
Bangalore East,Varthur,Kodihalli,221,200301007028,Bengaluru Urban,Bangalore_East_Marathahalli_Kodihalli_Revenue_Map,Polygon,77.64544,12.963298,12
Bangalore East,Varthur,Kodihalli,186,200301007028,Bengaluru Urban,Bangalore_East_Marathahalli_Kodihalli_Revenue_Map,Polygon,77.643065,12.963865,9
Bangalore East,Varthur,Kodihalli,225,200301007028,Bengaluru Urban,Bangalore_East_Marathahalli_Kodihalli_Revenue_Map,Polygon,77.645138,12.963842,5
Bangalore East,Varthur,Kodihalli,220,200301007028,Bengaluru Urban,Bangalore_East_Marathahalli_Kodihalli_Revenue_Map,Polygon,77.646116,12.962843,13
Bangalore East,Varthur,Kodihalli,205,200301007028,Bengaluru Urban,Bangalore_East_Marathahalli_Kodihalli_Revenue_Map,Polygon,77.644285,12.963611,6
Bangalore East,Varthur,Kodihalli,224,200301007028,Bengaluru Urban,Bangalore_East_Marathahalli_Kodihalli_Revenue_Map,Polygon,77.645065,12.963648,6
Bangalore East,Varthur,Kodihalli,73,200301007028,Bengaluru Urban,Bangalore_East_Marathahalli_Kodihalli_Revenue_Map,Polygon,77.655293,12.963623,5
Bangalore East,Varthur,Kodihalli,81,200301007028,Bengaluru Urban,Bangalore_East_Marathahalli_Kodihalli_Revenue_Map,Polygon,77.655551,12.963164,14
Bangalore East,Varthur,Kodihalli,185,200301007028,Bengaluru Urban,Bangalore_East_Marathahalli_Kodihalli_Revenue_Map,Polygon,77.64295,12.963545,8
Bangalore East,Varthur,Kodihalli,219,200301007028,Bengaluru Urban,Bangalore_East_Marathahalli_Kodihalli_Revenue_Map,Polygon,77.646923,12.963446,7
Bangalore East,Varthur,Kodihalli,69,200301007028,Bengaluru Urban,Bangalore_East_Marathahalli_Kodihalli_Revenue_Map,Polygon,77.652526,12.962702,33
Bangalore East,Varthur,Kodihalli,71,200301007028,Bengaluru Urban,Bangalore_East_Marathahalli_Kodihalli_Revenue_Map,Polygon,77.653882,12.963237,7
Bangalore East,Varthur,Kodihalli,223,200301007028,Bengaluru Urban,Bangalore_East_Marathahalli_Kodihalli_Revenue_Map,Polygon,77.644985,12.963183,9
Bangalore East,Varthur,Kodihalli,206,200301007028,Bengaluru Urban,Bangalore_East_Marathahalli_Kodihalli_Revenue_Map,Polygon,77.644071,12.963247,5
Bangalore East,Varthur,Kodihalli,68_TANK,200301007028,Bengaluru Urban,Bangalore_East_Marathahalli_Kodihalli_Revenue_Map,Polygon,77.651972,12.963028,7
Bangalore East,Varthur,Kodihalli,184,200301007028,Bengaluru Urban,Bangalore_East_Marathahalli_Kodihalli_Revenue_Map,Polygon,77.642887,12.963199,8
Bangalore East,Varthur,Kodihalli,92,200301007028,Bengaluru Urban,Bangalore_East_Marathahalli_Kodihalli_Revenue_Map,Polygon,77.648552,12.962354,26
Bangalore East,Varthur,Kodihalli,218,200301007028,Bengaluru Urban,Bangalore_East_Marathahalli_Kodihalli_Revenue_Map,Polygon,77.646846,12.962262,24
Bangalore East,Varthur,Kodihalli,207,200301007028,Bengaluru Urban,Bangalore_East_Marathahalli_Kodihalli_Revenue_Map,Polygon,77.644089,12.962894,6
Bangalore East,Varthur,Kodihalli,182,200301007028,Bengaluru Urban,Bangalore_East_Marathahalli_Kodihalli_Revenue_Map,Polygon,77.642691,12.962845,6
Bangalore East,Varthur,Kodihalli,82,200301007028,Bengaluru Urban,Bangalore_East_Marathahalli_Kodihalli_Revenue_Map,Polygon,77.656979,12.962042,12
Bangalore East,Varthur,Kodihalli,183,200301007028,Bengaluru Urban,Bangalore_East_Marathahalli_Kodihalli_Revenue_Map,Polygon,77.64318,12.962849,5
Bangalore East,Varthur,Kodihalli,208,200301007028,Bengaluru Urban,Bangalore_East_Marathahalli_Kodihalli_Revenue_Map,Polygon,77.643932,12.962684,5
Bangalore East,Varthur,Kodihalli,181,200301007028,Bengaluru Urban,Bangalore_East_Marathahalli_Kodihalli_Revenue_Map,Polygon,77.642283,12.962461,10
Bangalore East,Varthur,Kodihalli,91,200301007028,Bengaluru Urban,Bangalore_East_Marathahalli_Kodihalli_Revenue_Map,Polygon,77.650396,12.961958,9
Bangalore East,Varthur,Kodihalli,STREAM,200301007028,Bengaluru Urban,Bangalore_East_Marathahalli_Kodihalli_Revenue_Map,Polygon,77.652902,12.962599,21
Bangalore East,Varthur,Kodihalli,STREAM,200301007028,Bengaluru Urban,Bangalore_East_Marathahalli_Kodihalli_Revenue_Map,Polygon,77.654622,12.962435,13
Bangalore East,Varthur,Kodihalli,222,200301007028,Bengaluru Urban,Bangalore_East_Marathahalli_Kodihalli_Revenue_Map,Polygon,77.644732,12.962544,8
Bangalore East,Varthur,Kodihalli,209,200301007028,Bengaluru Urban,Bangalore_East_Marathahalli_Kodihalli_Revenue_Map,Polygon,77.643925,12.962545,5
Bangalore East,Varthur,Kodihalli,180,200301007028,Bengaluru Urban,Bangalore_East_Marathahalli_Kodihalli_Revenue_Map,Polygon,77.64284,12.962005,12
Bangalore East,Varthur,Kodihalli,70,200301007028,Bengaluru Urban,Bangalore_East_Marathahalli_Kodihalli_Revenue_Map,Polygon,77.653944,12.961989,9
Bangalore East,Varthur,Kodihalli,210,200301007028,Bengaluru Urban,Bangalore_East_Marathahalli_Kodihalli_Revenue_Map,Polygon,77.643941,12.962447,5
Bangalore East,Varthur,Kodihalli,83,200301007028,Bengaluru Urban,Bangalore_East_Marathahalli_Kodihalli_Revenue_Map,Polygon,77.655292,12.961772,9
Bangalore East,Varthur,Kodihalli,215,200301007028,Bengaluru Urban,Bangalore_East_Marathahalli_Kodihalli_Revenue_Map,Polygon,77.644665,12.962007,10
Bangalore East,Varthur,Kodihalli,211,200301007028,Bengaluru Urban,Bangalore_East_Marathahalli_Kodihalli_Revenue_Map,Polygon,77.643945,12.962312,5
Bangalore East,Varthur,Kodihalli,216,200301007028,Bengaluru Urban,Bangalore_East_Marathahalli_Kodihalli_Revenue_Map,Polygon,77.645067,12.961617,15
Bangalore East,Varthur,Kodihalli,90,200301007028,Bengaluru Urban,Bangalore_East_Marathahalli_Kodihalli_Revenue_Map,Polygon,77.651206,12.961199,7
Bangalore East,Varthur,Kodihalli,212,200301007028,Bengaluru Urban,Bangalore_East_Marathahalli_Kodihalli_Revenue_Map,Polygon,77.643974,12.962129,6
Bangalore East,Varthur,Kodihalli,217,200301007028,Bengaluru Urban,Bangalore_East_Marathahalli_Kodihalli_Revenue_Map,Polygon,77.64595,12.96115,13
Bangalore East,Varthur,Kodihalli,213,200301007028,Bengaluru Urban,Bangalore_East_Marathahalli_Kodihalli_Revenue_Map,Polygon,77.643816,12.961865,7
Bangalore East,Varthur,Kodihalli,214,200301007028,Bengaluru Urban,Bangalore_East_Marathahalli_Kodihalli_Revenue_Map,Polygon,77.64431,12.961908,5
Bangalore East,Varthur,Kodihalli,93,200301007028,Bengaluru Urban,Bangalore_East_Marathahalli_Kodihalli_Revenue_Map,Polygon,77.647382,12.961264,15
Bangalore East,Varthur,Kodihalli,89,200301007028,Bengaluru Urban,Bangalore_East_Marathahalli_Kodihalli_Revenue_Map,Polygon,77.651755,12.961067,6
Bangalore East,Varthur,Kodihalli,88,200301007028,Bengaluru Urban,Bangalore_East_Marathahalli_Kodihalli_Revenue_Map,Polygon,77.652533,12.960695,8
Bangalore East,Varthur,Kodihalli,175,200301007028,Bengaluru Urban,Bangalore_East_Marathahalli_Kodihalli_Revenue_Map,Polygon,77.644038,12.961581,9
Bangalore East,Varthur,Kodihalli,179,200301007028,Bengaluru Urban,Bangalore_East_Marathahalli_Kodihalli_Revenue_Map,Polygon,77.64331,12.961692,5
Bangalore East,Varthur,Kodihalli,94,200301007028,Bengaluru Urban,Bangalore_East_Marathahalli_Kodihalli_Revenue_Map,Polygon,77.64835,12.961279,10
Bangalore East,Varthur,Kodihalli,95,200301007028,Bengaluru Urban,Bangalore_East_Marathahalli_Kodihalli_Revenue_Map,Polygon,77.648813,12.961164,13
Bangalore East,Varthur,Kodihalli,178,200301007028,Bengaluru Urban,Bangalore_East_Marathahalli_Kodihalli_Revenue_Map,Polygon,77.643277,12.961463,6
Bangalore East,Varthur,Kodihalli,177,200301007028,Bengaluru Urban,Bangalore_East_Marathahalli_Kodihalli_Revenue_Map,Polygon,77.642775,12.961386,8
Bangalore East,Varthur,Kodihalli,87,200301007028,Bengaluru Urban,Bangalore_East_Marathahalli_Kodihalli_Revenue_Map,Polygon,77.653064,12.96059,9
Bangalore East,Varthur,Kodihalli,96,200301007028,Bengaluru Urban,Bangalore_East_Marathahalli_Kodihalli_Revenue_Map,Polygon,77.649324,12.960775,21
Bangalore East,Varthur,Kodihalli,176,200301007028,Bengaluru Urban,Bangalore_East_Marathahalli_Kodihalli_Revenue_Map,Polygon,77.642902,12.96108,10
Bangalore East,Varthur,Kodihalli,86,200301007028,Bengaluru Urban,Bangalore_East_Marathahalli_Kodihalli_Revenue_Map,Polygon,77.653832,12.96066,7
Bangalore East,Varthur,Kodihalli,174,200301007028,Bengaluru Urban,Bangalore_East_Marathahalli_Kodihalli_Revenue_Map,Polygon,77.644242,12.961212,5
Bangalore East,Varthur,Kodihalli,171,200301007028,Bengaluru Urban,Bangalore_East_Marathahalli_Kodihalli_Revenue_Map,Polygon,77.643726,12.960948,8
Bangalore East,Varthur,Kodihalli,97,200301007028,Bengaluru Urban,Bangalore_East_Marathahalli_Kodihalli_Revenue_Map,Polygon,77.650484,12.960503,17
Bangalore East,Varthur,Kodihalli,173,200301007028,Bengaluru Urban,Bangalore_East_Marathahalli_Kodihalli_Revenue_Map,Polygon,77.644267,12.960998,5
Bangalore East,Varthur,Kodihalli,STREAM,200301007028,Bengaluru Urban,Bangalore_East_Marathahalli_Kodihalli_Revenue_Map,Polygon,77.648309,12.960895,14
Bangalore East,Varthur,Kodihalli,85,200301007028,Bengaluru Urban,Bangalore_East_Marathahalli_Kodihalli_Revenue_Map,Polygon,77.654845,12.960362,6
Bangalore East,Varthur,Kodihalli,94,200301007028,Bengaluru Urban,Bangalore_East_Marathahalli_Kodihalli_Revenue_Map,Polygon,77.648367,12.960846,7
Bangalore East,Varthur,Kodihalli,STREAM,200301007028,Bengaluru Urban,Bangalore_East_Marathahalli_Kodihalli_Revenue_Map,Polygon,77.646592,12.960593,30
Bangalore East,Varthur,Kodihalli,172,200301007028,Bengaluru Urban,Bangalore_East_Marathahalli_Kodihalli_Revenue_Map,Polygon,77.644297,12.960796,5
Bangalore East,Varthur,Kodihalli,93,200301007028,Bengaluru Urban,Bangalore_East_Marathahalli_Kodihalli_Revenue_Map,Polygon,77.647929,12.960495,16
Bangalore East,Varthur,Kodihalli,84,200301007028,Bengaluru Urban,Bangalore_East_Marathahalli_Kodihalli_Revenue_Map,Polygon,77.656466,12.9601,7
Bangalore East,Varthur,Kodihalli,169,200301007028,Bengaluru Urban,Bangalore_East_Marathahalli_Kodihalli_Revenue_Map,Polygon,77.645533,12.960412,10
Bangalore East,Varthur,Kodihalli,170,200301007028,Bengaluru Urban,Bangalore_East_Marathahalli_Kodihalli_Revenue_Map,Polygon,77.644208,12.960525,4
Bangalore East,Varthur,Kodihalli,166,200301007028,Bengaluru Urban,Bangalore_East_Marathahalli_Kodihalli_Revenue_Map,Polygon,77.642986,12.960106,8
Bangalore East,Varthur,Kodihalli,167,200301007028,Bengaluru Urban,Bangalore_East_Marathahalli_Kodihalli_Revenue_Map,Polygon,77.643801,12.959938,7
Bangalore East,Varthur,Kodihalli,168,200301007028,Bengaluru Urban,Bangalore_East_Marathahalli_Kodihalli_Revenue_Map,Polygon,77.644446,12.960015,5
Bangalore East,Varthur,Kodihalli,152,200301007028,Bengaluru Urban,Bangalore_East_Marathahalli_Kodihalli_Revenue_Map,Polygon,77.645807,12.95975,12
Bangalore East,Varthur,Kodihalli,151,200301007028,Bengaluru Urban,Bangalore_East_Marathahalli_Kodihalli_Revenue_Map,Polygon,77.647984,12.959673,13
Bangalore East,Varthur,Kodihalli,98,200301007028,Bengaluru Urban,Bangalore_East_Marathahalli_Kodihalli_Revenue_Map,Polygon,77.649411,12.958813,14
Bangalore East,Varthur,Kodihalli,150,200301007028,Bengaluru Urban,Bangalore_East_Marathahalli_Kodihalli_Revenue_Map,Polygon,77.647908,12.95905,14
Bangalore East,Varthur,Kodihalli,165,200301007028,Bengaluru Urban,Bangalore_East_Marathahalli_Kodihalli_Revenue_Map,Polygon,77.643429,12.959404,10
Bangalore East,Varthur,Kodihalli,99,200301007028,Bengaluru Urban,Bangalore_East_Marathahalli_Kodihalli_Revenue_Map,Polygon,77.650601,12.958701,14
Bangalore East,Varthur,Kodihalli,100,200301007028,Bengaluru Urban,Bangalore_East_Marathahalli_Kodihalli_Revenue_Map,Polygon,77.651725,12.958956,15
Bangalore East,Varthur,Kodihalli,153,200301007028,Bengaluru Urban,Bangalore_East_Marathahalli_Kodihalli_Revenue_Map,Polygon,77.645385,12.959279,20
Bangalore East,Varthur,Kodihalli,102,200301007028,Bengaluru Urban,Bangalore_East_Marathahalli_Kodihalli_Revenue_Map,Polygon,77.653046,12.959061,9
Bangalore East,Varthur,Kodihalli,104,200301007028,Bengaluru Urban,Bangalore_East_Marathahalli_Kodihalli_Revenue_Map,Polygon,77.654207,12.959301,6
Bangalore East,Varthur,Kodihalli,105,200301007028,Bengaluru Urban,Bangalore_East_Marathahalli_Kodihalli_Revenue_Map,Polygon,77.655957,12.95878,9
Bangalore East,Varthur,Kodihalli,103,200301007028,Bengaluru Urban,Bangalore_East_Marathahalli_Kodihalli_Revenue_Map,Polygon,77.654563,12.958728,8
Bangalore East,Varthur,Kodihalli,101_TANK,200301007028,Bengaluru Urban,Bangalore_East_Marathahalli_Kodihalli_Revenue_Map,Polygon,77.652391,12.958775,7
Bangalore East,Varthur,Kodihalli,163,200301007028,Bengaluru Urban,Bangalore_East_Marathahalli_Kodihalli_Revenue_Map,Polygon,77.643768,12.958541,10
Bangalore East,Varthur,Kodihalli,160,200301007028,Bengaluru Urban,Bangalore_East_Marathahalli_Kodihalli_Revenue_Map,Polygon,77.644241,12.958399,19
Bangalore East,Varthur,Kodihalli,159,200301007028,Bengaluru Urban,Bangalore_East_Marathahalli_Kodihalli_Revenue_Map,Polygon,77.644934,12.958729,10
Bangalore East,Varthur,Kodihalli,154,200301007028,Bengaluru Urban,Bangalore_East_Marathahalli_Kodihalli_Revenue_Map,Polygon,77.646638,12.958379,20
Bangalore East,Varthur,Kodihalli,164,200301007028,Bengaluru Urban,Bangalore_East_Marathahalli_Kodihalli_Revenue_Map,Polygon,77.643378,12.958636,7
Bangalore East,Varthur,Kodihalli,155,200301007028,Bengaluru Urban,Bangalore_East_Marathahalli_Kodihalli_Revenue_Map,Polygon,77.645635,12.957977,14
Bangalore East,Varthur,Kodihalli,149,200301007028,Bengaluru Urban,Bangalore_East_Marathahalli_Kodihalli_Revenue_Map,Polygon,77.647437,12.95814,8
Bangalore East,Varthur,Kodihalli,143,200301007028,Bengaluru Urban,Bangalore_East_Marathahalli_Kodihalli_Revenue_Map,Polygon,77.647742,12.957291,21
Bangalore East,Varthur,Kodihalli,128,200301007028,Bengaluru Urban,Bangalore_East_Marathahalli_Kodihalli_Revenue_Map,Polygon,77.653143,12.958021,9
Bangalore East,Varthur,Kodihalli,158,200301007028,Bengaluru Urban,Bangalore_East_Marathahalli_Kodihalli_Revenue_Map,Polygon,77.644885,12.958105,6
Bangalore East,Varthur,Kodihalli,141,200301007028,Bengaluru Urban,Bangalore_East_Marathahalli_Kodihalli_Revenue_Map,Polygon,77.648922,12.957454,15
Bangalore East,Varthur,Kodihalli,STREAM,200301007028,Bengaluru Urban,Bangalore_East_Marathahalli_Kodihalli_Revenue_Map,Polygon,77.644208,12.958121,18
Bangalore East,Varthur,Kodihalli,129,200301007028,Bengaluru Urban,Bangalore_East_Marathahalli_Kodihalli_Revenue_Map,Polygon,77.651645,12.957695,8
Bangalore East,Varthur,Kodihalli,106,200301007028,Bengaluru Urban,Bangalore_East_Marathahalli_Kodihalli_Revenue_Map,Polygon,77.655647,12.95746,12
Bangalore East,Varthur,Kodihalli,137,200301007028,Bengaluru Urban,Bangalore_East_Marathahalli_Kodihalli_Revenue_Map,Polygon,77.650266,12.957562,12
Bangalore East,Varthur,Kodihalli,161,200301007028,Bengaluru Urban,Bangalore_East_Marathahalli_Kodihalli_Revenue_Map,Polygon,77.643888,12.957581,10
Bangalore East,Varthur,Kodihalli,162,200301007028,Bengaluru Urban,Bangalore_East_Marathahalli_Kodihalli_Revenue_Map,Polygon,77.643447,12.957874,7
Bangalore East,Varthur,Kodihalli,STREAM,200301007028,Bengaluru Urban,Bangalore_East_Marathahalli_Kodihalli_Revenue_Map,Polygon,77.644715,12.957642,13
Bangalore East,Varthur,Kodihalli,PALYA_MURUGENA,200301007028,Bengaluru Urban,Bangalore_East_Marathahalli_Kodihalli_Revenue_Map,Polygon,77.654527,12.956998,16
Bangalore East,Varthur,Kodihalli,147,200301007028,Bengaluru Urban,Bangalore_East_Marathahalli_Kodihalli_Revenue_Map,Polygon,77.646775,12.957466,14
Bangalore East,Varthur,Kodihalli,142,200301007028,Bengaluru Urban,Bangalore_East_Marathahalli_Kodihalli_Revenue_Map,Polygon,77.648238,12.95719,13
Bangalore East,Varthur,Kodihalli,157,200301007028,Bengaluru Urban,Bangalore_East_Marathahalli_Kodihalli_Revenue_Map,Polygon,77.644504,12.957404,8
Bangalore East,Varthur,Kodihalli,127,200301007028,Bengaluru Urban,Bangalore_East_Marathahalli_Kodihalli_Revenue_Map,Polygon,77.653067,12.957318,7
Bangalore East,Varthur,Kodihalli,148,200301007028,Bengaluru Urban,Bangalore_East_Marathahalli_Kodihalli_Revenue_Map,Polygon,77.647319,12.95748,5
Bangalore East,Varthur,Kodihalli,107_TANK,200301007028,Bengaluru Urban,Bangalore_East_Marathahalli_Kodihalli_Revenue_Map,Polygon,77.65579,12.957091,10
Bangalore East,Varthur,Kodihalli,156,200301007028,Bengaluru Urban,Bangalore_East_Marathahalli_Kodihalli_Revenue_Map,Polygon,77.645275,12.957313,7
Bangalore East,Varthur,Kodihalli,130,200301007028,Bengaluru Urban,Bangalore_East_Marathahalli_Kodihalli_Revenue_Map,Polygon,77.651779,12.956803,12
Bangalore East,Varthur,Kodihalli,146,200301007028,Bengaluru Urban,Bangalore_East_Marathahalli_Kodihalli_Revenue_Map,Polygon,77.646597,12.956854,14
Bangalore East,Varthur,Kodihalli,138,200301007028,Bengaluru Urban,Bangalore_East_Marathahalli_Kodihalli_Revenue_Map,Polygon,77.649383,12.956052,12
Bangalore East,Varthur,Kodihalli,145_TANK,200301007028,Bengaluru Urban,Bangalore_East_Marathahalli_Kodihalli_Revenue_Map,Polygon,77.645546,12.956254,23
Bangalore East,Varthur,Kodihalli,ROAD,200301007028,Bengaluru Urban,Bangalore_East_Marathahalli_Kodihalli_Revenue_Map,Polygon,77.652871,12.95705,9
Bangalore East,Varthur,Kodihalli,136,200301007028,Bengaluru Urban,Bangalore_East_Marathahalli_Kodihalli_Revenue_Map,Polygon,77.650243,12.956321,9
Bangalore East,Varthur,Kodihalli,126,200301007028,Bengaluru Urban,Bangalore_East_Marathahalli_Kodihalli_Revenue_Map,Polygon,77.6535,12.956378,8
Bangalore East,Varthur,Kodihalli,109,200301007028,Bengaluru Urban,Bangalore_East_Marathahalli_Kodihalli_Revenue_Map,Polygon,77.654869,12.956388,6
Bangalore East,Varthur,Kodihalli,108,200301007028,Bengaluru Urban,Bangalore_East_Marathahalli_Kodihalli_Revenue_Map,Polygon,77.655613,12.956448,10
Bangalore East,Varthur,Kodihalli,133,200301007028,Bengaluru Urban,Bangalore_East_Marathahalli_Kodihalli_Revenue_Map,Polygon,77.650937,12.955419,12
Bangalore East,Varthur,Kodihalli,111,200301007028,Bengaluru Urban,Bangalore_East_Marathahalli_Kodihalli_Revenue_Map,Polygon,77.655547,12.955723,13
Bangalore East,Varthur,Kodihalli,131,200301007028,Bengaluru Urban,Bangalore_East_Marathahalli_Kodihalli_Revenue_Map,Polygon,77.652532,12.955236,10
Bangalore East,Varthur,Kodihalli,140,200301007028,Bengaluru Urban,Bangalore_East_Marathahalli_Kodihalli_Revenue_Map,Polygon,77.64804,12.955293,14
Bangalore East,Varthur,Kodihalli,144,200301007028,Bengaluru Urban,Bangalore_East_Marathahalli_Kodihalli_Revenue_Map,Polygon,77.646776,12.955784,9
Bangalore East,Varthur,Kodihalli,ROAD,200301007028,Bengaluru Urban,Bangalore_East_Marathahalli_Kodihalli_Revenue_Map,Polygon,77.653995,12.95439,18
Bangalore East,Varthur,Kodihalli,110,200301007028,Bengaluru Urban,Bangalore_East_Marathahalli_Kodihalli_Revenue_Map,Polygon,77.654669,12.955713,5
Bangalore East,Varthur,Kodihalli,125,200301007028,Bengaluru Urban,Bangalore_East_Marathahalli_Kodihalli_Revenue_Map,Polygon,77.653554,12.955247,9
Bangalore East,Varthur,Kodihalli,135,200301007028,Bengaluru Urban,Bangalore_East_Marathahalli_Kodihalli_Revenue_Map,Polygon,77.64976,12.954571,14
Bangalore East,Varthur,Kodihalli,113,200301007028,Bengaluru Urban,Bangalore_East_Marathahalli_Kodihalli_Revenue_Map,Polygon,77.654783,12.955203,6
Bangalore East,Varthur,Kodihalli,139,200301007028,Bengaluru Urban,Bangalore_East_Marathahalli_Kodihalli_Revenue_Map,Polygon,77.64903,12.954662,9
Bangalore East,Varthur,Kodihalli,132,200301007028,Bengaluru Urban,Bangalore_East_Marathahalli_Kodihalli_Revenue_Map,Polygon,77.651686,12.954325,10
Bangalore East,Varthur,Kodihalli,114,200301007028,Bengaluru Urban,Bangalore_East_Marathahalli_Kodihalli_Revenue_Map,Polygon,77.654551,12.954809,6
Bangalore East,Varthur,Kodihalli,112,200301007028,Bengaluru Urban,Bangalore_East_Marathahalli_Kodihalli_Revenue_Map,Polygon,77.655225,12.953386,22
Bangalore East,Varthur,Kodihalli,116,200301007028,Bengaluru Urban,Bangalore_East_Marathahalli_Kodihalli_Revenue_Map,Polygon,77.654371,12.954444,8
Bangalore East,Varthur,Kodihalli,115,200301007028,Bengaluru Urban,Bangalore_East_Marathahalli_Kodihalli_Revenue_Map,Polygon,77.654633,12.954477,5
Bangalore East,Varthur,Kodihalli,124,200301007028,Bengaluru Urban,Bangalore_East_Marathahalli_Kodihalli_Revenue_Map,Polygon,77.652985,12.953977,12
Bangalore East,Varthur,Kodihalli,117,200301007028,Bengaluru Urban,Bangalore_East_Marathahalli_Kodihalli_Revenue_Map,Polygon,77.654243,12.954084,8
Bangalore East,Varthur,Kodihalli,134,200301007028,Bengaluru Urban,Bangalore_East_Marathahalli_Kodihalli_Revenue_Map,Polygon,77.650055,12.953549,11
Bangalore East,Varthur,Kodihalli,118,200301007028,Bengaluru Urban,Bangalore_East_Marathahalli_Kodihalli_Revenue_Map,Polygon,77.654224,12.953491,11
Bangalore East,Varthur,Kodihalli,123,200301007028,Bengaluru Urban,Bangalore_East_Marathahalli_Kodihalli_Revenue_Map,Polygon,77.652604,12.953206,14
Bangalore East,Varthur,Kodihalli,122,200301007028,Bengaluru Urban,Bangalore_East_Marathahalli_Kodihalli_Revenue_Map,Polygon,77.651202,12.95276,13
Bangalore East,Varthur,Kodihalli,119,200301007028,Bengaluru Urban,Bangalore_East_Marathahalli_Kodihalli_Revenue_Map,Polygon,77.654293,12.952547,9
Bangalore East,Varthur,Kodihalli,120,200301007028,Bengaluru Urban,Bangalore_East_Marathahalli_Kodihalli_Revenue_Map,Polygon,77.653227,12.952173,12
Bangalore East,Varthur,Kodihalli,121,200301007028,Bengaluru Urban,Bangalore_East_Marathahalli_Kodihalli_Revenue_Map,Polygon,77.653073,12.95133,14
Bangalore East,Krishnarajapura,Vibuthipura,144,200301005046,Bengaluru Urban,Bangalore_East_Marathahalli_Vibhutipura_Revenue_Map,Polygon,77.671306,12.974137,23
Bangalore East,Krishnarajapura,Vibuthipura,145,200301005046,Bengaluru Urban,Bangalore_East_Marathahalli_Vibhutipura_Revenue_Map,Polygon,77.673219,12.973598,21
Bangalore East,Krishnarajapura,Vibuthipura,152,200301005046,Bengaluru Urban,Bangalore_East_Marathahalli_Vibhutipura_Revenue_Map,Polygon,77.674824,12.972848,14
Bangalore East,Krishnarajapura,Vibuthipura,143,200301005046,Bengaluru Urban,Bangalore_East_Marathahalli_Vibhutipura_Revenue_Map,Polygon,77.671126,12.972743,19
Bangalore East,Krishnarajapura,Vibuthipura,153,200301005046,Bengaluru Urban,Bangalore_East_Marathahalli_Vibhutipura_Revenue_Map,Polygon,77.67569,12.972468,14
Bangalore East,Krishnarajapura,Vibuthipura,141,200301005046,Bengaluru Urban,Bangalore_East_Marathahalli_Vibhutipura_Revenue_Map,Polygon,77.668787,12.972779,14
Bangalore East,Krishnarajapura,Vibuthipura,142,200301005046,Bengaluru Urban,Bangalore_East_Marathahalli_Vibhutipura_Revenue_Map,Polygon,77.670009,12.972887,15
Bangalore East,Krishnarajapura,Vibuthipura,154,200301005046,Bengaluru Urban,Bangalore_East_Marathahalli_Vibhutipura_Revenue_Map,Polygon,77.676423,12.971635,16
Bangalore East,Krishnarajapura,Vibuthipura,158,200301005046,Bengaluru Urban,Bangalore_East_Marathahalli_Vibhutipura_Revenue_Map,Polygon,77.680382,12.971581,24
Bangalore East,Krishnarajapura,Vibuthipura,159,200301005046,Bengaluru Urban,Bangalore_East_Marathahalli_Vibhutipura_Revenue_Map,Polygon,77.681343,12.971381,19
Bangalore East,Krishnarajapura,Vibuthipura,155,200301005046,Bengaluru Urban,Bangalore_East_Marathahalli_Vibhutipura_Revenue_Map,Polygon,77.677673,12.971883,16
Bangalore East,Krishnarajapura,Vibuthipura,156,200301005046,Bengaluru Urban,Bangalore_East_Marathahalli_Vibhutipura_Revenue_Map,Polygon,77.677906,12.97215,605
Bangalore East,Krishnarajapura,Vibuthipura,ROAD,200301005046,Bengaluru Urban,Bangalore_East_Marathahalli_Vibhutipura_Revenue_Map,Polygon,77.682262,12.96958,42
Bangalore East,Krishnarajapura,Vibuthipura,160,200301005046,Bengaluru Urban,Bangalore_East_Marathahalli_Vibhutipura_Revenue_Map,Polygon,77.684534,12.97156,66
Bangalore East,Krishnarajapura,Vibuthipura,157,200301005046,Bengaluru Urban,Bangalore_East_Marathahalli_Vibhutipura_Revenue_Map,Polygon,77.679172,12.971531,22
Bangalore East,Krishnarajapura,Vibuthipura,TANK,200301005046,Bengaluru Urban,Bangalore_East_Marathahalli_Vibhutipura_Revenue_Map,Polygon,77.678573,12.97286,9
Bangalore East,Krishnarajapura,Vibuthipura,140,200301005046,Bengaluru Urban,Bangalore_East_Marathahalli_Vibhutipura_Revenue_Map,Polygon,77.667681,12.971692,9
Bangalore East,Krishnarajapura,Vibuthipura,139,200301005046,Bengaluru Urban,Bangalore_East_Marathahalli_Vibhutipura_Revenue_Map,Polygon,77.666209,12.97198,14
Bangalore East,Krishnarajapura,Vibuthipura,146,200301005046,Bengaluru Urban,Bangalore_East_Marathahalli_Vibhutipura_Revenue_Map,Polygon,77.672859,12.971946,14
Bangalore East,Krishnarajapura,Vibuthipura,TANK,200301005046,Bengaluru Urban,Bangalore_East_Marathahalli_Vibhutipura_Revenue_Map,Polygon,77.677888,12.972138,576
Bangalore East,Krishnarajapura,Vibuthipura,13_TANK,200301005046,Bengaluru Urban,Bangalore_East_Marathahalli_Vibhutipura_Revenue_Map,Polygon,77.686662,12.970986,16
Bangalore East,Krishnarajapura,Vibuthipura,138,200301005046,Bengaluru Urban,Bangalore_East_Marathahalli_Vibhutipura_Revenue_Map,Polygon,77.665033,12.971174,18
Bangalore East,Krishnarajapura,Vibuthipura,STREAM,200301005046,Bengaluru Urban,Bangalore_East_Marathahalli_Vibhutipura_Revenue_Map,Polygon,77.684888,12.971145,84
Bangalore East,Krishnarajapura,Vibuthipura,204_HOSAPALYA,200301005046,Bengaluru Urban,Bangalore_East_Marathahalli_Vibhutipura_Revenue_Map,Polygon,77.6823,12.971069,7
Bangalore East,Krishnarajapura,Vibuthipura,135,200301005046,Bengaluru Urban,Bangalore_East_Marathahalli_Vibhutipura_Revenue_Map,Polygon,77.669727,12.969855,28
Bangalore East,Krishnarajapura,Vibuthipura,160,200301005046,Bengaluru Urban,Bangalore_East_Marathahalli_Vibhutipura_Revenue_Map,Polygon,77.684898,12.970807,56
Bangalore East,Krishnarajapura,Vibuthipura,147,200301005046,Bengaluru Urban,Bangalore_East_Marathahalli_Vibhutipura_Revenue_Map,Polygon,77.672059,12.970181,18
Bangalore East,Krishnarajapura,Vibuthipura,136,200301005046,Bengaluru Urban,Bangalore_East_Marathahalli_Vibhutipura_Revenue_Map,Polygon,77.667946,12.969388,386
Bangalore East,Krishnarajapura,Vibuthipura,151,200301005046,Bengaluru Urban,Bangalore_East_Marathahalli_Vibhutipura_Revenue_Map,Polygon,77.674421,12.970048,21
Bangalore East,Krishnarajapura,Vibuthipura,162,200301005046,Bengaluru Urban,Bangalore_East_Marathahalli_Vibhutipura_Revenue_Map,Polygon,77.683085,12.970318,24
Bangalore East,Krishnarajapura,Vibuthipura,137,200301005046,Bengaluru Urban,Bangalore_East_Marathahalli_Vibhutipura_Revenue_Map,Polygon,77.666637,12.970222,8
Bangalore East,Krishnarajapura,Vibuthipura,161,200301005046,Bengaluru Urban,Bangalore_East_Marathahalli_Vibhutipura_Revenue_Map,Polygon,77.682347,12.970143,16
Bangalore East,Krishnarajapura,Vibuthipura,STREAM,200301005046,Bengaluru Urban,Bangalore_East_Marathahalli_Vibhutipura_Revenue_Map,Polygon,77.683102,12.97015,39
Bangalore East,Krishnarajapura,Vibuthipura,162,200301005046,Bengaluru Urban,Bangalore_East_Marathahalli_Vibhutipura_Revenue_Map,Polygon,77.683428,12.969777,41
Bangalore East,Krishnarajapura,Vibuthipura,150,200301005046,Bengaluru Urban,Bangalore_East_Marathahalli_Vibhutipura_Revenue_Map,Polygon,77.673661,12.96953,19
Bangalore East,Krishnarajapura,Vibuthipura,14,200301005046,Bengaluru Urban,Bangalore_East_Marathahalli_Vibhutipura_Revenue_Map,Polygon,77.687042,12.969861,17
Bangalore East,Krishnarajapura,Vibuthipura,123,200301005046,Bengaluru Urban,Bangalore_East_Marathahalli_Vibhutipura_Revenue_Map,Polygon,77.664425,12.969377,20
Bangalore East,Krishnarajapura,Vibuthipura,175_TANK,200301005046,Bengaluru Urban,Bangalore_East_Marathahalli_Vibhutipura_Revenue_Map,Polygon,77.677038,12.968162,67
Bangalore East,Krishnarajapura,Vibuthipura,ROAD,200301005046,Bengaluru Urban,Bangalore_East_Marathahalli_Vibhutipura_Revenue_Map,Polygon,77.686277,12.969586,19
Bangalore East,Krishnarajapura,Vibuthipura,16,200301005046,Bengaluru Urban,Bangalore_East_Marathahalli_Vibhutipura_Revenue_Map,Polygon,77.687944,12.968496,25
Bangalore East,Krishnarajapura,Vibuthipura,12,200301005046,Bengaluru Urban,Bangalore_East_Marathahalli_Vibhutipura_Revenue_Map,Polygon,77.686598,12.968013,37
Bangalore East,Krishnarajapura,Vibuthipura,STREAM,200301005046,Bengaluru Urban,Bangalore_East_Marathahalli_Vibhutipura_Revenue_Map,Polygon,77.682389,12.969636,14
Bangalore East,Krishnarajapura,Vibuthipura,161,200301005046,Bengaluru Urban,Bangalore_East_Marathahalli_Vibhutipura_Revenue_Map,Polygon,77.682401,12.969522,12
Bangalore East,Krishnarajapura,Vibuthipura,TANK,200301005046,Bengaluru Urban,Bangalore_East_Marathahalli_Vibhutipura_Revenue_Map,Polygon,77.667935,12.969372,374
Bangalore East,Krishnarajapura,Vibuthipura,148,200301005046,Bengaluru Urban,Bangalore_East_Marathahalli_Vibhutipura_Revenue_Map,Polygon,77.672585,12.967728,30
Bangalore East,Krishnarajapura,Vibuthipura,149,200301005046,Bengaluru Urban,Bangalore_East_Marathahalli_Vibhutipura_Revenue_Map,Polygon,77.67401,12.968546,21
Bangalore East,Krishnarajapura,Vibuthipura,132,200301005046,Bengaluru Urban,Bangalore_East_Marathahalli_Vibhutipura_Revenue_Map,Polygon,77.67098,12.968051,16
Bangalore East,Krishnarajapura,Vibuthipura,163,200301005046,Bengaluru Urban,Bangalore_East_Marathahalli_Vibhutipura_Revenue_Map,Polygon,77.683331,12.96847,17
Bangalore East,Krishnarajapura,Vibuthipura,125,200301005046,Bengaluru Urban,Bangalore_East_Marathahalli_Vibhutipura_Revenue_Map,Polygon,77.667538,12.967238,34
Bangalore East,Krishnarajapura,Vibuthipura,173,200301005046,Bengaluru Urban,Bangalore_East_Marathahalli_Vibhutipura_Revenue_Map,Polygon,77.681992,12.968068,18
Bangalore East,Krishnarajapura,Vibuthipura,124,200301005046,Bengaluru Urban,Bangalore_East_Marathahalli_Vibhutipura_Revenue_Map,Polygon,77.666644,12.967642,17
Bangalore East,Krishnarajapura,Vibuthipura,164,200301005046,Bengaluru Urban,Bangalore_East_Marathahalli_Vibhutipura_Revenue_Map,Polygon,77.68467,12.968049,18
Bangalore East,Krishnarajapura,Vibuthipura,134,200301005046,Bengaluru Urban,Bangalore_East_Marathahalli_Vibhutipura_Revenue_Map,Polygon,77.669079,12.968223,10
Bangalore East,Krishnarajapura,Vibuthipura,133,200301005046,Bengaluru Urban,Bangalore_East_Marathahalli_Vibhutipura_Revenue_Map,Polygon,77.670103,12.967967,13
Bangalore East,Krishnarajapura,Vibuthipura,174,200301005046,Bengaluru Urban,Bangalore_East_Marathahalli_Vibhutipura_Revenue_Map,Polygon,77.679506,12.968137,18
Bangalore East,Krishnarajapura,Vibuthipura,15,200301005046,Bengaluru Urban,Bangalore_East_Marathahalli_Vibhutipura_Revenue_Map,Polygon,77.687792,12.967753,13
Bangalore East,Krishnarajapura,Vibuthipura,166,200301005046,Bengaluru Urban,Bangalore_East_Marathahalli_Vibhutipura_Revenue_Map,Polygon,77.684353,12.96723,27
Bangalore East,Krishnarajapura,Vibuthipura,187,200301005046,Bengaluru Urban,Bangalore_East_Marathahalli_Vibhutipura_Revenue_Map,Polygon,77.678574,12.967757,10
Bangalore East,Krishnarajapura,Vibuthipura,188,200301005046,Bengaluru Urban,Bangalore_East_Marathahalli_Vibhutipura_Revenue_Map,Polygon,77.679139,12.967299,18
Bangalore East,Krishnarajapura,Vibuthipura,165,200301005046,Bengaluru Urban,Bangalore_East_Marathahalli_Vibhutipura_Revenue_Map,Polygon,77.683343,12.967733,13
Bangalore East,Krishnarajapura,Vibuthipura,122,200301005046,Bengaluru Urban,Bangalore_East_Marathahalli_Vibhutipura_Revenue_Map,Polygon,77.663184,12.966776,12
Bangalore East,Krishnarajapura,Vibuthipura,121,200301005046,Bengaluru Urban,Bangalore_East_Marathahalli_Vibhutipura_Revenue_Map,Polygon,77.665616,12.966528,10
Bangalore East,Krishnarajapura,Vibuthipura,126,200301005046,Bengaluru Urban,Bangalore_East_Marathahalli_Vibhutipura_Revenue_Map,Polygon,77.669048,12.966471,49
Bangalore East,Krishnarajapura,Vibuthipura,189,200301005046,Bengaluru Urban,Bangalore_East_Marathahalli_Vibhutipura_Revenue_Map,Polygon,77.679582,12.967246,12
Bangalore East,Krishnarajapura,Vibuthipura,190,200301005046,Bengaluru Urban,Bangalore_East_Marathahalli_Vibhutipura_Revenue_Map,Polygon,77.680257,12.967293,18
Bangalore East,Krishnarajapura,Vibuthipura,191,200301005046,Bengaluru Urban,Bangalore_East_Marathahalli_Vibhutipura_Revenue_Map,Polygon,77.680509,12.967436,15
Bangalore East,Krishnarajapura,Vibuthipura,172,200301005046,Bengaluru Urban,Bangalore_East_Marathahalli_Vibhutipura_Revenue_Map,Polygon,77.68133,12.967222,18
Bangalore East,Krishnarajapura,Vibuthipura,18,200301005046,Bengaluru Urban,Bangalore_East_Marathahalli_Vibhutipura_Revenue_Map,Polygon,77.687691,12.967198,12
Bangalore East,Krishnarajapura,Vibuthipura,186,200301005046,Bengaluru Urban,Bangalore_East_Marathahalli_Vibhutipura_Revenue_Map,Polygon,77.678706,12.96715,15
Bangalore East,Krishnarajapura,Vibuthipura,17,200301005046,Bengaluru Urban,Bangalore_East_Marathahalli_Vibhutipura_Revenue_Map,Polygon,77.689016,12.966087,26
Bangalore East,Krishnarajapura,Vibuthipura,STREAM,200301005046,Bengaluru Urban,Bangalore_East_Marathahalli_Vibhutipura_Revenue_Map,Polygon,77.672592,12.967202,35
Bangalore East,Krishnarajapura,Vibuthipura,184,200301005046,Bengaluru Urban,Bangalore_East_Marathahalli_Vibhutipura_Revenue_Map,Polygon,77.67937,12.966621,17
Bangalore East,Krishnarajapura,Vibuthipura,171,200301005046,Bengaluru Urban,Bangalore_East_Marathahalli_Vibhutipura_Revenue_Map,Polygon,77.682346,12.966817,13
Bangalore East,Krishnarajapura,Vibuthipura,148,200301005046,Bengaluru Urban,Bangalore_East_Marathahalli_Vibhutipura_Revenue_Map,Polygon,77.672591,12.967097,21
Bangalore East,Krishnarajapura,Vibuthipura,108,200301005046,Bengaluru Urban,Bangalore_East_Marathahalli_Vibhutipura_Revenue_Map,Polygon,77.674736,12.966543,23
Bangalore East,Krishnarajapura,Vibuthipura,109,200301005046,Bengaluru Urban,Bangalore_East_Marathahalli_Vibhutipura_Revenue_Map,Polygon,77.674414,12.966987,7
Bangalore East,Krishnarajapura,Vibuthipura,193,200301005046,Bengaluru Urban,Bangalore_East_Marathahalli_Vibhutipura_Revenue_Map,Polygon,77.680969,12.966617,18
Bangalore East,Krishnarajapura,Vibuthipura,167,200301005046,Bengaluru Urban,Bangalore_East_Marathahalli_Vibhutipura_Revenue_Map,Polygon,77.68537,12.966595,7
Bangalore East,Krishnarajapura,Vibuthipura,192,200301005046,Bengaluru Urban,Bangalore_East_Marathahalli_Vibhutipura_Revenue_Map,Polygon,77.680978,12.967005,7
Bangalore East,Krishnarajapura,Vibuthipura,111,200301005046,Bengaluru Urban,Bangalore_East_Marathahalli_Vibhutipura_Revenue_Map,Polygon,77.672143,12.96614,21
Bangalore East,Krishnarajapura,Vibuthipura,11,200301005046,Bengaluru Urban,Bangalore_East_Marathahalli_Vibhutipura_Revenue_Map,Polygon,77.687138,12.966601,12
Bangalore East,Krishnarajapura,Vibuthipura,130,200301005046,Bengaluru Urban,Bangalore_East_Marathahalli_Vibhutipura_Revenue_Map,Polygon,77.670359,12.966724,14
Bangalore East,Krishnarajapura,Vibuthipura,131,200301005046,Bengaluru Urban,Bangalore_East_Marathahalli_Vibhutipura_Revenue_Map,Polygon,77.671043,12.96683,22
Bangalore East,Krishnarajapura,Vibuthipura,194,200301005046,Bengaluru Urban,Bangalore_East_Marathahalli_Vibhutipura_Revenue_Map,Polygon,77.681286,12.966461,12
Bangalore East,Krishnarajapura,Vibuthipura,195,200301005046,Bengaluru Urban,Bangalore_East_Marathahalli_Vibhutipura_Revenue_Map,Polygon,77.68144,12.96636,12
Bangalore East,Krishnarajapura,Vibuthipura,196,200301005046,Bengaluru Urban,Bangalore_East_Marathahalli_Vibhutipura_Revenue_Map,Polygon,77.681633,12.966423,13
Bangalore East,Krishnarajapura,Vibuthipura,STREAM,200301005046,Bengaluru Urban,Bangalore_East_Marathahalli_Vibhutipura_Revenue_Map,Polygon,77.671064,12.966747,35
Bangalore East,Krishnarajapura,Vibuthipura,10,200301005046,Bengaluru Urban,Bangalore_East_Marathahalli_Vibhutipura_Revenue_Map,Polygon,77.686314,12.965862,19
Bangalore East,Krishnarajapura,Vibuthipura,170,200301005046,Bengaluru Urban,Bangalore_East_Marathahalli_Vibhutipura_Revenue_Map,Polygon,77.683265,12.966283,22
Bangalore East,Krishnarajapura,Vibuthipura,185,200301005046,Bengaluru Urban,Bangalore_East_Marathahalli_Vibhutipura_Revenue_Map,Polygon,77.678387,12.966681,6
Bangalore East,Krishnarajapura,Vibuthipura,131,200301005046,Bengaluru Urban,Bangalore_East_Marathahalli_Vibhutipura_Revenue_Map,Polygon,77.671134,12.966653,22
Bangalore East,Krishnarajapura,Vibuthipura,197,200301005046,Bengaluru Urban,Bangalore_East_Marathahalli_Vibhutipura_Revenue_Map,Polygon,77.682034,12.966087,11
Bangalore East,Krishnarajapura,Vibuthipura,19,200301005046,Bengaluru Urban,Bangalore_East_Marathahalli_Vibhutipura_Revenue_Map,Polygon,77.688006,12.966202,11
Bangalore East,Krishnarajapura,Vibuthipura,110,200301005046,Bengaluru Urban,Bangalore_East_Marathahalli_Vibhutipura_Revenue_Map,Polygon,77.673908,12.966043,12
Bangalore East,Krishnarajapura,Vibuthipura,8,200301005046,Bengaluru Urban,Bangalore_East_Marathahalli_Vibhutipura_Revenue_Map,Polygon,77.685823,12.965506,13
Bangalore East,Krishnarajapura,Vibuthipura,STREAM,200301005046,Bengaluru Urban,Bangalore_East_Marathahalli_Vibhutipura_Revenue_Map,Polygon,77.670334,12.966495,11
Bangalore East,Krishnarajapura,Vibuthipura,129,200301005046,Bengaluru Urban,Bangalore_East_Marathahalli_Vibhutipura_Revenue_Map,Polygon,77.670469,12.965638,23
Bangalore East,Krishnarajapura,Vibuthipura,STREAM,200301005046,Bengaluru Urban,Bangalore_East_Marathahalli_Vibhutipura_Revenue_Map,Polygon,77.669171,12.966107,60
Bangalore East,Krishnarajapura,Vibuthipura,130,200301005046,Bengaluru Urban,Bangalore_East_Marathahalli_Vibhutipura_Revenue_Map,Polygon,77.670408,12.966203,12
Bangalore East,Krishnarajapura,Vibuthipura,113,200301005046,Bengaluru Urban,Bangalore_East_Marathahalli_Vibhutipura_Revenue_Map,Polygon,77.672903,12.96574,29
Bangalore East,Krishnarajapura,Vibuthipura,198,200301005046,Bengaluru Urban,Bangalore_East_Marathahalli_Vibhutipura_Revenue_Map,Polygon,77.681633,12.965694,33
Bangalore East,Krishnarajapura,Vibuthipura,126,200301005046,Bengaluru Urban,Bangalore_East_Marathahalli_Vibhutipura_Revenue_Map,Polygon,77.669192,12.96579,39
Bangalore East,Krishnarajapura,Vibuthipura,176,200301005046,Bengaluru Urban,Bangalore_East_Marathahalli_Vibhutipura_Revenue_Map,Polygon,77.676957,12.964592,16
Bangalore East,Krishnarajapura,Vibuthipura,20,200301005046,Bengaluru Urban,Bangalore_East_Marathahalli_Vibhutipura_Revenue_Map,Polygon,77.686854,12.965604,19
Bangalore East,Krishnarajapura,Vibuthipura,112,200301005046,Bengaluru Urban,Bangalore_East_Marathahalli_Vibhutipura_Revenue_Map,Polygon,77.673184,12.966006,13
Bangalore East,Krishnarajapura,Vibuthipura,169,200301005046,Bengaluru Urban,Bangalore_East_Marathahalli_Vibhutipura_Revenue_Map,Polygon,77.684482,12.965698,4
Bangalore East,Krishnarajapura,Vibuthipura,128,200301005046,Bengaluru Urban,Bangalore_East_Marathahalli_Vibhutipura_Revenue_Map,Polygon,77.669897,12.965857,5
Bangalore East,Krishnarajapura,Vibuthipura,183,200301005046,Bengaluru Urban,Bangalore_East_Marathahalli_Vibhutipura_Revenue_Map,Polygon,77.679063,12.965219,9
Bangalore East,Krishnarajapura,Vibuthipura,168,200301005046,Bengaluru Urban,Bangalore_East_Marathahalli_Vibhutipura_Revenue_Map,Polygon,77.685092,12.965256,7
Bangalore East,Krishnarajapura,Vibuthipura,127,200301005046,Bengaluru Urban,Bangalore_East_Marathahalli_Vibhutipura_Revenue_Map,Polygon,77.669608,12.965787,6
Bangalore East,Krishnarajapura,Vibuthipura,21,200301005046,Bengaluru Urban,Bangalore_East_Marathahalli_Vibhutipura_Revenue_Map,Polygon,77.68817,12.965114,14
Bangalore East,Krishnarajapura,Vibuthipura,119,200301005046,Bengaluru Urban,Bangalore_East_Marathahalli_Vibhutipura_Revenue_Map,Polygon,77.664785,12.964005,20
Bangalore East,Krishnarajapura,Vibuthipura,120,200301005046,Bengaluru Urban,Bangalore_East_Marathahalli_Vibhutipura_Revenue_Map,Polygon,77.665709,12.965014,9
Bangalore East,Krishnarajapura,Vibuthipura,118,200301005046,Bengaluru Urban,Bangalore_East_Marathahalli_Vibhutipura_Revenue_Map,Polygon,77.667664,12.964869,20
Bangalore East,Krishnarajapura,Vibuthipura,199,200301005046,Bengaluru Urban,Bangalore_East_Marathahalli_Vibhutipura_Revenue_Map,Polygon,77.683172,12.964926,14
Bangalore East,Krishnarajapura,Vibuthipura,177,200301005046,Bengaluru Urban,Bangalore_East_Marathahalli_Vibhutipura_Revenue_Map,Polygon,77.678092,12.964135,13
Bangalore East,Krishnarajapura,Vibuthipura,182,200301005046,Bengaluru Urban,Bangalore_East_Marathahalli_Vibhutipura_Revenue_Map,Polygon,77.680552,12.964678,12
Bangalore East,Krishnarajapura,Vibuthipura,SETTLEMENT,200301005046,Bengaluru Urban,Bangalore_East_Marathahalli_Vibhutipura_Revenue_Map,Polygon,77.681409,12.964565,22
Bangalore East,Krishnarajapura,Vibuthipura,ROAD,200301005046,Bengaluru Urban,Bangalore_East_Marathahalli_Vibhutipura_Revenue_Map,Polygon,77.682383,12.965047,9
Bangalore East,Krishnarajapura,Vibuthipura,9,200301005046,Bengaluru Urban,Bangalore_East_Marathahalli_Vibhutipura_Revenue_Map,Polygon,77.686208,12.964814,15
Bangalore East,Krishnarajapura,Vibuthipura,114,200301005046,Bengaluru Urban,Bangalore_East_Marathahalli_Vibhutipura_Revenue_Map,Polygon,77.671022,12.964061,13
Bangalore East,Krishnarajapura,Vibuthipura,28,200301005046,Bengaluru Urban,Bangalore_East_Marathahalli_Vibhutipura_Revenue_Map,Polygon,77.690055,12.964039,24
Bangalore East,Krishnarajapura,Vibuthipura,7,200301005046,Bengaluru Urban,Bangalore_East_Marathahalli_Vibhutipura_Revenue_Map,Polygon,77.685129,12.964359,8
Bangalore East,Krishnarajapura,Vibuthipura,27,200301005046,Bengaluru Urban,Bangalore_East_Marathahalli_Vibhutipura_Revenue_Map,Polygon,77.689525,12.963831,26
Bangalore East,Krishnarajapura,Vibuthipura,179,200301005046,Bengaluru Urban,Bangalore_East_Marathahalli_Vibhutipura_Revenue_Map,Polygon,77.679462,12.96382,29
Bangalore East,Krishnarajapura,Vibuthipura,22,200301005046,Bengaluru Urban,Bangalore_East_Marathahalli_Vibhutipura_Revenue_Map,Polygon,77.687147,12.964388,9
Bangalore East,Krishnarajapura,Vibuthipura,PALYA,200301005046,Bengaluru Urban,Bangalore_East_Marathahalli_Vibhutipura_Revenue_Map,Polygon,77.676596,12.964367,5
Bangalore East,Krishnarajapura,Vibuthipura,107,200301005046,Bengaluru Urban,Bangalore_East_Marathahalli_Vibhutipura_Revenue_Map,Polygon,77.674297,12.964665,6
Bangalore East,Krishnarajapura,Vibuthipura,106,200301005046,Bengaluru Urban,Bangalore_East_Marathahalli_Vibhutipura_Revenue_Map,Polygon,77.674369,12.963527,23
Bangalore East,Krishnarajapura,Vibuthipura,26,200301005046,Bengaluru Urban,Bangalore_East_Marathahalli_Vibhutipura_Revenue_Map,Polygon,77.689211,12.964503,9
Bangalore East,Krishnarajapura,Vibuthipura,23,200301005046,Bengaluru Urban,Bangalore_East_Marathahalli_Vibhutipura_Revenue_Map,Polygon,77.688181,12.964162,10
Bangalore East,Krishnarajapura,Vibuthipura,178,200301005046,Bengaluru Urban,Bangalore_East_Marathahalli_Vibhutipura_Revenue_Map,Polygon,77.678839,12.964139,12
Bangalore East,Krishnarajapura,Vibuthipura,200,200301005046,Bengaluru Urban,Bangalore_East_Marathahalli_Vibhutipura_Revenue_Map,Polygon,77.682988,12.964148,8
Bangalore East,Krishnarajapura,Vibuthipura,25,200301005046,Bengaluru Urban,Bangalore_East_Marathahalli_Vibhutipura_Revenue_Map,Polygon,77.68885,12.963821,6
Bangalore East,Krishnarajapura,Vibuthipura,181,200301005046,Bengaluru Urban,Bangalore_East_Marathahalli_Vibhutipura_Revenue_Map,Polygon,77.680913,12.963269,21
Bangalore East,Krishnarajapura,Vibuthipura,117,200301005046,Bengaluru Urban,Bangalore_East_Marathahalli_Vibhutipura_Revenue_Map,Polygon,77.668897,12.963446,8
Bangalore East,Krishnarajapura,Vibuthipura,202,200301005046,Bengaluru Urban,Bangalore_East_Marathahalli_Vibhutipura_Revenue_Map,Polygon,77.682253,12.963599,9
Bangalore East,Krishnarajapura,Vibuthipura,24,200301005046,Bengaluru Urban,Bangalore_East_Marathahalli_Vibhutipura_Revenue_Map,Polygon,77.688545,12.96343,10
Bangalore East,Krishnarajapura,Vibuthipura,38,200301005046,Bengaluru Urban,Bangalore_East_Marathahalli_Vibhutipura_Revenue_Map,Polygon,77.685818,12.962904,13
Bangalore East,Krishnarajapura,Vibuthipura,205,200301005046,Bengaluru Urban,Bangalore_East_Marathahalli_Vibhutipura_Revenue_Map,Polygon,77.677845,12.963057,7
Bangalore East,Krishnarajapura,Vibuthipura,6,200301005046,Bengaluru Urban,Bangalore_East_Marathahalli_Vibhutipura_Revenue_Map,Polygon,77.68472,12.963609,8
Bangalore East,Krishnarajapura,Vibuthipura,37,200301005046,Bengaluru Urban,Bangalore_East_Marathahalli_Vibhutipura_Revenue_Map,Polygon,77.686837,12.963172,16
Bangalore East,Krishnarajapura,Vibuthipura,ROAD,200301005046,Bengaluru Urban,Bangalore_East_Marathahalli_Vibhutipura_Revenue_Map,Polygon,77.674234,12.957959,82
Bangalore East,Krishnarajapura,Vibuthipura,XX,200301005046,Bengaluru Urban,Bangalore_East_Marathahalli_Vibhutipura_Revenue_Map,Polygon,77.681642,12.963376,14
Bangalore East,Krishnarajapura,Vibuthipura,203,200301005046,Bengaluru Urban,Bangalore_East_Marathahalli_Vibhutipura_Revenue_Map,Polygon,77.681599,12.963689,5
Bangalore East,Krishnarajapura,Vibuthipura,201,200301005046,Bengaluru Urban,Bangalore_East_Marathahalli_Vibhutipura_Revenue_Map,Polygon,77.683569,12.963306,7
Bangalore East,Krishnarajapura,Vibuthipura,36,200301005046,Bengaluru Urban,Bangalore_East_Marathahalli_Vibhutipura_Revenue_Map,Polygon,77.687368,12.963377,14
Bangalore East,Krishnarajapura,Vibuthipura,5,200301005046,Bengaluru Urban,Bangalore_East_Marathahalli_Vibhutipura_Revenue_Map,Polygon,77.684576,12.962918,15
Bangalore East,Krishnarajapura,Vibuthipura,115,200301005046,Bengaluru Urban,Bangalore_East_Marathahalli_Vibhutipura_Revenue_Map,Polygon,77.672095,12.962475,10
Bangalore East,Krishnarajapura,Vibuthipura,105,200301005046,Bengaluru Urban,Bangalore_East_Marathahalli_Vibhutipura_Revenue_Map,Polygon,77.674231,12.962508,18
Bangalore East,Krishnarajapura,Vibuthipura,1,200301005046,Bengaluru Urban,Bangalore_East_Marathahalli_Vibhutipura_Revenue_Map,Polygon,77.682873,12.962475,14
Bangalore East,Krishnarajapura,Vibuthipura,33,200301005046,Bengaluru Urban,Bangalore_East_Marathahalli_Vibhutipura_Revenue_Map,Polygon,77.68853,12.962704,16
Bangalore East,Krishnarajapura,Vibuthipura,35,200301005046,Bengaluru Urban,Bangalore_East_Marathahalli_Vibhutipura_Revenue_Map,Polygon,77.687496,12.962929,9
Bangalore East,Krishnarajapura,Vibuthipura,116,200301005046,Bengaluru Urban,Bangalore_East_Marathahalli_Vibhutipura_Revenue_Map,Polygon,77.66883,12.961344,15
Bangalore East,Krishnarajapura,Vibuthipura,29,200301005046,Bengaluru Urban,Bangalore_East_Marathahalli_Vibhutipura_Revenue_Map,Polygon,77.690522,12.961164,16
Bangalore East,Krishnarajapura,Vibuthipura,30,200301005046,Bengaluru Urban,Bangalore_East_Marathahalli_Vibhutipura_Revenue_Map,Polygon,77.691503,12.961355,15
Bangalore East,Krishnarajapura,Vibuthipura,34,200301005046,Bengaluru Urban,Bangalore_East_Marathahalli_Vibhutipura_Revenue_Map,Polygon,77.687473,12.962631,7
Bangalore East,Krishnarajapura,Vibuthipura,180,200301005046,Bengaluru Urban,Bangalore_East_Marathahalli_Vibhutipura_Revenue_Map,Polygon,77.680588,12.961889,10
Bangalore East,Krishnarajapura,Vibuthipura,2,200301005046,Bengaluru Urban,Bangalore_East_Marathahalli_Vibhutipura_Revenue_Map,Polygon,77.682018,12.961557,8
Bangalore East,Krishnarajapura,Vibuthipura,31,200301005046,Bengaluru Urban,Bangalore_East_Marathahalli_Vibhutipura_Revenue_Map,Polygon,77.689175,12.961609,16
Bangalore East,Krishnarajapura,Vibuthipura,104,200301005046,Bengaluru Urban,Bangalore_East_Marathahalli_Vibhutipura_Revenue_Map,Polygon,77.674914,12.96213,9
Bangalore East,Krishnarajapura,Vibuthipura,99,200301005046,Bengaluru Urban,Bangalore_East_Marathahalli_Vibhutipura_Revenue_Map,Polygon,77.677436,12.961462,10
Bangalore East,Krishnarajapura,Vibuthipura,39,200301005046,Bengaluru Urban,Bangalore_East_Marathahalli_Vibhutipura_Revenue_Map,Polygon,77.687548,12.961792,13
Bangalore East,Krishnarajapura,Vibuthipura,32,200301005046,Bengaluru Urban,Bangalore_East_Marathahalli_Vibhutipura_Revenue_Map,Polygon,77.688421,12.96178,13
Bangalore East,Krishnarajapura,Vibuthipura,101,200301005046,Bengaluru Urban,Bangalore_East_Marathahalli_Vibhutipura_Revenue_Map,Polygon,77.675974,12.961622,14
Bangalore East,Krishnarajapura,Vibuthipura,3,200301005046,Bengaluru Urban,Bangalore_East_Marathahalli_Vibhutipura_Revenue_Map,Polygon,77.684033,12.961334,10
Bangalore East,Krishnarajapura,Vibuthipura,100,200301005046,Bengaluru Urban,Bangalore_East_Marathahalli_Vibhutipura_Revenue_Map,Polygon,77.677147,12.961227,9
Bangalore East,Krishnarajapura,Vibuthipura,4,200301005046,Bengaluru Urban,Bangalore_East_Marathahalli_Vibhutipura_Revenue_Map,Polygon,77.684818,12.961214,8
Bangalore East,Krishnarajapura,Vibuthipura,70,200301005046,Bengaluru Urban,Bangalore_East_Marathahalli_Vibhutipura_Revenue_Map,Polygon,77.685437,12.960395,11
Bangalore East,Krishnarajapura,Vibuthipura,103,200301005046,Bengaluru Urban,Bangalore_East_Marathahalli_Vibhutipura_Revenue_Map,Polygon,77.674058,12.961125,10
Bangalore East,Krishnarajapura,Vibuthipura,40,200301005046,Bengaluru Urban,Bangalore_East_Marathahalli_Vibhutipura_Revenue_Map,Polygon,77.687118,12.960481,13
Bangalore East,Krishnarajapura,Vibuthipura,42,200301005046,Bengaluru Urban,Bangalore_East_Marathahalli_Vibhutipura_Revenue_Map,Polygon,77.688268,12.961397,10
Bangalore East,Krishnarajapura,Vibuthipura,206,200301005046,Bengaluru Urban,Bangalore_East_Marathahalli_Vibhutipura_Revenue_Map,Polygon,77.682767,12.961112,9
Bangalore East,Krishnarajapura,Vibuthipura,46,200301005046,Bengaluru Urban,Bangalore_East_Marathahalli_Vibhutipura_Revenue_Map,Polygon,77.689315,12.960599,20
Bangalore East,Krishnarajapura,Vibuthipura,102,200301005046,Bengaluru Urban,Bangalore_East_Marathahalli_Vibhutipura_Revenue_Map,Polygon,77.675602,12.960863,10
Bangalore East,Krishnarajapura,Vibuthipura,92,200301005046,Bengaluru Urban,Bangalore_East_Marathahalli_Vibhutipura_Revenue_Map,Polygon,77.671723,12.960392,435
Bangalore East,Krishnarajapura,Vibuthipura,41,200301005046,Bengaluru Urban,Bangalore_East_Marathahalli_Vibhutipura_Revenue_Map,Polygon,77.687932,12.96012,16
Bangalore East,Krishnarajapura,Vibuthipura,43,200301005046,Bengaluru Urban,Bangalore_East_Marathahalli_Vibhutipura_Revenue_Map,Polygon,77.688601,12.960515,10
Bangalore East,Krishnarajapura,Vibuthipura,91,200301005046,Bengaluru Urban,Bangalore_East_Marathahalli_Vibhutipura_Revenue_Map,Polygon,77.669825,12.95847,355
Bangalore East,Krishnarajapura,Vibuthipura,94,200301005046,Bengaluru Urban,Bangalore_East_Marathahalli_Vibhutipura_Revenue_Map,Polygon,77.676283,12.960387,446
Bangalore East,Krishnarajapura,Vibuthipura,97,200301005046,Bengaluru Urban,Bangalore_East_Marathahalli_Vibhutipura_Revenue_Map,Polygon,77.67705,12.95957,9
Bangalore East,Krishnarajapura,Vibuthipura,93,200301005046,Bengaluru Urban,Bangalore_East_Marathahalli_Vibhutipura_Revenue_Map,Polygon,77.674554,12.95971,13
Bangalore East,Krishnarajapura,Vibuthipura,71,200301005046,Bengaluru Urban,Bangalore_East_Marathahalli_Vibhutipura_Revenue_Map,Polygon,77.683828,12.959647,7
Bangalore East,Krishnarajapura,Vibuthipura,90,200301005046,Bengaluru Urban,Bangalore_East_Marathahalli_Vibhutipura_Revenue_Map,Polygon,77.66809,12.959727,13
Bangalore East,Krishnarajapura,Vibuthipura,TANK,200301005046,Bengaluru Urban,Bangalore_East_Marathahalli_Vibhutipura_Revenue_Map,Polygon,77.676296,12.960422,434
Bangalore East,Krishnarajapura,Vibuthipura,TANK,200301005046,Bengaluru Urban,Bangalore_East_Marathahalli_Vibhutipura_Revenue_Map,Polygon,77.671722,12.960402,422
Bangalore East,Krishnarajapura,Vibuthipura,72,200301005046,Bengaluru Urban,Bangalore_East_Marathahalli_Vibhutipura_Revenue_Map,Polygon,77.682318,12.959836,6
Bangalore East,Krishnarajapura,Vibuthipura,47,200301005046,Bengaluru Urban,Bangalore_East_Marathahalli_Vibhutipura_Revenue_Map,Polygon,77.689709,12.95965,17
Bangalore East,Krishnarajapura,Vibuthipura,75,200301005046,Bengaluru Urban,Bangalore_East_Marathahalli_Vibhutipura_Revenue_Map,Polygon,77.679944,12.959316,5
Bangalore East,Krishnarajapura,Vibuthipura,74,200301005046,Bengaluru Urban,Bangalore_East_Marathahalli_Vibhutipura_Revenue_Map,Polygon,77.681773,12.95837,7
Bangalore East,Krishnarajapura,Vibuthipura,44,200301005046,Bengaluru Urban,Bangalore_East_Marathahalli_Vibhutipura_Revenue_Map,Polygon,77.688411,12.959742,15
Bangalore East,Krishnarajapura,Vibuthipura,45,200301005046,Bengaluru Urban,Bangalore_East_Marathahalli_Vibhutipura_Revenue_Map,Polygon,77.689167,12.95961,14
Bangalore East,Krishnarajapura,Vibuthipura,98,200301005046,Bengaluru Urban,Bangalore_East_Marathahalli_Vibhutipura_Revenue_Map,Polygon,77.678251,12.959013,5
Bangalore East,Krishnarajapura,Vibuthipura,50,200301005046,Bengaluru Urban,Bangalore_East_Marathahalli_Vibhutipura_Revenue_Map,Polygon,77.687918,12.958346,17
Bangalore East,Krishnarajapura,Vibuthipura,69,200301005046,Bengaluru Urban,Bangalore_East_Marathahalli_Vibhutipura_Revenue_Map,Polygon,77.686041,12.957379,17
Bangalore East,Krishnarajapura,Vibuthipura,48,200301005046,Bengaluru Urban,Bangalore_East_Marathahalli_Vibhutipura_Revenue_Map,Polygon,77.689309,12.958372,22
Bangalore East,Krishnarajapura,Vibuthipura,49,200301005046,Bengaluru Urban,Bangalore_East_Marathahalli_Vibhutipura_Revenue_Map,Polygon,77.688705,12.958228,22
Bangalore East,Krishnarajapura,Vibuthipura,73,200301005046,Bengaluru Urban,Bangalore_East_Marathahalli_Vibhutipura_Revenue_Map,Polygon,77.683019,12.958063,7
Bangalore East,Krishnarajapura,Vibuthipura,TANK,200301005046,Bengaluru Urban,Bangalore_East_Marathahalli_Vibhutipura_Revenue_Map,Polygon,77.669805,12.958434,343
Bangalore East,Krishnarajapura,Vibuthipura,76,200301005046,Bengaluru Urban,Bangalore_East_Marathahalli_Vibhutipura_Revenue_Map,Polygon,77.680248,12.957307,6
Bangalore East,Krishnarajapura,Vibuthipura,77,200301005046,Bengaluru Urban,Bangalore_East_Marathahalli_Vibhutipura_Revenue_Map,Polygon,77.678735,12.957254,5
Bangalore East,Krishnarajapura,Vibuthipura,68,200301005046,Bengaluru Urban,Bangalore_East_Marathahalli_Vibhutipura_Revenue_Map,Polygon,77.683537,12.956606,7
Bangalore East,Krishnarajapura,Vibuthipura,89,200301005046,Bengaluru Urban,Bangalore_East_Marathahalli_Vibhutipura_Revenue_Map,Polygon,77.668064,12.95731,8
Bangalore East,Krishnarajapura,Vibuthipura,88,200301005046,Bengaluru Urban,Bangalore_East_Marathahalli_Vibhutipura_Revenue_Map,Polygon,77.670392,12.957195,9
Bangalore East,Krishnarajapura,Vibuthipura,87,200301005046,Bengaluru Urban,Bangalore_East_Marathahalli_Vibhutipura_Revenue_Map,Polygon,77.671621,12.95711,11
Bangalore East,Krishnarajapura,Vibuthipura,96,200301005046,Bengaluru Urban,Bangalore_East_Marathahalli_Vibhutipura_Revenue_Map,Polygon,77.676917,12.956867,6
Bangalore East,Krishnarajapura,Vibuthipura,86,200301005046,Bengaluru Urban,Bangalore_East_Marathahalli_Vibhutipura_Revenue_Map,Polygon,77.673201,12.957392,4
Bangalore East,Krishnarajapura,Vibuthipura,51,200301005046,Bengaluru Urban,Bangalore_East_Marathahalli_Vibhutipura_Revenue_Map,Polygon,77.687789,12.956407,18
Bangalore East,Krishnarajapura,Vibuthipura,95,200301005046,Bengaluru Urban,Bangalore_East_Marathahalli_Vibhutipura_Revenue_Map,Polygon,77.675431,12.957149,4
Bangalore East,Krishnarajapura,Vibuthipura,85,200301005046,Bengaluru Urban,Bangalore_East_Marathahalli_Vibhutipura_Revenue_Map,Polygon,77.67359,12.956371,9
Bangalore East,Krishnarajapura,Vibuthipura,84,200301005046,Bengaluru Urban,Bangalore_East_Marathahalli_Vibhutipura_Revenue_Map,Polygon,77.675274,12.956289,5
Bangalore East,Krishnarajapura,Vibuthipura,66,200301005046,Bengaluru Urban,Bangalore_East_Marathahalli_Vibhutipura_Revenue_Map,Polygon,77.68206,12.95587,7
Bangalore East,Krishnarajapura,Vibuthipura,65,200301005046,Bengaluru Urban,Bangalore_East_Marathahalli_Vibhutipura_Revenue_Map,Polygon,77.680532,12.955505,6
Bangalore East,Krishnarajapura,Vibuthipura,82,200301005046,Bengaluru Urban,Bangalore_East_Marathahalli_Vibhutipura_Revenue_Map,Polygon,77.676581,12.956,4
Bangalore East,Krishnarajapura,Vibuthipura,79,200301005046,Bengaluru Urban,Bangalore_East_Marathahalli_Vibhutipura_Revenue_Map,Polygon,77.678762,12.955653,5
Bangalore East,Krishnarajapura,Vibuthipura,78,200301005046,Bengaluru Urban,Bangalore_East_Marathahalli_Vibhutipura_Revenue_Map,Polygon,77.677869,12.955774,4
Bangalore East,Krishnarajapura,Vibuthipura,81,200301005046,Bengaluru Urban,Bangalore_East_Marathahalli_Vibhutipura_Revenue_Map,Polygon,77.67722,12.954842,11
Bangalore East,Krishnarajapura,Vibuthipura,83,200301005046,Bengaluru Urban,Bangalore_East_Marathahalli_Vibhutipura_Revenue_Map,Polygon,77.674692,12.954973,9
Bangalore East,Krishnarajapura,Vibuthipura,67,200301005046,Bengaluru Urban,Bangalore_East_Marathahalli_Vibhutipura_Revenue_Map,Polygon,77.68364,12.955043,6
Bangalore East,Krishnarajapura,Vibuthipura,58,200301005046,Bengaluru Urban,Bangalore_East_Marathahalli_Vibhutipura_Revenue_Map,Polygon,77.685737,12.955164,6
Bangalore East,Krishnarajapura,Vibuthipura,52,200301005046,Bengaluru Urban,Bangalore_East_Marathahalli_Vibhutipura_Revenue_Map,Polygon,77.688265,12.955116,5
Bangalore East,Krishnarajapura,Vibuthipura,59,200301005046,Bengaluru Urban,Bangalore_East_Marathahalli_Vibhutipura_Revenue_Map,Polygon,77.684682,12.955062,7
Bangalore East,Krishnarajapura,Vibuthipura,80,200301005046,Bengaluru Urban,Bangalore_East_Marathahalli_Vibhutipura_Revenue_Map,Polygon,77.679357,12.954381,9
Bangalore East,Krishnarajapura,Vibuthipura,53,200301005046,Bengaluru Urban,Bangalore_East_Marathahalli_Vibhutipura_Revenue_Map,Polygon,77.688279,12.953487,39
Bangalore East,Krishnarajapura,Vibuthipura,57,200301005046,Bengaluru Urban,Bangalore_East_Marathahalli_Vibhutipura_Revenue_Map,Polygon,77.686019,12.954695,7
Bangalore East,Krishnarajapura,Vibuthipura,60,200301005046,Bengaluru Urban,Bangalore_East_Marathahalli_Vibhutipura_Revenue_Map,Polygon,77.684997,12.953539,17
Bangalore East,Krishnarajapura,Vibuthipura,62,200301005046,Bengaluru Urban,Bangalore_East_Marathahalli_Vibhutipura_Revenue_Map,Polygon,77.682982,12.954049,13
Bangalore East,Krishnarajapura,Vibuthipura,56,200301005046,Bengaluru Urban,Bangalore_East_Marathahalli_Vibhutipura_Revenue_Map,Polygon,77.685673,12.954363,5
Bangalore East,Krishnarajapura,Vibuthipura,55,200301005046,Bengaluru Urban,Bangalore_East_Marathahalli_Vibhutipura_Revenue_Map,Polygon,77.686396,12.953955,11
Bangalore East,Krishnarajapura,Vibuthipura,64,200301005046,Bengaluru Urban,Bangalore_East_Marathahalli_Vibhutipura_Revenue_Map,Polygon,77.68108,12.953935,9
Bangalore East,Krishnarajapura,Vibuthipura,63,200301005046,Bengaluru Urban,Bangalore_East_Marathahalli_Vibhutipura_Revenue_Map,Polygon,77.681421,12.954393,4
Bangalore East,Krishnarajapura,Vibuthipura,61,200301005046,Bengaluru Urban,Bangalore_East_Marathahalli_Vibhutipura_Revenue_Map,Polygon,77.683745,12.953335,14
Bangalore East,Krishnarajapura,Vibuthipura,54,200301005046,Bengaluru Urban,Bangalore_East_Marathahalli_Vibhutipura_Revenue_Map,Polygon,77.686397,12.952802,13
Bangalore East,Varthur,Belur Nagasandra,25,200301007007,Bengaluru Urban,Bangalore_East_Varturu1_BeluruNagasandra_Revenue_Map,Polygon,77.65597,12.945,12
Bangalore East,Varthur,Belur Nagasandra,23,200301007007,Bengaluru Urban,Bangalore_East_Varturu1_BeluruNagasandra_Revenue_Map,Polygon,77.658076,12.944937,16
Bangalore East,Varthur,Belur Nagasandra,24,200301007007,Bengaluru Urban,Bangalore_East_Varturu1_BeluruNagasandra_Revenue_Map,Polygon,77.656953,12.944874,10
Bangalore East,Varthur,Belur Nagasandra,27,200301007007,Bengaluru Urban,Bangalore_East_Varturu1_BeluruNagasandra_Revenue_Map,Polygon,77.656658,12.943787,19
Bangalore East,Varthur,Belur Nagasandra,26,200301007007,Bengaluru Urban,Bangalore_East_Varturu1_BeluruNagasandra_Revenue_Map,Polygon,77.656591,12.944468,7
Bangalore East,Varthur,Belur Nagasandra,22,200301007007,Bengaluru Urban,Bangalore_East_Varturu1_BeluruNagasandra_Revenue_Map,Polygon,77.658234,12.943919,16
Bangalore East,Varthur,Belur Nagasandra,SETTLEMENT,200301007007,Bengaluru Urban,Bangalore_East_Varturu1_BeluruNagasandra_Revenue_Map,Polygon,77.655824,12.943266,13
Bangalore East,Varthur,Belur Nagasandra,21,200301007007,Bengaluru Urban,Bangalore_East_Varturu1_BeluruNagasandra_Revenue_Map,Polygon,77.658729,12.943268,5
Bangalore East,Varthur,Belur Nagasandra,28,200301007007,Bengaluru Urban,Bangalore_East_Varturu1_BeluruNagasandra_Revenue_Map,Polygon,77.657293,12.943165,5
Bangalore East,Varthur,Belur Nagasandra,20,200301007007,Bengaluru Urban,Bangalore_East_Varturu1_BeluruNagasandra_Revenue_Map,Polygon,77.659069,12.943068,9
Bangalore East,Varthur,Belur Nagasandra,2,200301007007,Bengaluru Urban,Bangalore_East_Varturu1_BeluruNagasandra_Revenue_Map,Polygon,77.654075,12.942155,14
Bangalore East,Varthur,Belur Nagasandra,ROAD,200301007007,Bengaluru Urban,Bangalore_East_Varturu1_BeluruNagasandra_Revenue_Map,Polygon,77.657664,12.942991,8
Bangalore East,Varthur,Belur Nagasandra,19,200301007007,Bengaluru Urban,Bangalore_East_Varturu1_BeluruNagasandra_Revenue_Map,Polygon,77.659177,12.94295,8
Bangalore East,Varthur,Belur Nagasandra,1,200301007007,Bengaluru Urban,Bangalore_East_Varturu1_BeluruNagasandra_Revenue_Map,Polygon,77.655457,12.942592,8
Bangalore East,Varthur,Belur Nagasandra,ROAD,200301007007,Bengaluru Urban,Bangalore_East_Varturu1_BeluruNagasandra_Revenue_Map,Polygon,77.656329,12.942334,6
Bangalore East,Varthur,Belur Nagasandra,29,200301007007,Bengaluru Urban,Bangalore_East_Varturu1_BeluruNagasandra_Revenue_Map,Polygon,77.657797,12.942318,12
Bangalore East,Varthur,Belur Nagasandra,18,200301007007,Bengaluru Urban,Bangalore_East_Varturu1_BeluruNagasandra_Revenue_Map,Polygon,77.658989,12.94274,6
Bangalore East,Varthur,Belur Nagasandra,15,200301007007,Bengaluru Urban,Bangalore_East_Varturu1_BeluruNagasandra_Revenue_Map,Polygon,77.658998,12.940062,30
Bangalore East,Varthur,Belur Nagasandra,5,200301007007,Bengaluru Urban,Bangalore_East_Varturu1_BeluruNagasandra_Revenue_Map,Polygon,77.655041,12.941707,8
Bangalore East,Varthur,Belur Nagasandra,6,200301007007,Bengaluru Urban,Bangalore_East_Varturu1_BeluruNagasandra_Revenue_Map,Polygon,77.655678,12.941729,8
Bangalore East,Varthur,Belur Nagasandra,4,200301007007,Bengaluru Urban,Bangalore_East_Varturu1_BeluruNagasandra_Revenue_Map,Polygon,77.654672,12.941581,7
Bangalore East,Varthur,Belur Nagasandra,8,200301007007,Bengaluru Urban,Bangalore_East_Varturu1_BeluruNagasandra_Revenue_Map,Polygon,77.656651,12.941274,7
Bangalore East,Varthur,Belur Nagasandra,17,200301007007,Bengaluru Urban,Bangalore_East_Varturu1_BeluruNagasandra_Revenue_Map,Polygon,77.660595,12.939696,14
Bangalore East,Varthur,Belur Nagasandra,9,200301007007,Bengaluru Urban,Bangalore_East_Varturu1_BeluruNagasandra_Revenue_Map,Polygon,77.658269,12.941192,6
Bangalore East,Varthur,Belur Nagasandra,16,200301007007,Bengaluru Urban,Bangalore_East_Varturu1_BeluruNagasandra_Revenue_Map,Polygon,77.659511,12.939603,17
Bangalore East,Varthur,Belur Nagasandra,3,200301007007,Bengaluru Urban,Bangalore_East_Varturu1_BeluruNagasandra_Revenue_Map,Polygon,77.654064,12.941081,7
Bangalore East,Varthur,Belur Nagasandra,7,200301007007,Bengaluru Urban,Bangalore_East_Varturu1_BeluruNagasandra_Revenue_Map,Polygon,77.655414,12.940978,8
Bangalore East,Varthur,Belur Nagasandra,10,200301007007,Bengaluru Urban,Bangalore_East_Varturu1_BeluruNagasandra_Revenue_Map,Polygon,77.657297,12.940761,8
Bangalore East,Varthur,Belur Nagasandra,11,200301007007,Bengaluru Urban,Bangalore_East_Varturu1_BeluruNagasandra_Revenue_Map,Polygon,77.656539,12.940182,10
Bangalore East,Varthur,Belur Nagasandra,12,200301007007,Bengaluru Urban,Bangalore_East_Varturu1_BeluruNagasandra_Revenue_Map,Polygon,77.657634,12.938843,9
Bangalore East,Varthur,Belur Nagasandra,13,200301007007,Bengaluru Urban,Bangalore_East_Varturu1_BeluruNagasandra_Revenue_Map,Polygon,77.656839,12.938758,4
Bangalore East,Varthur,Belur Nagasandra,14,200301007007,Bengaluru Urban,Bangalore_East_Varturu1_BeluruNagasandra_Revenue_Map,Polygon,77.658387,12.937894,5
Bangalore East,Varthur,Konena Agrahara,73,200301007029,Bengaluru Urban,Bangalore_East_Varturu1_KonenaAgrahara_Revenue_Map,Polygon,77.661761,12.96519,15
Bangalore East,Varthur,Konena Agrahara,74,200301007029,Bengaluru Urban,Bangalore_East_Varturu1_KonenaAgrahara_Revenue_Map,Polygon,77.662887,12.964033,17
Bangalore East,Varthur,Konena Agrahara,72,200301007029,Bengaluru Urban,Bangalore_East_Varturu1_KonenaAgrahara_Revenue_Map,Polygon,77.661026,12.962996,21
Bangalore East,Varthur,Konena Agrahara,ROAD,200301007029,Bengaluru Urban,Bangalore_East_Varturu1_KonenaAgrahara_Revenue_Map,Polygon,77.663054,12.958958,83
Bangalore East,Varthur,Konena Agrahara,64,200301007029,Bengaluru Urban,Bangalore_East_Varturu1_KonenaAgrahara_Revenue_Map,Polygon,77.659573,12.962788,23
Bangalore East,Varthur,Konena Agrahara,63,200301007029,Bengaluru Urban,Bangalore_East_Varturu1_KonenaAgrahara_Revenue_Map,Polygon,77.658306,12.963014,14
Bangalore East,Varthur,Konena Agrahara,STREAM,200301007029,Bengaluru Urban,Bangalore_East_Varturu1_KonenaAgrahara_Revenue_Map,Polygon,77.657774,12.962926,13
Bangalore East,Varthur,Konena Agrahara,63,200301007029,Bengaluru Urban,Bangalore_East_Varturu1_KonenaAgrahara_Revenue_Map,Polygon,77.657687,12.96285,7
Bangalore East,Varthur,Konena Agrahara,75,200301007029,Bengaluru Urban,Bangalore_East_Varturu1_KonenaAgrahara_Revenue_Map,Polygon,77.661783,12.962097,10
Bangalore East,Varthur,Konena Agrahara,62,200301007029,Bengaluru Urban,Bangalore_East_Varturu1_KonenaAgrahara_Revenue_Map,Polygon,77.657539,12.961361,19
Bangalore East,Varthur,Konena Agrahara,76,200301007029,Bengaluru Urban,Bangalore_East_Varturu1_KonenaAgrahara_Revenue_Map,Polygon,77.663909,12.961515,12
Bangalore East,Varthur,Konena Agrahara,STREAM,200301007029,Bengaluru Urban,Bangalore_East_Varturu1_KonenaAgrahara_Revenue_Map,Polygon,77.657819,12.961832,18
Bangalore East,Varthur,Konena Agrahara,62,200301007029,Bengaluru Urban,Bangalore_East_Varturu1_KonenaAgrahara_Revenue_Map,Polygon,77.658107,12.96188,11
Bangalore East,Varthur,Konena Agrahara,71,200301007029,Bengaluru Urban,Bangalore_East_Varturu1_KonenaAgrahara_Revenue_Map,Polygon,77.660358,12.961378,10
Bangalore East,Varthur,Konena Agrahara,TANK,200301007029,Bengaluru Urban,Bangalore_East_Varturu1_KonenaAgrahara_Revenue_Map,Polygon,77.663772,12.961062,5
Bangalore East,Varthur,Konena Agrahara,70,200301007029,Bengaluru Urban,Bangalore_East_Varturu1_KonenaAgrahara_Revenue_Map,Polygon,77.660666,12.960271,25
Bangalore East,Varthur,Konena Agrahara,65,200301007029,Bengaluru Urban,Bangalore_East_Varturu1_KonenaAgrahara_Revenue_Map,Polygon,77.658728,12.96065,14
Bangalore East,Varthur,Konena Agrahara,STREAM,200301007029,Bengaluru Urban,Bangalore_East_Varturu1_KonenaAgrahara_Revenue_Map,Polygon,77.657839,12.960767,11
Bangalore East,Varthur,Konena Agrahara,69,200301007029,Bengaluru Urban,Bangalore_East_Varturu1_KonenaAgrahara_Revenue_Map,Polygon,77.661418,12.959897,19
Bangalore East,Varthur,Konena Agrahara,65,200301007029,Bengaluru Urban,Bangalore_East_Varturu1_KonenaAgrahara_Revenue_Map,Polygon,77.657721,12.960637,7
Bangalore East,Varthur,Konena Agrahara,79,200301007029,Bengaluru Urban,Bangalore_East_Varturu1_KonenaAgrahara_Revenue_Map,Polygon,77.663438,12.959677,9
Bangalore East,Varthur,Konena Agrahara,77,200301007029,Bengaluru Urban,Bangalore_East_Varturu1_KonenaAgrahara_Revenue_Map,Polygon,77.664914,12.959539,11
Bangalore East,Varthur,Konena Agrahara,66,200301007029,Bengaluru Urban,Bangalore_East_Varturu1_KonenaAgrahara_Revenue_Map,Polygon,77.657673,12.959947,6
Bangalore East,Varthur,Konena Agrahara,STREAM,200301007029,Bengaluru Urban,Bangalore_East_Varturu1_KonenaAgrahara_Revenue_Map,Polygon,77.657765,12.959825,11
Bangalore East,Varthur,Konena Agrahara,66,200301007029,Bengaluru Urban,Bangalore_East_Varturu1_KonenaAgrahara_Revenue_Map,Polygon,77.658831,12.959648,12
Bangalore East,Varthur,Konena Agrahara,68,200301007029,Bengaluru Urban,Bangalore_East_Varturu1_KonenaAgrahara_Revenue_Map,Polygon,77.660189,12.959424,9
Bangalore East,Varthur,Konena Agrahara,78,200301007029,Bengaluru Urban,Bangalore_East_Varturu1_KonenaAgrahara_Revenue_Map,Polygon,77.664203,12.959164,7
Bangalore East,Varthur,Konena Agrahara,61,200301007029,Bengaluru Urban,Bangalore_East_Varturu1_KonenaAgrahara_Revenue_Map,Polygon,77.656751,12.958434,6
Bangalore East,Varthur,Konena Agrahara,57,200301007029,Bengaluru Urban,Bangalore_East_Varturu1_KonenaAgrahara_Revenue_Map,Polygon,77.659875,12.958396,19
Bangalore East,Varthur,Konena Agrahara,56,200301007029,Bengaluru Urban,Bangalore_East_Varturu1_KonenaAgrahara_Revenue_Map,Polygon,77.66093,12.957272,38
Bangalore East,Varthur,Konena Agrahara,SETTLEMENT,200301007029,Bengaluru Urban,Bangalore_East_Varturu1_KonenaAgrahara_Revenue_Map,Polygon,77.661763,12.958703,12
Bangalore East,Varthur,Konena Agrahara,60_TANK,200301007029,Bengaluru Urban,Bangalore_East_Varturu1_KonenaAgrahara_Revenue_Map,Polygon,77.658303,12.95748,21
Bangalore East,Varthur,Konena Agrahara,80,200301007029,Bengaluru Urban,Bangalore_East_Varturu1_KonenaAgrahara_Revenue_Map,Polygon,77.66269,12.958618,7
Bangalore East,Varthur,Konena Agrahara,67,200301007029,Bengaluru Urban,Bangalore_East_Varturu1_KonenaAgrahara_Revenue_Map,Polygon,77.659067,12.958734,8
Bangalore East,Varthur,Konena Agrahara,7,200301007029,Bengaluru Urban,Bangalore_East_Varturu1_KonenaAgrahara_Revenue_Map,Polygon,77.665652,12.95718,18
Bangalore East,Varthur,Konena Agrahara,1,200301007029,Bengaluru Urban,Bangalore_East_Varturu1_KonenaAgrahara_Revenue_Map,Polygon,77.662646,12.95754,18
Bangalore East,Varthur,Konena Agrahara,2,200301007029,Bengaluru Urban,Bangalore_East_Varturu1_KonenaAgrahara_Revenue_Map,Polygon,77.661495,12.957513,16
Bangalore East,Varthur,Konena Agrahara,ROAD,200301007029,Bengaluru Urban,Bangalore_East_Varturu1_KonenaAgrahara_Revenue_Map,Polygon,77.661849,12.957347,19
Bangalore East,Varthur,Konena Agrahara,6,200301007029,Bengaluru Urban,Bangalore_East_Varturu1_KonenaAgrahara_Revenue_Map,Polygon,77.664154,12.957882,6
Bangalore East,Varthur,Konena Agrahara,58,200301007029,Bengaluru Urban,Bangalore_East_Varturu1_KonenaAgrahara_Revenue_Map,Polygon,77.660078,12.957449,12
Bangalore East,Varthur,Konena Agrahara,5,200301007029,Bengaluru Urban,Bangalore_East_Varturu1_KonenaAgrahara_Revenue_Map,Polygon,77.664594,12.95704,7
Bangalore East,Varthur,Konena Agrahara,59,200301007029,Bengaluru Urban,Bangalore_East_Varturu1_KonenaAgrahara_Revenue_Map,Polygon,77.659922,12.956921,16
Bangalore East,Varthur,Konena Agrahara,3,200301007029,Bengaluru Urban,Bangalore_East_Varturu1_KonenaAgrahara_Revenue_Map,Polygon,77.662777,12.955632,17
Bangalore East,Varthur,Konena Agrahara,STREAM,200301007029,Bengaluru Urban,Bangalore_East_Varturu1_KonenaAgrahara_Revenue_Map,Polygon,77.65969,12.9564,6
Bangalore East,Varthur,Konena Agrahara,40,200301007029,Bengaluru Urban,Bangalore_East_Varturu1_KonenaAgrahara_Revenue_Map,Polygon,77.656838,12.955541,14
Bangalore East,Varthur,Konena Agrahara,4,200301007029,Bengaluru Urban,Bangalore_East_Varturu1_KonenaAgrahara_Revenue_Map,Polygon,77.664197,12.955001,14
Bangalore East,Varthur,Konena Agrahara,41,200301007029,Bengaluru Urban,Bangalore_East_Varturu1_KonenaAgrahara_Revenue_Map,Polygon,77.65803,12.955406,15
Bangalore East,Varthur,Konena Agrahara,54,200301007029,Bengaluru Urban,Bangalore_East_Varturu1_KonenaAgrahara_Revenue_Map,Polygon,77.659213,12.955075,17
Bangalore East,Varthur,Konena Agrahara,55,200301007029,Bengaluru Urban,Bangalore_East_Varturu1_KonenaAgrahara_Revenue_Map,Polygon,77.659655,12.955388,8
Bangalore East,Varthur,Konena Agrahara,52,200301007029,Bengaluru Urban,Bangalore_East_Varturu1_KonenaAgrahara_Revenue_Map,Polygon,77.661505,12.954958,21
Bangalore East,Varthur,Konena Agrahara,8,200301007029,Bengaluru Urban,Bangalore_East_Varturu1_KonenaAgrahara_Revenue_Map,Polygon,77.665765,12.954829,10
Bangalore East,Varthur,Konena Agrahara,53,200301007029,Bengaluru Urban,Bangalore_East_Varturu1_KonenaAgrahara_Revenue_Map,Polygon,77.660614,12.954588,20
Bangalore East,Varthur,Konena Agrahara,39,200301007029,Bengaluru Urban,Bangalore_East_Varturu1_KonenaAgrahara_Revenue_Map,Polygon,77.65651,12.954357,16
Bangalore East,Varthur,Konena Agrahara,42,200301007029,Bengaluru Urban,Bangalore_East_Varturu1_KonenaAgrahara_Revenue_Map,Polygon,77.657555,12.953005,32
Bangalore East,Varthur,Konena Agrahara,12,200301007029,Bengaluru Urban,Bangalore_East_Varturu1_KonenaAgrahara_Revenue_Map,Polygon,77.66242,12.954205,9
Bangalore East,Varthur,Konena Agrahara,TANK,200301007029,Bengaluru Urban,Bangalore_East_Varturu1_KonenaAgrahara_Revenue_Map,Polygon,77.66057,12.954266,11
Bangalore East,Varthur,Konena Agrahara,STREAM,200301007029,Bengaluru Urban,Bangalore_East_Varturu1_KonenaAgrahara_Revenue_Map,Polygon,77.662497,12.954131,11
Bangalore East,Varthur,Konena Agrahara,12,200301007029,Bengaluru Urban,Bangalore_East_Varturu1_KonenaAgrahara_Revenue_Map,Polygon,77.663036,12.953623,12
Bangalore East,Varthur,Konena Agrahara,50,200301007029,Bengaluru Urban,Bangalore_East_Varturu1_KonenaAgrahara_Revenue_Map,Polygon,77.658998,12.953085,18
Bangalore East,Varthur,Konena Agrahara,51,200301007029,Bengaluru Urban,Bangalore_East_Varturu1_KonenaAgrahara_Revenue_Map,Polygon,77.66075,12.953545,20
Bangalore East,Varthur,Konena Agrahara,9,200301007029,Bengaluru Urban,Bangalore_East_Varturu1_KonenaAgrahara_Revenue_Map,Polygon,77.66564,12.95356,10
Bangalore East,Varthur,Konena Agrahara,37,200301007029,Bengaluru Urban,Bangalore_East_Varturu1_KonenaAgrahara_Revenue_Map,Polygon,77.65683,12.953257,16
Bangalore East,Varthur,Konena Agrahara,STREAM,200301007029,Bengaluru Urban,Bangalore_East_Varturu1_KonenaAgrahara_Revenue_Map,Polygon,77.661994,12.9539,5
Bangalore East,Varthur,Konena Agrahara,13,200301007029,Bengaluru Urban,Bangalore_East_Varturu1_KonenaAgrahara_Revenue_Map,Polygon,77.661762,12.953847,5
Bangalore East,Varthur,Konena Agrahara,STREAM,200301007029,Bengaluru Urban,Bangalore_East_Varturu1_KonenaAgrahara_Revenue_Map,Polygon,77.661859,12.953821,6
Bangalore East,Varthur,Konena Agrahara,13,200301007029,Bengaluru Urban,Bangalore_East_Varturu1_KonenaAgrahara_Revenue_Map,Polygon,77.662114,12.952962,12
Bangalore East,Varthur,Konena Agrahara,STREAM,200301007029,Bengaluru Urban,Bangalore_East_Varturu1_KonenaAgrahara_Revenue_Map,Polygon,77.661185,12.953331,19
Bangalore East,Varthur,Konena Agrahara,43,200301007029,Bengaluru Urban,Bangalore_East_Varturu1_KonenaAgrahara_Revenue_Map,Polygon,77.65732,12.952934,11
Bangalore East,Varthur,Konena Agrahara,51,200301007029,Bengaluru Urban,Bangalore_East_Varturu1_KonenaAgrahara_Revenue_Map,Polygon,77.66124,12.953261,11
Bangalore East,Varthur,Konena Agrahara,38,200301007029,Bengaluru Urban,Bangalore_East_Varturu1_KonenaAgrahara_Revenue_Map,Polygon,77.655936,12.951795,28
Bangalore East,Varthur,Konena Agrahara,22,200301007029,Bengaluru Urban,Bangalore_East_Varturu1_KonenaAgrahara_Revenue_Map,Polygon,77.659009,12.952258,18
Bangalore East,Varthur,Konena Agrahara,21,200301007029,Bengaluru Urban,Bangalore_East_Varturu1_KonenaAgrahara_Revenue_Map,Polygon,77.660037,12.952777,14
Bangalore East,Varthur,Konena Agrahara,10,200301007029,Bengaluru Urban,Bangalore_East_Varturu1_KonenaAgrahara_Revenue_Map,Polygon,77.664394,12.952051,10
Bangalore East,Varthur,Konena Agrahara,11,200301007029,Bengaluru Urban,Bangalore_East_Varturu1_KonenaAgrahara_Revenue_Map,Polygon,77.663528,12.952244,8
Bangalore East,Varthur,Konena Agrahara,STREAM,200301007029,Bengaluru Urban,Bangalore_East_Varturu1_KonenaAgrahara_Revenue_Map,Polygon,77.660213,12.952713,22
Bangalore East,Varthur,Konena Agrahara,21,200301007029,Bengaluru Urban,Bangalore_East_Varturu1_KonenaAgrahara_Revenue_Map,Polygon,77.660263,12.952183,17
Bangalore East,Varthur,Konena Agrahara,STREAM,200301007029,Bengaluru Urban,Bangalore_East_Varturu1_KonenaAgrahara_Revenue_Map,Polygon,77.659107,12.952078,27
Bangalore East,Varthur,Konena Agrahara,22,200301007029,Bengaluru Urban,Bangalore_East_Varturu1_KonenaAgrahara_Revenue_Map,Polygon,77.658558,12.951108,38
Bangalore East,Varthur,Konena Agrahara,36,200301007029,Bengaluru Urban,Bangalore_East_Varturu1_KonenaAgrahara_Revenue_Map,Polygon,77.656605,12.951848,13
Bangalore East,Varthur,Konena Agrahara,46,200301007029,Bengaluru Urban,Bangalore_East_Varturu1_KonenaAgrahara_Revenue_Map,Polygon,77.656744,12.951019,25
Bangalore East,Varthur,Konena Agrahara,44,200301007029,Bengaluru Urban,Bangalore_East_Varturu1_KonenaAgrahara_Revenue_Map,Polygon,77.657483,12.951775,18
Bangalore East,Varthur,Konena Agrahara,14,200301007029,Bengaluru Urban,Bangalore_East_Varturu1_KonenaAgrahara_Revenue_Map,Polygon,77.661602,12.950726,6
Bangalore East,Varthur,Konena Agrahara,49,200301007029,Bengaluru Urban,Bangalore_East_Varturu1_KonenaAgrahara_Revenue_Map,Polygon,77.658176,12.95149,11
Bangalore East,Varthur,Konena Agrahara,STREAM,200301007029,Bengaluru Urban,Bangalore_East_Varturu1_KonenaAgrahara_Revenue_Map,Polygon,77.658501,12.951376,8
Bangalore East,Varthur,Konena Agrahara,45,200301007029,Bengaluru Urban,Bangalore_East_Varturu1_KonenaAgrahara_Revenue_Map,Polygon,77.65715,12.951303,9
Bangalore East,Varthur,Konena Agrahara,48,200301007029,Bengaluru Urban,Bangalore_East_Varturu1_KonenaAgrahara_Revenue_Map,Polygon,77.657207,12.950479,29
Bangalore East,Varthur,Konena Agrahara,49,200301007029,Bengaluru Urban,Bangalore_East_Varturu1_KonenaAgrahara_Revenue_Map,Polygon,77.658604,12.951323,5
Bangalore East,Varthur,Konena Agrahara,15,200301007029,Bengaluru Urban,Bangalore_East_Varturu1_KonenaAgrahara_Revenue_Map,Polygon,77.663252,12.950664,12
Bangalore East,Varthur,Konena Agrahara,35,200301007029,Bengaluru Urban,Bangalore_East_Varturu1_KonenaAgrahara_Revenue_Map,Polygon,77.65622,12.950883,9
Bangalore East,Varthur,Konena Agrahara,STREAM,200301007029,Bengaluru Urban,Bangalore_East_Varturu1_KonenaAgrahara_Revenue_Map,Polygon,77.657854,12.950393,27
Bangalore East,Varthur,Konena Agrahara,22,200301007029,Bengaluru Urban,Bangalore_East_Varturu1_KonenaAgrahara_Revenue_Map,Polygon,77.657861,12.950647,15
Bangalore East,Varthur,Konena Agrahara,47,200301007029,Bengaluru Urban,Bangalore_East_Varturu1_KonenaAgrahara_Revenue_Map,Polygon,77.657162,12.950671,12
Bangalore East,Varthur,Konena Agrahara,33,200301007029,Bengaluru Urban,Bangalore_East_Varturu1_KonenaAgrahara_Revenue_Map,Polygon,77.655607,12.950166,14
Bangalore East,Varthur,Konena Agrahara,34,200301007029,Bengaluru Urban,Bangalore_East_Varturu1_KonenaAgrahara_Revenue_Map,Polygon,77.656219,12.950024,8
Bangalore East,Varthur,Konena Agrahara,24,200301007029,Bengaluru Urban,Bangalore_East_Varturu1_KonenaAgrahara_Revenue_Map,Polygon,77.658923,12.949483,16
Bangalore East,Varthur,Konena Agrahara,23,200301007029,Bengaluru Urban,Bangalore_East_Varturu1_KonenaAgrahara_Revenue_Map,Polygon,77.658547,12.950174,5
Bangalore East,Varthur,Konena Agrahara,20,200301007029,Bengaluru Urban,Bangalore_East_Varturu1_KonenaAgrahara_Revenue_Map,Polygon,77.659837,12.94957,9
Bangalore East,Varthur,Konena Agrahara,19,200301007029,Bengaluru Urban,Bangalore_East_Varturu1_KonenaAgrahara_Revenue_Map,Polygon,77.659997,12.948318,12
Bangalore East,Varthur,Konena Agrahara,18,200301007029,Bengaluru Urban,Bangalore_East_Varturu1_KonenaAgrahara_Revenue_Map,Polygon,77.660937,12.949324,6
Bangalore East,Varthur,Konena Agrahara,16,200301007029,Bengaluru Urban,Bangalore_East_Varturu1_KonenaAgrahara_Revenue_Map,Polygon,77.660597,12.947603,18
Bangalore East,Varthur,Konena Agrahara,STREAM,200301007029,Bengaluru Urban,Bangalore_East_Varturu1_KonenaAgrahara_Revenue_Map,Polygon,77.657285,12.94963,8
Bangalore East,Varthur,Konena Agrahara,48,200301007029,Bengaluru Urban,Bangalore_East_Varturu1_KonenaAgrahara_Revenue_Map,Polygon,77.657381,12.949601,4
Bangalore East,Varthur,Konena Agrahara,30,200301007029,Bengaluru Urban,Bangalore_East_Varturu1_KonenaAgrahara_Revenue_Map,Polygon,77.65734,12.949289,15
Bangalore East,Varthur,Konena Agrahara,STREAM,200301007029,Bengaluru Urban,Bangalore_East_Varturu1_KonenaAgrahara_Revenue_Map,Polygon,77.657269,12.9492,27
Bangalore East,Varthur,Konena Agrahara,30,200301007029,Bengaluru Urban,Bangalore_East_Varturu1_KonenaAgrahara_Revenue_Map,Polygon,77.657194,12.948856,23
Bangalore East,Varthur,Konena Agrahara,31,200301007029,Bengaluru Urban,Bangalore_East_Varturu1_KonenaAgrahara_Revenue_Map,Polygon,77.656668,12.948301,18
Bangalore East,Varthur,Konena Agrahara,32,200301007029,Bengaluru Urban,Bangalore_East_Varturu1_KonenaAgrahara_Revenue_Map,Polygon,77.656083,12.948336,15
Bangalore East,Varthur,Konena Agrahara,29,200301007029,Bengaluru Urban,Bangalore_East_Varturu1_KonenaAgrahara_Revenue_Map,Polygon,77.657844,12.948678,12
Bangalore East,Varthur,Konena Agrahara,STREAM,200301007029,Bengaluru Urban,Bangalore_East_Varturu1_KonenaAgrahara_Revenue_Map,Polygon,77.65781,12.948558,17
Bangalore East,Varthur,Konena Agrahara,17,200301007029,Bengaluru Urban,Bangalore_East_Varturu1_KonenaAgrahara_Revenue_Map,Polygon,77.660378,12.948092,5
Bangalore East,Varthur,Konena Agrahara,29,200301007029,Bengaluru Urban,Bangalore_East_Varturu1_KonenaAgrahara_Revenue_Map,Polygon,77.657844,12.948213,15
Bangalore East,Varthur,Konena Agrahara,25,200301007029,Bengaluru Urban,Bangalore_East_Varturu1_KonenaAgrahara_Revenue_Map,Polygon,77.659041,12.947387,15
Bangalore East,Varthur,Konena Agrahara,STREAM,200301007029,Bengaluru Urban,Bangalore_East_Varturu1_KonenaAgrahara_Revenue_Map,Polygon,77.658907,12.947323,22
Bangalore East,Varthur,Konena Agrahara,28,200301007029,Bengaluru Urban,Bangalore_East_Varturu1_KonenaAgrahara_Revenue_Map,Polygon,77.658376,12.947446,5
Bangalore East,Varthur,Konena Agrahara,25,200301007029,Bengaluru Urban,Bangalore_East_Varturu1_KonenaAgrahara_Revenue_Map,Polygon,77.658824,12.947316,13
Bangalore East,Varthur,Konena Agrahara,27,200301007029,Bengaluru Urban,Bangalore_East_Varturu1_KonenaAgrahara_Revenue_Map,Polygon,77.658107,12.9464,12
Bangalore East,Varthur,Konena Agrahara,26,200301007029,Bengaluru Urban,Bangalore_East_Varturu1_KonenaAgrahara_Revenue_Map,Polygon,77.659059,12.946048,18
Bangalore East,Varthur,Konena Agrahara,STREAM,200301007029,Bengaluru Urban,Bangalore_East_Varturu1_KonenaAgrahara_Revenue_Map,Polygon,77.659557,12.946462,14
Bangalore East,Varthur,Konena Agrahara,26,200301007029,Bengaluru Urban,Bangalore_East_Varturu1_KonenaAgrahara_Revenue_Map,Polygon,77.659589,12.94655,7
Bangalore East,Varthur,Konena Agrahara,STREAM,200301007029,Bengaluru Urban,Bangalore_East_Varturu1_KonenaAgrahara_Revenue_Map,Polygon,77.659883,12.946242,15
Bangalore East,Varthur,Konena Agrahara,16,200301007029,Bengaluru Urban,Bangalore_East_Varturu1_KonenaAgrahara_Revenue_Map,Polygon,77.659889,12.945994,8
Bangalore East,Varthur,Marathhalli,33,200301007030,Bengaluru Urban,Bangalore_East_Varturu1_Maratahalli_Revenue_Map,Polygon,77.698457,12.961943,17
Bangalore East,Varthur,Marathhalli,47,200301007030,Bengaluru Urban,Bangalore_East_Varturu1_Maratahalli_Revenue_Map,Polygon,77.695271,12.960903,7
Bangalore East,Varthur,Marathhalli,34,200301007030,Bengaluru Urban,Bangalore_East_Varturu1_Maratahalli_Revenue_Map,Polygon,77.697176,12.960659,10
Bangalore East,Varthur,Marathhalli,31,200301007030,Bengaluru Urban,Bangalore_East_Varturu1_Maratahalli_Revenue_Map,Polygon,77.693127,12.960549,14
Bangalore East,Varthur,Marathhalli,37,200301007030,Bengaluru Urban,Bangalore_East_Varturu1_Maratahalli_Revenue_Map,Polygon,77.698751,12.958978,16
Bangalore East,Varthur,Marathhalli,30,200301007030,Bengaluru Urban,Bangalore_East_Varturu1_Maratahalli_Revenue_Map,Polygon,77.691237,12.959897,14
Bangalore East,Varthur,Marathhalli,35,200301007030,Bengaluru Urban,Bangalore_East_Varturu1_Maratahalli_Revenue_Map,Polygon,77.695598,12.959191,13
Bangalore East,Varthur,Marathhalli,29,200301007030,Bengaluru Urban,Bangalore_East_Varturu1_Maratahalli_Revenue_Map,Polygon,77.692411,12.95943,13
Bangalore East,Varthur,Marathhalli,32,200301007030,Bengaluru Urban,Bangalore_East_Varturu1_Maratahalli_Revenue_Map,Polygon,77.694304,12.959604,8
Bangalore East,Varthur,Marathhalli,36,200301007030,Bengaluru Urban,Bangalore_East_Varturu1_Maratahalli_Revenue_Map,Polygon,77.696608,12.958753,8
Bangalore East,Varthur,Marathhalli,28,200301007030,Bengaluru Urban,Bangalore_East_Varturu1_Maratahalli_Revenue_Map,Polygon,77.692267,12.958665,17
Bangalore East,Varthur,Marathhalli,26,200301007030,Bengaluru Urban,Bangalore_East_Varturu1_Maratahalli_Revenue_Map,Polygon,77.693847,12.958283,15
Bangalore East,Varthur,Marathhalli,27,200301007030,Bengaluru Urban,Bangalore_East_Varturu1_Maratahalli_Revenue_Map,Polygon,77.692338,12.957797,8
Bangalore East,Varthur,Marathhalli,ROAD,200301007030,Bengaluru Urban,Bangalore_East_Varturu1_Maratahalli_Revenue_Map,Polygon,77.69374,12.955563,56
Bangalore East,Varthur,Marathhalli,23,200301007030,Bengaluru Urban,Bangalore_East_Varturu1_Maratahalli_Revenue_Map,Polygon,77.692112,12.95724,12
Bangalore East,Varthur,Marathhalli,22,200301007030,Bengaluru Urban,Bangalore_East_Varturu1_Maratahalli_Revenue_Map,Polygon,77.691508,12.95686,15
Bangalore East,Varthur,Marathhalli,40,200301007030,Bengaluru Urban,Bangalore_East_Varturu1_Maratahalli_Revenue_Map,Polygon,77.695082,12.957162,9
Bangalore East,Varthur,Marathhalli,39,200301007030,Bengaluru Urban,Bangalore_East_Varturu1_Maratahalli_Revenue_Map,Polygon,77.696444,12.957207,5
Bangalore East,Varthur,Marathhalli,24,200301007030,Bengaluru Urban,Bangalore_East_Varturu1_Maratahalli_Revenue_Map,Polygon,77.692735,12.956909,10
Bangalore East,Varthur,Marathhalli,25,200301007030,Bengaluru Urban,Bangalore_East_Varturu1_Maratahalli_Revenue_Map,Polygon,77.693464,12.957022,7
Bangalore East,Varthur,Marathhalli,38,200301007030,Bengaluru Urban,Bangalore_East_Varturu1_Maratahalli_Revenue_Map,Polygon,77.698509,12.957241,5
Bangalore East,Varthur,Marathhalli,45,200301007030,Bengaluru Urban,Bangalore_East_Varturu1_Maratahalli_Revenue_Map,Polygon,77.697143,12.955677,9
Bangalore East,Varthur,Marathhalli,41,200301007030,Bengaluru Urban,Bangalore_East_Varturu1_Maratahalli_Revenue_Map,Polygon,77.694465,12.95652,6
Bangalore East,Varthur,Marathhalli,43,200301007030,Bengaluru Urban,Bangalore_East_Varturu1_Maratahalli_Revenue_Map,Polygon,77.695398,12.956233,7
Bangalore East,Varthur,Marathhalli,44,200301007030,Bengaluru Urban,Bangalore_East_Varturu1_Maratahalli_Revenue_Map,Polygon,77.696341,12.956075,8
Bangalore East,Varthur,Marathhalli,42,200301007030,Bengaluru Urban,Bangalore_East_Varturu1_Maratahalli_Revenue_Map,Polygon,77.695388,12.955663,17
Bangalore East,Varthur,Marathhalli,19,200301007030,Bengaluru Urban,Bangalore_East_Varturu1_Maratahalli_Revenue_Map,Polygon,77.693379,12.955858,5
Bangalore East,Varthur,Marathhalli,20,200301007030,Bengaluru Urban,Bangalore_East_Varturu1_Maratahalli_Revenue_Map,Polygon,77.692853,12.955624,6
Bangalore East,Varthur,Marathhalli,21,200301007030,Bengaluru Urban,Bangalore_East_Varturu1_Maratahalli_Revenue_Map,Polygon,77.69188,12.955504,10
Bangalore East,Varthur,Marathhalli,18,200301007030,Bengaluru Urban,Bangalore_East_Varturu1_Maratahalli_Revenue_Map,Polygon,77.693319,12.955495,5
Bangalore East,Varthur,Marathhalli,46,200301007030,Bengaluru Urban,Bangalore_East_Varturu1_Maratahalli_Revenue_Map,Polygon,77.697,12.954064,13
Bangalore East,Varthur,Marathhalli,17,200301007030,Bengaluru Urban,Bangalore_East_Varturu1_Maratahalli_Revenue_Map,Polygon,77.692579,12.954146,18
Bangalore East,Varthur,Marathhalli,SETTLEMENT,200301007030,Bengaluru Urban,Bangalore_East_Varturu1_Maratahalli_Revenue_Map,Polygon,77.694425,12.954404,9
Bangalore East,Varthur,Marathhalli,1,200301007030,Bengaluru Urban,Bangalore_East_Varturu1_Maratahalli_Revenue_Map,Polygon,77.696396,12.952554,30
Bangalore East,Varthur,Marathhalli,10,200301007030,Bengaluru Urban,Bangalore_East_Varturu1_Maratahalli_Revenue_Map,Polygon,77.693269,12.952369,17
Bangalore East,Varthur,Marathhalli,15,200301007030,Bengaluru Urban,Bangalore_East_Varturu1_Maratahalli_Revenue_Map,Polygon,77.689758,12.953261,15
Bangalore East,Varthur,Marathhalli,16,200301007030,Bengaluru Urban,Bangalore_East_Varturu1_Maratahalli_Revenue_Map,Polygon,77.691515,12.953111,12
Bangalore East,Varthur,Marathhalli,2,200301007030,Bengaluru Urban,Bangalore_East_Varturu1_Maratahalli_Revenue_Map,Polygon,77.69716,12.952274,12
Bangalore East,Varthur,Marathhalli,14,200301007030,Bengaluru Urban,Bangalore_East_Varturu1_Maratahalli_Revenue_Map,Polygon,77.689353,12.952656,13
Bangalore East,Varthur,Marathhalli,13,200301007030,Bengaluru Urban,Bangalore_East_Varturu1_Maratahalli_Revenue_Map,Polygon,77.690856,12.952607,11
Bangalore East,Varthur,Marathhalli,11,200301007030,Bengaluru Urban,Bangalore_East_Varturu1_Maratahalli_Revenue_Map,Polygon,77.691612,12.952144,9
Bangalore East,Varthur,Marathhalli,9,200301007030,Bengaluru Urban,Bangalore_East_Varturu1_Maratahalli_Revenue_Map,Polygon,77.6935,12.95117,20
Bangalore East,Varthur,Marathhalli,12,200301007030,Bengaluru Urban,Bangalore_East_Varturu1_Maratahalli_Revenue_Map,Polygon,77.692209,12.950722,17
Bangalore East,Varthur,Marathhalli,3,200301007030,Bengaluru Urban,Bangalore_East_Varturu1_Maratahalli_Revenue_Map,Polygon,77.6962,12.951397,11
Bangalore East,Varthur,Marathhalli,5,200301007030,Bengaluru Urban,Bangalore_East_Varturu1_Maratahalli_Revenue_Map,Polygon,77.695677,12.950168,19
Bangalore East,Varthur,Marathhalli,8,200301007030,Bengaluru Urban,Bangalore_East_Varturu1_Maratahalli_Revenue_Map,Polygon,77.694049,12.949949,5
Bangalore East,Varthur,Marathhalli,7,200301007030,Bengaluru Urban,Bangalore_East_Varturu1_Maratahalli_Revenue_Map,Polygon,77.694313,12.950035,6
Bangalore East,Varthur,Marathhalli,4,200301007030,Bengaluru Urban,Bangalore_East_Varturu1_Maratahalli_Revenue_Map,Polygon,77.695779,12.950184,5
Bangalore East,Varthur,Marathhalli,6,200301007030,Bengaluru Urban,Bangalore_East_Varturu1_Maratahalli_Revenue_Map,Polygon,77.695343,12.949636,7
Bangalore East,Varthur,Munnekolalu,25_TANK,200301007032,Bengaluru Urban,Bangalore_East_Varturu1_Munnekolalu_Revenue_Map,Polygon,77.708115,12.96065,38
Bangalore East,Varthur,Munnekolalu,99,200301007032,Bengaluru Urban,Bangalore_East_Varturu1_Munnekolalu_Revenue_Map,Polygon,77.702939,12.959749,14
Bangalore East,Varthur,Munnekolalu,24,200301007032,Bengaluru Urban,Bangalore_East_Varturu1_Munnekolalu_Revenue_Map,Polygon,77.705812,12.960147,16
Bangalore East,Varthur,Munnekolalu,38,200301007032,Bengaluru Urban,Bangalore_East_Varturu1_Munnekolalu_Revenue_Map,Polygon,77.714266,12.959594,11
Bangalore East,Varthur,Munnekolalu,37,200301007032,Bengaluru Urban,Bangalore_East_Varturu1_Munnekolalu_Revenue_Map,Polygon,77.711413,12.959456,10
Bangalore East,Varthur,Munnekolalu,28,200301007032,Bengaluru Urban,Bangalore_East_Varturu1_Munnekolalu_Revenue_Map,Polygon,77.707635,12.958719,13
Bangalore East,Varthur,Munnekolalu,27,200301007032,Bengaluru Urban,Bangalore_East_Varturu1_Munnekolalu_Revenue_Map,Polygon,77.70822,12.959513,8
Bangalore East,Varthur,Munnekolalu,26,200301007032,Bengaluru Urban,Bangalore_East_Varturu1_Munnekolalu_Revenue_Map,Polygon,77.708875,12.959487,8
Bangalore East,Varthur,Munnekolalu,34,200301007032,Bengaluru Urban,Bangalore_East_Varturu1_Munnekolalu_Revenue_Map,Polygon,77.709787,12.958479,12
Bangalore East,Varthur,Munnekolalu,98,200301007032,Bengaluru Urban,Bangalore_East_Varturu1_Munnekolalu_Revenue_Map,Polygon,77.701886,12.958513,11
Bangalore East,Varthur,Munnekolalu,100,200301007032,Bengaluru Urban,Bangalore_East_Varturu1_Munnekolalu_Revenue_Map,Polygon,77.703922,12.958256,9
Bangalore East,Varthur,Munnekolalu,23,200301007032,Bengaluru Urban,Bangalore_East_Varturu1_Munnekolalu_Revenue_Map,Polygon,77.705626,12.958456,7
Bangalore East,Varthur,Munnekolalu,39,200301007032,Bengaluru Urban,Bangalore_East_Varturu1_Munnekolalu_Revenue_Map,Polygon,77.714957,12.957833,9
Bangalore East,Varthur,Munnekolalu,33,200301007032,Bengaluru Urban,Bangalore_East_Varturu1_Munnekolalu_Revenue_Map,Polygon,77.70916,12.957952,7
Bangalore East,Varthur,Munnekolalu,32,200301007032,Bengaluru Urban,Bangalore_East_Varturu1_Munnekolalu_Revenue_Map,Polygon,77.708809,12.958136,5
Bangalore East,Varthur,Munnekolalu,29,200301007032,Bengaluru Urban,Bangalore_East_Varturu1_Munnekolalu_Revenue_Map,Polygon,77.708263,12.957709,9
Bangalore East,Varthur,Munnekolalu,31,200301007032,Bengaluru Urban,Bangalore_East_Varturu1_Munnekolalu_Revenue_Map,Polygon,77.708697,12.957397,12
Bangalore East,Varthur,Munnekolalu,41,200301007032,Bengaluru Urban,Bangalore_East_Varturu1_Munnekolalu_Revenue_Map,Polygon,77.713143,12.957572,7
Bangalore East,Varthur,Munnekolalu,136,200301007032,Bengaluru Urban,Bangalore_East_Varturu1_Munnekolalu_Revenue_Map,Polygon,77.704555,12.95801,5
Bangalore East,Varthur,Munnekolalu,97,200301007032,Bengaluru Urban,Bangalore_East_Varturu1_Munnekolalu_Revenue_Map,Polygon,77.700174,12.957993,14
Bangalore East,Varthur,Munnekolalu,36,200301007032,Bengaluru Urban,Bangalore_East_Varturu1_Munnekolalu_Revenue_Map,Polygon,77.711184,12.957477,7
Bangalore East,Varthur,Munnekolalu,22,200301007032,Bengaluru Urban,Bangalore_East_Varturu1_Munnekolalu_Revenue_Map,Polygon,77.706499,12.957421,5
Bangalore East,Varthur,Munnekolalu,101,200301007032,Bengaluru Urban,Bangalore_East_Varturu1_Munnekolalu_Revenue_Map,Polygon,77.704618,12.95725,6
Bangalore East,Varthur,Munnekolalu,ROAD,200301007032,Bengaluru Urban,Bangalore_East_Varturu1_Munnekolalu_Revenue_Map,Polygon,77.706844,12.956492,40
Bangalore East,Varthur,Munnekolalu,35,200301007032,Bengaluru Urban,Bangalore_East_Varturu1_Munnekolalu_Revenue_Map,Polygon,77.710331,12.95664,6
Bangalore East,Varthur,Munnekolalu,96,200301007032,Bengaluru Urban,Bangalore_East_Varturu1_Munnekolalu_Revenue_Map,Polygon,77.69993,12.956829,6
Bangalore East,Varthur,Munnekolalu,93,200301007032,Bengaluru Urban,Bangalore_East_Varturu1_Munnekolalu_Revenue_Map,Polygon,77.699349,12.955643,8
Bangalore East,Varthur,Munnekolalu,95,200301007032,Bengaluru Urban,Bangalore_East_Varturu1_Munnekolalu_Revenue_Map,Polygon,77.701362,12.956567,6
Bangalore East,Varthur,Munnekolalu,30,200301007032,Bengaluru Urban,Bangalore_East_Varturu1_Munnekolalu_Revenue_Map,Polygon,77.708322,12.956602,5
Bangalore East,Varthur,Munnekolalu,94,200301007032,Bengaluru Urban,Bangalore_East_Varturu1_Munnekolalu_Revenue_Map,Polygon,77.701678,12.955713,6
Bangalore East,Varthur,Munnekolalu,135,200301007032,Bengaluru Urban,Bangalore_East_Varturu1_Munnekolalu_Revenue_Map,Polygon,77.702559,12.955757,5
Bangalore East,Varthur,Munnekolalu,134,200301007032,Bengaluru Urban,Bangalore_East_Varturu1_Munnekolalu_Revenue_Map,Polygon,77.703366,12.955844,5
Bangalore East,Varthur,Munnekolalu,102,200301007032,Bengaluru Urban,Bangalore_East_Varturu1_Munnekolalu_Revenue_Map,Polygon,77.704577,12.956056,6
Bangalore East,Varthur,Munnekolalu,40,200301007032,Bengaluru Urban,Bangalore_East_Varturu1_Munnekolalu_Revenue_Map,Polygon,77.714512,12.95621,6
Bangalore East,Varthur,Munnekolalu,21,200301007032,Bengaluru Urban,Bangalore_East_Varturu1_Munnekolalu_Revenue_Map,Polygon,77.70579,12.956371,4
Bangalore East,Varthur,Munnekolalu,20,200301007032,Bengaluru Urban,Bangalore_East_Varturu1_Munnekolalu_Revenue_Map,Polygon,77.707326,12.955985,11
Bangalore East,Varthur,Munnekolalu,17,200301007032,Bengaluru Urban,Bangalore_East_Varturu1_Munnekolalu_Revenue_Map,Polygon,77.710127,12.955575,13
Bangalore East,Varthur,Munnekolalu,19,200301007032,Bengaluru Urban,Bangalore_East_Varturu1_Munnekolalu_Revenue_Map,Polygon,77.70918,12.954899,13
Bangalore East,Varthur,Munnekolalu,18,200301007032,Bengaluru Urban,Bangalore_East_Varturu1_Munnekolalu_Revenue_Map,Polygon,77.709814,12.955541,7
Bangalore East,Varthur,Munnekolalu,42,200301007032,Bengaluru Urban,Bangalore_East_Varturu1_Munnekolalu_Revenue_Map,Polygon,77.712529,12.95499,10
Bangalore East,Varthur,Munnekolalu,43,200301007032,Bengaluru Urban,Bangalore_East_Varturu1_Munnekolalu_Revenue_Map,Polygon,77.714772,12.954998,14
Bangalore East,Varthur,Munnekolalu,103_TANK,200301007032,Bengaluru Urban,Bangalore_East_Varturu1_Munnekolalu_Revenue_Map,Polygon,77.705474,12.955127,6
Bangalore East,Varthur,Munnekolalu,10,200301007032,Bengaluru Urban,Bangalore_East_Varturu1_Munnekolalu_Revenue_Map,Polygon,77.706938,12.954093,8
Bangalore East,Varthur,Munnekolalu,12,200301007032,Bengaluru Urban,Bangalore_East_Varturu1_Munnekolalu_Revenue_Map,Polygon,77.707983,12.954647,6
Bangalore East,Varthur,Munnekolalu,104,200301007032,Bengaluru Urban,Bangalore_East_Varturu1_Munnekolalu_Revenue_Map,Polygon,77.705557,12.953422,10
Bangalore East,Varthur,Munnekolalu,105,200301007032,Bengaluru Urban,Bangalore_East_Varturu1_Munnekolalu_Revenue_Map,Polygon,77.703294,12.954145,10
Bangalore East,Varthur,Munnekolalu,16,200301007032,Bengaluru Urban,Bangalore_East_Varturu1_Munnekolalu_Revenue_Map,Polygon,77.710854,12.953449,15
Bangalore East,Varthur,Munnekolalu,132,200301007032,Bengaluru Urban,Bangalore_East_Varturu1_Munnekolalu_Revenue_Map,Polygon,77.715846,12.953321,8
Bangalore East,Varthur,Munnekolalu,131,200301007032,Bengaluru Urban,Bangalore_East_Varturu1_Munnekolalu_Revenue_Map,Polygon,77.715409,12.953502,7
Bangalore East,Varthur,Munnekolalu,130,200301007032,Bengaluru Urban,Bangalore_East_Varturu1_Munnekolalu_Revenue_Map,Polygon,77.715083,12.953489,7
Bangalore East,Varthur,Munnekolalu,129,200301007032,Bengaluru Urban,Bangalore_East_Varturu1_Munnekolalu_Revenue_Map,Polygon,77.714662,12.952646,11
Bangalore East,Varthur,Munnekolalu,128,200301007032,Bengaluru Urban,Bangalore_East_Varturu1_Munnekolalu_Revenue_Map,Polygon,77.714256,12.953024,8
Bangalore East,Varthur,Munnekolalu,127,200301007032,Bengaluru Urban,Bangalore_East_Varturu1_Munnekolalu_Revenue_Map,Polygon,77.714025,12.953064,8
Bangalore East,Varthur,Munnekolalu,44,200301007032,Bengaluru Urban,Bangalore_East_Varturu1_Munnekolalu_Revenue_Map,Polygon,77.71372,12.953089,9
Bangalore East,Varthur,Munnekolalu,45,200301007032,Bengaluru Urban,Bangalore_East_Varturu1_Munnekolalu_Revenue_Map,Polygon,77.713426,12.953556,21
Bangalore East,Varthur,Munnekolalu,126,200301007032,Bengaluru Urban,Bangalore_East_Varturu1_Munnekolalu_Revenue_Map,Polygon,77.713113,12.95342,21
Bangalore East,Varthur,Munnekolalu,125,200301007032,Bengaluru Urban,Bangalore_East_Varturu1_Munnekolalu_Revenue_Map,Polygon,77.712634,12.95304,9
Bangalore East,Varthur,Munnekolalu,124,200301007032,Bengaluru Urban,Bangalore_East_Varturu1_Munnekolalu_Revenue_Map,Polygon,77.711994,12.953412,6
Bangalore East,Varthur,Munnekolalu,TANK,200301007032,Bengaluru Urban,Bangalore_East_Varturu1_Munnekolalu_Revenue_Map,Polygon,77.713267,12.954067,11
Bangalore East,Varthur,Munnekolalu,TANK,200301007032,Bengaluru Urban,Bangalore_East_Varturu1_Munnekolalu_Revenue_Map,Polygon,77.713456,12.954104,12
Bangalore East,Varthur,Munnekolalu,15,200301007032,Bengaluru Urban,Bangalore_East_Varturu1_Munnekolalu_Revenue_Map,Polygon,77.709877,12.953207,16
Bangalore East,Varthur,Munnekolalu,13,200301007032,Bengaluru Urban,Bangalore_East_Varturu1_Munnekolalu_Revenue_Map,Polygon,77.708229,12.953228,9
Bangalore East,Varthur,Munnekolalu,92,200301007032,Bengaluru Urban,Bangalore_East_Varturu1_Munnekolalu_Revenue_Map,Polygon,77.699563,12.952859,13
Bangalore East,Varthur,Munnekolalu,14,200301007032,Bengaluru Urban,Bangalore_East_Varturu1_Munnekolalu_Revenue_Map,Polygon,77.708794,12.953265,8
Bangalore East,Varthur,Munnekolalu,91,200301007032,Bengaluru Urban,Bangalore_East_Varturu1_Munnekolalu_Revenue_Map,Polygon,77.697462,12.951333,29
Bangalore East,Varthur,Munnekolalu,11,200301007032,Bengaluru Urban,Bangalore_East_Varturu1_Munnekolalu_Revenue_Map,Polygon,77.708032,12.952727,13
Bangalore East,Varthur,Munnekolalu,106,200301007032,Bengaluru Urban,Bangalore_East_Varturu1_Munnekolalu_Revenue_Map,Polygon,77.703667,12.952863,9
Bangalore East,Varthur,Munnekolalu,107,200301007032,Bengaluru Urban,Bangalore_East_Varturu1_Munnekolalu_Revenue_Map,Polygon,77.702357,12.952285,6
Bangalore East,Varthur,Munnekolalu,46,200301007032,Bengaluru Urban,Bangalore_East_Varturu1_Munnekolalu_Revenue_Map,Polygon,77.71298,12.951469,27
Bangalore East,Varthur,Munnekolalu,49,200301007032,Bengaluru Urban,Bangalore_East_Varturu1_Munnekolalu_Revenue_Map,Polygon,77.711924,12.950599,20
Bangalore East,Varthur,Munnekolalu,3,200301007032,Bengaluru Urban,Bangalore_East_Varturu1_Munnekolalu_Revenue_Map,Polygon,77.709762,12.951362,26
Bangalore East,Varthur,Munnekolalu,90,200301007032,Bengaluru Urban,Bangalore_East_Varturu1_Munnekolalu_Revenue_Map,Polygon,77.698826,12.951802,19
Bangalore East,Varthur,Munnekolalu,9,200301007032,Bengaluru Urban,Bangalore_East_Varturu1_Munnekolalu_Revenue_Map,Polygon,77.706862,12.952019,10
Bangalore East,Varthur,Munnekolalu,112,200301007032,Bengaluru Urban,Bangalore_East_Varturu1_Munnekolalu_Revenue_Map,Polygon,77.705013,12.951004,8
Bangalore East,Varthur,Munnekolalu,113,200301007032,Bengaluru Urban,Bangalore_East_Varturu1_Munnekolalu_Revenue_Map,Polygon,77.706221,12.951284,7
Bangalore East,Varthur,Munnekolalu,TANK,200301007032,Bengaluru Urban,Bangalore_East_Varturu1_Munnekolalu_Revenue_Map,Polygon,77.698648,12.952336,11
Bangalore East,Varthur,Munnekolalu,110,200301007032,Bengaluru Urban,Bangalore_East_Varturu1_Munnekolalu_Revenue_Map,Polygon,77.704159,12.95137,9
Bangalore East,Varthur,Munnekolalu,108,200301007032,Bengaluru Urban,Bangalore_East_Varturu1_Munnekolalu_Revenue_Map,Polygon,77.701315,12.951399,7
Bangalore East,Varthur,Munnekolalu,133,200301007032,Bengaluru Urban,Bangalore_East_Varturu1_Munnekolalu_Revenue_Map,Polygon,77.715661,12.951961,10
Bangalore East,Varthur,Munnekolalu,5,200301007032,Bengaluru Urban,Bangalore_East_Varturu1_Munnekolalu_Revenue_Map,Polygon,77.707674,12.951308,14
Bangalore East,Varthur,Munnekolalu,47,200301007032,Bengaluru Urban,Bangalore_East_Varturu1_Munnekolalu_Revenue_Map,Polygon,77.71557,12.951108,13
Bangalore East,Varthur,Munnekolalu,4,200301007032,Bengaluru Urban,Bangalore_East_Varturu1_Munnekolalu_Revenue_Map,Polygon,77.708529,12.950799,6
Bangalore East,Varthur,Munnekolalu,8_TANK,200301007032,Bengaluru Urban,Bangalore_East_Varturu1_Munnekolalu_Revenue_Map,Polygon,77.707062,12.950857,6
Bangalore East,Varthur,Munnekolalu,ROAD,200301007032,Bengaluru Urban,Bangalore_East_Varturu1_Munnekolalu_Revenue_Map,Polygon,77.707414,12.9498,13
Bangalore East,Varthur,Munnekolalu,51,200301007032,Bengaluru Urban,Bangalore_East_Varturu1_Munnekolalu_Revenue_Map,Polygon,77.710921,12.950553,12
Bangalore East,Varthur,Munnekolalu,109,200301007032,Bengaluru Urban,Bangalore_East_Varturu1_Munnekolalu_Revenue_Map,Polygon,77.701256,12.950618,7
Bangalore East,Varthur,Munnekolalu,114,200301007032,Bengaluru Urban,Bangalore_East_Varturu1_Munnekolalu_Revenue_Map,Polygon,77.70612,12.949912,12
Bangalore East,Varthur,Munnekolalu,85,200301007032,Bengaluru Urban,Bangalore_East_Varturu1_Munnekolalu_Revenue_Map,Polygon,77.701006,12.949553,8
Bangalore East,Varthur,Munnekolalu,7,200301007032,Bengaluru Urban,Bangalore_East_Varturu1_Munnekolalu_Revenue_Map,Polygon,77.707515,12.950151,7
Bangalore East,Varthur,Munnekolalu,6,200301007032,Bengaluru Urban,Bangalore_East_Varturu1_Munnekolalu_Revenue_Map,Polygon,77.708166,12.949968,13
Bangalore East,Varthur,Munnekolalu,111,200301007032,Bengaluru Urban,Bangalore_East_Varturu1_Munnekolalu_Revenue_Map,Polygon,77.703354,12.949073,15
Bangalore East,Varthur,Munnekolalu,52,200301007032,Bengaluru Urban,Bangalore_East_Varturu1_Munnekolalu_Revenue_Map,Polygon,77.710519,12.949624,10
Bangalore East,Varthur,Munnekolalu,48,200301007032,Bengaluru Urban,Bangalore_East_Varturu1_Munnekolalu_Revenue_Map,Polygon,77.715575,12.949407,15
Bangalore East,Varthur,Munnekolalu,89,200301007032,Bengaluru Urban,Bangalore_East_Varturu1_Munnekolalu_Revenue_Map,Polygon,77.698909,12.949483,5
Bangalore East,Varthur,Munnekolalu,50,200301007032,Bengaluru Urban,Bangalore_East_Varturu1_Munnekolalu_Revenue_Map,Polygon,77.711535,12.949562,7
Bangalore East,Varthur,Munnekolalu,2,200301007032,Bengaluru Urban,Bangalore_East_Varturu1_Munnekolalu_Revenue_Map,Polygon,77.70897,12.949434,14
Bangalore East,Varthur,Munnekolalu,116,200301007032,Bengaluru Urban,Bangalore_East_Varturu1_Munnekolalu_Revenue_Map,Polygon,77.705563,12.949044,16
Bangalore East,Varthur,Munnekolalu,84,200301007032,Bengaluru Urban,Bangalore_East_Varturu1_Munnekolalu_Revenue_Map,Polygon,77.702607,12.948242,17
Bangalore East,Varthur,Munnekolalu,115,200301007032,Bengaluru Urban,Bangalore_East_Varturu1_Munnekolalu_Revenue_Map,Polygon,77.707402,12.948897,9
Bangalore East,Varthur,Munnekolalu,55,200301007032,Bengaluru Urban,Bangalore_East_Varturu1_Munnekolalu_Revenue_Map,Polygon,77.714192,12.948844,18
Bangalore East,Varthur,Munnekolalu,88,200301007032,Bengaluru Urban,Bangalore_East_Varturu1_Munnekolalu_Revenue_Map,Polygon,77.698415,12.948403,12
Bangalore East,Varthur,Munnekolalu,53,200301007032,Bengaluru Urban,Bangalore_East_Varturu1_Munnekolalu_Revenue_Map,Polygon,77.710244,12.948908,9
Bangalore East,Varthur,Munnekolalu,56,200301007032,Bengaluru Urban,Bangalore_East_Varturu1_Munnekolalu_Revenue_Map,Polygon,77.714017,12.948408,13
Bangalore East,Varthur,Munnekolalu,69,200301007032,Bengaluru Urban,Bangalore_East_Varturu1_Munnekolalu_Revenue_Map,Polygon,77.712693,12.94735,24
Bangalore East,Varthur,Munnekolalu,54,200301007032,Bengaluru Urban,Bangalore_East_Varturu1_Munnekolalu_Revenue_Map,Polygon,77.711644,12.948735,12
Bangalore East,Varthur,Munnekolalu,1,200301007032,Bengaluru Urban,Bangalore_East_Varturu1_Munnekolalu_Revenue_Map,Polygon,77.708255,12.94866,7
Bangalore East,Varthur,Munnekolalu,70,200301007032,Bengaluru Urban,Bangalore_East_Varturu1_Munnekolalu_Revenue_Map,Polygon,77.710363,12.948485,17
Bangalore East,Varthur,Munnekolalu,86,200301007032,Bengaluru Urban,Bangalore_East_Varturu1_Munnekolalu_Revenue_Map,Polygon,77.70093,12.947453,21
Bangalore East,Varthur,Munnekolalu,117,200301007032,Bengaluru Urban,Bangalore_East_Varturu1_Munnekolalu_Revenue_Map,Polygon,77.705726,12.947817,30
Bangalore East,Varthur,Munnekolalu,SETTLEMENT,200301007032,Bengaluru Urban,Bangalore_East_Varturu1_Munnekolalu_Revenue_Map,Polygon,77.707949,12.947927,26
Bangalore East,Varthur,Munnekolalu,71,200301007032,Bengaluru Urban,Bangalore_East_Varturu1_Munnekolalu_Revenue_Map,Polygon,77.710181,12.947989,14
Bangalore East,Varthur,Munnekolalu,60,200301007032,Bengaluru Urban,Bangalore_East_Varturu1_Munnekolalu_Revenue_Map,Polygon,77.715727,12.947429,15
Bangalore East,Varthur,Munnekolalu,CANAL,200301007032,Bengaluru Urban,Bangalore_East_Varturu1_Munnekolalu_Revenue_Map,Polygon,77.71457,12.946489,24
Bangalore East,Varthur,Munnekolalu,73,200301007032,Bengaluru Urban,Bangalore_East_Varturu1_Munnekolalu_Revenue_Map,Polygon,77.709941,12.947752,11
Bangalore East,Varthur,Munnekolalu,118,200301007032,Bengaluru Urban,Bangalore_East_Varturu1_Munnekolalu_Revenue_Map,Polygon,77.706865,12.947782,9
Bangalore East,Varthur,Munnekolalu,57,200301007032,Bengaluru Urban,Bangalore_East_Varturu1_Munnekolalu_Revenue_Map,Polygon,77.714079,12.947808,9
Bangalore East,Varthur,Munnekolalu,72,200301007032,Bengaluru Urban,Bangalore_East_Varturu1_Munnekolalu_Revenue_Map,Polygon,77.711273,12.947398,15
Bangalore East,Varthur,Munnekolalu,58,200301007032,Bengaluru Urban,Bangalore_East_Varturu1_Munnekolalu_Revenue_Map,Polygon,77.713882,12.947552,8
Bangalore East,Varthur,Munnekolalu,74,200301007032,Bengaluru Urban,Bangalore_East_Varturu1_Munnekolalu_Revenue_Map,Polygon,77.709256,12.947265,14
Bangalore East,Varthur,Munnekolalu,59,200301007032,Bengaluru Urban,Bangalore_East_Varturu1_Munnekolalu_Revenue_Map,Polygon,77.714467,12.947402,8
Bangalore East,Varthur,Munnekolalu,123,200301007032,Bengaluru Urban,Bangalore_East_Varturu1_Munnekolalu_Revenue_Map,Polygon,77.708319,12.947556,8
Bangalore East,Varthur,Munnekolalu,87,200301007032,Bengaluru Urban,Bangalore_East_Varturu1_Munnekolalu_Revenue_Map,Polygon,77.699897,12.94733,5
Bangalore East,Varthur,Munnekolalu,82,200301007032,Bengaluru Urban,Bangalore_East_Varturu1_Munnekolalu_Revenue_Map,Polygon,77.70442,12.946066,23
Bangalore East,Varthur,Munnekolalu,65,200301007032,Bengaluru Urban,Bangalore_East_Varturu1_Munnekolalu_Revenue_Map,Polygon,77.713782,12.946431,13
Bangalore East,Varthur,Munnekolalu,122,200301007032,Bengaluru Urban,Bangalore_East_Varturu1_Munnekolalu_Revenue_Map,Polygon,77.70828,12.947264,7
Bangalore East,Varthur,Munnekolalu,119,200301007032,Bengaluru Urban,Bangalore_East_Varturu1_Munnekolalu_Revenue_Map,Polygon,77.707296,12.947109,12
Bangalore East,Varthur,Munnekolalu,83,200301007032,Bengaluru Urban,Bangalore_East_Varturu1_Munnekolalu_Revenue_Map,Polygon,77.703019,12.946813,6
Bangalore East,Varthur,Munnekolalu,81,200301007032,Bengaluru Urban,Bangalore_East_Varturu1_Munnekolalu_Revenue_Map,Polygon,77.706035,12.946413,27
Bangalore East,Varthur,Munnekolalu,CANAL,200301007032,Bengaluru Urban,Bangalore_East_Varturu1_Munnekolalu_Revenue_Map,Polygon,77.705784,12.945079,72
Bangalore East,Varthur,Munnekolalu,64,200301007032,Bengaluru Urban,Bangalore_East_Varturu1_Munnekolalu_Revenue_Map,Polygon,77.714042,12.946996,6
Bangalore East,Varthur,Munnekolalu,63,200301007032,Bengaluru Urban,Bangalore_East_Varturu1_Munnekolalu_Revenue_Map,Polygon,77.71448,12.946786,5
Bangalore East,Varthur,Munnekolalu,62,200301007032,Bengaluru Urban,Bangalore_East_Varturu1_Munnekolalu_Revenue_Map,Polygon,77.715029,12.946633,10
Bangalore East,Varthur,Munnekolalu,121,200301007032,Bengaluru Urban,Bangalore_East_Varturu1_Munnekolalu_Revenue_Map,Polygon,77.707896,12.9467,17
Bangalore East,Varthur,Munnekolalu,76,200301007032,Bengaluru Urban,Bangalore_East_Varturu1_Munnekolalu_Revenue_Map,Polygon,77.709297,12.946338,31
Bangalore East,Varthur,Munnekolalu,75,200301007032,Bengaluru Urban,Bangalore_East_Varturu1_Munnekolalu_Revenue_Map,Polygon,77.711346,12.946663,12
Bangalore East,Varthur,Munnekolalu,120,200301007032,Bengaluru Urban,Bangalore_East_Varturu1_Munnekolalu_Revenue_Map,Polygon,77.707424,12.9468,9
Bangalore East,Varthur,Munnekolalu,61,200301007032,Bengaluru Urban,Bangalore_East_Varturu1_Munnekolalu_Revenue_Map,Polygon,77.715931,12.945994,8
Bangalore East,Varthur,Munnekolalu,68,200301007032,Bengaluru Urban,Bangalore_East_Varturu1_Munnekolalu_Revenue_Map,Polygon,77.71204,12.944974,25
Bangalore East,Varthur,Munnekolalu,80,200301007032,Bengaluru Urban,Bangalore_East_Varturu1_Munnekolalu_Revenue_Map,Polygon,77.707332,12.945707,15
Bangalore East,Varthur,Munnekolalu,66,200301007032,Bengaluru Urban,Bangalore_East_Varturu1_Munnekolalu_Revenue_Map,Polygon,77.713715,12.94605,7
Bangalore East,Varthur,Munnekolalu,79,200301007032,Bengaluru Urban,Bangalore_East_Varturu1_Munnekolalu_Revenue_Map,Polygon,77.707732,12.945137,20
Bangalore East,Varthur,Munnekolalu,78,200301007032,Bengaluru Urban,Bangalore_East_Varturu1_Munnekolalu_Revenue_Map,Polygon,77.708903,12.944962,16
Bangalore East,Varthur,Munnekolalu,77,200301007032,Bengaluru Urban,Bangalore_East_Varturu1_Munnekolalu_Revenue_Map,Polygon,77.71011,12.944836,10
Bangalore East,Varthur,Munnekolalu,67,200301007032,Bengaluru Urban,Bangalore_East_Varturu1_Munnekolalu_Revenue_Map,Polygon,77.712695,12.944708,5
Bangalore East,Varthur,Varthur,49,200301007040,Bengaluru Urban,Bangalore_East_Varturu1_Varturu_Revenue_Map,Polygon,77.749935,12.951755,15
Bangalore East,Varthur,Varthur,48,200301007040,Bengaluru Urban,Bangalore_East_Varturu1_Varturu_Revenue_Map,Polygon,77.749152,12.951475,10
Bangalore East,Varthur,Varthur,47,200301007040,Bengaluru Urban,Bangalore_East_Varturu1_Varturu_Revenue_Map,Polygon,77.748047,12.950891,17
Bangalore East,Varthur,Varthur,47,200301007040,Bengaluru Urban,Bangalore_East_Varturu1_Varturu_Revenue_Map,Polygon,77.749433,12.950629,17
Bangalore East,Varthur,Varthur,52,200301007040,Bengaluru Urban,Bangalore_East_Varturu1_Varturu_Revenue_Map,Polygon,77.750815,12.94972,20
Bangalore East,Varthur,Varthur,51,200301007040,Bengaluru Urban,Bangalore_East_Varturu1_Varturu_Revenue_Map,Polygon,77.749786,12.949638,11
Bangalore East,Varthur,Varthur,STREAM,200301007040,Bengaluru Urban,Bangalore_East_Varturu1_Varturu_Revenue_Map,Polygon,77.748699,12.948148,43
Bangalore East,Varthur,Varthur,46,200301007040,Bengaluru Urban,Bangalore_East_Varturu1_Varturu_Revenue_Map,Polygon,77.749197,12.949471,12
Bangalore East,Varthur,Varthur,54,200301007040,Bengaluru Urban,Bangalore_East_Varturu1_Varturu_Revenue_Map,Polygon,77.751754,12.948682,23
Bangalore East,Varthur,Varthur,CANAL,200301007040,Bengaluru Urban,Bangalore_East_Varturu1_Varturu_Revenue_Map,Polygon,77.750475,12.948683,22
Bangalore East,Varthur,Varthur,45,200301007040,Bengaluru Urban,Bangalore_East_Varturu1_Varturu_Revenue_Map,Polygon,77.749356,12.948229,12
Bangalore East,Varthur,Varthur,44,200301007040,Bengaluru Urban,Bangalore_East_Varturu1_Varturu_Revenue_Map,Polygon,77.74959,12.947684,7
Bangalore East,Varthur,Varthur,43,200301007040,Bengaluru Urban,Bangalore_East_Varturu1_Varturu_Revenue_Map,Polygon,77.749891,12.947405,5
Bangalore East,Varthur,Varthur,41,200301007040,Bengaluru Urban,Bangalore_East_Varturu1_Varturu_Revenue_Map,Polygon,77.749126,12.947198,7
Bangalore East,Varthur,Varthur,40,200301007040,Bengaluru Urban,Bangalore_East_Varturu1_Varturu_Revenue_Map,Polygon,77.748767,12.946608,10
Bangalore East,Varthur,Varthur,39,200301007040,Bengaluru Urban,Bangalore_East_Varturu1_Varturu_Revenue_Map,Polygon,77.747906,12.946816,10
Bangalore East,Varthur,Varthur,55,200301007040,Bengaluru Urban,Bangalore_East_Varturu1_Varturu_Revenue_Map,Polygon,77.751706,12.946263,17
Bangalore East,Varthur,Varthur,38,200301007040,Bengaluru Urban,Bangalore_East_Varturu1_Varturu_Revenue_Map,Polygon,77.747162,12.946497,10
Bangalore East,Varthur,Varthur,43,200301007040,Bengaluru Urban,Bangalore_East_Varturu1_Varturu_Revenue_Map,Polygon,77.749457,12.946864,5
Bangalore East,Varthur,Varthur,42,200301007040,Bengaluru Urban,Bangalore_East_Varturu1_Varturu_Revenue_Map,Polygon,77.750137,12.946568,7
Bangalore East,Varthur,Varthur,35,200301007040,Bengaluru Urban,Bangalore_East_Varturu1_Varturu_Revenue_Map,Polygon,77.749808,12.946082,25
Bangalore East,Varthur,Varthur,STREAM,200301007040,Bengaluru Urban,Bangalore_East_Varturu1_Varturu_Revenue_Map,Polygon,77.749107,12.944625,135
Bangalore East,Varthur,Varthur,35,200301007040,Bengaluru Urban,Bangalore_East_Varturu1_Varturu_Revenue_Map,Polygon,77.748648,12.945427,51
Bangalore East,Varthur,Varthur,22,200301007040,Bengaluru Urban,Bangalore_East_Varturu1_Varturu_Revenue_Map,Polygon,77.741458,12.944145,13
Bangalore East,Varthur,Varthur,37,200301007040,Bengaluru Urban,Bangalore_East_Varturu1_Varturu_Revenue_Map,Polygon,77.747965,12.945618,9
Bangalore East,Varthur,Varthur,36,200301007040,Bengaluru Urban,Bangalore_East_Varturu1_Varturu_Revenue_Map,Polygon,77.74904,12.945625,4
Bangalore East,Varthur,Varthur,29,200301007040,Bengaluru Urban,Bangalore_East_Varturu1_Varturu_Revenue_Map,Polygon,77.745543,12.944008,17
Bangalore East,Varthur,Varthur,28,200301007040,Bengaluru Urban,Bangalore_East_Varturu1_Varturu_Revenue_Map,Polygon,77.744564,12.944388,10
Bangalore East,Varthur,Varthur,56,200301007040,Bengaluru Urban,Bangalore_East_Varturu1_Varturu_Revenue_Map,Polygon,77.751761,12.945239,12
Bangalore East,Varthur,Varthur,25,200301007040,Bengaluru Urban,Bangalore_East_Varturu1_Varturu_Revenue_Map,Polygon,77.743929,12.943757,16
Bangalore East,Varthur,Varthur,23,200301007040,Bengaluru Urban,Bangalore_East_Varturu1_Varturu_Revenue_Map,Polygon,77.742569,12.945249,8
Bangalore East,Varthur,Varthur,24,200301007040,Bengaluru Urban,Bangalore_East_Varturu1_Varturu_Revenue_Map,Polygon,77.743161,12.943617,17
Bangalore East,Varthur,Varthur,57,200301007040,Bengaluru Urban,Bangalore_East_Varturu1_Varturu_Revenue_Map,Polygon,77.751745,12.944915,11
Bangalore East,Varthur,Varthur,35,200301007040,Bengaluru Urban,Bangalore_East_Varturu1_Varturu_Revenue_Map,Polygon,77.749054,12.944961,29
Bangalore East,Varthur,Varthur,30,200301007040,Bengaluru Urban,Bangalore_East_Varturu1_Varturu_Revenue_Map,Polygon,77.746321,12.943702,12
Bangalore East,Varthur,Varthur,21,200301007040,Bengaluru Urban,Bangalore_East_Varturu1_Varturu_Revenue_Map,Polygon,77.74051,12.944812,7
Bangalore East,Varthur,Varthur,61,200301007040,Bengaluru Urban,Bangalore_East_Varturu1_Varturu_Revenue_Map,Polygon,77.749092,12.944227,11
Bangalore East,Varthur,Varthur,58,200301007040,Bengaluru Urban,Bangalore_East_Varturu1_Varturu_Revenue_Map,Polygon,77.751857,12.944357,14
Bangalore East,Varthur,Varthur,ROAD,200301007040,Bengaluru Urban,Bangalore_East_Varturu1_Varturu_Revenue_Map,Polygon,77.7469,12.943738,11
Bangalore East,Varthur,Varthur,34,200301007040,Bengaluru Urban,Bangalore_East_Varturu1_Varturu_Revenue_Map,Polygon,77.747192,12.944594,8
Bangalore East,Varthur,Varthur,35,200301007040,Bengaluru Urban,Bangalore_East_Varturu1_Varturu_Revenue_Map,Polygon,77.747876,12.944656,22
Bangalore East,Varthur,Varthur,18,200301007040,Bengaluru Urban,Bangalore_East_Varturu1_Varturu_Revenue_Map,Polygon,77.739382,12.944133,10
Bangalore East,Varthur,Varthur,33,200301007040,Bengaluru Urban,Bangalore_East_Varturu1_Varturu_Revenue_Map,Polygon,77.747482,12.944049,10
Bangalore East,Varthur,Varthur,20,200301007040,Bengaluru Urban,Bangalore_East_Varturu1_Varturu_Revenue_Map,Polygon,77.740618,12.944258,7
Bangalore East,Varthur,Varthur,STREAM,200301007040,Bengaluru Urban,Bangalore_East_Varturu1_Varturu_Revenue_Map,Polygon,77.748352,12.943207,14
Bangalore East,Varthur,Varthur,60,200301007040,Bengaluru Urban,Bangalore_East_Varturu1_Varturu_Revenue_Map,Polygon,77.751224,12.943808,12
Bangalore East,Varthur,Varthur,62,200301007040,Bengaluru Urban,Bangalore_East_Varturu1_Varturu_Revenue_Map,Polygon,77.74806,12.943961,7
Bangalore East,Varthur,Varthur,19,200301007040,Bengaluru Urban,Bangalore_East_Varturu1_Varturu_Revenue_Map,Polygon,77.739587,12.942897,15
Bangalore East,Varthur,Varthur,17,200301007040,Bengaluru Urban,Bangalore_East_Varturu1_Varturu_Revenue_Map,Polygon,77.738264,12.943195,11
Bangalore East,Varthur,Varthur,15,200301007040,Bengaluru Urban,Bangalore_East_Varturu1_Varturu_Revenue_Map,Polygon,77.736543,12.943146,14
Bangalore East,Varthur,Varthur,16,200301007040,Bengaluru Urban,Bangalore_East_Varturu1_Varturu_Revenue_Map,Polygon,77.737492,12.94384,5
Bangalore East,Varthur,Varthur,59,200301007040,Bengaluru Urban,Bangalore_East_Varturu1_Varturu_Revenue_Map,Polygon,77.753204,12.94363,7
Bangalore East,Varthur,Varthur,63,200301007040,Bengaluru Urban,Bangalore_East_Varturu1_Varturu_Revenue_Map,Polygon,77.747705,12.94332,8
Bangalore East,Varthur,Varthur,13,200301007040,Bengaluru Urban,Bangalore_East_Varturu1_Varturu_Revenue_Map,Polygon,77.735138,12.94285,10
Bangalore East,Varthur,Varthur,32,200301007040,Bengaluru Urban,Bangalore_East_Varturu1_Varturu_Revenue_Map,Polygon,77.747212,12.942658,9
Bangalore East,Varthur,Varthur,ROAD,200301007040,Bengaluru Urban,Bangalore_East_Varturu1_Varturu_Revenue_Map,Polygon,77.752915,12.943216,12
Bangalore East,Varthur,Varthur,8,200301007040,Bengaluru Urban,Bangalore_East_Varturu1_Varturu_Revenue_Map,Polygon,77.738105,12.941678,17
Bangalore East,Varthur,Varthur,76,200301007040,Bengaluru Urban,Bangalore_East_Varturu1_Varturu_Revenue_Map,Polygon,77.753686,12.942565,9
Bangalore East,Varthur,Varthur,68,200301007040,Bengaluru Urban,Bangalore_East_Varturu1_Varturu_Revenue_Map,Polygon,77.749487,12.942828,6
Bangalore East,Varthur,Varthur,14,200301007040,Bengaluru Urban,Bangalore_East_Varturu1_Varturu_Revenue_Map,Polygon,77.735701,12.942964,5
Bangalore East,Varthur,Varthur,67,200301007040,Bengaluru Urban,Bangalore_East_Varturu1_Varturu_Revenue_Map,Polygon,77.748983,12.942894,6
Bangalore East,Varthur,Varthur,75,200301007040,Bengaluru Urban,Bangalore_East_Varturu1_Varturu_Revenue_Map,Polygon,77.753021,12.941995,16
Bangalore East,Varthur,Varthur,64,200301007040,Bengaluru Urban,Bangalore_East_Varturu1_Varturu_Revenue_Map,Polygon,77.747924,12.942638,9
Bangalore East,Varthur,Varthur,12,200301007040,Bengaluru Urban,Bangalore_East_Varturu1_Varturu_Revenue_Map,Polygon,77.735305,12.94221,12
Bangalore East,Varthur,Varthur,70,200301007040,Bengaluru Urban,Bangalore_East_Varturu1_Varturu_Revenue_Map,Polygon,77.750173,12.941919,16
Bangalore East,Varthur,Varthur,69,200301007040,Bengaluru Urban,Bangalore_East_Varturu1_Varturu_Revenue_Map,Polygon,77.749198,12.942434,21
Bangalore East,Varthur,Varthur,66,200301007040,Bengaluru Urban,Bangalore_East_Varturu1_Varturu_Revenue_Map,Polygon,77.748737,12.942267,6
Bangalore East,Varthur,Varthur,9,200301007040,Bengaluru Urban,Bangalore_East_Varturu1_Varturu_Revenue_Map,Polygon,77.737183,12.94189,8
Bangalore East,Varthur,Varthur,TANK,200301007040,Bengaluru Urban,Bangalore_East_Varturu1_Varturu_Revenue_Map,Polygon,77.749112,12.942434,13
Bangalore East,Varthur,Varthur,SETTLEMENT,200301007040,Bengaluru Urban,Bangalore_East_Varturu1_Varturu_Revenue_Map,Polygon,77.746304,12.94034,72
Bangalore East,Varthur,Varthur,27,200301007040,Bengaluru Urban,Bangalore_East_Varturu1_Varturu_Revenue_Map,Polygon,77.744571,12.942006,12
Bangalore East,Varthur,Varthur,65,200301007040,Bengaluru Urban,Bangalore_East_Varturu1_Varturu_Revenue_Map,Polygon,77.747988,12.942075,6
Bangalore East,Varthur,Varthur,26,200301007040,Bengaluru Urban,Bangalore_East_Varturu1_Varturu_Revenue_Map,Polygon,77.743938,12.942178,6
Bangalore East,Varthur,Varthur,3,200301007040,Bengaluru Urban,Bangalore_East_Varturu1_Varturu_Revenue_Map,Polygon,77.744086,12.940517,20
Bangalore East,Varthur,Varthur,4,200301007040,Bengaluru Urban,Bangalore_East_Varturu1_Varturu_Revenue_Map,Polygon,77.742769,12.940464,13
Bangalore East,Varthur,Varthur,10,200301007040,Bengaluru Urban,Bangalore_East_Varturu1_Varturu_Revenue_Map,Polygon,77.736035,12.940261,17
Bangalore East,Varthur,Varthur,6,200301007040,Bengaluru Urban,Bangalore_East_Varturu1_Varturu_Revenue_Map,Polygon,77.740376,12.941076,13
Bangalore East,Varthur,Varthur,ROAD,200301007040,Bengaluru Urban,Bangalore_East_Varturu1_Varturu_Revenue_Map,Polygon,77.748625,12.941754,12
Bangalore East,Varthur,Varthur,31,200301007040,Bengaluru Urban,Bangalore_East_Varturu1_Varturu_Revenue_Map,Polygon,77.746542,12.941702,5
Bangalore East,Varthur,Varthur,5,200301007040,Bengaluru Urban,Bangalore_East_Varturu1_Varturu_Revenue_Map,Polygon,77.741573,12.940444,11
Bangalore East,Varthur,Varthur,71,200301007040,Bengaluru Urban,Bangalore_East_Varturu1_Varturu_Revenue_Map,Polygon,77.748961,12.941453,16
Bangalore East,Varthur,Varthur,2,200301007040,Bengaluru Urban,Bangalore_East_Varturu1_Varturu_Revenue_Map,Polygon,77.744432,12.940468,16
Bangalore East,Varthur,Varthur,77,200301007040,Bengaluru Urban,Bangalore_East_Varturu1_Varturu_Revenue_Map,Polygon,77.752528,12.940559,12
Bangalore East,Varthur,Varthur,74,200301007040,Bengaluru Urban,Bangalore_East_Varturu1_Varturu_Revenue_Map,Polygon,77.751594,12.94085,13
Bangalore East,Varthur,Varthur,STREAM,200301007040,Bengaluru Urban,Bangalore_East_Varturu1_Varturu_Revenue_Map,Polygon,77.751466,12.940769,21
Bangalore East,Varthur,Varthur,71,200301007040,Bengaluru Urban,Bangalore_East_Varturu1_Varturu_Revenue_Map,Polygon,77.748537,12.94092,27
Bangalore East,Varthur,Varthur,206,200301007040,Bengaluru Urban,Bangalore_East_Varturu1_Varturu_Revenue_Map,Polygon,77.745717,12.941251,8
Bangalore East,Varthur,Varthur,STREAM,200301007040,Bengaluru Urban,Bangalore_East_Varturu1_Varturu_Revenue_Map,Polygon,77.748806,12.940934,57
Bangalore East,Varthur,Varthur,74,200301007040,Bengaluru Urban,Bangalore_East_Varturu1_Varturu_Revenue_Map,Polygon,77.751337,12.940706,16
Bangalore East,Varthur,Varthur,71,200301007040,Bengaluru Urban,Bangalore_East_Varturu1_Varturu_Revenue_Map,Polygon,77.749399,12.940719,23
Bangalore East,Varthur,Varthur,110,200301007040,Bengaluru Urban,Bangalore_East_Varturu1_Varturu_Revenue_Map,Polygon,77.753637,12.939039,32
Bangalore East,Varthur,Varthur,11,200301007040,Bengaluru Urban,Bangalore_East_Varturu1_Varturu_Revenue_Map,Polygon,77.735017,12.940715,7
Bangalore East,Varthur,Varthur,73,200301007040,Bengaluru Urban,Bangalore_East_Varturu1_Varturu_Revenue_Map,Polygon,77.749798,12.940207,22
Bangalore East,Varthur,Varthur,7,200301007040,Bengaluru Urban,Bangalore_East_Varturu1_Varturu_Revenue_Map,Polygon,77.739398,12.939992,14
Bangalore East,Varthur,Varthur,72,200301007040,Bengaluru Urban,Bangalore_East_Varturu1_Varturu_Revenue_Map,Polygon,77.74803,12.940113,7
Bangalore East,Varthur,Varthur,STREAM,200301007040,Bengaluru Urban,Bangalore_East_Varturu1_Varturu_Revenue_Map,Polygon,77.749545,12.940162,32
Bangalore East,Varthur,Varthur,71,200301007040,Bengaluru Urban,Bangalore_East_Varturu1_Varturu_Revenue_Map,Polygon,77.748772,12.940262,8
Bangalore East,Varthur,Varthur,73,200301007040,Bengaluru Urban,Bangalore_East_Varturu1_Varturu_Revenue_Map,Polygon,77.74925,12.940084,27
Bangalore East,Varthur,Varthur,73,200301007040,Bengaluru Urban,Bangalore_East_Varturu1_Varturu_Revenue_Map,Polygon,77.748314,12.93999,11
Bangalore East,Varthur,Varthur,STREAM,200301007040,Bengaluru Urban,Bangalore_East_Varturu1_Varturu_Revenue_Map,Polygon,77.748425,12.940016,13
Bangalore East,Varthur,Varthur,111,200301007040,Bengaluru Urban,Bangalore_East_Varturu1_Varturu_Revenue_Map,Polygon,77.755177,12.939315,17
Bangalore East,Varthur,Varthur,79,200301007040,Bengaluru Urban,Bangalore_East_Varturu1_Varturu_Revenue_Map,Polygon,77.750543,12.939939,8
Bangalore East,Varthur,Varthur,207,200301007040,Bengaluru Urban,Bangalore_East_Varturu1_Varturu_Revenue_Map,Polygon,77.745198,12.939808,14
Bangalore East,Varthur,Varthur,78,200301007040,Bengaluru Urban,Bangalore_East_Varturu1_Varturu_Revenue_Map,Polygon,77.75173,12.938899,32
Bangalore East,Varthur,Varthur,STREAM,200301007040,Bengaluru Urban,Bangalore_East_Varturu1_Varturu_Revenue_Map,Polygon,77.751387,12.939694,11
Bangalore East,Varthur,Varthur,78,200301007040,Bengaluru Urban,Bangalore_East_Varturu1_Varturu_Revenue_Map,Polygon,77.751211,12.939882,5
Bangalore East,Varthur,Varthur,80,200301007040,Bengaluru Urban,Bangalore_East_Varturu1_Varturu_Revenue_Map,Polygon,77.750598,12.939256,13
Bangalore East,Varthur,Varthur,87,200301007040,Bengaluru Urban,Bangalore_East_Varturu1_Varturu_Revenue_Map,Polygon,77.748745,12.939306,6
Bangalore East,Varthur,Varthur,86,200301007040,Bengaluru Urban,Bangalore_East_Varturu1_Varturu_Revenue_Map,Polygon,77.74937,12.939212,13
Bangalore East,Varthur,Varthur,88,200301007040,Bengaluru Urban,Bangalore_East_Varturu1_Varturu_Revenue_Map,Polygon,77.748368,12.939512,11
Bangalore East,Varthur,Varthur,STREAM,200301007040,Bengaluru Urban,Bangalore_East_Varturu1_Varturu_Revenue_Map,Polygon,77.748301,12.93963,12
Bangalore East,Varthur,Varthur,88,200301007040,Bengaluru Urban,Bangalore_East_Varturu1_Varturu_Revenue_Map,Polygon,77.748255,12.939729,6
Bangalore East,Varthur,Varthur,STREAM,200301007040,Bengaluru Urban,Bangalore_East_Varturu1_Varturu_Revenue_Map,Polygon,77.751257,12.939137,9
Bangalore East,Varthur,Varthur,ROAD,200301007040,Bengaluru Urban,Bangalore_East_Varturu1_Varturu_Revenue_Map,Polygon,77.74492,12.936359,27
Bangalore East,Varthur,Varthur,90,200301007040,Bengaluru Urban,Bangalore_East_Varturu1_Varturu_Revenue_Map,Polygon,77.747584,12.938872,20
Bangalore East,Varthur,Varthur,STREAM,200301007040,Bengaluru Urban,Bangalore_East_Varturu1_Varturu_Revenue_Map,Polygon,77.747763,12.938995,25
Bangalore East,Varthur,Varthur,90,200301007040,Bengaluru Urban,Bangalore_East_Varturu1_Varturu_Revenue_Map,Polygon,77.747849,12.938975,17
Bangalore East,Varthur,Varthur,85,200301007040,Bengaluru Urban,Bangalore_East_Varturu1_Varturu_Revenue_Map,Polygon,77.749648,12.939186,13
Bangalore East,Varthur,Varthur,ROAD,200301007040,Bengaluru Urban,Bangalore_East_Varturu1_Varturu_Revenue_Map,Polygon,77.740928,12.938899,27
Bangalore East,Varthur,Varthur,80,200301007040,Bengaluru Urban,Bangalore_East_Varturu1_Varturu_Revenue_Map,Polygon,77.751325,12.939057,7
Bangalore East,Varthur,Varthur,195,200301007040,Bengaluru Urban,Bangalore_East_Varturu1_Varturu_Revenue_Map,Polygon,77.734977,12.938737,13
Bangalore East,Varthur,Varthur,112,200301007040,Bengaluru Urban,Bangalore_East_Varturu1_Varturu_Revenue_Map,Polygon,77.756526,12.938536,15
Bangalore East,Varthur,Varthur,82,200301007040,Bengaluru Urban,Bangalore_East_Varturu1_Varturu_Revenue_Map,Polygon,77.750301,12.938929,6
Bangalore East,Varthur,Varthur,81,200301007040,Bengaluru Urban,Bangalore_East_Varturu1_Varturu_Revenue_Map,Polygon,77.750694,12.938924,5
Bangalore East,Varthur,Varthur,196,200301007040,Bengaluru Urban,Bangalore_East_Varturu1_Varturu_Revenue_Map,Polygon,77.738467,12.938703,13
Bangalore East,Varthur,Varthur,1,200301007040,Bengaluru Urban,Bangalore_East_Varturu1_Varturu_Revenue_Map,Polygon,77.745072,12.939036,5
Bangalore East,Varthur,Varthur,89,200301007040,Bengaluru Urban,Bangalore_East_Varturu1_Varturu_Revenue_Map,Polygon,77.748359,12.938723,7
Bangalore East,Varthur,Varthur,84,200301007040,Bengaluru Urban,Bangalore_East_Varturu1_Varturu_Revenue_Map,Polygon,77.749893,12.938783,6
Bangalore East,Varthur,Varthur,208,200301007040,Bengaluru Urban,Bangalore_East_Varturu1_Varturu_Revenue_Map,Polygon,77.745047,12.938739,6
Bangalore East,Varthur,Varthur,TANK,200301007040,Bengaluru Urban,Bangalore_East_Varturu1_Varturu_Revenue_Map,Polygon,77.742186,12.93879,5
Bangalore East,Varthur,Varthur,114,200301007040,Bengaluru Urban,Bangalore_East_Varturu1_Varturu_Revenue_Map,Polygon,77.759239,12.938426,7
Bangalore East,Varthur,Varthur,92,200301007040,Bengaluru Urban,Bangalore_East_Varturu1_Varturu_Revenue_Map,Polygon,77.749124,12.938453,44
Bangalore East,Varthur,Varthur,TANK,200301007040,Bengaluru Urban,Bangalore_East_Varturu1_Varturu_Revenue_Map,Polygon,77.749411,12.938681,5
Bangalore East,Varthur,Varthur,205,200301007040,Bengaluru Urban,Bangalore_East_Varturu1_Varturu_Revenue_Map,Polygon,77.746629,12.93856,5
Bangalore East,Varthur,Varthur,194,200301007040,Bengaluru Urban,Bangalore_East_Varturu1_Varturu_Revenue_Map,Polygon,77.736026,12.937954,13
Bangalore East,Varthur,Varthur,STREAM,200301007040,Bengaluru Urban,Bangalore_East_Varturu1_Varturu_Revenue_Map,Polygon,77.753688,12.938361,42
Bangalore East,Varthur,Varthur,STREAM,200301007040,Bengaluru Urban,Bangalore_East_Varturu1_Varturu_Revenue_Map,Polygon,77.751628,12.938173,68
Bangalore East,Varthur,Varthur,STREAM,200301007040,Bengaluru Urban,Bangalore_East_Varturu1_Varturu_Revenue_Map,Polygon,77.754623,12.938605,4
Bangalore East,Varthur,Varthur,83,200301007040,Bengaluru Urban,Bangalore_East_Varturu1_Varturu_Revenue_Map,Polygon,77.749841,12.938347,9
Bangalore East,Varthur,Varthur,201,200301007040,Bengaluru Urban,Bangalore_East_Varturu1_Varturu_Revenue_Map,Polygon,77.741881,12.937666,17
Bangalore East,Varthur,Varthur,TANK,200301007040,Bengaluru Urban,Bangalore_East_Varturu1_Varturu_Revenue_Map,Polygon,77.748806,12.938486,15
Bangalore East,Varthur,Varthur,110,200301007040,Bengaluru Urban,Bangalore_East_Varturu1_Varturu_Revenue_Map,Polygon,77.753721,12.937854,36
Bangalore East,Varthur,Varthur,204,200301007040,Bengaluru Urban,Bangalore_East_Varturu1_Varturu_Revenue_Map,Polygon,77.743127,12.938082,16
Bangalore East,Varthur,Varthur,78,200301007040,Bengaluru Urban,Bangalore_East_Varturu1_Varturu_Revenue_Map,Polygon,77.750852,12.938268,9
Bangalore East,Varthur,Varthur,91,200301007040,Bengaluru Urban,Bangalore_East_Varturu1_Varturu_Revenue_Map,Polygon,77.747479,12.938494,6
Bangalore East,Varthur,Varthur,STREAM,200301007040,Bengaluru Urban,Bangalore_East_Varturu1_Varturu_Revenue_Map,Polygon,77.747475,12.938347,16
Bangalore East,Varthur,Varthur,91,200301007040,Bengaluru Urban,Bangalore_East_Varturu1_Varturu_Revenue_Map,Polygon,77.747571,12.938268,14
Bangalore East,Varthur,Varthur,193,200301007040,Bengaluru Urban,Bangalore_East_Varturu1_Varturu_Revenue_Map,Polygon,77.737785,12.93733,15
Bangalore East,Varthur,Varthur,178,200301007040,Bengaluru Urban,Bangalore_East_Varturu1_Varturu_Revenue_Map,Polygon,77.746923,12.938013,8
Bangalore East,Varthur,Varthur,115,200301007040,Bengaluru Urban,Bangalore_East_Varturu1_Varturu_Revenue_Map,Polygon,77.761024,12.937492,21
Bangalore East,Varthur,Varthur,113,200301007040,Bengaluru Urban,Bangalore_East_Varturu1_Varturu_Revenue_Map,Polygon,77.758118,12.937392,9
Bangalore East,Varthur,Varthur,78,200301007040,Bengaluru Urban,Bangalore_East_Varturu1_Varturu_Revenue_Map,Polygon,77.752367,12.938012,16
Bangalore East,Varthur,Varthur,78,200301007040,Bengaluru Urban,Bangalore_East_Varturu1_Varturu_Revenue_Map,Polygon,77.751452,12.93793,34
Bangalore East,Varthur,Varthur,197,200301007040,Bengaluru Urban,Bangalore_East_Varturu1_Varturu_Revenue_Map,Polygon,77.739712,12.937559,10
Bangalore East,Varthur,Varthur,93,200301007040,Bengaluru Urban,Bangalore_East_Varturu1_Varturu_Revenue_Map,Polygon,77.749237,12.937848,27
Bangalore East,Varthur,Varthur,STREAM,200301007040,Bengaluru Urban,Bangalore_East_Varturu1_Varturu_Revenue_Map,Polygon,77.747297,12.933764,84
Bangalore East,Varthur,Varthur,178,200301007040,Bengaluru Urban,Bangalore_East_Varturu1_Varturu_Revenue_Map,Polygon,77.747284,12.93805,5
Bangalore East,Varthur,Varthur,109,200301007040,Bengaluru Urban,Bangalore_East_Varturu1_Varturu_Revenue_Map,Polygon,77.755593,12.93698,15
Bangalore East,Varthur,Varthur,203,200301007040,Bengaluru Urban,Bangalore_East_Varturu1_Varturu_Revenue_Map,Polygon,77.743755,12.937681,12
Bangalore East,Varthur,Varthur,103,200301007040,Bengaluru Urban,Bangalore_East_Varturu1_Varturu_Revenue_Map,Polygon,77.752704,12.937072,8
Bangalore East,Varthur,Varthur,STREAM,200301007040,Bengaluru Urban,Bangalore_East_Varturu1_Varturu_Revenue_Map,Polygon,77.750174,12.937779,25
Bangalore East,Varthur,Varthur,TANK,200301007040,Bengaluru Urban,Bangalore_East_Varturu1_Varturu_Revenue_Map,Polygon,77.760187,12.937613,10
Bangalore East,Varthur,Varthur,93,200301007040,Bengaluru Urban,Bangalore_East_Varturu1_Varturu_Revenue_Map,Polygon,77.750087,12.937612,16
Bangalore East,Varthur,Varthur,177,200301007040,Bengaluru Urban,Bangalore_East_Varturu1_Varturu_Revenue_Map,Polygon,77.746752,12.937568,6
Bangalore East,Varthur,Varthur,179,200301007040,Bengaluru Urban,Bangalore_East_Varturu1_Varturu_Revenue_Map,Polygon,77.746363,12.937518,6
Bangalore East,Varthur,Varthur,202,200301007040,Bengaluru Urban,Bangalore_East_Varturu1_Varturu_Revenue_Map,Polygon,77.743807,12.937438,13
Bangalore East,Varthur,Varthur,101,200301007040,Bengaluru Urban,Bangalore_East_Varturu1_Varturu_Revenue_Map,Polygon,77.751717,12.937247,9
Bangalore East,Varthur,Varthur,94,200301007040,Bengaluru Urban,Bangalore_East_Varturu1_Varturu_Revenue_Map,Polygon,77.747795,12.937425,5
Bangalore East,Varthur,Varthur,STREAM,200301007040,Bengaluru Urban,Bangalore_East_Varturu1_Varturu_Revenue_Map,Polygon,77.75178,12.936117,21
Bangalore East,Varthur,Varthur,98,200301007040,Bengaluru Urban,Bangalore_East_Varturu1_Varturu_Revenue_Map,Polygon,77.749033,12.935709,32
Bangalore East,Varthur,Varthur,102,200301007040,Bengaluru Urban,Bangalore_East_Varturu1_Varturu_Revenue_Map,Polygon,77.752157,12.936905,7
Bangalore East,Varthur,Varthur,117,200301007040,Bengaluru Urban,Bangalore_East_Varturu1_Varturu_Revenue_Map,Polygon,77.7645,12.935962,14
Bangalore East,Varthur,Varthur,99,200301007040,Bengaluru Urban,Bangalore_East_Varturu1_Varturu_Revenue_Map,Polygon,77.750655,12.935846,25
Bangalore East,Varthur,Varthur,192,200301007040,Bengaluru Urban,Bangalore_East_Varturu1_Varturu_Revenue_Map,Polygon,77.736903,12.936478,21
Bangalore East,Varthur,Varthur,180,200301007040,Bengaluru Urban,Bangalore_East_Varturu1_Varturu_Revenue_Map,Polygon,77.745964,12.937194,7
Bangalore East,Varthur,Varthur,95,200301007040,Bengaluru Urban,Bangalore_East_Varturu1_Varturu_Revenue_Map,Polygon,77.748031,12.936541,14
Bangalore East,Varthur,Varthur,200,200301007040,Bengaluru Urban,Bangalore_East_Varturu1_Varturu_Revenue_Map,Polygon,77.744434,12.936986,8
Bangalore East,Varthur,Varthur,176,200301007040,Bengaluru Urban,Bangalore_East_Varturu1_Varturu_Revenue_Map,Polygon,77.746635,12.936851,7
Bangalore East,Varthur,Varthur,181,200301007040,Bengaluru Urban,Bangalore_East_Varturu1_Varturu_Revenue_Map,Polygon,77.745691,12.936819,8
Bangalore East,Varthur,Varthur,116,200301007040,Bengaluru Urban,Bangalore_East_Varturu1_Varturu_Revenue_Map,Polygon,77.758847,12.936126,10
Bangalore East,Varthur,Varthur,199,200301007040,Bengaluru Urban,Bangalore_East_Varturu1_Varturu_Revenue_Map,Polygon,77.742259,12.936499,14
Bangalore East,Varthur,Varthur,209,200301007040,Bengaluru Urban,Bangalore_East_Varturu1_Varturu_Revenue_Map,Polygon,77.76118,12.936033,6
Bangalore East,Varthur,Varthur,198,200301007040,Bengaluru Urban,Bangalore_East_Varturu1_Varturu_Revenue_Map,Polygon,77.740659,12.936377,11
Bangalore East,Varthur,Varthur,100,200301007040,Bengaluru Urban,Bangalore_East_Varturu1_Varturu_Revenue_Map,Polygon,77.751553,12.936363,9
Bangalore East,Varthur,Varthur,175,200301007040,Bengaluru Urban,Bangalore_East_Varturu1_Varturu_Revenue_Map,Polygon,77.746209,12.935677,11
Bangalore East,Varthur,Varthur,182,200301007040,Bengaluru Urban,Bangalore_East_Varturu1_Varturu_Revenue_Map,Polygon,77.745139,12.936121,10
Bangalore East,Varthur,Varthur,191,200301007040,Bengaluru Urban,Bangalore_East_Varturu1_Varturu_Revenue_Map,Polygon,77.739018,12.935596,14
Bangalore East,Varthur,Varthur,105,200301007040,Bengaluru Urban,Bangalore_East_Varturu1_Varturu_Revenue_Map,Polygon,77.751952,12.935893,6
Bangalore East,Varthur,Varthur,104,200301007040,Bengaluru Urban,Bangalore_East_Varturu1_Varturu_Revenue_Map,Polygon,77.752737,12.935571,12
Bangalore East,Varthur,Varthur,108,200301007040,Bengaluru Urban,Bangalore_East_Varturu1_Varturu_Revenue_Map,Polygon,77.754442,12.935062,16
Bangalore East,Varthur,Varthur,127,200301007040,Bengaluru Urban,Bangalore_East_Varturu1_Varturu_Revenue_Map,Polygon,77.756466,12.9351,14
Bangalore East,Varthur,Varthur,190,200301007040,Bengaluru Urban,Bangalore_East_Varturu1_Varturu_Revenue_Map,Polygon,77.740389,12.934622,13
Bangalore East,Varthur,Varthur,188,200301007040,Bengaluru Urban,Bangalore_East_Varturu1_Varturu_Revenue_Map,Polygon,77.742369,12.935348,12
Bangalore East,Varthur,Varthur,96,200301007040,Bengaluru Urban,Bangalore_East_Varturu1_Varturu_Revenue_Map,Polygon,77.747118,12.935667,4
Bangalore East,Varthur,Varthur,97,200301007040,Bengaluru Urban,Bangalore_East_Varturu1_Varturu_Revenue_Map,Polygon,77.747797,12.935456,7
Bangalore East,Varthur,Varthur,173,200301007040,Bengaluru Urban,Bangalore_East_Varturu1_Varturu_Revenue_Map,Polygon,77.745826,12.934399,18
Bangalore East,Varthur,Varthur,183,200301007040,Bengaluru Urban,Bangalore_East_Varturu1_Varturu_Revenue_Map,Polygon,77.744278,12.933179,30
Bangalore East,Varthur,Varthur,106,200301007040,Bengaluru Urban,Bangalore_East_Varturu1_Varturu_Revenue_Map,Polygon,77.751705,12.934947,12
Bangalore East,Varthur,Varthur,174,200301007040,Bengaluru Urban,Bangalore_East_Varturu1_Varturu_Revenue_Map,Polygon,77.746778,12.935202,5
Bangalore East,Varthur,Varthur,126,200301007040,Bengaluru Urban,Bangalore_East_Varturu1_Varturu_Revenue_Map,Polygon,77.760268,12.934222,12
Bangalore East,Varthur,Varthur,210,200301007040,Bengaluru Urban,Bangalore_East_Varturu1_Varturu_Revenue_Map,Polygon,77.762721,12.934395,5
Bangalore East,Varthur,Varthur,128,200301007040,Bengaluru Urban,Bangalore_East_Varturu1_Varturu_Revenue_Map,Polygon,77.75717,12.934667,5
Bangalore East,Varthur,Varthur,189,200301007040,Bengaluru Urban,Bangalore_East_Varturu1_Varturu_Revenue_Map,Polygon,77.742012,12.934119,15
Bangalore East,Varthur,Varthur,107,200301007040,Bengaluru Urban,Bangalore_East_Varturu1_Varturu_Revenue_Map,Polygon,77.752451,12.934181,22
Bangalore East,Varthur,Varthur,186,200301007040,Bengaluru Urban,Bangalore_East_Varturu1_Varturu_Revenue_Map,Polygon,77.742847,12.934091,11
Bangalore East,Varthur,Varthur,187,200301007040,Bengaluru Urban,Bangalore_East_Varturu1_Varturu_Revenue_Map,Polygon,77.743166,12.934691,5
Bangalore East,Varthur,Varthur,184,200301007040,Bengaluru Urban,Bangalore_East_Varturu1_Varturu_Revenue_Map,Polygon,77.743368,12.933538,11
Bangalore East,Varthur,Varthur,172,200301007040,Bengaluru Urban,Bangalore_East_Varturu1_Varturu_Revenue_Map,Polygon,77.744973,12.93307,16
Bangalore East,Varthur,Varthur,129,200301007040,Bengaluru Urban,Bangalore_East_Varturu1_Varturu_Revenue_Map,Polygon,77.757284,12.933584,8
Bangalore East,Varthur,Varthur,162,200301007040,Bengaluru Urban,Bangalore_East_Varturu1_Varturu_Revenue_Map,Polygon,77.750357,12.93396,14
Bangalore East,Varthur,Varthur,STREAM,200301007040,Bengaluru Urban,Bangalore_East_Varturu1_Varturu_Revenue_Map,Polygon,77.751272,12.934019,11
Bangalore East,Varthur,Varthur,211,200301007040,Bengaluru Urban,Bangalore_East_Varturu1_Varturu_Revenue_Map,Polygon,77.762535,12.93398,5
Bangalore East,Varthur,Varthur,171,200301007040,Bengaluru Urban,Bangalore_East_Varturu1_Varturu_Revenue_Map,Polygon,77.745899,12.932423,17
Bangalore East,Varthur,Varthur,170,200301007040,Bengaluru Urban,Bangalore_East_Varturu1_Varturu_Revenue_Map,Polygon,77.747292,12.933975,20
Bangalore East,Varthur,Varthur,118,200301007040,Bengaluru Urban,Bangalore_East_Varturu1_Varturu_Revenue_Map,Polygon,77.764531,12.933192,12
Bangalore East,Varthur,Varthur,TANK,200301007040,Bengaluru Urban,Bangalore_East_Varturu1_Varturu_Revenue_Map,Polygon,77.747305,12.934232,11
Bangalore East,Varthur,Varthur,163,200301007040,Bengaluru Urban,Bangalore_East_Varturu1_Varturu_Revenue_Map,Polygon,77.749186,12.933496,15
Bangalore East,Varthur,Varthur,169,200301007040,Bengaluru Urban,Bangalore_East_Varturu1_Varturu_Revenue_Map,Polygon,77.747865,12.933884,8
Bangalore East,Varthur,Varthur,212,200301007040,Bengaluru Urban,Bangalore_East_Varturu1_Varturu_Revenue_Map,Polygon,77.762397,12.933649,5
Bangalore East,Varthur,Varthur,143,200301007040,Bengaluru Urban,Bangalore_East_Varturu1_Varturu_Revenue_Map,Polygon,77.754898,12.933501,14
Bangalore East,Varthur,Varthur,213,200301007040,Bengaluru Urban,Bangalore_East_Varturu1_Varturu_Revenue_Map,Polygon,77.762322,12.933368,7
Bangalore East,Varthur,Varthur,145,200301007040,Bengaluru Urban,Bangalore_East_Varturu1_Varturu_Revenue_Map,Polygon,77.75194,12.933375,18
Bangalore East,Varthur,Varthur,144,200301007040,Bengaluru Urban,Bangalore_East_Varturu1_Varturu_Revenue_Map,Polygon,77.753304,12.933238,9
Bangalore East,Varthur,Varthur,214,200301007040,Bengaluru Urban,Bangalore_East_Varturu1_Varturu_Revenue_Map,Polygon,77.761643,12.933014,5
Bangalore East,Varthur,Varthur,STREAM,200301007040,Bengaluru Urban,Bangalore_East_Varturu1_Varturu_Revenue_Map,Polygon,77.751818,12.933305,15
Bangalore East,Varthur,Varthur,161,200301007040,Bengaluru Urban,Bangalore_East_Varturu1_Varturu_Revenue_Map,Polygon,77.750964,12.93255,19
Bangalore East,Varthur,Varthur,168,200301007040,Bengaluru Urban,Bangalore_East_Varturu1_Varturu_Revenue_Map,Polygon,77.747906,12.933039,8
Bangalore East,Varthur,Varthur,215,200301007040,Bengaluru Urban,Bangalore_East_Varturu1_Varturu_Revenue_Map,Polygon,77.762159,12.932719,5
Bangalore East,Varthur,Varthur,130,200301007040,Bengaluru Urban,Bangalore_East_Varturu1_Varturu_Revenue_Map,Polygon,77.756571,12.932795,7
Bangalore East,Varthur,Varthur,146,200301007040,Bengaluru Urban,Bangalore_East_Varturu1_Varturu_Revenue_Map,Polygon,77.753368,12.932878,19
Bangalore East,Varthur,Varthur,185,200301007040,Bengaluru Urban,Bangalore_East_Varturu1_Varturu_Revenue_Map,Polygon,77.742906,12.933063,5
Bangalore East,Varthur,Varthur,125,200301007040,Bengaluru Urban,Bangalore_East_Varturu1_Varturu_Revenue_Map,Polygon,77.762769,12.932554,6
Bangalore East,Varthur,Varthur,STREAM,200301007040,Bengaluru Urban,Bangalore_East_Varturu1_Varturu_Revenue_Map,Polygon,77.753762,12.930568,28
Bangalore East,Varthur,Varthur,142,200301007040,Bengaluru Urban,Bangalore_East_Varturu1_Varturu_Revenue_Map,Polygon,77.754835,12.932433,13
Bangalore East,Varthur,Varthur,167,200301007040,Bengaluru Urban,Bangalore_East_Varturu1_Varturu_Revenue_Map,Polygon,77.747645,12.932702,11
Bangalore East,Varthur,Varthur,131,200301007040,Bengaluru Urban,Bangalore_East_Varturu1_Varturu_Revenue_Map,Polygon,77.757693,12.932249,17
Bangalore East,Varthur,Varthur,124,200301007040,Bengaluru Urban,Bangalore_East_Varturu1_Varturu_Revenue_Map,Polygon,77.760386,12.932142,10
Bangalore East,Varthur,Varthur,164,200301007040,Bengaluru Urban,Bangalore_East_Varturu1_Varturu_Revenue_Map,Polygon,77.748617,12.93223,9
Bangalore East,Varthur,Varthur,119,200301007040,Bengaluru Urban,Bangalore_East_Varturu1_Varturu_Revenue_Map,Polygon,77.763822,12.931547,18
Bangalore East,Varthur,Varthur,147,200301007040,Bengaluru Urban,Bangalore_East_Varturu1_Varturu_Revenue_Map,Polygon,77.75401,12.931416,10
Bangalore East,Varthur,Varthur,217,200301007040,Bengaluru Urban,Bangalore_East_Varturu1_Varturu_Revenue_Map,Polygon,77.758512,12.932075,5
Bangalore East,Varthur,Varthur,132,200301007040,Bengaluru Urban,Bangalore_East_Varturu1_Varturu_Revenue_Map,Polygon,77.756831,12.931571,10
Bangalore East,Varthur,Varthur,TANK,200301007040,Bengaluru Urban,Bangalore_East_Varturu1_Varturu_Revenue_Map,Polygon,77.757637,12.932105,11
Bangalore East,Varthur,Varthur,166,200301007040,Bengaluru Urban,Bangalore_East_Varturu1_Varturu_Revenue_Map,Polygon,77.747851,12.932127,5
Bangalore East,Varthur,Varthur,216,200301007040,Bengaluru Urban,Bangalore_East_Varturu1_Varturu_Revenue_Map,Polygon,77.758415,12.931663,5
Bangalore East,Varthur,Varthur,148,200301007040,Bengaluru Urban,Bangalore_East_Varturu1_Varturu_Revenue_Map,Polygon,77.752575,12.931008,12
Bangalore East,Varthur,Varthur,TANK,200301007040,Bengaluru Urban,Bangalore_East_Varturu1_Varturu_Revenue_Map,Polygon,77.762989,12.931649,9
Bangalore East,Varthur,Varthur,218,200301007040,Bengaluru Urban,Bangalore_East_Varturu1_Varturu_Revenue_Map,Polygon,77.759679,12.931453,6
Bangalore East,Varthur,Varthur,165,200301007040,Bengaluru Urban,Bangalore_East_Varturu1_Varturu_Revenue_Map,Polygon,77.747541,12.931633,6
Bangalore East,Varthur,Varthur,149,200301007040,Bengaluru Urban,Bangalore_East_Varturu1_Varturu_Revenue_Map,Polygon,77.751389,12.931188,10
Bangalore East,Varthur,Varthur,141,200301007040,Bengaluru Urban,Bangalore_East_Varturu1_Varturu_Revenue_Map,Polygon,77.754953,12.930743,12
Bangalore East,Varthur,Varthur,123,200301007040,Bengaluru Urban,Bangalore_East_Varturu1_Varturu_Revenue_Map,Polygon,77.760597,12.930835,6
Bangalore East,Varthur,Varthur,121,200301007040,Bengaluru Urban,Bangalore_East_Varturu1_Varturu_Revenue_Map,Polygon,77.761337,12.928725,10
Bangalore East,Varthur,Varthur,120,200301007040,Bengaluru Urban,Bangalore_East_Varturu1_Varturu_Revenue_Map,Polygon,77.763418,12.929741,10
Bangalore East,Varthur,Varthur,160,200301007040,Bengaluru Urban,Bangalore_East_Varturu1_Varturu_Revenue_Map,Polygon,77.750112,12.930858,20
Bangalore East,Varthur,Varthur,133,200301007040,Bengaluru Urban,Bangalore_East_Varturu1_Varturu_Revenue_Map,Polygon,77.757603,12.930451,10
Bangalore East,Varthur,Varthur,159,200301007040,Bengaluru Urban,Bangalore_East_Varturu1_Varturu_Revenue_Map,Polygon,77.748248,12.930595,17
Bangalore East,Varthur,Varthur,STREAM,200301007040,Bengaluru Urban,Bangalore_East_Varturu1_Varturu_Revenue_Map,Polygon,77.750378,12.930964,10
Bangalore East,Varthur,Varthur,STREAM,200301007040,Bengaluru Urban,Bangalore_East_Varturu1_Varturu_Revenue_Map,Polygon,77.750246,12.930413,9
Bangalore East,Varthur,Varthur,150,200301007040,Bengaluru Urban,Bangalore_East_Varturu1_Varturu_Revenue_Map,Polygon,77.750478,12.929822,14
Bangalore East,Varthur,Varthur,152,200301007040,Bengaluru Urban,Bangalore_East_Varturu1_Varturu_Revenue_Map,Polygon,77.752731,12.929431,13
Bangalore East,Varthur,Varthur,151,200301007040,Bengaluru Urban,Bangalore_East_Varturu1_Varturu_Revenue_Map,Polygon,77.751235,12.929242,11
Bangalore East,Varthur,Varthur,XX,200301007040,Bengaluru Urban,Bangalore_East_Varturu1_Varturu_Revenue_Map,Polygon,77.757512,12.929105,24
Bangalore East,Varthur,Varthur,153,200301007040,Bengaluru Urban,Bangalore_East_Varturu1_Varturu_Revenue_Map,Polygon,77.754647,12.92764,12
Bangalore East,Varthur,Varthur,135,200301007040,Bengaluru Urban,Bangalore_East_Varturu1_Varturu_Revenue_Map,Polygon,77.758348,12.929146,7
Bangalore East,Varthur,Varthur,122,200301007040,Bengaluru Urban,Bangalore_East_Varturu1_Varturu_Revenue_Map,Polygon,77.75945,12.929045,5
Bangalore East,Varthur,Varthur,158,200301007040,Bengaluru Urban,Bangalore_East_Varturu1_Varturu_Revenue_Map,Polygon,77.749563,12.929308,28
Bangalore East,Varthur,Varthur,STREAM,200301007040,Bengaluru Urban,Bangalore_East_Varturu1_Varturu_Revenue_Map,Polygon,77.749841,12.929538,16
Bangalore East,Varthur,Varthur,STREAM,200301007040,Bengaluru Urban,Bangalore_East_Varturu1_Varturu_Revenue_Map,Polygon,77.750007,12.929866,8
Bangalore East,Varthur,Varthur,140,200301007040,Bengaluru Urban,Bangalore_East_Varturu1_Varturu_Revenue_Map,Polygon,77.755086,12.929038,6
Bangalore East,Varthur,Varthur,134_TANK,200301007040,Bengaluru Urban,Bangalore_East_Varturu1_Varturu_Revenue_Map,Polygon,77.757435,12.928995,17
Bangalore East,Varthur,Varthur,139,200301007040,Bengaluru Urban,Bangalore_East_Varturu1_Varturu_Revenue_Map,Polygon,77.756391,12.928599,6
Bangalore East,Varthur,Varthur,XX,200301007040,Bengaluru Urban,Bangalore_East_Varturu1_Varturu_Revenue_Map,Polygon,77.748995,12.928553,19
Bangalore East,Varthur,Varthur,154,200301007040,Bengaluru Urban,Bangalore_East_Varturu1_Varturu_Revenue_Map,Polygon,77.753756,12.926822,8
Bangalore East,Varthur,Varthur,157_TANK,200301007040,Bengaluru Urban,Bangalore_East_Varturu1_Varturu_Revenue_Map,Polygon,77.74904,12.928514,9
Bangalore East,Varthur,Varthur,156,200301007040,Bengaluru Urban,Bangalore_East_Varturu1_Varturu_Revenue_Map,Polygon,77.750328,12.927605,16
Bangalore East,Varthur,Varthur,137,200301007040,Bengaluru Urban,Bangalore_East_Varturu1_Varturu_Revenue_Map,Polygon,77.757472,12.927425,11
Bangalore East,Varthur,Varthur,155,200301007040,Bengaluru Urban,Bangalore_East_Varturu1_Varturu_Revenue_Map,Polygon,77.752568,12.926301,11
Bangalore East,Varthur,Varthur,136,200301007040,Bengaluru Urban,Bangalore_East_Varturu1_Varturu_Revenue_Map,Polygon,77.758958,12.927325,11
Bangalore East,Varthur,Varthur,138,200301007040,Bengaluru Urban,Bangalore_East_Varturu1_Varturu_Revenue_Map,Polygon,77.756291,12.9265,12
Bangalore East,Krishnarajapura,Vibuthipura,144,200301005046,Bengaluru Urban,Bangalore_East_Varturu1_Vibhutipura_Revenue_Map,Polygon,77.671306,12.974137,23
Bangalore East,Krishnarajapura,Vibuthipura,145,200301005046,Bengaluru Urban,Bangalore_East_Varturu1_Vibhutipura_Revenue_Map,Polygon,77.673219,12.973598,21
Bangalore East,Krishnarajapura,Vibuthipura,152,200301005046,Bengaluru Urban,Bangalore_East_Varturu1_Vibhutipura_Revenue_Map,Polygon,77.674824,12.972848,14
Bangalore East,Krishnarajapura,Vibuthipura,143,200301005046,Bengaluru Urban,Bangalore_East_Varturu1_Vibhutipura_Revenue_Map,Polygon,77.671126,12.972743,19
Bangalore East,Krishnarajapura,Vibuthipura,153,200301005046,Bengaluru Urban,Bangalore_East_Varturu1_Vibhutipura_Revenue_Map,Polygon,77.67569,12.972468,14
Bangalore East,Krishnarajapura,Vibuthipura,141,200301005046,Bengaluru Urban,Bangalore_East_Varturu1_Vibhutipura_Revenue_Map,Polygon,77.668787,12.972779,14
Bangalore East,Krishnarajapura,Vibuthipura,142,200301005046,Bengaluru Urban,Bangalore_East_Varturu1_Vibhutipura_Revenue_Map,Polygon,77.670009,12.972887,15
Bangalore East,Krishnarajapura,Vibuthipura,154,200301005046,Bengaluru Urban,Bangalore_East_Varturu1_Vibhutipura_Revenue_Map,Polygon,77.676423,12.971635,16
Bangalore East,Krishnarajapura,Vibuthipura,158,200301005046,Bengaluru Urban,Bangalore_East_Varturu1_Vibhutipura_Revenue_Map,Polygon,77.680382,12.971581,24
Bangalore East,Krishnarajapura,Vibuthipura,159,200301005046,Bengaluru Urban,Bangalore_East_Varturu1_Vibhutipura_Revenue_Map,Polygon,77.681343,12.971381,19
Bangalore East,Krishnarajapura,Vibuthipura,155,200301005046,Bengaluru Urban,Bangalore_East_Varturu1_Vibhutipura_Revenue_Map,Polygon,77.677673,12.971883,16
Bangalore East,Krishnarajapura,Vibuthipura,156,200301005046,Bengaluru Urban,Bangalore_East_Varturu1_Vibhutipura_Revenue_Map,Polygon,77.677906,12.97215,605
Bangalore East,Krishnarajapura,Vibuthipura,ROAD,200301005046,Bengaluru Urban,Bangalore_East_Varturu1_Vibhutipura_Revenue_Map,Polygon,77.682262,12.96958,42
Bangalore East,Krishnarajapura,Vibuthipura,160,200301005046,Bengaluru Urban,Bangalore_East_Varturu1_Vibhutipura_Revenue_Map,Polygon,77.684534,12.97156,66
Bangalore East,Krishnarajapura,Vibuthipura,157,200301005046,Bengaluru Urban,Bangalore_East_Varturu1_Vibhutipura_Revenue_Map,Polygon,77.679172,12.971531,22
Bangalore East,Krishnarajapura,Vibuthipura,TANK,200301005046,Bengaluru Urban,Bangalore_East_Varturu1_Vibhutipura_Revenue_Map,Polygon,77.678573,12.97286,9
Bangalore East,Krishnarajapura,Vibuthipura,140,200301005046,Bengaluru Urban,Bangalore_East_Varturu1_Vibhutipura_Revenue_Map,Polygon,77.667681,12.971692,9
Bangalore East,Krishnarajapura,Vibuthipura,139,200301005046,Bengaluru Urban,Bangalore_East_Varturu1_Vibhutipura_Revenue_Map,Polygon,77.666209,12.97198,14
Bangalore East,Krishnarajapura,Vibuthipura,146,200301005046,Bengaluru Urban,Bangalore_East_Varturu1_Vibhutipura_Revenue_Map,Polygon,77.672859,12.971946,14
Bangalore East,Krishnarajapura,Vibuthipura,TANK,200301005046,Bengaluru Urban,Bangalore_East_Varturu1_Vibhutipura_Revenue_Map,Polygon,77.677888,12.972138,576
Bangalore East,Krishnarajapura,Vibuthipura,13_TANK,200301005046,Bengaluru Urban,Bangalore_East_Varturu1_Vibhutipura_Revenue_Map,Polygon,77.686662,12.970986,16
Bangalore East,Krishnarajapura,Vibuthipura,138,200301005046,Bengaluru Urban,Bangalore_East_Varturu1_Vibhutipura_Revenue_Map,Polygon,77.665033,12.971174,18
Bangalore East,Krishnarajapura,Vibuthipura,STREAM,200301005046,Bengaluru Urban,Bangalore_East_Varturu1_Vibhutipura_Revenue_Map,Polygon,77.684888,12.971145,84
Bangalore East,Krishnarajapura,Vibuthipura,204_HOSAPALYA,200301005046,Bengaluru Urban,Bangalore_East_Varturu1_Vibhutipura_Revenue_Map,Polygon,77.6823,12.971069,7
Bangalore East,Krishnarajapura,Vibuthipura,135,200301005046,Bengaluru Urban,Bangalore_East_Varturu1_Vibhutipura_Revenue_Map,Polygon,77.669727,12.969855,28
Bangalore East,Krishnarajapura,Vibuthipura,160,200301005046,Bengaluru Urban,Bangalore_East_Varturu1_Vibhutipura_Revenue_Map,Polygon,77.684898,12.970807,56
Bangalore East,Krishnarajapura,Vibuthipura,147,200301005046,Bengaluru Urban,Bangalore_East_Varturu1_Vibhutipura_Revenue_Map,Polygon,77.672059,12.970181,18
Bangalore East,Krishnarajapura,Vibuthipura,136,200301005046,Bengaluru Urban,Bangalore_East_Varturu1_Vibhutipura_Revenue_Map,Polygon,77.667946,12.969388,386
Bangalore East,Krishnarajapura,Vibuthipura,151,200301005046,Bengaluru Urban,Bangalore_East_Varturu1_Vibhutipura_Revenue_Map,Polygon,77.674421,12.970048,21
Bangalore East,Krishnarajapura,Vibuthipura,162,200301005046,Bengaluru Urban,Bangalore_East_Varturu1_Vibhutipura_Revenue_Map,Polygon,77.683085,12.970318,24
Bangalore East,Krishnarajapura,Vibuthipura,137,200301005046,Bengaluru Urban,Bangalore_East_Varturu1_Vibhutipura_Revenue_Map,Polygon,77.666637,12.970222,8
Bangalore East,Krishnarajapura,Vibuthipura,161,200301005046,Bengaluru Urban,Bangalore_East_Varturu1_Vibhutipura_Revenue_Map,Polygon,77.682347,12.970143,16
Bangalore East,Krishnarajapura,Vibuthipura,STREAM,200301005046,Bengaluru Urban,Bangalore_East_Varturu1_Vibhutipura_Revenue_Map,Polygon,77.683102,12.97015,39
Bangalore East,Krishnarajapura,Vibuthipura,162,200301005046,Bengaluru Urban,Bangalore_East_Varturu1_Vibhutipura_Revenue_Map,Polygon,77.683428,12.969777,41
Bangalore East,Krishnarajapura,Vibuthipura,150,200301005046,Bengaluru Urban,Bangalore_East_Varturu1_Vibhutipura_Revenue_Map,Polygon,77.673661,12.96953,19
Bangalore East,Krishnarajapura,Vibuthipura,14,200301005046,Bengaluru Urban,Bangalore_East_Varturu1_Vibhutipura_Revenue_Map,Polygon,77.687042,12.969861,17
Bangalore East,Krishnarajapura,Vibuthipura,123,200301005046,Bengaluru Urban,Bangalore_East_Varturu1_Vibhutipura_Revenue_Map,Polygon,77.664425,12.969377,20
Bangalore East,Krishnarajapura,Vibuthipura,175_TANK,200301005046,Bengaluru Urban,Bangalore_East_Varturu1_Vibhutipura_Revenue_Map,Polygon,77.677038,12.968162,67
Bangalore East,Krishnarajapura,Vibuthipura,ROAD,200301005046,Bengaluru Urban,Bangalore_East_Varturu1_Vibhutipura_Revenue_Map,Polygon,77.686277,12.969586,19
Bangalore East,Krishnarajapura,Vibuthipura,16,200301005046,Bengaluru Urban,Bangalore_East_Varturu1_Vibhutipura_Revenue_Map,Polygon,77.687944,12.968496,25
Bangalore East,Krishnarajapura,Vibuthipura,12,200301005046,Bengaluru Urban,Bangalore_East_Varturu1_Vibhutipura_Revenue_Map,Polygon,77.686598,12.968013,37
Bangalore East,Krishnarajapura,Vibuthipura,STREAM,200301005046,Bengaluru Urban,Bangalore_East_Varturu1_Vibhutipura_Revenue_Map,Polygon,77.682389,12.969636,14
Bangalore East,Krishnarajapura,Vibuthipura,161,200301005046,Bengaluru Urban,Bangalore_East_Varturu1_Vibhutipura_Revenue_Map,Polygon,77.682401,12.969522,12
Bangalore East,Krishnarajapura,Vibuthipura,TANK,200301005046,Bengaluru Urban,Bangalore_East_Varturu1_Vibhutipura_Revenue_Map,Polygon,77.667935,12.969372,374
Bangalore East,Krishnarajapura,Vibuthipura,148,200301005046,Bengaluru Urban,Bangalore_East_Varturu1_Vibhutipura_Revenue_Map,Polygon,77.672585,12.967728,30
Bangalore East,Krishnarajapura,Vibuthipura,149,200301005046,Bengaluru Urban,Bangalore_East_Varturu1_Vibhutipura_Revenue_Map,Polygon,77.67401,12.968546,21
Bangalore East,Krishnarajapura,Vibuthipura,132,200301005046,Bengaluru Urban,Bangalore_East_Varturu1_Vibhutipura_Revenue_Map,Polygon,77.67098,12.968051,16
Bangalore East,Krishnarajapura,Vibuthipura,163,200301005046,Bengaluru Urban,Bangalore_East_Varturu1_Vibhutipura_Revenue_Map,Polygon,77.683331,12.96847,17
Bangalore East,Krishnarajapura,Vibuthipura,125,200301005046,Bengaluru Urban,Bangalore_East_Varturu1_Vibhutipura_Revenue_Map,Polygon,77.667538,12.967238,34
Bangalore East,Krishnarajapura,Vibuthipura,173,200301005046,Bengaluru Urban,Bangalore_East_Varturu1_Vibhutipura_Revenue_Map,Polygon,77.681992,12.968068,18
Bangalore East,Krishnarajapura,Vibuthipura,124,200301005046,Bengaluru Urban,Bangalore_East_Varturu1_Vibhutipura_Revenue_Map,Polygon,77.666644,12.967642,17
Bangalore East,Krishnarajapura,Vibuthipura,164,200301005046,Bengaluru Urban,Bangalore_East_Varturu1_Vibhutipura_Revenue_Map,Polygon,77.68467,12.968049,18
Bangalore East,Krishnarajapura,Vibuthipura,134,200301005046,Bengaluru Urban,Bangalore_East_Varturu1_Vibhutipura_Revenue_Map,Polygon,77.669079,12.968223,10
Bangalore East,Krishnarajapura,Vibuthipura,133,200301005046,Bengaluru Urban,Bangalore_East_Varturu1_Vibhutipura_Revenue_Map,Polygon,77.670103,12.967967,13
Bangalore East,Krishnarajapura,Vibuthipura,174,200301005046,Bengaluru Urban,Bangalore_East_Varturu1_Vibhutipura_Revenue_Map,Polygon,77.679506,12.968137,18
Bangalore East,Krishnarajapura,Vibuthipura,15,200301005046,Bengaluru Urban,Bangalore_East_Varturu1_Vibhutipura_Revenue_Map,Polygon,77.687792,12.967753,13
Bangalore East,Krishnarajapura,Vibuthipura,166,200301005046,Bengaluru Urban,Bangalore_East_Varturu1_Vibhutipura_Revenue_Map,Polygon,77.684353,12.96723,27
Bangalore East,Krishnarajapura,Vibuthipura,187,200301005046,Bengaluru Urban,Bangalore_East_Varturu1_Vibhutipura_Revenue_Map,Polygon,77.678574,12.967757,10
Bangalore East,Krishnarajapura,Vibuthipura,188,200301005046,Bengaluru Urban,Bangalore_East_Varturu1_Vibhutipura_Revenue_Map,Polygon,77.679139,12.967299,18
Bangalore East,Krishnarajapura,Vibuthipura,165,200301005046,Bengaluru Urban,Bangalore_East_Varturu1_Vibhutipura_Revenue_Map,Polygon,77.683343,12.967733,13
Bangalore East,Krishnarajapura,Vibuthipura,122,200301005046,Bengaluru Urban,Bangalore_East_Varturu1_Vibhutipura_Revenue_Map,Polygon,77.663184,12.966776,12
Bangalore East,Krishnarajapura,Vibuthipura,121,200301005046,Bengaluru Urban,Bangalore_East_Varturu1_Vibhutipura_Revenue_Map,Polygon,77.665616,12.966528,10
Bangalore East,Krishnarajapura,Vibuthipura,126,200301005046,Bengaluru Urban,Bangalore_East_Varturu1_Vibhutipura_Revenue_Map,Polygon,77.669048,12.966471,49
Bangalore East,Krishnarajapura,Vibuthipura,189,200301005046,Bengaluru Urban,Bangalore_East_Varturu1_Vibhutipura_Revenue_Map,Polygon,77.679582,12.967246,12
Bangalore East,Krishnarajapura,Vibuthipura,190,200301005046,Bengaluru Urban,Bangalore_East_Varturu1_Vibhutipura_Revenue_Map,Polygon,77.680257,12.967293,18
Bangalore East,Krishnarajapura,Vibuthipura,191,200301005046,Bengaluru Urban,Bangalore_East_Varturu1_Vibhutipura_Revenue_Map,Polygon,77.680509,12.967436,15
Bangalore East,Krishnarajapura,Vibuthipura,172,200301005046,Bengaluru Urban,Bangalore_East_Varturu1_Vibhutipura_Revenue_Map,Polygon,77.68133,12.967222,18
Bangalore East,Krishnarajapura,Vibuthipura,18,200301005046,Bengaluru Urban,Bangalore_East_Varturu1_Vibhutipura_Revenue_Map,Polygon,77.687691,12.967198,12
Bangalore East,Krishnarajapura,Vibuthipura,186,200301005046,Bengaluru Urban,Bangalore_East_Varturu1_Vibhutipura_Revenue_Map,Polygon,77.678706,12.96715,15
Bangalore East,Krishnarajapura,Vibuthipura,17,200301005046,Bengaluru Urban,Bangalore_East_Varturu1_Vibhutipura_Revenue_Map,Polygon,77.689016,12.966087,26
Bangalore East,Krishnarajapura,Vibuthipura,STREAM,200301005046,Bengaluru Urban,Bangalore_East_Varturu1_Vibhutipura_Revenue_Map,Polygon,77.672592,12.967202,35
Bangalore East,Krishnarajapura,Vibuthipura,184,200301005046,Bengaluru Urban,Bangalore_East_Varturu1_Vibhutipura_Revenue_Map,Polygon,77.67937,12.966621,17
Bangalore East,Krishnarajapura,Vibuthipura,171,200301005046,Bengaluru Urban,Bangalore_East_Varturu1_Vibhutipura_Revenue_Map,Polygon,77.682346,12.966817,13
Bangalore East,Krishnarajapura,Vibuthipura,148,200301005046,Bengaluru Urban,Bangalore_East_Varturu1_Vibhutipura_Revenue_Map,Polygon,77.672591,12.967097,21
Bangalore East,Krishnarajapura,Vibuthipura,108,200301005046,Bengaluru Urban,Bangalore_East_Varturu1_Vibhutipura_Revenue_Map,Polygon,77.674736,12.966543,23
Bangalore East,Krishnarajapura,Vibuthipura,109,200301005046,Bengaluru Urban,Bangalore_East_Varturu1_Vibhutipura_Revenue_Map,Polygon,77.674414,12.966987,7
Bangalore East,Krishnarajapura,Vibuthipura,193,200301005046,Bengaluru Urban,Bangalore_East_Varturu1_Vibhutipura_Revenue_Map,Polygon,77.680969,12.966617,18
Bangalore East,Krishnarajapura,Vibuthipura,167,200301005046,Bengaluru Urban,Bangalore_East_Varturu1_Vibhutipura_Revenue_Map,Polygon,77.68537,12.966595,7
Bangalore East,Krishnarajapura,Vibuthipura,192,200301005046,Bengaluru Urban,Bangalore_East_Varturu1_Vibhutipura_Revenue_Map,Polygon,77.680978,12.967005,7
Bangalore East,Krishnarajapura,Vibuthipura,111,200301005046,Bengaluru Urban,Bangalore_East_Varturu1_Vibhutipura_Revenue_Map,Polygon,77.672143,12.96614,21
Bangalore East,Krishnarajapura,Vibuthipura,11,200301005046,Bengaluru Urban,Bangalore_East_Varturu1_Vibhutipura_Revenue_Map,Polygon,77.687138,12.966601,12
Bangalore East,Krishnarajapura,Vibuthipura,130,200301005046,Bengaluru Urban,Bangalore_East_Varturu1_Vibhutipura_Revenue_Map,Polygon,77.670359,12.966724,14
Bangalore East,Krishnarajapura,Vibuthipura,131,200301005046,Bengaluru Urban,Bangalore_East_Varturu1_Vibhutipura_Revenue_Map,Polygon,77.671043,12.96683,22
Bangalore East,Krishnarajapura,Vibuthipura,194,200301005046,Bengaluru Urban,Bangalore_East_Varturu1_Vibhutipura_Revenue_Map,Polygon,77.681286,12.966461,12
Bangalore East,Krishnarajapura,Vibuthipura,195,200301005046,Bengaluru Urban,Bangalore_East_Varturu1_Vibhutipura_Revenue_Map,Polygon,77.68144,12.96636,12
Bangalore East,Krishnarajapura,Vibuthipura,196,200301005046,Bengaluru Urban,Bangalore_East_Varturu1_Vibhutipura_Revenue_Map,Polygon,77.681633,12.966423,13
Bangalore East,Krishnarajapura,Vibuthipura,STREAM,200301005046,Bengaluru Urban,Bangalore_East_Varturu1_Vibhutipura_Revenue_Map,Polygon,77.671064,12.966747,35
Bangalore East,Krishnarajapura,Vibuthipura,10,200301005046,Bengaluru Urban,Bangalore_East_Varturu1_Vibhutipura_Revenue_Map,Polygon,77.686314,12.965862,19
Bangalore East,Krishnarajapura,Vibuthipura,170,200301005046,Bengaluru Urban,Bangalore_East_Varturu1_Vibhutipura_Revenue_Map,Polygon,77.683265,12.966283,22
Bangalore East,Krishnarajapura,Vibuthipura,185,200301005046,Bengaluru Urban,Bangalore_East_Varturu1_Vibhutipura_Revenue_Map,Polygon,77.678387,12.966681,6
Bangalore East,Krishnarajapura,Vibuthipura,131,200301005046,Bengaluru Urban,Bangalore_East_Varturu1_Vibhutipura_Revenue_Map,Polygon,77.671134,12.966653,22
Bangalore East,Krishnarajapura,Vibuthipura,197,200301005046,Bengaluru Urban,Bangalore_East_Varturu1_Vibhutipura_Revenue_Map,Polygon,77.682034,12.966087,11
Bangalore East,Krishnarajapura,Vibuthipura,19,200301005046,Bengaluru Urban,Bangalore_East_Varturu1_Vibhutipura_Revenue_Map,Polygon,77.688006,12.966202,11
Bangalore East,Krishnarajapura,Vibuthipura,110,200301005046,Bengaluru Urban,Bangalore_East_Varturu1_Vibhutipura_Revenue_Map,Polygon,77.673908,12.966043,12
Bangalore East,Krishnarajapura,Vibuthipura,8,200301005046,Bengaluru Urban,Bangalore_East_Varturu1_Vibhutipura_Revenue_Map,Polygon,77.685823,12.965506,13
Bangalore East,Krishnarajapura,Vibuthipura,STREAM,200301005046,Bengaluru Urban,Bangalore_East_Varturu1_Vibhutipura_Revenue_Map,Polygon,77.670334,12.966495,11
Bangalore East,Krishnarajapura,Vibuthipura,129,200301005046,Bengaluru Urban,Bangalore_East_Varturu1_Vibhutipura_Revenue_Map,Polygon,77.670469,12.965638,23
Bangalore East,Krishnarajapura,Vibuthipura,STREAM,200301005046,Bengaluru Urban,Bangalore_East_Varturu1_Vibhutipura_Revenue_Map,Polygon,77.669171,12.966107,60
Bangalore East,Krishnarajapura,Vibuthipura,130,200301005046,Bengaluru Urban,Bangalore_East_Varturu1_Vibhutipura_Revenue_Map,Polygon,77.670408,12.966203,12
Bangalore East,Krishnarajapura,Vibuthipura,113,200301005046,Bengaluru Urban,Bangalore_East_Varturu1_Vibhutipura_Revenue_Map,Polygon,77.672903,12.96574,29
Bangalore East,Krishnarajapura,Vibuthipura,198,200301005046,Bengaluru Urban,Bangalore_East_Varturu1_Vibhutipura_Revenue_Map,Polygon,77.681633,12.965694,33
Bangalore East,Krishnarajapura,Vibuthipura,126,200301005046,Bengaluru Urban,Bangalore_East_Varturu1_Vibhutipura_Revenue_Map,Polygon,77.669192,12.96579,39
Bangalore East,Krishnarajapura,Vibuthipura,176,200301005046,Bengaluru Urban,Bangalore_East_Varturu1_Vibhutipura_Revenue_Map,Polygon,77.676957,12.964592,16
Bangalore East,Krishnarajapura,Vibuthipura,20,200301005046,Bengaluru Urban,Bangalore_East_Varturu1_Vibhutipura_Revenue_Map,Polygon,77.686854,12.965604,19
Bangalore East,Krishnarajapura,Vibuthipura,112,200301005046,Bengaluru Urban,Bangalore_East_Varturu1_Vibhutipura_Revenue_Map,Polygon,77.673184,12.966006,13
Bangalore East,Krishnarajapura,Vibuthipura,169,200301005046,Bengaluru Urban,Bangalore_East_Varturu1_Vibhutipura_Revenue_Map,Polygon,77.684482,12.965698,4
Bangalore East,Krishnarajapura,Vibuthipura,128,200301005046,Bengaluru Urban,Bangalore_East_Varturu1_Vibhutipura_Revenue_Map,Polygon,77.669897,12.965857,5
Bangalore East,Krishnarajapura,Vibuthipura,183,200301005046,Bengaluru Urban,Bangalore_East_Varturu1_Vibhutipura_Revenue_Map,Polygon,77.679063,12.965219,9
Bangalore East,Krishnarajapura,Vibuthipura,168,200301005046,Bengaluru Urban,Bangalore_East_Varturu1_Vibhutipura_Revenue_Map,Polygon,77.685092,12.965256,7
Bangalore East,Krishnarajapura,Vibuthipura,127,200301005046,Bengaluru Urban,Bangalore_East_Varturu1_Vibhutipura_Revenue_Map,Polygon,77.669608,12.965787,6
Bangalore East,Krishnarajapura,Vibuthipura,21,200301005046,Bengaluru Urban,Bangalore_East_Varturu1_Vibhutipura_Revenue_Map,Polygon,77.68817,12.965114,14
Bangalore East,Krishnarajapura,Vibuthipura,119,200301005046,Bengaluru Urban,Bangalore_East_Varturu1_Vibhutipura_Revenue_Map,Polygon,77.664785,12.964005,20
Bangalore East,Krishnarajapura,Vibuthipura,120,200301005046,Bengaluru Urban,Bangalore_East_Varturu1_Vibhutipura_Revenue_Map,Polygon,77.665709,12.965014,9
Bangalore East,Krishnarajapura,Vibuthipura,118,200301005046,Bengaluru Urban,Bangalore_East_Varturu1_Vibhutipura_Revenue_Map,Polygon,77.667664,12.964869,20
Bangalore East,Krishnarajapura,Vibuthipura,199,200301005046,Bengaluru Urban,Bangalore_East_Varturu1_Vibhutipura_Revenue_Map,Polygon,77.683172,12.964926,14
Bangalore East,Krishnarajapura,Vibuthipura,177,200301005046,Bengaluru Urban,Bangalore_East_Varturu1_Vibhutipura_Revenue_Map,Polygon,77.678092,12.964135,13
Bangalore East,Krishnarajapura,Vibuthipura,182,200301005046,Bengaluru Urban,Bangalore_East_Varturu1_Vibhutipura_Revenue_Map,Polygon,77.680552,12.964678,12
Bangalore East,Krishnarajapura,Vibuthipura,SETTLEMENT,200301005046,Bengaluru Urban,Bangalore_East_Varturu1_Vibhutipura_Revenue_Map,Polygon,77.681409,12.964565,22
Bangalore East,Krishnarajapura,Vibuthipura,ROAD,200301005046,Bengaluru Urban,Bangalore_East_Varturu1_Vibhutipura_Revenue_Map,Polygon,77.682383,12.965047,9
Bangalore East,Krishnarajapura,Vibuthipura,9,200301005046,Bengaluru Urban,Bangalore_East_Varturu1_Vibhutipura_Revenue_Map,Polygon,77.686208,12.964814,15
Bangalore East,Krishnarajapura,Vibuthipura,114,200301005046,Bengaluru Urban,Bangalore_East_Varturu1_Vibhutipura_Revenue_Map,Polygon,77.671022,12.964061,13
Bangalore East,Krishnarajapura,Vibuthipura,28,200301005046,Bengaluru Urban,Bangalore_East_Varturu1_Vibhutipura_Revenue_Map,Polygon,77.690055,12.964039,24
Bangalore East,Krishnarajapura,Vibuthipura,7,200301005046,Bengaluru Urban,Bangalore_East_Varturu1_Vibhutipura_Revenue_Map,Polygon,77.685129,12.964359,8
Bangalore East,Krishnarajapura,Vibuthipura,27,200301005046,Bengaluru Urban,Bangalore_East_Varturu1_Vibhutipura_Revenue_Map,Polygon,77.689525,12.963831,26
Bangalore East,Krishnarajapura,Vibuthipura,179,200301005046,Bengaluru Urban,Bangalore_East_Varturu1_Vibhutipura_Revenue_Map,Polygon,77.679462,12.96382,29
Bangalore East,Krishnarajapura,Vibuthipura,22,200301005046,Bengaluru Urban,Bangalore_East_Varturu1_Vibhutipura_Revenue_Map,Polygon,77.687147,12.964388,9
Bangalore East,Krishnarajapura,Vibuthipura,PALYA,200301005046,Bengaluru Urban,Bangalore_East_Varturu1_Vibhutipura_Revenue_Map,Polygon,77.676596,12.964367,5
Bangalore East,Krishnarajapura,Vibuthipura,107,200301005046,Bengaluru Urban,Bangalore_East_Varturu1_Vibhutipura_Revenue_Map,Polygon,77.674297,12.964665,6
Bangalore East,Krishnarajapura,Vibuthipura,106,200301005046,Bengaluru Urban,Bangalore_East_Varturu1_Vibhutipura_Revenue_Map,Polygon,77.674369,12.963527,23
Bangalore East,Krishnarajapura,Vibuthipura,26,200301005046,Bengaluru Urban,Bangalore_East_Varturu1_Vibhutipura_Revenue_Map,Polygon,77.689211,12.964503,9
Bangalore East,Krishnarajapura,Vibuthipura,23,200301005046,Bengaluru Urban,Bangalore_East_Varturu1_Vibhutipura_Revenue_Map,Polygon,77.688181,12.964162,10
Bangalore East,Krishnarajapura,Vibuthipura,178,200301005046,Bengaluru Urban,Bangalore_East_Varturu1_Vibhutipura_Revenue_Map,Polygon,77.678839,12.964139,12
Bangalore East,Krishnarajapura,Vibuthipura,200,200301005046,Bengaluru Urban,Bangalore_East_Varturu1_Vibhutipura_Revenue_Map,Polygon,77.682988,12.964148,8
Bangalore East,Krishnarajapura,Vibuthipura,25,200301005046,Bengaluru Urban,Bangalore_East_Varturu1_Vibhutipura_Revenue_Map,Polygon,77.68885,12.963821,6
Bangalore East,Krishnarajapura,Vibuthipura,181,200301005046,Bengaluru Urban,Bangalore_East_Varturu1_Vibhutipura_Revenue_Map,Polygon,77.680913,12.963269,21
Bangalore East,Krishnarajapura,Vibuthipura,117,200301005046,Bengaluru Urban,Bangalore_East_Varturu1_Vibhutipura_Revenue_Map,Polygon,77.668897,12.963446,8
Bangalore East,Krishnarajapura,Vibuthipura,202,200301005046,Bengaluru Urban,Bangalore_East_Varturu1_Vibhutipura_Revenue_Map,Polygon,77.682253,12.963599,9
Bangalore East,Krishnarajapura,Vibuthipura,24,200301005046,Bengaluru Urban,Bangalore_East_Varturu1_Vibhutipura_Revenue_Map,Polygon,77.688545,12.96343,10
Bangalore East,Krishnarajapura,Vibuthipura,38,200301005046,Bengaluru Urban,Bangalore_East_Varturu1_Vibhutipura_Revenue_Map,Polygon,77.685818,12.962904,13
Bangalore East,Krishnarajapura,Vibuthipura,205,200301005046,Bengaluru Urban,Bangalore_East_Varturu1_Vibhutipura_Revenue_Map,Polygon,77.677845,12.963057,7
Bangalore East,Krishnarajapura,Vibuthipura,6,200301005046,Bengaluru Urban,Bangalore_East_Varturu1_Vibhutipura_Revenue_Map,Polygon,77.68472,12.963609,8
Bangalore East,Krishnarajapura,Vibuthipura,37,200301005046,Bengaluru Urban,Bangalore_East_Varturu1_Vibhutipura_Revenue_Map,Polygon,77.686837,12.963172,16
Bangalore East,Krishnarajapura,Vibuthipura,ROAD,200301005046,Bengaluru Urban,Bangalore_East_Varturu1_Vibhutipura_Revenue_Map,Polygon,77.674234,12.957959,82
Bangalore East,Krishnarajapura,Vibuthipura,XX,200301005046,Bengaluru Urban,Bangalore_East_Varturu1_Vibhutipura_Revenue_Map,Polygon,77.681642,12.963376,14
Bangalore East,Krishnarajapura,Vibuthipura,203,200301005046,Bengaluru Urban,Bangalore_East_Varturu1_Vibhutipura_Revenue_Map,Polygon,77.681599,12.963689,5
Bangalore East,Krishnarajapura,Vibuthipura,201,200301005046,Bengaluru Urban,Bangalore_East_Varturu1_Vibhutipura_Revenue_Map,Polygon,77.683569,12.963306,7
Bangalore East,Krishnarajapura,Vibuthipura,36,200301005046,Bengaluru Urban,Bangalore_East_Varturu1_Vibhutipura_Revenue_Map,Polygon,77.687368,12.963377,14
Bangalore East,Krishnarajapura,Vibuthipura,5,200301005046,Bengaluru Urban,Bangalore_East_Varturu1_Vibhutipura_Revenue_Map,Polygon,77.684576,12.962918,15
Bangalore East,Krishnarajapura,Vibuthipura,115,200301005046,Bengaluru Urban,Bangalore_East_Varturu1_Vibhutipura_Revenue_Map,Polygon,77.672095,12.962475,10
Bangalore East,Krishnarajapura,Vibuthipura,105,200301005046,Bengaluru Urban,Bangalore_East_Varturu1_Vibhutipura_Revenue_Map,Polygon,77.674231,12.962508,18
Bangalore East,Krishnarajapura,Vibuthipura,1,200301005046,Bengaluru Urban,Bangalore_East_Varturu1_Vibhutipura_Revenue_Map,Polygon,77.682873,12.962475,14
Bangalore East,Krishnarajapura,Vibuthipura,33,200301005046,Bengaluru Urban,Bangalore_East_Varturu1_Vibhutipura_Revenue_Map,Polygon,77.68853,12.962704,16
Bangalore East,Krishnarajapura,Vibuthipura,35,200301005046,Bengaluru Urban,Bangalore_East_Varturu1_Vibhutipura_Revenue_Map,Polygon,77.687496,12.962929,9
Bangalore East,Krishnarajapura,Vibuthipura,116,200301005046,Bengaluru Urban,Bangalore_East_Varturu1_Vibhutipura_Revenue_Map,Polygon,77.66883,12.961344,15
Bangalore East,Krishnarajapura,Vibuthipura,29,200301005046,Bengaluru Urban,Bangalore_East_Varturu1_Vibhutipura_Revenue_Map,Polygon,77.690522,12.961164,16
Bangalore East,Krishnarajapura,Vibuthipura,30,200301005046,Bengaluru Urban,Bangalore_East_Varturu1_Vibhutipura_Revenue_Map,Polygon,77.691503,12.961355,15
Bangalore East,Krishnarajapura,Vibuthipura,34,200301005046,Bengaluru Urban,Bangalore_East_Varturu1_Vibhutipura_Revenue_Map,Polygon,77.687473,12.962631,7
Bangalore East,Krishnarajapura,Vibuthipura,180,200301005046,Bengaluru Urban,Bangalore_East_Varturu1_Vibhutipura_Revenue_Map,Polygon,77.680588,12.961889,10
Bangalore East,Krishnarajapura,Vibuthipura,2,200301005046,Bengaluru Urban,Bangalore_East_Varturu1_Vibhutipura_Revenue_Map,Polygon,77.682018,12.961557,8
Bangalore East,Krishnarajapura,Vibuthipura,31,200301005046,Bengaluru Urban,Bangalore_East_Varturu1_Vibhutipura_Revenue_Map,Polygon,77.689175,12.961609,16
Bangalore East,Krishnarajapura,Vibuthipura,104,200301005046,Bengaluru Urban,Bangalore_East_Varturu1_Vibhutipura_Revenue_Map,Polygon,77.674914,12.96213,9
Bangalore East,Krishnarajapura,Vibuthipura,99,200301005046,Bengaluru Urban,Bangalore_East_Varturu1_Vibhutipura_Revenue_Map,Polygon,77.677436,12.961462,10
Bangalore East,Krishnarajapura,Vibuthipura,39,200301005046,Bengaluru Urban,Bangalore_East_Varturu1_Vibhutipura_Revenue_Map,Polygon,77.687548,12.961792,13
Bangalore East,Krishnarajapura,Vibuthipura,32,200301005046,Bengaluru Urban,Bangalore_East_Varturu1_Vibhutipura_Revenue_Map,Polygon,77.688421,12.96178,13
Bangalore East,Krishnarajapura,Vibuthipura,101,200301005046,Bengaluru Urban,Bangalore_East_Varturu1_Vibhutipura_Revenue_Map,Polygon,77.675974,12.961622,14
Bangalore East,Krishnarajapura,Vibuthipura,3,200301005046,Bengaluru Urban,Bangalore_East_Varturu1_Vibhutipura_Revenue_Map,Polygon,77.684033,12.961334,10
Bangalore East,Krishnarajapura,Vibuthipura,100,200301005046,Bengaluru Urban,Bangalore_East_Varturu1_Vibhutipura_Revenue_Map,Polygon,77.677147,12.961227,9
Bangalore East,Krishnarajapura,Vibuthipura,4,200301005046,Bengaluru Urban,Bangalore_East_Varturu1_Vibhutipura_Revenue_Map,Polygon,77.684818,12.961214,8
Bangalore East,Krishnarajapura,Vibuthipura,70,200301005046,Bengaluru Urban,Bangalore_East_Varturu1_Vibhutipura_Revenue_Map,Polygon,77.685437,12.960395,11
Bangalore East,Krishnarajapura,Vibuthipura,103,200301005046,Bengaluru Urban,Bangalore_East_Varturu1_Vibhutipura_Revenue_Map,Polygon,77.674058,12.961125,10
Bangalore East,Krishnarajapura,Vibuthipura,40,200301005046,Bengaluru Urban,Bangalore_East_Varturu1_Vibhutipura_Revenue_Map,Polygon,77.687118,12.960481,13
Bangalore East,Krishnarajapura,Vibuthipura,42,200301005046,Bengaluru Urban,Bangalore_East_Varturu1_Vibhutipura_Revenue_Map,Polygon,77.688268,12.961397,10
Bangalore East,Krishnarajapura,Vibuthipura,206,200301005046,Bengaluru Urban,Bangalore_East_Varturu1_Vibhutipura_Revenue_Map,Polygon,77.682767,12.961112,9
Bangalore East,Krishnarajapura,Vibuthipura,46,200301005046,Bengaluru Urban,Bangalore_East_Varturu1_Vibhutipura_Revenue_Map,Polygon,77.689315,12.960599,20
Bangalore East,Krishnarajapura,Vibuthipura,102,200301005046,Bengaluru Urban,Bangalore_East_Varturu1_Vibhutipura_Revenue_Map,Polygon,77.675602,12.960863,10
Bangalore East,Krishnarajapura,Vibuthipura,92,200301005046,Bengaluru Urban,Bangalore_East_Varturu1_Vibhutipura_Revenue_Map,Polygon,77.671723,12.960392,435
Bangalore East,Krishnarajapura,Vibuthipura,41,200301005046,Bengaluru Urban,Bangalore_East_Varturu1_Vibhutipura_Revenue_Map,Polygon,77.687932,12.96012,16
Bangalore East,Krishnarajapura,Vibuthipura,43,200301005046,Bengaluru Urban,Bangalore_East_Varturu1_Vibhutipura_Revenue_Map,Polygon,77.688601,12.960515,10
Bangalore East,Krishnarajapura,Vibuthipura,91,200301005046,Bengaluru Urban,Bangalore_East_Varturu1_Vibhutipura_Revenue_Map,Polygon,77.669825,12.95847,355
Bangalore East,Krishnarajapura,Vibuthipura,94,200301005046,Bengaluru Urban,Bangalore_East_Varturu1_Vibhutipura_Revenue_Map,Polygon,77.676283,12.960387,446
Bangalore East,Krishnarajapura,Vibuthipura,97,200301005046,Bengaluru Urban,Bangalore_East_Varturu1_Vibhutipura_Revenue_Map,Polygon,77.67705,12.95957,9
Bangalore East,Krishnarajapura,Vibuthipura,93,200301005046,Bengaluru Urban,Bangalore_East_Varturu1_Vibhutipura_Revenue_Map,Polygon,77.674554,12.95971,13
Bangalore East,Krishnarajapura,Vibuthipura,71,200301005046,Bengaluru Urban,Bangalore_East_Varturu1_Vibhutipura_Revenue_Map,Polygon,77.683828,12.959647,7
Bangalore East,Krishnarajapura,Vibuthipura,90,200301005046,Bengaluru Urban,Bangalore_East_Varturu1_Vibhutipura_Revenue_Map,Polygon,77.66809,12.959727,13
Bangalore East,Krishnarajapura,Vibuthipura,TANK,200301005046,Bengaluru Urban,Bangalore_East_Varturu1_Vibhutipura_Revenue_Map,Polygon,77.676296,12.960422,434
Bangalore East,Krishnarajapura,Vibuthipura,TANK,200301005046,Bengaluru Urban,Bangalore_East_Varturu1_Vibhutipura_Revenue_Map,Polygon,77.671722,12.960402,422
Bangalore East,Krishnarajapura,Vibuthipura,72,200301005046,Bengaluru Urban,Bangalore_East_Varturu1_Vibhutipura_Revenue_Map,Polygon,77.682318,12.959836,6
Bangalore East,Krishnarajapura,Vibuthipura,47,200301005046,Bengaluru Urban,Bangalore_East_Varturu1_Vibhutipura_Revenue_Map,Polygon,77.689709,12.95965,17
Bangalore East,Krishnarajapura,Vibuthipura,75,200301005046,Bengaluru Urban,Bangalore_East_Varturu1_Vibhutipura_Revenue_Map,Polygon,77.679944,12.959316,5
Bangalore East,Krishnarajapura,Vibuthipura,74,200301005046,Bengaluru Urban,Bangalore_East_Varturu1_Vibhutipura_Revenue_Map,Polygon,77.681773,12.95837,7
Bangalore East,Krishnarajapura,Vibuthipura,44,200301005046,Bengaluru Urban,Bangalore_East_Varturu1_Vibhutipura_Revenue_Map,Polygon,77.688411,12.959742,15
Bangalore East,Krishnarajapura,Vibuthipura,45,200301005046,Bengaluru Urban,Bangalore_East_Varturu1_Vibhutipura_Revenue_Map,Polygon,77.689167,12.95961,14
Bangalore East,Krishnarajapura,Vibuthipura,98,200301005046,Bengaluru Urban,Bangalore_East_Varturu1_Vibhutipura_Revenue_Map,Polygon,77.678251,12.959013,5
Bangalore East,Krishnarajapura,Vibuthipura,50,200301005046,Bengaluru Urban,Bangalore_East_Varturu1_Vibhutipura_Revenue_Map,Polygon,77.687918,12.958346,17
Bangalore East,Krishnarajapura,Vibuthipura,69,200301005046,Bengaluru Urban,Bangalore_East_Varturu1_Vibhutipura_Revenue_Map,Polygon,77.686041,12.957379,17
Bangalore East,Krishnarajapura,Vibuthipura,48,200301005046,Bengaluru Urban,Bangalore_East_Varturu1_Vibhutipura_Revenue_Map,Polygon,77.689309,12.958372,22
Bangalore East,Krishnarajapura,Vibuthipura,49,200301005046,Bengaluru Urban,Bangalore_East_Varturu1_Vibhutipura_Revenue_Map,Polygon,77.688705,12.958228,22
Bangalore East,Krishnarajapura,Vibuthipura,73,200301005046,Bengaluru Urban,Bangalore_East_Varturu1_Vibhutipura_Revenue_Map,Polygon,77.683019,12.958063,7
Bangalore East,Krishnarajapura,Vibuthipura,TANK,200301005046,Bengaluru Urban,Bangalore_East_Varturu1_Vibhutipura_Revenue_Map,Polygon,77.669805,12.958434,343
Bangalore East,Krishnarajapura,Vibuthipura,76,200301005046,Bengaluru Urban,Bangalore_East_Varturu1_Vibhutipura_Revenue_Map,Polygon,77.680248,12.957307,6
Bangalore East,Krishnarajapura,Vibuthipura,77,200301005046,Bengaluru Urban,Bangalore_East_Varturu1_Vibhutipura_Revenue_Map,Polygon,77.678735,12.957254,5
Bangalore East,Krishnarajapura,Vibuthipura,68,200301005046,Bengaluru Urban,Bangalore_East_Varturu1_Vibhutipura_Revenue_Map,Polygon,77.683537,12.956606,7
Bangalore East,Krishnarajapura,Vibuthipura,89,200301005046,Bengaluru Urban,Bangalore_East_Varturu1_Vibhutipura_Revenue_Map,Polygon,77.668064,12.95731,8
Bangalore East,Krishnarajapura,Vibuthipura,88,200301005046,Bengaluru Urban,Bangalore_East_Varturu1_Vibhutipura_Revenue_Map,Polygon,77.670392,12.957195,9
Bangalore East,Krishnarajapura,Vibuthipura,87,200301005046,Bengaluru Urban,Bangalore_East_Varturu1_Vibhutipura_Revenue_Map,Polygon,77.671621,12.95711,11
Bangalore East,Krishnarajapura,Vibuthipura,96,200301005046,Bengaluru Urban,Bangalore_East_Varturu1_Vibhutipura_Revenue_Map,Polygon,77.676917,12.956867,6
Bangalore East,Krishnarajapura,Vibuthipura,86,200301005046,Bengaluru Urban,Bangalore_East_Varturu1_Vibhutipura_Revenue_Map,Polygon,77.673201,12.957392,4
Bangalore East,Krishnarajapura,Vibuthipura,51,200301005046,Bengaluru Urban,Bangalore_East_Varturu1_Vibhutipura_Revenue_Map,Polygon,77.687789,12.956407,18
Bangalore East,Krishnarajapura,Vibuthipura,95,200301005046,Bengaluru Urban,Bangalore_East_Varturu1_Vibhutipura_Revenue_Map,Polygon,77.675431,12.957149,4
Bangalore East,Krishnarajapura,Vibuthipura,85,200301005046,Bengaluru Urban,Bangalore_East_Varturu1_Vibhutipura_Revenue_Map,Polygon,77.67359,12.956371,9
Bangalore East,Krishnarajapura,Vibuthipura,84,200301005046,Bengaluru Urban,Bangalore_East_Varturu1_Vibhutipura_Revenue_Map,Polygon,77.675274,12.956289,5
Bangalore East,Krishnarajapura,Vibuthipura,66,200301005046,Bengaluru Urban,Bangalore_East_Varturu1_Vibhutipura_Revenue_Map,Polygon,77.68206,12.95587,7
Bangalore East,Krishnarajapura,Vibuthipura,65,200301005046,Bengaluru Urban,Bangalore_East_Varturu1_Vibhutipura_Revenue_Map,Polygon,77.680532,12.955505,6
Bangalore East,Krishnarajapura,Vibuthipura,82,200301005046,Bengaluru Urban,Bangalore_East_Varturu1_Vibhutipura_Revenue_Map,Polygon,77.676581,12.956,4
Bangalore East,Krishnarajapura,Vibuthipura,79,200301005046,Bengaluru Urban,Bangalore_East_Varturu1_Vibhutipura_Revenue_Map,Polygon,77.678762,12.955653,5
Bangalore East,Krishnarajapura,Vibuthipura,78,200301005046,Bengaluru Urban,Bangalore_East_Varturu1_Vibhutipura_Revenue_Map,Polygon,77.677869,12.955774,4
Bangalore East,Krishnarajapura,Vibuthipura,81,200301005046,Bengaluru Urban,Bangalore_East_Varturu1_Vibhutipura_Revenue_Map,Polygon,77.67722,12.954842,11
Bangalore East,Krishnarajapura,Vibuthipura,83,200301005046,Bengaluru Urban,Bangalore_East_Varturu1_Vibhutipura_Revenue_Map,Polygon,77.674692,12.954973,9
Bangalore East,Krishnarajapura,Vibuthipura,67,200301005046,Bengaluru Urban,Bangalore_East_Varturu1_Vibhutipura_Revenue_Map,Polygon,77.68364,12.955043,6
Bangalore East,Krishnarajapura,Vibuthipura,58,200301005046,Bengaluru Urban,Bangalore_East_Varturu1_Vibhutipura_Revenue_Map,Polygon,77.685737,12.955164,6
Bangalore East,Krishnarajapura,Vibuthipura,52,200301005046,Bengaluru Urban,Bangalore_East_Varturu1_Vibhutipura_Revenue_Map,Polygon,77.688265,12.955116,5
Bangalore East,Krishnarajapura,Vibuthipura,59,200301005046,Bengaluru Urban,Bangalore_East_Varturu1_Vibhutipura_Revenue_Map,Polygon,77.684682,12.955062,7
Bangalore East,Krishnarajapura,Vibuthipura,80,200301005046,Bengaluru Urban,Bangalore_East_Varturu1_Vibhutipura_Revenue_Map,Polygon,77.679357,12.954381,9
Bangalore East,Krishnarajapura,Vibuthipura,53,200301005046,Bengaluru Urban,Bangalore_East_Varturu1_Vibhutipura_Revenue_Map,Polygon,77.688279,12.953487,39
Bangalore East,Krishnarajapura,Vibuthipura,57,200301005046,Bengaluru Urban,Bangalore_East_Varturu1_Vibhutipura_Revenue_Map,Polygon,77.686019,12.954695,7
Bangalore East,Krishnarajapura,Vibuthipura,60,200301005046,Bengaluru Urban,Bangalore_East_Varturu1_Vibhutipura_Revenue_Map,Polygon,77.684997,12.953539,17
Bangalore East,Krishnarajapura,Vibuthipura,62,200301005046,Bengaluru Urban,Bangalore_East_Varturu1_Vibhutipura_Revenue_Map,Polygon,77.682982,12.954049,13
Bangalore East,Krishnarajapura,Vibuthipura,56,200301005046,Bengaluru Urban,Bangalore_East_Varturu1_Vibhutipura_Revenue_Map,Polygon,77.685673,12.954363,5
Bangalore East,Krishnarajapura,Vibuthipura,55,200301005046,Bengaluru Urban,Bangalore_East_Varturu1_Vibhutipura_Revenue_Map,Polygon,77.686396,12.953955,11
Bangalore East,Krishnarajapura,Vibuthipura,64,200301005046,Bengaluru Urban,Bangalore_East_Varturu1_Vibhutipura_Revenue_Map,Polygon,77.68108,12.953935,9
Bangalore East,Krishnarajapura,Vibuthipura,63,200301005046,Bengaluru Urban,Bangalore_East_Varturu1_Vibhutipura_Revenue_Map,Polygon,77.681421,12.954393,4
Bangalore East,Krishnarajapura,Vibuthipura,61,200301005046,Bengaluru Urban,Bangalore_East_Varturu1_Vibhutipura_Revenue_Map,Polygon,77.683745,12.953335,14
Bangalore East,Krishnarajapura,Vibuthipura,54,200301005046,Bengaluru Urban,Bangalore_East_Varturu1_Vibhutipura_Revenue_Map,Polygon,77.686397,12.952802,13
Bangalore East,Krishnarajapura,Doddanekundhi,69,200301005008,Bengaluru Urban,Bangalore_East_Varturu2_Doddanekundi_Revenue_Map,Polygon,77.704143,12.985863,13
Bangalore East,Krishnarajapura,Doddanekundhi,70,200301005008,Bengaluru Urban,Bangalore_East_Varturu2_Doddanekundi_Revenue_Map,Polygon,77.705943,12.985673,13
Bangalore East,Krishnarajapura,Doddanekundhi,71,200301005008,Bengaluru Urban,Bangalore_East_Varturu2_Doddanekundi_Revenue_Map,Polygon,77.706621,12.986775,5
Bangalore East,Krishnarajapura,Doddanekundhi,211,200301005008,Bengaluru Urban,Bangalore_East_Varturu2_Doddanekundi_Revenue_Map,Polygon,77.706737,12.986144,7
Bangalore East,Krishnarajapura,Doddanekundhi,68,200301005008,Bengaluru Urban,Bangalore_East_Varturu2_Doddanekundi_Revenue_Map,Polygon,77.703301,12.985035,9
Bangalore East,Krishnarajapura,Doddanekundhi,210,200301005008,Bengaluru Urban,Bangalore_East_Varturu2_Doddanekundi_Revenue_Map,Polygon,77.706663,12.985577,5
Bangalore East,Krishnarajapura,Doddanekundhi,209,200301005008,Bengaluru Urban,Bangalore_East_Varturu2_Doddanekundi_Revenue_Map,Polygon,77.70693,12.985018,6
Bangalore East,Krishnarajapura,Doddanekundhi,67,200301005008,Bengaluru Urban,Bangalore_East_Varturu2_Doddanekundi_Revenue_Map,Polygon,77.702019,12.983374,21
Bangalore East,Krishnarajapura,Doddanekundhi,208,200301005008,Bengaluru Urban,Bangalore_East_Varturu2_Doddanekundi_Revenue_Map,Polygon,77.706864,12.984566,5
Bangalore East,Krishnarajapura,Doddanekundhi,66,200301005008,Bengaluru Urban,Bangalore_East_Varturu2_Doddanekundi_Revenue_Map,Polygon,77.700625,12.984339,9
Bangalore East,Krishnarajapura,Doddanekundhi,65,200301005008,Bengaluru Urban,Bangalore_East_Varturu2_Doddanekundi_Revenue_Map,Polygon,77.698263,12.983722,11
Bangalore East,Krishnarajapura,Doddanekundhi,207,200301005008,Bengaluru Urban,Bangalore_East_Varturu2_Doddanekundi_Revenue_Map,Polygon,77.706945,12.984135,5
Bangalore East,Krishnarajapura,Doddanekundhi,64,200301005008,Bengaluru Urban,Bangalore_East_Varturu2_Doddanekundi_Revenue_Map,Polygon,77.69574,12.983382,10
Bangalore East,Krishnarajapura,Doddanekundhi,73,200301005008,Bengaluru Urban,Bangalore_East_Varturu2_Doddanekundi_Revenue_Map,Polygon,77.709251,12.982005,13
Bangalore East,Krishnarajapura,Doddanekundhi,72,200301005008,Bengaluru Urban,Bangalore_East_Varturu2_Doddanekundi_Revenue_Map,Polygon,77.706743,12.98219,6
Bangalore East,Krishnarajapura,Doddanekundhi,63,200301005008,Bengaluru Urban,Bangalore_East_Varturu2_Doddanekundi_Revenue_Map,Polygon,77.693025,12.982701,13
Bangalore East,Krishnarajapura,Doddanekundhi,52,200301005008,Bengaluru Urban,Bangalore_East_Varturu2_Doddanekundi_Revenue_Map,Polygon,77.703308,12.982496,12
Bangalore East,Krishnarajapura,Doddanekundhi,TANK,200301005008,Bengaluru Urban,Bangalore_East_Varturu2_Doddanekundi_Revenue_Map,Polygon,77.702107,12.982935,10
Bangalore East,Krishnarajapura,Doddanekundhi,56,200301005008,Bengaluru Urban,Bangalore_East_Varturu2_Doddanekundi_Revenue_Map,Polygon,77.698882,12.981817,12
Bangalore East,Krishnarajapura,Doddanekundhi,51,200301005008,Bengaluru Urban,Bangalore_East_Varturu2_Doddanekundi_Revenue_Map,Polygon,77.705038,12.981708,7
Bangalore East,Krishnarajapura,Doddanekundhi,55,200301005008,Bengaluru Urban,Bangalore_East_Varturu2_Doddanekundi_Revenue_Map,Polygon,77.700125,12.982244,8
Bangalore East,Krishnarajapura,Doddanekundhi,58,200301005008,Bengaluru Urban,Bangalore_East_Varturu2_Doddanekundi_Revenue_Map,Polygon,77.697421,12.981634,12
Bangalore East,Krishnarajapura,Doddanekundhi,53,200301005008,Bengaluru Urban,Bangalore_East_Varturu2_Doddanekundi_Revenue_Map,Polygon,77.701326,12.981799,10
Bangalore East,Krishnarajapura,Doddanekundhi,54,200301005008,Bengaluru Urban,Bangalore_East_Varturu2_Doddanekundi_Revenue_Map,Polygon,77.700677,12.981274,8
Bangalore East,Krishnarajapura,Doddanekundhi,61,200301005008,Bengaluru Urban,Bangalore_East_Varturu2_Doddanekundi_Revenue_Map,Polygon,77.693945,12.98185,6
Bangalore East,Krishnarajapura,Doddanekundhi,60,200301005008,Bengaluru Urban,Bangalore_East_Varturu2_Doddanekundi_Revenue_Map,Polygon,77.694912,12.981847,6
Bangalore East,Krishnarajapura,Doddanekundhi,59,200301005008,Bengaluru Urban,Bangalore_East_Varturu2_Doddanekundi_Revenue_Map,Polygon,77.696124,12.981331,12
Bangalore East,Krishnarajapura,Doddanekundhi,62,200301005008,Bengaluru Urban,Bangalore_East_Varturu2_Doddanekundi_Revenue_Map,Polygon,77.691894,12.98161,11
Bangalore East,Krishnarajapura,Doddanekundhi,38,200301005008,Bengaluru Urban,Bangalore_East_Varturu2_Doddanekundi_Revenue_Map,Polygon,77.693584,12.98089,16
Bangalore East,Krishnarajapura,Doddanekundhi,50,200301005008,Bengaluru Urban,Bangalore_East_Varturu2_Doddanekundi_Revenue_Map,Polygon,77.703065,12.980245,8
Bangalore East,Krishnarajapura,Doddanekundhi,35,200301005008,Bengaluru Urban,Bangalore_East_Varturu2_Doddanekundi_Revenue_Map,Polygon,77.690227,12.980754,11
Bangalore East,Krishnarajapura,Doddanekundhi,36,200301005008,Bengaluru Urban,Bangalore_East_Varturu2_Doddanekundi_Revenue_Map,Polygon,77.692172,12.980139,22
Bangalore East,Krishnarajapura,Doddanekundhi,57,200301005008,Bengaluru Urban,Bangalore_East_Varturu2_Doddanekundi_Revenue_Map,Polygon,77.699304,12.980745,5
Bangalore East,Krishnarajapura,Doddanekundhi,43,200301005008,Bengaluru Urban,Bangalore_East_Varturu2_Doddanekundi_Revenue_Map,Polygon,77.699212,12.978966,19
Bangalore East,Krishnarajapura,Doddanekundhi,39,200301005008,Bengaluru Urban,Bangalore_East_Varturu2_Doddanekundi_Revenue_Map,Polygon,77.695355,12.979611,19
Bangalore East,Krishnarajapura,Doddanekundhi,37,200301005008,Bengaluru Urban,Bangalore_East_Varturu2_Doddanekundi_Revenue_Map,Polygon,77.692497,12.980458,6
Bangalore East,Krishnarajapura,Doddanekundhi,42,200301005008,Bengaluru Urban,Bangalore_East_Varturu2_Doddanekundi_Revenue_Map,Polygon,77.697891,12.979847,13
Bangalore East,Krishnarajapura,Doddanekundhi,34,200301005008,Bengaluru Urban,Bangalore_East_Varturu2_Doddanekundi_Revenue_Map,Polygon,77.690227,12.979893,11
Bangalore East,Krishnarajapura,Doddanekundhi,49,200301005008,Bengaluru Urban,Bangalore_East_Varturu2_Doddanekundi_Revenue_Map,Polygon,77.706739,12.979117,5
Bangalore East,Krishnarajapura,Doddanekundhi,44,200301005008,Bengaluru Urban,Bangalore_East_Varturu2_Doddanekundi_Revenue_Map,Polygon,77.700282,12.979065,8
Bangalore East,Krishnarajapura,Doddanekundhi,45,200301005008,Bengaluru Urban,Bangalore_East_Varturu2_Doddanekundi_Revenue_Map,Polygon,77.70084,12.978922,7
Bangalore East,Krishnarajapura,Doddanekundhi,74,200301005008,Bengaluru Urban,Bangalore_East_Varturu2_Doddanekundi_Revenue_Map,Polygon,77.709089,12.978233,5
Bangalore East,Krishnarajapura,Doddanekundhi,46,200301005008,Bengaluru Urban,Bangalore_East_Varturu2_Doddanekundi_Revenue_Map,Polygon,77.701714,12.978362,6
Bangalore East,Krishnarajapura,Doddanekundhi,33,200301005008,Bengaluru Urban,Bangalore_East_Varturu2_Doddanekundi_Revenue_Map,Polygon,77.691053,12.978891,16
Bangalore East,Krishnarajapura,Doddanekundhi,28,200301005008,Bengaluru Urban,Bangalore_East_Varturu2_Doddanekundi_Revenue_Map,Polygon,77.693532,12.978931,6
Bangalore East,Krishnarajapura,Doddanekundhi,41,200301005008,Bengaluru Urban,Bangalore_East_Varturu2_Doddanekundi_Revenue_Map,Polygon,77.696413,12.978421,9
Bangalore East,Krishnarajapura,Doddanekundhi,24,200301005008,Bengaluru Urban,Bangalore_East_Varturu2_Doddanekundi_Revenue_Map,Polygon,77.69705,12.977535,17
Bangalore East,Krishnarajapura,Doddanekundhi,47,200301005008,Bengaluru Urban,Bangalore_East_Varturu2_Doddanekundi_Revenue_Map,Polygon,77.703665,12.977694,7
Bangalore East,Krishnarajapura,Doddanekundhi,40,200301005008,Bengaluru Urban,Bangalore_East_Varturu2_Doddanekundi_Revenue_Map,Polygon,77.695904,12.978501,5
Bangalore East,Krishnarajapura,Doddanekundhi,32,200301005008,Bengaluru Urban,Bangalore_East_Varturu2_Doddanekundi_Revenue_Map,Polygon,77.689943,12.978032,10
Bangalore East,Krishnarajapura,Doddanekundhi,26,200301005008,Bengaluru Urban,Bangalore_East_Varturu2_Doddanekundi_Revenue_Map,Polygon,77.695117,12.978119,10
Bangalore East,Krishnarajapura,Doddanekundhi,29,200301005008,Bengaluru Urban,Bangalore_East_Varturu2_Doddanekundi_Revenue_Map,Polygon,77.692547,12.977162,12
Bangalore East,Krishnarajapura,Doddanekundhi,27,200301005008,Bengaluru Urban,Bangalore_East_Varturu2_Doddanekundi_Revenue_Map,Polygon,77.693799,12.977599,7
Bangalore East,Krishnarajapura,Doddanekundhi,30,200301005008,Bengaluru Urban,Bangalore_East_Varturu2_Doddanekundi_Revenue_Map,Polygon,77.691648,12.977522,8
Bangalore East,Krishnarajapura,Doddanekundhi,31,200301005008,Bengaluru Urban,Bangalore_East_Varturu2_Doddanekundi_Revenue_Map,Polygon,77.69057,12.977837,7
Bangalore East,Krishnarajapura,Doddanekundhi,48,200301005008,Bengaluru Urban,Bangalore_East_Varturu2_Doddanekundi_Revenue_Map,Polygon,77.705772,12.977446,5
Bangalore East,Krishnarajapura,Doddanekundhi,200_TANK,200301005008,Bengaluru Urban,Bangalore_East_Varturu2_Doddanekundi_Revenue_Map,Polygon,77.690193,12.974082,42
Bangalore East,Krishnarajapura,Doddanekundhi,77,200301005008,Bengaluru Urban,Bangalore_East_Varturu2_Doddanekundi_Revenue_Map,Polygon,77.711692,12.974394,19
Bangalore East,Krishnarajapura,Doddanekundhi,22,200301005008,Bengaluru Urban,Bangalore_East_Varturu2_Doddanekundi_Revenue_Map,Polygon,77.69797,12.977565,14
Bangalore East,Krishnarajapura,Doddanekundhi,75,200301005008,Bengaluru Urban,Bangalore_East_Varturu2_Doddanekundi_Revenue_Map,Polygon,77.707763,12.976694,5
Bangalore East,Krishnarajapura,Doddanekundhi,20,200301005008,Bengaluru Urban,Bangalore_East_Varturu2_Doddanekundi_Revenue_Map,Polygon,77.698414,12.976734,16
Bangalore East,Krishnarajapura,Doddanekundhi,25,200301005008,Bengaluru Urban,Bangalore_East_Varturu2_Doddanekundi_Revenue_Map,Polygon,77.695085,12.976348,18
Bangalore East,Krishnarajapura,Doddanekundhi,21_TANK,200301005008,Bengaluru Urban,Bangalore_East_Varturu2_Doddanekundi_Revenue_Map,Polygon,77.697909,12.977469,6
Bangalore East,Krishnarajapura,Doddanekundhi,23,200301005008,Bengaluru Urban,Bangalore_East_Varturu2_Doddanekundi_Revenue_Map,Polygon,77.697512,12.977382,8
Bangalore East,Krishnarajapura,Doddanekundhi,19,200301005008,Bengaluru Urban,Bangalore_East_Varturu2_Doddanekundi_Revenue_Map,Polygon,77.700585,12.976412,8
Bangalore East,Krishnarajapura,Doddanekundhi,18,200301005008,Bengaluru Urban,Bangalore_East_Varturu2_Doddanekundi_Revenue_Map,Polygon,77.702336,12.976526,6
Bangalore East,Krishnarajapura,Doddanekundhi,17,200301005008,Bengaluru Urban,Bangalore_East_Varturu2_Doddanekundi_Revenue_Map,Polygon,77.704358,12.975684,8
Bangalore East,Krishnarajapura,Doddanekundhi,216,200301005008,Bengaluru Urban,Bangalore_East_Varturu2_Doddanekundi_Revenue_Map,Polygon,77.705597,12.976398,5
Bangalore East,Krishnarajapura,Doddanekundhi,212,200301005008,Bengaluru Urban,Bangalore_East_Varturu2_Doddanekundi_Revenue_Map,Polygon,77.705559,12.975922,5
Bangalore East,Krishnarajapura,Doddanekundhi,6,200301005008,Bengaluru Urban,Bangalore_East_Varturu2_Doddanekundi_Revenue_Map,Polygon,77.696647,12.974562,16
Bangalore East,Krishnarajapura,Doddanekundhi,206,200301005008,Bengaluru Urban,Bangalore_East_Varturu2_Doddanekundi_Revenue_Map,Polygon,77.693041,12.974277,19
Bangalore East,Krishnarajapura,Doddanekundhi,213,200301005008,Bengaluru Urban,Bangalore_East_Varturu2_Doddanekundi_Revenue_Map,Polygon,77.705542,12.975497,5
Bangalore East,Krishnarajapura,Doddanekundhi,3,200301005008,Bengaluru Urban,Bangalore_East_Varturu2_Doddanekundi_Revenue_Map,Polygon,77.695751,12.975333,9
Bangalore East,Krishnarajapura,Doddanekundhi,76,200301005008,Bengaluru Urban,Bangalore_East_Varturu2_Doddanekundi_Revenue_Map,Polygon,77.707394,12.974473,11
Bangalore East,Krishnarajapura,Doddanekundhi,7,200301005008,Bengaluru Urban,Bangalore_East_Varturu2_Doddanekundi_Revenue_Map,Polygon,77.69702,12.973847,13
Bangalore East,Krishnarajapura,Doddanekundhi,1,200301005008,Bengaluru Urban,Bangalore_East_Varturu2_Doddanekundi_Revenue_Map,Polygon,77.693882,12.974719,7
Bangalore East,Krishnarajapura,Doddanekundhi,2,200301005008,Bengaluru Urban,Bangalore_East_Varturu2_Doddanekundi_Revenue_Map,Polygon,77.694842,12.974839,9
Bangalore East,Krishnarajapura,Doddanekundhi,8,200301005008,Bengaluru Urban,Bangalore_East_Varturu2_Doddanekundi_Revenue_Map,Polygon,77.698538,12.975223,10
Bangalore East,Krishnarajapura,Doddanekundhi,12,200301005008,Bengaluru Urban,Bangalore_East_Varturu2_Doddanekundi_Revenue_Map,Polygon,77.699653,12.97379,9
Bangalore East,Krishnarajapura,Doddanekundhi,214,200301005008,Bengaluru Urban,Bangalore_East_Varturu2_Doddanekundi_Revenue_Map,Polygon,77.705528,12.974966,5
Bangalore East,Krishnarajapura,Doddanekundhi,201,200301005008,Bengaluru Urban,Bangalore_East_Varturu2_Doddanekundi_Revenue_Map,Polygon,77.692416,12.972995,26
Bangalore East,Krishnarajapura,Doddanekundhi,13,200301005008,Bengaluru Urban,Bangalore_East_Varturu2_Doddanekundi_Revenue_Map,Polygon,77.70082,12.974156,7
Bangalore East,Krishnarajapura,Doddanekundhi,14,200301005008,Bengaluru Urban,Bangalore_East_Varturu2_Doddanekundi_Revenue_Map,Polygon,77.701706,12.974078,8
Bangalore East,Krishnarajapura,Doddanekundhi,9,200301005008,Bengaluru Urban,Bangalore_East_Varturu2_Doddanekundi_Revenue_Map,Polygon,77.697839,12.973524,13
Bangalore East,Krishnarajapura,Doddanekundhi,15,200301005008,Bengaluru Urban,Bangalore_East_Varturu2_Doddanekundi_Revenue_Map,Polygon,77.703716,12.973785,10
Bangalore East,Krishnarajapura,Doddanekundhi,4,200301005008,Bengaluru Urban,Bangalore_East_Varturu2_Doddanekundi_Revenue_Map,Polygon,77.695905,12.97324,10
Bangalore East,Krishnarajapura,Doddanekundhi,16,200301005008,Bengaluru Urban,Bangalore_East_Varturu2_Doddanekundi_Revenue_Map,Polygon,77.705471,12.974327,6
Bangalore East,Krishnarajapura,Doddanekundhi,215,200301005008,Bengaluru Urban,Bangalore_East_Varturu2_Doddanekundi_Revenue_Map,Polygon,77.706018,12.9735,5
Bangalore East,Krishnarajapura,Doddanekundhi,11,200301005008,Bengaluru Urban,Bangalore_East_Varturu2_Doddanekundi_Revenue_Map,Polygon,77.699132,12.973343,8
Bangalore East,Krishnarajapura,Doddanekundhi,SETTLEMENT,200301005008,Bengaluru Urban,Bangalore_East_Varturu2_Doddanekundi_Revenue_Map,Polygon,77.694164,12.972427,16
Bangalore East,Krishnarajapura,Doddanekundhi,10,200301005008,Bengaluru Urban,Bangalore_East_Varturu2_Doddanekundi_Revenue_Map,Polygon,77.698424,12.972925,6
Bangalore East,Krishnarajapura,Doddanekundhi,ROAD,200301005008,Bengaluru Urban,Bangalore_East_Varturu2_Doddanekundi_Revenue_Map,Polygon,77.698745,12.972396,29
Bangalore East,Krishnarajapura,Doddanekundhi,85,200301005008,Bengaluru Urban,Bangalore_East_Varturu2_Doddanekundi_Revenue_Map,Polygon,77.702661,12.972939,9
Bangalore East,Krishnarajapura,Doddanekundhi,79,200301005008,Bengaluru Urban,Bangalore_East_Varturu2_Doddanekundi_Revenue_Map,Polygon,77.708747,12.971101,17
Bangalore East,Krishnarajapura,Doddanekundhi,78_TANK,200301005008,Bengaluru Urban,Bangalore_East_Varturu2_Doddanekundi_Revenue_Map,Polygon,77.710421,12.971165,13
Bangalore East,Krishnarajapura,Doddanekundhi,84,200301005008,Bengaluru Urban,Bangalore_East_Varturu2_Doddanekundi_Revenue_Map,Polygon,77.703735,12.972065,11
Bangalore East,Krishnarajapura,Doddanekundhi,80_TANK,200301005008,Bengaluru Urban,Bangalore_East_Varturu2_Doddanekundi_Revenue_Map,Polygon,77.707628,12.97248,7
Bangalore East,Krishnarajapura,Doddanekundhi,83,200301005008,Bengaluru Urban,Bangalore_East_Varturu2_Doddanekundi_Revenue_Map,Polygon,77.704682,12.971526,11
Bangalore East,Krishnarajapura,Doddanekundhi,81,200301005008,Bengaluru Urban,Bangalore_East_Varturu2_Doddanekundi_Revenue_Map,Polygon,77.706758,12.972107,13
Bangalore East,Krishnarajapura,Doddanekundhi,TANK,200301005008,Bengaluru Urban,Bangalore_East_Varturu2_Doddanekundi_Revenue_Map,Polygon,77.706851,12.972473,6
Bangalore East,Krishnarajapura,Doddanekundhi,87,200301005008,Bengaluru Urban,Bangalore_East_Varturu2_Doddanekundi_Revenue_Map,Polygon,77.700514,12.971968,9
Bangalore East,Krishnarajapura,Doddanekundhi,86,200301005008,Bengaluru Urban,Bangalore_East_Varturu2_Doddanekundi_Revenue_Map,Polygon,77.70214,12.971992,13
Bangalore East,Krishnarajapura,Doddanekundhi,205,200301005008,Bengaluru Urban,Bangalore_East_Varturu2_Doddanekundi_Revenue_Map,Polygon,77.692746,12.972713,6
Bangalore East,Krishnarajapura,Doddanekundhi,199,200301005008,Bengaluru Urban,Bangalore_East_Varturu2_Doddanekundi_Revenue_Map,Polygon,77.689777,12.97234,8
Bangalore East,Krishnarajapura,Doddanekundhi,198,200301005008,Bengaluru Urban,Bangalore_East_Varturu2_Doddanekundi_Revenue_Map,Polygon,77.690347,12.972231,9
Bangalore East,Krishnarajapura,Doddanekundhi,204,200301005008,Bengaluru Urban,Bangalore_East_Varturu2_Doddanekundi_Revenue_Map,Polygon,77.692724,12.972505,6
Bangalore East,Krishnarajapura,Doddanekundhi,180,200301005008,Bengaluru Urban,Bangalore_East_Varturu2_Doddanekundi_Revenue_Map,Polygon,77.688843,12.971943,12
Bangalore East,Krishnarajapura,Doddanekundhi,203,200301005008,Bengaluru Urban,Bangalore_East_Varturu2_Doddanekundi_Revenue_Map,Polygon,77.693015,12.972423,5
Bangalore East,Krishnarajapura,Doddanekundhi,102,200301005008,Bengaluru Urban,Bangalore_East_Varturu2_Doddanekundi_Revenue_Map,Polygon,77.698635,12.970741,20
Bangalore East,Krishnarajapura,Doddanekundhi,202,200301005008,Bengaluru Urban,Bangalore_East_Varturu2_Doddanekundi_Revenue_Map,Polygon,77.692981,12.972139,7
Bangalore East,Krishnarajapura,Doddanekundhi,179,200301005008,Bengaluru Urban,Bangalore_East_Varturu2_Doddanekundi_Revenue_Map,Polygon,77.687835,12.971555,12
Bangalore East,Krishnarajapura,Doddanekundhi,5,200301005008,Bengaluru Urban,Bangalore_East_Varturu2_Doddanekundi_Revenue_Map,Polygon,77.696025,12.972095,6
Bangalore East,Krishnarajapura,Doddanekundhi,153,200301005008,Bengaluru Urban,Bangalore_East_Varturu2_Doddanekundi_Revenue_Map,Polygon,77.693432,12.971888,10
Bangalore East,Krishnarajapura,Doddanekundhi,182,200301005008,Bengaluru Urban,Bangalore_East_Varturu2_Doddanekundi_Revenue_Map,Polygon,77.689509,12.971717,10
Bangalore East,Krishnarajapura,Doddanekundhi,103,200301005008,Bengaluru Urban,Bangalore_East_Varturu2_Doddanekundi_Revenue_Map,Polygon,77.696616,12.970867,15
Bangalore East,Krishnarajapura,Doddanekundhi,197,200301005008,Bengaluru Urban,Bangalore_East_Varturu2_Doddanekundi_Revenue_Map,Polygon,77.690567,12.971627,8
Bangalore East,Krishnarajapura,Doddanekundhi,183,200301005008,Bengaluru Urban,Bangalore_East_Varturu2_Doddanekundi_Revenue_Map,Polygon,77.690068,12.971709,11
Bangalore East,Krishnarajapura,Doddanekundhi,ROAD,200301005008,Bengaluru Urban,Bangalore_East_Varturu2_Doddanekundi_Revenue_Map,Polygon,77.692537,12.971645,8
Bangalore East,Krishnarajapura,Doddanekundhi,181,200301005008,Bengaluru Urban,Bangalore_East_Varturu2_Doddanekundi_Revenue_Map,Polygon,77.689054,12.971469,10
Bangalore East,Krishnarajapura,Doddanekundhi,154,200301005008,Bengaluru Urban,Bangalore_East_Varturu2_Doddanekundi_Revenue_Map,Polygon,77.692948,12.970441,22
Bangalore East,Krishnarajapura,Doddanekundhi,150,200301005008,Bengaluru Urban,Bangalore_East_Varturu2_Doddanekundi_Revenue_Map,Polygon,77.695482,12.97069,12
Bangalore East,Krishnarajapura,Doddanekundhi,152,200301005008,Bengaluru Urban,Bangalore_East_Varturu2_Doddanekundi_Revenue_Map,Polygon,77.693717,12.970322,21
Bangalore East,Krishnarajapura,Doddanekundhi,151,200301005008,Bengaluru Urban,Bangalore_East_Varturu2_Doddanekundi_Revenue_Map,Polygon,77.694908,12.970368,12
Bangalore East,Krishnarajapura,Doddanekundhi,196,200301005008,Bengaluru Urban,Bangalore_East_Varturu2_Doddanekundi_Revenue_Map,Polygon,77.691235,12.970951,10
Bangalore East,Krishnarajapura,Doddanekundhi,88,200301005008,Bengaluru Urban,Bangalore_East_Varturu2_Doddanekundi_Revenue_Map,Polygon,77.700792,12.970898,9
Bangalore East,Krishnarajapura,Doddanekundhi,STREAM,200301005008,Bengaluru Urban,Bangalore_East_Varturu2_Doddanekundi_Revenue_Map,Polygon,77.689212,12.969668,37
Bangalore East,Krishnarajapura,Doddanekundhi,178,200301005008,Bengaluru Urban,Bangalore_East_Varturu2_Doddanekundi_Revenue_Map,Polygon,77.688208,12.970834,7
Bangalore East,Krishnarajapura,Doddanekundhi,184,200301005008,Bengaluru Urban,Bangalore_East_Varturu2_Doddanekundi_Revenue_Map,Polygon,77.689931,12.971128,6
Bangalore East,Krishnarajapura,Doddanekundhi,91,200301005008,Bengaluru Urban,Bangalore_East_Varturu2_Doddanekundi_Revenue_Map,Polygon,77.702831,12.970237,11
Bangalore East,Krishnarajapura,Doddanekundhi,194,200301005008,Bengaluru Urban,Bangalore_East_Varturu2_Doddanekundi_Revenue_Map,Polygon,77.690566,12.970863,8
Bangalore East,Krishnarajapura,Doddanekundhi,100,200301005008,Bengaluru Urban,Bangalore_East_Varturu2_Doddanekundi_Revenue_Map,Polygon,77.698844,12.969574,16
Bangalore East,Krishnarajapura,Doddanekundhi,101,200301005008,Bengaluru Urban,Bangalore_East_Varturu2_Doddanekundi_Revenue_Map,Polygon,77.698719,12.970298,7
Bangalore East,Krishnarajapura,Doddanekundhi,185,200301005008,Bengaluru Urban,Bangalore_East_Varturu2_Doddanekundi_Revenue_Map,Polygon,77.689735,12.970387,14
Bangalore East,Krishnarajapura,Doddanekundhi,174,200301005008,Bengaluru Urban,Bangalore_East_Varturu2_Doddanekundi_Revenue_Map,Polygon,77.688867,12.970501,8
Bangalore East,Krishnarajapura,Doddanekundhi,177,200301005008,Bengaluru Urban,Bangalore_East_Varturu2_Doddanekundi_Revenue_Map,Polygon,77.68719,12.97046,13
Bangalore East,Krishnarajapura,Doddanekundhi,89,200301005008,Bengaluru Urban,Bangalore_East_Varturu2_Doddanekundi_Revenue_Map,Polygon,77.7011,12.97029,12
Bangalore East,Krishnarajapura,Doddanekundhi,195,200301005008,Bengaluru Urban,Bangalore_East_Varturu2_Doddanekundi_Revenue_Map,Polygon,77.690925,12.970533,7
Bangalore East,Krishnarajapura,Doddanekundhi,82,200301005008,Bengaluru Urban,Bangalore_East_Varturu2_Doddanekundi_Revenue_Map,Polygon,77.706105,12.969816,8
Bangalore East,Krishnarajapura,Doddanekundhi,193,200301005008,Bengaluru Urban,Bangalore_East_Varturu2_Doddanekundi_Revenue_Map,Polygon,77.690548,12.970113,9
Bangalore East,Krishnarajapura,Doddanekundhi,104,200301005008,Bengaluru Urban,Bangalore_East_Varturu2_Doddanekundi_Revenue_Map,Polygon,77.696492,12.969428,18
Bangalore East,Krishnarajapura,Doddanekundhi,192,200301005008,Bengaluru Urban,Bangalore_East_Varturu2_Doddanekundi_Revenue_Map,Polygon,77.691782,12.969569,16
Bangalore East,Krishnarajapura,Doddanekundhi,93,200301005008,Bengaluru Urban,Bangalore_East_Varturu2_Doddanekundi_Revenue_Map,Polygon,77.703131,12.969021,10
Bangalore East,Krishnarajapura,Doddanekundhi,90,200301005008,Bengaluru Urban,Bangalore_East_Varturu2_Doddanekundi_Revenue_Map,Polygon,77.700994,12.96942,14
Bangalore East,Krishnarajapura,Doddanekundhi,94,200301005008,Bengaluru Urban,Bangalore_East_Varturu2_Doddanekundi_Revenue_Map,Polygon,77.704664,12.968793,10
Bangalore East,Krishnarajapura,Doddanekundhi,175,200301005008,Bengaluru Urban,Bangalore_East_Varturu2_Doddanekundi_Revenue_Map,Polygon,77.688108,12.969703,12
Bangalore East,Krishnarajapura,Doddanekundhi,176,200301005008,Bengaluru Urban,Bangalore_East_Varturu2_Doddanekundi_Revenue_Map,Polygon,77.687761,12.969866,9
Bangalore East,Krishnarajapura,Doddanekundhi,173,200301005008,Bengaluru Urban,Bangalore_East_Varturu2_Doddanekundi_Revenue_Map,Polygon,77.688888,12.969819,7
Bangalore East,Krishnarajapura,Doddanekundhi,186,200301005008,Bengaluru Urban,Bangalore_East_Varturu2_Doddanekundi_Revenue_Map,Polygon,77.689478,12.969657,10
Bangalore East,Krishnarajapura,Doddanekundhi,190,200301005008,Bengaluru Urban,Bangalore_East_Varturu2_Doddanekundi_Revenue_Map,Polygon,77.690466,12.969098,12
Bangalore East,Krishnarajapura,Doddanekundhi,92,200301005008,Bengaluru Urban,Bangalore_East_Varturu2_Doddanekundi_Revenue_Map,Polygon,77.702288,12.968801,9
Bangalore East,Krishnarajapura,Doddanekundhi,188,200301005008,Bengaluru Urban,Bangalore_East_Varturu2_Doddanekundi_Revenue_Map,Polygon,77.689829,12.969137,7
Bangalore East,Krishnarajapura,Doddanekundhi,172,200301005008,Bengaluru Urban,Bangalore_East_Varturu2_Doddanekundi_Revenue_Map,Polygon,77.688537,12.968854,10
Bangalore East,Krishnarajapura,Doddanekundhi,187,200301005008,Bengaluru Urban,Bangalore_East_Varturu2_Doddanekundi_Revenue_Map,Polygon,77.689242,12.968933,11
Bangalore East,Krishnarajapura,Doddanekundhi,149,200301005008,Bengaluru Urban,Bangalore_East_Varturu2_Doddanekundi_Revenue_Map,Polygon,77.695126,12.969136,6
Bangalore East,Krishnarajapura,Doddanekundhi,155,200301005008,Bengaluru Urban,Bangalore_East_Varturu2_Doddanekundi_Revenue_Map,Polygon,77.692712,12.968846,5
Bangalore East,Krishnarajapura,Doddanekundhi,148,200301005008,Bengaluru Urban,Bangalore_East_Varturu2_Doddanekundi_Revenue_Map,Polygon,77.695261,12.968358,15
Bangalore East,Krishnarajapura,Doddanekundhi,191,200301005008,Bengaluru Urban,Bangalore_East_Varturu2_Doddanekundi_Revenue_Map,Polygon,77.691463,12.968585,11
Bangalore East,Krishnarajapura,Doddanekundhi,105,200301005008,Bengaluru Urban,Bangalore_East_Varturu2_Doddanekundi_Revenue_Map,Polygon,77.697136,12.968062,11
Bangalore East,Krishnarajapura,Doddanekundhi,189,200301005008,Bengaluru Urban,Bangalore_East_Varturu2_Doddanekundi_Revenue_Map,Polygon,77.690017,12.968737,7
Bangalore East,Krishnarajapura,Doddanekundhi,99,200301005008,Bengaluru Urban,Bangalore_East_Varturu2_Doddanekundi_Revenue_Map,Polygon,77.698499,12.968353,10
Bangalore East,Krishnarajapura,Doddanekundhi,98,200301005008,Bengaluru Urban,Bangalore_East_Varturu2_Doddanekundi_Revenue_Map,Polygon,77.699904,12.968279,6
Bangalore East,Krishnarajapura,Doddanekundhi,97,200301005008,Bengaluru Urban,Bangalore_East_Varturu2_Doddanekundi_Revenue_Map,Polygon,77.701224,12.968157,11
Bangalore East,Krishnarajapura,Doddanekundhi,156,200301005008,Bengaluru Urban,Bangalore_East_Varturu2_Doddanekundi_Revenue_Map,Polygon,77.693312,12.968134,10
Bangalore East,Krishnarajapura,Doddanekundhi,169,200301005008,Bengaluru Urban,Bangalore_East_Varturu2_Doddanekundi_Revenue_Map,Polygon,77.689432,12.968508,6
Bangalore East,Krishnarajapura,Doddanekundhi,168,200301005008,Bengaluru Urban,Bangalore_East_Varturu2_Doddanekundi_Revenue_Map,Polygon,77.690431,12.968068,14
Bangalore East,Krishnarajapura,Doddanekundhi,STREAM,200301005008,Bengaluru Urban,Bangalore_East_Varturu2_Doddanekundi_Revenue_Map,Polygon,77.689485,12.968432,6
Bangalore East,Krishnarajapura,Doddanekundhi,171,200301005008,Bengaluru Urban,Bangalore_East_Varturu2_Doddanekundi_Revenue_Map,Polygon,77.688942,12.968105,12
Bangalore East,Krishnarajapura,Doddanekundhi,157,200301005008,Bengaluru Urban,Bangalore_East_Varturu2_Doddanekundi_Revenue_Map,Polygon,77.692312,12.96805,6
Bangalore East,Krishnarajapura,Doddanekundhi,169,200301005008,Bengaluru Urban,Bangalore_East_Varturu2_Doddanekundi_Revenue_Map,Polygon,77.689463,12.967977,9
Bangalore East,Krishnarajapura,Doddanekundhi,108,200301005008,Bengaluru Urban,Bangalore_East_Varturu2_Doddanekundi_Revenue_Map,Polygon,77.698891,12.967336,8
Bangalore East,Krishnarajapura,Doddanekundhi,96,200301005008,Bengaluru Urban,Bangalore_East_Varturu2_Doddanekundi_Revenue_Map,Polygon,77.701122,12.967375,8
Bangalore East,Krishnarajapura,Doddanekundhi,158,200301005008,Bengaluru Urban,Bangalore_East_Varturu2_Doddanekundi_Revenue_Map,Polygon,77.691955,12.967222,12
Bangalore East,Krishnarajapura,Doddanekundhi,146,200301005008,Bengaluru Urban,Bangalore_East_Varturu2_Doddanekundi_Revenue_Map,Polygon,77.69326,12.966768,20
Bangalore East,Krishnarajapura,Doddanekundhi,95,200301005008,Bengaluru Urban,Bangalore_East_Varturu2_Doddanekundi_Revenue_Map,Polygon,77.702725,12.96687,11
Bangalore East,Krishnarajapura,Doddanekundhi,170,200301005008,Bengaluru Urban,Bangalore_East_Varturu2_Doddanekundi_Revenue_Map,Polygon,77.689405,12.96745,6
Bangalore East,Krishnarajapura,Doddanekundhi,166,200301005008,Bengaluru Urban,Bangalore_East_Varturu2_Doddanekundi_Revenue_Map,Polygon,77.691297,12.967429,9
Bangalore East,Krishnarajapura,Doddanekundhi,147,200301005008,Bengaluru Urban,Bangalore_East_Varturu2_Doddanekundi_Revenue_Map,Polygon,77.694647,12.966675,17
Bangalore East,Krishnarajapura,Doddanekundhi,167,200301005008,Bengaluru Urban,Bangalore_East_Varturu2_Doddanekundi_Revenue_Map,Polygon,77.690155,12.967357,7
Bangalore East,Krishnarajapura,Doddanekundhi,164,200301005008,Bengaluru Urban,Bangalore_East_Varturu2_Doddanekundi_Revenue_Map,Polygon,77.68961,12.967042,7
Bangalore East,Krishnarajapura,Doddanekundhi,106,200301005008,Bengaluru Urban,Bangalore_East_Varturu2_Doddanekundi_Revenue_Map,Polygon,77.695926,12.966605,9
Bangalore East,Krishnarajapura,Doddanekundhi,165,200301005008,Bengaluru Urban,Bangalore_East_Varturu2_Doddanekundi_Revenue_Map,Polygon,77.691015,12.96663,10
Bangalore East,Krishnarajapura,Doddanekundhi,163,200301005008,Bengaluru Urban,Bangalore_East_Varturu2_Doddanekundi_Revenue_Map,Polygon,77.689655,12.966678,9
Bangalore East,Krishnarajapura,Doddanekundhi,107,200301005008,Bengaluru Urban,Bangalore_East_Varturu2_Doddanekundi_Revenue_Map,Polygon,77.697106,12.966386,5
Bangalore East,Krishnarajapura,Doddanekundhi,109,200301005008,Bengaluru Urban,Bangalore_East_Varturu2_Doddanekundi_Revenue_Map,Polygon,77.699209,12.965618,7
Bangalore East,Krishnarajapura,Doddanekundhi,110,200301005008,Bengaluru Urban,Bangalore_East_Varturu2_Doddanekundi_Revenue_Map,Polygon,77.70053,12.96568,7
Bangalore East,Krishnarajapura,Doddanekundhi,162,200301005008,Bengaluru Urban,Bangalore_East_Varturu2_Doddanekundi_Revenue_Map,Polygon,77.689879,12.966334,11
Bangalore East,Krishnarajapura,Doddanekundhi,159,200301005008,Bengaluru Urban,Bangalore_East_Varturu2_Doddanekundi_Revenue_Map,Polygon,77.691341,12.966052,9
Bangalore East,Krishnarajapura,Doddanekundhi,161,200301005008,Bengaluru Urban,Bangalore_East_Varturu2_Doddanekundi_Revenue_Map,Polygon,77.690003,12.965713,10
Bangalore East,Krishnarajapura,Doddanekundhi,114,200301005008,Bengaluru Urban,Bangalore_East_Varturu2_Doddanekundi_Revenue_Map,Polygon,77.69447,12.964935,15
Bangalore East,Krishnarajapura,Doddanekundhi,160,200301005008,Bengaluru Urban,Bangalore_East_Varturu2_Doddanekundi_Revenue_Map,Polygon,77.69047,12.965822,7
Bangalore East,Krishnarajapura,Doddanekundhi,145_TANK,200301005008,Bengaluru Urban,Bangalore_East_Varturu2_Doddanekundi_Revenue_Map,Polygon,77.691963,12.965701,6
Bangalore East,Krishnarajapura,Doddanekundhi,144,200301005008,Bengaluru Urban,Bangalore_East_Varturu2_Doddanekundi_Revenue_Map,Polygon,77.692783,12.965262,16
Bangalore East,Krishnarajapura,Doddanekundhi,113,200301005008,Bengaluru Urban,Bangalore_East_Varturu2_Doddanekundi_Revenue_Map,Polygon,77.696519,12.964778,8
Bangalore East,Krishnarajapura,Doddanekundhi,142,200301005008,Bengaluru Urban,Bangalore_East_Varturu2_Doddanekundi_Revenue_Map,Polygon,77.690394,12.965419,7
Bangalore East,Krishnarajapura,Doddanekundhi,143,200301005008,Bengaluru Urban,Bangalore_East_Varturu2_Doddanekundi_Revenue_Map,Polygon,77.690902,12.96526,7
Bangalore East,Krishnarajapura,Doddanekundhi,141,200301005008,Bengaluru Urban,Bangalore_East_Varturu2_Doddanekundi_Revenue_Map,Polygon,77.690377,12.964302,13
Bangalore East,Krishnarajapura,Doddanekundhi,140,200301005008,Bengaluru Urban,Bangalore_East_Varturu2_Doddanekundi_Revenue_Map,Polygon,77.691584,12.964453,9
Bangalore East,Krishnarajapura,Doddanekundhi,111,200301005008,Bengaluru Urban,Bangalore_East_Varturu2_Doddanekundi_Revenue_Map,Polygon,77.699288,12.963735,10
Bangalore East,Krishnarajapura,Doddanekundhi,139,200301005008,Bengaluru Urban,Bangalore_East_Varturu2_Doddanekundi_Revenue_Map,Polygon,77.692611,12.96432,6
Bangalore East,Krishnarajapura,Doddanekundhi,138,200301005008,Bengaluru Urban,Bangalore_East_Varturu2_Doddanekundi_Revenue_Map,Polygon,77.693799,12.963633,9
Bangalore East,Krishnarajapura,Doddanekundhi,112,200301005008,Bengaluru Urban,Bangalore_East_Varturu2_Doddanekundi_Revenue_Map,Polygon,77.696607,12.963027,8
Bangalore East,Krishnarajapura,Doddanekundhi,115,200301005008,Bengaluru Urban,Bangalore_East_Varturu2_Doddanekundi_Revenue_Map,Polygon,77.695103,12.963377,8
Bangalore East,Krishnarajapura,Doddanekundhi,136,200301005008,Bengaluru Urban,Bangalore_East_Varturu2_Doddanekundi_Revenue_Map,Polygon,77.69152,12.963268,8
Bangalore East,Krishnarajapura,Doddanekundhi,137,200301005008,Bengaluru Urban,Bangalore_East_Varturu2_Doddanekundi_Revenue_Map,Polygon,77.693004,12.963154,7
Bangalore East,Krishnarajapura,Doddanekundhi,135,200301005008,Bengaluru Urban,Bangalore_East_Varturu2_Doddanekundi_Revenue_Map,Polygon,77.69229,12.962331,7
Bangalore East,Krishnarajapura,Doddanekundhi,116,200301005008,Bengaluru Urban,Bangalore_East_Varturu2_Doddanekundi_Revenue_Map,Polygon,77.694135,12.961661,18
Bangalore East,Krishnarajapura,Doddanekundhi,117,200301005008,Bengaluru Urban,Bangalore_East_Varturu2_Doddanekundi_Revenue_Map,Polygon,77.692361,12.960987,7
Bangalore East,Krishnarajapura,Doddanekundhi,134,200301005008,Bengaluru Urban,Bangalore_East_Varturu2_Doddanekundi_Revenue_Map,Polygon,77.69027,12.959456,8
Bangalore East,Krishnarajapura,Doddanekundhi,133,200301005008,Bengaluru Urban,Bangalore_East_Varturu2_Doddanekundi_Revenue_Map,Polygon,77.690715,12.958503,12
Bangalore East,Krishnarajapura,Doddanekundhi,131,200301005008,Bengaluru Urban,Bangalore_East_Varturu2_Doddanekundi_Revenue_Map,Polygon,77.689649,12.958279,18
Bangalore East,Krishnarajapura,Doddanekundhi,132,200301005008,Bengaluru Urban,Bangalore_East_Varturu2_Doddanekundi_Revenue_Map,Polygon,77.690359,12.957362,9
Bangalore East,Krishnarajapura,Doddanekundhi,130,200301005008,Bengaluru Urban,Bangalore_East_Varturu2_Doddanekundi_Revenue_Map,Polygon,77.688716,12.957084,12
Bangalore East,Krishnarajapura,Doddanekundhi,128,200301005008,Bengaluru Urban,Bangalore_East_Varturu2_Doddanekundi_Revenue_Map,Polygon,77.689734,12.95659,9
Bangalore East,Krishnarajapura,Doddanekundhi,127,200301005008,Bengaluru Urban,Bangalore_East_Varturu2_Doddanekundi_Revenue_Map,Polygon,77.690674,12.956554,5
Bangalore East,Krishnarajapura,Doddanekundhi,129,200301005008,Bengaluru Urban,Bangalore_East_Varturu2_Doddanekundi_Revenue_Map,Polygon,77.688813,12.955763,13
Bangalore East,Krishnarajapura,Doddanekundhi,126,200301005008,Bengaluru Urban,Bangalore_East_Varturu2_Doddanekundi_Revenue_Map,Polygon,77.690199,12.955831,9
Bangalore East,Krishnarajapura,Doddanekundhi,ROAD,200301005008,Bengaluru Urban,Bangalore_East_Varturu2_Doddanekundi_Revenue_Map,Polygon,77.689984,12.955534,11
Bangalore East,Krishnarajapura,Doddanekundhi,125,200301005008,Bengaluru Urban,Bangalore_East_Varturu2_Doddanekundi_Revenue_Map,Polygon,77.690024,12.955325,10
Bangalore East,Krishnarajapura,Doddanekundhi,124,200301005008,Bengaluru Urban,Bangalore_East_Varturu2_Doddanekundi_Revenue_Map,Polygon,77.691165,12.955063,6
Bangalore East,Krishnarajapura,Doddanekundhi,123,200301005008,Bengaluru Urban,Bangalore_East_Varturu2_Doddanekundi_Revenue_Map,Polygon,77.689195,12.954775,9
Bangalore East,Krishnarajapura,Doddanekundhi,119,200301005008,Bengaluru Urban,Bangalore_East_Varturu2_Doddanekundi_Revenue_Map,Polygon,77.691084,12.954526,5
Bangalore East,Krishnarajapura,Doddanekundhi,120,200301005008,Bengaluru Urban,Bangalore_East_Varturu2_Doddanekundi_Revenue_Map,Polygon,77.690723,12.953795,9
Bangalore East,Krishnarajapura,Doddanekundhi,122,200301005008,Bengaluru Urban,Bangalore_East_Varturu2_Doddanekundi_Revenue_Map,Polygon,77.688893,12.954416,9
Bangalore East,Krishnarajapura,Doddanekundhi,121,200301005008,Bengaluru Urban,Bangalore_East_Varturu2_Doddanekundi_Revenue_Map,Polygon,77.689648,12.95361,20
Bangalore East,Krishnarajapura,Doddanekundhi,118,200301005008,Bengaluru Urban,Bangalore_East_Varturu2_Doddanekundi_Revenue_Map,Polygon,77.691438,12.953558,10
Bangalore South,Begur,Shinivagilu Amanikere,14,200201001038,Bengaluru Urban,Bangalore_South_Beguru1_Shreenivagilukere_Revenue_Map,Polygon,77.629581,12.937052,10
Bangalore South,Begur,Shinivagilu Amanikere,13_TANK,200201001038,Bengaluru Urban,Bangalore_South_Beguru1_Shreenivagilukere_Revenue_Map,Polygon,77.631714,12.934273,54
Bangalore South,Begur,Shinivagilu Amanikere,12,200201001038,Bengaluru Urban,Bangalore_South_Beguru1_Shreenivagilukere_Revenue_Map,Polygon,77.635924,12.932908,17
Bangalore South,Begur,Shinivagilu Amanikere,11,200201001038,Bengaluru Urban,Bangalore_South_Beguru1_Shreenivagilukere_Revenue_Map,Polygon,77.63508,12.931688,32
Bangalore South,Begur,Shinivagilu Amanikere,4,200201001038,Bengaluru Urban,Bangalore_South_Beguru1_Shreenivagilukere_Revenue_Map,Polygon,77.638077,12.931299,21
Bangalore South,Begur,Shinivagilu Amanikere,10,200201001038,Bengaluru Urban,Bangalore_South_Beguru1_Shreenivagilukere_Revenue_Map,Polygon,77.636877,12.92987,15
Bangalore South,Begur,Shinivagilu Amanikere,1,200201001038,Bengaluru Urban,Bangalore_South_Beguru1_Shreenivagilukere_Revenue_Map,Polygon,77.642402,12.930183,6
Bangalore South,Begur,Shinivagilu Amanikere,2,200201001038,Bengaluru Urban,Bangalore_South_Beguru1_Shreenivagilukere_Revenue_Map,Polygon,77.641571,12.928993,38
Bangalore South,Begur,Shinivagilu Amanikere,3,200201001038,Bengaluru Urban,Bangalore_South_Beguru1_Shreenivagilukere_Revenue_Map,Polygon,77.640086,12.93021,8
Bangalore South,Begur,Shinivagilu Amanikere,8,200201001038,Bengaluru Urban,Bangalore_South_Beguru1_Shreenivagilukere_Revenue_Map,Polygon,77.638343,12.930204,8
Bangalore South,Begur,Shinivagilu Amanikere,9,200201001038,Bengaluru Urban,Bangalore_South_Beguru1_Shreenivagilukere_Revenue_Map,Polygon,77.637451,12.929745,12
Bangalore South,Begur,Shinivagilu Amanikere,STREAM,200201001038,Bengaluru Urban,Bangalore_South_Beguru1_Shreenivagilukere_Revenue_Map,Polygon,77.637711,12.929831,12
Bangalore South,Begur,Shinivagilu Amanikere,6,200201001038,Bengaluru Urban,Bangalore_South_Beguru1_Shreenivagilukere_Revenue_Map,Polygon,77.638805,12.928672,34
Bangalore South,Begur,Shinivagilu Amanikere,5,200201001038,Bengaluru Urban,Bangalore_South_Beguru1_Shreenivagilukere_Revenue_Map,Polygon,77.640095,12.928793,27
Bangalore South,Begur,Shinivagilu Amanikere,7,200201001038,Bengaluru Urban,Bangalore_South_Beguru1_Shreenivagilukere_Revenue_Map,Polygon,77.638579,12.929336,8
Bangalore South,Begur,Yellukunte,8,200201001044,Bengaluru Urban,Bangalore_South_Beguru2_Ellukunte_Revenue_Map,Polygon,77.637403,12.91192,30
Bangalore South,Begur,Yellukunte,31_TANK,200201001044,Bengaluru Urban,Bangalore_South_Beguru2_Ellukunte_Revenue_Map,Polygon,77.639582,12.910256,26
Bangalore South,Begur,Yellukunte,7,200201001044,Bengaluru Urban,Bangalore_South_Beguru2_Ellukunte_Revenue_Map,Polygon,77.636366,12.910753,16
Bangalore South,Begur,Yellukunte,6,200201001044,Bengaluru Urban,Bangalore_South_Beguru2_Ellukunte_Revenue_Map,Polygon,77.636045,12.910423,9
Bangalore South,Begur,Yellukunte,5,200201001044,Bengaluru Urban,Bangalore_South_Beguru2_Ellukunte_Revenue_Map,Polygon,77.636439,12.909178,38
Bangalore South,Begur,Yellukunte,4,200201001044,Bengaluru Urban,Bangalore_South_Beguru2_Ellukunte_Revenue_Map,Polygon,77.63911,12.909165,5
Bangalore South,Begur,Yellukunte,3,200201001044,Bengaluru Urban,Bangalore_South_Beguru2_Ellukunte_Revenue_Map,Polygon,77.637724,12.908794,17
Bangalore South,Begur,Yellukunte,9,200201001044,Bengaluru Urban,Bangalore_South_Beguru2_Ellukunte_Revenue_Map,Polygon,77.63972,12.908354,11
Bangalore South,Begur,Yellukunte,10,200201001044,Bengaluru Urban,Bangalore_South_Beguru2_Ellukunte_Revenue_Map,Polygon,77.641044,12.908059,12
Bangalore South,Begur,Yellukunte,13,200201001044,Bengaluru Urban,Bangalore_South_Beguru2_Ellukunte_Revenue_Map,Polygon,77.642666,12.907171,30
Bangalore South,Begur,Yellukunte,2,200201001044,Bengaluru Urban,Bangalore_South_Beguru2_Ellukunte_Revenue_Map,Polygon,77.638745,12.908386,7
Bangalore South,Begur,Yellukunte,29,200201001044,Bengaluru Urban,Bangalore_South_Beguru2_Ellukunte_Revenue_Map,Polygon,77.636419,12.907626,18
Bangalore South,Begur,Yellukunte,30,200201001044,Bengaluru Urban,Bangalore_South_Beguru2_Ellukunte_Revenue_Map,Polygon,77.637744,12.907206,21
Bangalore South,Begur,Yellukunte,1,200201001044,Bengaluru Urban,Bangalore_South_Beguru2_Ellukunte_Revenue_Map,Polygon,77.638569,12.908303,5
Bangalore South,Begur,Yellukunte,SETTLEMENT,200201001044,Bengaluru Urban,Bangalore_South_Beguru2_Ellukunte_Revenue_Map,Polygon,77.638898,12.90756,14
Bangalore South,Begur,Yellukunte,11,200201001044,Bengaluru Urban,Bangalore_South_Beguru2_Ellukunte_Revenue_Map,Polygon,77.639845,12.906388,25
Bangalore South,Begur,Yellukunte,12,200201001044,Bengaluru Urban,Bangalore_South_Beguru2_Ellukunte_Revenue_Map,Polygon,77.641506,12.90688,9
Bangalore South,Begur,Yellukunte,28,200201001044,Bengaluru Urban,Bangalore_South_Beguru2_Ellukunte_Revenue_Map,Polygon,77.635708,12.906843,7
Bangalore South,Begur,Yellukunte,14_TANK,200201001044,Bengaluru Urban,Bangalore_South_Beguru2_Ellukunte_Revenue_Map,Polygon,77.644492,12.905869,15
Bangalore South,Begur,Yellukunte,26,200201001044,Bengaluru Urban,Bangalore_South_Beguru2_Ellukunte_Revenue_Map,Polygon,77.636301,12.905742,16
Bangalore South,Begur,Yellukunte,27,200201001044,Bengaluru Urban,Bangalore_South_Beguru2_Ellukunte_Revenue_Map,Polygon,77.634863,12.905045,20
Bangalore South,Begur,Yellukunte,25,200201001044,Bengaluru Urban,Bangalore_South_Beguru2_Ellukunte_Revenue_Map,Polygon,77.638235,12.905563,9
Bangalore South,Begur,Yellukunte,PALYA_MANGAMMANAPALYA,200201001044,Bengaluru Urban,Bangalore_South_Beguru2_Ellukunte_Revenue_Map,Polygon,77.638871,12.905235,17
Bangalore South,Begur,Yellukunte,18,200201001044,Bengaluru Urban,Bangalore_South_Beguru2_Ellukunte_Revenue_Map,Polygon,77.640472,12.904662,23
Bangalore South,Begur,Yellukunte,24,200201001044,Bengaluru Urban,Bangalore_South_Beguru2_Ellukunte_Revenue_Map,Polygon,77.637888,12.903573,24
Bangalore South,Begur,Yellukunte,15,200201001044,Bengaluru Urban,Bangalore_South_Beguru2_Ellukunte_Revenue_Map,Polygon,77.644846,12.902963,18
Bangalore South,Begur,Yellukunte,19_TANK,200201001044,Bengaluru Urban,Bangalore_South_Beguru2_Ellukunte_Revenue_Map,Polygon,77.639351,12.902407,23
Bangalore South,Begur,Yellukunte,17,200201001044,Bengaluru Urban,Bangalore_South_Beguru2_Ellukunte_Revenue_Map,Polygon,77.641828,12.901668,11
Bangalore South,Begur,Yellukunte,16,200201001044,Bengaluru Urban,Bangalore_South_Beguru2_Ellukunte_Revenue_Map,Polygon,77.644326,12.900947,21
Bangalore South,Begur,Yellukunte,23,200201001044,Bengaluru Urban,Bangalore_South_Beguru2_Ellukunte_Revenue_Map,Polygon,77.634285,12.901686,27
Bangalore South,Begur,Yellukunte,22,200201001044,Bengaluru Urban,Bangalore_South_Beguru2_Ellukunte_Revenue_Map,Polygon,77.635771,12.901351,18
Bangalore South,Begur,Yellukunte,21,200201001044,Bengaluru Urban,Bangalore_South_Beguru2_Ellukunte_Revenue_Map,Polygon,77.637492,12.901798,16
Bangalore South,Begur,Yellukunte,20,200201001044,Bengaluru Urban,Bangalore_South_Beguru2_Ellukunte_Revenue_Map,Polygon,77.638398,12.900524,25
Bangalore South,Begur,K.G.Chandrashekarapura,11,200201001022,Bengaluru Urban,Bangalore_South_Beguru3_Chandrashekharapura_Revenue_Map,Polygon,77.60749,12.869448,13
Bangalore South,Begur,K.G.Chandrashekarapura,12,200201001022,Bengaluru Urban,Bangalore_South_Beguru3_Chandrashekharapura_Revenue_Map,Polygon,77.60768,12.867305,34
Bangalore South,Begur,K.G.Chandrashekarapura,10,200201001022,Bengaluru Urban,Bangalore_South_Beguru3_Chandrashekharapura_Revenue_Map,Polygon,77.606833,12.868543,7
Bangalore South,Begur,K.G.Chandrashekarapura,9,200201001022,Bengaluru Urban,Bangalore_South_Beguru3_Chandrashekharapura_Revenue_Map,Polygon,77.606195,12.86779,10
Bangalore South,Begur,K.G.Chandrashekarapura,8,200201001022,Bengaluru Urban,Bangalore_South_Beguru3_Chandrashekharapura_Revenue_Map,Polygon,77.605713,12.866853,10
Bangalore South,Begur,K.G.Chandrashekarapura,15,200201001022,Bengaluru Urban,Bangalore_South_Beguru3_Chandrashekharapura_Revenue_Map,Polygon,77.610669,12.866771,22
Bangalore South,Begur,K.G.Chandrashekarapura,17,200201001022,Bengaluru Urban,Bangalore_South_Beguru3_Chandrashekharapura_Revenue_Map,Polygon,77.612562,12.865479,21
Bangalore South,Begur,K.G.Chandrashekarapura,13,200201001022,Bengaluru Urban,Bangalore_South_Beguru3_Chandrashekharapura_Revenue_Map,Polygon,77.609204,12.866633,7
Bangalore South,Begur,K.G.Chandrashekarapura,7,200201001022,Bengaluru Urban,Bangalore_South_Beguru3_Chandrashekharapura_Revenue_Map,Polygon,77.605331,12.865676,15
Bangalore South,Begur,K.G.Chandrashekarapura,16,200201001022,Bengaluru Urban,Bangalore_South_Beguru3_Chandrashekharapura_Revenue_Map,Polygon,77.611241,12.865303,14
Bangalore South,Begur,K.G.Chandrashekarapura,14,200201001022,Bengaluru Urban,Bangalore_South_Beguru3_Chandrashekharapura_Revenue_Map,Polygon,77.609553,12.865351,6
Bangalore South,Begur,K.G.Chandrashekarapura,6,200201001022,Bengaluru Urban,Bangalore_South_Beguru3_Chandrashekharapura_Revenue_Map,Polygon,77.606134,12.864532,10
Bangalore South,Begur,K.G.Chandrashekarapura,4_TANK,200201001022,Bengaluru Urban,Bangalore_South_Beguru3_Chandrashekharapura_Revenue_Map,Polygon,77.605282,12.864015,15
Bangalore South,Begur,K.G.Chandrashekarapura,19,200201001022,Bengaluru Urban,Bangalore_South_Beguru3_Chandrashekharapura_Revenue_Map,Polygon,77.609994,12.864327,7
Bangalore South,Begur,K.G.Chandrashekarapura,5,200201001022,Bengaluru Urban,Bangalore_South_Beguru3_Chandrashekharapura_Revenue_Map,Polygon,77.604925,12.864194,18
Bangalore South,Begur,K.G.Chandrashekarapura,2,200201001022,Bengaluru Urban,Bangalore_South_Beguru3_Chandrashekharapura_Revenue_Map,Polygon,77.606919,12.863311,7
Bangalore South,Begur,K.G.Chandrashekarapura,1_TANK,200201001022,Bengaluru Urban,Bangalore_South_Beguru3_Chandrashekharapura_Revenue_Map,Polygon,77.607731,12.863476,11
Bangalore South,Begur,K.G.Chandrashekarapura,3,200201001022,Bengaluru Urban,Bangalore_South_Beguru3_Chandrashekharapura_Revenue_Map,Polygon,77.606304,12.863423,7
Bangalore South,Begur,K.G.Chandrashekarapura,20,200201001022,Bengaluru Urban,Bangalore_South_Beguru3_Chandrashekharapura_Revenue_Map,Polygon,77.60921,12.86323,26
Bangalore South,Begur,K.G.Chandrashekarapura,18,200201001022,Bengaluru Urban,Bangalore_South_Beguru3_Chandrashekharapura_Revenue_Map,Polygon,77.611064,12.863107,11
Bangalore South,Begur,K.G.Chandrashekarapura,STREAM,200201001022,Bengaluru Urban,Bangalore_South_Beguru3_Chandrashekharapura_Revenue_Map,Polygon,77.609112,12.863239,22
Bangalore South,Begur,K.G.Chandrashekarapura,24,200201001022,Bengaluru Urban,Bangalore_South_Beguru3_Chandrashekharapura_Revenue_Map,Polygon,77.606017,12.862086,13
Bangalore South,Begur,K.G.Chandrashekarapura,23,200201001022,Bengaluru Urban,Bangalore_South_Beguru3_Chandrashekharapura_Revenue_Map,Polygon,77.607359,12.86148,8
Bangalore South,Begur,K.G.Chandrashekarapura,21,200201001022,Bengaluru Urban,Bangalore_South_Beguru3_Chandrashekharapura_Revenue_Map,Polygon,77.60987,12.861659,9
Bangalore South,Begur,K.G.Chandrashekarapura,22,200201001022,Bengaluru Urban,Bangalore_South_Beguru3_Chandrashekharapura_Revenue_Map,Polygon,77.608974,12.861085,8
Bangalore North,Kasaba,Lalbagh (Upparahalli),SETTLEMENT,200101004059,Bengaluru Urban,Bangalore_South_Kengeri_Sonnenahalli_Revenue_Map,Polygon,77.581497,12.949704,19
Bangalore North,Kasaba,Lalbagh (Upparahalli),ROAD,200101004059,Bengaluru Urban,Bangalore_South_Kengeri_Sonnenahalli_Revenue_Map,Polygon,77.57997,12.948677,25
Bangalore North,Kasaba,Lalbagh (Upparahalli),28,200101004059,Bengaluru Urban,Bangalore_South_Kengeri_Sonnenahalli_Revenue_Map,Polygon,77.579633,12.949719,9
Bangalore North,Kasaba,Lalbagh (Upparahalli),29,200101004059,Bengaluru Urban,Bangalore_South_Kengeri_Sonnenahalli_Revenue_Map,Polygon,77.582863,12.949858,8
Bangalore North,Kasaba,Lalbagh (Upparahalli),30,200101004059,Bengaluru Urban,Bangalore_South_Kengeri_Sonnenahalli_Revenue_Map,Polygon,77.582807,12.949551,7
Bangalore North,Kasaba,Lalbagh (Upparahalli),31,200101004059,Bengaluru Urban,Bangalore_South_Kengeri_Sonnenahalli_Revenue_Map,Polygon,77.582448,12.949125,10
Bangalore North,Kasaba,Lalbagh (Upparahalli),1,200101004059,Bengaluru Urban,Bangalore_South_Kengeri_Sonnenahalli_Revenue_Map,Polygon,77.581269,12.948727,20
Bangalore North,Kasaba,Lalbagh (Upparahalli),27,200101004059,Bengaluru Urban,Bangalore_South_Kengeri_Sonnenahalli_Revenue_Map,Polygon,77.58039,12.948267,9
Bangalore North,Kasaba,Lalbagh (Upparahalli),26,200101004059,Bengaluru Urban,Bangalore_South_Kengeri_Sonnenahalli_Revenue_Map,Polygon,77.581002,12.946033,35
Bangalore North,Kasaba,Lalbagh (Upparahalli),3,200101004059,Bengaluru Urban,Bangalore_South_Kengeri_Sonnenahalli_Revenue_Map,Polygon,77.58549,12.946941,12
Bangalore North,Kasaba,Lalbagh (Upparahalli),4,200101004059,Bengaluru Urban,Bangalore_South_Kengeri_Sonnenahalli_Revenue_Map,Polygon,77.584857,12.945277,12
Bangalore North,Kasaba,Lalbagh (Upparahalli),25,200101004059,Bengaluru Urban,Bangalore_South_Kengeri_Sonnenahalli_Revenue_Map,Polygon,77.581316,12.945402,5
Bangalore North,Kasaba,Lalbagh (Upparahalli),24,200101004059,Bengaluru Urban,Bangalore_South_Kengeri_Sonnenahalli_Revenue_Map,Polygon,77.580715,12.945007,10
Bangalore North,Kasaba,Lalbagh (Upparahalli),7,200101004059,Bengaluru Urban,Bangalore_South_Kengeri_Sonnenahalli_Revenue_Map,Polygon,77.583651,12.94379,26
Bangalore North,Kasaba,Lalbagh (Upparahalli),23,200101004059,Bengaluru Urban,Bangalore_South_Kengeri_Sonnenahalli_Revenue_Map,Polygon,77.580527,12.944517,7
Bangalore North,Kasaba,Lalbagh (Upparahalli),5,200101004059,Bengaluru Urban,Bangalore_South_Kengeri_Sonnenahalli_Revenue_Map,Polygon,77.583943,12.944153,8
Bangalore North,Kasaba,Lalbagh (Upparahalli),6,200101004059,Bengaluru Urban,Bangalore_South_Kengeri_Sonnenahalli_Revenue_Map,Polygon,77.584434,12.94373,11
Bangalore North,Kasaba,Lalbagh (Upparahalli),22,200101004059,Bengaluru Urban,Bangalore_South_Kengeri_Sonnenahalli_Revenue_Map,Polygon,77.580549,12.943485,9
Bangalore North,Kasaba,Lalbagh (Upparahalli),8,200101004059,Bengaluru Urban,Bangalore_South_Kengeri_Sonnenahalli_Revenue_Map,Polygon,77.583214,12.943814,10
Bangalore North,Kasaba,Lalbagh (Upparahalli),9,200101004059,Bengaluru Urban,Bangalore_South_Kengeri_Sonnenahalli_Revenue_Map,Polygon,77.58292,12.943656,14
Bangalore North,Kasaba,Lalbagh (Upparahalli),10,200101004059,Bengaluru Urban,Bangalore_South_Kengeri_Sonnenahalli_Revenue_Map,Polygon,77.582425,12.943251,12
Bangalore North,Kasaba,Lalbagh (Upparahalli),MAJARE,200101004059,Bengaluru Urban,Bangalore_South_Kengeri_Sonnenahalli_Revenue_Map,Polygon,77.583966,12.942694,14
Bangalore North,Kasaba,Lalbagh (Upparahalli),11,200101004059,Bengaluru Urban,Bangalore_South_Kengeri_Sonnenahalli_Revenue_Map,Polygon,77.581908,12.942969,8
Bangalore North,Kasaba,Lalbagh (Upparahalli),21,200101004059,Bengaluru Urban,Bangalore_South_Kengeri_Sonnenahalli_Revenue_Map,Polygon,77.580919,12.942766,49
Bangalore North,Kasaba,Lalbagh (Upparahalli),STREAM,200101004059,Bengaluru Urban,Bangalore_South_Kengeri_Sonnenahalli_Revenue_Map,Polygon,77.5809,12.942831,39
Bangalore North,Kasaba,Lalbagh (Upparahalli),12,200101004059,Bengaluru Urban,Bangalore_South_Kengeri_Sonnenahalli_Revenue_Map,Polygon,77.582492,12.942175,20
Bangalore North,Kasaba,Lalbagh (Upparahalli),13,200101004059,Bengaluru Urban,Bangalore_South_Kengeri_Sonnenahalli_Revenue_Map,Polygon,77.583211,12.941443,13
Bangalore North,Kasaba,Lalbagh (Upparahalli),20,200101004059,Bengaluru Urban,Bangalore_South_Kengeri_Sonnenahalli_Revenue_Map,Polygon,77.58101,12.940971,8
Bangalore North,Kasaba,Lalbagh (Upparahalli),14,200101004059,Bengaluru Urban,Bangalore_South_Kengeri_Sonnenahalli_Revenue_Map,Polygon,77.581822,12.940885,6
Bangalore North,Kasaba,Lalbagh (Upparahalli),15,200101004059,Bengaluru Urban,Bangalore_South_Kengeri_Sonnenahalli_Revenue_Map,Polygon,77.582413,12.939847,17
Bangalore North,Kasaba,Lalbagh (Upparahalli),ROAD,200101004059,Bengaluru Urban,Bangalore_South_Kengeri_Sonnenahalli_Revenue_Map,Polygon,77.581179,12.938243,24
Bangalore North,Kasaba,Lalbagh (Upparahalli),19,200101004059,Bengaluru Urban,Bangalore_South_Kengeri_Sonnenahalli_Revenue_Map,Polygon,77.580727,12.93909,13
Bangalore North,Kasaba,Lalbagh (Upparahalli),18,200101004059,Bengaluru Urban,Bangalore_South_Kengeri_Sonnenahalli_Revenue_Map,Polygon,77.581005,12.937791,14
Bangalore North,Kasaba,Lalbagh (Upparahalli),ROAD,200101004059,Bengaluru Urban,Bangalore_South_Kengeri_Sonnenahalli_Revenue_Map,Polygon,77.580103,12.938356,5
Bangalore North,Kasaba,Lalbagh (Upparahalli),16,200101004059,Bengaluru Urban,Bangalore_South_Kengeri_Sonnenahalli_Revenue_Map,Polygon,77.583452,12.938447,17
Bangalore North,Kasaba,Lalbagh (Upparahalli),17,200101004059,Bengaluru Urban,Bangalore_South_Kengeri_Sonnenahalli_Revenue_Map,Polygon,77.583564,12.937381,18
Bangalore South,Kengeri,Kengeri,213,200201002027,Bengaluru Urban,Bangalore_South_Kengeri1_Kengeri_Revenue_Map,Polygon,77.477025,12.925463,16
Bangalore South,Kengeri,Kengeri,212,200201002027,Bengaluru Urban,Bangalore_South_Kengeri1_Kengeri_Revenue_Map,Polygon,77.473729,12.924936,22
Bangalore South,Kengeri,Kengeri,214,200201002027,Bengaluru Urban,Bangalore_South_Kengeri1_Kengeri_Revenue_Map,Polygon,77.479192,12.924379,34
Bangalore South,Kengeri,Kengeri,236,200201002027,Bengaluru Urban,Bangalore_South_Kengeri1_Kengeri_Revenue_Map,Polygon,77.478683,12.924644,17
Bangalore South,Kengeri,Kengeri,STREAM,200201002027,Bengaluru Urban,Bangalore_South_Kengeri1_Kengeri_Revenue_Map,Polygon,77.478486,12.918214,98
Bangalore South,Kengeri,Kengeri,211,200201002027,Bengaluru Urban,Bangalore_South_Kengeri1_Kengeri_Revenue_Map,Polygon,77.475926,12.923576,13
Bangalore South,Kengeri,Kengeri,210,200201002027,Bengaluru Urban,Bangalore_South_Kengeri1_Kengeri_Revenue_Map,Polygon,77.476938,12.923392,13
Bangalore South,Kengeri,Kengeri,215,200201002027,Bengaluru Urban,Bangalore_South_Kengeri1_Kengeri_Revenue_Map,Polygon,77.478082,12.922879,11
Bangalore South,Kengeri,Kengeri,94,200201002027,Bengaluru Urban,Bangalore_South_Kengeri1_Kengeri_Revenue_Map,Polygon,77.472934,12.922533,21
Bangalore South,Kengeri,Kengeri,261,200201002027,Bengaluru Urban,Bangalore_South_Kengeri1_Kengeri_Revenue_Map,Polygon,77.47356,12.923042,17
Bangalore South,Kengeri,Kengeri,260,200201002027,Bengaluru Urban,Bangalore_South_Kengeri1_Kengeri_Revenue_Map,Polygon,77.474825,12.922338,16
Bangalore South,Kengeri,Kengeri,217,200201002027,Bengaluru Urban,Bangalore_South_Kengeri1_Kengeri_Revenue_Map,Polygon,77.478645,12.920971,15
Bangalore South,Kengeri,Kengeri,209,200201002027,Bengaluru Urban,Bangalore_South_Kengeri1_Kengeri_Revenue_Map,Polygon,77.477361,12.921158,12
Bangalore South,Kengeri,Kengeri,205,200201002027,Bengaluru Urban,Bangalore_South_Kengeri1_Kengeri_Revenue_Map,Polygon,77.473821,12.91798,87
Bangalore South,Kengeri,Kengeri,216_TANK,200201002027,Bengaluru Urban,Bangalore_South_Kengeri1_Kengeri_Revenue_Map,Polygon,77.478301,12.921405,5
Bangalore South,Kengeri,Kengeri,218,200201002027,Bengaluru Urban,Bangalore_South_Kengeri1_Kengeri_Revenue_Map,Polygon,77.480079,12.920643,25
Bangalore South,Kengeri,Kengeri,268,200201002027,Bengaluru Urban,Bangalore_South_Kengeri1_Kengeri_Revenue_Map,Polygon,77.474532,12.920113,13
Bangalore South,Kengeri,Kengeri,206,200201002027,Bengaluru Urban,Bangalore_South_Kengeri1_Kengeri_Revenue_Map,Polygon,77.475762,12.920186,16
Bangalore South,Kengeri,Kengeri,9,200201002027,Bengaluru Urban,Bangalore_South_Kengeri1_Kengeri_Revenue_Map,Polygon,77.482344,12.919622,27
Bangalore South,Kengeri,Kengeri,208,200201002027,Bengaluru Urban,Bangalore_South_Kengeri1_Kengeri_Revenue_Map,Polygon,77.478207,12.919854,13
Bangalore South,Kengeri,Kengeri,10,200201002027,Bengaluru Urban,Bangalore_South_Kengeri1_Kengeri_Revenue_Map,Polygon,77.483853,12.919757,11
Bangalore South,Kengeri,Kengeri,207,200201002027,Bengaluru Urban,Bangalore_South_Kengeri1_Kengeri_Revenue_Map,Polygon,77.477195,12.918536,40
Bangalore South,Kengeri,Kengeri,219,200201002027,Bengaluru Urban,Bangalore_South_Kengeri1_Kengeri_Revenue_Map,Polygon,77.479803,12.919064,24
Bangalore South,Kengeri,Kengeri,11,200201002027,Bengaluru Urban,Bangalore_South_Kengeri1_Kengeri_Revenue_Map,Polygon,77.484122,12.919311,19
Bangalore South,Kengeri,Kengeri,RAILWAY,200201002027,Bengaluru Urban,Bangalore_South_Kengeri1_Kengeri_Revenue_Map,Polygon,77.47388,12.909614,129
Bangalore South,Kengeri,Kengeri,12,200201002027,Bengaluru Urban,Bangalore_South_Kengeri1_Kengeri_Revenue_Map,Polygon,77.486047,12.918683,19
Bangalore South,Kengeri,Kengeri,8,200201002027,Bengaluru Urban,Bangalore_South_Kengeri1_Kengeri_Revenue_Map,Polygon,77.483232,12.918462,8
Bangalore South,Kengeri,Kengeri,220,200201002027,Bengaluru Urban,Bangalore_South_Kengeri1_Kengeri_Revenue_Map,Polygon,77.482003,12.918121,13
Bangalore South,Kengeri,Kengeri,TANK,200201002027,Bengaluru Urban,Bangalore_South_Kengeri1_Kengeri_Revenue_Map,Polygon,77.477154,12.918417,26
Bangalore South,Kengeri,Kengeri,224,200201002027,Bengaluru Urban,Bangalore_South_Kengeri1_Kengeri_Revenue_Map,Polygon,77.478576,12.917965,11
Bangalore South,Kengeri,Kengeri,223,200201002027,Bengaluru Urban,Bangalore_South_Kengeri1_Kengeri_Revenue_Map,Polygon,77.481145,12.917622,23
Bangalore South,Kengeri,Kengeri,13,200201002027,Bengaluru Urban,Bangalore_South_Kengeri1_Kengeri_Revenue_Map,Polygon,77.486153,12.917785,20
Bangalore South,Kengeri,Kengeri,204,200201002027,Bengaluru Urban,Bangalore_South_Kengeri1_Kengeri_Revenue_Map,Polygon,77.471418,12.916345,13
Bangalore South,Kengeri,Kengeri,193,200201002027,Bengaluru Urban,Bangalore_South_Kengeri1_Kengeri_Revenue_Map,Polygon,77.476206,12.916297,86
Bangalore South,Kengeri,Kengeri,7,200201002027,Bengaluru Urban,Bangalore_South_Kengeri1_Kengeri_Revenue_Map,Polygon,77.483523,12.917944,7
Bangalore South,Kengeri,Kengeri,6,200201002027,Bengaluru Urban,Bangalore_South_Kengeri1_Kengeri_Revenue_Map,Polygon,77.485906,12.917419,16
Bangalore South,Kengeri,Kengeri,221,200201002027,Bengaluru Urban,Bangalore_South_Kengeri1_Kengeri_Revenue_Map,Polygon,77.483305,12.917585,10
Bangalore South,Kengeri,Kengeri,TANK,200201002027,Bengaluru Urban,Bangalore_South_Kengeri1_Kengeri_Revenue_Map,Polygon,77.474303,12.917416,41
Bangalore South,Kengeri,Kengeri,ROAD,200201002027,Bengaluru Urban,Bangalore_South_Kengeri1_Kengeri_Revenue_Map,Polygon,77.487462,12.914798,56
Bangalore South,Kengeri,Kengeri,16,200201002027,Bengaluru Urban,Bangalore_South_Kengeri1_Kengeri_Revenue_Map,Polygon,77.490956,12.917444,12
Bangalore South,Kengeri,Kengeri,14,200201002027,Bengaluru Urban,Bangalore_South_Kengeri1_Kengeri_Revenue_Map,Polygon,77.487299,12.917503,8
Bangalore South,Kengeri,Kengeri,TANK,200201002027,Bengaluru Urban,Bangalore_South_Kengeri1_Kengeri_Revenue_Map,Polygon,77.473368,12.917482,23
Bangalore South,Kengeri,Kengeri,5,200201002027,Bengaluru Urban,Bangalore_South_Kengeri1_Kengeri_Revenue_Map,Polygon,77.485574,12.916972,16
Bangalore South,Kengeri,Kengeri,STREAM,200201002027,Bengaluru Urban,Bangalore_South_Kengeri1_Kengeri_Revenue_Map,Polygon,77.485279,12.90752,192
Bangalore South,Kengeri,Kengeri,15_TANK,200201002027,Bengaluru Urban,Bangalore_South_Kengeri1_Kengeri_Revenue_Map,Polygon,77.487212,12.915575,23
Bangalore South,Kengeri,Kengeri,17,200201002027,Bengaluru Urban,Bangalore_South_Kengeri1_Kengeri_Revenue_Map,Polygon,77.490783,12.916799,18
Bangalore South,Kengeri,Kengeri,222,200201002027,Bengaluru Urban,Bangalore_South_Kengeri1_Kengeri_Revenue_Map,Polygon,77.483004,12.916954,9
Bangalore South,Kengeri,Kengeri,TANK,200201002027,Bengaluru Urban,Bangalore_South_Kengeri1_Kengeri_Revenue_Map,Polygon,77.475794,12.917133,28
Bangalore South,Kengeri,Kengeri,225,200201002027,Bengaluru Urban,Bangalore_South_Kengeri1_Kengeri_Revenue_Map,Polygon,77.479322,12.916752,22
Bangalore South,Kengeri,Kengeri,18,200201002027,Bengaluru Urban,Bangalore_South_Kengeri1_Kengeri_Revenue_Map,Polygon,77.490455,12.916874,11
Bangalore South,Kengeri,Kengeri,203,200201002027,Bengaluru Urban,Bangalore_South_Kengeri1_Kengeri_Revenue_Map,Polygon,77.473611,12.916042,19
Bangalore South,Kengeri,Kengeri,226,200201002027,Bengaluru Urban,Bangalore_South_Kengeri1_Kengeri_Revenue_Map,Polygon,77.481073,12.916408,26
Bangalore South,Kengeri,Kengeri,ROAD,200201002027,Bengaluru Urban,Bangalore_South_Kengeri1_Kengeri_Revenue_Map,Polygon,77.479648,12.91661,10
Bangalore South,Kengeri,Kengeri,4,200201002027,Bengaluru Urban,Bangalore_South_Kengeri1_Kengeri_Revenue_Map,Polygon,77.485388,12.916301,16
Bangalore South,Kengeri,Kengeri,19,200201002027,Bengaluru Urban,Bangalore_South_Kengeri1_Kengeri_Revenue_Map,Polygon,77.490243,12.916411,14
Bangalore South,Kengeri,Kengeri,227,200201002027,Bengaluru Urban,Bangalore_South_Kengeri1_Kengeri_Revenue_Map,Polygon,77.482956,12.916196,7
Bangalore South,Kengeri,Kengeri,20,200201002027,Bengaluru Urban,Bangalore_South_Kengeri1_Kengeri_Revenue_Map,Polygon,77.489733,12.91574,17
Bangalore South,Kengeri,Kengeri,21,200201002027,Bengaluru Urban,Bangalore_South_Kengeri1_Kengeri_Revenue_Map,Polygon,77.49058,12.915796,14
Bangalore South,Kengeri,Kengeri,3,200201002027,Bengaluru Urban,Bangalore_South_Kengeri1_Kengeri_Revenue_Map,Polygon,77.484811,12.915469,14
Bangalore South,Kengeri,Kengeri,191,200201002027,Bengaluru Urban,Bangalore_South_Kengeri1_Kengeri_Revenue_Map,Polygon,77.47919,12.915136,31
Bangalore South,Kengeri,Kengeri,TANK,200201002027,Bengaluru Urban,Bangalore_South_Kengeri1_Kengeri_Revenue_Map,Polygon,77.476261,12.915903,29
Bangalore South,Kengeri,Kengeri,194,200201002027,Bengaluru Urban,Bangalore_South_Kengeri1_Kengeri_Revenue_Map,Polygon,77.474883,12.914956,12
Bangalore South,Kengeri,Kengeri,202,200201002027,Bengaluru Urban,Bangalore_South_Kengeri1_Kengeri_Revenue_Map,Polygon,77.47179,12.913707,55
Bangalore South,Kengeri,Kengeri,24,200201002027,Bengaluru Urban,Bangalore_South_Kengeri1_Kengeri_Revenue_Map,Polygon,77.488516,12.915406,14
Bangalore South,Kengeri,Kengeri,229,200201002027,Bengaluru Urban,Bangalore_South_Kengeri1_Kengeri_Revenue_Map,Polygon,77.481724,12.915319,13
Bangalore South,Kengeri,Kengeri,192,200201002027,Bengaluru Urban,Bangalore_South_Kengeri1_Kengeri_Revenue_Map,Polygon,77.477601,12.914874,16
Bangalore South,Kengeri,Kengeri,228,200201002027,Bengaluru Urban,Bangalore_South_Kengeri1_Kengeri_Revenue_Map,Polygon,77.482566,12.915561,5
Bangalore South,Kengeri,Kengeri,23,200201002027,Bengaluru Urban,Bangalore_South_Kengeri1_Kengeri_Revenue_Map,Polygon,77.489735,12.915142,13
Bangalore South,Kengeri,Kengeri,2,200201002027,Bengaluru Urban,Bangalore_South_Kengeri1_Kengeri_Revenue_Map,Polygon,77.484608,12.914517,19
Bangalore South,Kengeri,Kengeri,25,200201002027,Bengaluru Urban,Bangalore_South_Kengeri1_Kengeri_Revenue_Map,Polygon,77.488488,12.914965,6
Bangalore South,Kengeri,Kengeri,22,200201002027,Bengaluru Urban,Bangalore_South_Kengeri1_Kengeri_Revenue_Map,Polygon,77.49034,12.915029,11
Bangalore South,Kengeri,Kengeri,230,200201002027,Bengaluru Urban,Bangalore_South_Kengeri1_Kengeri_Revenue_Map,Polygon,77.483488,12.914665,10
Bangalore South,Kengeri,Kengeri,27,200201002027,Bengaluru Urban,Bangalore_South_Kengeri1_Kengeri_Revenue_Map,Polygon,77.48827,12.914764,11
Bangalore South,Kengeri,Kengeri,26,200201002027,Bengaluru Urban,Bangalore_South_Kengeri1_Kengeri_Revenue_Map,Polygon,77.488711,12.914711,12
Bangalore South,Kengeri,Kengeri,190,200201002027,Bengaluru Urban,Bangalore_South_Kengeri1_Kengeri_Revenue_Map,Polygon,77.480259,12.914135,28
Bangalore South,Kengeri,Kengeri,ROAD,200201002027,Bengaluru Urban,Bangalore_South_Kengeri1_Kengeri_Revenue_Map,Polygon,77.481509,12.91439,7
Bangalore South,Kengeri,Kengeri,29,200201002027,Bengaluru Urban,Bangalore_South_Kengeri1_Kengeri_Revenue_Map,Polygon,77.48978,12.914314,17
Bangalore South,Kengeri,Kengeri,195,200201002027,Bengaluru Urban,Bangalore_South_Kengeri1_Kengeri_Revenue_Map,Polygon,77.475666,12.914132,17
Bangalore South,Kengeri,Kengeri,28,200201002027,Bengaluru Urban,Bangalore_South_Kengeri1_Kengeri_Revenue_Map,Polygon,77.487991,12.914182,15
Bangalore South,Kengeri,Kengeri,201,200201002027,Bengaluru Urban,Bangalore_South_Kengeri1_Kengeri_Revenue_Map,Polygon,77.473386,12.91329,17
Bangalore South,Kengeri,Kengeri,1,200201002027,Bengaluru Urban,Bangalore_South_Kengeri1_Kengeri_Revenue_Map,Polygon,77.483768,12.914143,16
Bangalore South,Kengeri,Kengeri,168,200201002027,Bengaluru Urban,Bangalore_South_Kengeri1_Kengeri_Revenue_Map,Polygon,77.468878,12.910914,85
Bangalore South,Kengeri,Kengeri,SETTLEMENT,200201002027,Bengaluru Urban,Bangalore_South_Kengeri1_Kengeri_Revenue_Map,Polygon,77.483696,12.911614,53
Bangalore South,Kengeri,Kengeri,189,200201002027,Bengaluru Urban,Bangalore_South_Kengeri1_Kengeri_Revenue_Map,Polygon,77.478951,12.913723,24
Bangalore South,Kengeri,Kengeri,37,200201002027,Bengaluru Urban,Bangalore_South_Kengeri1_Kengeri_Revenue_Map,Polygon,77.487355,12.913563,21
Bangalore South,Kengeri,Kengeri,196,200201002027,Bengaluru Urban,Bangalore_South_Kengeri1_Kengeri_Revenue_Map,Polygon,77.476167,12.91345,14
Bangalore South,Kengeri,Kengeri,42,200201002027,Bengaluru Urban,Bangalore_South_Kengeri1_Kengeri_Revenue_Map,Polygon,77.484503,12.913664,9
Bangalore South,Kengeri,Kengeri,32,200201002027,Bengaluru Urban,Bangalore_South_Kengeri1_Kengeri_Revenue_Map,Polygon,77.488442,12.912993,23
Bangalore South,Kengeri,Kengeri,41,200201002027,Bengaluru Urban,Bangalore_South_Kengeri1_Kengeri_Revenue_Map,Polygon,77.485089,12.913361,11
Bangalore South,Kengeri,Kengeri,30,200201002027,Bengaluru Urban,Bangalore_South_Kengeri1_Kengeri_Revenue_Map,Polygon,77.489499,12.913127,15
Bangalore South,Kengeri,Kengeri,TANK,200201002027,Bengaluru Urban,Bangalore_South_Kengeri1_Kengeri_Revenue_Map,Polygon,77.472007,12.913429,32
Bangalore South,Kengeri,Kengeri,43,200201002027,Bengaluru Urban,Bangalore_South_Kengeri1_Kengeri_Revenue_Map,Polygon,77.484536,12.913046,18
Bangalore South,Kengeri,Kengeri,36,200201002027,Bengaluru Urban,Bangalore_South_Kengeri1_Kengeri_Revenue_Map,Polygon,77.485826,12.913018,18
Bangalore South,Kengeri,Kengeri,STREAM,200201002027,Bengaluru Urban,Bangalore_South_Kengeri1_Kengeri_Revenue_Map,Polygon,77.486046,12.913008,17
Bangalore South,Kengeri,Kengeri,35,200201002027,Bengaluru Urban,Bangalore_South_Kengeri1_Kengeri_Revenue_Map,Polygon,77.486614,12.912785,27
Bangalore South,Kengeri,Kengeri,36,200201002027,Bengaluru Urban,Bangalore_South_Kengeri1_Kengeri_Revenue_Map,Polygon,77.48691,12.913199,9
Bangalore South,Kengeri,Kengeri,188,200201002027,Bengaluru Urban,Bangalore_South_Kengeri1_Kengeri_Revenue_Map,Polygon,77.478742,12.912929,12
Bangalore South,Kengeri,Kengeri,197,200201002027,Bengaluru Urban,Bangalore_South_Kengeri1_Kengeri_Revenue_Map,Polygon,77.476167,12.912757,15
Bangalore South,Kengeri,Kengeri,40,200201002027,Bengaluru Urban,Bangalore_South_Kengeri1_Kengeri_Revenue_Map,Polygon,77.485322,12.913089,7
Bangalore South,Kengeri,Kengeri,187,200201002027,Bengaluru Urban,Bangalore_South_Kengeri1_Kengeri_Revenue_Map,Polygon,77.480484,12.912493,18
Bangalore South,Kengeri,Kengeri,31,200201002027,Bengaluru Urban,Bangalore_South_Kengeri1_Kengeri_Revenue_Map,Polygon,77.488912,12.912646,12
Bangalore South,Kengeri,Kengeri,186,200201002027,Bengaluru Urban,Bangalore_South_Kengeri1_Kengeri_Revenue_Map,Polygon,77.479601,12.91215,23
Bangalore South,Kengeri,Kengeri,44,200201002027,Bengaluru Urban,Bangalore_South_Kengeri1_Kengeri_Revenue_Map,Polygon,77.484458,12.912596,11
Bangalore South,Kengeri,Kengeri,200,200201002027,Bengaluru Urban,Bangalore_South_Kengeri1_Kengeri_Revenue_Map,Polygon,77.476226,12.911863,20
Bangalore South,Kengeri,Kengeri,33,200201002027,Bengaluru Urban,Bangalore_South_Kengeri1_Kengeri_Revenue_Map,Polygon,77.486747,12.912479,19
Bangalore South,Kengeri,Kengeri,47,200201002027,Bengaluru Urban,Bangalore_South_Kengeri1_Kengeri_Revenue_Map,Polygon,77.485541,12.911986,13
Bangalore South,Kengeri,Kengeri,39,200201002027,Bengaluru Urban,Bangalore_South_Kengeri1_Kengeri_Revenue_Map,Polygon,77.486759,12.911852,23
Bangalore South,Kengeri,Kengeri,198,200201002027,Bengaluru Urban,Bangalore_South_Kengeri1_Kengeri_Revenue_Map,Polygon,77.477385,12.912428,8
Bangalore South,Kengeri,Kengeri,45,200201002027,Bengaluru Urban,Bangalore_South_Kengeri1_Kengeri_Revenue_Map,Polygon,77.484886,12.912362,5
Bangalore South,Kengeri,Kengeri,34,200201002027,Bengaluru Urban,Bangalore_South_Kengeri1_Kengeri_Revenue_Map,Polygon,77.486617,12.912341,7
Bangalore South,Kengeri,Kengeri,251,200201002027,Bengaluru Urban,Bangalore_South_Kengeri1_Kengeri_Revenue_Map,Polygon,77.468762,12.911967,17
Bangalore South,Kengeri,Kengeri,199,200201002027,Bengaluru Urban,Bangalore_South_Kengeri1_Kengeri_Revenue_Map,Polygon,77.477372,12.912038,7
Bangalore South,Kengeri,Kengeri,46,200201002027,Bengaluru Urban,Bangalore_South_Kengeri1_Kengeri_Revenue_Map,Polygon,77.484677,12.911747,10
Bangalore South,Kengeri,Kengeri,171,200201002027,Bengaluru Urban,Bangalore_South_Kengeri1_Kengeri_Revenue_Map,Polygon,77.473505,12.910973,13
Bangalore South,Kengeri,Kengeri,182,200201002027,Bengaluru Urban,Bangalore_South_Kengeri1_Kengeri_Revenue_Map,Polygon,77.479432,12.911501,17
Bangalore South,Kengeri,Kengeri,170,200201002027,Bengaluru Urban,Bangalore_South_Kengeri1_Kengeri_Revenue_Map,Polygon,77.472216,12.910664,27
Bangalore South,Kengeri,Kengeri,172,200201002027,Bengaluru Urban,Bangalore_South_Kengeri1_Kengeri_Revenue_Map,Polygon,77.474913,12.911249,15
Bangalore South,Kengeri,Kengeri,250,200201002027,Bengaluru Urban,Bangalore_South_Kengeri1_Kengeri_Revenue_Map,Polygon,77.468439,12.911449,18
Bangalore South,Kengeri,Kengeri,185,200201002027,Bengaluru Urban,Bangalore_South_Kengeri1_Kengeri_Revenue_Map,Polygon,77.481913,12.91144,4
Bangalore South,Kengeri,Kengeri,180,200201002027,Bengaluru Urban,Bangalore_South_Kengeri1_Kengeri_Revenue_Map,Polygon,77.478412,12.911325,6
Bangalore South,Kengeri,Kengeri,181,200201002027,Bengaluru Urban,Bangalore_South_Kengeri1_Kengeri_Revenue_Map,Polygon,77.479665,12.911187,13
Bangalore South,Kengeri,Kengeri,48,200201002027,Bengaluru Urban,Bangalore_South_Kengeri1_Kengeri_Revenue_Map,Polygon,77.485459,12.910419,11
Bangalore South,Kengeri,Kengeri,184,200201002027,Bengaluru Urban,Bangalore_South_Kengeri1_Kengeri_Revenue_Map,Polygon,77.481765,12.911089,5
Bangalore South,Kengeri,Kengeri,249,200201002027,Bengaluru Urban,Bangalore_South_Kengeri1_Kengeri_Revenue_Map,Polygon,77.468062,12.911022,22
Bangalore South,Kengeri,Kengeri,169,200201002027,Bengaluru Urban,Bangalore_South_Kengeri1_Kengeri_Revenue_Map,Polygon,77.469348,12.90946,48
Bangalore South,Kengeri,Kengeri,55,200201002027,Bengaluru Urban,Bangalore_South_Kengeri1_Kengeri_Revenue_Map,Polygon,77.487401,12.910056,19
Bangalore South,Kengeri,Kengeri,183,200201002027,Bengaluru Urban,Bangalore_South_Kengeri1_Kengeri_Revenue_Map,Polygon,77.481399,12.910586,10
Bangalore South,Kengeri,Kengeri,173,200201002027,Bengaluru Urban,Bangalore_South_Kengeri1_Kengeri_Revenue_Map,Polygon,77.476106,12.910268,15
Bangalore South,Kengeri,Kengeri,174,200201002027,Bengaluru Urban,Bangalore_South_Kengeri1_Kengeri_Revenue_Map,Polygon,77.477179,12.910188,16
Bangalore South,Kengeri,Kengeri,248,200201002027,Bengaluru Urban,Bangalore_South_Kengeri1_Kengeri_Revenue_Map,Polygon,77.467901,12.910709,23
Bangalore South,Kengeri,Kengeri,TANK,200201002027,Bengaluru Urban,Bangalore_South_Kengeri1_Kengeri_Revenue_Map,Polygon,77.472125,12.910652,15
Bangalore South,Kengeri,Kengeri,TANK,200201002027,Bengaluru Urban,Bangalore_South_Kengeri1_Kengeri_Revenue_Map,Polygon,77.471795,12.910541,18
Bangalore South,Kengeri,Kengeri,STREAM,200201002027,Bengaluru Urban,Bangalore_South_Kengeri1_Kengeri_Revenue_Map,Polygon,77.47783,12.909782,14
Bangalore South,Kengeri,Kengeri,179,200201002027,Bengaluru Urban,Bangalore_South_Kengeri1_Kengeri_Revenue_Map,Polygon,77.478555,12.910445,10
Bangalore South,Kengeri,Kengeri,178,200201002027,Bengaluru Urban,Bangalore_South_Kengeri1_Kengeri_Revenue_Map,Polygon,77.479599,12.910279,22
Bangalore South,Kengeri,Kengeri,247,200201002027,Bengaluru Urban,Bangalore_South_Kengeri1_Kengeri_Revenue_Map,Polygon,77.467777,12.910408,23
Bangalore South,Kengeri,Kengeri,ROAD,200201002027,Bengaluru Urban,Bangalore_South_Kengeri1_Kengeri_Revenue_Map,Polygon,77.470371,12.903776,90
Bangalore South,Kengeri,Kengeri,135,200201002027,Bengaluru Urban,Bangalore_South_Kengeri1_Kengeri_Revenue_Map,Polygon,77.474499,12.909753,14
Bangalore South,Kengeri,Kengeri,246,200201002027,Bengaluru Urban,Bangalore_South_Kengeri1_Kengeri_Revenue_Map,Polygon,77.467708,12.910099,22
Bangalore South,Kengeri,Kengeri,TANK,200201002027,Bengaluru Urban,Bangalore_South_Kengeri1_Kengeri_Revenue_Map,Polygon,77.481651,12.91008,17
Bangalore South,Kengeri,Kengeri,95,200201002027,Bengaluru Urban,Bangalore_South_Kengeri1_Kengeri_Revenue_Map,Polygon,77.481213,12.909434,37
Bangalore South,Kengeri,Kengeri,56,200201002027,Bengaluru Urban,Bangalore_South_Kengeri1_Kengeri_Revenue_Map,Polygon,77.489744,12.909246,31
Bangalore South,Kengeri,Kengeri,133,200201002027,Bengaluru Urban,Bangalore_South_Kengeri1_Kengeri_Revenue_Map,Polygon,77.476055,12.908742,23
Bangalore South,Kengeri,Kengeri,ROAD,200201002027,Bengaluru Urban,Bangalore_South_Kengeri1_Kengeri_Revenue_Map,Polygon,77.485639,12.909796,11
Bangalore South,Kengeri,Kengeri,134,200201002027,Bengaluru Urban,Bangalore_South_Kengeri1_Kengeri_Revenue_Map,Polygon,77.474797,12.908595,24
Bangalore South,Kengeri,Kengeri,94,200201002027,Bengaluru Urban,Bangalore_South_Kengeri1_Kengeri_Revenue_Map,Polygon,77.482161,12.909067,15
Bangalore South,Kengeri,Kengeri,52,200201002027,Bengaluru Urban,Bangalore_South_Kengeri1_Kengeri_Revenue_Map,Polygon,77.485586,12.909486,10
Bangalore South,Kengeri,Kengeri,53,200201002027,Bengaluru Urban,Bangalore_South_Kengeri1_Kengeri_Revenue_Map,Polygon,77.485952,12.909553,7
Bangalore South,Kengeri,Kengeri,245,200201002027,Bengaluru Urban,Bangalore_South_Kengeri1_Kengeri_Revenue_Map,Polygon,77.467846,12.909713,19
Bangalore South,Kengeri,Kengeri,177,200201002027,Bengaluru Urban,Bangalore_South_Kengeri1_Kengeri_Revenue_Map,Polygon,77.47799,12.909495,8
Bangalore South,Kengeri,Kengeri,51,200201002027,Bengaluru Urban,Bangalore_South_Kengeri1_Kengeri_Revenue_Map,Polygon,77.485402,12.909617,6
Bangalore South,Kengeri,Kengeri,54,200201002027,Bengaluru Urban,Bangalore_South_Kengeri1_Kengeri_Revenue_Map,Polygon,77.486458,12.909508,5
Bangalore South,Kengeri,Kengeri,50,200201002027,Bengaluru Urban,Bangalore_South_Kengeri1_Kengeri_Revenue_Map,Polygon,77.485134,12.909388,10
Bangalore South,Kengeri,Kengeri,49,200201002027,Bengaluru Urban,Bangalore_South_Kengeri1_Kengeri_Revenue_Map,Polygon,77.484865,12.909575,5
Bangalore South,Kengeri,Kengeri,175,200201002027,Bengaluru Urban,Bangalore_South_Kengeri1_Kengeri_Revenue_Map,Polygon,77.476753,12.90948,5
Bangalore South,Kengeri,Kengeri,176,200201002027,Bengaluru Urban,Bangalore_South_Kengeri1_Kengeri_Revenue_Map,Polygon,77.477182,12.909437,7
Bangalore South,Kengeri,Kengeri,93,200201002027,Bengaluru Urban,Bangalore_South_Kengeri1_Kengeri_Revenue_Map,Polygon,77.483208,12.908355,20
Bangalore South,Kengeri,Kengeri,244,200201002027,Bengaluru Urban,Bangalore_South_Kengeri1_Kengeri_Revenue_Map,Polygon,77.467629,12.909357,18
Bangalore South,Kengeri,Kengeri,136,200201002027,Bengaluru Urban,Bangalore_South_Kengeri1_Kengeri_Revenue_Map,Polygon,77.472355,12.908394,11
Bangalore South,Kengeri,Kengeri,243,200201002027,Bengaluru Urban,Bangalore_South_Kengeri1_Kengeri_Revenue_Map,Polygon,77.467586,12.908938,18
Bangalore South,Kengeri,Kengeri,83,200201002027,Bengaluru Urban,Bangalore_South_Kengeri1_Kengeri_Revenue_Map,Polygon,77.488704,12.908455,23
Bangalore South,Kengeri,Kengeri,106,200201002027,Bengaluru Urban,Bangalore_South_Kengeri1_Kengeri_Revenue_Map,Polygon,77.478424,12.908136,23
Bangalore South,Kengeri,Kengeri,167,200201002027,Bengaluru Urban,Bangalore_South_Kengeri1_Kengeri_Revenue_Map,Polygon,77.468743,12.907931,20
Bangalore South,Kengeri,Kengeri,57,200201002027,Bengaluru Urban,Bangalore_South_Kengeri1_Kengeri_Revenue_Map,Polygon,77.490988,12.907715,18
Bangalore South,Kengeri,Kengeri,102,200201002027,Bengaluru Urban,Bangalore_South_Kengeri1_Kengeri_Revenue_Map,Polygon,77.479998,12.908367,10
Bangalore South,Kengeri,Kengeri,103,200201002027,Bengaluru Urban,Bangalore_South_Kengeri1_Kengeri_Revenue_Map,Polygon,77.479246,12.908582,7
Bangalore South,Kengeri,Kengeri,96,200201002027,Bengaluru Urban,Bangalore_South_Kengeri1_Kengeri_Revenue_Map,Polygon,77.481517,12.90752,23
Bangalore South,Kengeri,Kengeri,242,200201002027,Bengaluru Urban,Bangalore_South_Kengeri1_Kengeri_Revenue_Map,Polygon,77.467548,12.908615,16
Bangalore South,Kengeri,Kengeri,84,200201002027,Bengaluru Urban,Bangalore_South_Kengeri1_Kengeri_Revenue_Map,Polygon,77.486256,12.908158,12
Bangalore South,Kengeri,Kengeri,140,200201002027,Bengaluru Urban,Bangalore_South_Kengeri1_Kengeri_Revenue_Map,Polygon,77.47093,12.908054,11
Bangalore South,Kengeri,Kengeri,STREAM,200201002027,Bengaluru Urban,Bangalore_South_Kengeri1_Kengeri_Revenue_Map,Polygon,77.478008,12.908044,32
Bangalore South,Kengeri,Kengeri,58_TANK,200201002027,Bengaluru Urban,Bangalore_South_Kengeri1_Kengeri_Revenue_Map,Polygon,77.49319,12.907485,12
Bangalore South,Kengeri,Kengeri,88,200201002027,Bengaluru Urban,Bangalore_South_Kengeri1_Kengeri_Revenue_Map,Polygon,77.484188,12.907099,21
Bangalore South,Kengeri,Kengeri,82,200201002027,Bengaluru Urban,Bangalore_South_Kengeri1_Kengeri_Revenue_Map,Polygon,77.488966,12.908029,19
Bangalore South,Kengeri,Kengeri,92,200201002027,Bengaluru Urban,Bangalore_South_Kengeri1_Kengeri_Revenue_Map,Polygon,77.482209,12.907494,17
Bangalore South,Kengeri,Kengeri,81,200201002027,Bengaluru Urban,Bangalore_South_Kengeri1_Kengeri_Revenue_Map,Polygon,77.48816,12.90763,14
Bangalore South,Kengeri,Kengeri,106,200201002027,Bengaluru Urban,Bangalore_South_Kengeri1_Kengeri_Revenue_Map,Polygon,77.477612,12.907758,24
Bangalore South,Kengeri,Kengeri,104,200201002027,Bengaluru Urban,Bangalore_South_Kengeri1_Kengeri_Revenue_Map,Polygon,77.47927,12.908043,6
Bangalore South,Kengeri,Kengeri,101,200201002027,Bengaluru Urban,Bangalore_South_Kengeri1_Kengeri_Revenue_Map,Polygon,77.48039,12.907875,14
Bangalore South,Kengeri,Kengeri,241,200201002027,Bengaluru Urban,Bangalore_South_Kengeri1_Kengeri_Revenue_Map,Polygon,77.467066,12.908276,16
Bangalore South,Kengeri,Kengeri,139,200201002027,Bengaluru Urban,Bangalore_South_Kengeri1_Kengeri_Revenue_Map,Polygon,77.471071,12.907458,13
Bangalore South,Kengeri,Kengeri,252,200201002027,Bengaluru Urban,Bangalore_South_Kengeri1_Kengeri_Revenue_Map,Polygon,77.467201,12.907775,15
Bangalore South,Kengeri,Kengeri,91,200201002027,Bengaluru Urban,Bangalore_South_Kengeri1_Kengeri_Revenue_Map,Polygon,77.482763,12.906805,17
Bangalore South,Kengeri,Kengeri,90,200201002027,Bengaluru Urban,Bangalore_South_Kengeri1_Kengeri_Revenue_Map,Polygon,77.483524,12.905287,40
Bangalore South,Kengeri,Kengeri,100,200201002027,Bengaluru Urban,Bangalore_South_Kengeri1_Kengeri_Revenue_Map,Polygon,77.480066,12.907401,14
Bangalore South,Kengeri,Kengeri,141,200201002027,Bengaluru Urban,Bangalore_South_Kengeri1_Kengeri_Revenue_Map,Polygon,77.46981,12.907234,14
Bangalore South,Kengeri,Kengeri,59,200201002027,Bengaluru Urban,Bangalore_South_Kengeri1_Kengeri_Revenue_Map,Polygon,77.492498,12.906672,23
Bangalore South,Kengeri,Kengeri,STREAM,200201002027,Bengaluru Urban,Bangalore_South_Kengeri1_Kengeri_Revenue_Map,Polygon,77.478975,12.906991,18
Bangalore South,Kengeri,Kengeri,105,200201002027,Bengaluru Urban,Bangalore_South_Kengeri1_Kengeri_Revenue_Map,Polygon,77.479236,12.907358,8
Bangalore South,Kengeri,Kengeri,87,200201002027,Bengaluru Urban,Bangalore_South_Kengeri1_Kengeri_Revenue_Map,Polygon,77.484546,12.906506,18
Bangalore South,Kengeri,Kengeri,61,200201002027,Bengaluru Urban,Bangalore_South_Kengeri1_Kengeri_Revenue_Map,Polygon,77.491345,12.905852,20
Bangalore South,Kengeri,Kengeri,137,200201002027,Bengaluru Urban,Bangalore_South_Kengeri1_Kengeri_Revenue_Map,Polygon,77.472,12.906763,24
Bangalore South,Kengeri,Kengeri,63,200201002027,Bengaluru Urban,Bangalore_South_Kengeri1_Kengeri_Revenue_Map,Polygon,77.49479,12.904587,22
Bangalore South,Kengeri,Kengeri,107,200201002027,Bengaluru Urban,Bangalore_South_Kengeri1_Kengeri_Revenue_Map,Polygon,77.477947,12.905937,30
Bangalore South,Kengeri,Kengeri,130,200201002027,Bengaluru Urban,Bangalore_South_Kengeri1_Kengeri_Revenue_Map,Polygon,77.476923,12.906577,20
Bangalore South,Kengeri,Kengeri,132,200201002027,Bengaluru Urban,Bangalore_South_Kengeri1_Kengeri_Revenue_Map,Polygon,77.475459,12.906673,11
Bangalore South,Kengeri,Kengeri,165,200201002027,Bengaluru Urban,Bangalore_South_Kengeri1_Kengeri_Revenue_Map,Polygon,77.466847,12.906811,9
Bangalore South,Kengeri,Kengeri,166,200201002027,Bengaluru Urban,Bangalore_South_Kengeri1_Kengeri_Revenue_Map,Polygon,77.467702,12.907048,4
Bangalore South,Kengeri,Kengeri,66_TANK,200201002027,Bengaluru Urban,Bangalore_South_Kengeri1_Kengeri_Revenue_Map,Polygon,77.495622,12.906145,6
Bangalore South,Kengeri,Kengeri,129,200201002027,Bengaluru Urban,Bangalore_South_Kengeri1_Kengeri_Revenue_Map,Polygon,77.474843,12.90615,24
Bangalore South,Kengeri,Kengeri,98,200201002027,Bengaluru Urban,Bangalore_South_Kengeri1_Kengeri_Revenue_Map,Polygon,77.479677,12.906893,8
Bangalore South,Kengeri,Kengeri,99,200201002027,Bengaluru Urban,Bangalore_South_Kengeri1_Kengeri_Revenue_Map,Polygon,77.480251,12.906873,6
Bangalore South,Kengeri,Kengeri,164,200201002027,Bengaluru Urban,Bangalore_South_Kengeri1_Kengeri_Revenue_Map,Polygon,77.464058,12.905783,18
Bangalore South,Kengeri,Kengeri,86,200201002027,Bengaluru Urban,Bangalore_South_Kengeri1_Kengeri_Revenue_Map,Polygon,77.485555,12.905621,22
Bangalore South,Kengeri,Kengeri,142,200201002027,Bengaluru Urban,Bangalore_South_Kengeri1_Kengeri_Revenue_Map,Polygon,77.469444,12.906104,23
Bangalore South,Kengeri,Kengeri,131,200201002027,Bengaluru Urban,Bangalore_South_Kengeri1_Kengeri_Revenue_Map,Polygon,77.475643,12.906693,6
Bangalore South,Kengeri,Kengeri,138,200201002027,Bengaluru Urban,Bangalore_South_Kengeri1_Kengeri_Revenue_Map,Polygon,77.470316,12.906572,5
Bangalore South,Kengeri,Kengeri,60,200201002027,Bengaluru Urban,Bangalore_South_Kengeri1_Kengeri_Revenue_Map,Polygon,77.49212,12.906186,6
Bangalore South,Kengeri,Kengeri,89,200201002027,Bengaluru Urban,Bangalore_South_Kengeri1_Kengeri_Revenue_Map,Polygon,77.483715,12.90578,10
Bangalore South,Kengeri,Kengeri,163,200201002027,Bengaluru Urban,Bangalore_South_Kengeri1_Kengeri_Revenue_Map,Polygon,77.460043,12.905613,11
Bangalore South,Kengeri,Kengeri,97,200201002027,Bengaluru Urban,Bangalore_South_Kengeri1_Kengeri_Revenue_Map,Polygon,77.48,12.906481,10
Bangalore South,Kengeri,Kengeri,162,200201002027,Bengaluru Urban,Bangalore_South_Kengeri1_Kengeri_Revenue_Map,Polygon,77.460591,12.903473,20
Bangalore South,Kengeri,Kengeri,128,200201002027,Bengaluru Urban,Bangalore_South_Kengeri1_Kengeri_Revenue_Map,Polygon,77.472305,12.905267,22
Bangalore South,Kengeri,Kengeri,144,200201002027,Bengaluru Urban,Bangalore_South_Kengeri1_Kengeri_Revenue_Map,Polygon,77.46806,12.905643,19
Bangalore South,Kengeri,Kengeri,85,200201002027,Bengaluru Urban,Bangalore_South_Kengeri1_Kengeri_Revenue_Map,Polygon,77.486655,12.906058,7
Bangalore South,Kengeri,Kengeri,80,200201002027,Bengaluru Urban,Bangalore_South_Kengeri1_Kengeri_Revenue_Map,Polygon,77.487715,12.905839,19
Bangalore South,Kengeri,Kengeri,110,200201002027,Bengaluru Urban,Bangalore_South_Kengeri1_Kengeri_Revenue_Map,Polygon,77.47631,12.90486,14
Bangalore South,Kengeri,Kengeri,65,200201002027,Bengaluru Urban,Bangalore_South_Kengeri1_Kengeri_Revenue_Map,Polygon,77.495389,12.905138,8
Bangalore South,Kengeri,Kengeri,125,200201002027,Bengaluru Urban,Bangalore_South_Kengeri1_Kengeri_Revenue_Map,Polygon,77.472532,12.903772,55
Bangalore South,Kengeri,Kengeri,145,200201002027,Bengaluru Urban,Bangalore_South_Kengeri1_Kengeri_Revenue_Map,Polygon,77.464745,12.904501,17
Bangalore South,Kengeri,Kengeri,79,200201002027,Bengaluru Urban,Bangalore_South_Kengeri1_Kengeri_Revenue_Map,Polygon,77.489244,12.904541,16
Bangalore South,Kengeri,Kengeri,64,200201002027,Bengaluru Urban,Bangalore_South_Kengeri1_Kengeri_Revenue_Map,Polygon,77.495772,12.904931,11
Bangalore South,Kengeri,Kengeri,262,200201002027,Bengaluru Urban,Bangalore_South_Kengeri1_Kengeri_Revenue_Map,Polygon,77.497181,12.905194,12
Bangalore South,Kengeri,Kengeri,148,200201002027,Bengaluru Urban,Bangalore_South_Kengeri1_Kengeri_Revenue_Map,Polygon,77.468524,12.904454,7
Bangalore South,Kengeri,Kengeri,STREAM,200201002027,Bengaluru Urban,Bangalore_South_Kengeri1_Kengeri_Revenue_Map,Polygon,77.486527,12.904294,25
Bangalore South,Kengeri,Kengeri,111,200201002027,Bengaluru Urban,Bangalore_South_Kengeri1_Kengeri_Revenue_Map,Polygon,77.475218,12.904846,16
Bangalore South,Kengeri,Kengeri,61,200201002027,Bengaluru Urban,Bangalore_South_Kengeri1_Kengeri_Revenue_Map,Polygon,77.499672,12.902375,25
Bangalore South,Kengeri,Kengeri,147,200201002027,Bengaluru Urban,Bangalore_South_Kengeri1_Kengeri_Revenue_Map,Polygon,77.4665,12.903792,15
Bangalore South,Kengeri,Kengeri,143,200201002027,Bengaluru Urban,Bangalore_South_Kengeri1_Kengeri_Revenue_Map,Polygon,77.470213,12.905001,7
Bangalore South,Kengeri,Kengeri,78,200201002027,Bengaluru Urban,Bangalore_South_Kengeri1_Kengeri_Revenue_Map,Polygon,77.487596,12.903884,16
Bangalore South,Kengeri,Kengeri,126,200201002027,Bengaluru Urban,Bangalore_South_Kengeri1_Kengeri_Revenue_Map,Polygon,77.470182,12.903507,50
Bangalore South,Kengeri,Kengeri,127,200201002027,Bengaluru Urban,Bangalore_South_Kengeri1_Kengeri_Revenue_Map,Polygon,77.470832,12.904386,11
Bangalore South,Kengeri,Kengeri,149,200201002027,Bengaluru Urban,Bangalore_South_Kengeri1_Kengeri_Revenue_Map,Polygon,77.469757,12.903996,11
Bangalore South,Kengeri,Kengeri,112,200201002027,Bengaluru Urban,Bangalore_South_Kengeri1_Kengeri_Revenue_Map,Polygon,77.474207,12.903123,21
Bangalore South,Kengeri,Kengeri,113,200201002027,Bengaluru Urban,Bangalore_South_Kengeri1_Kengeri_Revenue_Map,Polygon,77.475782,12.901967,34
Bangalore South,Kengeri,Kengeri,115,200201002027,Bengaluru Urban,Bangalore_South_Kengeri1_Kengeri_Revenue_Map,Polygon,77.477793,12.90199,25
Bangalore South,Kengeri,Kengeri,108,200201002027,Bengaluru Urban,Bangalore_South_Kengeri1_Kengeri_Revenue_Map,Polygon,77.476601,12.903352,13
Bangalore South,Kengeri,Kengeri,76,200201002027,Bengaluru Urban,Bangalore_South_Kengeri1_Kengeri_Revenue_Map,Polygon,77.485254,12.902949,36
Bangalore South,Kengeri,Kengeri,124,200201002027,Bengaluru Urban,Bangalore_South_Kengeri1_Kengeri_Revenue_Map,Polygon,77.471961,12.903018,15
Bangalore South,Kengeri,Kengeri,151,200201002027,Bengaluru Urban,Bangalore_South_Kengeri1_Kengeri_Revenue_Map,Polygon,77.468433,12.903345,11
Bangalore South,Kengeri,Kengeri,259,200201002027,Bengaluru Urban,Bangalore_South_Kengeri1_Kengeri_Revenue_Map,Polygon,77.490444,12.903313,11
Bangalore South,Kengeri,Kengeri,69,200201002027,Bengaluru Urban,Bangalore_South_Kengeri1_Kengeri_Revenue_Map,Polygon,77.493239,12.90004,89
Bangalore South,Kengeri,Kengeri,62,200201002027,Bengaluru Urban,Bangalore_South_Kengeri1_Kengeri_Revenue_Map,Polygon,77.491991,12.903263,6
Bangalore South,Kengeri,Kengeri,109,200201002027,Bengaluru Urban,Bangalore_South_Kengeri1_Kengeri_Revenue_Map,Polygon,77.475993,12.90275,9
Bangalore South,Kengeri,Kengeri,73,200201002027,Bengaluru Urban,Bangalore_South_Kengeri1_Kengeri_Revenue_Map,Polygon,77.489407,12.902477,23
Bangalore South,Kengeri,Kengeri,150,200201002027,Bengaluru Urban,Bangalore_South_Kengeri1_Kengeri_Revenue_Map,Polygon,77.469257,12.903597,7
Bangalore South,Kengeri,Kengeri,74,200201002027,Bengaluru Urban,Bangalore_South_Kengeri1_Kengeri_Revenue_Map,Polygon,77.487308,12.90224,21
Bangalore South,Kengeri,Kengeri,TANK,200201002027,Bengaluru Urban,Bangalore_South_Kengeri1_Kengeri_Revenue_Map,Polygon,77.470025,12.903261,32
Bangalore South,Kengeri,Kengeri,159,200201002027,Bengaluru Urban,Bangalore_South_Kengeri1_Kengeri_Revenue_Map,Polygon,77.462713,12.90073,69
Bangalore South,Kengeri,Kengeri,146,200201002027,Bengaluru Urban,Bangalore_South_Kengeri1_Kengeri_Revenue_Map,Polygon,77.464723,12.9028,8
Bangalore South,Kengeri,Kengeri,152,200201002027,Bengaluru Urban,Bangalore_South_Kengeri1_Kengeri_Revenue_Map,Polygon,77.468671,12.902797,5
Bangalore South,Kengeri,Kengeri,237,200201002027,Bengaluru Urban,Bangalore_South_Kengeri1_Kengeri_Revenue_Map,Polygon,77.470135,12.902197,7
Bangalore South,Kengeri,Kengeri,TANK,200201002027,Bengaluru Urban,Bangalore_South_Kengeri1_Kengeri_Revenue_Map,Polygon,77.473324,12.902632,16
Bangalore South,Kengeri,Kengeri,266,200201002027,Bengaluru Urban,Bangalore_South_Kengeri1_Kengeri_Revenue_Map,Polygon,77.492911,12.902218,15
Bangalore South,Kengeri,Kengeri,153,200201002027,Bengaluru Urban,Bangalore_South_Kengeri1_Kengeri_Revenue_Map,Polygon,77.468027,12.902386,7
Bangalore South,Kengeri,Kengeri,154,200201002027,Bengaluru Urban,Bangalore_South_Kengeri1_Kengeri_Revenue_Map,Polygon,77.466078,12.901768,39
Bangalore South,Kengeri,Kengeri,123,200201002027,Bengaluru Urban,Bangalore_South_Kengeri1_Kengeri_Revenue_Map,Polygon,77.472571,12.901842,7
Bangalore South,Kengeri,Kengeri,TANK,200201002027,Bengaluru Urban,Bangalore_South_Kengeri1_Kengeri_Revenue_Map,Polygon,77.473517,12.902486,8
Bangalore South,Kengeri,Kengeri,75,200201002027,Bengaluru Urban,Bangalore_South_Kengeri1_Kengeri_Revenue_Map,Polygon,77.486391,12.902367,7
Bangalore South,Kengeri,Kengeri,158,200201002027,Bengaluru Urban,Bangalore_South_Kengeri1_Kengeri_Revenue_Map,Polygon,77.462007,12.901897,19
Bangalore South,Kengeri,Kengeri,122,200201002027,Bengaluru Urban,Bangalore_South_Kengeri1_Kengeri_Revenue_Map,Polygon,77.467365,12.897136,115
Bangalore South,Kengeri,Kengeri,ROAD,200201002027,Bengaluru Urban,Bangalore_South_Kengeri1_Kengeri_Revenue_Map,Polygon,77.485436,12.901712,13
Bangalore South,Kengeri,Kengeri,120,200201002027,Bengaluru Urban,Bangalore_South_Kengeri1_Kengeri_Revenue_Map,Polygon,77.47388,12.899574,14
Bangalore South,Kengeri,Kengeri,257,200201002027,Bengaluru Urban,Bangalore_South_Kengeri1_Kengeri_Revenue_Map,Polygon,77.495165,12.901105,9
Bangalore South,Kengeri,Kengeri,ROAD,200201002027,Bengaluru Urban,Bangalore_South_Kengeri1_Kengeri_Revenue_Map,Polygon,77.485428,12.901535,11
Bangalore South,Kengeri,Kengeri,157,200201002027,Bengaluru Urban,Bangalore_South_Kengeri1_Kengeri_Revenue_Map,Polygon,77.463749,12.901109,23
Bangalore South,Kengeri,Kengeri,72,200201002027,Bengaluru Urban,Bangalore_South_Kengeri1_Kengeri_Revenue_Map,Polygon,77.488368,12.901208,7
Bangalore South,Kengeri,Kengeri,155,200201002027,Bengaluru Urban,Bangalore_South_Kengeri1_Kengeri_Revenue_Map,Polygon,77.466658,12.901345,14
Bangalore South,Kengeri,Kengeri,116,200201002027,Bengaluru Urban,Bangalore_South_Kengeri1_Kengeri_Revenue_Map,Polygon,77.478648,12.900603,11
Bangalore South,Kengeri,Kengeri,68,200201002027,Bengaluru Urban,Bangalore_South_Kengeri1_Kengeri_Revenue_Map,Polygon,77.500434,12.897811,19
Bangalore South,Kengeri,Kengeri,267,200201002027,Bengaluru Urban,Bangalore_South_Kengeri1_Kengeri_Revenue_Map,Polygon,77.493649,12.900764,7
Bangalore South,Kengeri,Kengeri,156,200201002027,Bengaluru Urban,Bangalore_South_Kengeri1_Kengeri_Revenue_Map,Polygon,77.465693,12.900932,12
Bangalore South,Kengeri,Kengeri,114,200201002027,Bengaluru Urban,Bangalore_South_Kengeri1_Kengeri_Revenue_Map,Polygon,77.477081,12.900284,5
Bangalore South,Kengeri,Kengeri,256,200201002027,Bengaluru Urban,Bangalore_South_Kengeri1_Kengeri_Revenue_Map,Polygon,77.495097,12.900416,14
Bangalore South,Kengeri,Kengeri,117,200201002027,Bengaluru Urban,Bangalore_South_Kengeri1_Kengeri_Revenue_Map,Polygon,77.477753,12.899653,14
Bangalore South,Kengeri,Kengeri,161,200201002027,Bengaluru Urban,Bangalore_South_Kengeri1_Kengeri_Revenue_Map,Polygon,77.460631,12.899777,11
Bangalore South,Kengeri,Kengeri,258,200201002027,Bengaluru Urban,Bangalore_South_Kengeri1_Kengeri_Revenue_Map,Polygon,77.490978,12.899334,20
Bangalore South,Kengeri,Kengeri,71,200201002027,Bengaluru Urban,Bangalore_South_Kengeri1_Kengeri_Revenue_Map,Polygon,77.488566,12.900103,15
Bangalore South,Kengeri,Kengeri,235,200201002027,Bengaluru Urban,Bangalore_South_Kengeri1_Kengeri_Revenue_Map,Polygon,77.466817,12.899339,19
Bangalore South,Kengeri,Kengeri,121,200201002027,Bengaluru Urban,Bangalore_South_Kengeri1_Kengeri_Revenue_Map,Polygon,77.469365,12.893662,52
Bangalore South,Kengeri,Kengeri,234,200201002027,Bengaluru Urban,Bangalore_South_Kengeri1_Kengeri_Revenue_Map,Polygon,77.46653,12.898508,23
Bangalore South,Kengeri,Kengeri,254,200201002027,Bengaluru Urban,Bangalore_South_Kengeri1_Kengeri_Revenue_Map,Polygon,77.471328,12.899197,7
Bangalore South,Kengeri,Kengeri,232,200201002027,Bengaluru Urban,Bangalore_South_Kengeri1_Kengeri_Revenue_Map,Polygon,77.464898,12.89859,14
Bangalore South,Kengeri,Kengeri,70,200201002027,Bengaluru Urban,Bangalore_South_Kengeri1_Kengeri_Revenue_Map,Polygon,77.488564,12.899102,8
Bangalore South,Kengeri,Kengeri,119,200201002027,Bengaluru Urban,Bangalore_South_Kengeri1_Kengeri_Revenue_Map,Polygon,77.476065,12.898003,13
Bangalore South,Kengeri,Kengeri,265,200201002027,Bengaluru Urban,Bangalore_South_Kengeri1_Kengeri_Revenue_Map,Polygon,77.491443,12.898452,18
Bangalore South,Kengeri,Kengeri,231,200201002027,Bengaluru Urban,Bangalore_South_Kengeri1_Kengeri_Revenue_Map,Polygon,77.464387,12.897563,18
Bangalore South,Kengeri,Kengeri,264,200201002027,Bengaluru Urban,Bangalore_South_Kengeri1_Kengeri_Revenue_Map,Polygon,77.491862,12.897905,19
Bangalore South,Kengeri,Kengeri,233,200201002027,Bengaluru Urban,Bangalore_South_Kengeri1_Kengeri_Revenue_Map,Polygon,77.465662,12.897656,19
Bangalore South,Kengeri,Kengeri,118,200201002027,Bengaluru Urban,Bangalore_South_Kengeri1_Kengeri_Revenue_Map,Polygon,77.47747,12.897541,11
Bangalore South,Kengeri,Kengeri,160,200201002027,Bengaluru Urban,Bangalore_South_Kengeri1_Kengeri_Revenue_Map,Polygon,77.461415,12.897895,9
Bangalore South,Kengeri,Kengeri,255,200201002027,Bengaluru Urban,Bangalore_South_Kengeri1_Kengeri_Revenue_Map,Polygon,77.4692,12.896684,35
Bangalore South,Kengeri,Kengeri,263,200201002027,Bengaluru Urban,Bangalore_South_Kengeri1_Kengeri_Revenue_Map,Polygon,77.492525,12.89727,15
Bangalore South,Kengeri,Kengeri,TANK,200201002027,Bengaluru Urban,Bangalore_South_Kengeri1_Kengeri_Revenue_Map,Polygon,77.46871,12.896655,16
Bangalore South,Kengeri,Kengeri,TANK,200201002027,Bengaluru Urban,Bangalore_South_Kengeri1_Kengeri_Revenue_Map,Polygon,77.468781,12.89625,19
Bangalore South,Kengeri,Kengeri,253,200201002027,Bengaluru Urban,Bangalore_South_Kengeri1_Kengeri_Revenue_Map,Polygon,77.467585,12.89558,15
Bangalore South,Kengeri,Kengeri,238,200201002027,Bengaluru Urban,Bangalore_South_Kengeri1_Kengeri_Revenue_Map,Polygon,77.46658,12.89357,14
Bangalore South,Kengeri,Kengeri,239,200201002027,Bengaluru Urban,Bangalore_South_Kengeri1_Kengeri_Revenue_Map,Polygon,77.467419,12.892482,15
Bangalore South,Kengeri,Kengeri,240,200201002027,Bengaluru Urban,Bangalore_South_Kengeri1_Kengeri_Revenue_Map,Polygon,77.466684,12.891543,17
Bangalore South,Kengeri,Nagadevanahalli,26,200201002037,Bengaluru Urban,Bangalore_South_Kengeri1_Nagadevanahalli_Revenue_Map,Polygon,77.489106,12.946449,32
Bangalore South,Kengeri,Nagadevanahalli,122,200201002037,Bengaluru Urban,Bangalore_South_Kengeri1_Nagadevanahalli_Revenue_Map,Polygon,77.488523,12.94802,5
Bangalore South,Kengeri,Nagadevanahalli,121,200201002037,Bengaluru Urban,Bangalore_South_Kengeri1_Nagadevanahalli_Revenue_Map,Polygon,77.488157,12.947566,7
Bangalore South,Kengeri,Nagadevanahalli,100,200201002037,Bengaluru Urban,Bangalore_South_Kengeri1_Nagadevanahalli_Revenue_Map,Polygon,77.493176,12.946744,11
Bangalore South,Kengeri,Nagadevanahalli,101,200201002037,Bengaluru Urban,Bangalore_South_Kengeri1_Nagadevanahalli_Revenue_Map,Polygon,77.493491,12.946688,13
Bangalore South,Kengeri,Nagadevanahalli,102,200201002037,Bengaluru Urban,Bangalore_South_Kengeri1_Nagadevanahalli_Revenue_Map,Polygon,77.494044,12.947498,10
Bangalore South,Kengeri,Nagadevanahalli,99,200201002037,Bengaluru Urban,Bangalore_South_Kengeri1_Nagadevanahalli_Revenue_Map,Polygon,77.492845,12.946696,7
Bangalore South,Kengeri,Nagadevanahalli,95,200201002037,Bengaluru Urban,Bangalore_South_Kengeri1_Nagadevanahalli_Revenue_Map,Polygon,77.492187,12.946844,1825
Bangalore South,Kengeri,Nagadevanahalli,103,200201002037,Bengaluru Urban,Bangalore_South_Kengeri1_Nagadevanahalli_Revenue_Map,Polygon,77.494506,12.947478,11
Bangalore South,Kengeri,Nagadevanahalli,104,200201002037,Bengaluru Urban,Bangalore_South_Kengeri1_Nagadevanahalli_Revenue_Map,Polygon,77.494863,12.947445,11
Bangalore South,Kengeri,Nagadevanahalli,STREAM,200201002037,Bengaluru Urban,Bangalore_South_Kengeri1_Nagadevanahalli_Revenue_Map,Polygon,77.492186,12.946845,1819
Bangalore South,Kengeri,Nagadevanahalli,94,200201002037,Bengaluru Urban,Bangalore_South_Kengeri1_Nagadevanahalli_Revenue_Map,Polygon,77.491453,12.946496,326
Bangalore South,Kengeri,Nagadevanahalli,59,200201002037,Bengaluru Urban,Bangalore_South_Kengeri1_Nagadevanahalli_Revenue_Map,Polygon,77.495542,12.947227,11
Bangalore South,Kengeri,Nagadevanahalli,119,200201002037,Bengaluru Urban,Bangalore_South_Kengeri1_Nagadevanahalli_Revenue_Map,Polygon,77.487805,12.947203,5
Bangalore South,Kengeri,Nagadevanahalli,93,200201002037,Bengaluru Urban,Bangalore_South_Kengeri1_Nagadevanahalli_Revenue_Map,Polygon,77.491367,12.947058,9
Bangalore South,Kengeri,Nagadevanahalli,63,200201002037,Bengaluru Urban,Bangalore_South_Kengeri1_Nagadevanahalli_Revenue_Map,Polygon,77.496802,12.947154,11
Bangalore South,Kengeri,Nagadevanahalli,STREAM,200201002037,Bengaluru Urban,Bangalore_South_Kengeri1_Nagadevanahalli_Revenue_Map,Polygon,77.494422,12.947354,11
Bangalore South,Kengeri,Nagadevanahalli,STREAM,200201002037,Bengaluru Urban,Bangalore_South_Kengeri1_Nagadevanahalli_Revenue_Map,Polygon,77.494788,12.947333,10
Bangalore South,Kengeri,Nagadevanahalli,STREAM,200201002037,Bengaluru Urban,Bangalore_South_Kengeri1_Nagadevanahalli_Revenue_Map,Polygon,77.494036,12.947332,12
Bangalore South,Kengeri,Nagadevanahalli,104,200201002037,Bengaluru Urban,Bangalore_South_Kengeri1_Nagadevanahalli_Revenue_Map,Polygon,77.49478,12.946856,10
Bangalore South,Kengeri,Nagadevanahalli,102,200201002037,Bengaluru Urban,Bangalore_South_Kengeri1_Nagadevanahalli_Revenue_Map,Polygon,77.493979,12.947044,10
Bangalore South,Kengeri,Nagadevanahalli,103,200201002037,Bengaluru Urban,Bangalore_South_Kengeri1_Nagadevanahalli_Revenue_Map,Polygon,77.494383,12.946959,8
Bangalore South,Kengeri,Nagadevanahalli,64,200201002037,Bengaluru Urban,Bangalore_South_Kengeri1_Nagadevanahalli_Revenue_Map,Polygon,77.497919,12.947006,10
Bangalore South,Kengeri,Nagadevanahalli,115,200201002037,Bengaluru Urban,Bangalore_South_Kengeri1_Nagadevanahalli_Revenue_Map,Polygon,77.49872,12.946977,8
Bangalore South,Kengeri,Nagadevanahalli,120,200201002037,Bengaluru Urban,Bangalore_South_Kengeri1_Nagadevanahalli_Revenue_Map,Polygon,77.488293,12.946885,5
Bangalore South,Kengeri,Nagadevanahalli,68,200201002037,Bengaluru Urban,Bangalore_South_Kengeri1_Nagadevanahalli_Revenue_Map,Polygon,77.499313,12.946585,13
Bangalore South,Kengeri,Nagadevanahalli,118,200201002037,Bengaluru Urban,Bangalore_South_Kengeri1_Nagadevanahalli_Revenue_Map,Polygon,77.487564,12.946595,7
Bangalore South,Kengeri,Nagadevanahalli,62,200201002037,Bengaluru Urban,Bangalore_South_Kengeri1_Nagadevanahalli_Revenue_Map,Polygon,77.496512,12.946583,13
Bangalore South,Kengeri,Nagadevanahalli,67,200201002037,Bengaluru Urban,Bangalore_South_Kengeri1_Nagadevanahalli_Revenue_Map,Polygon,77.50002,12.946431,8
Bangalore South,Kengeri,Nagadevanahalli,58,200201002037,Bengaluru Urban,Bangalore_South_Kengeri1_Nagadevanahalli_Revenue_Map,Polygon,77.495394,12.946535,7
Bangalore South,Kengeri,Nagadevanahalli,114,200201002037,Bengaluru Urban,Bangalore_South_Kengeri1_Nagadevanahalli_Revenue_Map,Polygon,77.498629,12.946584,6
Bangalore South,Kengeri,Nagadevanahalli,60,200201002037,Bengaluru Urban,Bangalore_South_Kengeri1_Nagadevanahalli_Revenue_Map,Polygon,77.496123,12.946028,15
Bangalore South,Kengeri,Nagadevanahalli,STREAM,200201002037,Bengaluru Urban,Bangalore_South_Kengeri1_Nagadevanahalli_Revenue_Map,Polygon,77.49142,12.946477,595
Bangalore South,Kengeri,Nagadevanahalli,94,200201002037,Bengaluru Urban,Bangalore_South_Kengeri1_Nagadevanahalli_Revenue_Map,Polygon,77.49139,12.946466,276
Bangalore South,Kengeri,Nagadevanahalli,65,200201002037,Bengaluru Urban,Bangalore_South_Kengeri1_Nagadevanahalli_Revenue_Map,Polygon,77.497798,12.946341,5
Bangalore South,Kengeri,Nagadevanahalli,113,200201002037,Bengaluru Urban,Bangalore_South_Kengeri1_Nagadevanahalli_Revenue_Map,Polygon,77.500482,12.945869,14
Bangalore South,Kengeri,Nagadevanahalli,91,200201002037,Bengaluru Urban,Bangalore_South_Kengeri1_Nagadevanahalli_Revenue_Map,Polygon,77.489714,12.945582,99
Bangalore South,Kengeri,Nagadevanahalli,28,200201002037,Bengaluru Urban,Bangalore_South_Kengeri1_Nagadevanahalli_Revenue_Map,Polygon,77.502173,12.943703,35
Bangalore South,Kengeri,Nagadevanahalli,117,200201002037,Bengaluru Urban,Bangalore_South_Kengeri1_Nagadevanahalli_Revenue_Map,Polygon,77.487039,12.946216,10
Bangalore South,Kengeri,Nagadevanahalli,109,200201002037,Bengaluru Urban,Bangalore_South_Kengeri1_Nagadevanahalli_Revenue_Map,Polygon,77.498528,12.945803,16
Bangalore South,Kengeri,Nagadevanahalli,92,200201002037,Bengaluru Urban,Bangalore_South_Kengeri1_Nagadevanahalli_Revenue_Map,Polygon,77.490261,12.94544,396
Bangalore South,Kengeri,Nagadevanahalli,61,200201002037,Bengaluru Urban,Bangalore_South_Kengeri1_Nagadevanahalli_Revenue_Map,Polygon,77.496555,12.946036,13
Bangalore South,Kengeri,Nagadevanahalli,57,200201002037,Bengaluru Urban,Bangalore_South_Kengeri1_Nagadevanahalli_Revenue_Map,Polygon,77.495353,12.945905,9
Bangalore South,Kengeri,Nagadevanahalli,96,200201002037,Bengaluru Urban,Bangalore_South_Kengeri1_Nagadevanahalli_Revenue_Map,Polygon,77.491042,12.945597,831
Bangalore South,Kengeri,Nagadevanahalli,111,200201002037,Bengaluru Urban,Bangalore_South_Kengeri1_Nagadevanahalli_Revenue_Map,Polygon,77.499452,12.945808,14
Bangalore South,Kengeri,Nagadevanahalli,STREAM,200201002037,Bengaluru Urban,Bangalore_South_Kengeri1_Nagadevanahalli_Revenue_Map,Polygon,77.4911,12.945625,1543
Bangalore South,Kengeri,Nagadevanahalli,96,200201002037,Bengaluru Urban,Bangalore_South_Kengeri1_Nagadevanahalli_Revenue_Map,Polygon,77.491101,12.94557,844
Bangalore South,Kengeri,Nagadevanahalli,97,200201002037,Bengaluru Urban,Bangalore_South_Kengeri1_Nagadevanahalli_Revenue_Map,Polygon,77.491686,12.945622,12
Bangalore South,Kengeri,Nagadevanahalli,66,200201002037,Bengaluru Urban,Bangalore_South_Kengeri1_Nagadevanahalli_Revenue_Map,Polygon,77.497471,12.945791,10
Bangalore South,Kengeri,Nagadevanahalli,116,200201002037,Bengaluru Urban,Bangalore_South_Kengeri1_Nagadevanahalli_Revenue_Map,Polygon,77.486785,12.94571,7
Bangalore South,Kengeri,Nagadevanahalli,84,200201002037,Bengaluru Urban,Bangalore_South_Kengeri1_Nagadevanahalli_Revenue_Map,Polygon,77.493737,12.945703,11
Bangalore South,Kengeri,Nagadevanahalli,98,200201002037,Bengaluru Urban,Bangalore_South_Kengeri1_Nagadevanahalli_Revenue_Map,Polygon,77.492224,12.945622,7
Bangalore South,Kengeri,Nagadevanahalli,PALYA_MARIYAPPANAPALYA,200201002037,Bengaluru Urban,Bangalore_South_Kengeri1_Nagadevanahalli_Revenue_Map,Polygon,77.49447,12.945212,14
Bangalore South,Kengeri,Nagadevanahalli,85,200201002037,Bengaluru Urban,Bangalore_South_Kengeri1_Nagadevanahalli_Revenue_Map,Polygon,77.492875,12.94536,7
Bangalore South,Kengeri,Nagadevanahalli,STREAM,200201002037,Bengaluru Urban,Bangalore_South_Kengeri1_Nagadevanahalli_Revenue_Map,Polygon,77.490224,12.945421,745
Bangalore South,Kengeri,Nagadevanahalli,ROAD,200201002037,Bengaluru Urban,Bangalore_South_Kengeri1_Nagadevanahalli_Revenue_Map,Polygon,77.496225,12.94545,13
Bangalore South,Kengeri,Nagadevanahalli,112,200201002037,Bengaluru Urban,Bangalore_South_Kengeri1_Nagadevanahalli_Revenue_Map,Polygon,77.500021,12.945329,11
Bangalore South,Kengeri,Nagadevanahalli,110,200201002037,Bengaluru Urban,Bangalore_South_Kengeri1_Nagadevanahalli_Revenue_Map,Polygon,77.49914,12.945313,8
Bangalore South,Kengeri,Nagadevanahalli,92,200201002037,Bengaluru Urban,Bangalore_South_Kengeri1_Nagadevanahalli_Revenue_Map,Polygon,77.490195,12.945412,358
Bangalore South,Kengeri,Nagadevanahalli,24,200201002037,Bengaluru Urban,Bangalore_South_Kengeri1_Nagadevanahalli_Revenue_Map,Polygon,77.486142,12.943973,34
Bangalore South,Kengeri,Nagadevanahalli,STREAM,200201002037,Bengaluru Urban,Bangalore_South_Kengeri1_Nagadevanahalli_Revenue_Map,Polygon,77.489627,12.945435,284
Bangalore South,Kengeri,Nagadevanahalli,91,200201002037,Bengaluru Urban,Bangalore_South_Kengeri1_Nagadevanahalli_Revenue_Map,Polygon,77.489623,12.945397,199
Bangalore South,Kengeri,Nagadevanahalli,72_TANK,200201002037,Bengaluru Urban,Bangalore_South_Kengeri1_Nagadevanahalli_Revenue_Map,Polygon,77.495434,12.945183,7
Bangalore South,Kengeri,Nagadevanahalli,71,200201002037,Bengaluru Urban,Bangalore_South_Kengeri1_Nagadevanahalli_Revenue_Map,Polygon,77.49619,12.945131,8
Bangalore South,Kengeri,Nagadevanahalli,69,200201002037,Bengaluru Urban,Bangalore_South_Kengeri1_Nagadevanahalli_Revenue_Map,Polygon,77.49903,12.944863,14
Bangalore South,Kengeri,Nagadevanahalli,83,200201002037,Bengaluru Urban,Bangalore_South_Kengeri1_Nagadevanahalli_Revenue_Map,Polygon,77.493547,12.944801,6
Bangalore South,Kengeri,Nagadevanahalli,90,200201002037,Bengaluru Urban,Bangalore_South_Kengeri1_Nagadevanahalli_Revenue_Map,Polygon,77.489836,12.944875,15
Bangalore South,Kengeri,Nagadevanahalli,70,200201002037,Bengaluru Urban,Bangalore_South_Kengeri1_Nagadevanahalli_Revenue_Map,Polygon,77.497312,12.944914,5
Bangalore South,Kengeri,Nagadevanahalli,108,200201002037,Bengaluru Urban,Bangalore_South_Kengeri1_Nagadevanahalli_Revenue_Map,Polygon,77.498042,12.944702,5
Bangalore South,Kengeri,Nagadevanahalli,73,200201002037,Bengaluru Urban,Bangalore_South_Kengeri1_Nagadevanahalli_Revenue_Map,Polygon,77.49553,12.944783,12
Bangalore South,Kengeri,Nagadevanahalli,89,200201002037,Bengaluru Urban,Bangalore_South_Kengeri1_Nagadevanahalli_Revenue_Map,Polygon,77.489945,12.944315,289
Bangalore South,Kengeri,Nagadevanahalli,86,200201002037,Bengaluru Urban,Bangalore_South_Kengeri1_Nagadevanahalli_Revenue_Map,Polygon,77.491979,12.944665,8
Bangalore South,Kengeri,Nagadevanahalli,88,200201002037,Bengaluru Urban,Bangalore_South_Kengeri1_Nagadevanahalli_Revenue_Map,Polygon,77.49098,12.943904,760
Bangalore South,Kengeri,Nagadevanahalli,107,200201002037,Bengaluru Urban,Bangalore_South_Kengeri1_Nagadevanahalli_Revenue_Map,Polygon,77.4987,12.9444,6
Bangalore South,Kengeri,Nagadevanahalli,27,200201002037,Bengaluru Urban,Bangalore_South_Kengeri1_Nagadevanahalli_Revenue_Map,Polygon,77.497417,12.941813,28
Bangalore South,Kengeri,Nagadevanahalli,81,200201002037,Bengaluru Urban,Bangalore_South_Kengeri1_Nagadevanahalli_Revenue_Map,Polygon,77.493945,12.944264,9
Bangalore South,Kengeri,Nagadevanahalli,106,200201002037,Bengaluru Urban,Bangalore_South_Kengeri1_Nagadevanahalli_Revenue_Map,Polygon,77.499517,12.94414,8
Bangalore South,Kengeri,Nagadevanahalli,23,200201002037,Bengaluru Urban,Bangalore_South_Kengeri1_Nagadevanahalli_Revenue_Map,Polygon,77.488768,12.942886,27
Bangalore South,Kengeri,Nagadevanahalli,25,200201002037,Bengaluru Urban,Bangalore_South_Kengeri1_Nagadevanahalli_Revenue_Map,Polygon,77.486098,12.944009,13
Bangalore South,Kengeri,Nagadevanahalli,82,200201002037,Bengaluru Urban,Bangalore_South_Kengeri1_Nagadevanahalli_Revenue_Map,Polygon,77.494727,12.944067,11
Bangalore South,Kengeri,Nagadevanahalli,80,200201002037,Bengaluru Urban,Bangalore_South_Kengeri1_Nagadevanahalli_Revenue_Map,Polygon,77.493068,12.944083,6
Bangalore South,Kengeri,Nagadevanahalli,89,200201002037,Bengaluru Urban,Bangalore_South_Kengeri1_Nagadevanahalli_Revenue_Map,Polygon,77.489872,12.944324,285
Bangalore South,Kengeri,Nagadevanahalli,74,200201002037,Bengaluru Urban,Bangalore_South_Kengeri1_Nagadevanahalli_Revenue_Map,Polygon,77.495445,12.944286,11
Bangalore South,Kengeri,Nagadevanahalli,STREAM,200201002037,Bengaluru Urban,Bangalore_South_Kengeri1_Nagadevanahalli_Revenue_Map,Polygon,77.489902,12.944316,562
Bangalore South,Kengeri,Nagadevanahalli,105,200201002037,Bengaluru Urban,Bangalore_South_Kengeri1_Nagadevanahalli_Revenue_Map,Polygon,77.50003,12.943981,7
Bangalore South,Kengeri,Nagadevanahalli,87,200201002037,Bengaluru Urban,Bangalore_South_Kengeri1_Nagadevanahalli_Revenue_Map,Polygon,77.49177,12.943882,9
Bangalore South,Kengeri,Nagadevanahalli,75,200201002037,Bengaluru Urban,Bangalore_South_Kengeri1_Nagadevanahalli_Revenue_Map,Polygon,77.495249,12.943702,12
Bangalore South,Kengeri,Nagadevanahalli,STREAM,200201002037,Bengaluru Urban,Bangalore_South_Kengeri1_Nagadevanahalli_Revenue_Map,Polygon,77.490978,12.943898,754
Bangalore South,Kengeri,Nagadevanahalli,123,200201002037,Bengaluru Urban,Bangalore_South_Kengeri1_Nagadevanahalli_Revenue_Map,Polygon,77.499433,12.942498,12
Bangalore South,Kengeri,Nagadevanahalli,79,200201002037,Bengaluru Urban,Bangalore_South_Kengeri1_Nagadevanahalli_Revenue_Map,Polygon,77.492991,12.943435,9
Bangalore South,Kengeri,Nagadevanahalli,78,200201002037,Bengaluru Urban,Bangalore_South_Kengeri1_Nagadevanahalli_Revenue_Map,Polygon,77.494773,12.942914,13
Bangalore South,Kengeri,Nagadevanahalli,76,200201002037,Bengaluru Urban,Bangalore_South_Kengeri1_Nagadevanahalli_Revenue_Map,Polygon,77.495579,12.943211,944
Bangalore South,Kengeri,Nagadevanahalli,21,200201002037,Bengaluru Urban,Bangalore_South_Kengeri1_Nagadevanahalli_Revenue_Map,Polygon,77.485133,12.941946,23
Bangalore South,Kengeri,Nagadevanahalli,13,200201002037,Bengaluru Urban,Bangalore_South_Kengeri1_Nagadevanahalli_Revenue_Map,Polygon,77.492503,12.942451,14
Bangalore South,Kengeri,Nagadevanahalli,77,200201002037,Bengaluru Urban,Bangalore_South_Kengeri1_Nagadevanahalli_Revenue_Map,Polygon,77.495079,12.942938,11
Bangalore South,Kengeri,Nagadevanahalli,STREAM,200201002037,Bengaluru Urban,Bangalore_South_Kengeri1_Nagadevanahalli_Revenue_Map,Polygon,77.495587,12.94321,931
Bangalore South,Kengeri,Nagadevanahalli,7,200201002037,Bengaluru Urban,Bangalore_South_Kengeri1_Nagadevanahalli_Revenue_Map,Polygon,77.494562,12.941809,16
Bangalore South,Kengeri,Nagadevanahalli,17,200201002037,Bengaluru Urban,Bangalore_South_Kengeri1_Nagadevanahalli_Revenue_Map,Polygon,77.488425,12.940647,17
Bangalore South,Kengeri,Nagadevanahalli,15,200201002037,Bengaluru Urban,Bangalore_South_Kengeri1_Nagadevanahalli_Revenue_Map,Polygon,77.489593,12.941461,14
Bangalore South,Kengeri,Nagadevanahalli,14,200201002037,Bengaluru Urban,Bangalore_South_Kengeri1_Nagadevanahalli_Revenue_Map,Polygon,77.491265,12.940924,18
Bangalore South,Kengeri,Nagadevanahalli,6,200201002037,Bengaluru Urban,Bangalore_South_Kengeri1_Nagadevanahalli_Revenue_Map,Polygon,77.495983,12.940853,14
Bangalore South,Kengeri,Nagadevanahalli,16,200201002037,Bengaluru Urban,Bangalore_South_Kengeri1_Nagadevanahalli_Revenue_Map,Polygon,77.489838,12.940802,14
Bangalore South,Kengeri,Nagadevanahalli,12,200201002037,Bengaluru Urban,Bangalore_South_Kengeri1_Nagadevanahalli_Revenue_Map,Polygon,77.493234,12.940796,7
Bangalore South,Kengeri,Nagadevanahalli,8,200201002037,Bengaluru Urban,Bangalore_South_Kengeri1_Nagadevanahalli_Revenue_Map,Polygon,77.494462,12.939742,28
Bangalore South,Kengeri,Nagadevanahalli,22,200201002037,Bengaluru Urban,Bangalore_South_Kengeri1_Nagadevanahalli_Revenue_Map,Polygon,77.484877,12.941067,5
Bangalore South,Kengeri,Nagadevanahalli,5,200201002037,Bengaluru Urban,Bangalore_South_Kengeri1_Nagadevanahalli_Revenue_Map,Polygon,77.495997,12.939621,34
Bangalore South,Kengeri,Nagadevanahalli,29,200201002037,Bengaluru Urban,Bangalore_South_Kengeri1_Nagadevanahalli_Revenue_Map,Polygon,77.499937,12.937772,27
Bangalore South,Kengeri,Nagadevanahalli,19,200201002037,Bengaluru Urban,Bangalore_South_Kengeri1_Nagadevanahalli_Revenue_Map,Polygon,77.486133,12.939763,15
Bangalore South,Kengeri,Nagadevanahalli,STREAM,200201002037,Bengaluru Urban,Bangalore_South_Kengeri1_Nagadevanahalli_Revenue_Map,Polygon,77.484455,12.938085,23
Bangalore South,Kengeri,Nagadevanahalli,20,200201002037,Bengaluru Urban,Bangalore_South_Kengeri1_Nagadevanahalli_Revenue_Map,Polygon,77.484755,12.937599,37
Bangalore South,Kengeri,Nagadevanahalli,18,200201002037,Bengaluru Urban,Bangalore_South_Kengeri1_Nagadevanahalli_Revenue_Map,Polygon,77.487473,12.939324,24
Bangalore South,Kengeri,Nagadevanahalli,11,200201002037,Bengaluru Urban,Bangalore_South_Kengeri1_Nagadevanahalli_Revenue_Map,Polygon,77.492672,12.939858,15
Bangalore South,Kengeri,Nagadevanahalli,52,200201002037,Bengaluru Urban,Bangalore_South_Kengeri1_Nagadevanahalli_Revenue_Map,Polygon,77.489145,12.938183,33
Bangalore South,Kengeri,Nagadevanahalli,9,200201002037,Bengaluru Urban,Bangalore_South_Kengeri1_Nagadevanahalli_Revenue_Map,Polygon,77.493574,12.939134,19
Bangalore South,Kengeri,Nagadevanahalli,10,200201002037,Bengaluru Urban,Bangalore_South_Kengeri1_Nagadevanahalli_Revenue_Map,Polygon,77.491372,12.93872,21
Bangalore South,Kengeri,Nagadevanahalli,4,200201002037,Bengaluru Urban,Bangalore_South_Kengeri1_Nagadevanahalli_Revenue_Map,Polygon,77.495479,12.938487,31
Bangalore South,Kengeri,Nagadevanahalli,31,200201002037,Bengaluru Urban,Bangalore_South_Kengeri1_Nagadevanahalli_Revenue_Map,Polygon,77.49685,12.937626,24
Bangalore South,Kengeri,Nagadevanahalli,30,200201002037,Bengaluru Urban,Bangalore_South_Kengeri1_Nagadevanahalli_Revenue_Map,Polygon,77.498723,12.938219,6
Bangalore South,Kengeri,Nagadevanahalli,3,200201002037,Bengaluru Urban,Bangalore_South_Kengeri1_Nagadevanahalli_Revenue_Map,Polygon,77.4936,12.937891,23
Bangalore South,Kengeri,Nagadevanahalli,54,200201002037,Bengaluru Urban,Bangalore_South_Kengeri1_Nagadevanahalli_Revenue_Map,Polygon,77.491353,12.937176,35
Bangalore South,Kengeri,Nagadevanahalli,PALYA_DODDAPALYA,200201002037,Bengaluru Urban,Bangalore_South_Kengeri1_Nagadevanahalli_Revenue_Map,Polygon,77.486674,12.938354,20
Bangalore South,Kengeri,Nagadevanahalli,53,200201002037,Bengaluru Urban,Bangalore_South_Kengeri1_Nagadevanahalli_Revenue_Map,Polygon,77.490243,12.937922,13
Bangalore South,Kengeri,Nagadevanahalli,51,200201002037,Bengaluru Urban,Bangalore_South_Kengeri1_Nagadevanahalli_Revenue_Map,Polygon,77.487379,12.93756,24
Bangalore South,Kengeri,Nagadevanahalli,50,200201002037,Bengaluru Urban,Bangalore_South_Kengeri1_Nagadevanahalli_Revenue_Map,Polygon,77.485822,12.937657,11
Bangalore South,Kengeri,Nagadevanahalli,2,200201002037,Bengaluru Urban,Bangalore_South_Kengeri1_Nagadevanahalli_Revenue_Map,Polygon,77.494863,12.936054,34
Bangalore South,Kengeri,Nagadevanahalli,46,200201002037,Bengaluru Urban,Bangalore_South_Kengeri1_Nagadevanahalli_Revenue_Map,Polygon,77.487147,12.935791,25
Bangalore South,Kengeri,Nagadevanahalli,45,200201002037,Bengaluru Urban,Bangalore_South_Kengeri1_Nagadevanahalli_Revenue_Map,Polygon,77.488454,12.936528,25
Bangalore South,Kengeri,Nagadevanahalli,32,200201002037,Bengaluru Urban,Bangalore_South_Kengeri1_Nagadevanahalli_Revenue_Map,Polygon,77.496312,12.93617,26
Bangalore South,Kengeri,Nagadevanahalli,49,200201002037,Bengaluru Urban,Bangalore_South_Kengeri1_Nagadevanahalli_Revenue_Map,Polygon,77.485868,12.93619,15
Bangalore South,Kengeri,Nagadevanahalli,55,200201002037,Bengaluru Urban,Bangalore_South_Kengeri1_Nagadevanahalli_Revenue_Map,Polygon,77.491735,12.93529,36
Bangalore South,Kengeri,Nagadevanahalli,33,200201002037,Bengaluru Urban,Bangalore_South_Kengeri1_Nagadevanahalli_Revenue_Map,Polygon,77.497062,12.936389,6
Bangalore South,Kengeri,Nagadevanahalli,1,200201002037,Bengaluru Urban,Bangalore_South_Kengeri1_Nagadevanahalli_Revenue_Map,Polygon,77.493386,12.935603,38
Bangalore South,Kengeri,Nagadevanahalli,41,200201002037,Bengaluru Urban,Bangalore_South_Kengeri1_Nagadevanahalli_Revenue_Map,Polygon,77.490055,12.935315,22
Bangalore South,Kengeri,Nagadevanahalli,34,200201002037,Bengaluru Urban,Bangalore_South_Kengeri1_Nagadevanahalli_Revenue_Map,Polygon,77.497468,12.936119,5
Bangalore South,Kengeri,Nagadevanahalli,35,200201002037,Bengaluru Urban,Bangalore_South_Kengeri1_Nagadevanahalli_Revenue_Map,Polygon,77.498504,12.934202,18
Bangalore South,Kengeri,Nagadevanahalli,48,200201002037,Bengaluru Urban,Bangalore_South_Kengeri1_Nagadevanahalli_Revenue_Map,Polygon,77.486323,12.935625,10
Bangalore South,Kengeri,Nagadevanahalli,44,200201002037,Bengaluru Urban,Bangalore_South_Kengeri1_Nagadevanahalli_Revenue_Map,Polygon,77.488458,12.935219,21
Bangalore South,Kengeri,Nagadevanahalli,37,200201002037,Bengaluru Urban,Bangalore_South_Kengeri1_Nagadevanahalli_Revenue_Map,Polygon,77.494196,12.934572,40
Bangalore South,Kengeri,Nagadevanahalli,36,200201002037,Bengaluru Urban,Bangalore_South_Kengeri1_Nagadevanahalli_Revenue_Map,Polygon,77.496189,12.934644,25
Bangalore South,Kengeri,Nagadevanahalli,SETTLEMENT,200201002037,Bengaluru Urban,Bangalore_South_Kengeri1_Nagadevanahalli_Revenue_Map,Polygon,77.493216,12.935064,8
Bangalore South,Kengeri,Nagadevanahalli,56,200201002037,Bengaluru Urban,Bangalore_South_Kengeri1_Nagadevanahalli_Revenue_Map,Polygon,77.496543,12.933985,21
Bangalore South,Kengeri,Nagadevanahalli,47,200201002037,Bengaluru Urban,Bangalore_South_Kengeri1_Nagadevanahalli_Revenue_Map,Polygon,77.485565,12.934138,14
Bangalore South,Kengeri,Nagadevanahalli,STREAM,200201002037,Bengaluru Urban,Bangalore_South_Kengeri1_Nagadevanahalli_Revenue_Map,Polygon,77.496287,12.934645,13
Bangalore South,Kengeri,Nagadevanahalli,40,200201002037,Bengaluru Urban,Bangalore_South_Kengeri1_Nagadevanahalli_Revenue_Map,Polygon,77.490977,12.933433,30
Bangalore South,Kengeri,Nagadevanahalli,43,200201002037,Bengaluru Urban,Bangalore_South_Kengeri1_Nagadevanahalli_Revenue_Map,Polygon,77.487756,12.933965,12
Bangalore South,Kengeri,Nagadevanahalli,STREAM,200201002037,Bengaluru Urban,Bangalore_South_Kengeri1_Nagadevanahalli_Revenue_Map,Polygon,77.496328,12.933812,31
Bangalore South,Kengeri,Nagadevanahalli,42,200201002037,Bengaluru Urban,Bangalore_South_Kengeri1_Nagadevanahalli_Revenue_Map,Polygon,77.489429,12.933596,15
Bangalore South,Kengeri,Nagadevanahalli,56,200201002037,Bengaluru Urban,Bangalore_South_Kengeri1_Nagadevanahalli_Revenue_Map,Polygon,77.496222,12.933695,21
Bangalore South,Kengeri,Nagadevanahalli,38,200201002037,Bengaluru Urban,Bangalore_South_Kengeri1_Nagadevanahalli_Revenue_Map,Polygon,77.493234,12.933511,25
Bangalore South,Kengeri,Nagadevanahalli,39,200201002037,Bengaluru Urban,Bangalore_South_Kengeri1_Nagadevanahalli_Revenue_Map,Polygon,77.492964,12.93277,21
Bangalore South,Kengeri,J.I.Halage Vaderahalli,STREAM,200201002016,Bengaluru Urban,Bangalore_South_Kengeri1_Nayandahalli_Revenue_Map,Polygon,77.518841,12.931022,110
Bangalore South,Kengeri,J.I.Halage Vaderahalli,28,200201002016,Bengaluru Urban,Bangalore_South_Kengeri1_Nayandahalli_Revenue_Map,Polygon,77.515028,12.934668,12
Bangalore South,Kengeri,J.I.Halage Vaderahalli,32,200201002016,Bengaluru Urban,Bangalore_South_Kengeri1_Nayandahalli_Revenue_Map,Polygon,77.517398,12.933374,21
Bangalore South,Kengeri,J.I.Halage Vaderahalli,26,200201002016,Bengaluru Urban,Bangalore_South_Kengeri1_Nayandahalli_Revenue_Map,Polygon,77.515182,12.933244,24
Bangalore South,Kengeri,J.I.Halage Vaderahalli,27,200201002016,Bengaluru Urban,Bangalore_South_Kengeri1_Nayandahalli_Revenue_Map,Polygon,77.514489,12.933518,9
Bangalore South,Kengeri,J.I.Halage Vaderahalli,29,200201002016,Bengaluru Urban,Bangalore_South_Kengeri1_Nayandahalli_Revenue_Map,Polygon,77.516705,12.933393,14
Bangalore South,Kengeri,J.I.Halage Vaderahalli,STREAM,200201002016,Bengaluru Urban,Bangalore_South_Kengeri1_Nayandahalli_Revenue_Map,Polygon,77.514547,12.932977,25
Bangalore South,Kengeri,J.I.Halage Vaderahalli,26,200201002016,Bengaluru Urban,Bangalore_South_Kengeri1_Nayandahalli_Revenue_Map,Polygon,77.514469,12.93297,17
Bangalore South,Kengeri,J.I.Halage Vaderahalli,25,200201002016,Bengaluru Urban,Bangalore_South_Kengeri1_Nayandahalli_Revenue_Map,Polygon,77.515702,12.931275,20
Bangalore South,Kengeri,J.I.Halage Vaderahalli,30,200201002016,Bengaluru Urban,Bangalore_South_Kengeri1_Nayandahalli_Revenue_Map,Polygon,77.516239,12.931427,17
Bangalore South,Kengeri,J.I.Halage Vaderahalli,31,200201002016,Bengaluru Urban,Bangalore_South_Kengeri1_Nayandahalli_Revenue_Map,Polygon,77.516648,12.931645,16
Bangalore South,Kengeri,J.I.Halage Vaderahalli,24,200201002016,Bengaluru Urban,Bangalore_South_Kengeri1_Nayandahalli_Revenue_Map,Polygon,77.515366,12.931436,14
Bangalore South,Kengeri,J.I.Halage Vaderahalli,23,200201002016,Bengaluru Urban,Bangalore_South_Kengeri1_Nayandahalli_Revenue_Map,Polygon,77.514668,12.931122,19
Bangalore South,Kengeri,J.I.Halage Vaderahalli,33,200201002016,Bengaluru Urban,Bangalore_South_Kengeri1_Nayandahalli_Revenue_Map,Polygon,77.517311,12.930942,13
Bangalore South,Kengeri,J.I.Halage Vaderahalli,34,200201002016,Bengaluru Urban,Bangalore_South_Kengeri1_Nayandahalli_Revenue_Map,Polygon,77.518272,12.931118,194
Bangalore South,Kengeri,J.I.Halage Vaderahalli,STREAM,200201002016,Bengaluru Urban,Bangalore_South_Kengeri1_Nayandahalli_Revenue_Map,Polygon,77.518377,12.931071,359
Bangalore South,Kengeri,J.I.Halage Vaderahalli,34,200201002016,Bengaluru Urban,Bangalore_South_Kengeri1_Nayandahalli_Revenue_Map,Polygon,77.518477,12.931035,179
Bangalore South,Kengeri,J.I.Halage Vaderahalli,36,200201002016,Bengaluru Urban,Bangalore_South_Kengeri1_Nayandahalli_Revenue_Map,Polygon,77.519522,12.929715,12
Bangalore South,Kengeri,J.I.Halage Vaderahalli,38,200201002016,Bengaluru Urban,Bangalore_South_Kengeri1_Nayandahalli_Revenue_Map,Polygon,77.521385,12.930185,71
Bangalore South,Kengeri,J.I.Halage Vaderahalli,37,200201002016,Bengaluru Urban,Bangalore_South_Kengeri1_Nayandahalli_Revenue_Map,Polygon,77.520058,12.929532,13
Bangalore South,Kengeri,J.I.Halage Vaderahalli,35,200201002016,Bengaluru Urban,Bangalore_South_Kengeri1_Nayandahalli_Revenue_Map,Polygon,77.518253,12.930134,66
Bangalore South,Kengeri,J.I.Halage Vaderahalli,STREAM,200201002016,Bengaluru Urban,Bangalore_South_Kengeri1_Nayandahalli_Revenue_Map,Polygon,77.521511,12.930135,130
Bangalore South,Kengeri,J.I.Halage Vaderahalli,STREAM,200201002016,Bengaluru Urban,Bangalore_South_Kengeri1_Nayandahalli_Revenue_Map,Polygon,77.51832,12.930361,51
Bangalore South,Kengeri,J.I.Halage Vaderahalli,38,200201002016,Bengaluru Urban,Bangalore_South_Kengeri1_Nayandahalli_Revenue_Map,Polygon,77.521594,12.930121,69
Bangalore South,Kengeri,J.I.Halage Vaderahalli,56,200201002016,Bengaluru Urban,Bangalore_South_Kengeri1_Nayandahalli_Revenue_Map,Polygon,77.522498,12.929483,18
Bangalore South,Kengeri,J.I.Halage Vaderahalli,39,200201002016,Bengaluru Urban,Bangalore_South_Kengeri1_Nayandahalli_Revenue_Map,Polygon,77.52098,12.929444,11
Bangalore South,Kengeri,J.I.Halage Vaderahalli,18,200201002016,Bengaluru Urban,Bangalore_South_Kengeri1_Nayandahalli_Revenue_Map,Polygon,77.516697,12.927991,19
Bangalore South,Kengeri,J.I.Halage Vaderahalli,19,200201002016,Bengaluru Urban,Bangalore_South_Kengeri1_Nayandahalli_Revenue_Map,Polygon,77.516291,12.9277,20
Bangalore South,Kengeri,J.I.Halage Vaderahalli,17,200201002016,Bengaluru Urban,Bangalore_South_Kengeri1_Nayandahalli_Revenue_Map,Polygon,77.517026,12.927924,17
Bangalore South,Kengeri,J.I.Halage Vaderahalli,22,200201002016,Bengaluru Urban,Bangalore_South_Kengeri1_Nayandahalli_Revenue_Map,Polygon,77.515234,12.929256,14
Bangalore South,Kengeri,J.I.Halage Vaderahalli,16,200201002016,Bengaluru Urban,Bangalore_South_Kengeri1_Nayandahalli_Revenue_Map,Polygon,77.517418,12.927997,14
Bangalore South,Kengeri,J.I.Halage Vaderahalli,15,200201002016,Bengaluru Urban,Bangalore_South_Kengeri1_Nayandahalli_Revenue_Map,Polygon,77.5177,12.927285,16
Bangalore South,Kengeri,J.I.Halage Vaderahalli,14,200201002016,Bengaluru Urban,Bangalore_South_Kengeri1_Nayandahalli_Revenue_Map,Polygon,77.518053,12.927449,14
Bangalore South,Kengeri,J.I.Halage Vaderahalli,13,200201002016,Bengaluru Urban,Bangalore_South_Kengeri1_Nayandahalli_Revenue_Map,Polygon,77.518433,12.927404,14
Bangalore South,Kengeri,J.I.Halage Vaderahalli,11,200201002016,Bengaluru Urban,Bangalore_South_Kengeri1_Nayandahalli_Revenue_Map,Polygon,77.519169,12.927107,14
Bangalore South,Kengeri,J.I.Halage Vaderahalli,12,200201002016,Bengaluru Urban,Bangalore_South_Kengeri1_Nayandahalli_Revenue_Map,Polygon,77.518679,12.92684,15
Bangalore South,Kengeri,J.I.Halage Vaderahalli,40,200201002016,Bengaluru Urban,Bangalore_South_Kengeri1_Nayandahalli_Revenue_Map,Polygon,77.520811,12.928051,13
Bangalore South,Kengeri,J.I.Halage Vaderahalli,55,200201002016,Bengaluru Urban,Bangalore_South_Kengeri1_Nayandahalli_Revenue_Map,Polygon,77.522732,12.928101,10
Bangalore South,Kengeri,J.I.Halage Vaderahalli,57,200201002016,Bengaluru Urban,Bangalore_South_Kengeri1_Nayandahalli_Revenue_Map,Polygon,77.525737,12.922628,111
Bangalore South,Kengeri,J.I.Halage Vaderahalli,21,200201002016,Bengaluru Urban,Bangalore_South_Kengeri1_Nayandahalli_Revenue_Map,Polygon,77.514787,12.927676,18
Bangalore South,Kengeri,J.I.Halage Vaderahalli,284,200201002016,Bengaluru Urban,Bangalore_South_Kengeri1_Nayandahalli_Revenue_Map,Polygon,77.523808,12.927026,15
Bangalore South,Kengeri,J.I.Halage Vaderahalli,41,200201002016,Bengaluru Urban,Bangalore_South_Kengeri1_Nayandahalli_Revenue_Map,Polygon,77.519728,12.927089,11
Bangalore South,Kengeri,J.I.Halage Vaderahalli,54,200201002016,Bengaluru Urban,Bangalore_South_Kengeri1_Nayandahalli_Revenue_Map,Polygon,77.522463,12.927139,13
Bangalore South,Kengeri,J.I.Halage Vaderahalli,58,200201002016,Bengaluru Urban,Bangalore_South_Kengeri1_Nayandahalli_Revenue_Map,Polygon,77.525163,12.926827,8
Bangalore South,Kengeri,J.I.Halage Vaderahalli,20,200201002016,Bengaluru Urban,Bangalore_South_Kengeri1_Nayandahalli_Revenue_Map,Polygon,77.515233,12.926523,16
Bangalore South,Kengeri,J.I.Halage Vaderahalli,53,200201002016,Bengaluru Urban,Bangalore_South_Kengeri1_Nayandahalli_Revenue_Map,Polygon,77.52273,12.926443,11
Bangalore South,Kengeri,J.I.Halage Vaderahalli,59,200201002016,Bengaluru Urban,Bangalore_South_Kengeri1_Nayandahalli_Revenue_Map,Polygon,77.526335,12.925427,14
Bangalore South,Kengeri,J.I.Halage Vaderahalli,52,200201002016,Bengaluru Urban,Bangalore_South_Kengeri1_Nayandahalli_Revenue_Map,Polygon,77.521636,12.925579,13
Bangalore South,Kengeri,J.I.Halage Vaderahalli,4,200201002016,Bengaluru Urban,Bangalore_South_Kengeri1_Nayandahalli_Revenue_Map,Polygon,77.516923,12.925177,19
Bangalore South,Kengeri,J.I.Halage Vaderahalli,1_TANK,200201002016,Bengaluru Urban,Bangalore_South_Kengeri1_Nayandahalli_Revenue_Map,Polygon,77.514993,12.923853,33
Bangalore South,Kengeri,J.I.Halage Vaderahalli,2,200201002016,Bengaluru Urban,Bangalore_South_Kengeri1_Nayandahalli_Revenue_Map,Polygon,77.515378,12.9256,8
Bangalore South,Kengeri,J.I.Halage Vaderahalli,42,200201002016,Bengaluru Urban,Bangalore_South_Kengeri1_Nayandahalli_Revenue_Map,Polygon,77.519164,12.924093,16
Bangalore South,Kengeri,J.I.Halage Vaderahalli,43,200201002016,Bengaluru Urban,Bangalore_South_Kengeri1_Nayandahalli_Revenue_Map,Polygon,77.519729,12.924318,14
Bangalore South,Kengeri,J.I.Halage Vaderahalli,3,200201002016,Bengaluru Urban,Bangalore_South_Kengeri1_Nayandahalli_Revenue_Map,Polygon,77.516032,12.925148,14
Bangalore South,Kengeri,J.I.Halage Vaderahalli,44,200201002016,Bengaluru Urban,Bangalore_South_Kengeri1_Nayandahalli_Revenue_Map,Polygon,77.520283,12.924034,14
Bangalore South,Kengeri,J.I.Halage Vaderahalli,51,200201002016,Bengaluru Urban,Bangalore_South_Kengeri1_Nayandahalli_Revenue_Map,Polygon,77.522674,12.924613,11
Bangalore South,Kengeri,J.I.Halage Vaderahalli,269,200201002016,Bengaluru Urban,Bangalore_South_Kengeri1_Nayandahalli_Revenue_Map,Polygon,77.514262,12.925334,5
Bangalore South,Kengeri,J.I.Halage Vaderahalli,275,200201002016,Bengaluru Urban,Bangalore_South_Kengeri1_Nayandahalli_Revenue_Map,Polygon,77.523618,12.922348,112
Bangalore South,Kengeri,J.I.Halage Vaderahalli,45,200201002016,Bengaluru Urban,Bangalore_South_Kengeri1_Nayandahalli_Revenue_Map,Polygon,77.520801,12.923847,19
Bangalore South,Kengeri,J.I.Halage Vaderahalli,268,200201002016,Bengaluru Urban,Bangalore_South_Kengeri1_Nayandahalli_Revenue_Map,Polygon,77.513331,12.925208,13
Bangalore South,Kengeri,J.I.Halage Vaderahalli,266,200201002016,Bengaluru Urban,Bangalore_South_Kengeri1_Nayandahalli_Revenue_Map,Polygon,77.512732,12.924974,10
Bangalore South,Kengeri,J.I.Halage Vaderahalli,270,200201002016,Bengaluru Urban,Bangalore_South_Kengeri1_Nayandahalli_Revenue_Map,Polygon,77.514156,12.925117,5
Bangalore South,Kengeri,J.I.Halage Vaderahalli,265,200201002016,Bengaluru Urban,Bangalore_South_Kengeri1_Nayandahalli_Revenue_Map,Polygon,77.511854,12.924981,6
Bangalore South,Kengeri,J.I.Halage Vaderahalli,10,200201002016,Bengaluru Urban,Bangalore_South_Kengeri1_Nayandahalli_Revenue_Map,Polygon,77.518013,12.924488,16
Bangalore South,Kengeri,J.I.Halage Vaderahalli,264,200201002016,Bengaluru Urban,Bangalore_South_Kengeri1_Nayandahalli_Revenue_Map,Polygon,77.511187,12.924777,10
Bangalore South,Kengeri,J.I.Halage Vaderahalli,267,200201002016,Bengaluru Urban,Bangalore_South_Kengeri1_Nayandahalli_Revenue_Map,Polygon,77.513566,12.924788,5
Bangalore South,Kengeri,J.I.Halage Vaderahalli,272,200201002016,Bengaluru Urban,Bangalore_South_Kengeri1_Nayandahalli_Revenue_Map,Polygon,77.514066,12.924605,6
Bangalore South,Kengeri,J.I.Halage Vaderahalli,271,200201002016,Bengaluru Urban,Bangalore_South_Kengeri1_Nayandahalli_Revenue_Map,Polygon,77.514116,12.924211,9
Bangalore South,Kengeri,J.I.Halage Vaderahalli,46,200201002016,Bengaluru Urban,Bangalore_South_Kengeri1_Nayandahalli_Revenue_Map,Polygon,77.52124,12.923705,20
Bangalore South,Kengeri,J.I.Halage Vaderahalli,286,200201002016,Bengaluru Urban,Bangalore_South_Kengeri1_Nayandahalli_Revenue_Map,Polygon,77.525892,12.923178,8
Bangalore South,Kengeri,J.I.Halage Vaderahalli,47,200201002016,Bengaluru Urban,Bangalore_South_Kengeri1_Nayandahalli_Revenue_Map,Polygon,77.521831,12.923454,19
Bangalore South,Kengeri,J.I.Halage Vaderahalli,STREAM,200201002016,Bengaluru Urban,Bangalore_South_Kengeri1_Nayandahalli_Revenue_Map,Polygon,77.512536,12.924367,18
Bangalore South,Kengeri,J.I.Halage Vaderahalli,50,200201002016,Bengaluru Urban,Bangalore_South_Kengeri1_Nayandahalli_Revenue_Map,Polygon,77.522399,12.92354,20
Bangalore South,Kengeri,J.I.Halage Vaderahalli,263,200201002016,Bengaluru Urban,Bangalore_South_Kengeri1_Nayandahalli_Revenue_Map,Polygon,77.51212,12.92431,7
Bangalore South,Kengeri,J.I.Halage Vaderahalli,262,200201002016,Bengaluru Urban,Bangalore_South_Kengeri1_Nayandahalli_Revenue_Map,Polygon,77.512978,12.9242,8
Bangalore South,Kengeri,J.I.Halage Vaderahalli,260,200201002016,Bengaluru Urban,Bangalore_South_Kengeri1_Nayandahalli_Revenue_Map,Polygon,77.511357,12.92404,11
Bangalore South,Kengeri,J.I.Halage Vaderahalli,6,200201002016,Bengaluru Urban,Bangalore_South_Kengeri1_Nayandahalli_Revenue_Map,Polygon,77.517006,12.92375,15
Bangalore South,Kengeri,J.I.Halage Vaderahalli,64,200201002016,Bengaluru Urban,Bangalore_South_Kengeri1_Nayandahalli_Revenue_Map,Polygon,77.51347,12.923971,5
Bangalore South,Kengeri,J.I.Halage Vaderahalli,5,200201002016,Bengaluru Urban,Bangalore_South_Kengeri1_Nayandahalli_Revenue_Map,Polygon,77.516108,12.924052,5
Bangalore South,Kengeri,J.I.Halage Vaderahalli,261,200201002016,Bengaluru Urban,Bangalore_South_Kengeri1_Nayandahalli_Revenue_Map,Polygon,77.512167,12.923458,22
Bangalore South,Kengeri,J.I.Halage Vaderahalli,60,200201002016,Bengaluru Urban,Bangalore_South_Kengeri1_Nayandahalli_Revenue_Map,Polygon,77.527482,12.922645,14
Bangalore South,Kengeri,J.I.Halage Vaderahalli,287,200201002016,Bengaluru Urban,Bangalore_South_Kengeri1_Nayandahalli_Revenue_Map,Polygon,77.524107,12.922442,75
Bangalore South,Kengeri,J.I.Halage Vaderahalli,9,200201002016,Bengaluru Urban,Bangalore_South_Kengeri1_Nayandahalli_Revenue_Map,Polygon,77.518225,12.9238,8
Bangalore South,Kengeri,J.I.Halage Vaderahalli,274,200201002016,Bengaluru Urban,Bangalore_South_Kengeri1_Nayandahalli_Revenue_Map,Polygon,77.522908,12.922577,42
Bangalore South,Kengeri,J.I.Halage Vaderahalli,63,200201002016,Bengaluru Urban,Bangalore_South_Kengeri1_Nayandahalli_Revenue_Map,Polygon,77.513094,12.923267,21
Bangalore South,Kengeri,J.I.Halage Vaderahalli,STREAM,200201002016,Bengaluru Urban,Bangalore_South_Kengeri1_Nayandahalli_Revenue_Map,Polygon,77.51201,12.922494,34
Bangalore South,Kengeri,J.I.Halage Vaderahalli,7,200201002016,Bengaluru Urban,Bangalore_South_Kengeri1_Nayandahalli_Revenue_Map,Polygon,77.517691,12.923335,9
Bangalore South,Kengeri,J.I.Halage Vaderahalli,8,200201002016,Bengaluru Urban,Bangalore_South_Kengeri1_Nayandahalli_Revenue_Map,Polygon,77.518452,12.923185,7
Bangalore South,Kengeri,J.I.Halage Vaderahalli,259,200201002016,Bengaluru Urban,Bangalore_South_Kengeri1_Nayandahalli_Revenue_Map,Polygon,77.511421,12.922727,20
Bangalore South,Kengeri,J.I.Halage Vaderahalli,STREAM,200201002016,Bengaluru Urban,Bangalore_South_Kengeri1_Nayandahalli_Revenue_Map,Polygon,77.519964,12.922452,45
Bangalore South,Kengeri,J.I.Halage Vaderahalli,SETTLEMENT,200201002016,Bengaluru Urban,Bangalore_South_Kengeri1_Nayandahalli_Revenue_Map,Polygon,77.514371,12.921818,40
Bangalore South,Kengeri,J.I.Halage Vaderahalli,94,200201002016,Bengaluru Urban,Bangalore_South_Kengeri1_Nayandahalli_Revenue_Map,Polygon,77.516857,12.922708,7
Bangalore South,Kengeri,J.I.Halage Vaderahalli,258,200201002016,Bengaluru Urban,Bangalore_South_Kengeri1_Nayandahalli_Revenue_Map,Polygon,77.51288,12.922335,18
Bangalore South,Kengeri,J.I.Halage Vaderahalli,STREAM,200201002016,Bengaluru Urban,Bangalore_South_Kengeri1_Nayandahalli_Revenue_Map,Polygon,77.522921,12.922389,31
Bangalore South,Kengeri,J.I.Halage Vaderahalli,283,200201002016,Bengaluru Urban,Bangalore_South_Kengeri1_Nayandahalli_Revenue_Map,Polygon,77.528132,12.921821,18
Bangalore South,Kengeri,J.I.Halage Vaderahalli,48,200201002016,Bengaluru Urban,Bangalore_South_Kengeri1_Nayandahalli_Revenue_Map,Polygon,77.522241,12.922367,5
Bangalore South,Kengeri,J.I.Halage Vaderahalli,86,200201002016,Bengaluru Urban,Bangalore_South_Kengeri1_Nayandahalli_Revenue_Map,Polygon,77.518471,12.922072,13
Bangalore South,Kengeri,J.I.Halage Vaderahalli,49,200201002016,Bengaluru Urban,Bangalore_South_Kengeri1_Nayandahalli_Revenue_Map,Polygon,77.522656,12.922365,6
Bangalore South,Kengeri,J.I.Halage Vaderahalli,79,200201002016,Bengaluru Urban,Bangalore_South_Kengeri1_Nayandahalli_Revenue_Map,Polygon,77.52076,12.921703,10
Bangalore South,Kengeri,J.I.Halage Vaderahalli,92,200201002016,Bengaluru Urban,Bangalore_South_Kengeri1_Nayandahalli_Revenue_Map,Polygon,77.51703,12.922279,6
Bangalore South,Kengeri,J.I.Halage Vaderahalli,80,200201002016,Bengaluru Urban,Bangalore_South_Kengeri1_Nayandahalli_Revenue_Map,Polygon,77.519842,12.92159,7
Bangalore South,Kengeri,J.I.Halage Vaderahalli,93,200201002016,Bengaluru Urban,Bangalore_South_Kengeri1_Nayandahalli_Revenue_Map,Polygon,77.516561,12.922338,5
Bangalore South,Kengeri,J.I.Halage Vaderahalli,STREAM,200201002016,Bengaluru Urban,Bangalore_South_Kengeri1_Nayandahalli_Revenue_Map,Polygon,77.524038,12.922372,63
Bangalore South,Kengeri,J.I.Halage Vaderahalli,STREAM,200201002016,Bengaluru Urban,Bangalore_South_Kengeri1_Nayandahalli_Revenue_Map,Polygon,77.523666,12.922178,180
Bangalore South,Kengeri,J.I.Halage Vaderahalli,96,200201002016,Bengaluru Urban,Bangalore_South_Kengeri1_Nayandahalli_Revenue_Map,Polygon,77.514605,12.922155,9
Bangalore South,Kengeri,J.I.Halage Vaderahalli,275,200201002016,Bengaluru Urban,Bangalore_South_Kengeri1_Nayandahalli_Revenue_Map,Polygon,77.523715,12.922125,79
Bangalore South,Kengeri,J.I.Halage Vaderahalli,74,200201002016,Bengaluru Urban,Bangalore_South_Kengeri1_Nayandahalli_Revenue_Map,Polygon,77.525327,12.921289,12
Bangalore South,Kengeri,J.I.Halage Vaderahalli,91,200201002016,Bengaluru Urban,Bangalore_South_Kengeri1_Nayandahalli_Revenue_Map,Polygon,77.516657,12.921787,137
Bangalore South,Kengeri,J.I.Halage Vaderahalli,97,200201002016,Bengaluru Urban,Bangalore_South_Kengeri1_Nayandahalli_Revenue_Map,Polygon,77.515258,12.921929,10
Bangalore South,Kengeri,J.I.Halage Vaderahalli,78,200201002016,Bengaluru Urban,Bangalore_South_Kengeri1_Nayandahalli_Revenue_Map,Polygon,77.521482,12.921166,12
Bangalore South,Kengeri,J.I.Halage Vaderahalli,85,200201002016,Bengaluru Urban,Bangalore_South_Kengeri1_Nayandahalli_Revenue_Map,Polygon,77.518178,12.921917,5
Bangalore South,Kengeri,J.I.Halage Vaderahalli,257,200201002016,Bengaluru Urban,Bangalore_South_Kengeri1_Nayandahalli_Revenue_Map,Polygon,77.512845,12.921601,12
Bangalore South,Kengeri,J.I.Halage Vaderahalli,87,200201002016,Bengaluru Urban,Bangalore_South_Kengeri1_Nayandahalli_Revenue_Map,Polygon,77.517747,12.921905,7
Bangalore South,Kengeri,J.I.Halage Vaderahalli,88,200201002016,Bengaluru Urban,Bangalore_South_Kengeri1_Nayandahalli_Revenue_Map,Polygon,77.517308,12.921674,58
Bangalore South,Kengeri,J.I.Halage Vaderahalli,57,200201002016,Bengaluru Urban,Bangalore_South_Kengeri1_Nayandahalli_Revenue_Map,Polygon,77.523082,12.921793,101
Bangalore South,Kengeri,J.I.Halage Vaderahalli,STREAM,200201002016,Bengaluru Urban,Bangalore_South_Kengeri1_Nayandahalli_Revenue_Map,Polygon,77.523128,12.921739,219
Bangalore South,Kengeri,J.I.Halage Vaderahalli,57,200201002016,Bengaluru Urban,Bangalore_South_Kengeri1_Nayandahalli_Revenue_Map,Polygon,77.523197,12.921685,131
Bangalore South,Kengeri,J.I.Halage Vaderahalli,76,200201002016,Bengaluru Urban,Bangalore_South_Kengeri1_Nayandahalli_Revenue_Map,Polygon,77.524037,12.921269,8
Bangalore South,Kengeri,J.I.Halage Vaderahalli,STREAM,200201002016,Bengaluru Urban,Bangalore_South_Kengeri1_Nayandahalli_Revenue_Map,Polygon,77.516605,12.921728,288
Bangalore South,Kengeri,J.I.Halage Vaderahalli,280,200201002016,Bengaluru Urban,Bangalore_South_Kengeri1_Nayandahalli_Revenue_Map,Polygon,77.528154,12.921071,17
Bangalore South,Kengeri,J.I.Halage Vaderahalli,84,200201002016,Bengaluru Urban,Bangalore_South_Kengeri1_Nayandahalli_Revenue_Map,Polygon,77.51809,12.921538,9
Bangalore South,Kengeri,J.I.Halage Vaderahalli,98,200201002016,Bengaluru Urban,Bangalore_South_Kengeri1_Nayandahalli_Revenue_Map,Polygon,77.517063,12.920806,120
Bangalore South,Kengeri,J.I.Halage Vaderahalli,91,200201002016,Bengaluru Urban,Bangalore_South_Kengeri1_Nayandahalli_Revenue_Map,Polygon,77.516562,12.921681,157
Bangalore South,Kengeri,J.I.Halage Vaderahalli,256,200201002016,Bengaluru Urban,Bangalore_South_Kengeri1_Nayandahalli_Revenue_Map,Polygon,77.512425,12.920859,21
Bangalore South,Kengeri,J.I.Halage Vaderahalli,STREAM,200201002016,Bengaluru Urban,Bangalore_South_Kengeri1_Nayandahalli_Revenue_Map,Polygon,77.517256,12.921622,78
Bangalore South,Kengeri,J.I.Halage Vaderahalli,90,200201002016,Bengaluru Urban,Bangalore_South_Kengeri1_Nayandahalli_Revenue_Map,Polygon,77.517132,12.921394,24
Bangalore South,Kengeri,J.I.Halage Vaderahalli,88,200201002016,Bengaluru Urban,Bangalore_South_Kengeri1_Nayandahalli_Revenue_Map,Polygon,77.517186,12.921581,27
Bangalore South,Kengeri,J.I.Halage Vaderahalli,77,200201002016,Bengaluru Urban,Bangalore_South_Kengeri1_Nayandahalli_Revenue_Map,Polygon,77.522715,12.921014,15
Bangalore South,Kengeri,J.I.Halage Vaderahalli,89,200201002016,Bengaluru Urban,Bangalore_South_Kengeri1_Nayandahalli_Revenue_Map,Polygon,77.517437,12.921358,56
Bangalore South,Kengeri,J.I.Halage Vaderahalli,STREAM,200201002016,Bengaluru Urban,Bangalore_South_Kengeri1_Nayandahalli_Revenue_Map,Polygon,77.517286,12.921513,14
Bangalore South,Kengeri,J.I.Halage Vaderahalli,STREAM,200201002016,Bengaluru Urban,Bangalore_South_Kengeri1_Nayandahalli_Revenue_Map,Polygon,77.51738,12.921362,95
Bangalore South,Kengeri,J.I.Halage Vaderahalli,ROAD,200201002016,Bengaluru Urban,Bangalore_South_Kengeri1_Nayandahalli_Revenue_Map,Polygon,77.513529,12.918643,35
Bangalore South,Kengeri,J.I.Halage Vaderahalli,89,200201002016,Bengaluru Urban,Bangalore_South_Kengeri1_Nayandahalli_Revenue_Map,Polygon,77.517329,12.921352,43
Bangalore South,Kengeri,J.I.Halage Vaderahalli,81,200201002016,Bengaluru Urban,Bangalore_South_Kengeri1_Nayandahalli_Revenue_Map,Polygon,77.519009,12.920879,12
Bangalore South,Kengeri,J.I.Halage Vaderahalli,100,200201002016,Bengaluru Urban,Bangalore_South_Kengeri1_Nayandahalli_Revenue_Map,Polygon,77.514462,12.920737,17
Bangalore South,Kengeri,J.I.Halage Vaderahalli,STREAM,200201002016,Bengaluru Urban,Bangalore_South_Kengeri1_Nayandahalli_Revenue_Map,Polygon,77.51738,12.921138,7
Bangalore South,Kengeri,J.I.Halage Vaderahalli,83,200201002016,Bengaluru Urban,Bangalore_South_Kengeri1_Nayandahalli_Revenue_Map,Polygon,77.518017,12.920956,6
Bangalore South,Kengeri,J.I.Halage Vaderahalli,98,200201002016,Bengaluru Urban,Bangalore_South_Kengeri1_Nayandahalli_Revenue_Map,Polygon,77.517491,12.920687,105
Bangalore South,Kengeri,J.I.Halage Vaderahalli,STREAM,200201002016,Bengaluru Urban,Bangalore_South_Kengeri1_Nayandahalli_Revenue_Map,Polygon,77.526574,12.920984,54
Bangalore South,Kengeri,J.I.Halage Vaderahalli,73,200201002016,Bengaluru Urban,Bangalore_South_Kengeri1_Nayandahalli_Revenue_Map,Polygon,77.526316,12.920201,216
Bangalore South,Kengeri,J.I.Halage Vaderahalli,STREAM,200201002016,Bengaluru Urban,Bangalore_South_Kengeri1_Nayandahalli_Revenue_Map,Polygon,77.517422,12.920683,194
Bangalore South,Kengeri,J.I.Halage Vaderahalli,STREAM,200201002016,Bengaluru Urban,Bangalore_South_Kengeri1_Nayandahalli_Revenue_Map,Polygon,77.526404,12.9202,407
Bangalore South,Kengeri,J.I.Halage Vaderahalli,73,200201002016,Bengaluru Urban,Bangalore_South_Kengeri1_Nayandahalli_Revenue_Map,Polygon,77.526478,12.920202,204
Bangalore South,Kengeri,J.I.Halage Vaderahalli,SETTLEMENT_GATTIGERE,200201002016,Bengaluru Urban,Bangalore_South_Kengeri1_Nayandahalli_Revenue_Map,Polygon,77.523384,12.919675,30
Bangalore South,Kengeri,J.I.Halage Vaderahalli,118,200201002016,Bengaluru Urban,Bangalore_South_Kengeri1_Nayandahalli_Revenue_Map,Polygon,77.520563,12.920217,24
Bangalore South,Kengeri,J.I.Halage Vaderahalli,95,200201002016,Bengaluru Urban,Bangalore_South_Kengeri1_Nayandahalli_Revenue_Map,Polygon,77.515335,12.920701,12
Bangalore South,Kengeri,J.I.Halage Vaderahalli,281,200201002016,Bengaluru Urban,Bangalore_South_Kengeri1_Nayandahalli_Revenue_Map,Polygon,77.528327,12.919597,14
Bangalore South,Kengeri,J.I.Halage Vaderahalli,75,200201002016,Bengaluru Urban,Bangalore_South_Kengeri1_Nayandahalli_Revenue_Map,Polygon,77.524277,12.920396,15
Bangalore South,Kengeri,J.I.Halage Vaderahalli,82,200201002016,Bengaluru Urban,Bangalore_South_Kengeri1_Nayandahalli_Revenue_Map,Polygon,77.518175,12.920466,10
Bangalore South,Kengeri,J.I.Halage Vaderahalli,99,200201002016,Bengaluru Urban,Bangalore_South_Kengeri1_Nayandahalli_Revenue_Map,Polygon,77.516068,12.920247,17
Bangalore South,Kengeri,J.I.Halage Vaderahalli,101,200201002016,Bengaluru Urban,Bangalore_South_Kengeri1_Nayandahalli_Revenue_Map,Polygon,77.514641,12.920048,17
Bangalore South,Kengeri,J.I.Halage Vaderahalli,112,200201002016,Bengaluru Urban,Bangalore_South_Kengeri1_Nayandahalli_Revenue_Map,Polygon,77.519371,12.920138,15
Bangalore South,Kengeri,J.I.Halage Vaderahalli,119,200201002016,Bengaluru Urban,Bangalore_South_Kengeri1_Nayandahalli_Revenue_Map,Polygon,77.52213,12.919929,20
Bangalore South,Kengeri,J.I.Halage Vaderahalli,STREAM,200201002016,Bengaluru Urban,Bangalore_South_Kengeri1_Nayandahalli_Revenue_Map,Polygon,77.51942,12.915622,69
Bangalore South,Kengeri,J.I.Halage Vaderahalli,254,200201002016,Bengaluru Urban,Bangalore_South_Kengeri1_Nayandahalli_Revenue_Map,Polygon,77.512229,12.918553,23
Bangalore South,Kengeri,J.I.Halage Vaderahalli,253,200201002016,Bengaluru Urban,Bangalore_South_Kengeri1_Nayandahalli_Revenue_Map,Polygon,77.512507,12.918498,31
Bangalore South,Kengeri,J.I.Halage Vaderahalli,110,200201002016,Bengaluru Urban,Bangalore_South_Kengeri1_Nayandahalli_Revenue_Map,Polygon,77.517769,12.92,6
Bangalore South,Kengeri,J.I.Halage Vaderahalli,255,200201002016,Bengaluru Urban,Bangalore_South_Kengeri1_Nayandahalli_Revenue_Map,Polygon,77.511864,12.918292,27
Bangalore South,Kengeri,J.I.Halage Vaderahalli,252,200201002016,Bengaluru Urban,Bangalore_South_Kengeri1_Nayandahalli_Revenue_Map,Polygon,77.512753,12.918138,36
Bangalore South,Kengeri,J.I.Halage Vaderahalli,251,200201002016,Bengaluru Urban,Bangalore_South_Kengeri1_Nayandahalli_Revenue_Map,Polygon,77.513116,12.918597,25
Bangalore South,Kengeri,J.I.Halage Vaderahalli,111,200201002016,Bengaluru Urban,Bangalore_South_Kengeri1_Nayandahalli_Revenue_Map,Polygon,77.518324,12.919849,5
Bangalore South,Kengeri,J.I.Halage Vaderahalli,102,200201002016,Bengaluru Urban,Bangalore_South_Kengeri1_Nayandahalli_Revenue_Map,Polygon,77.514065,12.919328,16
Bangalore South,Kengeri,J.I.Halage Vaderahalli,72,200201002016,Bengaluru Urban,Bangalore_South_Kengeri1_Nayandahalli_Revenue_Map,Polygon,77.524408,12.919224,11
Bangalore South,Kengeri,J.I.Halage Vaderahalli,103,200201002016,Bengaluru Urban,Bangalore_South_Kengeri1_Nayandahalli_Revenue_Map,Polygon,77.515968,12.91922,10
Bangalore South,Kengeri,J.I.Halage Vaderahalli,68,200201002016,Bengaluru Urban,Bangalore_South_Kengeri1_Nayandahalli_Revenue_Map,Polygon,77.52616,12.918137,148
Bangalore South,Kengeri,J.I.Halage Vaderahalli,113,200201002016,Bengaluru Urban,Bangalore_South_Kengeri1_Nayandahalli_Revenue_Map,Polygon,77.51936,12.919072,10
Bangalore South,Kengeri,J.I.Halage Vaderahalli,115,200201002016,Bengaluru Urban,Bangalore_South_Kengeri1_Nayandahalli_Revenue_Map,Polygon,77.51987,12.918639,16
Bangalore South,Kengeri,J.I.Halage Vaderahalli,104,200201002016,Bengaluru Urban,Bangalore_South_Kengeri1_Nayandahalli_Revenue_Map,Polygon,77.516814,12.918719,13
Bangalore South,Kengeri,J.I.Halage Vaderahalli,245,200201002016,Bengaluru Urban,Bangalore_South_Kengeri1_Nayandahalli_Revenue_Map,Polygon,77.517088,12.919364,10
Bangalore South,Kengeri,J.I.Halage Vaderahalli,117,200201002016,Bengaluru Urban,Bangalore_South_Kengeri1_Nayandahalli_Revenue_Map,Polygon,77.520922,12.918765,14
Bangalore South,Kengeri,J.I.Halage Vaderahalli,XX,200201002016,Bengaluru Urban,Bangalore_South_Kengeri1_Nayandahalli_Revenue_Map,Polygon,77.525982,12.918648,268
Bangalore South,Kengeri,J.I.Halage Vaderahalli,STREAM,200201002016,Bengaluru Urban,Bangalore_South_Kengeri1_Nayandahalli_Revenue_Map,Polygon,77.525924,12.918649,514
Bangalore South,Kengeri,J.I.Halage Vaderahalli,XX,200201002016,Bengaluru Urban,Bangalore_South_Kengeri1_Nayandahalli_Revenue_Map,Polygon,77.525868,12.918651,257
Bangalore South,Kengeri,J.I.Halage Vaderahalli,71,200201002016,Bengaluru Urban,Bangalore_South_Kengeri1_Nayandahalli_Revenue_Map,Polygon,77.525365,12.918732,9
Bangalore South,Kengeri,J.I.Halage Vaderahalli,120,200201002016,Bengaluru Urban,Bangalore_South_Kengeri1_Nayandahalli_Revenue_Map,Polygon,77.522561,12.919064,9
Bangalore South,Kengeri,J.I.Halage Vaderahalli,65,200201002016,Bengaluru Urban,Bangalore_South_Kengeri1_Nayandahalli_Revenue_Map,Polygon,77.529293,12.916966,21
Bangalore South,Kengeri,J.I.Halage Vaderahalli,109,200201002016,Bengaluru Urban,Bangalore_South_Kengeri1_Nayandahalli_Revenue_Map,Polygon,77.517768,12.918942,9
Bangalore South,Kengeri,J.I.Halage Vaderahalli,108,200201002016,Bengaluru Urban,Bangalore_South_Kengeri1_Nayandahalli_Revenue_Map,Polygon,77.518473,12.91885,8
Bangalore South,Kengeri,J.I.Halage Vaderahalli,282,200201002016,Bengaluru Urban,Bangalore_South_Kengeri1_Nayandahalli_Revenue_Map,Polygon,77.528112,12.918499,15
Bangalore South,Kengeri,J.I.Halage Vaderahalli,121,200201002016,Bengaluru Urban,Bangalore_South_Kengeri1_Nayandahalli_Revenue_Map,Polygon,77.52278,12.918322,13
Bangalore South,Kengeri,J.I.Halage Vaderahalli,105,200201002016,Bengaluru Urban,Bangalore_South_Kengeri1_Nayandahalli_Revenue_Map,Polygon,77.517843,12.918282,13
Bangalore South,Kengeri,J.I.Halage Vaderahalli,107,200201002016,Bengaluru Urban,Bangalore_South_Kengeri1_Nayandahalli_Revenue_Map,Polygon,77.518718,12.91813,9
Bangalore South,Kengeri,J.I.Halage Vaderahalli,106,200201002016,Bengaluru Urban,Bangalore_South_Kengeri1_Nayandahalli_Revenue_Map,Polygon,77.51831,12.917958,12
Bangalore South,Kengeri,J.I.Halage Vaderahalli,STREAM,200201002016,Bengaluru Urban,Bangalore_South_Kengeri1_Nayandahalli_Revenue_Map,Polygon,77.526062,12.918108,267
Bangalore South,Kengeri,J.I.Halage Vaderahalli,122,200201002016,Bengaluru Urban,Bangalore_South_Kengeri1_Nayandahalli_Revenue_Map,Polygon,77.522604,12.918038,17
Bangalore South,Kengeri,J.I.Halage Vaderahalli,68,200201002016,Bengaluru Urban,Bangalore_South_Kengeri1_Nayandahalli_Revenue_Map,Polygon,77.525996,12.918108,130
Bangalore South,Kengeri,J.I.Halage Vaderahalli,228,200201002016,Bengaluru Urban,Bangalore_South_Kengeri1_Nayandahalli_Revenue_Map,Polygon,77.514488,12.917278,13
Bangalore South,Kengeri,J.I.Halage Vaderahalli,227,200201002016,Bengaluru Urban,Bangalore_South_Kengeri1_Nayandahalli_Revenue_Map,Polygon,77.51512,12.917033,13
Bangalore South,Kengeri,J.I.Halage Vaderahalli,67,200201002016,Bengaluru Urban,Bangalore_South_Kengeri1_Nayandahalli_Revenue_Map,Polygon,77.527222,12.917021,265
Bangalore South,Kengeri,J.I.Halage Vaderahalli,229,200201002016,Bengaluru Urban,Bangalore_South_Kengeri1_Nayandahalli_Revenue_Map,Polygon,77.513931,12.917249,14
Bangalore South,Kengeri,J.I.Halage Vaderahalli,225,200201002016,Bengaluru Urban,Bangalore_South_Kengeri1_Nayandahalli_Revenue_Map,Polygon,77.516746,12.917507,15
Bangalore South,Kengeri,J.I.Halage Vaderahalli,114,200201002016,Bengaluru Urban,Bangalore_South_Kengeri1_Nayandahalli_Revenue_Map,Polygon,77.519371,12.918013,11
Bangalore South,Kengeri,J.I.Halage Vaderahalli,226,200201002016,Bengaluru Urban,Bangalore_South_Kengeri1_Nayandahalli_Revenue_Map,Polygon,77.515724,12.917,18
Bangalore South,Kengeri,J.I.Halage Vaderahalli,66,200201002016,Bengaluru Urban,Bangalore_South_Kengeri1_Nayandahalli_Revenue_Map,Polygon,77.528322,12.917386,15
Bangalore South,Kengeri,J.I.Halage Vaderahalli,273,200201002016,Bengaluru Urban,Bangalore_South_Kengeri1_Nayandahalli_Revenue_Map,Polygon,77.521842,12.917609,17
Bangalore South,Kengeri,J.I.Halage Vaderahalli,224,200201002016,Bengaluru Urban,Bangalore_South_Kengeri1_Nayandahalli_Revenue_Map,Polygon,77.516768,12.916843,22
Bangalore South,Kengeri,J.I.Halage Vaderahalli,123,200201002016,Bengaluru Urban,Bangalore_South_Kengeri1_Nayandahalli_Revenue_Map,Polygon,77.523952,12.917623,8
Bangalore South,Kengeri,J.I.Halage Vaderahalli,70,200201002016,Bengaluru Urban,Bangalore_South_Kengeri1_Nayandahalli_Revenue_Map,Polygon,77.525128,12.917142,227
Bangalore South,Kengeri,J.I.Halage Vaderahalli,116,200201002016,Bengaluru Urban,Bangalore_South_Kengeri1_Nayandahalli_Revenue_Map,Polygon,77.520366,12.917549,18
Bangalore South,Kengeri,J.I.Halage Vaderahalli,STREAM,200201002016,Bengaluru Urban,Bangalore_South_Kengeri1_Nayandahalli_Revenue_Map,Polygon,77.525187,12.917097,449
Bangalore South,Kengeri,J.I.Halage Vaderahalli,70,200201002016,Bengaluru Urban,Bangalore_South_Kengeri1_Nayandahalli_Revenue_Map,Polygon,77.525238,12.917065,230
Bangalore South,Kengeri,J.I.Halage Vaderahalli,69,200201002016,Bengaluru Urban,Bangalore_South_Kengeri1_Nayandahalli_Revenue_Map,Polygon,77.525887,12.916942,12
Bangalore South,Kengeri,J.I.Halage Vaderahalli,124_TANK,200201002016,Bengaluru Urban,Bangalore_South_Kengeri1_Nayandahalli_Revenue_Map,Polygon,77.523667,12.915832,37
Bangalore South,Kengeri,J.I.Halage Vaderahalli,STREAM,200201002016,Bengaluru Urban,Bangalore_South_Kengeri1_Nayandahalli_Revenue_Map,Polygon,77.527241,12.916958,491
Bangalore South,Kengeri,J.I.Halage Vaderahalli,159,200201002016,Bengaluru Urban,Bangalore_South_Kengeri1_Nayandahalli_Revenue_Map,Polygon,77.519679,12.917364,10
Bangalore South,Kengeri,J.I.Halage Vaderahalli,222,200201002016,Bengaluru Urban,Bangalore_South_Kengeri1_Nayandahalli_Revenue_Map,Polygon,77.518712,12.916951,11
Bangalore South,Kengeri,J.I.Halage Vaderahalli,67,200201002016,Bengaluru Urban,Bangalore_South_Kengeri1_Nayandahalli_Revenue_Map,Polygon,77.52727,12.916909,239
Bangalore South,Kengeri,J.I.Halage Vaderahalli,223,200201002016,Bengaluru Urban,Bangalore_South_Kengeri1_Nayandahalli_Revenue_Map,Polygon,77.517555,12.916578,21
Bangalore South,Kengeri,J.I.Halage Vaderahalli,151,200201002016,Bengaluru Urban,Bangalore_South_Kengeri1_Nayandahalli_Revenue_Map,Polygon,77.522077,12.917217,8
Bangalore South,Kengeri,J.I.Halage Vaderahalli,150,200201002016,Bengaluru Urban,Bangalore_South_Kengeri1_Nayandahalli_Revenue_Map,Polygon,77.522441,12.917196,7
Bangalore South,Kengeri,J.I.Halage Vaderahalli,149,200201002016,Bengaluru Urban,Bangalore_South_Kengeri1_Nayandahalli_Revenue_Map,Polygon,77.522787,12.91715,8
Bangalore South,Kengeri,J.I.Halage Vaderahalli,152,200201002016,Bengaluru Urban,Bangalore_South_Kengeri1_Nayandahalli_Revenue_Map,Polygon,77.521595,12.917129,8
Bangalore South,Kengeri,J.I.Halage Vaderahalli,158,200201002016,Bengaluru Urban,Bangalore_South_Kengeri1_Nayandahalli_Revenue_Map,Polygon,77.520109,12.917049,8
Bangalore South,Kengeri,J.I.Halage Vaderahalli,155,200201002016,Bengaluru Urban,Bangalore_South_Kengeri1_Nayandahalli_Revenue_Map,Polygon,77.521303,12.917107,9
Bangalore South,Kengeri,J.I.Halage Vaderahalli,156,200201002016,Bengaluru Urban,Bangalore_South_Kengeri1_Nayandahalli_Revenue_Map,Polygon,77.521033,12.917022,7
Bangalore South,Kengeri,J.I.Halage Vaderahalli,157,200201002016,Bengaluru Urban,Bangalore_South_Kengeri1_Nayandahalli_Revenue_Map,Polygon,77.520626,12.916926,8
Bangalore South,Kengeri,J.I.Halage Vaderahalli,221,200201002016,Bengaluru Urban,Bangalore_South_Kengeri1_Nayandahalli_Revenue_Map,Polygon,77.518489,12.916251,16
Bangalore South,Kengeri,J.I.Halage Vaderahalli,160,200201002016,Bengaluru Urban,Bangalore_South_Kengeri1_Nayandahalli_Revenue_Map,Polygon,77.519719,12.916829,7
Bangalore South,Kengeri,J.I.Halage Vaderahalli,148,200201002016,Bengaluru Urban,Bangalore_South_Kengeri1_Nayandahalli_Revenue_Map,Polygon,77.522139,12.916461,10
Bangalore South,Kengeri,J.I.Halage Vaderahalli,153,200201002016,Bengaluru Urban,Bangalore_South_Kengeri1_Nayandahalli_Revenue_Map,Polygon,77.521578,12.916495,8
Bangalore South,Kengeri,J.I.Halage Vaderahalli,154,200201002016,Bengaluru Urban,Bangalore_South_Kengeri1_Nayandahalli_Revenue_Map,Polygon,77.521136,12.916481,9
Bangalore South,Kengeri,J.I.Halage Vaderahalli,161,200201002016,Bengaluru Urban,Bangalore_South_Kengeri1_Nayandahalli_Revenue_Map,Polygon,77.519632,12.916238,7
Bangalore South,Kengeri,J.I.Halage Vaderahalli,162,200201002016,Bengaluru Urban,Bangalore_South_Kengeri1_Nayandahalli_Revenue_Map,Polygon,77.520157,12.916215,5
Bangalore South,Kengeri,J.I.Halage Vaderahalli,163,200201002016,Bengaluru Urban,Bangalore_South_Kengeri1_Nayandahalli_Revenue_Map,Polygon,77.521015,12.916214,14
Bangalore South,Kengeri,J.I.Halage Vaderahalli,127,200201002016,Bengaluru Urban,Bangalore_South_Kengeri1_Nayandahalli_Revenue_Map,Polygon,77.527789,12.916017,13
Bangalore South,Kengeri,J.I.Halage Vaderahalli,ROAD,200201002016,Bengaluru Urban,Bangalore_South_Kengeri1_Nayandahalli_Revenue_Map,Polygon,77.526146,12.916014,17
Bangalore South,Kengeri,J.I.Halage Vaderahalli,61,200201002016,Bengaluru Urban,Bangalore_South_Kengeri1_Nayandahalli_Revenue_Map,Polygon,77.515219,12.916074,13
Bangalore South,Kengeri,J.I.Halage Vaderahalli,147,200201002016,Bengaluru Urban,Bangalore_South_Kengeri1_Nayandahalli_Revenue_Map,Polygon,77.521316,12.915834,11
Bangalore South,Kengeri,J.I.Halage Vaderahalli,125,200201002016,Bengaluru Urban,Bangalore_South_Kengeri1_Nayandahalli_Revenue_Map,Polygon,77.525425,12.915945,8
Bangalore South,Kengeri,J.I.Halage Vaderahalli,126,200201002016,Bengaluru Urban,Bangalore_South_Kengeri1_Nayandahalli_Revenue_Map,Polygon,77.526418,12.915997,7
Bangalore South,Kengeri,J.I.Halage Vaderahalli,230,200201002016,Bengaluru Urban,Bangalore_South_Kengeri1_Nayandahalli_Revenue_Map,Polygon,77.514217,12.915844,7
Bangalore South,Kengeri,J.I.Halage Vaderahalli,250,200201002016,Bengaluru Urban,Bangalore_South_Kengeri1_Nayandahalli_Revenue_Map,Polygon,77.512828,12.915185,19
Bangalore South,Kengeri,J.I.Halage Vaderahalli,128,200201002016,Bengaluru Urban,Bangalore_South_Kengeri1_Nayandahalli_Revenue_Map,Polygon,77.52711,12.915694,8
Bangalore South,Kengeri,J.I.Halage Vaderahalli,234,200201002016,Bengaluru Urban,Bangalore_South_Kengeri1_Nayandahalli_Revenue_Map,Polygon,77.515424,12.91513,13
Bangalore South,Kengeri,J.I.Halage Vaderahalli,235,200201002016,Bengaluru Urban,Bangalore_South_Kengeri1_Nayandahalli_Revenue_Map,Polygon,77.516485,12.915385,14
Bangalore South,Kengeri,J.I.Halage Vaderahalli,137,200201002016,Bengaluru Urban,Bangalore_South_Kengeri1_Nayandahalli_Revenue_Map,Polygon,77.527907,12.915641,10
Bangalore South,Kengeri,J.I.Halage Vaderahalli,129,200201002016,Bengaluru Urban,Bangalore_South_Kengeri1_Nayandahalli_Revenue_Map,Polygon,77.526071,12.91553,11
Bangalore South,Kengeri,J.I.Halage Vaderahalli,220,200201002016,Bengaluru Urban,Bangalore_South_Kengeri1_Nayandahalli_Revenue_Map,Polygon,77.518303,12.91541,17
Bangalore South,Kengeri,J.I.Halage Vaderahalli,164,200201002016,Bengaluru Urban,Bangalore_South_Kengeri1_Nayandahalli_Revenue_Map,Polygon,77.520029,12.915396,5
Bangalore South,Kengeri,J.I.Halage Vaderahalli,165,200201002016,Bengaluru Urban,Bangalore_South_Kengeri1_Nayandahalli_Revenue_Map,Polygon,77.519674,12.915377,5
Bangalore South,Kengeri,J.I.Halage Vaderahalli,138_TANK,200201002016,Bengaluru Urban,Bangalore_South_Kengeri1_Nayandahalli_Revenue_Map,Polygon,77.528261,12.914833,13
Bangalore South,Kengeri,J.I.Halage Vaderahalli,131,200201002016,Bengaluru Urban,Bangalore_South_Kengeri1_Nayandahalli_Revenue_Map,Polygon,77.525777,12.915098,9
Bangalore South,Kengeri,J.I.Halage Vaderahalli,139,200201002016,Bengaluru Urban,Bangalore_South_Kengeri1_Nayandahalli_Revenue_Map,Polygon,77.529299,12.914884,18
Bangalore South,Kengeri,J.I.Halage Vaderahalli,133,200201002016,Bengaluru Urban,Bangalore_South_Kengeri1_Nayandahalli_Revenue_Map,Polygon,77.526526,12.914989,6
Bangalore South,Kengeri,J.I.Halage Vaderahalli,135,200201002016,Bengaluru Urban,Bangalore_South_Kengeri1_Nayandahalli_Revenue_Map,Polygon,77.527073,12.915101,6
Bangalore South,Kengeri,J.I.Halage Vaderahalli,130,200201002016,Bengaluru Urban,Bangalore_South_Kengeri1_Nayandahalli_Revenue_Map,Polygon,77.525401,12.915076,7
Bangalore South,Kengeri,J.I.Halage Vaderahalli,132,200201002016,Bengaluru Urban,Bangalore_South_Kengeri1_Nayandahalli_Revenue_Map,Polygon,77.52612,12.915049,7
Bangalore South,Kengeri,J.I.Halage Vaderahalli,136,200201002016,Bengaluru Urban,Bangalore_South_Kengeri1_Nayandahalli_Revenue_Map,Polygon,77.527689,12.915123,5
Bangalore South,Kengeri,J.I.Halage Vaderahalli,231,200201002016,Bengaluru Urban,Bangalore_South_Kengeri1_Nayandahalli_Revenue_Map,Polygon,77.51435,12.914971,9
Bangalore South,Kengeri,J.I.Halage Vaderahalli,236,200201002016,Bengaluru Urban,Bangalore_South_Kengeri1_Nayandahalli_Revenue_Map,Polygon,77.516734,12.914591,12
Bangalore South,Kengeri,J.I.Halage Vaderahalli,219,200201002016,Bengaluru Urban,Bangalore_South_Kengeri1_Nayandahalli_Revenue_Map,Polygon,77.518512,12.914669,8
Bangalore South,Kengeri,J.I.Halage Vaderahalli,146,200201002016,Bengaluru Urban,Bangalore_South_Kengeri1_Nayandahalli_Revenue_Map,Polygon,77.521837,12.914466,9
Bangalore South,Kengeri,J.I.Halage Vaderahalli,134,200201002016,Bengaluru Urban,Bangalore_South_Kengeri1_Nayandahalli_Revenue_Map,Polygon,77.527405,12.914648,8
Bangalore South,Kengeri,J.I.Halage Vaderahalli,145,200201002016,Bengaluru Urban,Bangalore_South_Kengeri1_Nayandahalli_Revenue_Map,Polygon,77.522419,12.913823,9
Bangalore South,Kengeri,J.I.Halage Vaderahalli,62,200201002016,Bengaluru Urban,Bangalore_South_Kengeri1_Nayandahalli_Revenue_Map,Polygon,77.512879,12.913876,66
Bangalore South,Kengeri,J.I.Halage Vaderahalli,166,200201002016,Bengaluru Urban,Bangalore_South_Kengeri1_Nayandahalli_Revenue_Map,Polygon,77.520239,12.913778,13
Bangalore South,Kengeri,J.I.Halage Vaderahalli,167,200201002016,Bengaluru Urban,Bangalore_South_Kengeri1_Nayandahalli_Revenue_Map,Polygon,77.520896,12.913904,11
Bangalore South,Kengeri,J.I.Halage Vaderahalli,144,200201002016,Bengaluru Urban,Bangalore_South_Kengeri1_Nayandahalli_Revenue_Map,Polygon,77.522968,12.913492,9
Bangalore South,Kengeri,J.I.Halage Vaderahalli,142,200201002016,Bengaluru Urban,Bangalore_South_Kengeri1_Nayandahalli_Revenue_Map,Polygon,77.524777,12.913487,229
Bangalore South,Kengeri,J.I.Halage Vaderahalli,STREAM,200201002016,Bengaluru Urban,Bangalore_South_Kengeri1_Nayandahalli_Revenue_Map,Polygon,77.52631,12.914393,11
Bangalore South,Kengeri,J.I.Halage Vaderahalli,232,200201002016,Bengaluru Urban,Bangalore_South_Kengeri1_Nayandahalli_Revenue_Map,Polygon,77.514157,12.913845,13
Bangalore South,Kengeri,J.I.Halage Vaderahalli,183,200201002016,Bengaluru Urban,Bangalore_South_Kengeri1_Nayandahalli_Revenue_Map,Polygon,77.528041,12.911389,23
Bangalore South,Kengeri,J.I.Halage Vaderahalli,143,200201002016,Bengaluru Urban,Bangalore_South_Kengeri1_Nayandahalli_Revenue_Map,Polygon,77.523645,12.913522,10
Bangalore South,Kengeri,J.I.Halage Vaderahalli,141,200201002016,Bengaluru Urban,Bangalore_South_Kengeri1_Nayandahalli_Revenue_Map,Polygon,77.526312,12.913618,10
Bangalore South,Kengeri,J.I.Halage Vaderahalli,233,200201002016,Bengaluru Urban,Bangalore_South_Kengeri1_Nayandahalli_Revenue_Map,Polygon,77.514825,12.913404,15
Bangalore South,Kengeri,J.I.Halage Vaderahalli,218,200201002016,Bengaluru Urban,Bangalore_South_Kengeri1_Nayandahalli_Revenue_Map,Polygon,77.517869,12.913897,11
Bangalore South,Kengeri,J.I.Halage Vaderahalli,140,200201002016,Bengaluru Urban,Bangalore_South_Kengeri1_Nayandahalli_Revenue_Map,Polygon,77.527759,12.913692,10
Bangalore South,Kengeri,J.I.Halage Vaderahalli,STREAM,200201002016,Bengaluru Urban,Bangalore_South_Kengeri1_Nayandahalli_Revenue_Map,Polygon,77.524666,12.913469,435
Bangalore South,Kengeri,J.I.Halage Vaderahalli,142,200201002016,Bengaluru Urban,Bangalore_South_Kengeri1_Nayandahalli_Revenue_Map,Polygon,77.524592,12.913464,220
Bangalore South,Kengeri,J.I.Halage Vaderahalli,237,200201002016,Bengaluru Urban,Bangalore_South_Kengeri1_Nayandahalli_Revenue_Map,Polygon,77.51627,12.913361,16
Bangalore South,Kengeri,J.I.Halage Vaderahalli,STREAM,200201002016,Bengaluru Urban,Bangalore_South_Kengeri1_Nayandahalli_Revenue_Map,Polygon,77.512731,12.91386,35
Bangalore South,Kengeri,J.I.Halage Vaderahalli,217,200201002016,Bengaluru Urban,Bangalore_South_Kengeri1_Nayandahalli_Revenue_Map,Polygon,77.519146,12.913183,7
Bangalore South,Kengeri,J.I.Halage Vaderahalli,STREAM,200201002016,Bengaluru Urban,Bangalore_South_Kengeri1_Nayandahalli_Revenue_Map,Polygon,77.512773,12.913523,13
Bangalore South,Kengeri,J.I.Halage Vaderahalli,216,200201002016,Bengaluru Urban,Bangalore_South_Kengeri1_Nayandahalli_Revenue_Map,Polygon,77.517661,12.913259,12
Bangalore South,Kengeri,J.I.Halage Vaderahalli,249,200201002016,Bengaluru Urban,Bangalore_South_Kengeri1_Nayandahalli_Revenue_Map,Polygon,77.513363,12.912968,16
Bangalore South,Kengeri,J.I.Halage Vaderahalli,168,200201002016,Bengaluru Urban,Bangalore_South_Kengeri1_Nayandahalli_Revenue_Map,Polygon,77.520831,12.912846,24
Bangalore South,Kengeri,J.I.Halage Vaderahalli,179,200201002016,Bengaluru Urban,Bangalore_South_Kengeri1_Nayandahalli_Revenue_Map,Polygon,77.526433,12.912569,9
Bangalore South,Kengeri,J.I.Halage Vaderahalli,STREAM,200201002016,Bengaluru Urban,Bangalore_South_Kengeri1_Nayandahalli_Revenue_Map,Polygon,77.520453,12.912763,16
Bangalore South,Kengeri,J.I.Halage Vaderahalli,177,200201002016,Bengaluru Urban,Bangalore_South_Kengeri1_Nayandahalli_Revenue_Map,Polygon,77.523674,12.912133,9
Bangalore South,Kengeri,J.I.Halage Vaderahalli,178,200201002016,Bengaluru Urban,Bangalore_South_Kengeri1_Nayandahalli_Revenue_Map,Polygon,77.525082,12.911668,319
Bangalore South,Kengeri,J.I.Halage Vaderahalli,STREAM,200201002016,Bengaluru Urban,Bangalore_South_Kengeri1_Nayandahalli_Revenue_Map,Polygon,77.525131,12.911695,610
Bangalore South,Kengeri,J.I.Halage Vaderahalli,178,200201002016,Bengaluru Urban,Bangalore_South_Kengeri1_Nayandahalli_Revenue_Map,Polygon,77.525187,12.911716,304
Bangalore South,Kengeri,J.I.Halage Vaderahalli,169,200201002016,Bengaluru Urban,Bangalore_South_Kengeri1_Nayandahalli_Revenue_Map,Polygon,77.521691,12.91222,12
Bangalore South,Kengeri,J.I.Halage Vaderahalli,214,200201002016,Bengaluru Urban,Bangalore_South_Kengeri1_Nayandahalli_Revenue_Map,Polygon,77.519816,12.911979,8
Bangalore South,Kengeri,J.I.Halage Vaderahalli,238,200201002016,Bengaluru Urban,Bangalore_South_Kengeri1_Nayandahalli_Revenue_Map,Polygon,77.515243,12.912464,42
Bangalore South,Kengeri,J.I.Halage Vaderahalli,STREAM,200201002016,Bengaluru Urban,Bangalore_South_Kengeri1_Nayandahalli_Revenue_Map,Polygon,77.515321,12.912455,80
Bangalore South,Kengeri,J.I.Halage Vaderahalli,238,200201002016,Bengaluru Urban,Bangalore_South_Kengeri1_Nayandahalli_Revenue_Map,Polygon,77.515537,12.912437,46
Bangalore South,Kengeri,J.I.Halage Vaderahalli,215,200201002016,Bengaluru Urban,Bangalore_South_Kengeri1_Nayandahalli_Revenue_Map,Polygon,77.51802,12.911801,12
Bangalore South,Kengeri,J.I.Halage Vaderahalli,248,200201002016,Bengaluru Urban,Bangalore_South_Kengeri1_Nayandahalli_Revenue_Map,Polygon,77.513242,12.911528,18
Bangalore South,Kengeri,J.I.Halage Vaderahalli,247,200201002016,Bengaluru Urban,Bangalore_South_Kengeri1_Nayandahalli_Revenue_Map,Polygon,77.515115,12.911746,131
Bangalore South,Kengeri,J.I.Halage Vaderahalli,239,200201002016,Bengaluru Urban,Bangalore_South_Kengeri1_Nayandahalli_Revenue_Map,Polygon,77.515156,12.912256,30
Bangalore South,Kengeri,J.I.Halage Vaderahalli,STREAM,200201002016,Bengaluru Urban,Bangalore_South_Kengeri1_Nayandahalli_Revenue_Map,Polygon,77.515246,12.91224,54
Bangalore South,Kengeri,J.I.Halage Vaderahalli,239,200201002016,Bengaluru Urban,Bangalore_South_Kengeri1_Nayandahalli_Revenue_Map,Polygon,77.515462,12.91215,33
Bangalore South,Kengeri,J.I.Halage Vaderahalli,STREAM,200201002016,Bengaluru Urban,Bangalore_South_Kengeri1_Nayandahalli_Revenue_Map,Polygon,77.515214,12.91172,251
Bangalore South,Kengeri,J.I.Halage Vaderahalli,247,200201002016,Bengaluru Urban,Bangalore_South_Kengeri1_Nayandahalli_Revenue_Map,Polygon,77.515268,12.911706,130
Bangalore South,Kengeri,J.I.Halage Vaderahalli,180,200201002016,Bengaluru Urban,Bangalore_South_Kengeri1_Nayandahalli_Revenue_Map,Polygon,77.526479,12.911766,8
Bangalore South,Kengeri,J.I.Halage Vaderahalli,170,200201002016,Bengaluru Urban,Bangalore_South_Kengeri1_Nayandahalli_Revenue_Map,Polygon,77.522006,12.911478,7
Bangalore South,Kengeri,J.I.Halage Vaderahalli,246,200201002016,Bengaluru Urban,Bangalore_South_Kengeri1_Nayandahalli_Revenue_Map,Polygon,77.514546,12.911132,6
Bangalore South,Kengeri,J.I.Halage Vaderahalli,181,200201002016,Bengaluru Urban,Bangalore_South_Kengeri1_Nayandahalli_Revenue_Map,Polygon,77.526081,12.911139,6
Bangalore South,Kengeri,J.I.Halage Vaderahalli,176,200201002016,Bengaluru Urban,Bangalore_South_Kengeri1_Nayandahalli_Revenue_Map,Polygon,77.523946,12.910926,9
Bangalore South,Kengeri,J.I.Halage Vaderahalli,240,200201002016,Bengaluru Urban,Bangalore_South_Kengeri1_Nayandahalli_Revenue_Map,Polygon,77.516427,12.910907,12
Bangalore South,Kengeri,J.I.Halage Vaderahalli,278,200201002016,Bengaluru Urban,Bangalore_South_Kengeri1_Nayandahalli_Revenue_Map,Polygon,77.514814,12.910505,251
Bangalore South,Kengeri,J.I.Halage Vaderahalli,STREAM,200201002016,Bengaluru Urban,Bangalore_South_Kengeri1_Nayandahalli_Revenue_Map,Polygon,77.514921,12.910498,489
Bangalore South,Kengeri,J.I.Halage Vaderahalli,278,200201002016,Bengaluru Urban,Bangalore_South_Kengeri1_Nayandahalli_Revenue_Map,Polygon,77.515092,12.910706,171
Bangalore South,Kengeri,J.I.Halage Vaderahalli,171,200201002016,Bengaluru Urban,Bangalore_South_Kengeri1_Nayandahalli_Revenue_Map,Polygon,77.521769,12.910846,7
Bangalore South,Kengeri,J.I.Halage Vaderahalli,213,200201002016,Bengaluru Urban,Bangalore_South_Kengeri1_Nayandahalli_Revenue_Map,Polygon,77.520021,12.910333,10
Bangalore South,Kengeri,J.I.Halage Vaderahalli,212,200201002016,Bengaluru Urban,Bangalore_South_Kengeri1_Nayandahalli_Revenue_Map,Polygon,77.518087,12.910275,11
Bangalore South,Kengeri,J.I.Halage Vaderahalli,241,200201002016,Bengaluru Urban,Bangalore_South_Kengeri1_Nayandahalli_Revenue_Map,Polygon,77.516955,12.909612,329
Bangalore South,Kengeri,J.I.Halage Vaderahalli,242,200201002016,Bengaluru Urban,Bangalore_South_Kengeri1_Nayandahalli_Revenue_Map,Polygon,77.515761,12.909898,210
Bangalore South,Kengeri,J.I.Halage Vaderahalli,182,200201002016,Bengaluru Urban,Bangalore_South_Kengeri1_Nayandahalli_Revenue_Map,Polygon,77.525785,12.910243,9
Bangalore South,Kengeri,J.I.Halage Vaderahalli,279,200201002016,Bengaluru Urban,Bangalore_South_Kengeri1_Nayandahalli_Revenue_Map,Polygon,77.513111,12.909887,18
Bangalore South,Kengeri,J.I.Halage Vaderahalli,285,200201002016,Bengaluru Urban,Bangalore_South_Kengeri1_Nayandahalli_Revenue_Map,Polygon,77.5271,12.909195,13
Bangalore South,Kengeri,J.I.Halage Vaderahalli,172,200201002016,Bengaluru Urban,Bangalore_South_Kengeri1_Nayandahalli_Revenue_Map,Polygon,77.521596,12.910101,12
Bangalore South,Kengeri,J.I.Halage Vaderahalli,175,200201002016,Bengaluru Urban,Bangalore_South_Kengeri1_Nayandahalli_Revenue_Map,Polygon,77.524444,12.909828,11
Bangalore South,Kengeri,J.I.Halage Vaderahalli,STREAM,200201002016,Bengaluru Urban,Bangalore_South_Kengeri1_Nayandahalli_Revenue_Map,Polygon,77.51575,12.909817,417
Bangalore South,Kengeri,J.I.Halage Vaderahalli,278,200201002016,Bengaluru Urban,Bangalore_South_Kengeri1_Nayandahalli_Revenue_Map,Polygon,77.514852,12.910055,78
Bangalore South,Kengeri,J.I.Halage Vaderahalli,242,200201002016,Bengaluru Urban,Bangalore_South_Kengeri1_Nayandahalli_Revenue_Map,Polygon,77.515745,12.909743,218
Bangalore South,Kengeri,J.I.Halage Vaderahalli,STREAM,200201002016,Bengaluru Urban,Bangalore_South_Kengeri1_Nayandahalli_Revenue_Map,Polygon,77.516859,12.909583,393
Bangalore South,Kengeri,J.I.Halage Vaderahalli,174,200201002016,Bengaluru Urban,Bangalore_South_Kengeri1_Nayandahalli_Revenue_Map,Polygon,77.523301,12.909245,10
Bangalore South,Kengeri,J.I.Halage Vaderahalli,277,200201002016,Bengaluru Urban,Bangalore_South_Kengeri1_Nayandahalli_Revenue_Map,Polygon,77.51423,12.90956,155
Bangalore South,Kengeri,J.I.Halage Vaderahalli,173,200201002016,Bengaluru Urban,Bangalore_South_Kengeri1_Nayandahalli_Revenue_Map,Polygon,77.522055,12.909283,9
Bangalore South,Kengeri,J.I.Halage Vaderahalli,STREAM,200201002016,Bengaluru Urban,Bangalore_South_Kengeri1_Nayandahalli_Revenue_Map,Polygon,77.514102,12.909559,272
Bangalore South,Kengeri,J.I.Halage Vaderahalli,244,200201002016,Bengaluru Urban,Bangalore_South_Kengeri1_Nayandahalli_Revenue_Map,Polygon,77.51274,12.908248,94
Bangalore South,Kengeri,J.I.Halage Vaderahalli,194,200201002016,Bengaluru Urban,Bangalore_South_Kengeri1_Nayandahalli_Revenue_Map,Polygon,77.520173,12.90948,12
Bangalore South,Kengeri,J.I.Halage Vaderahalli,277,200201002016,Bengaluru Urban,Bangalore_South_Kengeri1_Nayandahalli_Revenue_Map,Polygon,77.513947,12.909552,125
Bangalore South,Kengeri,J.I.Halage Vaderahalli,184,200201002016,Bengaluru Urban,Bangalore_South_Kengeri1_Nayandahalli_Revenue_Map,Polygon,77.526039,12.908867,11
Bangalore South,Kengeri,J.I.Halage Vaderahalli,211,200201002016,Bengaluru Urban,Bangalore_South_Kengeri1_Nayandahalli_Revenue_Map,Polygon,77.517984,12.909231,13
Bangalore South,Kengeri,J.I.Halage Vaderahalli,188,200201002016,Bengaluru Urban,Bangalore_South_Kengeri1_Nayandahalli_Revenue_Map,Polygon,77.524903,12.908789,9
Bangalore South,Kengeri,J.I.Halage Vaderahalli,241,200201002016,Bengaluru Urban,Bangalore_South_Kengeri1_Nayandahalli_Revenue_Map,Polygon,77.516605,12.909383,88
Bangalore South,Kengeri,J.I.Halage Vaderahalli,189,200201002016,Bengaluru Urban,Bangalore_South_Kengeri1_Nayandahalli_Revenue_Map,Polygon,77.523832,12.908565,11
Bangalore South,Kengeri,J.I.Halage Vaderahalli,276,200201002016,Bengaluru Urban,Bangalore_South_Kengeri1_Nayandahalli_Revenue_Map,Polygon,77.51323,12.908828,173
Bangalore South,Kengeri,J.I.Halage Vaderahalli,STREAM,200201002016,Bengaluru Urban,Bangalore_South_Kengeri1_Nayandahalli_Revenue_Map,Polygon,77.513286,12.908764,366
Bangalore South,Kengeri,J.I.Halage Vaderahalli,207,200201002016,Bengaluru Urban,Bangalore_South_Kengeri1_Nayandahalli_Revenue_Map,Polygon,77.515066,12.908447,10
Bangalore South,Kengeri,J.I.Halage Vaderahalli,276,200201002016,Bengaluru Urban,Bangalore_South_Kengeri1_Nayandahalli_Revenue_Map,Polygon,77.513364,12.908706,205
Bangalore South,Kengeri,J.I.Halage Vaderahalli,193,200201002016,Bengaluru Urban,Bangalore_South_Kengeri1_Nayandahalli_Revenue_Map,Polygon,77.520898,12.907004,62
Bangalore South,Kengeri,J.I.Halage Vaderahalli,209,200201002016,Bengaluru Urban,Bangalore_South_Kengeri1_Nayandahalli_Revenue_Map,Polygon,77.516801,12.908504,11
Bangalore South,Kengeri,J.I.Halage Vaderahalli,208,200201002016,Bengaluru Urban,Bangalore_South_Kengeri1_Nayandahalli_Revenue_Map,Polygon,77.515927,12.908096,9
Bangalore South,Kengeri,J.I.Halage Vaderahalli,195,200201002016,Bengaluru Urban,Bangalore_South_Kengeri1_Nayandahalli_Revenue_Map,Polygon,77.52085,12.908575,121
Bangalore South,Kengeri,J.I.Halage Vaderahalli,206,200201002016,Bengaluru Urban,Bangalore_South_Kengeri1_Nayandahalli_Revenue_Map,Polygon,77.513962,12.908293,7
Bangalore South,Kengeri,J.I.Halage Vaderahalli,192,200201002016,Bengaluru Urban,Bangalore_South_Kengeri1_Nayandahalli_Revenue_Map,Polygon,77.52191,12.907479,8
Bangalore South,Kengeri,J.I.Halage Vaderahalli,STREAM,200201002016,Bengaluru Urban,Bangalore_South_Kengeri1_Nayandahalli_Revenue_Map,Polygon,77.521013,12.90857,245
Bangalore South,Kengeri,J.I.Halage Vaderahalli,195,200201002016,Bengaluru Urban,Bangalore_South_Kengeri1_Nayandahalli_Revenue_Map,Polygon,77.521084,12.908561,130
Bangalore South,Kengeri,J.I.Halage Vaderahalli,191,200201002016,Bengaluru Urban,Bangalore_South_Kengeri1_Nayandahalli_Revenue_Map,Polygon,77.522625,12.907284,13
Bangalore South,Kengeri,J.I.Halage Vaderahalli,210,200201002016,Bengaluru Urban,Bangalore_South_Kengeri1_Nayandahalli_Revenue_Map,Polygon,77.518368,12.908335,6
Bangalore South,Kengeri,J.I.Halage Vaderahalli,187,200201002016,Bengaluru Urban,Bangalore_South_Kengeri1_Nayandahalli_Revenue_Map,Polygon,77.524366,12.907608,8
Bangalore South,Kengeri,J.I.Halage Vaderahalli,196,200201002016,Bengaluru Urban,Bangalore_South_Kengeri1_Nayandahalli_Revenue_Map,Polygon,77.520703,12.907653,308
Bangalore South,Kengeri,J.I.Halage Vaderahalli,STREAM,200201002016,Bengaluru Urban,Bangalore_South_Kengeri1_Nayandahalli_Revenue_Map,Polygon,77.512772,12.90807,126
Bangalore South,Kengeri,J.I.Halage Vaderahalli,186,200201002016,Bengaluru Urban,Bangalore_South_Kengeri1_Nayandahalli_Revenue_Map,Polygon,77.525387,12.907375,8
Bangalore South,Kengeri,J.I.Halage Vaderahalli,STREAM,200201002016,Bengaluru Urban,Bangalore_South_Kengeri1_Nayandahalli_Revenue_Map,Polygon,77.520727,12.907653,301
Bangalore South,Kengeri,J.I.Halage Vaderahalli,244,200201002016,Bengaluru Urban,Bangalore_South_Kengeri1_Nayandahalli_Revenue_Map,Polygon,77.512814,12.908005,51
Bangalore South,Kengeri,J.I.Halage Vaderahalli,185,200201002016,Bengaluru Urban,Bangalore_South_Kengeri1_Nayandahalli_Revenue_Map,Polygon,77.526481,12.907368,10
Bangalore South,Kengeri,J.I.Halage Vaderahalli,243,200201002016,Bengaluru Urban,Bangalore_South_Kengeri1_Nayandahalli_Revenue_Map,Polygon,77.512508,12.907799,40
Bangalore South,Kengeri,J.I.Halage Vaderahalli,STREAM,200201002016,Bengaluru Urban,Bangalore_South_Kengeri1_Nayandahalli_Revenue_Map,Polygon,77.512547,12.907713,110
Bangalore South,Kengeri,J.I.Halage Vaderahalli,243,200201002016,Bengaluru Urban,Bangalore_South_Kengeri1_Nayandahalli_Revenue_Map,Polygon,77.513039,12.907177,114
Bangalore South,Kengeri,J.I.Halage Vaderahalli,199,200201002016,Bengaluru Urban,Bangalore_South_Kengeri1_Nayandahalli_Revenue_Map,Polygon,77.518188,12.906709,18
Bangalore South,Kengeri,J.I.Halage Vaderahalli,204,200201002016,Bengaluru Urban,Bangalore_South_Kengeri1_Nayandahalli_Revenue_Map,Polygon,77.513755,12.90742,7
Bangalore South,Kengeri,J.I.Halage Vaderahalli,190,200201002016,Bengaluru Urban,Bangalore_South_Kengeri1_Nayandahalli_Revenue_Map,Polygon,77.523583,12.906472,19
Bangalore South,Kengeri,J.I.Halage Vaderahalli,197,200201002016,Bengaluru Urban,Bangalore_South_Kengeri1_Nayandahalli_Revenue_Map,Polygon,77.519356,12.906583,12
Bangalore South,Kengeri,J.I.Halage Vaderahalli,205,200201002016,Bengaluru Urban,Bangalore_South_Kengeri1_Nayandahalli_Revenue_Map,Polygon,77.512662,12.906607,16
Bangalore South,Kengeri,J.I.Halage Vaderahalli,202,200201002016,Bengaluru Urban,Bangalore_South_Kengeri1_Nayandahalli_Revenue_Map,Polygon,77.514798,12.906866,11
Bangalore South,Kengeri,J.I.Halage Vaderahalli,201,200201002016,Bengaluru Urban,Bangalore_South_Kengeri1_Nayandahalli_Revenue_Map,Polygon,77.516751,12.906843,14
Bangalore South,Kengeri,J.I.Halage Vaderahalli,STREAM,200201002016,Bengaluru Urban,Bangalore_South_Kengeri1_Nayandahalli_Revenue_Map,Polygon,77.520809,12.906748,50
Bangalore South,Kengeri,J.I.Halage Vaderahalli,STREAM,200201002016,Bengaluru Urban,Bangalore_South_Kengeri1_Nayandahalli_Revenue_Map,Polygon,77.512571,12.906432,22
Bangalore South,Kengeri,J.I.Halage Vaderahalli,STREAM,200201002016,Bengaluru Urban,Bangalore_South_Kengeri1_Nayandahalli_Revenue_Map,Polygon,77.51953,12.905599,56
Bangalore South,Kengeri,J.I.Halage Vaderahalli,205,200201002016,Bengaluru Urban,Bangalore_South_Kengeri1_Nayandahalli_Revenue_Map,Polygon,77.512574,12.906325,17
Bangalore South,Kengeri,J.I.Halage Vaderahalli,200,200201002016,Bengaluru Urban,Bangalore_South_Kengeri1_Nayandahalli_Revenue_Map,Polygon,77.516837,12.905925,13
Bangalore South,Kengeri,J.I.Halage Vaderahalli,STREAM,200201002016,Bengaluru Urban,Bangalore_South_Kengeri1_Nayandahalli_Revenue_Map,Polygon,77.513593,12.90591,37
Bangalore South,Kengeri,J.I.Halage Vaderahalli,243,200201002016,Bengaluru Urban,Bangalore_South_Kengeri1_Nayandahalli_Revenue_Map,Polygon,77.513571,12.90582,18
Bangalore South,Kengeri,J.I.Halage Vaderahalli,198,200201002016,Bengaluru Urban,Bangalore_South_Kengeri1_Nayandahalli_Revenue_Map,Polygon,77.519002,12.905441,16
Bangalore South,Kengeri,J.I.Halage Vaderahalli,203,200201002016,Bengaluru Urban,Bangalore_South_Kengeri1_Nayandahalli_Revenue_Map,Polygon,77.515272,12.905326,23
Bangalore South,Kengeri,J.I.Halage Vaderahalli,STREAM,200201002016,Bengaluru Urban,Bangalore_South_Kengeri1_Nayandahalli_Revenue_Map,Polygon,77.51495,12.905249,27
Bangalore South,Kengeri,J.I.Halage Vaderahalli,203,200201002016,Bengaluru Urban,Bangalore_South_Kengeri1_Nayandahalli_Revenue_Map,Polygon,77.514719,12.905203,13
Bangalore South,Kengeri,Mylasandra,8,200201002036,Bengaluru Urban,Bangalore_South_Kengeri4_Mailasandra_Revenue_Map,Polygon,77.498251,12.920836,4
Bangalore South,Kengeri,Mylasandra,9,200201002036,Bengaluru Urban,Bangalore_South_Kengeri4_Mailasandra_Revenue_Map,Polygon,77.498569,12.919978,19
Bangalore South,Kengeri,Mylasandra,7,200201002036,Bengaluru Urban,Bangalore_South_Kengeri4_Mailasandra_Revenue_Map,Polygon,77.497294,12.919662,23
Bangalore South,Kengeri,Mylasandra,10,200201002036,Bengaluru Urban,Bangalore_South_Kengeri4_Mailasandra_Revenue_Map,Polygon,77.499359,12.919579,16
Bangalore South,Kengeri,Mylasandra,13,200201002036,Bengaluru Urban,Bangalore_South_Kengeri4_Mailasandra_Revenue_Map,Polygon,77.502671,12.918907,20
Bangalore South,Kengeri,Mylasandra,12,200201002036,Bengaluru Urban,Bangalore_South_Kengeri4_Mailasandra_Revenue_Map,Polygon,77.501044,12.919022,9
Bangalore South,Kengeri,Mylasandra,14,200201002036,Bengaluru Urban,Bangalore_South_Kengeri4_Mailasandra_Revenue_Map,Polygon,77.501655,12.917938,14
Bangalore South,Kengeri,Mylasandra,STREAM,200201002036,Bengaluru Urban,Bangalore_South_Kengeri4_Mailasandra_Revenue_Map,Polygon,77.503783,12.917656,14
Bangalore South,Kengeri,Mylasandra,6,200201002036,Bengaluru Urban,Bangalore_South_Kengeri4_Mailasandra_Revenue_Map,Polygon,77.498356,12.918516,14
Bangalore South,Kengeri,Mylasandra,5,200201002036,Bengaluru Urban,Bangalore_South_Kengeri4_Mailasandra_Revenue_Map,Polygon,77.497042,12.918305,14
Bangalore South,Kengeri,Mylasandra,4,200201002036,Bengaluru Urban,Bangalore_South_Kengeri4_Mailasandra_Revenue_Map,Polygon,77.496913,12.917906,17
Bangalore South,Kengeri,Mylasandra,11,200201002036,Bengaluru Urban,Bangalore_South_Kengeri4_Mailasandra_Revenue_Map,Polygon,77.499395,12.917681,19
Bangalore South,Kengeri,Mylasandra,3,200201002036,Bengaluru Urban,Bangalore_South_Kengeri4_Mailasandra_Revenue_Map,Polygon,77.496346,12.917269,29
Bangalore South,Kengeri,Mylasandra,STREAM,200201002036,Bengaluru Urban,Bangalore_South_Kengeri4_Mailasandra_Revenue_Map,Polygon,77.49006,12.913614,37
Bangalore South,Kengeri,Mylasandra,15,200201002036,Bengaluru Urban,Bangalore_South_Kengeri4_Mailasandra_Revenue_Map,Polygon,77.502766,12.91732,5
Bangalore South,Kengeri,Mylasandra,16,200201002036,Bengaluru Urban,Bangalore_South_Kengeri4_Mailasandra_Revenue_Map,Polygon,77.502902,12.916345,7
Bangalore South,Kengeri,Mylasandra,48,200201002036,Bengaluru Urban,Bangalore_South_Kengeri4_Mailasandra_Revenue_Map,Polygon,77.492764,12.916705,13
Bangalore South,Kengeri,Mylasandra,17,200201002036,Bengaluru Urban,Bangalore_South_Kengeri4_Mailasandra_Revenue_Map,Polygon,77.500864,12.916226,8
Bangalore South,Kengeri,Mylasandra,2,200201002036,Bengaluru Urban,Bangalore_South_Kengeri4_Mailasandra_Revenue_Map,Polygon,77.497197,12.916598,24
Bangalore South,Kengeri,Mylasandra,49,200201002036,Bengaluru Urban,Bangalore_South_Kengeri4_Mailasandra_Revenue_Map,Polygon,77.493688,12.916092,21
Bangalore South,Kengeri,Mylasandra,50,200201002036,Bengaluru Urban,Bangalore_South_Kengeri4_Mailasandra_Revenue_Map,Polygon,77.494479,12.916015,15
Bangalore South,Kengeri,Mylasandra,18,200201002036,Bengaluru Urban,Bangalore_South_Kengeri4_Mailasandra_Revenue_Map,Polygon,77.499501,12.91604,17
Bangalore South,Kengeri,Mylasandra,51,200201002036,Bengaluru Urban,Bangalore_South_Kengeri4_Mailasandra_Revenue_Map,Polygon,77.495117,12.915382,22
Bangalore South,Kengeri,Mylasandra,1,200201002036,Bengaluru Urban,Bangalore_South_Kengeri4_Mailasandra_Revenue_Map,Polygon,77.497481,12.916152,13
Bangalore South,Kengeri,Mylasandra,58,200201002036,Bengaluru Urban,Bangalore_South_Kengeri4_Mailasandra_Revenue_Map,Polygon,77.496887,12.914944,33
Bangalore South,Kengeri,Mylasandra,47,200201002036,Bengaluru Urban,Bangalore_South_Kengeri4_Mailasandra_Revenue_Map,Polygon,77.49207,12.915399,14
Bangalore South,Kengeri,Mylasandra,SETTLEMENT,200201002036,Bengaluru Urban,Bangalore_South_Kengeri4_Mailasandra_Revenue_Map,Polygon,77.498849,12.915592,14
Bangalore South,Kengeri,Mylasandra,ROAD,200201002036,Bengaluru Urban,Bangalore_South_Kengeri4_Mailasandra_Revenue_Map,Polygon,77.499931,12.914934,8
Bangalore South,Kengeri,Mylasandra,20,200201002036,Bengaluru Urban,Bangalore_South_Kengeri4_Mailasandra_Revenue_Map,Polygon,77.503041,12.914907,5
Bangalore South,Kengeri,Mylasandra,21,200201002036,Bengaluru Urban,Bangalore_South_Kengeri4_Mailasandra_Revenue_Map,Polygon,77.505034,12.913378,11
Bangalore South,Kengeri,Mylasandra,56,200201002036,Bengaluru Urban,Bangalore_South_Kengeri4_Mailasandra_Revenue_Map,Polygon,77.499504,12.914576,12
Bangalore South,Kengeri,Mylasandra,52,200201002036,Bengaluru Urban,Bangalore_South_Kengeri4_Mailasandra_Revenue_Map,Polygon,77.495044,12.913913,27
Bangalore South,Kengeri,Mylasandra,19,200201002036,Bengaluru Urban,Bangalore_South_Kengeri4_Mailasandra_Revenue_Map,Polygon,77.501442,12.913948,14
Bangalore South,Kengeri,Mylasandra,43,200201002036,Bengaluru Urban,Bangalore_South_Kengeri4_Mailasandra_Revenue_Map,Polygon,77.491521,12.91419,16
Bangalore South,Kengeri,Mylasandra,57,200201002036,Bengaluru Urban,Bangalore_South_Kengeri4_Mailasandra_Revenue_Map,Polygon,77.498396,12.914465,9
Bangalore South,Kengeri,Mylasandra,45,200201002036,Bengaluru Urban,Bangalore_South_Kengeri4_Mailasandra_Revenue_Map,Polygon,77.492061,12.914671,6
Bangalore South,Kengeri,Mylasandra,46,200201002036,Bengaluru Urban,Bangalore_South_Kengeri4_Mailasandra_Revenue_Map,Polygon,77.492813,12.914248,11
Bangalore South,Kengeri,Mylasandra,54,200201002036,Bengaluru Urban,Bangalore_South_Kengeri4_Mailasandra_Revenue_Map,Polygon,77.498119,12.913518,16
Bangalore South,Kengeri,Mylasandra,44,200201002036,Bengaluru Urban,Bangalore_South_Kengeri4_Mailasandra_Revenue_Map,Polygon,77.491983,12.914275,6
Bangalore South,Kengeri,Mylasandra,42,200201002036,Bengaluru Urban,Bangalore_South_Kengeri4_Mailasandra_Revenue_Map,Polygon,77.490926,12.913392,10
Bangalore South,Kengeri,Mylasandra,55,200201002036,Bengaluru Urban,Bangalore_South_Kengeri4_Mailasandra_Revenue_Map,Polygon,77.499655,12.912518,7
Bangalore South,Kengeri,Mylasandra,39,200201002036,Bengaluru Urban,Bangalore_South_Kengeri4_Mailasandra_Revenue_Map,Polygon,77.492102,12.911594,31
Bangalore South,Kengeri,Mylasandra,34,200201002036,Bengaluru Urban,Bangalore_South_Kengeri4_Mailasandra_Revenue_Map,Polygon,77.494033,12.912689,9
Bangalore South,Kengeri,Mylasandra,41,200201002036,Bengaluru Urban,Bangalore_South_Kengeri4_Mailasandra_Revenue_Map,Polygon,77.490442,12.911643,29
Bangalore South,Kengeri,Mylasandra,22,200201002036,Bengaluru Urban,Bangalore_South_Kengeri4_Mailasandra_Revenue_Map,Polygon,77.502888,12.910133,24
Bangalore South,Kengeri,Mylasandra,53,200201002036,Bengaluru Urban,Bangalore_South_Kengeri4_Mailasandra_Revenue_Map,Polygon,77.496991,12.911892,27
Bangalore South,Kengeri,Mylasandra,TANK,200201002036,Bengaluru Urban,Bangalore_South_Kengeri4_Mailasandra_Revenue_Map,Polygon,77.496379,12.9122,15
Bangalore South,Kengeri,Mylasandra,35,200201002036,Bengaluru Urban,Bangalore_South_Kengeri4_Mailasandra_Revenue_Map,Polygon,77.493383,12.911909,9
Bangalore South,Kengeri,Mylasandra,33,200201002036,Bengaluru Urban,Bangalore_South_Kengeri4_Mailasandra_Revenue_Map,Polygon,77.494748,12.911878,5
Bangalore South,Kengeri,Mylasandra,32,200201002036,Bengaluru Urban,Bangalore_South_Kengeri4_Mailasandra_Revenue_Map,Polygon,77.495821,12.911943,5
Bangalore South,Kengeri,Mylasandra,31,200201002036,Bengaluru Urban,Bangalore_South_Kengeri4_Mailasandra_Revenue_Map,Polygon,77.495257,12.911114,6
Bangalore South,Kengeri,Mylasandra,23,200201002036,Bengaluru Urban,Bangalore_South_Kengeri4_Mailasandra_Revenue_Map,Polygon,77.507056,12.90951,45
Bangalore South,Kengeri,Mylasandra,30,200201002036,Bengaluru Urban,Bangalore_South_Kengeri4_Mailasandra_Revenue_Map,Polygon,77.497375,12.908958,9
Bangalore South,Kengeri,Mylasandra,36,200201002036,Bengaluru Urban,Bangalore_South_Kengeri4_Mailasandra_Revenue_Map,Polygon,77.494184,12.909932,8
Bangalore South,Kengeri,Mylasandra,40,200201002036,Bengaluru Urban,Bangalore_South_Kengeri4_Mailasandra_Revenue_Map,Polygon,77.490427,12.910534,8
Bangalore South,Kengeri,Mylasandra,38,200201002036,Bengaluru Urban,Bangalore_South_Kengeri4_Mailasandra_Revenue_Map,Polygon,77.490106,12.909685,29
Bangalore South,Kengeri,Mylasandra,37_TANK,200201002036,Bengaluru Urban,Bangalore_South_Kengeri4_Mailasandra_Revenue_Map,Polygon,77.492744,12.909037,10
Bangalore South,Kengeri,Mylasandra,67,200201002036,Bengaluru Urban,Bangalore_South_Kengeri4_Mailasandra_Revenue_Map,Polygon,77.506537,12.908352,133
Bangalore South,Kengeri,Mylasandra,STREAM,200201002036,Bengaluru Urban,Bangalore_South_Kengeri4_Mailasandra_Revenue_Map,Polygon,77.507153,12.909364,80
Bangalore South,Kengeri,Mylasandra,23,200201002036,Bengaluru Urban,Bangalore_South_Kengeri4_Mailasandra_Revenue_Map,Polygon,77.507207,12.909281,40
Bangalore South,Kengeri,Mylasandra,28,200201002036,Bengaluru Urban,Bangalore_South_Kengeri4_Mailasandra_Revenue_Map,Polygon,77.494915,12.908039,11
Bangalore South,Kengeri,Mylasandra,STREAM,200201002036,Bengaluru Urban,Bangalore_South_Kengeri4_Mailasandra_Revenue_Map,Polygon,77.506595,12.908316,258
Bangalore South,Kengeri,Mylasandra,67,200201002036,Bengaluru Urban,Bangalore_South_Kengeri4_Mailasandra_Revenue_Map,Polygon,77.506661,12.908284,133
Bangalore South,Kengeri,Mylasandra,29,200201002036,Bengaluru Urban,Bangalore_South_Kengeri4_Mailasandra_Revenue_Map,Polygon,77.497019,12.907825,7
Bangalore South,Kengeri,Mylasandra,24,200201002036,Bengaluru Urban,Bangalore_South_Kengeri4_Mailasandra_Revenue_Map,Polygon,77.508085,12.906216,10
Bangalore South,Kengeri,Mylasandra,27_TANK,200201002036,Bengaluru Urban,Bangalore_South_Kengeri4_Mailasandra_Revenue_Map,Polygon,77.496881,12.906271,20
Bangalore South,Kengeri,Mylasandra,65,200201002036,Bengaluru Urban,Bangalore_South_Kengeri4_Mailasandra_Revenue_Map,Polygon,77.4971,12.907077,10
Bangalore South,Kengeri,Mylasandra,66,200201002036,Bengaluru Urban,Bangalore_South_Kengeri4_Mailasandra_Revenue_Map,Polygon,77.50559,12.906691,142
Bangalore South,Kengeri,Mylasandra,STREAM,200201002036,Bengaluru Urban,Bangalore_South_Kengeri4_Mailasandra_Revenue_Map,Polygon,77.505631,12.906677,279
Bangalore South,Kengeri,Mylasandra,66,200201002036,Bengaluru Urban,Bangalore_South_Kengeri4_Mailasandra_Revenue_Map,Polygon,77.505705,12.906669,143
Bangalore South,Kengeri,Mylasandra,69,200201002036,Bengaluru Urban,Bangalore_South_Kengeri4_Mailasandra_Revenue_Map,Polygon,77.498333,12.906027,15
Bangalore South,Kengeri,Mylasandra,68,200201002036,Bengaluru Urban,Bangalore_South_Kengeri4_Mailasandra_Revenue_Map,Polygon,77.499551,12.905379,15
Bangalore South,Kengeri,Mylasandra,26,200201002036,Bengaluru Urban,Bangalore_South_Kengeri4_Mailasandra_Revenue_Map,Polygon,77.501701,12.903166,46
Bangalore South,Kengeri,Mylasandra,59,200201002036,Bengaluru Urban,Bangalore_South_Kengeri4_Mailasandra_Revenue_Map,Polygon,77.50327,12.905744,12
Bangalore South,Kengeri,Mylasandra,25,200201002036,Bengaluru Urban,Bangalore_South_Kengeri4_Mailasandra_Revenue_Map,Polygon,77.505069,12.902573,30
Bangalore South,Kengeri,Mylasandra,60,200201002036,Bengaluru Urban,Bangalore_South_Kengeri4_Mailasandra_Revenue_Map,Polygon,77.50348,12.904798,13
Bangalore South,Kengeri,Mylasandra,61,200201002036,Bengaluru Urban,Bangalore_South_Kengeri4_Mailasandra_Revenue_Map,Polygon,77.503251,12.904128,12
Bangalore South,Kengeri,Mylasandra,62,200201002036,Bengaluru Urban,Bangalore_South_Kengeri4_Mailasandra_Revenue_Map,Polygon,77.50314,12.903083,10
Bangalore South,Kengeri,Mylasandra,63,200201002036,Bengaluru Urban,Bangalore_South_Kengeri4_Mailasandra_Revenue_Map,Polygon,77.50218,12.902351,13
Bangalore South,Kengeri,Mylasandra,64,200201002036,Bengaluru Urban,Bangalore_South_Kengeri4_Mailasandra_Revenue_Map,Polygon,77.502037,12.901407,12
Bangalore South,Uttarahalli,K.G.Chunchagatta,28,200201004022,Bengaluru Urban,Bangalore_South_Uttarahalli1_Chunchaghatta_Revenue_Map,Polygon,77.573765,12.893514,32
Bangalore South,Uttarahalli,K.G.Chunchagatta,27,200201004022,Bengaluru Urban,Bangalore_South_Uttarahalli1_Chunchaghatta_Revenue_Map,Polygon,77.575095,12.894053,15
Bangalore South,Uttarahalli,K.G.Chunchagatta,26,200201004022,Bengaluru Urban,Bangalore_South_Uttarahalli1_Chunchaghatta_Revenue_Map,Polygon,77.575473,12.893565,11
Bangalore South,Uttarahalli,K.G.Chunchagatta,STREAM,200201004022,Bengaluru Urban,Bangalore_South_Uttarahalli1_Chunchaghatta_Revenue_Map,Polygon,77.574697,12.892923,10
Bangalore South,Uttarahalli,K.G.Chunchagatta,25,200201004022,Bengaluru Urban,Bangalore_South_Uttarahalli1_Chunchaghatta_Revenue_Map,Polygon,77.575868,12.892377,10
Bangalore South,Uttarahalli,K.G.Chunchagatta,23,200201004022,Bengaluru Urban,Bangalore_South_Uttarahalli1_Chunchaghatta_Revenue_Map,Polygon,77.574486,12.892748,6
Bangalore South,Uttarahalli,K.G.Chunchagatta,24,200201004022,Bengaluru Urban,Bangalore_South_Uttarahalli1_Chunchaghatta_Revenue_Map,Polygon,77.575142,12.892721,6
Bangalore South,Uttarahalli,K.G.Chunchagatta,38,200201004022,Bengaluru Urban,Bangalore_South_Uttarahalli1_Chunchaghatta_Revenue_Map,Polygon,77.572302,12.89154,10
Bangalore South,Uttarahalli,K.G.Chunchagatta,29,200201004022,Bengaluru Urban,Bangalore_South_Uttarahalli1_Chunchaghatta_Revenue_Map,Polygon,77.573214,12.891742,13
Bangalore South,Uttarahalli,K.G.Chunchagatta,ROAD,200201004022,Bengaluru Urban,Bangalore_South_Uttarahalli1_Chunchaghatta_Revenue_Map,Polygon,77.57151,12.889922,26
Bangalore South,Uttarahalli,K.G.Chunchagatta,STREAM,200201004022,Bengaluru Urban,Bangalore_South_Uttarahalli1_Chunchaghatta_Revenue_Map,Polygon,77.57424,12.891812,8
Bangalore South,Uttarahalli,K.G.Chunchagatta,22,200201004022,Bengaluru Urban,Bangalore_South_Uttarahalli1_Chunchaghatta_Revenue_Map,Polygon,77.574781,12.891789,8
Bangalore South,Uttarahalli,K.G.Chunchagatta,STREAM,200201004022,Bengaluru Urban,Bangalore_South_Uttarahalli1_Chunchaghatta_Revenue_Map,Polygon,77.575197,12.891845,7
Bangalore South,Uttarahalli,K.G.Chunchagatta,22,200201004022,Bengaluru Urban,Bangalore_South_Uttarahalli1_Chunchaghatta_Revenue_Map,Polygon,77.575622,12.891821,5
Bangalore South,Uttarahalli,K.G.Chunchagatta,37,200201004022,Bengaluru Urban,Bangalore_South_Uttarahalli1_Chunchaghatta_Revenue_Map,Polygon,77.572654,12.891342,13
Bangalore South,Uttarahalli,K.G.Chunchagatta,30,200201004022,Bengaluru Urban,Bangalore_South_Uttarahalli1_Chunchaghatta_Revenue_Map,Polygon,77.57428,12.891467,7
Bangalore South,Uttarahalli,K.G.Chunchagatta,31,200201004022,Bengaluru Urban,Bangalore_South_Uttarahalli1_Chunchaghatta_Revenue_Map,Polygon,77.575251,12.891322,7
Bangalore South,Uttarahalli,K.G.Chunchagatta,21,200201004022,Bengaluru Urban,Bangalore_South_Uttarahalli1_Chunchaghatta_Revenue_Map,Polygon,77.575995,12.891323,11
Bangalore South,Uttarahalli,K.G.Chunchagatta,36,200201004022,Bengaluru Urban,Bangalore_South_Uttarahalli1_Chunchaghatta_Revenue_Map,Polygon,77.573314,12.891186,14
Bangalore South,Uttarahalli,K.G.Chunchagatta,70_TANK,200201004022,Bengaluru Urban,Bangalore_South_Uttarahalli1_Chunchaghatta_Revenue_Map,Polygon,77.575397,12.888215,44
Bangalore South,Uttarahalli,K.G.Chunchagatta,32,200201004022,Bengaluru Urban,Bangalore_South_Uttarahalli1_Chunchaghatta_Revenue_Map,Polygon,77.574358,12.891068,8
Bangalore South,Uttarahalli,K.G.Chunchagatta,35,200201004022,Bengaluru Urban,Bangalore_South_Uttarahalli1_Chunchaghatta_Revenue_Map,Polygon,77.57389,12.890392,10
Bangalore South,Uttarahalli,K.G.Chunchagatta,34,200201004022,Bengaluru Urban,Bangalore_South_Uttarahalli1_Chunchaghatta_Revenue_Map,Polygon,77.574304,12.890568,7
Bangalore South,Uttarahalli,K.G.Chunchagatta,20,200201004022,Bengaluru Urban,Bangalore_South_Uttarahalli1_Chunchaghatta_Revenue_Map,Polygon,77.576177,12.889842,15
Bangalore South,Uttarahalli,K.G.Chunchagatta,44,200201004022,Bengaluru Urban,Bangalore_South_Uttarahalli1_Chunchaghatta_Revenue_Map,Polygon,77.570733,12.890531,15
Bangalore South,Uttarahalli,K.G.Chunchagatta,33,200201004022,Bengaluru Urban,Bangalore_South_Uttarahalli1_Chunchaghatta_Revenue_Map,Polygon,77.574796,12.890441,7
Bangalore South,Uttarahalli,K.G.Chunchagatta,43,200201004022,Bengaluru Urban,Bangalore_South_Uttarahalli1_Chunchaghatta_Revenue_Map,Polygon,77.57147,12.890673,7
Bangalore South,Uttarahalli,K.G.Chunchagatta,64,200201004022,Bengaluru Urban,Bangalore_South_Uttarahalli1_Chunchaghatta_Revenue_Map,Polygon,77.572754,12.890151,10
Bangalore South,Uttarahalli,K.G.Chunchagatta,39,200201004022,Bengaluru Urban,Bangalore_South_Uttarahalli1_Chunchaghatta_Revenue_Map,Polygon,77.572003,12.890318,10
Bangalore South,Uttarahalli,K.G.Chunchagatta,65,200201004022,Bengaluru Urban,Bangalore_South_Uttarahalli1_Chunchaghatta_Revenue_Map,Polygon,77.573283,12.889931,8
Bangalore South,Uttarahalli,K.G.Chunchagatta,42,200201004022,Bengaluru Urban,Bangalore_South_Uttarahalli1_Chunchaghatta_Revenue_Map,Polygon,77.571239,12.890155,7
Bangalore South,Uttarahalli,K.G.Chunchagatta,45,200201004022,Bengaluru Urban,Bangalore_South_Uttarahalli1_Chunchaghatta_Revenue_Map,Polygon,77.569811,12.889773,15
Bangalore South,Uttarahalli,K.G.Chunchagatta,46,200201004022,Bengaluru Urban,Bangalore_South_Uttarahalli1_Chunchaghatta_Revenue_Map,Polygon,77.57048,12.889386,16
Bangalore South,Uttarahalli,K.G.Chunchagatta,66,200201004022,Bengaluru Urban,Bangalore_South_Uttarahalli1_Chunchaghatta_Revenue_Map,Polygon,77.574142,12.889731,10
Bangalore South,Uttarahalli,K.G.Chunchagatta,68,200201004022,Bengaluru Urban,Bangalore_South_Uttarahalli1_Chunchaghatta_Revenue_Map,Polygon,77.574113,12.888934,18
Bangalore South,Uttarahalli,K.G.Chunchagatta,41,200201004022,Bengaluru Urban,Bangalore_South_Uttarahalli1_Chunchaghatta_Revenue_Map,Polygon,77.57106,12.889695,6
Bangalore South,Uttarahalli,K.G.Chunchagatta,40,200201004022,Bengaluru Urban,Bangalore_South_Uttarahalli1_Chunchaghatta_Revenue_Map,Polygon,77.571986,12.889448,16
Bangalore South,Uttarahalli,K.G.Chunchagatta,63,200201004022,Bengaluru Urban,Bangalore_South_Uttarahalli1_Chunchaghatta_Revenue_Map,Polygon,77.573064,12.889403,11
Bangalore South,Uttarahalli,K.G.Chunchagatta,61,200201004022,Bengaluru Urban,Bangalore_South_Uttarahalli1_Chunchaghatta_Revenue_Map,Polygon,77.571903,12.88913,14
Bangalore South,Uttarahalli,K.G.Chunchagatta,62,200201004022,Bengaluru Urban,Bangalore_South_Uttarahalli1_Chunchaghatta_Revenue_Map,Polygon,77.572978,12.888924,8
Bangalore South,Uttarahalli,K.G.Chunchagatta,67,200201004022,Bengaluru Urban,Bangalore_South_Uttarahalli1_Chunchaghatta_Revenue_Map,Polygon,77.573554,12.888831,9
Bangalore South,Uttarahalli,K.G.Chunchagatta,60,200201004022,Bengaluru Urban,Bangalore_South_Uttarahalli1_Chunchaghatta_Revenue_Map,Polygon,77.572561,12.888155,15
Bangalore South,Uttarahalli,K.G.Chunchagatta,19,200201004022,Bengaluru Urban,Bangalore_South_Uttarahalli1_Chunchaghatta_Revenue_Map,Polygon,77.576591,12.888459,10
Bangalore South,Uttarahalli,K.G.Chunchagatta,47,200201004022,Bengaluru Urban,Bangalore_South_Uttarahalli1_Chunchaghatta_Revenue_Map,Polygon,77.570338,12.888053,10
Bangalore South,Uttarahalli,K.G.Chunchagatta,69,200201004022,Bengaluru Urban,Bangalore_South_Uttarahalli1_Chunchaghatta_Revenue_Map,Polygon,77.574074,12.88812,5
Bangalore South,Uttarahalli,K.G.Chunchagatta,18,200201004022,Bengaluru Urban,Bangalore_South_Uttarahalli1_Chunchaghatta_Revenue_Map,Polygon,77.576577,12.88813,10
Bangalore South,Uttarahalli,K.G.Chunchagatta,59,200201004022,Bengaluru Urban,Bangalore_South_Uttarahalli1_Chunchaghatta_Revenue_Map,Polygon,77.57354,12.887824,9
Bangalore South,Uttarahalli,K.G.Chunchagatta,58,200201004022,Bengaluru Urban,Bangalore_South_Uttarahalli1_Chunchaghatta_Revenue_Map,Polygon,77.571986,12.887577,11
Bangalore South,Uttarahalli,K.G.Chunchagatta,17,200201004022,Bengaluru Urban,Bangalore_South_Uttarahalli1_Chunchaghatta_Revenue_Map,Polygon,77.576806,12.887871,7
Bangalore South,Uttarahalli,K.G.Chunchagatta,16,200201004022,Bengaluru Urban,Bangalore_South_Uttarahalli1_Chunchaghatta_Revenue_Map,Polygon,77.576888,12.887705,8
Bangalore South,Uttarahalli,K.G.Chunchagatta,15,200201004022,Bengaluru Urban,Bangalore_South_Uttarahalli1_Chunchaghatta_Revenue_Map,Polygon,77.576622,12.887482,8
Bangalore South,Uttarahalli,K.G.Chunchagatta,12,200201004022,Bengaluru Urban,Bangalore_South_Uttarahalli1_Chunchaghatta_Revenue_Map,Polygon,77.577295,12.887331,10
Bangalore South,Uttarahalli,K.G.Chunchagatta,73,200201004022,Bengaluru Urban,Bangalore_South_Uttarahalli1_Chunchaghatta_Revenue_Map,Polygon,77.57365,12.886595,24
Bangalore South,Uttarahalli,K.G.Chunchagatta,14,200201004022,Bengaluru Urban,Bangalore_South_Uttarahalli1_Chunchaghatta_Revenue_Map,Polygon,77.576644,12.887284,6
Bangalore South,Uttarahalli,K.G.Chunchagatta,48,200201004022,Bengaluru Urban,Bangalore_South_Uttarahalli1_Chunchaghatta_Revenue_Map,Polygon,77.570785,12.884391,37
Bangalore South,Uttarahalli,K.G.Chunchagatta,57,200201004022,Bengaluru Urban,Bangalore_South_Uttarahalli1_Chunchaghatta_Revenue_Map,Polygon,77.572169,12.886931,11
Bangalore South,Uttarahalli,K.G.Chunchagatta,13,200201004022,Bengaluru Urban,Bangalore_South_Uttarahalli1_Chunchaghatta_Revenue_Map,Polygon,77.57681,12.887056,6
Bangalore South,Uttarahalli,K.G.Chunchagatta,56,200201004022,Bengaluru Urban,Bangalore_South_Uttarahalli1_Chunchaghatta_Revenue_Map,Polygon,77.571806,12.88635,15
Bangalore South,Uttarahalli,K.G.Chunchagatta,72,200201004022,Bengaluru Urban,Bangalore_South_Uttarahalli1_Chunchaghatta_Revenue_Map,Polygon,77.574155,12.887015,5
Bangalore South,Uttarahalli,K.G.Chunchagatta,11,200201004022,Bengaluru Urban,Bangalore_South_Uttarahalli1_Chunchaghatta_Revenue_Map,Polygon,77.577253,12.886628,9
Bangalore South,Uttarahalli,K.G.Chunchagatta,71,200201004022,Bengaluru Urban,Bangalore_South_Uttarahalli1_Chunchaghatta_Revenue_Map,Polygon,77.574514,12.886757,5
Bangalore South,Uttarahalli,K.G.Chunchagatta,1,200201004022,Bengaluru Urban,Bangalore_South_Uttarahalli1_Chunchaghatta_Revenue_Map,Polygon,77.574899,12.886171,11
Bangalore South,Uttarahalli,K.G.Chunchagatta,2,200201004022,Bengaluru Urban,Bangalore_South_Uttarahalli1_Chunchaghatta_Revenue_Map,Polygon,77.575017,12.886002,15
Bangalore South,Uttarahalli,K.G.Chunchagatta,3,200201004022,Bengaluru Urban,Bangalore_South_Uttarahalli1_Chunchaghatta_Revenue_Map,Polygon,77.575307,12.885913,16
Bangalore South,Uttarahalli,K.G.Chunchagatta,4,200201004022,Bengaluru Urban,Bangalore_South_Uttarahalli1_Chunchaghatta_Revenue_Map,Polygon,77.575528,12.88592,12
Bangalore South,Uttarahalli,K.G.Chunchagatta,9,200201004022,Bengaluru Urban,Bangalore_South_Uttarahalli1_Chunchaghatta_Revenue_Map,Polygon,77.576272,12.885259,13
Bangalore South,Uttarahalli,K.G.Chunchagatta,10,200201004022,Bengaluru Urban,Bangalore_South_Uttarahalli1_Chunchaghatta_Revenue_Map,Polygon,77.577636,12.885409,16
Bangalore South,Uttarahalli,K.G.Chunchagatta,55,200201004022,Bengaluru Urban,Bangalore_South_Uttarahalli1_Chunchaghatta_Revenue_Map,Polygon,77.572785,12.885787,14
Bangalore South,Uttarahalli,K.G.Chunchagatta,SETTLEMENT,200201004022,Bengaluru Urban,Bangalore_South_Uttarahalli1_Chunchaghatta_Revenue_Map,Polygon,77.57409,12.885114,24
Bangalore South,Uttarahalli,K.G.Chunchagatta,54,200201004022,Bengaluru Urban,Bangalore_South_Uttarahalli1_Chunchaghatta_Revenue_Map,Polygon,77.571973,12.885276,14
Bangalore South,Uttarahalli,K.G.Chunchagatta,5,200201004022,Bengaluru Urban,Bangalore_South_Uttarahalli1_Chunchaghatta_Revenue_Map,Polygon,77.57473,12.884686,24
Bangalore South,Uttarahalli,K.G.Chunchagatta,8,200201004022,Bengaluru Urban,Bangalore_South_Uttarahalli1_Chunchaghatta_Revenue_Map,Polygon,77.576743,12.884483,16
Bangalore South,Uttarahalli,K.G.Chunchagatta,74,200201004022,Bengaluru Urban,Bangalore_South_Uttarahalli1_Chunchaghatta_Revenue_Map,Polygon,77.570501,12.884134,8
Bangalore South,Uttarahalli,K.G.Chunchagatta,53,200201004022,Bengaluru Urban,Bangalore_South_Uttarahalli1_Chunchaghatta_Revenue_Map,Polygon,77.571858,12.884488,14
Bangalore South,Uttarahalli,K.G.Chunchagatta,51,200201004022,Bengaluru Urban,Bangalore_South_Uttarahalli1_Chunchaghatta_Revenue_Map,Polygon,77.571643,12.884055,15
Bangalore South,Uttarahalli,K.G.Chunchagatta,52,200201004022,Bengaluru Urban,Bangalore_South_Uttarahalli1_Chunchaghatta_Revenue_Map,Polygon,77.572145,12.884172,9
Bangalore South,Uttarahalli,K.G.Chunchagatta,ROAD,200201004022,Bengaluru Urban,Bangalore_South_Uttarahalli1_Chunchaghatta_Revenue_Map,Polygon,77.573353,12.884065,13
Bangalore South,Uttarahalli,K.G.Chunchagatta,50,200201004022,Bengaluru Urban,Bangalore_South_Uttarahalli1_Chunchaghatta_Revenue_Map,Polygon,77.573638,12.883337,24
Bangalore South,Uttarahalli,K.G.Chunchagatta,7,200201004022,Bengaluru Urban,Bangalore_South_Uttarahalli1_Chunchaghatta_Revenue_Map,Polygon,77.576711,12.88353,22
Bangalore South,Uttarahalli,K.G.Chunchagatta,6,200201004022,Bengaluru Urban,Bangalore_South_Uttarahalli1_Chunchaghatta_Revenue_Map,Polygon,77.575025,12.88314,14
Bangalore South,Uttarahalli,K.G.Chunchagatta,49,200201004022,Bengaluru Urban,Bangalore_South_Uttarahalli1_Chunchaghatta_Revenue_Map,Polygon,77.572517,12.882555,12
Bangalore South,Uttarahalli,Konanakunte,8,200201004034,Bengaluru Urban,Bangalore_South_Uttarahalli1_Konanakunte_Revenue_Map,Polygon,77.572069,12.893052,37
Bangalore South,Uttarahalli,Konanakunte,9,200201004034,Bengaluru Urban,Bangalore_South_Uttarahalli1_Konanakunte_Revenue_Map,Polygon,77.571239,12.893933,17
Bangalore South,Uttarahalli,Konanakunte,19,200201004034,Bengaluru Urban,Bangalore_South_Uttarahalli1_Konanakunte_Revenue_Map,Polygon,77.563687,12.89345,21
Bangalore South,Uttarahalli,Konanakunte,20,200201004034,Bengaluru Urban,Bangalore_South_Uttarahalli1_Konanakunte_Revenue_Map,Polygon,77.560868,12.892998,15
Bangalore South,Uttarahalli,Konanakunte,18,200201004034,Bengaluru Urban,Bangalore_South_Uttarahalli1_Konanakunte_Revenue_Map,Polygon,77.568076,12.894023,4
Bangalore South,Uttarahalli,Konanakunte,11,200201004034,Bengaluru Urban,Bangalore_South_Uttarahalli1_Konanakunte_Revenue_Map,Polygon,77.569431,12.893585,16
Bangalore South,Uttarahalli,Konanakunte,ROAD,200201004034,Bengaluru Urban,Bangalore_South_Uttarahalli1_Konanakunte_Revenue_Map,Polygon,77.564856,12.890899,31
Bangalore South,Uttarahalli,Konanakunte,13,200201004034,Bengaluru Urban,Bangalore_South_Uttarahalli1_Konanakunte_Revenue_Map,Polygon,77.568504,12.893438,18
Bangalore South,Uttarahalli,Konanakunte,18,200201004034,Bengaluru Urban,Bangalore_South_Uttarahalli1_Konanakunte_Revenue_Map,Polygon,77.565961,12.89304,15
Bangalore South,Uttarahalli,Konanakunte,44,200201004034,Bengaluru Urban,Bangalore_South_Uttarahalli1_Konanakunte_Revenue_Map,Polygon,77.569049,12.893189,9
Bangalore South,Uttarahalli,Konanakunte,6,200201004034,Bengaluru Urban,Bangalore_South_Uttarahalli1_Konanakunte_Revenue_Map,Polygon,77.570175,12.89171,38
Bangalore South,Uttarahalli,Konanakunte,12,200201004034,Bengaluru Urban,Bangalore_South_Uttarahalli1_Konanakunte_Revenue_Map,Polygon,77.569068,12.89294,9
Bangalore South,Uttarahalli,Konanakunte,2_TANK,200201004034,Bengaluru Urban,Bangalore_South_Uttarahalli1_Konanakunte_Revenue_Map,Polygon,77.568691,12.891558,24
Bangalore South,Uttarahalli,Konanakunte,10,200201004034,Bengaluru Urban,Bangalore_South_Uttarahalli1_Konanakunte_Revenue_Map,Polygon,77.56977,12.892518,8
Bangalore South,Uttarahalli,Konanakunte,21,200201004034,Bengaluru Urban,Bangalore_South_Uttarahalli1_Konanakunte_Revenue_Map,Polygon,77.561212,12.891129,24
Bangalore South,Uttarahalli,Konanakunte,17,200201004034,Bengaluru Urban,Bangalore_South_Uttarahalli1_Konanakunte_Revenue_Map,Polygon,77.566538,12.891013,11
Bangalore South,Uttarahalli,Konanakunte,14,200201004034,Bengaluru Urban,Bangalore_South_Uttarahalli1_Konanakunte_Revenue_Map,Polygon,77.567586,12.892367,7
Bangalore South,Uttarahalli,Konanakunte,7,200201004034,Bengaluru Urban,Bangalore_South_Uttarahalli1_Konanakunte_Revenue_Map,Polygon,77.570443,12.89179,5
Bangalore South,Uttarahalli,Konanakunte,15,200201004034,Bengaluru Urban,Bangalore_South_Uttarahalli1_Konanakunte_Revenue_Map,Polygon,77.567271,12.891963,5
Bangalore South,Uttarahalli,Konanakunte,ROAD,200201004034,Bengaluru Urban,Bangalore_South_Uttarahalli1_Konanakunte_Revenue_Map,Polygon,77.571911,12.891509,9
Bangalore South,Uttarahalli,Konanakunte,4,200201004034,Bengaluru Urban,Bangalore_South_Uttarahalli1_Konanakunte_Revenue_Map,Polygon,77.569065,12.891892,7
Bangalore South,Uttarahalli,Konanakunte,5,200201004034,Bengaluru Urban,Bangalore_South_Uttarahalli1_Konanakunte_Revenue_Map,Polygon,77.569521,12.891584,10
Bangalore South,Uttarahalli,Konanakunte,3,200201004034,Bengaluru Urban,Bangalore_South_Uttarahalli1_Konanakunte_Revenue_Map,Polygon,77.569033,12.891664,5
Bangalore South,Uttarahalli,Konanakunte,16,200201004034,Bengaluru Urban,Bangalore_South_Uttarahalli1_Konanakunte_Revenue_Map,Polygon,77.567317,12.891344,5
Bangalore South,Uttarahalli,Konanakunte,1,200201004034,Bengaluru Urban,Bangalore_South_Uttarahalli1_Konanakunte_Revenue_Map,Polygon,77.568272,12.889011,33
Bangalore South,Uttarahalli,Konanakunte,22,200201004034,Bengaluru Urban,Bangalore_South_Uttarahalli1_Konanakunte_Revenue_Map,Polygon,77.565675,12.889846,12
Bangalore South,Uttarahalli,Konanakunte,23,200201004034,Bengaluru Urban,Bangalore_South_Uttarahalli1_Konanakunte_Revenue_Map,Polygon,77.567226,12.889786,6
Bangalore South,Uttarahalli,Konanakunte,41,200201004034,Bengaluru Urban,Bangalore_South_Uttarahalli1_Konanakunte_Revenue_Map,Polygon,77.563591,12.888293,29
Bangalore South,Uttarahalli,Konanakunte,25,200201004034,Bengaluru Urban,Bangalore_South_Uttarahalli1_Konanakunte_Revenue_Map,Polygon,77.564963,12.888597,12
Bangalore South,Uttarahalli,Konanakunte,24,200201004034,Bengaluru Urban,Bangalore_South_Uttarahalli1_Konanakunte_Revenue_Map,Polygon,77.567101,12.887575,20
Bangalore South,Uttarahalli,Konanakunte,39,200201004034,Bengaluru Urban,Bangalore_South_Uttarahalli1_Konanakunte_Revenue_Map,Polygon,77.568715,12.887522,25
Bangalore South,Uttarahalli,Konanakunte,38,200201004034,Bengaluru Urban,Bangalore_South_Uttarahalli1_Konanakunte_Revenue_Map,Polygon,77.569716,12.888546,8
Bangalore South,Uttarahalli,Konanakunte,40,200201004034,Bengaluru Urban,Bangalore_South_Uttarahalli1_Konanakunte_Revenue_Map,Polygon,77.562861,12.888496,124
Bangalore South,Uttarahalli,Konanakunte,TANK,200201004034,Bengaluru Urban,Bangalore_South_Uttarahalli1_Konanakunte_Revenue_Map,Polygon,77.562874,12.888506,118
Bangalore South,Uttarahalli,Konanakunte,37,200201004034,Bengaluru Urban,Bangalore_South_Uttarahalli1_Konanakunte_Revenue_Map,Polygon,77.569744,12.88759,6
Bangalore South,Uttarahalli,Konanakunte,42,200201004034,Bengaluru Urban,Bangalore_South_Uttarahalli1_Konanakunte_Revenue_Map,Polygon,77.564631,12.886756,16
Bangalore South,Uttarahalli,Konanakunte,SETTLEMENT,200201004034,Bengaluru Urban,Bangalore_South_Uttarahalli1_Konanakunte_Revenue_Map,Polygon,77.568335,12.886707,13
Bangalore South,Uttarahalli,Konanakunte,36,200201004034,Bengaluru Urban,Bangalore_South_Uttarahalli1_Konanakunte_Revenue_Map,Polygon,77.56961,12.886194,10
Bangalore South,Uttarahalli,Konanakunte,43,200201004034,Bengaluru Urban,Bangalore_South_Uttarahalli1_Konanakunte_Revenue_Map,Polygon,77.565533,12.885871,375
Bangalore South,Uttarahalli,Konanakunte,MAJARE,200201004034,Bengaluru Urban,Bangalore_South_Uttarahalli1_Konanakunte_Revenue_Map,Polygon,77.566772,12.886219,13
Bangalore South,Uttarahalli,Konanakunte,34,200201004034,Bengaluru Urban,Bangalore_South_Uttarahalli1_Konanakunte_Revenue_Map,Polygon,77.568034,12.885839,15
Bangalore South,Uttarahalli,Konanakunte,STREAM,200201004034,Bengaluru Urban,Bangalore_South_Uttarahalli1_Konanakunte_Revenue_Map,Polygon,77.565484,12.885879,347
Bangalore South,Uttarahalli,Konanakunte,35,200201004034,Bengaluru Urban,Bangalore_South_Uttarahalli1_Konanakunte_Revenue_Map,Polygon,77.568793,12.884478,13
Bangalore South,Uttarahalli,Konanakunte,33,200201004034,Bengaluru Urban,Bangalore_South_Uttarahalli1_Konanakunte_Revenue_Map,Polygon,77.567047,12.884262,7
Bangalore South,Uttarahalli,Konanakunte,32,200201004034,Bengaluru Urban,Bangalore_South_Uttarahalli1_Konanakunte_Revenue_Map,Polygon,77.567785,12.883572,9
Bangalore South,Uttarahalli,Konanakunte,26,200201004034,Bengaluru Urban,Bangalore_South_Uttarahalli1_Konanakunte_Revenue_Map,Polygon,77.566095,12.883318,17
Bangalore South,Uttarahalli,Konanakunte,30,200201004034,Bengaluru Urban,Bangalore_South_Uttarahalli1_Konanakunte_Revenue_Map,Polygon,77.566966,12.882151,15
Bangalore South,Uttarahalli,Konanakunte,31,200201004034,Bengaluru Urban,Bangalore_South_Uttarahalli1_Konanakunte_Revenue_Map,Polygon,77.567756,12.882404,11
Bangalore South,Uttarahalli,Konanakunte,27,200201004034,Bengaluru Urban,Bangalore_South_Uttarahalli1_Konanakunte_Revenue_Map,Polygon,77.565673,12.880614,129
Bangalore South,Uttarahalli,Konanakunte,29,200201004034,Bengaluru Urban,Bangalore_South_Uttarahalli1_Konanakunte_Revenue_Map,Polygon,77.567103,12.88049,299
Bangalore South,Uttarahalli,Konanakunte,STREAM,200201004034,Bengaluru Urban,Bangalore_South_Uttarahalli1_Konanakunte_Revenue_Map,Polygon,77.565639,12.88041,235
Bangalore South,Uttarahalli,Konanakunte,STREAM,200201004034,Bengaluru Urban,Bangalore_South_Uttarahalli1_Konanakunte_Revenue_Map,Polygon,77.567059,12.880375,577
Bangalore South,Uttarahalli,Konanakunte,27,200201004034,Bengaluru Urban,Bangalore_South_Uttarahalli1_Konanakunte_Revenue_Map,Polygon,77.565619,12.880282,120
Bangalore South,Uttarahalli,Konanakunte,29,200201004034,Bengaluru Urban,Bangalore_South_Uttarahalli1_Konanakunte_Revenue_Map,Polygon,77.567025,12.880259,292
Bangalore South,Uttarahalli,Konanakunte,28,200201004034,Bengaluru Urban,Bangalore_South_Uttarahalli1_Konanakunte_Revenue_Map,Polygon,77.566452,12.878037,15
Bangalore South,Uttarahalli,Pillaganahalli,16,200201004042,Bengaluru Urban,Bangalore_South_Uttarahalli1_Pillaganahalli_Revenue_Map,Polygon,77.579389,12.856437,30
Bangalore South,Uttarahalli,Pillaganahalli,15,200201004042,Bengaluru Urban,Bangalore_South_Uttarahalli1_Pillaganahalli_Revenue_Map,Polygon,77.580417,12.856815,30
Bangalore South,Uttarahalli,Pillaganahalli,14,200201004042,Bengaluru Urban,Bangalore_South_Uttarahalli1_Pillaganahalli_Revenue_Map,Polygon,77.581261,12.857757,9
Bangalore South,Uttarahalli,Pillaganahalli,13,200201004042,Bengaluru Urban,Bangalore_South_Uttarahalli1_Pillaganahalli_Revenue_Map,Polygon,77.582658,12.857701,10
Bangalore South,Uttarahalli,Pillaganahalli,11,200201004042,Bengaluru Urban,Bangalore_South_Uttarahalli1_Pillaganahalli_Revenue_Map,Polygon,77.58401,12.856706,15
Bangalore South,Uttarahalli,Pillaganahalli,12,200201004042,Bengaluru Urban,Bangalore_South_Uttarahalli1_Pillaganahalli_Revenue_Map,Polygon,77.582206,12.856685,8
Bangalore South,Uttarahalli,Pillaganahalli,10,200201004042,Bengaluru Urban,Bangalore_South_Uttarahalli1_Pillaganahalli_Revenue_Map,Polygon,77.582457,12.85528,17
Bangalore South,Uttarahalli,Pillaganahalli,9,200201004042,Bengaluru Urban,Bangalore_South_Uttarahalli1_Pillaganahalli_Revenue_Map,Polygon,77.581293,12.855786,9
Bangalore South,Uttarahalli,Pillaganahalli,ROAD,200201004042,Bengaluru Urban,Bangalore_South_Uttarahalli1_Pillaganahalli_Revenue_Map,Polygon,77.584498,12.854114,14
Bangalore South,Uttarahalli,Pillaganahalli,5,200201004042,Bengaluru Urban,Bangalore_South_Uttarahalli1_Pillaganahalli_Revenue_Map,Polygon,77.583648,12.85386,15
Bangalore South,Uttarahalli,Pillaganahalli,8,200201004042,Bengaluru Urban,Bangalore_South_Uttarahalli1_Pillaganahalli_Revenue_Map,Polygon,77.58072,12.854413,19
Bangalore South,Uttarahalli,Pillaganahalli,7,200201004042,Bengaluru Urban,Bangalore_South_Uttarahalli1_Pillaganahalli_Revenue_Map,Polygon,77.581737,12.854208,18
Bangalore South,Uttarahalli,Pillaganahalli,17,200201004042,Bengaluru Urban,Bangalore_South_Uttarahalli1_Pillaganahalli_Revenue_Map,Polygon,77.579107,12.853836,16
Bangalore South,Uttarahalli,Pillaganahalli,6,200201004042,Bengaluru Urban,Bangalore_South_Uttarahalli1_Pillaganahalli_Revenue_Map,Polygon,77.582523,12.853348,5
Bangalore South,Uttarahalli,Pillaganahalli,20,200201004042,Bengaluru Urban,Bangalore_South_Uttarahalli1_Pillaganahalli_Revenue_Map,Polygon,77.578091,12.851173,23
Bangalore South,Uttarahalli,Pillaganahalli,19,200201004042,Bengaluru Urban,Bangalore_South_Uttarahalli1_Pillaganahalli_Revenue_Map,Polygon,77.578718,12.851986,9
Bangalore South,Uttarahalli,Pillaganahalli,2,200201004042,Bengaluru Urban,Bangalore_South_Uttarahalli1_Pillaganahalli_Revenue_Map,Polygon,77.581827,12.851877,20
Bangalore South,Uttarahalli,Pillaganahalli,18,200201004042,Bengaluru Urban,Bangalore_South_Uttarahalli1_Pillaganahalli_Revenue_Map,Polygon,77.579623,12.852674,7
Bangalore South,Uttarahalli,Pillaganahalli,4,200201004042,Bengaluru Urban,Bangalore_South_Uttarahalli1_Pillaganahalli_Revenue_Map,Polygon,77.584568,12.852423,19
Bangalore South,Uttarahalli,Pillaganahalli,TANK,200201004042,Bengaluru Urban,Bangalore_South_Uttarahalli1_Pillaganahalli_Revenue_Map,Polygon,77.584623,12.852745,10
Bangalore South,Uttarahalli,Pillaganahalli,3,200201004042,Bengaluru Urban,Bangalore_South_Uttarahalli1_Pillaganahalli_Revenue_Map,Polygon,77.583702,12.85181,10
Bangalore South,Uttarahalli,Pillaganahalli,22,200201004042,Bengaluru Urban,Bangalore_South_Uttarahalli1_Pillaganahalli_Revenue_Map,Polygon,77.578949,12.85034,9
Bangalore South,Uttarahalli,Pillaganahalli,23,200201004042,Bengaluru Urban,Bangalore_South_Uttarahalli1_Pillaganahalli_Revenue_Map,Polygon,77.580015,12.850459,6
Bangalore South,Uttarahalli,Pillaganahalli,1,200201004042,Bengaluru Urban,Bangalore_South_Uttarahalli1_Pillaganahalli_Revenue_Map,Polygon,77.578279,12.844464,39
Bangalore South,Uttarahalli,Pillaganahalli,21,200201004042,Bengaluru Urban,Bangalore_South_Uttarahalli1_Pillaganahalli_Revenue_Map,Polygon,77.577848,12.848594,13
Bangalore South,Uttarahalli,Sarakkikere,1,200201004047,Bengaluru Urban,Bangalore_South_Uttarahalli1_Sarakkikere_Revenue_Map,Polygon,77.59329,12.903216,11
Bangalore South,Uttarahalli,Sarakkikere,4,200201004047,Bengaluru Urban,Bangalore_South_Uttarahalli1_Sarakkikere_Revenue_Map,Polygon,77.590442,12.902015,29
Bangalore South,Uttarahalli,Sarakkikere,5,200201004047,Bengaluru Urban,Bangalore_South_Uttarahalli1_Sarakkikere_Revenue_Map,Polygon,77.589918,12.903278,9
Bangalore South,Uttarahalli,Sarakkikere,6,200201004047,Bengaluru Urban,Bangalore_South_Uttarahalli1_Sarakkikere_Revenue_Map,Polygon,77.589591,12.903211,8
Bangalore South,Uttarahalli,Sarakkikere,7,200201004047,Bengaluru Urban,Bangalore_South_Uttarahalli1_Sarakkikere_Revenue_Map,Polygon,77.589566,12.902068,21
Bangalore South,Uttarahalli,Sarakkikere,8,200201004047,Bengaluru Urban,Bangalore_South_Uttarahalli1_Sarakkikere_Revenue_Map,Polygon,77.58824,12.902775,17
Bangalore South,Uttarahalli,Sarakkikere,3,200201004047,Bengaluru Urban,Bangalore_South_Uttarahalli1_Sarakkikere_Revenue_Map,Polygon,77.592202,12.902069,12
Bangalore South,Uttarahalli,Sarakkikere,13,200201004047,Bengaluru Urban,Bangalore_South_Uttarahalli1_Sarakkikere_Revenue_Map,Polygon,77.587261,12.901489,22
Bangalore South,Uttarahalli,Sarakkikere,15,200201004047,Bengaluru Urban,Bangalore_South_Uttarahalli1_Sarakkikere_Revenue_Map,Polygon,77.586802,12.902024,14
Bangalore South,Uttarahalli,Sarakkikere,22,200201004047,Bengaluru Urban,Bangalore_South_Uttarahalli1_Sarakkikere_Revenue_Map,Polygon,77.583445,12.902088,26
Bangalore South,Uttarahalli,Sarakkikere,16,200201004047,Bengaluru Urban,Bangalore_South_Uttarahalli1_Sarakkikere_Revenue_Map,Polygon,77.586366,12.901759,14
Bangalore South,Uttarahalli,Sarakkikere,9,200201004047,Bengaluru Urban,Bangalore_South_Uttarahalli1_Sarakkikere_Revenue_Map,Polygon,77.589223,12.901573,15
Bangalore South,Uttarahalli,Sarakkikere,10,200201004047,Bengaluru Urban,Bangalore_South_Uttarahalli1_Sarakkikere_Revenue_Map,Polygon,77.588839,12.901477,17
Bangalore South,Uttarahalli,Sarakkikere,11,200201004047,Bengaluru Urban,Bangalore_South_Uttarahalli1_Sarakkikere_Revenue_Map,Polygon,77.588486,12.901265,22
Bangalore South,Uttarahalli,Sarakkikere,17,200201004047,Bengaluru Urban,Bangalore_South_Uttarahalli1_Sarakkikere_Revenue_Map,Polygon,77.585783,12.901548,14
Bangalore South,Uttarahalli,Sarakkikere,2,200201004047,Bengaluru Urban,Bangalore_South_Uttarahalli1_Sarakkikere_Revenue_Map,Polygon,77.593484,12.902403,8
Bangalore South,Uttarahalli,Sarakkikere,18,200201004047,Bengaluru Urban,Bangalore_South_Uttarahalli1_Sarakkikere_Revenue_Map,Polygon,77.58511,12.902083,12
Bangalore South,Uttarahalli,Sarakkikere,26_TANK,200201004047,Bengaluru Urban,Bangalore_South_Uttarahalli1_Sarakkikere_Revenue_Map,Polygon,77.581133,12.901369,33
Bangalore South,Uttarahalli,Sarakkikere,12,200201004047,Bengaluru Urban,Bangalore_South_Uttarahalli1_Sarakkikere_Revenue_Map,Polygon,77.588028,12.901117,21
Bangalore South,Uttarahalli,Sarakkikere,21,200201004047,Bengaluru Urban,Bangalore_South_Uttarahalli1_Sarakkikere_Revenue_Map,Polygon,77.584264,12.901851,13
Bangalore South,Uttarahalli,Sarakkikere,23,200201004047,Bengaluru Urban,Bangalore_South_Uttarahalli1_Sarakkikere_Revenue_Map,Polygon,77.583137,12.901323,8
Bangalore South,Uttarahalli,Sarakkikere,19,200201004047,Bengaluru Urban,Bangalore_South_Uttarahalli1_Sarakkikere_Revenue_Map,Polygon,77.585609,12.901381,7
Bangalore South,Uttarahalli,Sarakkikere,25,200201004047,Bengaluru Urban,Bangalore_South_Uttarahalli1_Sarakkikere_Revenue_Map,Polygon,77.582017,12.900165,10
Bangalore South,Uttarahalli,Sarakkikere,20,200201004047,Bengaluru Urban,Bangalore_South_Uttarahalli1_Sarakkikere_Revenue_Map,Polygon,77.585007,12.90079,12
Bangalore South,Uttarahalli,Sarakkikere,24,200201004047,Bengaluru Urban,Bangalore_South_Uttarahalli1_Sarakkikere_Revenue_Map,Polygon,77.583531,12.900184,29
Bangalore South,Uttarahalli,Sarakkikere,14,200201004047,Bengaluru Urban,Bangalore_South_Uttarahalli1_Sarakkikere_Revenue_Map,Polygon,77.585947,12.899807,31
Bangalore South,Uttarahalli,Hosahalli,23,200201004013,Bengaluru Urban,Bangalore_South_Uttarahalli2_Hosahalli_Revenue_Map,Polygon,77.530069,12.88091,12
Bangalore South,Uttarahalli,Hosahalli,2,200201004013,Bengaluru Urban,Bangalore_South_Uttarahalli2_Hosahalli_Revenue_Map,Polygon,77.532938,12.880625,12
Bangalore South,Uttarahalli,Hosahalli,22,200201004013,Bengaluru Urban,Bangalore_South_Uttarahalli2_Hosahalli_Revenue_Map,Polygon,77.529372,12.880323,9
Bangalore South,Uttarahalli,Hosahalli,1,200201004013,Bengaluru Urban,Bangalore_South_Uttarahalli2_Hosahalli_Revenue_Map,Polygon,77.531979,12.879336,26
Bangalore South,Uttarahalli,Hosahalli,3,200201004013,Bengaluru Urban,Bangalore_South_Uttarahalli2_Hosahalli_Revenue_Map,Polygon,77.535103,12.879576,25
Bangalore South,Uttarahalli,Hosahalli,24,200201004013,Bengaluru Urban,Bangalore_South_Uttarahalli2_Hosahalli_Revenue_Map,Polygon,77.529748,12.877955,24
Bangalore South,Uttarahalli,Hosahalli,21,200201004013,Bengaluru Urban,Bangalore_South_Uttarahalli2_Hosahalli_Revenue_Map,Polygon,77.52869,12.878298,20
Bangalore South,Uttarahalli,Hosahalli,ROAD,200201004013,Bengaluru Urban,Bangalore_South_Uttarahalli2_Hosahalli_Revenue_Map,Polygon,77.533593,12.878989,8
Bangalore South,Uttarahalli,Hosahalli,4,200201004013,Bengaluru Urban,Bangalore_South_Uttarahalli2_Hosahalli_Revenue_Map,Polygon,77.534398,12.877667,26
Bangalore South,Uttarahalli,Hosahalli,SETTLEMENT,200201004013,Bengaluru Urban,Bangalore_South_Uttarahalli2_Hosahalli_Revenue_Map,Polygon,77.533308,12.878141,13
Bangalore South,Uttarahalli,Hosahalli,25,200201004013,Bengaluru Urban,Bangalore_South_Uttarahalli2_Hosahalli_Revenue_Map,Polygon,77.532337,12.877807,17
Bangalore South,Uttarahalli,Hosahalli,20,200201004013,Bengaluru Urban,Bangalore_South_Uttarahalli2_Hosahalli_Revenue_Map,Polygon,77.528344,12.875915,18
Bangalore South,Uttarahalli,Hosahalli,6,200201004013,Bengaluru Urban,Bangalore_South_Uttarahalli2_Hosahalli_Revenue_Map,Polygon,77.533578,12.876522,26
Bangalore South,Uttarahalli,Hosahalli,5,200201004013,Bengaluru Urban,Bangalore_South_Uttarahalli2_Hosahalli_Revenue_Map,Polygon,77.534682,12.876619,13
Bangalore South,Uttarahalli,Hosahalli,13,200201004013,Bengaluru Urban,Bangalore_South_Uttarahalli2_Hosahalli_Revenue_Map,Polygon,77.53088,12.876381,8
Bangalore South,Uttarahalli,Hosahalli,12,200201004013,Bengaluru Urban,Bangalore_South_Uttarahalli2_Hosahalli_Revenue_Map,Polygon,77.532235,12.875159,38
Bangalore South,Uttarahalli,Hosahalli,ROAD,200201004013,Bengaluru Urban,Bangalore_South_Uttarahalli2_Hosahalli_Revenue_Map,Polygon,77.529907,12.875918,15
Bangalore South,Uttarahalli,Hosahalli,14,200201004013,Bengaluru Urban,Bangalore_South_Uttarahalli2_Hosahalli_Revenue_Map,Polygon,77.529366,12.874554,25
Bangalore South,Uttarahalli,Hosahalli,7,200201004013,Bengaluru Urban,Bangalore_South_Uttarahalli2_Hosahalli_Revenue_Map,Polygon,77.534127,12.8757,15
Bangalore South,Uttarahalli,Hosahalli,8,200201004013,Bengaluru Urban,Bangalore_South_Uttarahalli2_Hosahalli_Revenue_Map,Polygon,77.53441,12.873943,31
Bangalore South,Uttarahalli,Hosahalli,11,200201004013,Bengaluru Urban,Bangalore_South_Uttarahalli2_Hosahalli_Revenue_Map,Polygon,77.53316,12.874787,13
Bangalore South,Uttarahalli,Hosahalli,MAJARE,200201004013,Bengaluru Urban,Bangalore_South_Uttarahalli2_Hosahalli_Revenue_Map,Polygon,77.531332,12.874062,21
Bangalore South,Uttarahalli,Hosahalli,10,200201004013,Bengaluru Urban,Bangalore_South_Uttarahalli2_Hosahalli_Revenue_Map,Polygon,77.533203,12.873643,20
Bangalore South,Uttarahalli,Hosahalli,19,200201004013,Bengaluru Urban,Bangalore_South_Uttarahalli2_Hosahalli_Revenue_Map,Polygon,77.527618,12.874074,8
Bangalore South,Uttarahalli,Hosahalli,15,200201004013,Bengaluru Urban,Bangalore_South_Uttarahalli2_Hosahalli_Revenue_Map,Polygon,77.530692,12.873182,46
Bangalore South,Uttarahalli,Hosahalli,17,200201004013,Bengaluru Urban,Bangalore_South_Uttarahalli2_Hosahalli_Revenue_Map,Polygon,77.527965,12.873008,21
Bangalore South,Uttarahalli,Hosahalli,18,200201004013,Bengaluru Urban,Bangalore_South_Uttarahalli2_Hosahalli_Revenue_Map,Polygon,77.527548,12.873585,7
Bangalore South,Uttarahalli,Hosahalli,TANK,200201004013,Bengaluru Urban,Bangalore_South_Uttarahalli2_Hosahalli_Revenue_Map,Polygon,77.528084,12.873585,7
Bangalore South,Uttarahalli,Hosahalli,TANK,200201004013,Bengaluru Urban,Bangalore_South_Uttarahalli2_Hosahalli_Revenue_Map,Polygon,77.528167,12.873679,5
Bangalore South,Uttarahalli,Hosahalli,TANK,200201004013,Bengaluru Urban,Bangalore_South_Uttarahalli2_Hosahalli_Revenue_Map,Polygon,77.52825,12.87348,7
Bangalore South,Uttarahalli,Hosahalli,9,200201004013,Bengaluru Urban,Bangalore_South_Uttarahalli2_Hosahalli_Revenue_Map,Polygon,77.533306,12.872467,11
Bangalore South,Uttarahalli,Channasandra,27,200201004007,Bengaluru Urban,Bangalore_South_Uttarahalli4_Channasandra_Revenue_Map,Polygon,77.525213,12.905959,20
Bangalore South,Uttarahalli,Channasandra,36,200201004007,Bengaluru Urban,Bangalore_South_Uttarahalli4_Channasandra_Revenue_Map,Polygon,77.511924,12.905576,14
Bangalore South,Uttarahalli,Channasandra,TANK,200201004007,Bengaluru Urban,Bangalore_South_Uttarahalli4_Channasandra_Revenue_Map,Polygon,77.51152,12.906265,13
Bangalore South,Uttarahalli,Channasandra,STREAM,200201004007,Bengaluru Urban,Bangalore_South_Uttarahalli4_Channasandra_Revenue_Map,Polygon,77.519267,12.90532,37
Bangalore South,Uttarahalli,Channasandra,STREAM,200201004007,Bengaluru Urban,Bangalore_South_Uttarahalli4_Channasandra_Revenue_Map,Polygon,77.516612,12.897306,223
Bangalore South,Uttarahalli,Channasandra,25,200201004007,Bengaluru Urban,Bangalore_South_Uttarahalli4_Channasandra_Revenue_Map,Polygon,77.520963,12.905491,17
Bangalore South,Uttarahalli,Channasandra,22,200201004007,Bengaluru Urban,Bangalore_South_Uttarahalli4_Channasandra_Revenue_Map,Polygon,77.515327,12.902413,74
Bangalore South,Uttarahalli,Channasandra,24,200201004007,Bengaluru Urban,Bangalore_South_Uttarahalli4_Channasandra_Revenue_Map,Polygon,77.520418,12.904255,19
Bangalore South,Uttarahalli,Channasandra,26,200201004007,Bengaluru Urban,Bangalore_South_Uttarahalli4_Channasandra_Revenue_Map,Polygon,77.522468,12.904611,16
Bangalore South,Uttarahalli,Channasandra,28,200201004007,Bengaluru Urban,Bangalore_South_Uttarahalli4_Channasandra_Revenue_Map,Polygon,77.52563,12.904027,25
Bangalore South,Uttarahalli,Channasandra,23,200201004007,Bengaluru Urban,Bangalore_South_Uttarahalli4_Channasandra_Revenue_Map,Polygon,77.518454,12.904583,14
Bangalore South,Uttarahalli,Channasandra,29,200201004007,Bengaluru Urban,Bangalore_South_Uttarahalli4_Channasandra_Revenue_Map,Polygon,77.524018,12.904201,11
Bangalore South,Uttarahalli,Channasandra,32,200201004007,Bengaluru Urban,Bangalore_South_Uttarahalli4_Channasandra_Revenue_Map,Polygon,77.523197,12.903208,19
Bangalore South,Uttarahalli,Channasandra,31,200201004007,Bengaluru Urban,Bangalore_South_Uttarahalli4_Channasandra_Revenue_Map,Polygon,77.524257,12.902779,29
Bangalore South,Uttarahalli,Channasandra,37,200201004007,Bengaluru Urban,Bangalore_South_Uttarahalli4_Channasandra_Revenue_Map,Polygon,77.511638,12.903271,15
Bangalore South,Uttarahalli,Channasandra,34,200201004007,Bengaluru Urban,Bangalore_South_Uttarahalli4_Channasandra_Revenue_Map,Polygon,77.520591,12.902595,38
Bangalore South,Uttarahalli,Channasandra,30,200201004007,Bengaluru Urban,Bangalore_South_Uttarahalli4_Channasandra_Revenue_Map,Polygon,77.523875,12.903345,9
Bangalore South,Uttarahalli,Channasandra,33,200201004007,Bengaluru Urban,Bangalore_South_Uttarahalli4_Channasandra_Revenue_Map,Polygon,77.522255,12.903362,7
Bangalore South,Uttarahalli,Channasandra,20,200201004007,Bengaluru Urban,Bangalore_South_Uttarahalli4_Channasandra_Revenue_Map,Polygon,77.518423,12.901452,16
Bangalore South,Uttarahalli,Channasandra,38,200201004007,Bengaluru Urban,Bangalore_South_Uttarahalli4_Channasandra_Revenue_Map,Polygon,77.514681,12.901652,8
Bangalore South,Uttarahalli,Channasandra,21,200201004007,Bengaluru Urban,Bangalore_South_Uttarahalli4_Channasandra_Revenue_Map,Polygon,77.5169,12.900631,27
Bangalore South,Uttarahalli,Channasandra,2,200201004007,Bengaluru Urban,Bangalore_South_Uttarahalli4_Channasandra_Revenue_Map,Polygon,77.524746,12.901375,21
Bangalore South,Uttarahalli,Channasandra,1,200201004007,Bengaluru Urban,Bangalore_South_Uttarahalli4_Channasandra_Revenue_Map,Polygon,77.522082,12.900678,37
Bangalore South,Uttarahalli,Channasandra,19,200201004007,Bengaluru Urban,Bangalore_South_Uttarahalli4_Channasandra_Revenue_Map,Polygon,77.519352,12.900507,29
Bangalore South,Uttarahalli,Channasandra,SETTLEMENT,200201004007,Bengaluru Urban,Bangalore_South_Uttarahalli4_Channasandra_Revenue_Map,Polygon,77.520488,12.901451,16
Bangalore South,Uttarahalli,Channasandra,35,200201004007,Bengaluru Urban,Bangalore_South_Uttarahalli4_Channasandra_Revenue_Map,Polygon,77.513603,12.900314,14
Bangalore South,Uttarahalli,Channasandra,ROAD,200201004007,Bengaluru Urban,Bangalore_South_Uttarahalli4_Channasandra_Revenue_Map,Polygon,77.51979,12.899827,19
Bangalore South,Uttarahalli,Channasandra,16,200201004007,Bengaluru Urban,Bangalore_South_Uttarahalli4_Channasandra_Revenue_Map,Polygon,77.515815,12.896716,58
Bangalore South,Uttarahalli,Channasandra,8,200201004007,Bengaluru Urban,Bangalore_South_Uttarahalli4_Channasandra_Revenue_Map,Polygon,77.520847,12.899483,30
Bangalore South,Uttarahalli,Channasandra,3,200201004007,Bengaluru Urban,Bangalore_South_Uttarahalli4_Channasandra_Revenue_Map,Polygon,77.524393,12.899782,18
Bangalore South,Uttarahalli,Channasandra,18,200201004007,Bengaluru Urban,Bangalore_South_Uttarahalli4_Channasandra_Revenue_Map,Polygon,77.518346,12.898287,19
Bangalore South,Uttarahalli,Channasandra,5,200201004007,Bengaluru Urban,Bangalore_South_Uttarahalli4_Channasandra_Revenue_Map,Polygon,77.521919,12.898375,32
Bangalore South,Uttarahalli,Channasandra,7,200201004007,Bengaluru Urban,Bangalore_South_Uttarahalli4_Channasandra_Revenue_Map,Polygon,77.520786,12.898824,20
Bangalore South,Uttarahalli,Channasandra,9,200201004007,Bengaluru Urban,Bangalore_South_Uttarahalli4_Channasandra_Revenue_Map,Polygon,77.519879,12.898646,18
Bangalore South,Uttarahalli,Channasandra,4,200201004007,Bengaluru Urban,Bangalore_South_Uttarahalli4_Channasandra_Revenue_Map,Polygon,77.523003,12.898515,15
Bangalore South,Uttarahalli,Channasandra,6,200201004007,Bengaluru Urban,Bangalore_South_Uttarahalli4_Channasandra_Revenue_Map,Polygon,77.521154,12.898657,13
Bangalore South,Uttarahalli,Channasandra,10,200201004007,Bengaluru Urban,Bangalore_South_Uttarahalli4_Channasandra_Revenue_Map,Polygon,77.520734,12.898323,19
Bangalore South,Uttarahalli,Channasandra,17,200201004007,Bengaluru Urban,Bangalore_South_Uttarahalli4_Channasandra_Revenue_Map,Polygon,77.51753,12.897056,19
Bangalore South,Uttarahalli,Channasandra,12,200201004007,Bengaluru Urban,Bangalore_South_Uttarahalli4_Channasandra_Revenue_Map,Polygon,77.52008,12.898043,12
Bangalore South,Uttarahalli,Channasandra,13,200201004007,Bengaluru Urban,Bangalore_South_Uttarahalli4_Channasandra_Revenue_Map,Polygon,77.519343,12.896342,36
Bangalore South,Uttarahalli,Channasandra,11,200201004007,Bengaluru Urban,Bangalore_South_Uttarahalli4_Channasandra_Revenue_Map,Polygon,77.520485,12.897618,7
Bangalore South,Uttarahalli,Channasandra,14,200201004007,Bengaluru Urban,Bangalore_South_Uttarahalli4_Channasandra_Revenue_Map,Polygon,77.520096,12.894154,33
Bangalore South,Uttarahalli,Channasandra,14,200201004007,Bengaluru Urban,Bangalore_South_Uttarahalli4_Channasandra_Revenue_Map,Polygon,77.518959,12.893852,20
Bangalore South,Uttarahalli,Channasandra,15,200201004007,Bengaluru Urban,Bangalore_South_Uttarahalli4_Channasandra_Revenue_Map,Polygon,77.5144,12.893412,10
